1767414059841,2.28570556640625,116.28571319580078
1767414059849,8.28570556640625,115.28571319580078
1767414059858,15.28570556640625,112.28571319580078
1767414059866,21.28570556640625,111.28571319580078
1767414059874,27.28570556640625,108.28571319580078
1767414059883,32.28570556640625,107.28571319580078
1767414059891,36.28570556640625,104.28571319580078
1767414059899,40.28570556640625,102.28571319580078
1767414059908,45.28570556640625,100.28571319580078
1767414059916,48.28570556640625,98.28571319580078
1767414059924,52.28570556640625,96.28571319580078
1767414059933,56.28570556640625,94.28571319580078
1767414059941,58.28570556640625,92.28571319580078
1767414059949,63.28570556640625,89.28571319580078
1767414059958,66.28570556640625,87.28571319580078
1767414059966,69.28570556640625,84.28571319580078
1767414059974,72.28570556640625,82.28571319580078
1767414059983,74.28570556640625,80.28571319580078
1767414059991,76.28570556640625,78.28571319580078
1767414059999,78.28570556640625,77.28571319580078
1767414060008,80.28570556640625,75.28571319580078
1767414060016,82.28570556640625,72.28571319580078
1767414060024,84.28570556640625,71.28571319580078
1767414060033,85.28570556640625,69.28571319580078
1767414060041,86.28570556640625,68.28571319580078
1767414060049,86.28570556640625,67.28571319580078
1767414060058,87.28570556640625,67.28571319580078
1767414060069,88.28570556640625,67.28571319580078
1767414060075,88.28570556640625,66.28571319580078
1767414060083,88.28570556640625,65.28571319580078
1767414060091,89.28570556640625,64.28571319580078
1767414060099,90.28570556640625,63.28571319580078
1767414060108,91.28570556640625,61.28571319580078
1767414060116,92.28570556640625,61.28571319580078
1767414060124,93.28570556640625,59.28571319580078
1767414060133,94.28570556640625,58.28571319580078
1767414060141,96.28570556640625,57.28571319580078
1767414060150,97.28570556640625,55.28571319580078
1767414060157,98.28570556640625,53.28571319580078
1767414060166,100.28570556640625,52.28571319580078
1767414060175,101.28570556640625,50.28571319580078
1767414060183,102.28570556640625,49.28571319580078
1767414060191,102.28570556640625,48.28571319580078
1767414060199,104.28570556640625,48.28571319580078
1767414060207,104.28570556640625,47.28571319580078
1767414060248,104.28570556640625,46.28571319580078
1767414060258,105.28570556640625,45.28571319580078
1767414060267,105.28570556640625,44.28571319580078
1767414060274,106.28570556640625,44.28571319580078
1767414060283,106.28570556640625,42.28571319580078
1767414060291,106.28570556640625,41.28571319580078
1767414060300,107.28570556640625,41.28571319580078
1767414060308,107.28570556640625,40.28571319580078
1767414060316,107.28570556640625,39.28571319580078
1767414060324,108.28570556640625,37.28571319580078
1767414060334,108.28570556640625,36.28571319580078
1767414060358,108.28570556640625,35.28571319580078
1767414060366,108.28570556640625,33.28571319580078
1767414060375,107.28570556640625,33.28571319580078
1767414060383,105.28570556640625,31.28571319580078
1767414060391,104.28570556640625,31.28571319580078
1767414060399,104.28570556640625,30.28571319580078
1767414060408,103.28570556640625,30.28571319580078
1767414060433,102.28570556640625,29.28571319580078
1767414060441,101.28570556640625,29.28571319580078
1767414060714,101.28570556640625,28.28571319580078
1767414060724,101.28570556640625,27.28571319580078
1767414060725,102.28570556640625,27.28571319580078
1767414060733,102.28570556640625,26.28571319580078
1767414060741,102.28570556640625,25.28571319580078
1767414060766,103.28570556640625,25.28571319580078
1767414060776,103.28570556640625,24.28571319580078
1767414060785,104.28570556640625,24.28571319580078
1767414060791,104.28570556640625,23.28571319580078
1767414060802,104.28570556640625,22.28571319580078
1767414060812,104.28570556640625,21.28571319580078
1767414060842,105.28570556640625,21.28571319580078
1767414060849,105.28570556640625,20.28571319580078
1767414061115,105.28570556640625,20.28571319580078
1767414061124,107.28570556640625,20.28571319580078
1767414061133,109.28570556640625,20.28571319580078
1767414061141,112.28570556640625,20.28571319580078
1767414061149,114.28570556640625,19.28571319580078
1767414061157,116.28570556640625,19.28571319580078
1767414061166,118.28570556640625,19.28571319580078
1767414061174,121.28570556640625,19.28571319580078
1767414061182,124.28570556640625,18.28571319580078
1767414061191,126.28570556640625,18.28571319580078
1767414061199,129.28570556640625,18.28571319580078
1767414061207,132.28570556640625,18.28571319580078
1767414061216,134.28570556640625,18.28571319580078
1767414061224,136.28570556640625,18.28571319580078
1767414061232,137.28570556640625,18.28571319580078
1767414061387,137.28570556640625,18.28571319580078
1767414061391,136.28570556640625,18.28571319580078
1767414061399,132.28570556640625,19.28571319580078
1767414061407,129.28570556640625,20.28571319580078
1767414061416,123.28570556640625,21.28571319580078
1767414061424,118.28570556640625,22.28571319580078
1767414061432,113.28570556640625,23.28571319580078
1767414061441,109.28570556640625,23.28571319580078
1767414061449,106.28570556640625,23.28571319580078
1767414061458,102.28570556640625,24.28571319580078
1767414061466,100.28570556640625,24.28571319580078
1767414061474,98.28570556640625,24.28571319580078
1767414061482,96.28570556640625,24.28571319580078
1767414061491,96.28570556640625,24.28571319580078
1767414061563,96.28570556640625,25.28571319580078
1767414061598,96.28570556640625,25.28571319580078
1767414061600,97.28570556640625,25.28571319580078
1767414061607,103.28570556640625,26.28571319580078
1767414061616,109.28570556640625,27.28571319580078
1767414061624,115.28570556640625,27.28571319580078
1767414061633,119.28570556640625,27.28571319580078
1767414061641,123.28570556640625,27.28571319580078
1767414061649,126.28570556640625,27.28571319580078
1767414061658,128.28570556640625,27.28571319580078
1767414061666,130.28570556640625,27.28571319580078
1767414061674,131.28570556640625,27.28571319580078
1767414061683,132.28570556640625,27.28571319580078
1767414061773,131.28570556640625,27.28571319580078
1767414061776,130.28570556640625,27.28571319580078
1767414061783,129.28570556640625,28.28571319580078
1767414061791,126.28570556640625,29.28571319580078
1767414061799,123.28570556640625,31.28571319580078
1767414061807,120.28570556640625,32.28571319580078
1767414061816,117.28570556640625,33.28571319580078
1767414061824,114.28570556640625,35.28571319580078
1767414061833,112.28570556640625,35.28571319580078
1767414061841,110.28570556640625,36.28571319580078
1767414061849,109.28570556640625,36.28571319580078
1767414061957,109.28570556640625,36.28571319580078
1767414061966,114.28570556640625,36.28571319580078
1767414061974,121.28570556640625,36.28571319580078
1767414061983,130.28570556640625,35.28571319580078
1767414061991,137.28570556640625,35.28571319580078
1767414061999,141.28570556640625,34.28571319580078
1767414062007,144.28570556640625,33.28571319580078
1767414062016,145.28570556640625,33.28571319580078
1767414062024,146.28570556640625,33.28571319580078
1767414062043,146.28570556640625,32.28571319580078
1767414062092,145.28570556640625,32.28571319580078
1767414062099,142.28570556640625,32.28571319580078
1767414062107,138.28570556640625,32.28571319580078
1767414062116,133.28570556640625,32.28571319580078
1767414062124,129.28570556640625,33.28571319580078
1767414062133,125.28570556640625,33.28571319580078
1767414062141,121.28570556640625,33.28571319580078
1767414062149,116.28570556640625,33.28571319580078
1767414062157,112.28570556640625,33.28571319580078
1767414062166,109.28570556640625,33.28571319580078
1767414062174,108.28570556640625,33.28571319580078
1767414062199,108.28570556640625,33.28571319580078
1767414062318,108.28570556640625,33.28571319580078
1767414062324,109.28570556640625,33.28571319580078
1767414062333,110.28570556640625,33.28571319580078
1767414062383,110.28570556640625,34.28571319580078
1767414062391,109.28570556640625,35.28571319580078
1767414062399,106.28570556640625,36.28571319580078
1767414062407,101.28570556640625,39.28571319580078
1767414062416,96.28570556640625,40.28571319580078
1767414062424,91.28570556640625,41.28571319580078
1767414062432,87.28570556640625,43.28571319580078
1767414062441,84.28570556640625,43.28571319580078
1767414062449,81.28570556640625,44.28571319580078
1767414062457,81.28570556640625,44.28571319580078
1767414062485,80.28570556640625,44.28571319580078
1767414062535,81.28570556640625,44.28571319580078
1767414062541,82.28570556640625,44.28571319580078
1767414062549,86.28570556640625,44.28571319580078
1767414062557,91.28570556640625,44.28571319580078
1767414062566,96.28570556640625,44.28571319580078
1767414062574,98.28570556640625,44.28571319580078
1767414062582,107.28570556640625,44.28571319580078
1767414062591,111.28570556640625,45.28571319580078
1767414062599,113.28570556640625,45.28571319580078
1767414062607,113.28570556640625,45.28571319580078
1767414062655,113.28570556640625,45.28571319580078
1767414062659,113.28570556640625,45.28571319580078
1767414062666,110.28570556640625,47.28571319580078
1767414062674,109.28570556640625,48.28571319580078
1767414062682,104.28570556640625,49.28571319580078
1767414062691,102.28570556640625,50.28571319580078
1767414062699,100.28570556640625,51.28571319580078
1767414062708,99.28570556640625,51.28571319580078
1767414062716,98.28570556640625,51.28571319580078
1767414062749,98.28570556640625,52.28571319580078
1767414062775,99.28570556640625,52.28571319580078
1767414062783,101.28570556640625,52.28571319580078
1767414062791,105.28570556640625,52.28571319580078
1767414062799,109.28570556640625,51.28571319580078
1767414062807,114.28570556640625,51.28571319580078
1767414062816,118.28570556640625,51.28571319580078
1767414062824,122.28570556640625,51.28571319580078
1767414062832,124.28570556640625,51.28571319580078
1767414062908,121.28570556640625,51.28571319580078
1767414062916,118.28570556640625,52.28571319580078
1767414062924,114.28570556640625,53.28571319580078
1767414062932,112.28570556640625,54.28571319580078
1767414062941,110.28570556640625,55.28571319580078
1767414063023,111.28570556640625,55.28571319580078
1767414063027,112.28570556640625,55.28571319580078
1767414063033,113.28570556640625,55.28571319580078
1767414063041,116.28570556640625,55.28571319580078
1767414063049,119.28570556640625,54.28571319580078
1767414063058,122.28570556640625,54.28571319580078
1767414063066,125.28570556640625,53.28571319580078
1767414063074,127.28570556640625,53.28571319580078
1767414063082,129.28570556640625,53.28571319580078
1767414063091,129.28570556640625,53.28571319580078
1767414063124,129.28570556640625,52.28571319580078
1767414063156,129.28570556640625,52.28571319580078
1767414063159,128.28570556640625,52.28571319580078
1767414063166,127.28570556640625,52.28571319580078
1767414063174,125.28570556640625,52.28571319580078
1767414063182,122.28570556640625,52.28571319580078
1767414063191,121.28570556640625,52.28571319580078
1767414063199,121.28570556640625,52.28571319580078
1767414063260,121.28570556640625,52.28571319580078
1767414063266,122.28570556640625,51.28571319580078
1767414063274,124.28570556640625,48.28571319580078
1767414063282,126.28570556640625,45.28571319580078
1767414063291,128.28570556640625,44.28571319580078
1767414063299,132.28570556640625,39.28571319580078
1767414063307,135.28570556640625,36.28571319580078
1767414063316,138.28570556640625,34.28571319580078
1767414063324,140.28570556640625,33.28571319580078
1767414063332,141.28570556640625,32.28571319580078
1767414063390,140.28570556640625,33.28571319580078
1767414063400,140.28570556640625,35.28571319580078
1767414063408,138.28570556640625,36.28571319580078
1767414063416,137.28570556640625,38.28571319580078
1767414063424,136.28570556640625,40.28571319580078
1767414063432,133.28570556640625,41.28571319580078
1767414063441,131.28570556640625,44.28571319580078
1767414063449,128.28570556640625,47.28571319580078
1767414063457,125.28570556640625,49.28571319580078
1767414063466,122.28570556640625,52.28571319580078
1767414063474,119.28570556640625,55.28571319580078
1767414063482,117.28570556640625,57.28571319580078
1767414063491,114.28570556640625,59.28571319580078
1767414063499,113.28570556640625,59.28571319580078
1767414063507,113.28570556640625,60.28571319580078
1767414063580,113.28570556640625,60.28571319580078
1767414063591,115.28570556640625,59.28571319580078
1767414063599,116.28570556640625,59.28571319580078
1767414063607,119.28570556640625,56.28571319580078
1767414063616,121.28570556640625,53.28571319580078
1767414063624,122.28570556640625,51.28571319580078
1767414063632,124.28570556640625,50.28571319580078
1767414063690,123.28570556640625,50.28571319580078
1767414063700,121.28570556640625,50.28571319580078
1767414063707,117.28570556640625,51.28571319580078
1767414063716,114.28570556640625,52.28571319580078
1767414063724,111.28570556640625,53.28571319580078
1767414063732,109.28570556640625,54.28571319580078
1767414063741,109.28570556640625,55.28571319580078
1767414063815,109.28570556640625,55.28571319580078
1767414063826,112.28570556640625,52.28571319580078
1767414063832,115.28570556640625,49.28571319580078
1767414063841,118.28570556640625,47.28571319580078
1767414063849,121.28570556640625,45.28571319580078
1767414063857,122.28570556640625,45.28571319580078
1767414063892,122.28570556640625,45.28571319580078
1767414063899,122.28570556640625,48.28571319580078
1767414063907,122.28570556640625,56.28571319580078
1767414063916,122.28570556640625,61.28571319580078
1767414063924,121.28570556640625,67.28571319580078
1767414063932,121.28570556640625,72.28571319580078
1767414063941,120.28570556640625,76.28571319580078
1767414063949,120.28570556640625,79.28571319580078
1767414063957,119.28570556640625,82.28571319580078
1767414063966,119.28570556640625,84.28571319580078
1767414063974,119.28570556640625,85.28571319580078
1767414063982,118.28570556640625,87.28571319580078
1767414064033,118.28570556640625,87.28571319580078
1767414064041,117.28570556640625,87.28571319580078
1767414064049,116.28570556640625,83.28571319580078
1767414064057,114.28570556640625,79.28571319580078
1767414064066,114.28570556640625,78.28571319580078
1767414064074,113.28570556640625,76.28571319580078
1767414064082,113.28570556640625,75.28571319580078
1767414064091,112.28570556640625,75.28571319580078
1767414064152,112.28570556640625,75.28571319580078
1767414064158,111.28570556640625,75.28571319580078
1767414064166,110.28570556640625,76.28571319580078
1767414064174,109.28570556640625,76.28571319580078
1767414064182,109.28570556640625,77.28571319580078
1767414064244,109.28570556640625,76.28571319580078
1767414064249,109.28570556640625,75.28571319580078
1767414064257,109.28570556640625,69.28571319580078
1767414064266,110.28570556640625,63.28571319580078
1767414064274,111.28570556640625,58.28571319580078
1767414064282,112.28570556640625,53.28571319580078
1767414064291,113.28570556640625,53.28571319580078
1767414064299,113.28570556640625,52.28571319580078
1767414064340,114.28570556640625,52.28571319580078
1767414064350,115.28570556640625,57.28571319580078
1767414064357,116.28570556640625,63.28571319580078
1767414064366,117.28570556640625,66.28571319580078
1767414064374,117.28570556640625,68.28571319580078
1767414064382,117.28570556640625,71.28571319580078
1767414064391,117.28570556640625,73.28571319580078
1767414064399,117.28570556640625,75.28571319580078
1767414064407,117.28570556640625,77.28571319580078
1767414064416,117.28570556640625,78.28571319580078
1767414064432,117.28570556640625,79.28571319580078
1767414064471,117.28570556640625,79.28571319580078
1767414064475,116.28570556640625,79.28571319580078
1767414064482,113.28570556640625,77.28571319580078
1767414064491,110.28570556640625,74.28571319580078
1767414064499,108.28570556640625,71.28571319580078
1767414064507,105.28570556640625,67.28571319580078
1767414064516,104.28570556640625,64.28571319580078
1767414064524,103.28570556640625,62.28571319580078
1767414064532,102.28570556640625,60.28571319580078
1767414064541,102.28570556640625,59.28571319580078
1767414064549,102.28570556640625,59.28571319580078
1767414064568,102.28570556640625,59.28571319580078
1767414064635,102.28570556640625,58.28571319580078
1767414064641,101.28570556640625,57.28571319580078
1767414064649,101.28570556640625,56.28571319580078
1767414064657,100.28570556640625,56.28571319580078
1767414064666,100.28570556640625,55.28571319580078
1767414064674,99.28570556640625,54.28571319580078
1767414064682,99.28570556640625,53.28571319580078
1767414064735,99.28570556640625,54.28571319580078
1767414064741,99.28570556640625,56.28571319580078
1767414064749,99.28570556640625,60.28571319580078
1767414064757,99.28570556640625,64.28571319580078
1767414064766,100.28570556640625,68.28571319580078
1767414064774,101.28570556640625,73.28571319580078
1767414064782,102.28570556640625,77.28571319580078
1767414064791,103.28570556640625,83.28571319580078
1767414064799,105.28570556640625,86.28571319580078
1767414064807,106.28570556640625,89.28571319580078
1767414064816,107.28570556640625,91.28571319580078
1767414064824,108.28570556640625,92.28571319580078
1767414064832,108.28570556640625,92.28571319580078
1767414064841,109.28570556640625,92.28571319580078
1767414064866,109.28570556640625,92.28571319580078
1767414064874,110.28570556640625,92.28571319580078
1767414064882,114.28570556640625,87.28571319580078
1767414064891,119.28570556640625,83.28571319580078
1767414064899,124.28570556640625,76.28571319580078
1767414064907,128.28570556640625,69.28571319580078
1767414064916,132.28570556640625,65.28571319580078
1767414064924,135.28570556640625,60.28571319580078
1767414064932,139.28570556640625,53.28571319580078
1767414064941,141.28570556640625,50.28571319580078
1767414064949,142.28570556640625,48.28571319580078
1767414064957,142.28570556640625,48.28571319580078
1767414065012,142.28570556640625,48.28571319580078
1767414065016,142.28570556640625,50.28571319580078
1767414065024,143.28570556640625,54.28571319580078
1767414065032,144.28570556640625,60.28571319580078
1767414065041,144.28570556640625,63.28571319580078
1767414065049,144.28570556640625,65.28571319580078
1767414065057,144.28570556640625,67.28571319580078
1767414065066,144.28570556640625,68.28571319580078
1767414065074,144.28570556640625,68.28571319580078
1767414065082,144.28570556640625,69.28571319580078
1767414065132,144.28570556640625,68.28571319580078
1767414065136,143.28570556640625,67.28571319580078
1767414065141,142.28570556640625,64.28571319580078
1767414065149,142.28570556640625,58.28571319580078
1767414065157,141.28570556640625,52.28571319580078
1767414065166,141.28570556640625,48.28571319580078
1767414065174,141.28570556640625,47.28571319580078
1767414065182,141.28570556640625,46.28571319580078
1767414065233,141.28570556640625,46.28571319580078
1767414065241,141.28570556640625,47.28571319580078
1767414065249,140.28570556640625,49.28571319580078
1767414065257,138.28570556640625,53.28571319580078
1767414065266,137.28570556640625,56.28571319580078
1767414065274,136.28570556640625,59.28571319580078
1767414065282,135.28570556640625,63.28571319580078
1767414065291,134.28570556640625,67.28571319580078
1767414065299,133.28570556640625,71.28571319580078
1767414065307,132.28570556640625,74.28571319580078
1767414065316,132.28570556640625,77.28571319580078
1767414065324,130.28570556640625,80.28571319580078
1767414065332,130.28570556640625,83.28571319580078
1767414065341,129.28570556640625,85.28571319580078
1767414065349,129.28570556640625,88.28571319580078
1767414065357,128.28570556640625,90.28571319580078
1767414065366,128.28570556640625,92.28571319580078
1767414065374,128.28570556640625,92.28571319580078
1767414065382,128.28570556640625,93.28571319580078
1767414065417,127.28570556640625,93.28571319580078
1767414065427,126.28570556640625,93.28571319580078
1767414065432,126.28570556640625,93.28571319580078
1767414065441,124.28570556640625,93.28571319580078
1767414065449,121.28570556640625,93.28571319580078
1767414065457,116.28570556640625,93.28571319580078
1767414065466,112.28570556640625,92.28571319580078
1767414065474,109.28570556640625,92.28571319580078
1767414065482,107.28570556640625,91.28571319580078
1767414065491,105.28570556640625,91.28571319580078
1767414065499,104.28570556640625,91.28571319580078
1767414065585,104.28570556640625,91.28571319580078
1767414065599,109.28570556640625,92.28571319580078
1767414065607,112.28570556640625,93.28571319580078
1767414065616,116.28570556640625,96.28571319580078
1767414065624,119.28570556640625,97.28571319580078
1767414065632,121.28570556640625,98.28571319580078
1767414065641,122.28570556640625,99.28571319580078
1767414065649,123.28570556640625,99.28571319580078
1767414065716,122.28570556640625,99.28571319580078
1767414065724,119.28570556640625,99.28571319580078
1767414065732,115.28570556640625,99.28571319580078
1767414065741,112.28570556640625,99.28571319580078
1767414065749,110.28570556640625,99.28571319580078
1767414065757,108.28570556640625,99.28571319580078
1767414065766,108.28570556640625,99.28571319580078
1767414065844,108.28570556640625,99.28571319580078
1767414065857,112.28570556640625,97.28571319580078
1767414065866,116.28570556640625,97.28571319580078
1767414065874,120.28570556640625,97.28571319580078
1767414065882,124.28570556640625,97.28571319580078
1767414065891,125.28570556640625,97.28571319580078
1767414065899,126.28570556640625,97.28571319580078
1767414065953,125.28570556640625,97.28571319580078
1767414065957,124.28570556640625,97.28571319580078
1767414065966,120.28570556640625,98.28571319580078
1767414065974,113.28570556640625,99.28571319580078
1767414065982,106.28570556640625,100.28571319580078
1767414065991,99.28570556640625,101.28571319580078
1767414065999,92.28570556640625,103.28571319580078
1767414066007,86.28570556640625,103.28571319580078
1767414066016,82.28570556640625,104.28571319580078
1767414066024,80.28570556640625,105.28571319580078
1767414066105,81.28570556640625,105.28571319580078
1767414066110,82.28570556640625,105.28571319580078
1767414066116,85.28570556640625,105.28571319580078
1767414066124,90.28570556640625,105.28571319580078
1767414066132,96.28570556640625,104.28571319580078
1767414066141,103.28570556640625,104.28571319580078
1767414066149,110.28570556640625,103.28571319580078
1767414066157,116.28570556640625,103.28571319580078
1767414066166,121.28570556640625,101.28571319580078
1767414066174,124.28570556640625,101.28571319580078
1767414066182,124.28570556640625,101.28571319580078
1767414066246,124.28570556640625,101.28571319580078
1767414066251,122.28570556640625,101.28571319580078
1767414066257,120.28570556640625,101.28571319580078
1767414066266,112.28570556640625,101.28571319580078
1767414066274,102.28570556640625,101.28571319580078
1767414066282,92.28570556640625,101.28571319580078
1767414066291,82.28570556640625,101.28571319580078
1767414066299,76.28570556640625,101.28571319580078
1767414066307,72.28570556640625,101.28571319580078
1767414066316,70.28570556640625,101.28571319580078
1767414066390,71.28570556640625,101.28571319580078
1767414066395,73.28570556640625,100.28571319580078
1767414066399,74.28570556640625,100.28571319580078
1767414066407,80.28570556640625,98.28571319580078
1767414066416,86.28570556640625,96.28571319580078
1767414066424,94.28570556640625,95.28571319580078
1767414066432,104.28570556640625,94.28571319580078
1767414066441,113.28570556640625,93.28571319580078
1767414066449,124.28570556640625,93.28571319580078
1767414066457,132.28570556640625,93.28571319580078
1767414066466,137.28570556640625,93.28571319580078
1767414066474,137.28570556640625,93.28571319580078
1767414066516,137.28570556640625,93.28571319580078
1767414066526,136.28570556640625,95.28571319580078
1767414066532,134.28570556640625,96.28571319580078
1767414066541,131.28570556640625,97.28571319580078
1767414066549,129.28570556640625,99.28571319580078
1767414066557,126.28570556640625,100.28571319580078
1767414066566,123.28570556640625,102.28571319580078
1767414066574,117.28570556640625,105.28571319580078
1767414066582,112.28570556640625,107.28571319580078
1767414066591,107.28570556640625,110.28571319580078
1767414066599,104.28570556640625,112.28571319580078
1767414066607,102.28570556640625,112.28571319580078
1767414066616,102.28570556640625,113.28571319580078
1767414066672,103.28570556640625,113.28571319580078
1767414066676,106.28570556640625,113.28571319580078
1767414066682,115.28570556640625,112.28571319580078
1767414066691,121.28570556640625,112.28571319580078
1767414066699,129.28570556640625,111.28571319580078
1767414066707,138.28570556640625,109.28571319580078
1767414066716,146.28570556640625,108.28571319580078
1767414066724,152.28570556640625,107.28571319580078
1767414066732,159.28570556640625,107.28571319580078
1767414066741,161.28570556640625,106.28571319580078
1767414066757,161.28570556640625,106.28571319580078
1767414066794,161.28570556640625,106.28571319580078
1767414066799,160.28570556640625,106.28571319580078
1767414066807,157.28570556640625,107.28571319580078
1767414066816,155.28570556640625,107.28571319580078
1767414066824,152.28570556640625,108.28571319580078
1767414066832,149.28570556640625,109.28571319580078
1767414066841,146.28570556640625,110.28571319580078
1767414066849,145.28570556640625,111.28571319580078
1767414066857,145.28570556640625,111.28571319580078
1767414066911,145.28570556640625,111.28571319580078
1767414066917,146.28570556640625,111.28571319580078
1767414066924,149.28570556640625,111.28571319580078
1767414066932,152.28570556640625,109.28571319580078
1767414066941,155.28570556640625,108.28571319580078
1767414066949,158.28570556640625,108.28571319580078
1767414066957,161.28570556640625,107.28571319580078
1767414066966,162.28570556640625,107.28571319580078
1767414067010,162.28570556640625,106.28571319580078
1767414067016,161.28570556640625,106.28571319580078
1767414067024,158.28570556640625,106.28571319580078
1767414067032,150.28570556640625,106.28571319580078
1767414067041,142.28570556640625,107.28571319580078
1767414067049,134.28570556640625,107.28571319580078
1767414067057,121.28570556640625,107.28571319580078
1767414067066,106.28570556640625,107.28571319580078
1767414067074,86.28570556640625,105.28571319580078
1767414067082,71.28570556640625,104.28571319580078
1767414067091,63.28570556640625,103.28571319580078
1767414067099,60.28570556640625,102.28571319580078
1767414067142,60.28570556640625,102.28571319580078
1767414067149,61.28570556640625,101.28571319580078
1767414067157,62.28570556640625,100.28571319580078
1767414067165,66.28570556640625,99.28571319580078
1767414067174,72.28570556640625,98.28571319580078
1767414067182,82.28570556640625,97.28571319580078
1767414067190,92.28570556640625,96.28571319580078
1767414067199,98.28570556640625,96.28571319580078
1767414067207,111.28570556640625,96.28571319580078
1767414067216,119.28570556640625,97.28571319580078
1767414067224,125.28570556640625,99.28571319580078
1767414067232,128.28570556640625,99.28571319580078
1767414067246,128.28570556640625,100.28571319580078
1767414067284,128.28570556640625,100.28571319580078
1767414067291,125.28570556640625,100.28571319580078
1767414067299,122.28570556640625,101.28571319580078
1767414067307,118.28570556640625,103.28571319580078
1767414067316,115.28570556640625,104.28571319580078
1767414067324,112.28570556640625,105.28571319580078
1767414067332,108.28570556640625,105.28571319580078
1767414067341,105.28570556640625,107.28571319580078
1767414067349,102.28570556640625,108.28571319580078
1767414067357,100.28570556640625,108.28571319580078
1767414067366,100.28570556640625,109.28571319580078
1767414067374,99.28570556640625,109.28571319580078
1767414067435,100.28570556640625,110.28571319580078
1767414067441,100.28570556640625,110.28571319580078
1767414067449,105.28570556640625,110.28571319580078
1767414067457,111.28570556640625,110.28571319580078
1767414067466,118.28570556640625,110.28571319580078
1767414067474,124.28570556640625,110.28571319580078
1767414067482,127.28570556640625,110.28571319580078
1767414067491,128.28570556640625,110.28571319580078
1767414067527,127.28570556640625,110.28571319580078
1767414067533,125.28570556640625,110.28571319580078
1767414067541,119.28570556640625,112.28571319580078
1767414067549,110.28570556640625,115.28571319580078
1767414067557,100.28570556640625,117.28571319580078
1767414067566,89.28570556640625,120.28571319580078
1767414067574,80.28570556640625,122.28571319580078
1767414067582,73.28570556640625,124.28571319580078
1767414067591,66.28570556640625,125.28571319580078
1767414067599,61.28570556640625,127.28571319580078
1767414067607,61.28570556640625,127.28571319580078
1767414067665,61.28570556640625,127.28571319580078
1767414067675,63.28570556640625,125.28571319580078
1767414067682,69.28570556640625,123.28571319580078
1767414067691,73.28570556640625,120.28571319580078
1767414067699,85.28570556640625,116.28571319580078
1767414067707,90.28570556640625,113.28571319580078
1767414067716,94.28570556640625,111.28571319580078
1767414067724,96.28570556640625,111.28571319580078
1767414067732,96.28570556640625,111.28571319580078
1767414067780,96.28570556640625,111.28571319580078
1767414067786,95.28570556640625,113.28571319580078
1767414067791,94.28570556640625,115.28571319580078
1767414067799,93.28570556640625,118.28571319580078
1767414067807,91.28570556640625,121.28571319580078
1767414067816,90.28570556640625,124.28571319580078
1767414067824,89.28570556640625,125.28571319580078
1767414067832,88.28570556640625,127.28571319580078
1767414067841,87.28570556640625,128.28571319580078
1767414067849,87.28570556640625,129.28571319580078
1767414067908,86.28570556640625,129.28571319580078
1767414067915,86.28570556640625,128.28571319580078
1767414067924,86.28570556640625,124.28571319580078
1767414067932,85.28570556640625,119.28571319580078
1767414067940,85.28570556640625,115.28571319580078
1767414067949,85.28570556640625,112.28571319580078
1767414067957,85.28570556640625,109.28571319580078
1767414067966,85.28570556640625,108.28571319580078
1767414068006,85.28570556640625,108.28571319580078
1767414068012,85.28570556640625,110.28571319580078
1767414068016,84.28570556640625,112.28571319580078
1767414068024,83.28570556640625,117.28571319580078
1767414068032,81.28570556640625,125.28571319580078
1767414068040,79.28570556640625,131.28571319580078
1767414068049,77.28570556640625,138.28571319580078
1767414068057,76.28570556640625,143.28571319580078
1767414068066,76.28570556640625,145.28571319580078
1767414068074,75.28570556640625,147.28571319580078
1767414068082,74.28570556640625,149.28571319580078
1767414068091,74.28570556640625,150.28571319580078
1767414068143,73.28570556640625,150.28571319580078
1767414068149,73.28570556640625,148.28571319580078
1767414068157,72.28570556640625,143.28571319580078
1767414068165,72.28570556640625,138.28571319580078
1767414068174,71.28570556640625,134.28571319580078
1767414068182,70.28570556640625,131.28571319580078
1767414068190,70.28570556640625,129.28571319580078
1767414068199,70.28570556640625,129.28571319580078
1767414068247,70.28570556640625,129.28571319580078
1767414068254,70.28570556640625,131.28571319580078
1767414068259,69.28570556640625,134.28571319580078
1767414068266,68.28570556640625,137.28571319580078
1767414068274,66.28570556640625,141.28571319580078
1767414068282,66.28570556640625,145.28571319580078
1767414068290,65.28570556640625,148.28571319580078
1767414068299,64.28570556640625,151.28571319580078
1767414068307,64.28570556640625,152.28571319580078
1767414068315,64.28570556640625,154.28571319580078
1767414068375,64.28570556640625,153.28571319580078
1767414068382,64.28570556640625,151.28571319580078
1767414068391,64.28570556640625,147.28571319580078
1767414068399,64.28570556640625,143.28571319580078
1767414068407,64.28570556640625,139.28571319580078
1767414068415,64.28570556640625,134.28571319580078
1767414068424,64.28570556640625,131.28571319580078
1767414068432,64.28570556640625,129.28571319580078
1767414068440,64.28570556640625,128.28571319580078
1767414068449,64.28570556640625,128.28571319580078
1767414068492,64.28570556640625,128.28571319580078
1767414068499,64.28570556640625,130.28571319580078
1767414068507,64.28570556640625,132.28571319580078
1767414068515,64.28570556640625,136.28571319580078
1767414068524,64.28570556640625,139.28571319580078
1767414068532,63.28570556640625,141.28571319580078
1767414068540,63.28570556640625,144.28571319580078
1767414068549,63.28570556640625,145.28571319580078
1767414068557,63.28570556640625,147.28571319580078
1767414068566,63.28570556640625,147.28571319580078
1767414068624,63.28570556640625,147.28571319580078
1767414068633,63.28570556640625,144.28571319580078
1767414068640,64.28570556640625,140.28571319580078
1767414068649,65.28570556640625,133.28571319580078
1767414068657,66.28570556640625,128.28571319580078
1767414068665,66.28570556640625,123.28571319580078
1767414068674,68.28570556640625,119.28571319580078
1767414068682,68.28570556640625,117.28571319580078
1767414068729,68.28570556640625,118.28571319580078
1767414068735,68.28570556640625,120.28571319580078
1767414068741,68.28570556640625,123.28571319580078
1767414068749,67.28570556640625,131.28571319580078
1767414068757,66.28570556640625,136.28571319580078
1767414068766,65.28570556640625,141.28571319580078
1767414068774,64.28570556640625,144.28571319580078
1767414068782,64.28570556640625,147.28571319580078
1767414068790,63.28570556640625,149.28571319580078
1767414068799,63.28570556640625,151.28571319580078
1767414068807,63.28570556640625,152.28571319580078
1767414068816,63.28570556640625,152.28571319580078
1767414068862,62.28570556640625,152.28571319580078
1767414068874,62.28570556640625,148.28571319580078
1767414068882,62.28570556640625,143.28571319580078
1767414068890,62.28570556640625,137.28571319580078
1767414068899,64.28570556640625,132.28571319580078
1767414068907,65.28570556640625,127.28571319580078
1767414068915,66.28570556640625,125.28571319580078
1767414068924,66.28570556640625,124.28571319580078
1767414068969,66.28570556640625,124.28571319580078
1767414068976,66.28570556640625,126.28571319580078
1767414068982,66.28570556640625,130.28571319580078
1767414068991,65.28570556640625,137.28571319580078
1767414068999,64.28570556640625,143.28571319580078
1767414069007,62.28570556640625,148.28571319580078
1767414069015,62.28570556640625,153.28571319580078
1767414069024,61.28570556640625,157.28571319580078
1767414069032,60.28570556640625,160.28571319580078
1767414069041,60.28570556640625,162.28571319580078
1767414069049,60.28570556640625,163.28571319580078
1767414069103,59.28570556640625,163.28571319580078
1767414069108,59.28570556640625,161.28571319580078
1767414069116,59.28570556640625,158.28571319580078
1767414069124,58.28570556640625,152.28571319580078
1767414069132,58.28570556640625,142.28571319580078
1767414069140,58.28570556640625,135.28571319580078
1767414069149,58.28570556640625,130.28571319580078
1767414069157,59.28570556640625,125.28571319580078
1767414069165,60.28570556640625,122.28571319580078
1767414069174,60.28570556640625,120.28571319580078
1767414069182,60.28570556640625,119.28571319580078
1767414069256,60.28570556640625,119.28571319580078
1767414069262,60.28570556640625,121.28571319580078
1767414069265,60.28570556640625,123.28571319580078
1767414069274,58.28570556640625,126.28571319580078
1767414069282,58.28570556640625,129.28571319580078
1767414069290,57.28570556640625,131.28571319580078
1767414069299,57.28570556640625,132.28571319580078
1767414069307,57.28570556640625,134.28571319580078
1767414069315,56.28570556640625,135.28571319580078
1767414069324,56.28570556640625,135.28571319580078
1767414069400,56.28570556640625,135.28571319580078
1767414069407,56.28570556640625,133.28571319580078
1767414069415,56.28570556640625,130.28571319580078
1767414069424,56.28570556640625,126.28571319580078
1767414069432,56.28570556640625,122.28571319580078
1767414069440,56.28570556640625,116.28571319580078
1767414069449,56.28570556640625,113.28571319580078
1767414069457,56.28570556640625,113.28571319580078
1767414069499,56.28570556640625,113.28571319580078
1767414069507,56.28570556640625,117.28571319580078
1767414069515,56.28570556640625,124.28571319580078
1767414069524,55.28570556640625,132.28571319580078
1767414069532,53.28570556640625,139.28571319580078
1767414069541,50.28570556640625,152.28571319580078
1767414069549,49.28570556640625,157.28571319580078
1767414069557,49.28570556640625,162.28571319580078
1767414069565,48.28570556640625,167.28571319580078
1767414069574,47.28570556640625,169.28571319580078
1767414069582,47.28570556640625,173.28571319580078
1767414069590,46.28570556640625,175.28571319580078
1767414069599,46.28570556640625,176.28571319580078
1767414069662,46.28570556640625,176.28571319580078
1767414069669,46.28570556640625,175.28571319580078
1767414069674,46.28570556640625,173.28571319580078
1767414069682,46.28570556640625,172.28571319580078
1767414069747,46.28570556640625,173.28571319580078
1767414069755,45.28570556640625,176.28571319580078
1767414069759,45.28570556640625,180.28571319580078
1767414069765,44.28570556640625,184.28571319580078
1767414069774,43.28570556640625,189.28571319580078
1767414069782,43.28570556640625,194.28571319580078
1767414069790,43.28570556640625,199.28571319580078
1767414069799,42.28570556640625,203.28571319580078
1767414069807,42.28570556640625,206.28571319580078
1767414069815,42.28570556640625,209.28571319580078
1767414069824,42.28570556640625,212.28571319580078
1767414069832,42.28570556640625,214.28571319580078
1767414069841,42.28570556640625,216.28571319580078
1767414069849,42.28570556640625,217.28571319580078
1767414069857,42.28570556640625,218.28571319580078
1767414069923,42.28570556640625,217.28571319580078
1767414069933,42.28570556640625,215.28571319580078
1767414069940,44.28570556640625,213.28571319580078
1767414069949,44.28570556640625,211.28571319580078
1767414069957,45.28570556640625,209.28571319580078
1767414069965,45.28570556640625,208.28571319580078
1767414069974,46.28570556640625,208.28571319580078
1767414069982,46.28570556640625,207.28571319580078
1767414070031,47.28570556640625,207.28571319580078
1767414070037,48.28570556640625,208.28571319580078
1767414070041,48.28570556640625,209.28571319580078
1767414070049,49.28570556640625,211.28571319580078
1767414070057,49.28570556640625,213.28571319580078
1767414070065,49.28570556640625,215.28571319580078
1767414070074,50.28570556640625,217.28571319580078
1767414070082,50.28570556640625,217.28571319580078
1767414070091,50.28570556640625,218.28571319580078
1767414070107,50.28570556640625,219.28571319580078
1767414070159,50.28570556640625,218.28571319580078
1767414070167,50.28570556640625,215.28571319580078
1767414070174,50.28570556640625,209.28571319580078
1767414070182,51.28570556640625,201.28571319580078
1767414070190,51.28570556640625,196.28571319580078
1767414070199,52.28570556640625,190.28571319580078
1767414070207,53.28570556640625,185.28571319580078
1767414070215,53.28570556640625,181.28571319580078
1767414070224,53.28570556640625,179.28571319580078
1767414070232,54.28570556640625,177.28571319580078
1767414070249,54.28570556640625,177.28571319580078
1767414070313,54.28570556640625,177.28571319580078
1767414070321,54.28570556640625,180.28571319580078
1767414070324,54.28570556640625,181.28571319580078
1767414070332,54.28570556640625,186.28571319580078
1767414070340,54.28570556640625,189.28571319580078
1767414070349,54.28570556640625,192.28571319580078
1767414070357,53.28570556640625,196.28571319580078
1767414070365,53.28570556640625,199.28571319580078
1767414070374,53.28570556640625,200.28571319580078
1767414070382,53.28570556640625,202.28571319580078
1767414070419,52.28570556640625,202.28571319580078
1767414070449,52.28570556640625,201.28571319580078
1767414070457,52.28570556640625,198.28571319580078
1767414070465,55.28570556640625,188.28571319580078
1767414070474,57.28570556640625,180.28571319580078
1767414070482,60.28570556640625,171.28571319580078
1767414070490,64.28570556640625,159.28571319580078
1767414070499,66.28570556640625,153.28571319580078
1767414070507,69.28570556640625,145.28571319580078
1767414070515,71.28570556640625,141.28571319580078
1767414070524,72.28570556640625,139.28571319580078
1767414070532,73.28570556640625,137.28571319580078
1767414070540,73.28570556640625,137.28571319580078
1767414070549,73.28570556640625,136.28571319580078
1767414070557,73.28570556640625,135.28571319580078
1767414070565,74.28570556640625,135.28571319580078
1767414070581,74.28570556640625,135.28571319580078
1767414070598,74.28570556640625,134.28571319580078
1767414070600,74.28570556640625,134.28571319580078
1767414070607,75.28570556640625,133.28571319580078
1767414070615,76.28570556640625,133.28571319580078
1767414070624,77.28570556640625,132.28571319580078
1767414070632,78.28570556640625,132.28571319580078
1767414070640,80.28570556640625,131.28571319580078
1767414070649,80.28570556640625,131.28571319580078
1767414070657,81.28570556640625,131.28571319580078
1767414070674,81.28570556640625,131.28571319580078
1767414070682,82.28570556640625,131.28571319580078
1767414070690,83.28570556640625,131.28571319580078
1767414070699,85.28570556640625,132.28571319580078
1767414070707,87.28570556640625,135.28571319580078
1767414070715,89.28570556640625,140.28571319580078
1767414070724,91.28570556640625,146.28571319580078
1767414070732,92.28570556640625,154.28571319580078
1767414070740,92.28570556640625,160.28571319580078
1767414070749,92.28570556640625,165.28571319580078
1767414070757,92.28570556640625,171.28571319580078
1767414070765,92.28570556640625,175.28571319580078
1767414070774,92.28570556640625,177.28571319580078
1767414070782,92.28570556640625,179.28571319580078
1767414070839,91.28570556640625,179.28571319580078
1767414070846,90.28570556640625,179.28571319580078
1767414070850,89.28570556640625,178.28571319580078
1767414070857,89.28570556640625,175.28571319580078
1767414070865,88.28570556640625,172.28571319580078
1767414070874,87.28570556640625,160.28571319580078
1767414070882,87.28570556640625,152.28571319580078
1767414070890,87.28570556640625,143.28571319580078
1767414070899,87.28570556640625,137.28571319580078
1767414070907,88.28570556640625,132.28571319580078
1767414070915,89.28570556640625,129.28571319580078
1767414070924,89.28570556640625,129.28571319580078
1767414070932,89.28570556640625,128.28571319580078
1767414070999,90.28570556640625,128.28571319580078
1767414071007,90.28570556640625,128.28571319580078
1767414071015,90.28570556640625,132.28571319580078
1767414071024,90.28570556640625,136.28571319580078
1767414071032,90.28570556640625,143.28571319580078
1767414071040,90.28570556640625,149.28571319580078
1767414071049,90.28570556640625,155.28571319580078
1767414071057,89.28570556640625,161.28571319580078
1767414071065,89.28570556640625,165.28571319580078
1767414071074,88.28570556640625,167.28571319580078
1767414071082,88.28570556640625,169.28571319580078
1767414071090,88.28570556640625,170.28571319580078
1767414071128,87.28570556640625,170.28571319580078
1767414071141,85.28570556640625,170.28571319580078
1767414071149,84.28570556640625,169.28571319580078
1767414071157,82.28570556640625,166.28571319580078
1767414071165,81.28570556640625,159.28571319580078
1767414071174,80.28570556640625,155.28571319580078
1767414071182,80.28570556640625,144.28571319580078
1767414071190,80.28570556640625,140.28571319580078
1767414071199,80.28570556640625,137.28571319580078
1767414071207,80.28570556640625,136.28571319580078
1767414071255,80.28570556640625,137.28571319580078
1767414071261,80.28570556640625,139.28571319580078
1767414071265,80.28570556640625,142.28571319580078
1767414071274,80.28570556640625,146.28571319580078
1767414071290,78.28570556640625,160.28571319580078
1767414071299,78.28570556640625,163.28571319580078
1767414071307,78.28570556640625,166.28571319580078
1767414071315,78.28570556640625,168.28571319580078
1767414071324,78.28570556640625,169.28571319580078
1767414071375,78.28570556640625,168.28571319580078
1767414071383,79.28570556640625,164.28571319580078
1767414071390,82.28570556640625,159.28571319580078
1767414071399,85.28570556640625,152.28571319580078
1767414071407,88.28570556640625,143.28571319580078
1767414071415,92.28570556640625,133.28571319580078
1767414071424,96.28570556640625,123.28571319580078
1767414071432,104.28570556640625,109.28571319580078
1767414071440,109.28570556640625,101.28571319580078
1767414071449,112.28570556640625,98.28571319580078
1767414071457,113.28570556640625,96.28571319580078
1767414071495,113.28570556640625,96.28571319580078
1767414071502,114.28570556640625,98.28571319580078
1767414071507,114.28570556640625,103.28571319580078
1767414071515,116.28570556640625,111.28571319580078
1767414071524,116.28570556640625,119.28571319580078
1767414071532,116.28570556640625,128.28571319580078
1767414071540,116.28570556640625,135.28571319580078
1767414071549,116.28570556640625,141.28571319580078
1767414071557,115.28570556640625,146.28571319580078
1767414071565,114.28570556640625,149.28571319580078
1767414071574,114.28570556640625,151.28571319580078
1767414071582,114.28570556640625,152.28571319580078
1767414071601,114.28570556640625,153.28571319580078
1767414071607,113.28570556640625,153.28571319580078
1767414071634,113.28570556640625,152.28571319580078
1767414071640,113.28570556640625,150.28571319580078
1767414071649,113.28570556640625,145.28571319580078
1767414071657,113.28570556640625,138.28571319580078
1767414071665,113.28570556640625,131.28571319580078
1767414071674,113.28570556640625,125.28571319580078
1767414071682,113.28570556640625,120.28571319580078
1767414071690,114.28570556640625,116.28571319580078
1767414071699,114.28570556640625,116.28571319580078
1767414071707,114.28570556640625,115.28571319580078
1767414071739,114.28570556640625,116.28571319580078
1767414071741,114.28570556640625,116.28571319580078
1767414071749,114.28570556640625,121.28571319580078
1767414071757,113.28570556640625,131.28571319580078
1767414071765,112.28570556640625,139.28571319580078
1767414071774,109.28570556640625,147.28571319580078
1767414071782,108.28570556640625,151.28571319580078
1767414071790,105.28570556640625,159.28571319580078
1767414071799,104.28570556640625,163.28571319580078
1767414071807,103.28570556640625,165.28571319580078
1767414071815,102.28570556640625,167.28571319580078
1767414071824,102.28570556640625,167.28571319580078
1767414071862,101.28570556640625,167.28571319580078
1767414071866,100.28570556640625,167.28571319580078
1767414071874,98.28570556640625,164.28571319580078
1767414071882,98.28570556640625,160.28571319580078
1767414071890,98.28570556640625,156.28571319580078
1767414071899,98.28570556640625,155.28571319580078
1767414071907,97.28570556640625,128.28571319580078
1767414071915,98.28570556640625,121.28571319580078
1767414071924,98.28570556640625,119.28571319580078
1767414071932,98.28570556640625,117.28571319580078
1767414071978,98.28570556640625,118.28571319580078
1767414071990,98.28570556640625,127.28571319580078
1767414071999,98.28570556640625,137.28571319580078
1767414072007,98.28570556640625,145.28571319580078
1767414072015,97.28570556640625,150.28571319580078
1767414072024,97.28570556640625,154.28571319580078
1767414072032,97.28570556640625,157.28571319580078
1767414072040,96.28570556640625,159.28571319580078
1767414072091,96.28570556640625,159.28571319580078
1767414072099,96.28570556640625,156.28571319580078
1767414072107,96.28570556640625,150.28571319580078
1767414072115,96.28570556640625,144.28571319580078
1767414072124,97.28570556640625,138.28571319580078
1767414072132,98.28570556640625,133.28571319580078
1767414072140,98.28570556640625,131.28571319580078
1767414072179,99.28570556640625,131.28571319580078
1767414072185,100.28570556640625,133.28571319580078
1767414072190,100.28570556640625,135.28571319580078
1767414072199,101.28570556640625,137.28571319580078
1767414072207,101.28570556640625,145.28571319580078
1767414072215,101.28570556640625,149.28571319580078
1767414072224,102.28570556640625,153.28571319580078
1767414072232,102.28570556640625,156.28571319580078
1767414072240,102.28570556640625,160.28571319580078
1767414072249,102.28570556640625,162.28571319580078
1767414072257,103.28570556640625,163.28571319580078
1767414072311,103.28570556640625,163.28571319580078
1767414072318,104.28570556640625,160.28571319580078
1767414072324,105.28570556640625,156.28571319580078
1767414072332,106.28570556640625,151.28571319580078
1767414072340,109.28570556640625,141.28571319580078
1767414072349,110.28570556640625,133.28571319580078
1767414072357,113.28570556640625,125.28571319580078
1767414072365,114.28570556640625,119.28571319580078
1767414072374,115.28570556640625,115.28571319580078
1767414072382,115.28570556640625,113.28571319580078
1767414072425,115.28570556640625,113.28571319580078
1767414072432,115.28570556640625,116.28571319580078
1767414072440,115.28570556640625,122.28571319580078
1767414072449,115.28570556640625,128.28571319580078
1767414072457,115.28570556640625,133.28571319580078
1767414072465,115.28570556640625,141.28571319580078
1767414072474,114.28570556640625,147.28571319580078
1767414072482,114.28570556640625,152.28571319580078
1767414072490,114.28570556640625,157.28571319580078
1767414072499,114.28570556640625,160.28571319580078
1767414072507,114.28570556640625,161.28571319580078
1767414072515,114.28570556640625,163.28571319580078
1767414072524,114.28570556640625,163.28571319580078
1767414072572,114.28570556640625,163.28571319580078
1767414072579,114.28570556640625,159.28571319580078
1767414072583,115.28570556640625,155.28571319580078
1767414072590,117.28570556640625,149.28571319580078
1767414072599,120.28570556640625,140.28571319580078
1767414072607,121.28570556640625,135.28571319580078
1767414072616,126.28570556640625,121.28571319580078
1767414072624,128.28570556640625,117.28571319580078
1767414072632,130.28570556640625,115.28571319580078
1767414072640,130.28570556640625,113.28571319580078
1767414072680,131.28570556640625,113.28571319580078
1767414072687,132.28570556640625,114.28571319580078
1767414072691,133.28570556640625,115.28571319580078
1767414072699,134.28570556640625,118.28571319580078
1767414072707,136.28570556640625,123.28571319580078
1767414072716,137.28570556640625,131.28571319580078
1767414072724,137.28570556640625,137.28571319580078
1767414072732,138.28570556640625,143.28571319580078
1767414072740,140.28570556640625,148.28571319580078
1767414072749,141.28570556640625,152.28571319580078
1767414072757,141.28570556640625,155.28571319580078
1767414072765,142.28570556640625,157.28571319580078
1767414072774,142.28570556640625,157.28571319580078
1767414072826,142.28570556640625,157.28571319580078
1767414072833,144.28570556640625,153.28571319580078
1767414072840,145.28570556640625,148.28571319580078
1767414072849,148.28570556640625,139.28571319580078
1767414072857,149.28570556640625,131.28571319580078
1767414072866,152.28570556640625,123.28571319580078
1767414072874,153.28570556640625,121.28571319580078
1767414072882,153.28570556640625,120.28571319580078
1767414072921,154.28570556640625,120.28571319580078
1767414072925,154.28570556640625,120.28571319580078
1767414072932,154.28570556640625,121.28571319580078
1767414072940,155.28570556640625,127.28571319580078
1767414072949,156.28570556640625,133.28571319580078
1767414072957,156.28570556640625,139.28571319580078
1767414072965,156.28570556640625,145.28571319580078
1767414072974,156.28570556640625,151.28571319580078
1767414072982,156.28570556640625,157.28571319580078
1767414072990,156.28570556640625,161.28571319580078
1767414072999,155.28570556640625,165.28571319580078
1767414073007,155.28570556640625,167.28571319580078
1767414073067,154.28570556640625,167.28571319580078
1767414073076,154.28570556640625,165.28571319580078
1767414073082,153.28570556640625,163.28571319580078
1767414073090,153.28570556640625,153.28571319580078
1767414073099,153.28570556640625,147.28571319580078
1767414073107,154.28570556640625,136.28571319580078
1767414073115,156.28570556640625,127.28571319580078
1767414073124,157.28570556640625,121.28571319580078
1767414073132,158.28570556640625,120.28571319580078
1767414073166,159.28570556640625,120.28571319580078
1767414073174,160.28570556640625,123.28571319580078
1767414073182,162.28570556640625,128.28571319580078
1767414073190,163.28570556640625,137.28571319580078
1767414073199,164.28570556640625,143.28571319580078
1767414073207,164.28570556640625,149.28571319580078
1767414073215,164.28570556640625,154.28571319580078
1767414073224,164.28570556640625,157.28571319580078
1767414073232,164.28570556640625,160.28571319580078
1767414073240,164.28570556640625,161.28571319580078
1767414073249,164.28570556640625,162.28571319580078
1767414073291,164.28570556640625,161.28571319580078
1767414073299,164.28570556640625,159.28571319580078
1767414073307,164.28570556640625,155.28571319580078
1767414073315,165.28570556640625,149.28571319580078
1767414073324,165.28570556640625,146.28571319580078
1767414073332,169.28570556640625,133.28571319580078
1767414073340,171.28570556640625,128.28571319580078
1767414073349,172.28570556640625,125.28571319580078
1767414073357,173.28570556640625,121.28571319580078
1767414073365,174.28570556640625,118.28571319580078
1767414073374,175.28570556640625,116.28571319580078
1767414073382,176.28570556640625,115.28571319580078
1767414073390,176.28570556640625,115.28571319580078
1767414073479,176.28570556640625,115.28571319580078
1767414073517,177.28570556640625,115.28571319580078
1767414073533,177.28570556640625,115.28571319580078
1767414073540,178.28570556640625,115.28571319580078
1767414073549,179.28570556640625,117.28571319580078
1767414073557,180.28570556640625,121.28571319580078
1767414073565,181.28570556640625,126.28571319580078
1767414073574,182.28570556640625,131.28571319580078
1767414073582,182.28570556640625,136.28571319580078
1767414073590,182.28570556640625,139.28571319580078
1767414073599,182.28570556640625,143.28571319580078
1767414073607,182.28570556640625,145.28571319580078
1767414073615,182.28570556640625,145.28571319580078
1767414073624,182.28570556640625,146.28571319580078
1767414073684,182.28570556640625,146.28571319580078
1767414073692,181.28570556640625,146.28571319580078
1767414073699,180.28570556640625,145.28571319580078
1767414073707,180.28570556640625,144.28571319580078
1767414073716,179.28570556640625,144.28571319580078
1767414073732,178.28570556640625,144.28571319580078
1767414073789,178.28570556640625,144.28571319580078
1767414073799,178.28570556640625,150.28571319580078
1767414073807,178.28570556640625,155.28571319580078
1767414073815,178.28570556640625,159.28571319580078
1767414073824,178.28570556640625,162.28571319580078
1767414073832,178.28570556640625,165.28571319580078
1767414073840,178.28570556640625,168.28571319580078
1767414073849,178.28570556640625,171.28571319580078
1767414073857,178.28570556640625,175.28571319580078
1767414073865,178.28570556640625,176.28571319580078
1767414073874,178.28570556640625,178.28571319580078
1767414073882,179.28570556640625,180.28571319580078
1767414073890,180.28570556640625,181.28571319580078
1767414073899,180.28570556640625,183.28571319580078
1767414073907,180.28570556640625,184.28571319580078
1767414073915,180.28570556640625,185.28571319580078
1767414073932,181.28570556640625,185.28571319580078
1767414074002,181.28570556640625,184.28571319580078
1767414074007,180.28570556640625,184.28571319580078
1767414074015,180.28570556640625,180.28571319580078
1767414074024,180.28570556640625,176.28571319580078
1767414074032,180.28570556640625,172.28571319580078
1767414074040,180.28570556640625,169.28571319580078
1767414074049,180.28570556640625,163.28571319580078
1767414074057,180.28570556640625,160.28571319580078
1767414074065,180.28570556640625,156.28571319580078
1767414074074,180.28570556640625,155.28571319580078
1767414074082,180.28570556640625,154.28571319580078
1767414074090,180.28570556640625,153.28571319580078
1767414074139,180.28570556640625,153.28571319580078
1767414074149,181.28570556640625,153.28571319580078
1767414074157,181.28570556640625,153.28571319580078
1767414074165,182.28570556640625,154.28571319580078
1767414074174,184.28570556640625,156.28571319580078
1767414074182,185.28570556640625,159.28571319580078
1767414074190,185.28570556640625,164.28571319580078
1767414074199,186.28570556640625,168.28571319580078
1767414074207,187.28570556640625,172.28571319580078
1767414074215,187.28570556640625,176.28571319580078
1767414074224,188.28570556640625,180.28571319580078
1767414074232,188.28570556640625,184.28571319580078
1767414074240,189.28570556640625,189.28571319580078
1767414074249,190.28570556640625,195.28571319580078
1767414074257,190.28570556640625,197.28571319580078
1767414074265,190.28570556640625,200.28571319580078
1767414074274,190.28570556640625,200.28571319580078
1767414074332,190.28570556640625,201.28571319580078
1767414074411,190.28570556640625,201.28571319580078
1767414074419,189.28570556640625,200.28571319580078
1767414074424,189.28570556640625,199.28571319580078
1767414074432,188.28570556640625,197.28571319580078
1767414074440,188.28570556640625,196.28571319580078
1767414074494,188.28570556640625,196.28571319580078
1767414074503,189.28570556640625,199.28571319580078
1767414074507,189.28570556640625,200.28571319580078
1767414074515,189.28570556640625,204.28571319580078
1767414074524,189.28570556640625,207.28571319580078
1767414074532,190.28570556640625,209.28571319580078
1767414074540,190.28570556640625,212.28571319580078
1767414074549,190.28570556640625,213.28571319580078
1767414074557,190.28570556640625,215.28571319580078
1767414074565,190.28570556640625,217.28571319580078
1767414074574,190.28570556640625,219.28571319580078
1767414074590,190.28570556640625,219.28571319580078
1767414074617,190.28570556640625,220.28571319580078
1767414074649,190.28570556640625,220.28571319580078
1767414074705,190.28570556640625,220.28571319580078
1767414074714,189.28570556640625,217.28571319580078
1767414074718,189.28570556640625,217.28571319580078
1767414074724,188.28570556640625,213.28571319580078
1767414074732,188.28570556640625,208.28571319580078
1767414074740,188.28570556640625,204.28571319580078
1767414074749,188.28570556640625,202.28571319580078
1767414074757,188.28570556640625,200.28571319580078
1767414074765,188.28570556640625,200.28571319580078
1767414074784,188.28570556640625,199.28571319580078
1767414074833,188.28570556640625,200.28571319580078
1767414074842,188.28570556640625,201.28571319580078
1767414074849,189.28570556640625,203.28571319580078
1767414074857,189.28570556640625,206.28571319580078
1767414074865,189.28570556640625,209.28571319580078
1767414074874,189.28570556640625,212.28571319580078
1767414074882,189.28570556640625,214.28571319580078
1767414074890,189.28570556640625,217.28571319580078
1767414074899,189.28570556640625,220.28571319580078
1767414074907,189.28570556640625,223.28571319580078
1767414074915,189.28570556640625,225.28571319580078
1767414074924,189.28570556640625,228.28571319580078
1767414074932,189.28570556640625,231.28571319580078
1767414074940,189.28570556640625,233.28571319580078
1767414074949,189.28570556640625,236.28571319580078
1767414074957,189.28570556640625,239.28571319580078
1767414074965,188.28570556640625,240.28571319580078
1767414074974,188.28570556640625,243.28571319580078
1767414074982,188.28570556640625,243.28571319580078
1767414074990,188.28570556640625,244.28571319580078
1767414074999,187.28570556640625,245.28571319580078
1767414075074,187.28570556640625,244.28571319580078
1767414075090,186.28570556640625,239.28571319580078
1767414075099,186.28570556640625,237.28571319580078
1767414075107,186.28570556640625,235.28571319580078
1767414075115,186.28570556640625,235.28571319580078
1767414075124,186.28570556640625,234.28571319580078
1767414075194,186.28570556640625,235.28571319580078
1767414075199,187.28570556640625,236.28571319580078
1767414075207,188.28570556640625,238.28571319580078
1767414075215,188.28570556640625,241.28571319580078
1767414075224,188.28570556640625,243.28571319580078
1767414075232,188.28570556640625,244.28571319580078
1767414075240,189.28570556640625,245.28571319580078
1767414075248,189.28570556640625,246.28571319580078
1767414075314,189.28570556640625,245.28571319580078
1767414075318,189.28570556640625,245.28571319580078
1767414075323,189.28570556640625,243.28571319580078
1767414075332,189.28570556640625,240.28571319580078
1767414075340,189.28570556640625,237.28571319580078
1767414075349,189.28570556640625,235.28571319580078
1767414075357,189.28570556640625,233.28571319580078
1767414075365,189.28570556640625,230.28571319580078
1767414075374,189.28570556640625,229.28571319580078
1767414075382,189.28570556640625,222.28571319580078
1767414075390,189.28570556640625,219.28571319580078
1767414075399,189.28570556640625,216.28571319580078
1767414075407,189.28570556640625,213.28571319580078
1767414075415,189.28570556640625,210.28571319580078
1767414075424,189.28570556640625,208.28571319580078
1767414075432,189.28570556640625,206.28571319580078
1767414075440,189.28570556640625,205.28571319580078
1767414075449,189.28570556640625,205.28571319580078
1767414075626,188.28570556640625,205.28571319580078
1767414075632,188.28570556640625,204.28571319580078
1767414075640,186.28570556640625,201.28571319580078
1767414075649,184.28570556640625,197.28571319580078
1767414075657,183.28570556640625,192.28571319580078
1767414075665,182.28570556640625,187.28571319580078
1767414075674,180.28570556640625,182.28571319580078
1767414075682,180.28570556640625,178.28571319580078
1767414075690,179.28570556640625,175.28571319580078
1767414075699,179.28570556640625,174.28571319580078
1767414075707,178.28570556640625,173.28571319580078
1767414075715,178.28570556640625,173.28571319580078
1767414075870,178.28570556640625,172.28571319580078
1767414075881,178.28570556640625,169.28571319580078
1767414075886,177.28570556640625,166.28571319580078
1767414075890,174.28570556640625,159.28571319580078
1767414075899,173.28570556640625,155.28571319580078
1767414075907,172.28570556640625,150.28571319580078
1767414075915,170.28570556640625,145.28571319580078
1767414075924,169.28570556640625,141.28571319580078
1767414075932,168.28570556640625,139.28571319580078
1767414075940,167.28570556640625,137.28571319580078
1767414076002,166.28570556640625,137.28571319580078
1767414076011,166.28570556640625,139.28571319580078
1767414076016,164.28570556640625,141.28571319580078
1767414076024,162.28570556640625,144.28571319580078
1767414076032,160.28570556640625,148.28571319580078
1767414076040,156.28570556640625,155.28571319580078
1767414076049,153.28570556640625,161.28571319580078
1767414076057,150.28570556640625,168.28571319580078
1767414076065,147.28570556640625,174.28571319580078
1767414076074,145.28570556640625,179.28571319580078
1767414076082,144.28570556640625,182.28571319580078
1767414076090,143.28570556640625,185.28571319580078
1767414076098,142.28570556640625,185.28571319580078
1767414076157,142.28570556640625,185.28571319580078
1767414076167,141.28570556640625,183.28571319580078
1767414076173,140.28570556640625,177.28571319580078
1767414076182,140.28570556640625,173.28571319580078
1767414076190,139.28570556640625,170.28571319580078
1767414076199,138.28570556640625,165.28571319580078
1767414076207,138.28570556640625,162.28571319580078
1767414076215,138.28570556640625,159.28571319580078
1767414076224,138.28570556640625,157.28571319580078
1767414076232,138.28570556640625,156.28571319580078
1767414076249,138.28570556640625,156.28571319580078
1767414076305,138.28570556640625,156.28571319580078
1767414076315,137.28570556640625,159.28571319580078
1767414076318,137.28570556640625,160.28571319580078
1767414076324,137.28570556640625,163.28571319580078
1767414076332,136.28570556640625,166.28571319580078
1767414076340,136.28570556640625,169.28571319580078
1767414076348,136.28570556640625,172.28571319580078
1767414076357,135.28570556640625,172.28571319580078
1767414076365,135.28570556640625,173.28571319580078
1767414076374,134.28570556640625,173.28571319580078
1767414076422,134.28570556640625,173.28571319580078
1767414076426,134.28570556640625,172.28571319580078
1767414076432,133.28570556640625,167.28571319580078
1767414076440,132.28570556640625,157.28571319580078
1767414076449,132.28570556640625,148.28571319580078
1767414076457,132.28570556640625,139.28571319580078
1767414076465,131.28570556640625,125.28571319580078
1767414076473,131.28570556640625,120.28571319580078
1767414076482,131.28570556640625,117.28571319580078
1767414076490,131.28570556640625,117.28571319580078
1767414076540,131.28570556640625,117.28571319580078
1767414076550,131.28570556640625,121.28571319580078
1767414076557,132.28570556640625,126.28571319580078
1767414076565,132.28570556640625,132.28571319580078
1767414076574,132.28570556640625,136.28571319580078
1767414076582,131.28570556640625,141.28571319580078
1767414076590,130.28570556640625,145.28571319580078
1767414076599,130.28570556640625,148.28571319580078
1767414076607,130.28570556640625,151.28571319580078
1767414076615,129.28570556640625,152.28571319580078
1767414076675,129.28570556640625,152.28571319580078
1767414076685,128.28570556640625,149.28571319580078
1767414076690,127.28570556640625,145.28571319580078
1767414076698,126.28570556640625,138.28571319580078
1767414076707,125.28570556640625,130.28571319580078
1767414076715,125.28570556640625,123.28571319580078
1767414076724,125.28570556640625,117.28571319580078
1767414076732,124.28570556640625,113.28571319580078
1767414076740,124.28570556640625,111.28571319580078
1767414076788,124.28570556640625,111.28571319580078
1767414076799,123.28570556640625,116.28571319580078
1767414076803,123.28570556640625,117.28571319580078
1767414076815,121.28570556640625,130.28571319580078
1767414076826,121.28570556640625,136.28571319580078
1767414076832,120.28570556640625,141.28571319580078
1767414076840,120.28570556640625,146.28571319580078
1767414076848,119.28570556640625,148.28571319580078
1767414076857,119.28570556640625,149.28571319580078
1767414076865,119.28570556640625,150.28571319580078
1767414076911,119.28570556640625,149.28571319580078
1767414076919,121.28570556640625,143.28571319580078
1767414076924,123.28570556640625,139.28571319580078
1767414076932,127.28570556640625,132.28571319580078
1767414076940,132.28570556640625,124.28571319580078
1767414076948,136.28570556640625,118.28571319580078
1767414076957,138.28570556640625,112.28571319580078
1767414076965,142.28570556640625,107.28571319580078
1767414076973,145.28570556640625,102.28571319580078
1767414076982,147.28570556640625,98.28571319580078
1767414076990,149.28570556640625,95.28571319580078
1767414076999,149.28570556640625,94.28571319580078
1767414077007,149.28570556640625,93.28571319580078
1767414077086,150.28570556640625,93.28571319580078
1767414077099,151.28570556640625,95.28571319580078
1767414077107,152.28570556640625,98.28571319580078
1767414077115,153.28570556640625,103.28571319580078
1767414077123,154.28570556640625,107.28571319580078
1767414077132,155.28570556640625,111.28571319580078
1767414077140,157.28570556640625,115.28571319580078
1767414077148,158.28570556640625,119.28571319580078
1767414077157,158.28570556640625,121.28571319580078
1767414077165,159.28570556640625,125.28571319580078
1767414077173,160.28570556640625,127.28571319580078
1767414077182,160.28570556640625,129.28571319580078
1767414077190,161.28570556640625,131.28571319580078
1767414077199,161.28570556640625,131.28571319580078
1767414077207,161.28570556640625,132.28571319580078
1767414077289,161.28570556640625,131.28571319580078
1767414077301,161.28570556640625,128.28571319580078
1767414077307,161.28570556640625,126.28571319580078
1767414077315,161.28570556640625,124.28571319580078
1767414077323,160.28570556640625,120.28571319580078
1767414077332,159.28570556640625,117.28571319580078
1767414077340,159.28570556640625,116.28571319580078
1767414077348,159.28570556640625,115.28571319580078
1767414077357,159.28570556640625,113.28571319580078
1767414077365,159.28570556640625,112.28571319580078
1767414077374,159.28570556640625,111.28571319580078
1767414077463,160.28570556640625,111.28571319580078
1767414077473,161.28570556640625,111.28571319580078
1767414077477,162.28570556640625,112.28571319580078
1767414077482,163.28570556640625,113.28571319580078
1767414077490,165.28570556640625,115.28571319580078
1767414077498,166.28570556640625,116.28571319580078
1767414077507,168.28570556640625,117.28571319580078
1767414077515,169.28570556640625,119.28571319580078
1767414077601,168.28570556640625,119.28571319580078
1767414077607,168.28570556640625,119.28571319580078
1767414077615,166.28570556640625,119.28571319580078
1767414077623,165.28570556640625,119.28571319580078
1767414077632,163.28570556640625,119.28571319580078
1767414077640,160.28570556640625,119.28571319580078
1767414077648,156.28570556640625,119.28571319580078
1767414077657,152.28570556640625,119.28571319580078
1767414077665,147.28570556640625,120.28571319580078
1767414077674,144.28570556640625,120.28571319580078
1767414077682,141.28570556640625,121.28571319580078
1767414077690,138.28570556640625,122.28571319580078
1767414077698,135.28570556640625,123.28571319580078
1767414077707,133.28570556640625,124.28571319580078
1767414077715,130.28570556640625,125.28571319580078
1767414077723,129.28570556640625,126.28571319580078
1767414077732,129.28570556640625,127.28571319580078
1767414077740,128.28570556640625,127.28571319580078
1767414077748,128.28570556640625,128.28571319580078
1767414077757,127.28570556640625,129.28571319580078
1767414077765,126.28570556640625,131.28571319580078
1767414077774,126.28570556640625,132.28571319580078
1767414077782,126.28570556640625,133.28571319580078
1767414077790,126.28570556640625,135.28571319580078
1767414077799,126.28570556640625,136.28571319580078
1767414077807,128.28570556640625,139.28571319580078
1767414077815,130.28570556640625,142.28571319580078
1767414077824,132.28570556640625,144.28571319580078
1767414077832,133.28570556640625,146.28571319580078
1767414077840,134.28570556640625,148.28571319580078
1767414077849,136.28570556640625,151.28571319580078
1767414077857,136.28570556640625,152.28571319580078
1767414077865,136.28570556640625,154.28571319580078
1767414077874,136.28570556640625,156.28571319580078
1767414077882,136.28570556640625,157.28571319580078
1767414077890,135.28570556640625,159.28571319580078
1767414077898,133.28570556640625,161.28571319580078
1767414077907,130.28570556640625,163.28571319580078
1767414077915,126.28570556640625,165.28571319580078
1767414077923,122.28570556640625,167.28571319580078
1767414077932,117.28570556640625,168.28571319580078
1767414077940,110.28570556640625,171.28571319580078
1767414077949,105.28570556640625,172.28571319580078
1767414077957,101.28570556640625,173.28571319580078
1767414077965,98.28570556640625,174.28571319580078
1767414077973,96.28570556640625,174.28571319580078
1767414077982,96.28570556640625,175.28571319580078
1767414078070,96.28570556640625,175.28571319580078
1767414078080,100.28570556640625,175.28571319580078
1767414078084,102.28570556640625,176.28571319580078
1767414078090,108.28570556640625,176.28571319580078
1767414078099,114.28570556640625,179.28571319580078
1767414078107,119.28570556640625,179.28571319580078
1767414078115,123.28570556640625,180.28571319580078
1767414078123,125.28570556640625,180.28571319580078
1767414078132,125.28570556640625,180.28571319580078
1767414078193,125.28570556640625,180.28571319580078
1767414078198,124.28570556640625,181.28571319580078
1767414078207,118.28570556640625,181.28571319580078
1767414078215,110.28570556640625,182.28571319580078
1767414078223,105.28570556640625,183.28571319580078
1767414078232,101.28570556640625,184.28571319580078
1767414078240,97.28570556640625,184.28571319580078
1767414078249,94.28570556640625,184.28571319580078
1767414078257,94.28570556640625,184.28571319580078
1767414078327,94.28570556640625,184.28571319580078
1767414078337,97.28570556640625,182.28571319580078
1767414078348,101.28570556640625,181.28571319580078
1767414078357,105.28570556640625,180.28571319580078
1767414078365,111.28570556640625,180.28571319580078
1767414078373,116.28570556640625,180.28571319580078
1767414078382,119.28570556640625,180.28571319580078
1767414078390,121.28570556640625,180.28571319580078
1767414078398,122.28570556640625,180.28571319580078
1767414078407,122.28570556640625,180.28571319580078
1767414078462,122.28570556640625,180.28571319580078
1767414078470,118.28570556640625,180.28571319580078
1767414078474,117.28570556640625,180.28571319580078
1767414078482,113.28570556640625,180.28571319580078
1767414078490,107.28570556640625,181.28571319580078
1767414078498,102.28570556640625,183.28571319580078
1767414078507,97.28570556640625,183.28571319580078
1767414078515,94.28570556640625,184.28571319580078
1767414078523,92.28570556640625,185.28571319580078
1767414078607,95.28570556640625,184.28571319580078
1767414078615,102.28570556640625,183.28571319580078
1767414078623,112.28570556640625,183.28571319580078
1767414078632,122.28570556640625,181.28571319580078
1767414078640,135.28570556640625,181.28571319580078
1767414078649,142.28570556640625,181.28571319580078
1767414078657,154.28570556640625,182.28571319580078
1767414078665,158.28570556640625,183.28571319580078
1767414078711,158.28570556640625,183.28571319580078
1767414078715,157.28570556640625,183.28571319580078
1767414078723,155.28570556640625,184.28571319580078
1767414078732,152.28570556640625,185.28571319580078
1767414078740,148.28570556640625,186.28571319580078
1767414078748,144.28570556640625,187.28571319580078
1767414078757,137.28570556640625,188.28571319580078
1767414078765,131.28570556640625,189.28571319580078
1767414078773,126.28570556640625,191.28571319580078
1767414078782,122.28570556640625,191.28571319580078
1767414078790,119.28570556640625,192.28571319580078
1767414078798,117.28570556640625,192.28571319580078
1767414078891,118.28570556640625,192.28571319580078
1767414078899,121.28570556640625,192.28571319580078
1767414078907,125.28570556640625,192.28571319580078
1767414078915,130.28570556640625,192.28571319580078
1767414078923,137.28570556640625,192.28571319580078
1767414078932,141.28570556640625,192.28571319580078
1767414078940,143.28570556640625,192.28571319580078
1767414078948,144.28570556640625,192.28571319580078
1767414078986,144.28570556640625,192.28571319580078
1767414078995,141.28570556640625,194.28571319580078
1767414078999,140.28570556640625,195.28571319580078
1767414079007,136.28570556640625,196.28571319580078
1767414079015,128.28570556640625,198.28571319580078
1767414079024,121.28570556640625,199.28571319580078
1767414079032,113.28570556640625,200.28571319580078
1767414079040,102.28570556640625,203.28571319580078
1767414079049,93.28570556640625,204.28571319580078
1767414079057,88.28570556640625,204.28571319580078
1767414079065,85.28570556640625,205.28571319580078
1767414079116,85.28570556640625,205.28571319580078
1767414079123,87.28570556640625,204.28571319580078
1767414079132,91.28570556640625,203.28571319580078
1767414079140,97.28570556640625,201.28571319580078
1767414079148,105.28570556640625,199.28571319580078
1767414079157,114.28570556640625,198.28571319580078
1767414079165,130.28570556640625,198.28571319580078
1767414079173,138.28570556640625,198.28571319580078
1767414079182,145.28570556640625,199.28571319580078
1767414079190,146.28570556640625,199.28571319580078
1767414079237,146.28570556640625,200.28571319580078
1767414079248,141.28570556640625,201.28571319580078
1767414079251,139.28570556640625,201.28571319580078
1767414079257,136.28570556640625,202.28571319580078
1767414079265,125.28570556640625,204.28571319580078
1767414079274,118.28570556640625,205.28571319580078
1767414079282,110.28570556640625,206.28571319580078
1767414079290,98.28570556640625,207.28571319580078
1767414079298,89.28570556640625,207.28571319580078
1767414079307,82.28570556640625,207.28571319580078
1767414079315,79.28570556640625,207.28571319580078
1767414079323,78.28570556640625,207.28571319580078
1767414079361,78.28570556640625,206.28571319580078
1767414079370,80.28570556640625,203.28571319580078
1767414079374,80.28570556640625,201.28571319580078
1767414079382,83.28570556640625,200.28571319580078
1767414079390,86.28570556640625,195.28571319580078
1767414079399,90.28570556640625,193.28571319580078
1767414079407,96.28570556640625,191.28571319580078
1767414079415,102.28570556640625,189.28571319580078
1767414079423,107.28570556640625,188.28571319580078
1767414079432,112.28570556640625,187.28571319580078
1767414079440,113.28570556640625,186.28571319580078
1767414079448,113.28570556640625,185.28571319580078
1767414079500,113.28570556640625,185.28571319580078
1767414079509,110.28570556640625,185.28571319580078
1767414079515,106.28570556640625,185.28571319580078
1767414079523,101.28570556640625,185.28571319580078
1767414079532,96.28570556640625,185.28571319580078
1767414079540,90.28570556640625,185.28571319580078
1767414079548,86.28570556640625,185.28571319580078
1767414079557,84.28570556640625,185.28571319580078
1767414079565,84.28570556640625,185.28571319580078
1767414079609,84.28570556640625,184.28571319580078
1767414079616,84.28570556640625,183.28571319580078
1767414079623,87.28570556640625,180.28571319580078
1767414079632,90.28570556640625,178.28571319580078
1767414079640,95.28570556640625,176.28571319580078
1767414079648,100.28570556640625,174.28571319580078
1767414079657,105.28570556640625,172.28571319580078
1767414079665,110.28570556640625,171.28571319580078
1767414079673,111.28570556640625,171.28571319580078
1767414079682,114.28570556640625,170.28571319580078
1767414079751,113.28570556640625,170.28571319580078
1767414079761,110.28570556640625,170.28571319580078
1767414079765,109.28570556640625,170.28571319580078
1767414079773,105.28570556640625,170.28571319580078
1767414079782,96.28570556640625,169.28571319580078
1767414079790,89.28570556640625,169.28571319580078
1767414079798,85.28570556640625,169.28571319580078
1767414079807,82.28570556640625,169.28571319580078
1767414079815,81.28570556640625,169.28571319580078
1767414079881,82.28570556640625,169.28571319580078
1767414079892,87.28570556640625,170.28571319580078
1767414079898,93.28570556640625,171.28571319580078
1767414079907,104.28570556640625,173.28571319580078
1767414079915,117.28570556640625,175.28571319580078
1767414079923,128.28570556640625,178.28571319580078
1767414079932,142.28570556640625,182.28571319580078
1767414079940,153.28570556640625,186.28571319580078
1767414079948,157.28570556640625,188.28571319580078
1767414079957,158.28570556640625,188.28571319580078
1767414079990,158.28570556640625,188.28571319580078
1767414079998,155.28570556640625,189.28571319580078
1767414080007,152.28570556640625,189.28571319580078
1767414080015,145.28570556640625,190.28571319580078
1767414080023,137.28570556640625,191.28571319580078
1767414080032,130.28570556640625,192.28571319580078
1767414080040,119.28570556640625,193.28571319580078
1767414080048,113.28570556640625,194.28571319580078
1767414080057,108.28570556640625,195.28571319580078
1767414080065,106.28570556640625,196.28571319580078
1767414080118,107.28570556640625,196.28571319580078
1767414080132,110.28570556640625,195.28571319580078
1767414080140,114.28570556640625,194.28571319580078
1767414080148,120.28570556640625,192.28571319580078
1767414080157,126.28570556640625,192.28571319580078
1767414080165,134.28570556640625,192.28571319580078
1767414080173,140.28570556640625,192.28571319580078
1767414080182,144.28570556640625,192.28571319580078
1767414080190,146.28570556640625,192.28571319580078
1767414080241,146.28570556640625,192.28571319580078
1767414080249,141.28570556640625,193.28571319580078
1767414080257,137.28570556640625,194.28571319580078
1767414080265,130.28570556640625,196.28571319580078
1767414080273,125.28570556640625,197.28571319580078
1767414080282,121.28570556640625,199.28571319580078
1767414080290,116.28570556640625,201.28571319580078
1767414080298,112.28570556640625,202.28571319580078
1767414080307,110.28570556640625,203.28571319580078
1767414080315,110.28570556640625,204.28571319580078
1767414080392,111.28570556640625,204.28571319580078
1767414080403,117.28570556640625,204.28571319580078
1767414080407,121.28570556640625,204.28571319580078
1767414080415,128.28570556640625,204.28571319580078
1767414080423,134.28570556640625,204.28571319580078
1767414080432,137.28570556640625,204.28571319580078
1767414080486,137.28570556640625,205.28571319580078
1767414080496,134.28570556640625,206.28571319580078
1767414080499,131.28570556640625,207.28571319580078
1767414080507,128.28570556640625,207.28571319580078
1767414080515,118.28570556640625,209.28571319580078
1767414080524,110.28570556640625,212.28571319580078
1767414080532,105.28570556640625,214.28571319580078
1767414080540,98.28570556640625,216.28571319580078
1767414080548,93.28570556640625,217.28571319580078
1767414080557,90.28570556640625,219.28571319580078
1767414080565,89.28570556640625,219.28571319580078
1767414080613,89.28570556640625,220.28571319580078
1767414080623,93.28570556640625,220.28571319580078
1767414080627,96.28570556640625,220.28571319580078
1767414080632,99.28570556640625,220.28571319580078
1767414080640,108.28570556640625,220.28571319580078
1767414080649,124.28570556640625,220.28571319580078
1767414080657,137.28570556640625,220.28571319580078
1767414080665,153.28570556640625,220.28571319580078
1767414080674,169.28570556640625,223.28571319580078
1767414080682,181.28570556640625,225.28571319580078
1767414080690,190.28570556640625,227.28571319580078
1767414080698,192.28570556640625,228.28571319580078
1767414080707,194.28570556640625,229.28571319580078
1767414080740,193.28570556640625,229.28571319580078
1767414080748,189.28570556640625,229.28571319580078
1767414080757,184.28570556640625,231.28571319580078
1767414080765,177.28570556640625,231.28571319580078
1767414080774,168.28570556640625,232.28571319580078
1767414080782,156.28570556640625,232.28571319580078
1767414080790,137.28570556640625,233.28571319580078
1767414080799,128.28570556640625,233.28571319580078
1767414080807,99.28570556640625,232.28571319580078
1767414080815,85.28570556640625,232.28571319580078
1767414080823,80.28570556640625,232.28571319580078
1767414080832,80.28570556640625,232.28571319580078
1767414080876,80.28570556640625,231.28571319580078
1767414080889,81.28570556640625,228.28571319580078
1767414080893,82.28570556640625,227.28571319580078
1767414080898,84.28570556640625,225.28571319580078
1767414080907,89.28570556640625,222.28571319580078
1767414080915,94.28570556640625,219.28571319580078
1767414080923,101.28570556640625,216.28571319580078
1767414080932,108.28570556640625,214.28571319580078
1767414080940,114.28570556640625,212.28571319580078
1767414080948,118.28570556640625,211.28571319580078
1767414080957,121.28570556640625,210.28571319580078
1767414080965,122.28570556640625,210.28571319580078
1767414080973,123.28570556640625,209.28571319580078
1767414081030,122.28570556640625,209.28571319580078
1767414081034,121.28570556640625,209.28571319580078
1767414081040,119.28570556640625,209.28571319580078
1767414081048,115.28570556640625,209.28571319580078
1767414081057,110.28570556640625,209.28571319580078
1767414081065,105.28570556640625,209.28571319580078
1767414081073,101.28570556640625,209.28571319580078
1767414081082,99.28570556640625,209.28571319580078
1767414081090,98.28570556640625,210.28571319580078
1767414081144,98.28570556640625,210.28571319580078
1767414081149,100.28570556640625,210.28571319580078
1767414081157,103.28570556640625,210.28571319580078
1767414081165,108.28570556640625,208.28571319580078
1767414081173,116.28570556640625,207.28571319580078
1767414081182,124.28570556640625,207.28571319580078
1767414081190,131.28570556640625,206.28571319580078
1767414081198,137.28570556640625,206.28571319580078
1767414081207,139.28570556640625,206.28571319580078
1767414081265,136.28570556640625,207.28571319580078
1767414081274,129.28570556640625,209.28571319580078
1767414081282,124.28570556640625,210.28571319580078
1767414081290,115.28570556640625,212.28571319580078
1767414081298,108.28570556640625,214.28571319580078
1767414081307,100.28570556640625,216.28571319580078
1767414081315,93.28570556640625,218.28571319580078
1767414081323,91.28570556640625,219.28571319580078
1767414081370,92.28570556640625,219.28571319580078
1767414081382,95.28570556640625,218.28571319580078
1767414081390,99.28570556640625,217.28571319580078
1767414081398,106.28570556640625,215.28571319580078
1767414081407,114.28570556640625,213.28571319580078
1767414081415,126.28570556640625,212.28571319580078
1767414081423,133.28570556640625,212.28571319580078
1767414081432,140.28570556640625,211.28571319580078
1767414081440,142.28570556640625,211.28571319580078
1767414081482,141.28570556640625,211.28571319580078
1767414081490,139.28570556640625,211.28571319580078
1767414081498,135.28570556640625,212.28571319580078
1767414081507,128.28570556640625,213.28571319580078
1767414081515,122.28570556640625,216.28571319580078
1767414081523,104.28570556640625,219.28571319580078
1767414081532,94.28570556640625,220.28571319580078
1767414081540,86.28570556640625,221.28571319580078
1767414081548,82.28570556640625,223.28571319580078
1767414081557,81.28570556640625,223.28571319580078
1767414081565,81.28570556640625,224.28571319580078
1767414081602,82.28570556640625,224.28571319580078
1767414081608,83.28570556640625,224.28571319580078
1767414081615,86.28570556640625,223.28571319580078
1767414081623,93.28570556640625,220.28571319580078
1767414081632,101.28570556640625,218.28571319580078
1767414081640,112.28570556640625,216.28571319580078
1767414081648,121.28570556640625,216.28571319580078
1767414081657,129.28570556640625,215.28571319580078
1767414081665,134.28570556640625,215.28571319580078
1767414081673,137.28570556640625,215.28571319580078
1767414081723,136.28570556640625,215.28571319580078
1767414081733,133.28570556640625,216.28571319580078
1767414081740,129.28570556640625,217.28571319580078
1767414081748,123.28570556640625,217.28571319580078
1767414081757,116.28570556640625,218.28571319580078
1767414081765,106.28570556640625,220.28571319580078
1767414081773,96.28570556640625,221.28571319580078
1767414081782,90.28570556640625,222.28571319580078
1767414081790,83.28570556640625,224.28571319580078
1767414081798,81.28570556640625,224.28571319580078
1767414081807,81.28570556640625,225.28571319580078
1767414081842,81.28570556640625,225.28571319580078
1767414081850,84.28570556640625,224.28571319580078
1767414081857,87.28570556640625,223.28571319580078
1767414081865,94.28570556640625,220.28571319580078
1767414081873,101.28570556640625,218.28571319580078
1767414081882,112.28570556640625,215.28571319580078
1767414081890,123.28570556640625,213.28571319580078
1767414081898,132.28570556640625,213.28571319580078
1767414081907,136.28570556640625,213.28571319580078
1767414081915,137.28570556640625,213.28571319580078
1767414081960,137.28570556640625,213.28571319580078
1767414081971,134.28570556640625,214.28571319580078
1767414081976,132.28570556640625,215.28571319580078
1767414081982,128.28570556640625,216.28571319580078
1767414081990,122.28570556640625,218.28571319580078
1767414081998,114.28570556640625,220.28571319580078
1767414082007,107.28570556640625,222.28571319580078
1767414082015,102.28570556640625,224.28571319580078
1767414082023,98.28570556640625,225.28571319580078
1767414082032,97.28570556640625,226.28571319580078
1767414082040,97.28570556640625,227.28571319580078
1767414082073,98.28570556640625,227.28571319580078
1767414082082,102.28570556640625,227.28571319580078
1767414082090,107.28570556640625,225.28571319580078
1767414082098,113.28570556640625,224.28571319580078
1767414082107,124.28570556640625,223.28571319580078
1767414082115,134.28570556640625,222.28571319580078
1767414082124,144.28570556640625,221.28571319580078
1767414082132,148.28570556640625,221.28571319580078
1767414082140,152.28570556640625,221.28571319580078
1767414082199,151.28570556640625,221.28571319580078
1767414082207,148.28570556640625,221.28571319580078
1767414082215,144.28570556640625,221.28571319580078
1767414082223,137.28570556640625,223.28571319580078
1767414082232,130.28570556640625,224.28571319580078
1767414082240,115.28570556640625,225.28571319580078
1767414082248,103.28570556640625,226.28571319580078
1767414082257,94.28570556640625,227.28571319580078
1767414082265,90.28570556640625,228.28571319580078
1767414082273,90.28570556640625,229.28571319580078
1767414082303,90.28570556640625,229.28571319580078
1767414082307,90.28570556640625,229.28571319580078
1767414082315,93.28570556640625,229.28571319580078
1767414082323,99.28570556640625,229.28571319580078
1767414082332,104.28570556640625,228.28571319580078
1767414082340,122.28570556640625,225.28571319580078
1767414082348,134.28570556640625,224.28571319580078
1767414082357,142.28570556640625,224.28571319580078
1767414082365,150.28570556640625,223.28571319580078
1767414082373,152.28570556640625,223.28571319580078
1767414082418,152.28570556640625,223.28571319580078
1767414082428,148.28570556640625,223.28571319580078
1767414082432,146.28570556640625,224.28571319580078
1767414082440,140.28570556640625,226.28571319580078
1767414082448,133.28570556640625,227.28571319580078
1767414082457,126.28570556640625,228.28571319580078
1767414082465,114.28570556640625,231.28571319580078
1767414082473,106.28570556640625,232.28571319580078
1767414082482,96.28570556640625,235.28571319580078
1767414082490,91.28570556640625,236.28571319580078
1767414082498,89.28570556640625,236.28571319580078
1767414082507,89.28570556640625,237.28571319580078
1767414082547,89.28570556640625,237.28571319580078
1767414082557,92.28570556640625,237.28571319580078
1767414082565,94.28570556640625,237.28571319580078
1767414082573,98.28570556640625,236.28571319580078
1767414082582,105.28570556640625,236.28571319580078
1767414082590,114.28570556640625,236.28571319580078
1767414082599,121.28570556640625,236.28571319580078
1767414082607,130.28570556640625,236.28571319580078
1767414082615,136.28570556640625,236.28571319580078
1767414082623,138.28570556640625,236.28571319580078
1767414082632,138.28570556640625,237.28571319580078
1767414082675,138.28570556640625,237.28571319580078
1767414082684,134.28570556640625,237.28571319580078
1767414082690,130.28570556640625,239.28571319580078
1767414082698,123.28570556640625,240.28571319580078
1767414082707,116.28570556640625,242.28571319580078
1767414082715,110.28570556640625,244.28571319580078
1767414082723,106.28570556640625,245.28571319580078
1767414082732,104.28570556640625,247.28571319580078
1767414082740,104.28570556640625,247.28571319580078
1767414082748,104.28570556640625,248.28571319580078
1767414082782,105.28570556640625,248.28571319580078
1767414082790,108.28570556640625,248.28571319580078
1767414082798,112.28570556640625,248.28571319580078
1767414082807,117.28570556640625,248.28571319580078
1767414082815,125.28570556640625,247.28571319580078
1767414082824,130.28570556640625,246.28571319580078
1767414082832,135.28570556640625,245.28571319580078
1767414082840,138.28570556640625,245.28571319580078
1767414082881,138.28570556640625,245.28571319580078
1767414082891,137.28570556640625,245.28571319580078
1767414082898,134.28570556640625,245.28571319580078
1767414082907,130.28570556640625,246.28571319580078
1767414082915,123.28570556640625,247.28571319580078
1767414082923,117.28570556640625,248.28571319580078
1767414082932,108.28570556640625,251.28571319580078
1767414082940,100.28570556640625,252.28571319580078
1767414082949,94.28570556640625,253.28571319580078
1767414082957,88.28570556640625,255.28571319580078
1767414082965,86.28570556640625,255.28571319580078
1767414083009,87.28570556640625,255.28571319580078
1767414083019,91.28570556640625,254.28571319580078
1767414083023,93.28570556640625,253.28571319580078
1767414083032,98.28570556640625,251.28571319580078
1767414083040,106.28570556640625,249.28571319580078
1767414083048,113.28570556640625,248.28571319580078
1767414083057,126.28570556640625,247.28571319580078
1767414083065,136.28570556640625,245.28571319580078
1767414083073,143.28570556640625,245.28571319580078
1767414083082,145.28570556640625,245.28571319580078
1767414083090,146.28570556640625,245.28571319580078
1767414083126,145.28570556640625,245.28571319580078
1767414083134,142.28570556640625,245.28571319580078
1767414083140,140.28570556640625,245.28571319580078
1767414083148,133.28570556640625,247.28571319580078
1767414083157,126.28570556640625,248.28571319580078
1767414083165,117.28570556640625,249.28571319580078
1767414083173,109.28570556640625,251.28571319580078
1767414083182,100.28570556640625,252.28571319580078
1767414083190,95.28570556640625,253.28571319580078
1767414083198,93.28570556640625,254.28571319580078
1767414083215,93.28570556640625,255.28571319580078
1767414083246,93.28570556640625,255.28571319580078
1767414083255,95.28570556640625,255.28571319580078
1767414083260,100.28570556640625,252.28571319580078
1767414083265,104.28570556640625,249.28571319580078
1767414083273,112.28570556640625,247.28571319580078
1767414083282,120.28570556640625,245.28571319580078
1767414083290,130.28570556640625,243.28571319580078
1767414083298,141.28570556640625,240.28571319580078
1767414083307,148.28570556640625,239.28571319580078
1767414083315,151.28570556640625,239.28571319580078
1767414083323,152.28570556640625,239.28571319580078
1767414083357,152.28570556640625,239.28571319580078
1767414083365,150.28570556640625,239.28571319580078
1767414083373,147.28570556640625,239.28571319580078
1767414083382,142.28570556640625,240.28571319580078
1767414083390,134.28570556640625,241.28571319580078
1767414083398,127.28570556640625,243.28571319580078
1767414083407,116.28570556640625,244.28571319580078
1767414083415,104.28570556640625,245.28571319580078
1767414083423,91.28570556640625,246.28571319580078
1767414083432,80.28570556640625,247.28571319580078
1767414083440,72.28570556640625,247.28571319580078
1767414083448,66.28570556640625,247.28571319580078
1767414083456,65.28570556640625,247.28571319580078
1767414083501,66.28570556640625,247.28571319580078
1767414083507,66.28570556640625,245.28571319580078
1767414083515,69.28570556640625,243.28571319580078
1767414083523,73.28570556640625,240.28571319580078
1767414083532,79.28570556640625,237.28571319580078
1767414083540,84.28570556640625,234.28571319580078
1767414083548,93.28570556640625,231.28571319580078
1767414083557,99.28570556640625,228.28571319580078
1767414083565,102.28570556640625,227.28571319580078
1767414083573,105.28570556640625,226.28571319580078
1767414083582,106.28570556640625,226.28571319580078
1767414083623,106.28570556640625,227.28571319580078
1767414083633,104.28570556640625,229.28571319580078
1767414083640,103.28570556640625,231.28571319580078
1767414083648,102.28570556640625,233.28571319580078
1767414083657,101.28570556640625,235.28571319580078
1767414083665,100.28570556640625,237.28571319580078
1767414083673,100.28570556640625,237.28571319580078
1767414083682,95.28570556640625,243.28571319580078
1767414083690,94.28570556640625,244.28571319580078
1767414083707,93.28570556640625,244.28571319580078
1767414083762,93.28570556640625,244.28571319580078
1767414083777,93.28570556640625,238.28571319580078
1767414083783,93.28570556640625,236.28571319580078
1767414083790,93.28570556640625,233.28571319580078
1767414083798,94.28570556640625,228.28571319580078
1767414083807,95.28570556640625,225.28571319580078
1767414083815,96.28570556640625,224.28571319580078
1767414083864,96.28570556640625,224.28571319580078
1767414083874,96.28570556640625,226.28571319580078
1767414083882,96.28570556640625,231.28571319580078
1767414083890,96.28570556640625,235.28571319580078
1767414083898,96.28570556640625,237.28571319580078
1767414083907,96.28570556640625,239.28571319580078
1767414083915,96.28570556640625,241.28571319580078
1767414083923,96.28570556640625,242.28571319580078
1767414083983,96.28570556640625,241.28571319580078
1767414083994,96.28570556640625,238.28571319580078
1767414083998,97.28570556640625,236.28571319580078
1767414084007,98.28570556640625,230.28571319580078
1767414084015,100.28570556640625,225.28571319580078
1767414084023,101.28570556640625,221.28571319580078
1767414084032,101.28570556640625,219.28571319580078
1767414084040,102.28570556640625,217.28571319580078
1767414084113,102.28570556640625,217.28571319580078
1767414084126,103.28570556640625,219.28571319580078
1767414084132,104.28570556640625,221.28571319580078
1767414084140,104.28570556640625,225.28571319580078
1767414084148,104.28570556640625,235.28571319580078
1767414084157,104.28570556640625,244.28571319580078
1767414084165,104.28570556640625,255.28571319580078
1767414084174,104.28570556640625,267.2857131958008
1767414084182,104.28570556640625,271.2857131958008
1767414084190,103.28570556640625,289.2857131958008
1767414084199,102.28570556640625,295.2857131958008
1767414084207,101.28570556640625,298.2857131958008
1767414084215,101.28570556640625,300.2857131958008
1767414084223,101.28570556640625,301.2857131958008
1767414084232,101.28570556640625,302.2857131958008
1767414084288,100.28570556640625,301.2857131958008
1767414084300,98.28570556640625,296.2857131958008
1767414084307,97.28570556640625,292.2857131958008
1767414084315,96.28570556640625,285.2857131958008
1767414084323,94.28570556640625,280.2857131958008
1767414084332,92.28570556640625,275.2857131958008
1767414084340,92.28570556640625,269.2857131958008
1767414084348,91.28570556640625,267.2857131958008
1767414084357,90.28570556640625,267.2857131958008
1767414084407,90.28570556640625,267.2857131958008
1767414084417,90.28570556640625,268.2857131958008
1767414084423,89.28570556640625,274.2857131958008
1767414084432,87.28570556640625,280.2857131958008
1767414084440,85.28570556640625,287.2857131958008
1767414084448,83.28570556640625,292.2857131958008
1767414084457,82.28570556640625,297.2857131958008
1767414084465,81.28570556640625,300.2857131958008
1767414084473,81.28570556640625,303.2857131958008
1767414084482,81.28570556640625,304.2857131958008
1767414084552,81.28570556640625,304.2857131958008
1767414084558,81.28570556640625,301.2857131958008
1767414084565,81.28570556640625,296.2857131958008
1767414084573,81.28570556640625,288.2857131958008
1767414084582,81.28570556640625,282.2857131958008
1767414084590,81.28570556640625,275.2857131958008
1767414084598,84.28570556640625,263.2857131958008
1767414084607,84.28570556640625,258.2857131958008
1767414084615,85.28570556640625,256.2857131958008
1767414084623,85.28570556640625,255.28571319580078
1767414084657,85.28570556640625,255.28571319580078
1767414084665,85.28570556640625,256.2857131958008
1767414084673,85.28570556640625,259.2857131958008
1767414084682,86.28570556640625,264.2857131958008
1767414084690,86.28570556640625,268.2857131958008
1767414084698,86.28570556640625,277.2857131958008
1767414084707,85.28570556640625,281.2857131958008
1767414084715,85.28570556640625,285.2857131958008
1767414084723,85.28570556640625,289.2857131958008
1767414084732,85.28570556640625,292.2857131958008
1767414084740,85.28570556640625,293.2857131958008
1767414084794,85.28570556640625,293.2857131958008
1767414084800,85.28570556640625,292.2857131958008
1767414084807,84.28570556640625,288.2857131958008
1767414084815,84.28570556640625,282.2857131958008
1767414084823,84.28570556640625,274.2857131958008
1767414084832,84.28570556640625,265.2857131958008
1767414084840,84.28570556640625,257.2857131958008
1767414084848,84.28570556640625,252.28571319580078
1767414084857,84.28570556640625,248.28571319580078
1767414084865,84.28570556640625,248.28571319580078
1767414084920,84.28570556640625,248.28571319580078
1767414084925,84.28570556640625,251.28571319580078
1767414084931,84.28570556640625,255.28571319580078
1767414084940,84.28570556640625,260.2857131958008
1767414084948,84.28570556640625,265.2857131958008
1767414084957,84.28570556640625,269.2857131958008
1767414084965,84.28570556640625,272.2857131958008
1767414084973,83.28570556640625,276.2857131958008
1767414084982,82.28570556640625,277.2857131958008
1767414085043,82.28570556640625,277.2857131958008
1767414085049,81.28570556640625,277.2857131958008
1767414085057,80.28570556640625,276.2857131958008
1767414085065,78.28570556640625,271.2857131958008
1767414085074,76.28570556640625,265.2857131958008
1767414085082,73.28570556640625,260.2857131958008
1767414085090,72.28570556640625,254.28571319580078
1767414085098,70.28570556640625,248.28571319580078
1767414085107,69.28570556640625,243.28571319580078
1767414085115,69.28570556640625,241.28571319580078
1767414085123,69.28570556640625,240.28571319580078
1767414085187,69.28570556640625,241.28571319580078
1767414085194,69.28570556640625,243.28571319580078
1767414085198,69.28570556640625,244.28571319580078
1767414085207,70.28570556640625,247.28571319580078
1767414085215,70.28570556640625,249.28571319580078
1767414085223,70.28570556640625,252.28571319580078
1767414085232,70.28570556640625,255.28571319580078
1767414085240,70.28570556640625,256.2857131958008
1767414085248,71.28570556640625,256.2857131958008
1767414085257,71.28570556640625,256.2857131958008
1767414085318,71.28570556640625,256.2857131958008
1767414085327,71.28570556640625,255.28571319580078
1767414085331,71.28570556640625,253.28571319580078
1767414085340,71.28570556640625,253.28571319580078
1767414085390,71.28570556640625,253.28571319580078
1767414085398,72.28570556640625,258.2857131958008
1767414085407,72.28570556640625,263.2857131958008
1767414085415,74.28570556640625,275.2857131958008
1767414085423,76.28570556640625,284.2857131958008
1767414085432,77.28570556640625,291.2857131958008
1767414085440,80.28570556640625,303.2857131958008
1767414085449,84.28570556640625,315.2857131958008
1767414085457,86.28570556640625,324.2857131958008
1767414085465,88.28570556640625,329.2857131958008
1767414085473,88.28570556640625,332.2857131958008
1767414085482,89.28570556640625,333.2857131958008
1767414085490,89.28570556640625,333.2857131958008
1767414085554,89.28570556640625,333.2857131958008
1767414085566,89.28570556640625,330.2857131958008
1767414085573,89.28570556640625,328.2857131958008
1767414085582,89.28570556640625,326.2857131958008
1767414085590,90.28570556640625,324.2857131958008
1767414085598,90.28570556640625,324.2857131958008
1767414085607,90.28570556640625,323.2857131958008
1767414085669,90.28570556640625,324.2857131958008
1767414085675,90.28570556640625,325.2857131958008
1767414085682,90.28570556640625,329.2857131958008
1767414085690,91.28570556640625,333.2857131958008
1767414085698,91.28570556640625,337.2857131958008
1767414085707,91.28570556640625,340.2857131958008
1767414085715,91.28570556640625,343.2857131958008
1767414085723,92.28570556640625,346.2857131958008
1767414085731,92.28570556640625,347.2857131958008
1767414085802,91.28570556640625,347.2857131958008
1767414085808,90.28570556640625,345.2857131958008
1767414085815,89.28570556640625,344.2857131958008
1767414085823,87.28570556640625,337.2857131958008
1767414085832,85.28570556640625,331.2857131958008
1767414085840,85.28570556640625,327.2857131958008
1767414085848,84.28570556640625,323.2857131958008
1767414085857,83.28570556640625,321.2857131958008
1767414085865,83.28570556640625,321.2857131958008
1767414085931,83.28570556640625,321.2857131958008
1767414085942,83.28570556640625,327.2857131958008
1767414085948,83.28570556640625,330.2857131958008
1767414085957,82.28570556640625,335.2857131958008
1767414085965,82.28570556640625,340.2857131958008
1767414085973,82.28570556640625,345.2857131958008
1767414085981,82.28570556640625,351.2857131958008
1767414085990,82.28570556640625,356.2857131958008
1767414085998,82.28570556640625,361.2857131958008
1767414086007,82.28570556640625,364.2857131958008
1767414086100,82.28570556640625,363.2857131958008
1767414086111,81.28570556640625,361.2857131958008
1767414086117,81.28570556640625,360.2857131958008
1767414086123,81.28570556640625,357.2857131958008
1767414086132,81.28570556640625,355.2857131958008
1767414086140,81.28570556640625,352.2857131958008
1767414086148,81.28570556640625,351.2857131958008
1767414086165,81.28570556640625,351.2857131958008
1767414086235,81.28570556640625,351.2857131958008
1767414086248,81.28570556640625,355.2857131958008
1767414086257,81.28570556640625,360.2857131958008
1767414086265,81.28570556640625,363.2857131958008
1767414086273,81.28570556640625,366.2857131958008
1767414086281,81.28570556640625,368.2857131958008
1767414086290,81.28570556640625,371.2857131958008
1767414086298,82.28570556640625,373.2857131958008
1767414086308,82.28570556640625,373.2857131958008
1767414086568,82.28570556640625,374.2857131958008
1767414086581,82.28570556640625,375.2857131958008
1767414086587,82.28570556640625,375.2857131958008
1767414086598,82.28570556640625,376.2857131958008
1767414086870,82.28570556640625,376.2857131958008
1767414086880,84.28570556640625,380.2857131958008
1767414086885,85.28570556640625,383.2857131958008
1767414086890,85.28570556640625,384.2857131958008
1767414086898,86.28570556640625,387.2857131958008
1767414086906,87.28570556640625,389.2857131958008
1767414086915,88.28570556640625,391.2857131958008
1767414086923,88.28570556640625,392.2857131958008
1767414086931,88.28570556640625,393.2857131958008
1767414086940,88.28570556640625,393.2857131958008
1767414087144,88.28570556640625,394.2857131958008
1767414087157,89.28570556640625,402.2857131958008
1767414087165,90.28570556640625,406.2857131958008
1767414087173,90.28570556640625,411.2857131958008
1767414087181,90.28570556640625,414.2857131958008
1767414087190,91.28570556640625,417.2857131958008
1767414087198,92.28570556640625,420.2857131958008
1767414087206,92.28570556640625,423.2857131958008
1767414087215,92.28570556640625,425.2857131958008
1767414087223,92.28570556640625,426.2857131958008
1767414087296,92.28570556640625,427.2857131958008
1767414087332,92.28570556640625,428.2857131958008
1767414087340,92.28570556640625,431.2857131958008
1767414087348,92.28570556640625,432.2857131958008
1767414087356,92.28570556640625,433.2857131958008
1767414087365,92.28570556640625,435.2857131958008
1767414087373,92.28570556640625,436.2857131958008
1767414087381,92.28570556640625,438.2857131958008
1767414087390,92.28570556640625,439.2857131958008
1767414087398,92.28570556640625,441.2857131958008
1767414087407,92.28570556640625,441.2857131958008
1767414087415,92.28570556640625,443.2857131958008
1767414087423,92.28570556640625,444.2857131958008
1767414087431,92.28570556640625,444.2857131958008
1767414087440,92.28570556640625,445.2857131958008
1767414087448,92.28570556640625,446.2857131958008
1767414087456,92.28570556640625,447.2857131958008
1767414087465,92.28570556640625,447.2857131958008
1767414087481,92.28570556640625,448.2857131958008
1767414087490,91.28570556640625,448.2857131958008
1767414087498,91.28570556640625,448.2857131958008
1767414087506,91.28570556640625,449.2857131958008
1767414087515,91.28570556640625,449.2857131958008
1767414087523,91.28570556640625,450.2857131958008
1767414087531,91.28570556640625,451.2857131958008
1767414087661,91.28570556640625,450.2857131958008
1767414087669,92.28570556640625,448.2857131958008
1767414087675,93.28570556640625,445.2857131958008
1767414087682,94.28570556640625,441.2857131958008
1767414087690,96.28570556640625,436.2857131958008
1767414087698,97.28570556640625,432.2857131958008
1767414087706,99.28570556640625,427.2857131958008
1767414087715,100.28570556640625,424.2857131958008
1767414087723,101.28570556640625,420.2857131958008
1767414087731,102.28570556640625,418.2857131958008
1767414087740,102.28570556640625,416.2857131958008
1767414087748,102.28570556640625,415.2857131958008
1767414087756,102.28570556640625,414.2857131958008
1767414087765,102.28570556640625,414.2857131958008
1767414087773,102.28570556640625,413.2857131958008
1767414087850,103.28570556640625,413.2857131958008
1767414087862,104.28570556640625,417.2857131958008
1767414087868,105.28570556640625,419.2857131958008
1767414087873,105.28570556640625,420.2857131958008
1767414087881,105.28570556640625,421.2857131958008
1767414087890,106.28570556640625,423.2857131958008
1767414087898,106.28570556640625,425.2857131958008
1767414087906,107.28570556640625,427.2857131958008
1767414087915,107.28570556640625,429.2857131958008
1767414087923,107.28570556640625,429.2857131958008
1767414087931,107.28570556640625,430.2857131958008
1767414087940,108.28570556640625,430.2857131958008
1767414087948,108.28570556640625,431.2857131958008
1767414088028,108.28570556640625,430.2857131958008
1767414088034,108.28570556640625,429.2857131958008
1767414088040,108.28570556640625,429.2857131958008
1767414088048,108.28570556640625,428.2857131958008
1767414088056,108.28570556640625,428.2857131958008
1767414088127,108.28570556640625,428.2857131958008
1767414088133,108.28570556640625,429.2857131958008
1767414088140,108.28570556640625,430.2857131958008
1767414088148,108.28570556640625,432.2857131958008
1767414088156,108.28570556640625,433.2857131958008
1767414088165,108.28570556640625,435.2857131958008
1767414088173,108.28570556640625,436.2857131958008
1767414088182,108.28570556640625,438.2857131958008
1767414088190,108.28570556640625,439.2857131958008
1767414088198,108.28570556640625,440.2857131958008
1767414088206,108.28570556640625,440.2857131958008
1767414088399,108.28570556640625,441.2857131958008
1767414088415,106.28570556640625,444.2857131958008
1767414088423,106.28570556640625,445.2857131958008
1767414088431,106.28570556640625,446.2857131958008
1767414088440,106.28570556640625,447.2857131958008
1767414088543,106.28570556640625,446.2857131958008
1767414088553,105.28570556640625,440.2857131958008
1767414088558,105.28570556640625,438.2857131958008
1767414088565,105.28570556640625,432.2857131958008
1767414088573,105.28570556640625,425.2857131958008
1767414088581,105.28570556640625,419.2857131958008
1767414088590,108.28570556640625,408.2857131958008
1767414088598,109.28570556640625,399.2857131958008
1767414088607,109.28570556640625,391.2857131958008
1767414088615,110.28570556640625,383.2857131958008
1767414088623,110.28570556640625,376.2857131958008
1767414088632,112.28570556640625,369.2857131958008
1767414088640,113.28570556640625,363.2857131958008
1767414088649,114.28570556640625,357.2857131958008
1767414088657,116.28570556640625,350.2857131958008
1767414088665,117.28570556640625,344.2857131958008
1767414088673,118.28570556640625,339.2857131958008
1767414088681,118.28570556640625,336.2857131958008
1767414088690,120.28570556640625,331.2857131958008
1767414088698,121.28570556640625,328.2857131958008
1767414088706,121.28570556640625,324.2857131958008
1767414088715,123.28570556640625,320.2857131958008
1767414088723,124.28570556640625,316.2857131958008
1767414088731,124.28570556640625,312.2857131958008
1767414088740,125.28570556640625,308.2857131958008
1767414088748,125.28570556640625,304.2857131958008
1767414088756,125.28570556640625,300.2857131958008
1767414088765,126.28570556640625,296.2857131958008
1767414088773,126.28570556640625,293.2857131958008
1767414088781,126.28570556640625,291.2857131958008
1767414088790,126.28570556640625,288.2857131958008
1767414088798,126.28570556640625,285.2857131958008
1767414088806,126.28570556640625,283.2857131958008
1767414088815,126.28570556640625,281.2857131958008
1767414088823,126.28570556640625,281.2857131958008
1767414088841,126.28570556640625,280.2857131958008
1767414088849,126.28570556640625,280.2857131958008
1767414088856,126.28570556640625,279.2857131958008
1767414088865,126.28570556640625,279.2857131958008
1767414088873,125.28570556640625,277.2857131958008
1767414088881,124.28570556640625,276.2857131958008
1767414088890,124.28570556640625,275.2857131958008
1767414088898,122.28570556640625,273.2857131958008
1767414088906,121.28570556640625,272.2857131958008
1767414088915,120.28570556640625,270.2857131958008
1767414088923,119.28570556640625,268.2857131958008
1767414088931,117.28570556640625,267.2857131958008
1767414088940,117.28570556640625,265.2857131958008
1767414088948,116.28570556640625,264.2857131958008
1767414088956,116.28570556640625,263.2857131958008
1767414088965,115.28570556640625,263.2857131958008
1767414088973,114.28570556640625,262.2857131958008
1767414088981,114.28570556640625,260.2857131958008
1767414088990,113.28570556640625,259.2857131958008
1767414088998,112.28570556640625,257.2857131958008
1767414089006,111.28570556640625,255.28571319580078
1767414089015,110.28570556640625,253.28571319580078
1767414089023,110.28570556640625,253.28571319580078
1767414089102,110.28570556640625,253.28571319580078
1767414089112,110.28570556640625,259.2857131958008
1767414089118,110.28570556640625,263.2857131958008
1767414089124,110.28570556640625,268.2857131958008
1767414089132,110.28570556640625,275.2857131958008
1767414089140,110.28570556640625,283.2857131958008
1767414089148,110.28570556640625,292.2857131958008
1767414089157,110.28570556640625,302.2857131958008
1767414089165,109.28570556640625,310.2857131958008
1767414089174,108.28570556640625,317.2857131958008
1767414089182,107.28570556640625,323.2857131958008
1767414089190,106.28570556640625,328.2857131958008
1767414089198,105.28570556640625,331.2857131958008
1767414089207,104.28570556640625,337.2857131958008
1767414089215,104.28570556640625,340.2857131958008
1767414089223,102.28570556640625,343.2857131958008
1767414089231,102.28570556640625,345.2857131958008
1767414089240,102.28570556640625,346.2857131958008
1767414089248,102.28570556640625,347.2857131958008
1767414089256,102.28570556640625,347.2857131958008
1767414089279,101.28570556640625,347.2857131958008
1767414089320,101.28570556640625,347.2857131958008
1767414089326,101.28570556640625,346.2857131958008
1767414089331,100.28570556640625,345.2857131958008
1767414089340,100.28570556640625,340.2857131958008
1767414089348,100.28570556640625,332.2857131958008
1767414089357,100.28570556640625,325.2857131958008
1767414089365,100.28570556640625,317.2857131958008
1767414089373,100.28570556640625,308.2857131958008
1767414089381,100.28570556640625,300.2857131958008
1767414089390,100.28570556640625,294.2857131958008
1767414089398,100.28570556640625,290.2857131958008
1767414089406,100.28570556640625,286.2857131958008
1767414089415,100.28570556640625,284.2857131958008
1767414089423,100.28570556640625,284.2857131958008
1767414089431,101.28570556640625,283.2857131958008
1767414089483,101.28570556640625,284.2857131958008
1767414089495,101.28570556640625,290.2857131958008
1767414089502,101.28570556640625,293.2857131958008
1767414089506,101.28570556640625,303.2857131958008
1767414089515,101.28570556640625,316.2857131958008
1767414089523,98.28570556640625,330.2857131958008
1767414089531,96.28570556640625,340.2857131958008
1767414089540,94.28570556640625,355.2857131958008
1767414089548,91.28570556640625,367.2857131958008
1767414089557,90.28570556640625,377.2857131958008
1767414089565,89.28570556640625,386.2857131958008
1767414089573,88.28570556640625,395.2857131958008
1767414089581,87.28570556640625,401.2857131958008
1767414089590,86.28570556640625,406.2857131958008
1767414089598,85.28570556640625,409.2857131958008
1767414089606,85.28570556640625,411.2857131958008
1767414089615,85.28570556640625,412.2857131958008
1767414089623,85.28570556640625,413.2857131958008
1767414089688,85.28570556640625,413.2857131958008
1767414089699,85.28570556640625,408.2857131958008
1767414089706,86.28570556640625,402.2857131958008
1767414089715,89.28570556640625,388.2857131958008
1767414089723,91.28570556640625,374.2857131958008
1767414089732,93.28570556640625,364.2857131958008
1767414089740,96.28570556640625,349.2857131958008
1767414089748,97.28570556640625,339.2857131958008
1767414089756,100.28570556640625,331.2857131958008
1767414089765,101.28570556640625,324.2857131958008
1767414089773,101.28570556640625,321.2857131958008
1767414089781,101.28570556640625,321.2857131958008
1767414089842,102.28570556640625,321.2857131958008
1767414089854,104.28570556640625,323.2857131958008
1767414089859,106.28570556640625,325.2857131958008
1767414089865,107.28570556640625,328.2857131958008
1767414089873,109.28570556640625,334.2857131958008
1767414089882,111.28570556640625,340.2857131958008
1767414089890,113.28570556640625,346.2857131958008
1767414089898,114.28570556640625,353.2857131958008
1767414089906,114.28570556640625,359.2857131958008
1767414089915,114.28570556640625,362.2857131958008
1767414089923,114.28570556640625,371.2857131958008
1767414089931,114.28570556640625,374.2857131958008
1767414089940,114.28570556640625,375.2857131958008
1767414089948,114.28570556640625,376.2857131958008
1767414090035,114.28570556640625,375.2857131958008
1767414090047,114.28570556640625,368.2857131958008
1767414090053,113.28570556640625,362.2857131958008
1767414090058,113.28570556640625,356.2857131958008
1767414090065,113.28570556640625,348.2857131958008
1767414090073,113.28570556640625,337.2857131958008
1767414090081,113.28570556640625,320.2857131958008
1767414090090,113.28570556640625,307.2857131958008
1767414090098,113.28570556640625,292.2857131958008
1767414090106,113.28570556640625,287.2857131958008
1767414090115,113.28570556640625,285.2857131958008
1767414090158,114.28570556640625,285.2857131958008
1767414090169,116.28570556640625,293.2857131958008
1767414090175,116.28570556640625,297.2857131958008
1767414090181,117.28570556640625,304.2857131958008
1767414090190,117.28570556640625,312.2857131958008
1767414090198,117.28570556640625,321.2857131958008
1767414090206,117.28570556640625,329.2857131958008
1767414090215,117.28570556640625,339.2857131958008
1767414090223,117.28570556640625,349.2857131958008
1767414090231,115.28570556640625,359.2857131958008
1767414090240,114.28570556640625,365.2857131958008
1767414090248,114.28570556640625,369.2857131958008
1767414090256,113.28570556640625,372.2857131958008
1767414090265,113.28570556640625,373.2857131958008
1767414090315,113.28570556640625,373.2857131958008
1767414090323,113.28570556640625,372.2857131958008
1767414090331,112.28570556640625,368.2857131958008
1767414090340,112.28570556640625,363.2857131958008
1767414090348,112.28570556640625,351.2857131958008
1767414090356,112.28570556640625,341.2857131958008
1767414090365,112.28570556640625,331.2857131958008
1767414090373,112.28570556640625,321.2857131958008
1767414090381,112.28570556640625,309.2857131958008
1767414090390,112.28570556640625,300.2857131958008
1767414090398,112.28570556640625,292.2857131958008
1767414090406,112.28570556640625,285.2857131958008
1767414090415,112.28570556640625,280.2857131958008
1767414090423,111.28570556640625,277.2857131958008
1767414090431,111.28570556640625,274.2857131958008
1767414090440,110.28570556640625,273.2857131958008
1767414090607,110.28570556640625,273.2857131958008
1767414090623,112.28570556640625,268.2857131958008
1767414090631,113.28570556640625,261.2857131958008
1767414090640,114.28570556640625,257.2857131958008
1767414090648,116.28570556640625,255.28571319580078
1767414090656,116.28570556640625,253.28571319580078
1767414090665,117.28570556640625,252.28571319580078
1767414090673,117.28570556640625,251.28571319580078
1767414090707,118.28570556640625,251.28571319580078
1767414090716,120.28570556640625,252.28571319580078
1767414090723,125.28570556640625,254.28571319580078
1767414090731,126.28570556640625,255.28571319580078
1767414090740,134.28570556640625,259.2857131958008
1767414090749,140.28570556640625,261.2857131958008
1767414090756,142.28570556640625,263.2857131958008
1767414090765,145.28570556640625,264.2857131958008
1767414090773,148.28570556640625,265.2857131958008
1767414090781,149.28570556640625,265.2857131958008
1767414090876,149.28570556640625,266.2857131958008
1767414090888,149.28570556640625,268.2857131958008
1767414090893,149.28570556640625,268.2857131958008
1767414090899,148.28570556640625,269.2857131958008
1767414090906,148.28570556640625,271.2857131958008
1767414090915,148.28570556640625,271.2857131958008
1767414090999,148.28570556640625,271.2857131958008
1767414091015,148.28570556640625,264.2857131958008
1767414091023,148.28570556640625,262.2857131958008
1767414091031,149.28570556640625,259.2857131958008
1767414091040,149.28570556640625,259.2857131958008
1767414091085,149.28570556640625,259.2857131958008
1767414091095,149.28570556640625,267.2857131958008
1767414091101,149.28570556640625,272.2857131958008
1767414091106,148.28570556640625,277.2857131958008
1767414091115,145.28570556640625,284.2857131958008
1767414091123,144.28570556640625,290.2857131958008
1767414091131,143.28570556640625,295.2857131958008
1767414091140,142.28570556640625,297.2857131958008
1767414091148,142.28570556640625,302.2857131958008
1767414091156,141.28570556640625,304.2857131958008
1767414091223,141.28570556640625,304.2857131958008
1767414091234,140.28570556640625,299.2857131958008
1767414091240,139.28570556640625,296.2857131958008
1767414091248,138.28570556640625,286.2857131958008
1767414091257,137.28570556640625,278.2857131958008
1767414091265,137.28570556640625,269.2857131958008
1767414091273,136.28570556640625,260.2857131958008
1767414091281,136.28570556640625,254.28571319580078
1767414091290,136.28570556640625,251.28571319580078
1767414091298,136.28570556640625,249.28571319580078
1767414091345,136.28570556640625,249.28571319580078
1767414091351,136.28570556640625,258.2857131958008
1767414091357,136.28570556640625,267.2857131958008
1767414091365,134.28570556640625,279.2857131958008
1767414091373,133.28570556640625,294.2857131958008
1767414091382,131.28570556640625,305.2857131958008
1767414091390,130.28570556640625,315.2857131958008
1767414091398,129.28570556640625,322.2857131958008
1767414091406,129.28570556640625,325.2857131958008
1767414091415,129.28570556640625,326.2857131958008
1767414091423,128.28570556640625,326.2857131958008
1767414091471,128.28570556640625,325.2857131958008
1767414091483,128.28570556640625,317.2857131958008
1767414091490,128.28570556640625,311.2857131958008
1767414091498,128.28570556640625,303.2857131958008
1767414091506,128.28570556640625,293.2857131958008
1767414091515,128.28570556640625,283.2857131958008
1767414091523,128.28570556640625,274.2857131958008
1767414091531,128.28570556640625,268.2857131958008
1767414091540,128.28570556640625,265.2857131958008
1767414091592,128.28570556640625,266.2857131958008
1767414091598,128.28570556640625,268.2857131958008
1767414091606,128.28570556640625,277.2857131958008
1767414091615,128.28570556640625,287.2857131958008
1767414091623,128.28570556640625,297.2857131958008
1767414091631,128.28570556640625,308.2857131958008
1767414091640,128.28570556640625,318.2857131958008
1767414091648,127.28570556640625,328.2857131958008
1767414091657,127.28570556640625,340.2857131958008
1767414091665,127.28570556640625,351.2857131958008
1767414091673,127.28570556640625,357.2857131958008
1767414091681,128.28570556640625,360.2857131958008
1767414091690,128.28570556640625,362.2857131958008
1767414091698,128.28570556640625,363.2857131958008
1767414091765,129.28570556640625,357.2857131958008
1767414091774,129.28570556640625,352.2857131958008
1767414091781,130.28570556640625,349.2857131958008
1767414091790,130.28570556640625,346.2857131958008
1767414091798,131.28570556640625,344.2857131958008
1767414091855,131.28570556640625,345.2857131958008
1767414091865,132.28570556640625,351.2857131958008
1767414091873,133.28570556640625,356.2857131958008
1767414091881,133.28570556640625,364.2857131958008
1767414091890,133.28570556640625,371.2857131958008
1767414091899,133.28570556640625,379.2857131958008
1767414091907,133.28570556640625,385.2857131958008
1767414091915,133.28570556640625,392.2857131958008
1767414091923,133.28570556640625,398.2857131958008
1767414091931,133.28570556640625,401.2857131958008
1767414091940,133.28570556640625,403.2857131958008
1767414091948,133.28570556640625,403.2857131958008
1767414092000,132.28570556640625,403.2857131958008
1767414092009,132.28570556640625,403.2857131958008
1767414092023,132.28570556640625,403.2857131958008
1767414092031,131.28570556640625,403.2857131958008
1767414092040,131.28570556640625,402.2857131958008
1767414092117,131.28570556640625,403.2857131958008
1767414092130,131.28570556640625,412.2857131958008
1767414092136,131.28570556640625,416.2857131958008
1767414092141,131.28570556640625,419.2857131958008
1767414092148,131.28570556640625,423.2857131958008
1767414092157,131.28570556640625,429.2857131958008
1767414092165,131.28570556640625,433.2857131958008
1767414092173,131.28570556640625,437.2857131958008
1767414092181,131.28570556640625,437.2857131958008
1767414092296,131.28570556640625,437.2857131958008
1767414092310,130.28570556640625,435.2857131958008
1767414092316,130.28570556640625,435.2857131958008
1767414092393,130.28570556640625,435.2857131958008
1767414092407,130.28570556640625,437.2857131958008
1767414092415,130.28570556640625,438.2857131958008
1767414092423,130.28570556640625,439.2857131958008
1767414092431,130.28570556640625,440.2857131958008
1767414092440,130.28570556640625,441.2857131958008
1767414092622,130.28570556640625,442.2857131958008
1767414092632,130.28570556640625,444.2857131958008
1767414092640,130.28570556640625,445.2857131958008
1767414092648,130.28570556640625,445.2857131958008
1767414092656,130.28570556640625,446.2857131958008
1767414092665,130.28570556640625,447.2857131958008
1767414092681,130.28570556640625,448.2857131958008
1767414093042,131.28570556640625,448.2857131958008
1767414093054,133.28570556640625,448.2857131958008
1767414093060,135.28570556640625,448.2857131958008
1767414093065,136.28570556640625,448.2857131958008
1767414093073,137.28570556640625,447.2857131958008
1767414093081,138.28570556640625,447.2857131958008
1767414093090,139.28570556640625,447.2857131958008
1767414093098,140.28570556640625,447.2857131958008
1767414093106,140.28570556640625,447.2857131958008
1767414093250,140.28570556640625,447.2857131958008
1767414093315,141.28570556640625,447.2857131958008
1767414093326,141.28570556640625,447.2857131958008
1767414093340,142.28570556640625,447.2857131958008
1767414093365,142.28570556640625,447.2857131958008
1767414093518,142.28570556640625,446.2857131958008
1767414093531,144.28570556640625,444.2857131958008
1767414093540,144.28570556640625,443.2857131958008
1767414093548,145.28570556640625,441.2857131958008
1767414093556,145.28570556640625,440.2857131958008
1767414093565,146.28570556640625,439.2857131958008
1767414093573,147.28570556640625,437.2857131958008
1767414093581,148.28570556640625,435.2857131958008
1767414093590,149.28570556640625,433.2857131958008
1767414093598,149.28570556640625,431.2857131958008
1767414093606,151.28570556640625,427.2857131958008
1767414093615,152.28570556640625,424.2857131958008
1767414093623,152.28570556640625,422.2857131958008
1767414093631,153.28570556640625,420.2857131958008
1767414093640,153.28570556640625,418.2857131958008
1767414093648,154.28570556640625,416.2857131958008
1767414093656,154.28570556640625,414.2857131958008
1767414093665,155.28570556640625,413.2857131958008
1767414093673,155.28570556640625,412.2857131958008
1767414093681,156.28570556640625,411.2857131958008
1767414093690,156.28570556640625,409.2857131958008
1767414093698,156.28570556640625,409.2857131958008
1767414093706,156.28570556640625,407.2857131958008
1767414093715,156.28570556640625,407.2857131958008
1767414093723,156.28570556640625,406.2857131958008
1767414093731,157.28570556640625,405.2857131958008
1767414093740,157.28570556640625,404.2857131958008
1767414093748,157.28570556640625,404.2857131958008
1767414093756,157.28570556640625,402.2857131958008
1767414093765,157.28570556640625,401.2857131958008
1767414093773,157.28570556640625,399.2857131958008
1767414093781,157.28570556640625,398.2857131958008
1767414093790,157.28570556640625,397.2857131958008
1767414093798,157.28570556640625,396.2857131958008
1767414093806,157.28570556640625,395.2857131958008
1767414093815,157.28570556640625,394.2857131958008
1767414093823,157.28570556640625,393.2857131958008
1767414093831,157.28570556640625,392.2857131958008
1767414093840,157.28570556640625,391.2857131958008
1767414093848,157.28570556640625,391.2857131958008
1767414093856,157.28570556640625,390.2857131958008
1767414093865,157.28570556640625,389.2857131958008
1767414093873,157.28570556640625,388.2857131958008
1767414093881,157.28570556640625,387.2857131958008
1767414093890,157.28570556640625,386.2857131958008
1767414093898,157.28570556640625,385.2857131958008
1767414093906,157.28570556640625,384.2857131958008
1767414093915,157.28570556640625,383.2857131958008
1767414093923,157.28570556640625,381.2857131958008
1767414093931,156.28570556640625,380.2857131958008
1767414093940,156.28570556640625,380.2857131958008
1767414093949,156.28570556640625,379.2857131958008
1767414093956,156.28570556640625,379.2857131958008
1767414093965,156.28570556640625,378.2857131958008
1767414093973,156.28570556640625,377.2857131958008
1767414093981,156.28570556640625,376.2857131958008
1767414093990,156.28570556640625,375.2857131958008
1767414093998,156.28570556640625,374.2857131958008
1767414094006,156.28570556640625,373.2857131958008
1767414094015,156.28570556640625,372.2857131958008
1767414094023,156.28570556640625,372.2857131958008
1767414094031,156.28570556640625,371.2857131958008
1767414094040,156.28570556640625,370.2857131958008
1767414094048,156.28570556640625,369.2857131958008
1767414094056,156.28570556640625,368.2857131958008
1767414094065,156.28570556640625,367.2857131958008
1767414094073,155.28570556640625,367.2857131958008
1767414094081,155.28570556640625,365.2857131958008
1767414094090,155.28570556640625,365.2857131958008
1767414094098,155.28570556640625,364.2857131958008
1767414094106,155.28570556640625,363.2857131958008
1767414094115,155.28570556640625,362.2857131958008
1767414094123,155.28570556640625,361.2857131958008
1767414094131,155.28570556640625,360.2857131958008
1767414094140,155.28570556640625,359.2857131958008
1767414094148,155.28570556640625,358.2857131958008
1767414094156,155.28570556640625,357.2857131958008
1767414094165,155.28570556640625,355.2857131958008
1767414094173,155.28570556640625,354.2857131958008
1767414094181,155.28570556640625,352.2857131958008
1767414094190,155.28570556640625,350.2857131958008
1767414094198,155.28570556640625,348.2857131958008
1767414094206,155.28570556640625,348.2857131958008
1767414094215,154.28570556640625,346.2857131958008
1767414094223,154.28570556640625,345.2857131958008
1767414094231,154.28570556640625,343.2857131958008
1767414094240,154.28570556640625,342.2857131958008
1767414094248,154.28570556640625,341.2857131958008
1767414094256,154.28570556640625,340.2857131958008
1767414094264,154.28570556640625,339.2857131958008
1767414094273,154.28570556640625,337.2857131958008
1767414094281,154.28570556640625,336.2857131958008
1767414094290,154.28570556640625,335.2857131958008
1767414094298,154.28570556640625,334.2857131958008
1767414094306,154.28570556640625,333.2857131958008
1767414094315,154.28570556640625,332.2857131958008
1767414094323,154.28570556640625,331.2857131958008
1767414094331,154.28570556640625,329.2857131958008
1767414094340,154.28570556640625,328.2857131958008
1767414094348,154.28570556640625,327.2857131958008
1767414094356,154.28570556640625,325.2857131958008
1767414094364,154.28570556640625,324.2857131958008
1767414094373,154.28570556640625,323.2857131958008
1767414094381,154.28570556640625,321.2857131958008
1767414094390,154.28570556640625,320.2857131958008
1767414094398,154.28570556640625,317.2857131958008
1767414094406,154.28570556640625,316.2857131958008
1767414094415,154.28570556640625,313.2857131958008
1767414094423,154.28570556640625,312.2857131958008
1767414094431,154.28570556640625,310.2857131958008
1767414094439,154.28570556640625,308.2857131958008
1767414094448,154.28570556640625,307.2857131958008
1767414094456,154.28570556640625,304.2857131958008
1767414094464,154.28570556640625,303.2857131958008
1767414094473,154.28570556640625,300.2857131958008
1767414094481,154.28570556640625,299.2857131958008
1767414094490,154.28570556640625,297.2857131958008
1767414094499,154.28570556640625,297.2857131958008
1767414094506,154.28570556640625,296.2857131958008
1767414094515,154.28570556640625,295.2857131958008
1767414094523,154.28570556640625,293.2857131958008
1767414094531,154.28570556640625,292.2857131958008
1767414094539,154.28570556640625,290.2857131958008
1767414094548,154.28570556640625,289.2857131958008
1767414094556,154.28570556640625,287.2857131958008
1767414094564,154.28570556640625,285.2857131958008
1767414094573,154.28570556640625,285.2857131958008
1767414094581,154.28570556640625,283.2857131958008
1767414094590,154.28570556640625,283.2857131958008
1767414094598,154.28570556640625,281.2857131958008
1767414094606,154.28570556640625,281.2857131958008
1767414094615,154.28570556640625,280.2857131958008
1767414094623,154.28570556640625,279.2857131958008
1767414094631,154.28570556640625,277.2857131958008
1767414094640,154.28570556640625,276.2857131958008
1767414094648,154.28570556640625,275.2857131958008
1767414094656,154.28570556640625,273.2857131958008
1767414094664,154.28570556640625,271.2857131958008
1767414094673,154.28570556640625,269.2857131958008
1767414094681,154.28570556640625,268.2857131958008
1767414094691,154.28570556640625,268.2857131958008
1767414094700,154.28570556640625,267.2857131958008
1767414094707,154.28570556640625,267.2857131958008
1767414094714,154.28570556640625,266.2857131958008
1767414094723,154.28570556640625,265.2857131958008
1767414094731,154.28570556640625,264.2857131958008
1767414094740,154.28570556640625,263.2857131958008
1767414094748,154.28570556640625,262.2857131958008
1767414094756,154.28570556640625,260.2857131958008
1767414094764,154.28570556640625,258.2857131958008
1767414094773,154.28570556640625,257.2857131958008
1767414094781,154.28570556640625,255.28571319580078
1767414094790,155.28570556640625,254.28571319580078
1767414094798,155.28570556640625,252.28571319580078
1767414094806,155.28570556640625,252.28571319580078
1767414094815,155.28570556640625,250.28571319580078
1767414094823,156.28570556640625,249.28571319580078
1767414094831,156.28570556640625,248.28571319580078
1767414094840,156.28570556640625,248.28571319580078
1767414094848,156.28570556640625,247.28571319580078
1767414094859,156.28570556640625,247.28571319580078
1767414094873,156.28570556640625,246.28571319580078
1767414095023,157.28570556640625,247.28571319580078
1767414095031,157.28570556640625,248.28571319580078
1767414095039,158.28570556640625,249.28571319580078
1767414095048,158.28570556640625,251.28571319580078
1767414095056,158.28570556640625,253.28571319580078
1767414095064,158.28570556640625,255.28571319580078
1767414095073,158.28570556640625,256.2857131958008
1767414095081,158.28570556640625,257.2857131958008
1767414095089,158.28570556640625,259.2857131958008
1767414095098,158.28570556640625,260.2857131958008
1767414095106,158.28570556640625,261.2857131958008
1767414095114,158.28570556640625,263.2857131958008
1767414095123,158.28570556640625,264.2857131958008
1767414095131,158.28570556640625,266.2857131958008
1767414095139,158.28570556640625,268.2857131958008
1767414095148,158.28570556640625,269.2857131958008
1767414095156,158.28570556640625,270.2857131958008
1767414095165,158.28570556640625,271.2857131958008
1767414095173,158.28570556640625,273.2857131958008
1767414095181,158.28570556640625,273.2857131958008
1767414095190,158.28570556640625,276.2857131958008
1767414095198,158.28570556640625,277.2857131958008
1767414095206,158.28570556640625,280.2857131958008
1767414095214,157.28570556640625,281.2857131958008
1767414095223,157.28570556640625,283.2857131958008
1767414095231,157.28570556640625,285.2857131958008
1767414095239,157.28570556640625,287.2857131958008
1767414095248,157.28570556640625,288.2857131958008
1767414095256,157.28570556640625,289.2857131958008
1767414095264,157.28570556640625,291.2857131958008
1767414095273,157.28570556640625,291.2857131958008
1767414095281,157.28570556640625,293.2857131958008
1767414095289,157.28570556640625,294.2857131958008
1767414095298,157.28570556640625,295.2857131958008
1767414095306,157.28570556640625,296.2857131958008
1767414095315,157.28570556640625,297.2857131958008
1767414095323,157.28570556640625,299.2857131958008
1767414095331,157.28570556640625,300.2857131958008
1767414095339,158.28570556640625,301.2857131958008
1767414095348,158.28570556640625,304.2857131958008
1767414095356,158.28570556640625,305.2857131958008
1767414095364,158.28570556640625,305.2857131958008
1767414095373,158.28570556640625,307.2857131958008
1767414095381,158.28570556640625,307.2857131958008
1767414095390,159.28570556640625,308.2857131958008
1767414095400,159.28570556640625,308.2857131958008
1767414095411,159.28570556640625,309.2857131958008
1767414095423,159.28570556640625,309.2857131958008
1767414095431,160.28570556640625,310.2857131958008
1767414095439,160.28570556640625,311.2857131958008
1767414095448,160.28570556640625,311.2857131958008
1767414095456,160.28570556640625,312.2857131958008
1767414095467,160.28570556640625,312.2857131958008
1767414095481,160.28570556640625,313.2857131958008
1767414095489,160.28570556640625,313.2857131958008
1767414095498,160.28570556640625,315.2857131958008
1767414095506,160.28570556640625,316.2857131958008
1767414095514,160.28570556640625,317.2857131958008
1767414095523,160.28570556640625,319.2857131958008
1767414095531,160.28570556640625,320.2857131958008
1767414095539,160.28570556640625,321.2857131958008
1767414095548,159.28570556640625,323.2857131958008
1767414095556,158.28570556640625,325.2857131958008
1767414095564,158.28570556640625,327.2857131958008
1767414095573,158.28570556640625,328.2857131958008
1767414095581,157.28570556640625,330.2857131958008
1767414095589,157.28570556640625,332.2857131958008
1767414095598,156.28570556640625,333.2857131958008
1767414095606,156.28570556640625,336.2857131958008
1767414095614,154.28570556640625,338.2857131958008
1767414095623,154.28570556640625,340.2857131958008
1767414095631,153.28570556640625,343.2857131958008
1767414095639,152.28570556640625,345.2857131958008
1767414095648,152.28570556640625,347.2857131958008
1767414095656,150.28570556640625,351.2857131958008
1767414095664,149.28570556640625,353.2857131958008
1767414095673,148.28570556640625,357.2857131958008
1767414095681,147.28570556640625,360.2857131958008
1767414095689,146.28570556640625,364.2857131958008
1767414095698,145.28570556640625,367.2857131958008
1767414095706,145.28570556640625,369.2857131958008
1767414095714,144.28570556640625,372.2857131958008
1767414095723,143.28570556640625,373.2857131958008
1767414095731,142.28570556640625,375.2857131958008
1767414095739,142.28570556640625,377.2857131958008
1767414095748,142.28570556640625,379.2857131958008
1767414095756,141.28570556640625,381.2857131958008
1767414095764,141.28570556640625,383.2857131958008
1767414095773,140.28570556640625,385.2857131958008
1767414095781,140.28570556640625,387.2857131958008
1767414095789,140.28570556640625,389.2857131958008
1767414095798,139.28570556640625,392.2857131958008
1767414095806,138.28570556640625,393.2857131958008
1767414095814,137.28570556640625,395.2857131958008
1767414095823,137.28570556640625,397.2857131958008
1767414095831,137.28570556640625,400.2857131958008
1767414095839,136.28570556640625,401.2857131958008
1767414095848,136.28570556640625,403.2857131958008
1767414095856,136.28570556640625,405.2857131958008
1767414095864,136.28570556640625,407.2857131958008
1767414095873,135.28570556640625,409.2857131958008
1767414095881,134.28570556640625,411.2857131958008
1767414095889,134.28570556640625,412.2857131958008
1767414095898,134.28570556640625,415.2857131958008
1767414095906,134.28570556640625,417.2857131958008
1767414095914,133.28570556640625,418.2857131958008
1767414095923,133.28570556640625,420.2857131958008
1767414095931,133.28570556640625,421.2857131958008
1767414095939,133.28570556640625,423.2857131958008
1767414095948,133.28570556640625,424.2857131958008
1767414095956,133.28570556640625,426.2857131958008
1767414095964,132.28570556640625,428.2857131958008
1767414095973,132.28570556640625,430.2857131958008
1767414095981,132.28570556640625,432.2857131958008
1767414095989,132.28570556640625,433.2857131958008
1767414095998,132.28570556640625,434.2857131958008
1767414096007,132.28570556640625,435.2857131958008
1767414096039,132.28570556640625,435.2857131958008
1767414096170,133.28570556640625,435.2857131958008
1767414096178,133.28570556640625,433.2857131958008
1767414096184,135.28570556640625,428.2857131958008
1767414096191,136.28570556640625,423.2857131958008
1767414096198,137.28570556640625,419.2857131958008
1767414096206,138.28570556640625,414.2857131958008
1767414096214,140.28570556640625,410.2857131958008
1767414096223,141.28570556640625,406.2857131958008
1767414096231,142.28570556640625,402.2857131958008
1767414096239,143.28570556640625,396.2857131958008
1767414096248,144.28570556640625,392.2857131958008
1767414096256,145.28570556640625,388.2857131958008
1767414096264,145.28570556640625,385.2857131958008
1767414096273,145.28570556640625,382.2857131958008
1767414096281,145.28570556640625,378.2857131958008
1767414096289,145.28570556640625,375.2857131958008
1767414096298,145.28570556640625,371.2857131958008
1767414096306,145.28570556640625,367.2857131958008
1767414096314,145.28570556640625,364.2857131958008
1767414096323,145.28570556640625,361.2857131958008
1767414096333,145.28570556640625,358.2857131958008
1767414096339,145.28570556640625,355.2857131958008
1767414096348,145.28570556640625,352.2857131958008
1767414096356,145.28570556640625,349.2857131958008
1767414096364,145.28570556640625,347.2857131958008
1767414096373,144.28570556640625,341.2857131958008
1767414096381,144.28570556640625,337.2857131958008
1767414096389,144.28570556640625,335.2857131958008
1767414096398,144.28570556640625,332.2857131958008
1767414096406,144.28570556640625,329.2857131958008
1767414096414,144.28570556640625,326.2857131958008
1767414096423,143.28570556640625,323.2857131958008
1767414096431,142.28570556640625,319.2857131958008
1767414096439,142.28570556640625,316.2857131958008
1767414096448,142.28570556640625,314.2857131958008
1767414096456,142.28570556640625,313.2857131958008
1767414096464,142.28570556640625,312.2857131958008
1767414096473,142.28570556640625,311.2857131958008
1767414096481,142.28570556640625,310.2857131958008
1767414096489,141.28570556640625,308.2857131958008
1767414096498,141.28570556640625,307.2857131958008
1767414096506,141.28570556640625,304.2857131958008
1767414096514,140.28570556640625,302.2857131958008
1767414096523,140.28570556640625,300.2857131958008
1767414096531,140.28570556640625,299.2857131958008
1767414096539,139.28570556640625,297.2857131958008
1767414096548,138.28570556640625,295.2857131958008
1767414096556,138.28570556640625,294.2857131958008
1767414096564,138.28570556640625,292.2857131958008
1767414096573,138.28570556640625,291.2857131958008
1767414096581,138.28570556640625,291.2857131958008
1767414096590,138.28570556640625,290.2857131958008
1767414096598,138.28570556640625,289.2857131958008
1767414096606,138.28570556640625,288.2857131958008
1767414096623,138.28570556640625,288.2857131958008
1767414096648,138.28570556640625,287.2857131958008
1767414096713,138.28570556640625,288.2857131958008
1767414096728,140.28570556640625,297.2857131958008
1767414096734,140.28570556640625,302.2857131958008
1767414096741,141.28570556640625,307.2857131958008
1767414096748,141.28570556640625,313.2857131958008
1767414096756,141.28570556640625,319.2857131958008
1767414096764,142.28570556640625,324.2857131958008
1767414096773,142.28570556640625,328.2857131958008
1767414096781,143.28570556640625,337.2857131958008
1767414096789,143.28570556640625,343.2857131958008
1767414096798,143.28570556640625,349.2857131958008
1767414096806,143.28570556640625,355.2857131958008
1767414096814,143.28570556640625,359.2857131958008
1767414096823,143.28570556640625,364.2857131958008
1767414096831,143.28570556640625,368.2857131958008
1767414096839,143.28570556640625,373.2857131958008
1767414096848,143.28570556640625,377.2857131958008
1767414096856,143.28570556640625,381.2857131958008
1767414096864,143.28570556640625,383.2857131958008
1767414096873,143.28570556640625,386.2857131958008
1767414096881,142.28570556640625,390.2857131958008
1767414096889,142.28570556640625,393.2857131958008
1767414096898,142.28570556640625,397.2857131958008
1767414096906,142.28570556640625,401.2857131958008
1767414096914,142.28570556640625,404.2857131958008
1767414096923,142.28570556640625,407.2857131958008
1767414096931,142.28570556640625,409.2857131958008
1767414096939,142.28570556640625,412.2857131958008
1767414096948,142.28570556640625,414.2857131958008
1767414096956,142.28570556640625,416.2857131958008
1767414096964,142.28570556640625,418.2857131958008
1767414096973,142.28570556640625,421.2857131958008
1767414096981,142.28570556640625,424.2857131958008
1767414096990,142.28570556640625,425.2857131958008
1767414097006,142.28570556640625,425.2857131958008
1767414097014,142.28570556640625,426.2857131958008
1767414097118,143.28570556640625,425.2857131958008
1767414097131,144.28570556640625,420.2857131958008
1767414097138,145.28570556640625,417.2857131958008
1767414097145,146.28570556640625,413.2857131958008
1767414097152,147.28570556640625,408.2857131958008
1767414097159,148.28570556640625,404.2857131958008
1767414097165,149.28570556640625,400.2857131958008
1767414097173,150.28570556640625,394.2857131958008
1767414097181,151.28570556640625,392.2857131958008
1767414097190,152.28570556640625,388.2857131958008
1767414097198,152.28570556640625,388.2857131958008
1767414097231,153.28570556640625,388.2857131958008
1767414097248,154.28570556640625,388.2857131958008
1767414097256,155.28570556640625,392.2857131958008
1767414097264,156.28570556640625,396.2857131958008
1767414097273,156.28570556640625,399.2857131958008
1767414097281,156.28570556640625,402.2857131958008
1767414097289,156.28570556640625,404.2857131958008
1767414097298,156.28570556640625,406.2857131958008
1767414097306,156.28570556640625,407.2857131958008
1767414097321,156.28570556640625,408.2857131958008
1767414097410,156.28570556640625,407.2857131958008
1767414097419,156.28570556640625,405.2857131958008
1767414097426,155.28570556640625,402.2857131958008
1767414097434,154.28570556640625,399.2857131958008
1767414097441,153.28570556640625,393.2857131958008
1767414097448,153.28570556640625,389.2857131958008
1767414097456,152.28570556640625,378.2857131958008
1767414097465,152.28570556640625,369.2857131958008
1767414097473,152.28570556640625,362.2857131958008
1767414097481,152.28570556640625,352.2857131958008
1767414097489,152.28570556640625,344.2857131958008
1767414097498,152.28570556640625,336.2857131958008
1767414097506,152.28570556640625,328.2857131958008
1767414097514,151.28570556640625,321.2857131958008
1767414097523,151.28570556640625,316.2857131958008
1767414097531,150.28570556640625,312.2857131958008
1767414097539,150.28570556640625,309.2857131958008
1767414097548,150.28570556640625,307.2857131958008
1767414097556,150.28570556640625,304.2857131958008
1767414097564,150.28570556640625,301.2857131958008
1767414097573,150.28570556640625,299.2857131958008
1767414097581,150.28570556640625,297.2857131958008
1767414097589,149.28570556640625,295.2857131958008
1767414097598,149.28570556640625,293.2857131958008
1767414097606,149.28570556640625,290.2857131958008
1767414097614,148.28570556640625,287.2857131958008
1767414097623,148.28570556640625,285.2857131958008
1767414097631,148.28570556640625,283.2857131958008
1767414097640,146.28570556640625,280.2857131958008
1767414097648,146.28570556640625,278.2857131958008
1767414097656,146.28570556640625,276.2857131958008
1767414097664,145.28570556640625,274.2857131958008
1767414097673,144.28570556640625,272.2857131958008
1767414097681,144.28570556640625,269.2857131958008
1767414097689,142.28570556640625,268.2857131958008
1767414097698,142.28570556640625,267.2857131958008
1767414097706,141.28570556640625,267.2857131958008
1767414097714,140.28570556640625,265.2857131958008
1767414097723,138.28570556640625,263.2857131958008
1767414097731,136.28570556640625,260.2857131958008
1767414097739,134.28570556640625,258.2857131958008
1767414097748,132.28570556640625,256.2857131958008
1767414097756,130.28570556640625,255.28571319580078
1767414097764,129.28570556640625,253.28571319580078
1767414097773,128.28570556640625,253.28571319580078
1767414097781,126.28570556640625,252.28571319580078
1767414097828,126.28570556640625,252.28571319580078
1767414097840,125.28570556640625,252.28571319580078
1767414097883,125.28570556640625,252.28571319580078
1767414097893,122.28570556640625,257.2857131958008
1767414097900,122.28570556640625,258.2857131958008
1767414097907,117.28570556640625,269.2857131958008
1767414097915,114.28570556640625,276.2857131958008
1767414097923,112.28570556640625,283.2857131958008
1767414097931,110.28570556640625,291.2857131958008
1767414097939,109.28570556640625,296.2857131958008
1767414097948,108.28570556640625,301.2857131958008
1767414097956,107.28570556640625,307.2857131958008
1767414097964,106.28570556640625,311.2857131958008
1767414097973,106.28570556640625,315.2857131958008
1767414097981,105.28570556640625,320.2857131958008
1767414097989,105.28570556640625,322.2857131958008
1767414097998,104.28570556640625,324.2857131958008
1767414098006,104.28570556640625,326.2857131958008
1767414098014,104.28570556640625,327.2857131958008
1767414098023,104.28570556640625,329.2857131958008
1767414098031,104.28570556640625,332.2857131958008
1767414098039,104.28570556640625,335.2857131958008
1767414098048,103.28570556640625,339.2857131958008
1767414098056,103.28570556640625,341.2857131958008
1767414098064,103.28570556640625,344.2857131958008
1767414098073,103.28570556640625,348.2857131958008
1767414098081,103.28570556640625,352.2857131958008
1767414098089,102.28570556640625,355.2857131958008
1767414098098,102.28570556640625,359.2857131958008
1767414098106,102.28570556640625,361.2857131958008
1767414098114,102.28570556640625,365.2857131958008
1767414098123,102.28570556640625,368.2857131958008
1767414098131,102.28570556640625,372.2857131958008
1767414098139,101.28570556640625,375.2857131958008
1767414098148,101.28570556640625,378.2857131958008
1767414098156,101.28570556640625,381.2857131958008
1767414098164,101.28570556640625,383.2857131958008
1767414098173,101.28570556640625,385.2857131958008
1767414098181,101.28570556640625,386.2857131958008
1767414098189,101.28570556640625,388.2857131958008
1767414098198,101.28570556640625,389.2857131958008
1767414098206,101.28570556640625,391.2857131958008
1767414098214,101.28570556640625,392.2857131958008
1767414098223,101.28570556640625,395.2857131958008
1767414098231,101.28570556640625,397.2857131958008
1767414098239,101.28570556640625,399.2857131958008
1767414098248,101.28570556640625,400.2857131958008
1767414098256,101.28570556640625,403.2857131958008
1767414098264,101.28570556640625,404.2857131958008
1767414098273,101.28570556640625,405.2857131958008
1767414098281,101.28570556640625,407.2857131958008
1767414098289,101.28570556640625,409.2857131958008
1767414098298,101.28570556640625,410.2857131958008
1767414098306,101.28570556640625,412.2857131958008
1767414098314,101.28570556640625,415.2857131958008
1767414098323,101.28570556640625,417.2857131958008
1767414098331,101.28570556640625,420.2857131958008
1767414098339,101.28570556640625,423.2857131958008
1767414098348,101.28570556640625,425.2857131958008
1767414098356,101.28570556640625,428.2857131958008
1767414098364,101.28570556640625,431.2857131958008
1767414098373,101.28570556640625,432.2857131958008
1767414098381,101.28570556640625,433.2857131958008
1767414098389,101.28570556640625,434.2857131958008
1767414098398,101.28570556640625,435.2857131958008
1767414098406,101.28570556640625,437.2857131958008
1767414098414,101.28570556640625,438.2857131958008
1767414098423,101.28570556640625,439.2857131958008
1767414098431,101.28570556640625,440.2857131958008
1767414098439,102.28570556640625,441.2857131958008
1767414098448,102.28570556640625,442.2857131958008
1767414098456,102.28570556640625,443.2857131958008
1767414098473,102.28570556640625,443.2857131958008
1767414098599,102.28570556640625,443.2857131958008
1767414098615,102.28570556640625,440.2857131958008
1767414098623,102.28570556640625,437.2857131958008
1767414098631,102.28570556640625,436.2857131958008
1767414098639,102.28570556640625,434.2857131958008
1767414098648,101.28570556640625,431.2857131958008
1767414098656,100.28570556640625,428.2857131958008
1767414098664,100.28570556640625,425.2857131958008
1767414098673,99.28570556640625,423.2857131958008
1767414098681,99.28570556640625,420.2857131958008
1767414098689,98.28570556640625,418.2857131958008
1767414098698,98.28570556640625,416.2857131958008
1767414098706,98.28570556640625,413.2857131958008
1767414098714,97.28570556640625,412.2857131958008
1767414098723,97.28570556640625,409.2857131958008
1767414098731,97.28570556640625,405.2857131958008
1767414098739,96.28570556640625,402.2857131958008
1767414098748,96.28570556640625,399.2857131958008
1767414098756,95.28570556640625,396.2857131958008
1767414098764,95.28570556640625,393.2857131958008
1767414098773,94.28570556640625,390.2857131958008
1767414098781,94.28570556640625,388.2857131958008
1767414098789,94.28570556640625,386.2857131958008
1767414098798,94.28570556640625,384.2857131958008
1767414098806,94.28570556640625,381.2857131958008
1767414098814,94.28570556640625,379.2857131958008
1767414098823,94.28570556640625,376.2857131958008
1767414098831,94.28570556640625,373.2857131958008
1767414098839,94.28570556640625,371.2857131958008
1767414098848,94.28570556640625,368.2857131958008
1767414098856,94.28570556640625,364.2857131958008
1767414098864,94.28570556640625,360.2857131958008
1767414098873,94.28570556640625,356.2857131958008
1767414098881,94.28570556640625,351.2857131958008
1767414098889,94.28570556640625,348.2857131958008
1767414098898,94.28570556640625,344.2857131958008
1767414098906,94.28570556640625,340.2857131958008
1767414098914,94.28570556640625,337.2857131958008
1767414098923,93.28570556640625,335.2857131958008
1767414098931,93.28570556640625,332.2857131958008
1767414098939,93.28570556640625,330.2857131958008
1767414098948,93.28570556640625,328.2857131958008
1767414098956,92.28570556640625,327.2857131958008
1767414098964,92.28570556640625,325.2857131958008
1767414098973,92.28570556640625,323.2857131958008
1767414098981,92.28570556640625,321.2857131958008
1767414098989,92.28570556640625,319.2857131958008
1767414098998,91.28570556640625,318.2857131958008
1767414099006,91.28570556640625,316.2857131958008
1767414099014,90.28570556640625,315.2857131958008
1767414099023,90.28570556640625,313.2857131958008
1767414099031,89.28570556640625,311.2857131958008
1767414099039,89.28570556640625,309.2857131958008
1767414099048,89.28570556640625,307.2857131958008
1767414099056,88.28570556640625,305.2857131958008
1767414099064,87.28570556640625,304.2857131958008
1767414099073,86.28570556640625,301.2857131958008
1767414099081,86.28570556640625,298.2857131958008
1767414099089,84.28570556640625,295.2857131958008
1767414099098,84.28570556640625,293.2857131958008
1767414099106,84.28570556640625,291.2857131958008
1767414099115,83.28570556640625,289.2857131958008
1767414099123,82.28570556640625,289.2857131958008
1767414099131,82.28570556640625,288.2857131958008
1767414099139,82.28570556640625,287.2857131958008
1767414099148,82.28570556640625,285.2857131958008
1767414099156,81.28570556640625,284.2857131958008
1767414099164,81.28570556640625,283.2857131958008
1767414099173,81.28570556640625,282.2857131958008
1767414099181,80.28570556640625,280.2857131958008
1767414099189,80.28570556640625,279.2857131958008
1767414099198,80.28570556640625,277.2857131958008
1767414099206,80.28570556640625,276.2857131958008
1767414099214,80.28570556640625,275.2857131958008
1767414099223,79.28570556640625,273.2857131958008
1767414099231,78.28570556640625,271.2857131958008
1767414099239,78.28570556640625,269.2857131958008
1767414099248,78.28570556640625,267.2857131958008
1767414099256,77.28570556640625,265.2857131958008
1767414099264,77.28570556640625,263.2857131958008
1767414099273,77.28570556640625,261.2857131958008
1767414099281,77.28570556640625,260.2857131958008
1767414099289,77.28570556640625,259.2857131958008
1767414099298,77.28570556640625,259.2857131958008
1767414099306,77.28570556640625,258.2857131958008
1767414099415,77.28570556640625,261.2857131958008
1767414099427,79.28570556640625,269.2857131958008
1767414099434,80.28570556640625,271.2857131958008
1767414099441,81.28570556640625,277.2857131958008
1767414099449,81.28570556640625,280.2857131958008
1767414099456,82.28570556640625,285.2857131958008
1767414099464,82.28570556640625,290.2857131958008
1767414099473,82.28570556640625,293.2857131958008
1767414099481,82.28570556640625,297.2857131958008
1767414099489,82.28570556640625,300.2857131958008
1767414099498,82.28570556640625,303.2857131958008
1767414099506,82.28570556640625,305.2857131958008
1767414099514,82.28570556640625,307.2857131958008
1767414099523,82.28570556640625,309.2857131958008
1767414099531,82.28570556640625,309.2857131958008
1767414099539,82.28570556640625,311.2857131958008
1767414099548,82.28570556640625,312.2857131958008
1767414099556,82.28570556640625,312.2857131958008
1767414099564,82.28570556640625,313.2857131958008
1767414099573,82.28570556640625,314.2857131958008
1767414099581,82.28570556640625,316.2857131958008
1767414099589,82.28570556640625,317.2857131958008
1767414099598,82.28570556640625,320.2857131958008
1767414099606,82.28570556640625,323.2857131958008
1767414099623,82.28570556640625,328.2857131958008
1767414099631,82.28570556640625,330.2857131958008
1767414099639,82.28570556640625,332.2857131958008
1767414099648,82.28570556640625,334.2857131958008
1767414099656,82.28570556640625,336.2857131958008
1767414099664,82.28570556640625,338.2857131958008
1767414099673,82.28570556640625,339.2857131958008
1767414099681,82.28570556640625,341.2857131958008
1767414099689,82.28570556640625,341.2857131958008
1767414099698,82.28570556640625,342.2857131958008
1767414099706,82.28570556640625,343.2857131958008
1767414099714,82.28570556640625,344.2857131958008
1767414099739,82.28570556640625,344.2857131958008
1767414099826,82.28570556640625,344.2857131958008
1767414099842,81.28570556640625,339.2857131958008
1767414099850,81.28570556640625,337.2857131958008
1767414099857,80.28570556640625,336.2857131958008
1767414099865,80.28570556640625,334.2857131958008
1767414099873,79.28570556640625,332.2857131958008
1767414099881,79.28570556640625,329.2857131958008
1767414099889,79.28570556640625,328.2857131958008
1767414099898,78.28570556640625,326.2857131958008
1767414099906,78.28570556640625,324.2857131958008
1767414099914,78.28570556640625,322.2857131958008
1767414099923,78.28570556640625,320.2857131958008
1767414099931,78.28570556640625,317.2857131958008
1767414099939,78.28570556640625,316.2857131958008
1767414099948,77.28570556640625,315.2857131958008
1767414099956,77.28570556640625,314.2857131958008
1767414099964,77.28570556640625,313.2857131958008
1767414099973,77.28570556640625,312.2857131958008
1767414099981,77.28570556640625,311.2857131958008
1767414099989,77.28570556640625,311.2857131958008
1767414099998,77.28570556640625,310.2857131958008
1767414100006,77.28570556640625,309.2857131958008
1767414100014,77.28570556640625,308.2857131958008
1767414100023,77.28570556640625,307.2857131958008
1767414100031,77.28570556640625,305.2857131958008
1767414100039,77.28570556640625,304.2857131958008
1767414100048,77.28570556640625,303.2857131958008
1767414100056,77.28570556640625,301.2857131958008
1767414100064,77.28570556640625,299.2857131958008
1767414100073,77.28570556640625,298.2857131958008
1767414100081,76.28570556640625,296.2857131958008
1767414100089,76.28570556640625,295.2857131958008
1767414100098,76.28570556640625,293.2857131958008
1767414100106,76.28570556640625,291.2857131958008
1767414100114,76.28570556640625,289.2857131958008
1767414100123,75.28570556640625,288.2857131958008
1767414100131,75.28570556640625,287.2857131958008
1767414100139,75.28570556640625,285.2857131958008
1767414100148,75.28570556640625,284.2857131958008
1767414100156,75.28570556640625,283.2857131958008
1767414100164,74.28570556640625,281.2857131958008
1767414100173,74.28570556640625,280.2857131958008
1767414100181,74.28570556640625,279.2857131958008
1767414100189,74.28570556640625,277.2857131958008
1767414100198,74.28570556640625,276.2857131958008
1767414100206,74.28570556640625,275.2857131958008
1767414100214,74.28570556640625,272.2857131958008
1767414100223,74.28570556640625,269.2857131958008
1767414100231,74.28570556640625,267.2857131958008
1767414100239,73.28570556640625,261.2857131958008
1767414100248,73.28570556640625,255.28571319580078
1767414100256,73.28570556640625,253.28571319580078
1767414100264,73.28570556640625,248.28571319580078
1767414100273,73.28570556640625,245.28571319580078
1767414100281,73.28570556640625,245.28571319580078
1767414100289,73.28570556640625,244.28571319580078
1767414100369,74.28570556640625,244.28571319580078
1767414100378,78.28570556640625,247.28571319580078
1767414100385,82.28570556640625,251.28571319580078
1767414100392,84.28570556640625,256.2857131958008
1767414100400,86.28570556640625,261.2857131958008
1767414100408,88.28570556640625,267.2857131958008
1767414100416,88.28570556640625,272.2857131958008
1767414100423,90.28570556640625,278.2857131958008
1767414100431,90.28570556640625,283.2857131958008
1767414100439,92.28570556640625,287.2857131958008
1767414100448,93.28570556640625,292.2857131958008
1767414100456,93.28570556640625,296.2857131958008
1767414100465,93.28570556640625,302.2857131958008
1767414100473,94.28570556640625,305.2857131958008
1767414100481,94.28570556640625,307.2857131958008
1767414100489,94.28570556640625,308.2857131958008
1767414100498,94.28570556640625,309.2857131958008
1767414100506,94.28570556640625,309.2857131958008
1767414100514,95.28570556640625,311.2857131958008
1767414100524,95.28570556640625,312.2857131958008
1767414100532,95.28570556640625,314.2857131958008
1767414100546,95.28570556640625,316.2857131958008
1767414100555,96.28570556640625,317.2857131958008
1767414100562,96.28570556640625,317.2857131958008
1767414100642,96.28570556640625,317.2857131958008
1767414100664,98.28570556640625,308.2857131958008
1767414100673,100.28570556640625,299.2857131958008
1767414100681,101.28570556640625,295.2857131958008
1767414100689,102.28570556640625,291.2857131958008
1767414100698,103.28570556640625,287.2857131958008
1767414100706,104.28570556640625,283.2857131958008
1767414100714,105.28570556640625,279.2857131958008
1767414100723,107.28570556640625,276.2857131958008
1767414100731,108.28570556640625,273.2857131958008
1767414100739,108.28570556640625,271.2857131958008
1767414100748,109.28570556640625,269.2857131958008
1767414100756,110.28570556640625,265.2857131958008
1767414100764,110.28570556640625,263.2857131958008
1767414100773,110.28570556640625,261.2857131958008
1767414100781,112.28570556640625,259.2857131958008
1767414100789,112.28570556640625,257.2857131958008
1767414100798,113.28570556640625,255.28571319580078
1767414100806,113.28570556640625,253.28571319580078
1767414100814,114.28570556640625,251.28571319580078
1767414100823,114.28570556640625,248.28571319580078
1767414100831,114.28570556640625,246.28571319580078
1767414100839,115.28570556640625,245.28571319580078
1767414100848,116.28570556640625,243.28571319580078
1767414100856,116.28570556640625,240.28571319580078
1767414100864,116.28570556640625,238.28571319580078
1767414100873,117.28570556640625,235.28571319580078
1767414100881,117.28570556640625,232.28571319580078
1767414100889,117.28570556640625,229.28571319580078
1767414100898,117.28570556640625,226.28571319580078
1767414100906,117.28570556640625,224.28571319580078
1767414100914,118.28570556640625,221.28571319580078
1767414100923,118.28570556640625,220.28571319580078
1767414100931,118.28570556640625,217.28571319580078
1767414100939,118.28570556640625,215.28571319580078
1767414100948,118.28570556640625,212.28571319580078
1767414100956,118.28570556640625,208.28571319580078
1767414100964,118.28570556640625,205.28571319580078
1767414100973,118.28570556640625,203.28571319580078
1767414100981,118.28570556640625,198.28571319580078
1767414100989,118.28570556640625,194.28571319580078
1767414100998,117.28570556640625,190.28571319580078
1767414101006,117.28570556640625,186.28571319580078
1767414101014,116.28570556640625,181.28571319580078
1767414101023,115.28570556640625,177.28571319580078
1767414101031,113.28570556640625,172.28571319580078
1767414101040,111.28570556640625,165.28571319580078
1767414101048,110.28570556640625,163.28571319580078
1767414101056,109.28570556640625,160.28571319580078
1767414101064,108.28570556640625,159.28571319580078
1767414101073,108.28570556640625,157.28571319580078
1767414101081,107.28570556640625,156.28571319580078
1767414101166,107.28570556640625,160.28571319580078
1767414101179,106.28570556640625,168.28571319580078
1767414101187,106.28570556640625,184.28571319580078
1767414101195,105.28570556640625,192.28571319580078
1767414101203,105.28570556640625,199.28571319580078
1767414101211,105.28570556640625,205.28571319580078
1767414101219,105.28570556640625,210.28571319580078
1767414101227,104.28570556640625,216.28571319580078
1767414101234,104.28570556640625,221.28571319580078
1767414101242,104.28570556640625,225.28571319580078
1767414101250,104.28570556640625,228.28571319580078
1767414101257,103.28570556640625,231.28571319580078
1767414101265,103.28570556640625,233.28571319580078
1767414101273,103.28570556640625,235.28571319580078
1767414101281,102.28570556640625,237.28571319580078
1767414101289,102.28570556640625,239.28571319580078
1767414101298,102.28570556640625,241.28571319580078
1767414101306,101.28570556640625,243.28571319580078
1767414101314,101.28570556640625,245.28571319580078
1767414101323,101.28570556640625,247.28571319580078
1767414101331,100.28570556640625,250.28571319580078
1767414101339,99.28570556640625,253.28571319580078
1767414101348,98.28570556640625,256.2857131958008
1767414101356,98.28570556640625,259.2857131958008
1767414101364,98.28570556640625,262.2857131958008
1767414101373,97.28570556640625,264.2857131958008
1767414101381,97.28570556640625,266.2857131958008
1767414101389,96.28570556640625,268.2857131958008
1767414101398,96.28570556640625,269.2857131958008
1767414101481,95.28570556640625,269.2857131958008
1767414101492,93.28570556640625,269.2857131958008
1767414101501,92.28570556640625,267.2857131958008
1767414101509,89.28570556640625,264.2857131958008
1767414101516,88.28570556640625,261.2857131958008
1767414101524,87.28570556640625,258.2857131958008
1767414101532,86.28570556640625,256.2857131958008
1767414101540,86.28570556640625,254.28571319580078
1767414101548,86.28570556640625,252.28571319580078
1767414101556,85.28570556640625,251.28571319580078
1767414101564,85.28570556640625,249.28571319580078
1767414101573,85.28570556640625,247.28571319580078
1767414101581,85.28570556640625,246.28571319580078
1767414101589,85.28570556640625,244.28571319580078
1767414101598,85.28570556640625,243.28571319580078
1767414101606,84.28570556640625,241.28571319580078
1767414101614,84.28570556640625,239.28571319580078
1767414101623,84.28570556640625,237.28571319580078
1767414101631,84.28570556640625,235.28571319580078
1767414101639,84.28570556640625,234.28571319580078
1767414101648,84.28570556640625,232.28571319580078
1767414101656,84.28570556640625,232.28571319580078
1767414101673,84.28570556640625,229.28571319580078
1767414101681,84.28570556640625,229.28571319580078
1767414101689,84.28570556640625,228.28571319580078
1767414101698,84.28570556640625,227.28571319580078
1767414101706,84.28570556640625,225.28571319580078
1767414101714,84.28570556640625,224.28571319580078
1767414101723,84.28570556640625,222.28571319580078
1767414101731,84.28570556640625,220.28571319580078
1767414101739,84.28570556640625,219.28571319580078
1767414101748,84.28570556640625,216.28571319580078
1767414101756,84.28570556640625,215.28571319580078
1767414101764,84.28570556640625,213.28571319580078
1767414101773,84.28570556640625,212.28571319580078
1767414101781,84.28570556640625,210.28571319580078
1767414101789,84.28570556640625,209.28571319580078
1767414101798,83.28570556640625,208.28571319580078
1767414101806,83.28570556640625,207.28571319580078
1767414101814,83.28570556640625,205.28571319580078
1767414101823,83.28570556640625,204.28571319580078
1767414101831,82.28570556640625,202.28571319580078
1767414101839,82.28570556640625,200.28571319580078
1767414101848,82.28570556640625,199.28571319580078
1767414101856,82.28570556640625,197.28571319580078
1767414101864,81.28570556640625,196.28571319580078
1767414101873,81.28570556640625,195.28571319580078
1767414101881,81.28570556640625,194.28571319580078
1767414101889,81.28570556640625,193.28571319580078
1767414101898,81.28570556640625,192.28571319580078
1767414101906,81.28570556640625,191.28571319580078
1767414101914,81.28570556640625,189.28571319580078
1767414101923,80.28570556640625,188.28571319580078
1767414101931,80.28570556640625,187.28571319580078
1767414101939,80.28570556640625,185.28571319580078
1767414101948,79.28570556640625,184.28571319580078
1767414101964,79.28570556640625,183.28571319580078
1767414101973,79.28570556640625,183.28571319580078
1767414101981,78.28570556640625,182.28571319580078
1767414101989,78.28570556640625,181.28571319580078
1767414101998,78.28570556640625,180.28571319580078
1767414102006,78.28570556640625,180.28571319580078
1767414102014,78.28570556640625,178.28571319580078
1767414102023,77.28570556640625,177.28571319580078
1767414102031,77.28570556640625,176.28571319580078
1767414102039,77.28570556640625,174.28571319580078
1767414102048,77.28570556640625,173.28571319580078
1767414102056,77.28570556640625,171.28571319580078
1767414102064,77.28570556640625,170.28571319580078
1767414102073,77.28570556640625,169.28571319580078
1767414102081,77.28570556640625,168.28571319580078
1767414102089,76.28570556640625,167.28571319580078
1767414102098,76.28570556640625,166.28571319580078
1767414102106,76.28570556640625,165.28571319580078
1767414102114,76.28570556640625,164.28571319580078
1767414102123,76.28570556640625,163.28571319580078
1767414102131,76.28570556640625,161.28571319580078
1767414102139,76.28570556640625,161.28571319580078
1767414102148,76.28570556640625,160.28571319580078
1767414102156,76.28570556640625,159.28571319580078
1767414102301,76.28570556640625,160.28571319580078
1767414102316,76.28570556640625,164.28571319580078
1767414102324,76.28570556640625,167.28571319580078
1767414102332,76.28570556640625,169.28571319580078
1767414102340,76.28570556640625,172.28571319580078
1767414102348,76.28570556640625,175.28571319580078
1767414102356,77.28570556640625,177.28571319580078
1767414102364,77.28570556640625,180.28571319580078
1767414102373,77.28570556640625,182.28571319580078
1767414102381,77.28570556640625,185.28571319580078
1767414102389,77.28570556640625,188.28571319580078
1767414102398,77.28570556640625,191.28571319580078
1767414102406,77.28570556640625,193.28571319580078
1767414102414,77.28570556640625,195.28571319580078
1767414102423,77.28570556640625,197.28571319580078
1767414102431,77.28570556640625,199.28571319580078
1767414102439,77.28570556640625,201.28571319580078
1767414102448,77.28570556640625,203.28571319580078
1767414102456,77.28570556640625,205.28571319580078
1767414102464,77.28570556640625,207.28571319580078
1767414102473,77.28570556640625,209.28571319580078
1767414102481,77.28570556640625,211.28571319580078
1767414102489,77.28570556640625,211.28571319580078
1767414102498,77.28570556640625,212.28571319580078
1767414102506,77.28570556640625,213.28571319580078
1767414102514,77.28570556640625,214.28571319580078
1767414102523,77.28570556640625,215.28571319580078
1767414102531,77.28570556640625,216.28571319580078
1767414102539,77.28570556640625,216.28571319580078
1767414102548,77.28570556640625,217.28571319580078
1767414102556,77.28570556640625,219.28571319580078
1767414102564,77.28570556640625,219.28571319580078
1767414102573,77.28570556640625,220.28571319580078
1767414102581,77.28570556640625,220.28571319580078
1767414102589,77.28570556640625,221.28571319580078
1767414102606,77.28570556640625,221.28571319580078
1767414102615,77.28570556640625,223.28571319580078
1767414102623,77.28570556640625,224.28571319580078
1767414102631,77.28570556640625,225.28571319580078
1767414102639,77.28570556640625,226.28571319580078
1767414102648,77.28570556640625,227.28571319580078
1767414102656,77.28570556640625,229.28571319580078
1767414102673,77.28570556640625,232.28571319580078
1767414102681,76.28570556640625,234.28571319580078
1767414102689,76.28570556640625,236.28571319580078
1767414102698,76.28570556640625,237.28571319580078
1767414102706,76.28570556640625,239.28571319580078
1767414102715,76.28570556640625,239.28571319580078
1767414102723,76.28570556640625,240.28571319580078
1767414102731,76.28570556640625,241.28571319580078
1767414102739,76.28570556640625,241.28571319580078
1767414102748,76.28570556640625,242.28571319580078
1767414102756,76.28570556640625,243.28571319580078
1767414102764,76.28570556640625,243.28571319580078
1767414102859,76.28570556640625,243.28571319580078
1767414102876,76.28570556640625,236.28571319580078
1767414102885,77.28570556640625,231.28571319580078
1767414102893,78.28570556640625,223.28571319580078
1767414102901,80.28570556640625,214.28571319580078
1767414102909,82.28570556640625,206.28571319580078
1767414102917,82.28570556640625,201.28571319580078
1767414102926,84.28570556640625,193.28571319580078
1767414102934,86.28570556640625,188.28571319580078
1767414102942,86.28570556640625,184.28571319580078
1767414102950,88.28570556640625,180.28571319580078
1767414102959,88.28570556640625,176.28571319580078
1767414102967,89.28570556640625,173.28571319580078
1767414102975,90.28570556640625,169.28571319580078
1767414102983,91.28570556640625,165.28571319580078
1767414102992,92.28570556640625,162.28571319580078
1767414102999,93.28570556640625,159.28571319580078
1767414103008,94.28570556640625,155.28571319580078
1767414103016,95.28570556640625,152.28571319580078
1767414103024,96.28570556640625,149.28571319580078
1767414103033,96.28570556640625,146.28571319580078
1767414103041,97.28570556640625,144.28571319580078
1767414103049,98.28570556640625,141.28571319580078
1767414103057,98.28570556640625,139.28571319580078
1767414103065,98.28570556640625,137.28571319580078
1767414103073,99.28570556640625,136.28571319580078
1767414103081,100.28570556640625,134.28571319580078
1767414103089,100.28570556640625,133.28571319580078
1767414103098,101.28570556640625,132.28571319580078
1767414103106,101.28570556640625,131.28571319580078
1767414103114,101.28570556640625,131.28571319580078
1767414103123,102.28570556640625,130.28571319580078
1767414103131,102.28570556640625,129.28571319580078
1767414103139,102.28570556640625,128.28571319580078
1767414103148,102.28570556640625,128.28571319580078
1767414103156,103.28570556640625,127.28571319580078
1767414103164,104.28570556640625,126.28571319580078
1767414103173,104.28570556640625,125.28571319580078
1767414103181,104.28570556640625,125.28571319580078
1767414103198,105.28570556640625,125.28571319580078
1767414103245,105.28570556640625,125.28571319580078
1767414103257,108.28570556640625,127.28571319580078
1767414103265,110.28570556640625,131.28571319580078
1767414103274,113.28570556640625,137.28571319580078
1767414103283,116.28570556640625,143.28571319580078
1767414103291,117.28570556640625,149.28571319580078
1767414103299,120.28570556640625,156.28571319580078
1767414103307,121.28570556640625,162.28571319580078
1767414103315,122.28570556640625,169.28571319580078
1767414103323,123.28570556640625,176.28571319580078
1767414103332,124.28570556640625,183.28571319580078
1767414103340,125.28570556640625,189.28571319580078
1767414103349,125.28570556640625,196.28571319580078
1767414103357,127.28570556640625,201.28571319580078
1767414103365,128.28570556640625,206.28571319580078
1767414103373,128.28570556640625,211.28571319580078
1767414103381,130.28570556640625,215.28571319580078
1767414103390,131.28570556640625,220.28571319580078
1767414103398,132.28570556640625,224.28571319580078
1767414103406,133.28570556640625,227.28571319580078
1767414103414,133.28570556640625,229.28571319580078
1767414103423,133.28570556640625,232.28571319580078
1767414103431,134.28570556640625,233.28571319580078
1767414103439,134.28570556640625,236.28571319580078
1767414103448,135.28570556640625,239.28571319580078
1767414103457,136.28570556640625,242.28571319580078
1767414103465,136.28570556640625,245.28571319580078
1767414103473,137.28570556640625,248.28571319580078
1767414103482,137.28570556640625,249.28571319580078
1767414103490,138.28570556640625,252.28571319580078
1767414103499,138.28570556640625,254.28571319580078
1767414103507,138.28570556640625,256.2857131958008
1767414103515,139.28570556640625,258.2857131958008
1767414103524,140.28570556640625,260.2857131958008
1767414103532,140.28570556640625,263.2857131958008
1767414103540,141.28570556640625,265.2857131958008
1767414103549,141.28570556640625,268.2857131958008
1767414103557,142.28570556640625,270.2857131958008
1767414103565,142.28570556640625,272.2857131958008
1767414103573,143.28570556640625,272.2857131958008
1767414103581,143.28570556640625,273.2857131958008
1767414103589,144.28570556640625,274.2857131958008
1767414103598,144.28570556640625,275.2857131958008
1767414103606,144.28570556640625,275.2857131958008
1767414103742,144.28570556640625,275.2857131958008
1767414103764,145.28570556640625,265.2857131958008
1767414103773,146.28570556640625,262.2857131958008
1767414103782,146.28570556640625,259.2857131958008
1767414103790,146.28570556640625,256.2857131958008
1767414103799,146.28570556640625,253.28571319580078
1767414103807,147.28570556640625,250.28571319580078
1767414103815,147.28570556640625,248.28571319580078
1767414103824,147.28570556640625,245.28571319580078
1767414103832,148.28570556640625,244.28571319580078
1767414103841,148.28570556640625,242.28571319580078
1767414103849,148.28570556640625,240.28571319580078
1767414103858,148.28570556640625,239.28571319580078
1767414103866,148.28570556640625,237.28571319580078
1767414103875,148.28570556640625,236.28571319580078
1767414103883,149.28570556640625,235.28571319580078
1767414103892,149.28570556640625,233.28571319580078
1767414103900,149.28570556640625,233.28571319580078
1767414103909,149.28570556640625,231.28571319580078
1767414103917,149.28570556640625,230.28571319580078
1767414103925,150.28570556640625,228.28571319580078
1767414103934,150.28570556640625,228.28571319580078
1767414103942,150.28570556640625,227.28571319580078
1767414103950,150.28570556640625,226.28571319580078
1767414103958,150.28570556640625,225.28571319580078
1767414103966,151.28570556640625,225.28571319580078
1767414103974,151.28570556640625,225.28571319580078
1767414103983,151.28570556640625,224.28571319580078
1767414103991,152.28570556640625,223.28571319580078
1767414103999,152.28570556640625,222.28571319580078
1767414104008,152.28570556640625,221.28571319580078
1767414104016,152.28570556640625,219.28571319580078
1767414104025,153.28570556640625,217.28571319580078
1767414104034,153.28570556640625,215.28571319580078
1767414104042,154.28570556640625,213.28571319580078
1767414104051,154.28570556640625,211.28571319580078
1767414104059,154.28570556640625,209.28571319580078
1767414104068,154.28570556640625,208.28571319580078
1767414104076,154.28570556640625,207.28571319580078
1767414104084,154.28570556640625,205.28571319580078
1767414104093,154.28570556640625,204.28571319580078
1767414104101,155.28570556640625,203.28571319580078
1767414104110,155.28570556640625,200.28571319580078
1767414104118,155.28570556640625,198.28571319580078
1767414104127,155.28570556640625,196.28571319580078
1767414104135,155.28570556640625,194.28571319580078
1767414104144,155.28570556640625,192.28571319580078
1767414104152,155.28570556640625,189.28571319580078
1767414104160,156.28570556640625,187.28571319580078
1767414104169,156.28570556640625,185.28571319580078
1767414104177,156.28570556640625,183.28571319580078
1767414104185,156.28570556640625,180.28571319580078
1767414104194,156.28570556640625,177.28571319580078
1767414104202,156.28570556640625,175.28571319580078
1767414104211,156.28570556640625,172.28571319580078
1767414104220,156.28570556640625,170.28571319580078
1767414104228,156.28570556640625,168.28571319580078
1767414104237,156.28570556640625,166.28571319580078
1767414104245,156.28570556640625,164.28571319580078
1767414104253,156.28570556640625,163.28571319580078
1767414104261,156.28570556640625,161.28571319580078
1767414104269,156.28570556640625,159.28571319580078
1767414104277,156.28570556640625,157.28571319580078
1767414104286,156.28570556640625,156.28571319580078
1767414104294,156.28570556640625,154.28571319580078
1767414104303,156.28570556640625,152.28571319580078
1767414104311,156.28570556640625,152.28571319580078
1767414104320,156.28570556640625,151.28571319580078
1767414104329,156.28570556640625,149.28571319580078
1767414104337,156.28570556640625,149.28571319580078
1767414104345,156.28570556640625,148.28571319580078
1767414104354,156.28570556640625,147.28571319580078
1767414104362,156.28570556640625,147.28571319580078
1767414104371,155.28570556640625,145.28571319580078
1767414104379,155.28570556640625,144.28571319580078
1767414104388,155.28570556640625,143.28571319580078
1767414104396,155.28570556640625,143.28571319580078
1767414104405,155.28570556640625,142.28571319580078
1767414104530,155.28570556640625,143.28571319580078
1767414104546,154.28570556640625,153.28571319580078
1767414104554,154.28570556640625,159.28571319580078
1767414104563,154.28570556640625,164.28571319580078
1767414104572,154.28570556640625,169.28571319580078
1767414104580,154.28570556640625,175.28571319580078
1767414104589,154.28570556640625,179.28571319580078
1767414104598,154.28570556640625,184.28571319580078
1767414104606,154.28570556640625,188.28571319580078
1767414104615,154.28570556640625,192.28571319580078
1767414104624,154.28570556640625,196.28571319580078
1767414104633,153.28570556640625,200.28571319580078
1767414104641,153.28570556640625,204.28571319580078
1767414104650,153.28570556640625,206.28571319580078
1767414104659,153.28570556640625,208.28571319580078
1767414104667,152.28570556640625,211.28571319580078
1767414104676,152.28570556640625,213.28571319580078
1767414104685,152.28570556640625,217.28571319580078
1767414104693,152.28570556640625,220.28571319580078
1767414104702,152.28570556640625,223.28571319580078
1767414104710,151.28570556640625,225.28571319580078
1767414104719,151.28570556640625,227.28571319580078
1767414104727,151.28570556640625,229.28571319580078
1767414104736,150.28570556640625,231.28571319580078
1767414104744,150.28570556640625,234.28571319580078
1767414104753,150.28570556640625,236.28571319580078
1767414104764,150.28570556640625,239.28571319580078
1767414104772,150.28570556640625,240.28571319580078
1767414104781,150.28570556640625,241.28571319580078
1767414104790,150.28570556640625,243.28571319580078
1767414104799,150.28570556640625,243.28571319580078
1767414104808,150.28570556640625,244.28571319580078
1767414104816,150.28570556640625,245.28571319580078
1767414104831,150.28570556640625,245.28571319580078
1767414104840,150.28570556640625,246.28571319580078
1767414104848,150.28570556640625,247.28571319580078
1767414104857,150.28570556640625,247.28571319580078
1767414104866,150.28570556640625,248.28571319580078
1767414104874,151.28570556640625,248.28571319580078
1767414104883,152.28570556640625,249.28571319580078
1767414104898,152.28570556640625,250.28571319580078
1767414104906,152.28570556640625,251.28571319580078
1767414104915,152.28570556640625,252.28571319580078
1767414104931,153.28570556640625,252.28571319580078
1767414104940,153.28570556640625,253.28571319580078
1767414104949,153.28570556640625,254.28571319580078
1767414104958,153.28570556640625,255.28571319580078
1767414104966,154.28570556640625,255.28571319580078
1767414104975,154.28570556640625,256.2857131958008
1767414104983,154.28570556640625,256.2857131958008
1767414104992,154.28570556640625,257.2857131958008
1767414105000,155.28570556640625,257.2857131958008
1767414105031,155.28570556640625,257.2857131958008
1767414105130,155.28570556640625,257.2857131958008
1767414105146,155.28570556640625,252.28571319580078
1767414105156,155.28570556640625,250.28571319580078
1767414105165,154.28570556640625,248.28571319580078
1767414105175,154.28570556640625,245.28571319580078
1767414105184,153.28570556640625,243.28571319580078
1767414105192,153.28570556640625,240.28571319580078
1767414105202,152.28570556640625,238.28571319580078
1767414105213,152.28570556640625,236.28571319580078
1767414105227,152.28570556640625,233.28571319580078
1767414105239,152.28570556640625,232.28571319580078
1767414105247,152.28570556640625,231.28571319580078
1767414105259,152.28570556640625,231.28571319580078
1767414105272,152.28570556640625,230.28571319580078
1767414105281,152.28570556640625,229.28571319580078
1767414105289,151.28570556640625,228.28571319580078
1767414105298,151.28570556640625,228.28571319580078
1767414105307,151.28570556640625,227.28571319580078
1767414105315,151.28570556640625,227.28571319580078
1767414105331,151.28570556640625,226.28571319580078
1767414105340,151.28570556640625,225.28571319580078
1767414105348,151.28570556640625,225.28571319580078
1767414105357,151.28570556640625,224.28571319580078
1767414105372,151.28570556640625,224.28571319580078
1767414105444,152.28570556640625,224.28571319580078
1767414105460,154.28570556640625,224.28571319580078
1767414105469,156.28570556640625,224.28571319580078
1767414105478,157.28570556640625,225.28571319580078
1767414105486,157.28570556640625,227.28571319580078
1767414105494,158.28570556640625,228.28571319580078
1767414105503,158.28570556640625,228.28571319580078
1767414105511,158.28570556640625,229.28571319580078
1767414105523,158.28570556640625,229.28571319580078
1767414105606,158.28570556640625,230.28571319580078
1767414105624,158.28570556640625,231.28571319580078
1767414105634,158.28570556640625,231.28571319580078
1767414105643,158.28570556640625,232.28571319580078
1767414105653,158.28570556640625,233.28571319580078
1767414105662,158.28570556640625,235.28571319580078
1767414105672,158.28570556640625,237.28571319580078
1767414105682,158.28570556640625,239.28571319580078
1767414105691,158.28570556640625,240.28571319580078
1767414105700,158.28570556640625,241.28571319580078
1767414105709,158.28570556640625,242.28571319580078
1767414105718,158.28570556640625,243.28571319580078
1767414105727,158.28570556640625,244.28571319580078
1767414105735,158.28570556640625,245.28571319580078
1767414105744,157.28570556640625,245.28571319580078
1767414105752,157.28570556640625,246.28571319580078
1767414105898,157.28570556640625,242.28571319580078
1767414105914,156.28570556640625,233.28571319580078
1767414105923,154.28570556640625,229.28571319580078
1767414105932,154.28570556640625,223.28571319580078
1767414105941,154.28570556640625,218.28571319580078
1767414105950,153.28570556640625,213.28571319580078
1767414105959,152.28570556640625,206.28571319580078
1767414105969,152.28570556640625,201.28571319580078
1767414105978,151.28570556640625,197.28571319580078
1767414105987,151.28570556640625,193.28571319580078
1767414105996,150.28570556640625,187.28571319580078
1767414106005,149.28570556640625,183.28571319580078
1767414106015,149.28570556640625,178.28571319580078
1767414106023,148.28570556640625,173.28571319580078
1767414106032,147.28570556640625,169.28571319580078
1767414106042,146.28570556640625,165.28571319580078
1767414106051,145.28570556640625,160.28571319580078
1767414106060,144.28570556640625,156.28571319580078
1767414106069,144.28570556640625,151.28571319580078
1767414106078,143.28570556640625,145.28571319580078
1767414106087,142.28570556640625,140.28571319580078
1767414106096,141.28570556640625,131.28571319580078
1767414106106,140.28570556640625,124.28571319580078
1767414106115,139.28570556640625,119.28571319580078
1767414106124,138.28570556640625,115.28571319580078
1767414106133,138.28570556640625,112.28571319580078
1767414106141,138.28570556640625,111.28571319580078
1767414106235,138.28570556640625,112.28571319580078
1767414106250,137.28570556640625,122.28571319580078
1767414106259,136.28570556640625,135.28571319580078
1767414106269,134.28570556640625,148.28571319580078
1767414106279,133.28570556640625,161.28571319580078
1767414106288,132.28570556640625,172.28571319580078
1767414106297,131.28570556640625,176.28571319580078
1767414106306,130.28570556640625,186.28571319580078
1767414106315,129.28570556640625,192.28571319580078
1767414106324,129.28570556640625,197.28571319580078
1767414106334,129.28570556640625,201.28571319580078
1767414106343,128.28570556640625,206.28571319580078
1767414106352,128.28570556640625,210.28571319580078
1767414106361,128.28570556640625,212.28571319580078
1767414106370,128.28570556640625,213.28571319580078
1767414106440,128.28570556640625,212.28571319580078
1767414106456,127.28570556640625,204.28571319580078
1767414106466,127.28570556640625,192.28571319580078
1767414106476,127.28570556640625,180.28571319580078
1767414106485,127.28570556640625,164.28571319580078
1767414106495,127.28570556640625,150.28571319580078
1767414106504,127.28570556640625,139.28571319580078
1767414106513,128.28570556640625,130.28571319580078
1767414106523,128.28570556640625,122.28571319580078
1767414106533,128.28570556640625,114.28571319580078
1767414106541,129.28570556640625,109.28571319580078
1767414106551,129.28570556640625,105.28571319580078
1767414106560,129.28570556640625,101.28571319580078
1767414106569,129.28570556640625,97.28571319580078
1767414106578,129.28570556640625,93.28571319580078
1767414106586,129.28570556640625,91.28571319580078
1767414106595,130.28570556640625,88.28571319580078
1767414106604,130.28570556640625,87.28571319580078
1767414106612,130.28570556640625,85.28571319580078
1767414106621,130.28570556640625,85.28571319580078
1767414106630,130.28570556640625,83.28571319580078
1767414106639,130.28570556640625,82.28571319580078
1767414106648,130.28570556640625,80.28571319580078
1767414106657,130.28570556640625,77.28571319580078
1767414106666,130.28570556640625,75.28571319580078
1767414106674,130.28570556640625,72.28571319580078
1767414106683,130.28570556640625,69.28571319580078
1767414106692,129.28570556640625,68.28571319580078
1767414106700,129.28570556640625,67.28571319580078
1767414106710,129.28570556640625,64.28571319580078
1767414106719,129.28570556640625,63.28571319580078
1767414106731,129.28570556640625,63.28571319580078
1767414106765,128.28570556640625,63.28571319580078
1767414106776,128.28570556640625,61.28571319580078
1767414106785,128.28570556640625,59.28571319580078
1767414106794,126.28570556640625,57.28571319580078
1767414106803,126.28570556640625,55.28571319580078
1767414106811,125.28570556640625,55.28571319580078
1767414106824,125.28570556640625,55.28571319580078
1767414106874,125.28570556640625,55.28571319580078
1767414106888,123.28570556640625,53.28571319580078
1767414106897,122.28570556640625,52.28571319580078
1767414106906,120.28570556640625,52.28571319580078
1767414106922,118.28570556640625,49.28571319580078
1767414106931,117.28570556640625,48.28571319580078
1767414106940,116.28570556640625,47.28571319580078
1767414106949,114.28570556640625,47.28571319580078
1767414106958,113.28570556640625,46.28571319580078
1767414106968,113.28570556640625,45.28571319580078
1767414106977,112.28570556640625,45.28571319580078
1767414106986,112.28570556640625,44.28571319580078
1767414106995,112.28570556640625,44.28571319580078
1767414107006,111.28570556640625,44.28571319580078
1767414107022,111.28570556640625,44.28571319580078
1767414107033,110.28570556640625,44.28571319580078
1767414107065,110.28570556640625,43.28571319580078
1767414107085,110.28570556640625,43.28571319580078
1767414107094,110.28570556640625,43.28571319580078
1767414107104,109.28570556640625,41.28571319580078
1767414107113,108.28570556640625,40.28571319580078
1767414107123,107.28570556640625,39.28571319580078
1767414107132,106.28570556640625,38.28571319580078
1767414107147,106.28570556640625,37.28571319580078
1767414107157,106.28570556640625,37.28571319580078
1767414107166,105.28570556640625,36.28571319580078
1767414107175,104.28570556640625,35.28571319580078
1767414107185,103.28570556640625,33.28571319580078
1767414107203,102.28570556640625,33.28571319580078
1767414107213,102.28570556640625,33.28571319580078
1767414107222,102.28570556640625,32.28571319580078
1767414107231,101.28570556640625,32.28571319580078
1767414107255,101.28570556640625,31.28571319580078
1767414107265,101.28570556640625,31.28571319580078
1767414107299,100.28570556640625,31.28571319580078
1767414107314,100.28570556640625,30.28571319580078
1767414107323,100.28570556640625,29.28571319580078
1767414107333,98.28570556640625,29.28571319580078
1767414107342,98.28570556640625,28.28571319580078
1767414107351,98.28570556640625,28.28571319580078
1767414107364,98.28570556640625,28.28571319580078
1767414107374,97.28570556640625,28.28571319580078
1767414107408,97.28570556640625,27.28571319580078
1767414107423,97.28570556640625,27.28571319580078
1767414107456,96.28570556640625,27.28571319580078
1767414107467,96.28570556640625,27.28571319580078
1767414107481,95.28570556640625,27.28571319580078
1767414107573,95.28570556640625,27.28571319580078
1767414107588,94.28570556640625,32.28571319580078
1767414107598,94.28570556640625,35.28571319580078
1767414107607,94.28570556640625,40.28571319580078
1767414107618,94.28570556640625,46.28571319580078
1767414107626,94.28570556640625,47.28571319580078
1767414107637,94.28570556640625,57.28571319580078
1767414107646,95.28570556640625,60.28571319580078
1767414107655,95.28570556640625,63.28571319580078
1767414107664,96.28570556640625,65.28571319580078
1767414107674,96.28570556640625,67.28571319580078
1767414107683,97.28570556640625,69.28571319580078
1767414107693,97.28570556640625,69.28571319580078
1767414107702,97.28570556640625,71.28571319580078
1767414107710,97.28570556640625,72.28571319580078
1767414107720,98.28570556640625,72.28571319580078
1767414107729,98.28570556640625,72.28571319580078
1767414107745,98.28570556640625,73.28571319580078
1767414107756,98.28570556640625,73.28571319580078
1767414107765,98.28570556640625,73.28571319580078
1767414107774,99.28570556640625,74.28571319580078
1767414107783,100.28570556640625,75.28571319580078
1767414107793,100.28570556640625,76.28571319580078
1767414107802,101.28570556640625,78.28571319580078
1767414107811,102.28570556640625,80.28571319580078
1767414107820,103.28570556640625,82.28571319580078
1767414107829,104.28570556640625,84.28571319580078
1767414107838,105.28570556640625,86.28571319580078
1767414107846,105.28570556640625,89.28571319580078
1767414107856,106.28570556640625,91.28571319580078
1767414107865,107.28570556640625,93.28571319580078
1767414107874,107.28570556640625,94.28571319580078
1767414107884,107.28570556640625,95.28571319580078
1767414107894,108.28570556640625,95.28571319580078
1767414107902,108.28570556640625,96.28571319580078
1767414107911,108.28570556640625,96.28571319580078
1767414107922,108.28570556640625,97.28571319580078
1767414107931,108.28570556640625,98.28571319580078
1767414107940,108.28570556640625,99.28571319580078
1767414107949,108.28570556640625,99.28571319580078
1767414107964,109.28570556640625,100.28571319580078
1767414108039,109.28570556640625,100.28571319580078
1767414108057,109.28570556640625,100.28571319580078
1767414108067,109.28570556640625,101.28571319580078
1767414108076,110.28570556640625,101.28571319580078
1767414108086,110.28570556640625,102.28571319580078
1767414108095,112.28570556640625,103.28571319580078
1767414108105,113.28570556640625,104.28571319580078
1767414108114,114.28570556640625,106.28571319580078
1767414108125,116.28570556640625,108.28571319580078
1767414108135,118.28570556640625,109.28571319580078
1767414108144,120.28570556640625,111.28571319580078
1767414108154,121.28570556640625,113.28571319580078
1767414108163,122.28570556640625,113.28571319580078
1767414108173,123.28570556640625,115.28571319580078
1767414108183,125.28570556640625,116.28571319580078
1767414108194,126.28570556640625,118.28571319580078
1767414108205,129.28570556640625,120.28571319580078
1767414108215,131.28570556640625,122.28571319580078
1767414108225,133.28570556640625,123.28571319580078
1767414108234,134.28570556640625,124.28571319580078
1767414108244,135.28570556640625,125.28571319580078
1767414108253,136.28570556640625,125.28571319580078
1767414108262,137.28570556640625,126.28571319580078
1767414108271,137.28570556640625,127.28571319580078
1767414108280,138.28570556640625,127.28571319580078
1767414108290,138.28570556640625,127.28571319580078
1767414108298,139.28570556640625,127.28571319580078
1767414108308,140.28570556640625,128.28571319580078
1767414108317,141.28570556640625,129.28571319580078
1767414108326,142.28570556640625,129.28571319580078
1767414108335,142.28570556640625,129.28571319580078
1767414108345,144.28570556640625,129.28571319580078
1767414108354,145.28570556640625,130.28571319580078
1767414108364,146.28570556640625,130.28571319580078
1767414108373,147.28570556640625,130.28571319580078
1767414108383,149.28570556640625,130.28571319580078
1767414108393,150.28570556640625,130.28571319580078
1767414108402,152.28570556640625,130.28571319580078
1767414108412,153.28570556640625,130.28571319580078
1767414108421,154.28570556640625,130.28571319580078
1767414108430,155.28570556640625,130.28571319580078
1767414108439,156.28570556640625,130.28571319580078
1767414108472,156.28570556640625,130.28571319580078
1767414108483,157.28570556640625,130.28571319580078
1767414108492,158.28570556640625,131.28571319580078
1767414108502,161.28570556640625,132.28571319580078
1767414108512,164.28570556640625,134.28571319580078
1767414108521,165.28570556640625,136.28571319580078
1767414108531,168.28570556640625,137.28571319580078
1767414108540,169.28570556640625,140.28571319580078
1767414108550,171.28570556640625,142.28571319580078
1767414108560,173.28570556640625,144.28571319580078
1767414108569,174.28570556640625,147.28571319580078
1767414108579,177.28570556640625,150.28571319580078
1767414108589,178.28570556640625,153.28571319580078
1767414108598,180.28570556640625,157.28571319580078
1767414108608,181.28570556640625,159.28571319580078
1767414108617,182.28570556640625,162.28571319580078
1767414108626,183.28570556640625,164.28571319580078
1767414108636,183.28570556640625,165.28571319580078
1767414108645,183.28570556640625,166.28571319580078
1767414108654,184.28570556640625,167.28571319580078
1767414108663,184.28570556640625,168.28571319580078
1767414108673,184.28570556640625,171.28571319580078
1767414108682,185.28570556640625,172.28571319580078
1767414108692,185.28570556640625,175.28571319580078
1767414108701,186.28570556640625,177.28571319580078
1767414108710,186.28570556640625,180.28571319580078
1767414108720,186.28570556640625,181.28571319580078
1767414108729,186.28570556640625,182.28571319580078
1767414108738,186.28570556640625,183.28571319580078
1767414108748,186.28570556640625,184.28571319580078
1767414108757,186.28570556640625,185.28571319580078
1767414108767,186.28570556640625,186.28571319580078
1767414108776,186.28570556640625,187.28571319580078
1767414108785,186.28570556640625,189.28571319580078
1767414108795,186.28570556640625,191.28571319580078
1767414108804,186.28570556640625,193.28571319580078
1767414108814,186.28570556640625,194.28571319580078
1767414108823,186.28570556640625,196.28571319580078
1767414108833,186.28570556640625,198.28571319580078
1767414108842,186.28570556640625,199.28571319580078
1767414108852,186.28570556640625,201.28571319580078
1767414108862,186.28570556640625,203.28571319580078
1767414108872,186.28570556640625,204.28571319580078
1767414108881,186.28570556640625,205.28571319580078
1767414108891,186.28570556640625,206.28571319580078
1767414108900,186.28570556640625,207.28571319580078
1767414108909,186.28570556640625,207.28571319580078
1767414108918,186.28570556640625,208.28571319580078
1767414108931,186.28570556640625,209.28571319580078
1767414108939,186.28570556640625,210.28571319580078
1767414108948,186.28570556640625,211.28571319580078
1767414108958,186.28570556640625,212.28571319580078
1767414108968,186.28570556640625,213.28571319580078
1767414108977,186.28570556640625,214.28571319580078
1767414108987,186.28570556640625,215.28571319580078
1767414108997,186.28570556640625,216.28571319580078
1767414109006,186.28570556640625,216.28571319580078
1767414109015,186.28570556640625,217.28571319580078
1767414109025,187.28570556640625,219.28571319580078
1767414109035,187.28570556640625,220.28571319580078
1767414109044,187.28570556640625,220.28571319580078
1767414109094,187.28570556640625,221.28571319580078
1767414109108,188.28570556640625,221.28571319580078
1767414109118,188.28570556640625,222.28571319580078
1767414109128,188.28570556640625,223.28571319580078
1767414109138,188.28570556640625,223.28571319580078
1767414109180,188.28570556640625,224.28571319580078
1767414109191,188.28570556640625,224.28571319580078
1767414109206,188.28570556640625,225.28571319580078
1767414109222,188.28570556640625,225.28571319580078
1767414109232,188.28570556640625,227.28571319580078
1767414109242,188.28570556640625,227.28571319580078
1767414109251,188.28570556640625,229.28571319580078
1767414109260,189.28570556640625,230.28571319580078
1767414109269,189.28570556640625,231.28571319580078
1767414109279,189.28570556640625,232.28571319580078
1767414109325,189.28570556640625,233.28571319580078
1767414109337,189.28570556640625,234.28571319580078
1767414109348,189.28570556640625,235.28571319580078
1767414109395,189.28570556640625,235.28571319580078
1767414109417,189.28570556640625,236.28571319580078
1767414109427,190.28570556640625,236.28571319580078
1767414109439,190.28570556640625,237.28571319580078
1767414109456,190.28570556640625,237.28571319580078
1767414109472,190.28570556640625,239.28571319580078
1767414109482,190.28570556640625,239.28571319580078
1767414109492,191.28570556640625,239.28571319580078
1767414109506,191.28570556640625,240.28571319580078
1767414109541,191.28570556640625,240.28571319580078
1767414109562,192.28570556640625,240.28571319580078
1767414109616,192.28570556640625,241.28571319580078
1767414109632,192.28570556640625,242.28571319580078
1767414109664,192.28570556640625,243.28571319580078
1767414109697,192.28570556640625,243.28571319580078
1767414109709,192.28570556640625,244.28571319580078
1767414109719,192.28570556640625,245.28571319580078
1767414109733,192.28570556640625,245.28571319580078
1767414109752,192.28570556640625,246.28571319580078
1767414109762,193.28570556640625,246.28571319580078
1767414109886,193.28570556640625,247.28571319580078
1767414109904,193.28570556640625,247.28571319580078
1767414109914,193.28570556640625,248.28571319580078
1767414110014,192.28570556640625,248.28571319580078
1767414110047,192.28570556640625,248.28571319580078
1767414110114,191.28570556640625,248.28571319580078
1767414110129,190.28570556640625,248.28571319580078
1767414110164,190.28570556640625,248.28571319580078
1767414110644,190.28570556640625,248.28571319580078
1767414110658,192.28570556640625,247.28571319580078
1767414110668,192.28570556640625,245.28571319580078
1767414110678,193.28570556640625,245.28571319580078
1767414110688,193.28570556640625,244.28571319580078
1767414110698,193.28570556640625,244.28571319580078
1767414110714,193.28570556640625,243.28571319580078
1767414110724,194.28570556640625,243.28571319580078
1767414110734,194.28570556640625,241.28571319580078
1767414110744,195.28570556640625,240.28571319580078
1767414110754,196.28570556640625,239.28571319580078
1767414110764,196.28570556640625,239.28571319580078
1767414110774,196.28570556640625,237.28571319580078
1767414110784,196.28570556640625,237.28571319580078
1767414110794,196.28570556640625,236.28571319580078
1767414110804,197.28570556640625,235.28571319580078
1767414110814,197.28570556640625,234.28571319580078
1767414110823,197.28570556640625,233.28571319580078
1767414110833,198.28570556640625,233.28571319580078
1767414110843,198.28570556640625,232.28571319580078
1767414110861,198.28570556640625,231.28571319580078
1767414110873,198.28570556640625,231.28571319580078
1767414110883,198.28570556640625,229.28571319580078
1767414110893,198.28570556640625,229.28571319580078
1767414110902,198.28570556640625,228.28571319580078
1767414110912,198.28570556640625,227.28571319580078
1767414110922,198.28570556640625,225.28571319580078
1767414110932,198.28570556640625,224.28571319580078
1767414110947,198.28570556640625,223.28571319580078
1767414110957,198.28570556640625,222.28571319580078
1767414110967,198.28570556640625,221.28571319580078
1767414110977,198.28570556640625,220.28571319580078
1767414110986,198.28570556640625,220.28571319580078
1767414110996,198.28570556640625,219.28571319580078
1767414111005,198.28570556640625,217.28571319580078
1767414111015,198.28570556640625,216.28571319580078
1767414111025,198.28570556640625,215.28571319580078
1767414111039,198.28570556640625,214.28571319580078
1767414111048,198.28570556640625,212.28571319580078
1767414111058,198.28570556640625,212.28571319580078
1767414111068,198.28570556640625,211.28571319580078
1767414111077,198.28570556640625,209.28571319580078
1767414111087,198.28570556640625,209.28571319580078
1767414111097,197.28570556640625,207.28571319580078
1767414111107,197.28570556640625,206.28571319580078
1767414111117,197.28570556640625,205.28571319580078
1767414111127,196.28570556640625,204.28571319580078
1767414111137,196.28570556640625,203.28571319580078
1767414111147,196.28570556640625,201.28571319580078
1767414111157,196.28570556640625,200.28571319580078
1767414111166,195.28570556640625,199.28571319580078
1767414111176,194.28570556640625,196.28571319580078
1767414111186,193.28570556640625,195.28571319580078
1767414111196,193.28570556640625,193.28571319580078
1767414111206,193.28570556640625,192.28571319580078
1767414111216,192.28570556640625,189.28571319580078
1767414111226,192.28570556640625,187.28571319580078
1767414111235,191.28570556640625,185.28571319580078
1767414111245,190.28570556640625,184.28571319580078
1767414111254,190.28570556640625,182.28571319580078
1767414111264,189.28570556640625,181.28571319580078
1767414111273,189.28570556640625,180.28571319580078
1767414111283,189.28570556640625,179.28571319580078
1767414111292,188.28570556640625,178.28571319580078
1767414111303,188.28570556640625,177.28571319580078
1767414111313,188.28570556640625,176.28571319580078
1767414111323,187.28570556640625,175.28571319580078
1767414111333,186.28570556640625,172.28571319580078
1767414111343,186.28570556640625,170.28571319580078
1767414111353,185.28570556640625,168.28571319580078
1767414111363,185.28570556640625,167.28571319580078
1767414111373,185.28570556640625,165.28571319580078
1767414111383,185.28570556640625,164.28571319580078
1767414111392,184.28570556640625,163.28571319580078
1767414111402,184.28570556640625,163.28571319580078
1767414111412,184.28570556640625,161.28571319580078
1767414111422,184.28570556640625,160.28571319580078
1767414111432,183.28570556640625,159.28571319580078
1767414111442,183.28570556640625,158.28571319580078
1767414111453,183.28570556640625,157.28571319580078
1767414111463,182.28570556640625,155.28571319580078
1767414111473,182.28570556640625,154.28571319580078
1767414111483,182.28570556640625,153.28571319580078
1767414111493,182.28570556640625,152.28571319580078
1767414111503,182.28570556640625,151.28571319580078
1767414111513,182.28570556640625,151.28571319580078
1767414111522,182.28570556640625,149.28571319580078
1767414111532,182.28570556640625,148.28571319580078
1767414111542,181.28570556640625,148.28571319580078
1767414111552,181.28570556640625,147.28571319580078
1767414111563,181.28570556640625,145.28571319580078
1767414111573,181.28570556640625,144.28571319580078
1767414111583,181.28570556640625,143.28571319580078
1767414111593,180.28570556640625,142.28571319580078
1767414111603,180.28570556640625,141.28571319580078
1767414111613,180.28570556640625,140.28571319580078
1767414111623,180.28570556640625,139.28571319580078
1767414111633,180.28570556640625,137.28571319580078
1767414111644,179.28570556640625,135.28571319580078
1767414111654,179.28570556640625,133.28571319580078
1767414111664,179.28570556640625,133.28571319580078
1767414111674,179.28570556640625,132.28571319580078
1767414111683,178.28570556640625,131.28571319580078
1767414111694,178.28570556640625,130.28571319580078
1767414111705,178.28570556640625,128.28571319580078
1767414111715,178.28570556640625,128.28571319580078
1767414111725,177.28570556640625,127.28571319580078
1767414111737,177.28570556640625,125.28571319580078
1767414111749,177.28570556640625,124.28571319580078
1767414111764,176.28570556640625,123.28571319580078
1767414111777,175.28570556640625,121.28571319580078
1767414111787,175.28570556640625,120.28571319580078
1767414111939,175.28570556640625,121.28571319580078
1767414111959,174.28570556640625,132.28571319580078
1767414111969,174.28570556640625,139.28571319580078
1767414111979,174.28570556640625,144.28571319580078
1767414111990,174.28570556640625,149.28571319580078
1767414112000,175.28570556640625,153.28571319580078
1767414112011,175.28570556640625,156.28571319580078
1767414112021,176.28570556640625,159.28571319580078
1767414112031,176.28570556640625,160.28571319580078
1767414112047,176.28570556640625,161.28571319580078
1767414112057,176.28570556640625,161.28571319580078
1767414112089,176.28570556640625,162.28571319580078
1767414112100,176.28570556640625,163.28571319580078
1767414112110,176.28570556640625,164.28571319580078
1767414112121,176.28570556640625,165.28571319580078
1767414112131,177.28570556640625,166.28571319580078
1767414112142,177.28570556640625,168.28571319580078
1767414112152,178.28570556640625,169.28571319580078
1767414112162,178.28570556640625,171.28571319580078
1767414112173,178.28570556640625,173.28571319580078
1767414112183,179.28570556640625,175.28571319580078
1767414112194,180.28570556640625,176.28571319580078
1767414112203,180.28570556640625,178.28571319580078
1767414112214,180.28570556640625,179.28571319580078
1767414112224,180.28570556640625,181.28571319580078
1767414112234,180.28570556640625,181.28571319580078
1767414112245,180.28570556640625,183.28571319580078
1767414112256,180.28570556640625,185.28571319580078
1767414112266,181.28570556640625,186.28571319580078
1767414112277,181.28570556640625,187.28571319580078
1767414112287,181.28570556640625,188.28571319580078
1767414112297,181.28570556640625,189.28571319580078
1767414112307,181.28570556640625,191.28571319580078
1767414112318,181.28570556640625,192.28571319580078
1767414112328,181.28570556640625,193.28571319580078
1767414112338,181.28570556640625,194.28571319580078
1767414112349,182.28570556640625,195.28571319580078
1767414112359,182.28570556640625,196.28571319580078
1767414112369,182.28570556640625,197.28571319580078
1767414112380,182.28570556640625,199.28571319580078
1767414112390,182.28570556640625,200.28571319580078
1767414112400,182.28570556640625,201.28571319580078
1767414112410,182.28570556640625,203.28571319580078
1767414112421,182.28570556640625,204.28571319580078
1767414112431,182.28570556640625,205.28571319580078
1767414112441,182.28570556640625,207.28571319580078
1767414112452,182.28570556640625,209.28571319580078
1767414112462,182.28570556640625,211.28571319580078
1767414112472,182.28570556640625,213.28571319580078
1767414112482,182.28570556640625,216.28571319580078
1767414112491,182.28570556640625,217.28571319580078
1767414112501,182.28570556640625,218.28571319580078
1767414112514,182.28570556640625,219.28571319580078
1767414112531,182.28570556640625,219.28571319580078
1767414112542,182.28570556640625,220.28571319580078
1767414112552,182.28570556640625,221.28571319580078
1767414112568,182.28570556640625,221.28571319580078
1767414112579,183.28570556640625,222.28571319580078
1767414112589,183.28570556640625,223.28571319580078
1767414112599,183.28570556640625,223.28571319580078
1767414112614,183.28570556640625,224.28571319580078
1767414112631,183.28570556640625,224.28571319580078
1767414112647,183.28570556640625,225.28571319580078
1767414112758,183.28570556640625,224.28571319580078
1767414112779,181.28570556640625,220.28571319580078
1767414112789,180.28570556640625,217.28571319580078
1767414112800,180.28570556640625,216.28571319580078
1767414112810,180.28570556640625,215.28571319580078
1767414112820,179.28570556640625,214.28571319580078
1767414112830,179.28570556640625,213.28571319580078
1767414112841,179.28570556640625,212.28571319580078
1767414112856,179.28570556640625,212.28571319580078
1767414112866,179.28570556640625,211.28571319580078
1767414112876,179.28570556640625,210.28571319580078
1767414112886,179.28570556640625,209.28571319580078
1767414112897,179.28570556640625,208.28571319580078
1767414112907,179.28570556640625,207.28571319580078
1767414112918,179.28570556640625,206.28571319580078
1767414112928,179.28570556640625,205.28571319580078
1767414112939,179.28570556640625,204.28571319580078
1767414112949,179.28570556640625,203.28571319580078
1767414112959,178.28570556640625,202.28571319580078
1767414112970,178.28570556640625,201.28571319580078
1767414112981,178.28570556640625,200.28571319580078
1767414112992,178.28570556640625,198.28571319580078
1767414113002,178.28570556640625,197.28571319580078
1767414113012,178.28570556640625,195.28571319580078
1767414113023,178.28570556640625,193.28571319580078
1767414113034,177.28570556640625,192.28571319580078
1767414113047,177.28570556640625,191.28571319580078
1767414113057,177.28570556640625,191.28571319580078
1767414113067,177.28570556640625,190.28571319580078
1767414113078,177.28570556640625,189.28571319580078
1767414113088,177.28570556640625,189.28571319580078
1767414113099,177.28570556640625,188.28571319580078
1767414113109,176.28570556640625,187.28571319580078
1767414113120,176.28570556640625,187.28571319580078
1767414113130,176.28570556640625,185.28571319580078
1767414113140,176.28570556640625,184.28571319580078
1767414113150,175.28570556640625,184.28571319580078
1767414113161,175.28570556640625,182.28571319580078
1767414113171,174.28570556640625,182.28571319580078
1767414113181,174.28570556640625,181.28571319580078
1767414113191,174.28570556640625,180.28571319580078
1767414113202,174.28570556640625,180.28571319580078
1767414113212,174.28570556640625,179.28571319580078
1767414113222,173.28570556640625,177.28571319580078
1767414113233,173.28570556640625,176.28571319580078
1767414113243,173.28570556640625,175.28571319580078
1767414113254,173.28570556640625,174.28571319580078
1767414113264,172.28570556640625,173.28571319580078
1767414113275,172.28570556640625,172.28571319580078
1767414113286,172.28570556640625,172.28571319580078
1767414113296,172.28570556640625,171.28571319580078
1767414113306,172.28570556640625,170.28571319580078
1767414113317,172.28570556640625,169.28571319580078
1767414113328,171.28570556640625,167.28571319580078
1767414113338,170.28570556640625,165.28571319580078
1767414113349,170.28570556640625,164.28571319580078
1767414113360,170.28570556640625,163.28571319580078
1767414113371,169.28570556640625,161.28571319580078
1767414113382,169.28570556640625,160.28571319580078
1767414113397,169.28570556640625,160.28571319580078
1767414113408,168.28570556640625,159.28571319580078
1767414113419,168.28570556640625,158.28571319580078
1767414113429,167.28570556640625,156.28571319580078
1767414113440,166.28570556640625,155.28571319580078
1767414113451,165.28570556640625,154.28571319580078
1767414113461,165.28570556640625,153.28571319580078
1767414113472,164.28570556640625,152.28571319580078
1767414113483,164.28570556640625,152.28571319580078
1767414113493,163.28570556640625,152.28571319580078
1767414113504,162.28570556640625,151.28571319580078
1767414113515,161.28570556640625,150.28571319580078
1767414113526,160.28570556640625,148.28571319580078
1767414113536,157.28570556640625,147.28571319580078
1767414113548,154.28570556640625,145.28571319580078
1767414113559,153.28570556640625,144.28571319580078
1767414113569,152.28570556640625,144.28571319580078
1767414113579,150.28570556640625,143.28571319580078
1767414113589,148.28570556640625,141.28571319580078
1767414113599,146.28570556640625,140.28571319580078
1767414113610,145.28570556640625,139.28571319580078
1767414113620,143.28570556640625,137.28571319580078
1767414113631,142.28570556640625,136.28571319580078
1767414113642,140.28570556640625,135.28571319580078
1767414113653,139.28570556640625,134.28571319580078
1767414113664,137.28570556640625,133.28571319580078
1767414113676,136.28570556640625,131.28571319580078
1767414113686,135.28570556640625,131.28571319580078
1767414113697,134.28570556640625,131.28571319580078
1767414113707,134.28570556640625,130.28571319580078
1767414113718,133.28570556640625,129.28571319580078
1767414113728,132.28570556640625,128.28571319580078
1767414113739,131.28570556640625,128.28571319580078
1767414113749,130.28570556640625,127.28571319580078
1767414113761,129.28570556640625,127.28571319580078
1767414113772,129.28570556640625,126.28571319580078
1767414113783,129.28570556640625,125.28571319580078
1767414113793,128.28570556640625,125.28571319580078
1767414113804,127.28570556640625,125.28571319580078
1767414113815,126.28570556640625,124.28571319580078
1767414113826,124.28570556640625,123.28571319580078
1767414113837,120.28570556640625,121.28571319580078
1767414113848,118.28570556640625,120.28571319580078
1767414113858,115.28570556640625,118.28571319580078
1767414113869,113.28570556640625,117.28571319580078
1767414113880,111.28570556640625,116.28571319580078
1767414113891,110.28570556640625,116.28571319580078
1767414113901,109.28570556640625,115.28571319580078
1767414113912,107.28570556640625,115.28571319580078
1767414113922,104.28570556640625,113.28571319580078
1767414113933,101.28570556640625,112.28571319580078
1767414113944,97.28570556640625,111.28571319580078
1767414113955,95.28570556640625,109.28571319580078
1767414113966,93.28570556640625,109.28571319580078
1767414113976,92.28570556640625,109.28571319580078
1767414114124,92.28570556640625,108.28571319580078
1767414114147,89.28570556640625,108.28571319580078
1767414114158,87.28570556640625,108.28571319580078
1767414114169,85.28570556640625,108.28571319580078
1767414114180,84.28570556640625,108.28571319580078
1767414114191,82.28570556640625,108.28571319580078
1767414114202,81.28570556640625,108.28571319580078
1767414114213,80.28570556640625,108.28571319580078
1767414114224,78.28570556640625,108.28571319580078
1767414114236,77.28570556640625,108.28571319580078
1767414114247,76.28570556640625,109.28571319580078
1767414114257,75.28570556640625,109.28571319580078
1767414114268,74.28570556640625,109.28571319580078
1767414114279,73.28570556640625,110.28571319580078
1767414114290,71.28570556640625,111.28571319580078
1767414114301,70.28570556640625,111.28571319580078
1767414114311,70.28570556640625,111.28571319580078
1767414114323,68.28570556640625,112.28571319580078
1767414114334,66.28570556640625,113.28571319580078
1767414114345,65.28570556640625,116.28571319580078
1767414114356,63.28570556640625,118.28571319580078
1767414114366,62.28570556640625,120.28571319580078
1767414114377,61.28570556640625,121.28571319580078
1767414114388,60.28570556640625,123.28571319580078
1767414114398,60.28570556640625,124.28571319580078
1767414114409,60.28570556640625,125.28571319580078
1767414114535,59.28570556640625,125.28571319580078
1767414114557,58.28570556640625,125.28571319580078
1767414114568,57.28570556640625,125.28571319580078
1767414114650,57.28570556640625,126.28571319580078
1767414114669,57.28570556640625,129.28571319580078
1767414114680,57.28570556640625,132.28571319580078
1767414114692,56.28570556640625,135.28571319580078
1767414114703,56.28570556640625,140.28571319580078
1767414114714,55.28570556640625,143.28571319580078
1767414114726,55.28570556640625,146.28571319580078
1767414114737,54.28570556640625,149.28571319580078
1767414114748,54.28570556640625,152.28571319580078
1767414114759,54.28570556640625,154.28571319580078
1767414114770,54.28570556640625,155.28571319580078
1767414114781,54.28570556640625,156.28571319580078
1767414114792,54.28570556640625,157.28571319580078
1767414114803,53.28570556640625,159.28571319580078
1767414114814,53.28570556640625,160.28571319580078
1767414114825,53.28570556640625,163.28571319580078
1767414114835,53.28570556640625,164.28571319580078
1767414114846,52.28570556640625,165.28571319580078
1767414114857,52.28570556640625,167.28571319580078
1767414114868,52.28570556640625,168.28571319580078
1767414114880,51.28570556640625,169.28571319580078
1767414114891,50.28570556640625,171.28571319580078
1767414114902,50.28570556640625,173.28571319580078
1767414114913,49.28570556640625,176.28571319580078
1767414114924,49.28570556640625,179.28571319580078
1767414114935,48.28570556640625,181.28571319580078
1767414114946,47.28570556640625,184.28571319580078
1767414114957,46.28570556640625,187.28571319580078
1767414114968,45.28570556640625,189.28571319580078
1767414114978,45.28570556640625,192.28571319580078
1767414114989,45.28570556640625,193.28571319580078
1767414115000,44.28570556640625,194.28571319580078
1767414115011,44.28570556640625,195.28571319580078
1767414115023,44.28570556640625,197.28571319580078
1767414115034,43.28570556640625,199.28571319580078
1767414115045,42.28570556640625,202.28571319580078
1767414115056,41.28570556640625,205.28571319580078
1767414115068,41.28570556640625,207.28571319580078
1767414115079,40.28570556640625,210.28571319580078
1767414115090,40.28570556640625,212.28571319580078
1767414115101,40.28570556640625,213.28571319580078
1767414115112,40.28570556640625,215.28571319580078
1767414115123,39.28570556640625,215.28571319580078
1767414115134,39.28570556640625,216.28571319580078
1767414115147,38.28570556640625,217.28571319580078
1767414115157,38.28570556640625,218.28571319580078
1767414115168,38.28570556640625,219.28571319580078
1767414115179,38.28570556640625,220.28571319580078
1767414115190,37.28570556640625,222.28571319580078
1767414115201,37.28570556640625,225.28571319580078
1767414115212,36.28570556640625,228.28571319580078
1767414115223,36.28570556640625,230.28571319580078
1767414115234,36.28570556640625,232.28571319580078
1767414115246,36.28570556640625,234.28571319580078
1767414115257,35.28570556640625,235.28571319580078
1767414115272,35.28570556640625,236.28571319580078
1767414115283,35.28570556640625,236.28571319580078
1767414115294,35.28570556640625,237.28571319580078
1767414115305,35.28570556640625,238.28571319580078
1767414115322,35.28570556640625,239.28571319580078
1767414115333,35.28570556640625,240.28571319580078
1767414115344,35.28570556640625,240.28571319580078
1767414115361,35.28570556640625,241.28571319580078
1767414115380,35.28570556640625,241.28571319580078
1767414115391,35.28570556640625,242.28571319580078
1767414115402,35.28570556640625,243.28571319580078
1767414115414,35.28570556640625,244.28571319580078
1767414115425,35.28570556640625,244.28571319580078
1767414115439,35.28570556640625,245.28571319580078
1767414115450,36.28570556640625,245.28571319580078
1767414115460,36.28570556640625,247.28571319580078
1767414115471,36.28570556640625,247.28571319580078
1767414115482,36.28570556640625,248.28571319580078
1767414115493,36.28570556640625,248.28571319580078
1767414115503,36.28570556640625,249.28571319580078
1767414115514,37.28570556640625,249.28571319580078
1767414115580,37.28570556640625,249.28571319580078
1767414115597,37.28570556640625,249.28571319580078
1767414115650,37.28570556640625,250.28571319580078
1767414115667,38.28570556640625,250.28571319580078
1767414115697,38.28570556640625,250.28571319580078
1767414115748,39.28570556640625,251.28571319580078
1767414115779,40.28570556640625,251.28571319580078
1767414115792,40.28570556640625,251.28571319580078
1767414115803,41.28570556640625,251.28571319580078
1767414115814,41.28570556640625,251.28571319580078
1767414115831,42.28570556640625,251.28571319580078
1767414115854,42.28570556640625,251.28571319580078
1767414115866,44.28570556640625,252.28571319580078
1767414115877,44.28570556640625,252.28571319580078
1767414115888,45.28570556640625,252.28571319580078
1767414115899,46.28570556640625,252.28571319580078
1767414115909,46.28570556640625,252.28571319580078
1767414115920,47.28570556640625,252.28571319580078
1767414115931,48.28570556640625,252.28571319580078
1767414115942,48.28570556640625,252.28571319580078
1767414116041,49.28570556640625,252.28571319580078
1767414116139,49.28570556640625,252.28571319580078
1767414116164,50.28570556640625,248.28571319580078
1767414116179,50.28570556640625,245.28571319580078
1767414116193,51.28570556640625,243.28571319580078
1767414116208,52.28570556640625,242.28571319580078
1767414116222,52.28570556640625,241.28571319580078
1767414116288,52.28570556640625,240.28571319580078
1767414117123,46.28570556640625,217.28571319580078
1767414117237,46.28570556640625,217.28571319580078
1767414117264,46.28570556640625,219.28571319580078
1767414117275,46.28570556640625,220.28571319580078
1767414117287,47.28570556640625,222.28571319580078
1767414117298,47.28570556640625,223.28571319580078
1767414117310,47.28570556640625,224.28571319580078
1767414117322,47.28570556640625,225.28571319580078
1767414117334,47.28570556640625,225.28571319580078
1767414117345,47.28570556640625,227.28571319580078
1767414117357,48.28570556640625,228.28571319580078
1767414117389,48.28570556640625,228.28571319580078
1767414117422,48.28570556640625,229.28571319580078
1767414117434,48.28570556640625,229.28571319580078
1767414117445,48.28570556640625,230.28571319580078
1767414117480,48.28570556640625,231.28571319580078
1767414117493,48.28570556640625,231.28571319580078
1767414117504,48.28570556640625,232.28571319580078
1767414117515,48.28570556640625,233.28571319580078
1767414117526,48.28570556640625,235.28571319580078
1767414117537,48.28570556640625,235.28571319580078
1767414117548,48.28570556640625,236.28571319580078
1767414117560,48.28570556640625,237.28571319580078
1767414117571,48.28570556640625,238.28571319580078
1767414117582,48.28570556640625,240.28571319580078
1767414117603,48.28570556640625,240.28571319580078
1767414118083,48.28570556640625,240.28571319580078
1767414118106,50.28570556640625,234.28571319580078
1767414118118,53.28570556640625,230.28571319580078
1767414118129,54.28570556640625,226.28571319580078
1767414118141,56.28570556640625,223.28571319580078
1767414118152,56.28570556640625,221.28571319580078
1767414118351,56.28570556640625,220.28571319580078
1767414118478,56.28570556640625,221.28571319580078
1767414118496,56.28570556640625,224.28571319580078
1767414118508,55.28570556640625,224.28571319580078
1767414118519,55.28570556640625,225.28571319580078
1767414118531,55.28570556640625,226.28571319580078
1767414118542,55.28570556640625,227.28571319580078
1767414118553,55.28570556640625,228.28571319580078
1767414118565,55.28570556640625,228.28571319580078
1767414118576,55.28570556640625,229.28571319580078
1767414118589,55.28570556640625,229.28571319580078
1767414118640,54.28570556640625,229.28571319580078
1767414118687,54.28570556640625,230.28571319580078
1767414118722,54.28570556640625,230.28571319580078
1767414118739,54.28570556640625,231.28571319580078
1767414118755,54.28570556640625,231.28571319580078
1767414118767,53.28570556640625,231.28571319580078
1767414118993,53.28570556640625,232.28571319580078
1767414119144,53.28570556640625,232.28571319580078
1767414119161,52.28570556640625,230.28571319580078
1767414119167,50.28570556640625,227.28571319580078
1767414119173,49.28570556640625,225.28571319580078
1767414119180,48.28570556640625,222.28571319580078
1767414119189,46.28570556640625,217.28571319580078
1767414119197,45.28570556640625,213.28571319580078
1767414119205,42.28570556640625,209.28571319580078
1767414119214,41.28570556640625,205.28571319580078
1767414119222,41.28570556640625,200.28571319580078
1767414119232,44.28570556640625,191.28571319580078
1767414119239,50.28570556640625,181.28571319580078
1767414119249,58.28570556640625,172.28571319580078
1767414119256,73.28570556640625,161.28571319580078
1767414119264,94.28570556640625,149.28571319580078
1767414119272,120.28570556640625,139.28571319580078
1767414119280,149.28570556640625,132.28571319580078
1767414119290,188.28570556640625,127.28571319580078
1767414119299,217.28570556640625,125.28571319580078
1767414119306,268.28570556640625,124.28571319580078
1767414119315,319.28570556640625,123.28571319580078
1767414119323,364.28570556640625,123.28571319580078
1767414119331,403.28570556640625,123.28571319580078
1767414119340,441.28570556640625,123.28571319580078
1767414119348,478.28570556640625,123.28571319580078
1767414119357,528.2857055664062,124.28571319580078
1767414119365,566.2857055664062,125.28571319580078
1767414119373,608.2857055664062,127.28571319580078
1767414119381,643.2857055664062,127.28571319580078
1767414119390,675.2857055664062,127.28571319580078
1767414119398,704.2857055664062,127.28571319580078
1767414119406,743.2857055664062,129.28571319580078
1767414119415,771.2857055664062,131.28571319580078
1767414119423,803.2857055664062,136.28571319580078
1767414119432,827.2857055664062,141.28571319580078
1767414119439,845.2857055664062,144.28571319580078
1767414119447,867.2857055664062,149.28571319580078
1767414119456,888.2857055664062,155.28571319580078
1767414120442,897.2857055664062,217.28571319580078
1767414120448,894.2857055664062,218.28571319580078
1767414120457,890.2857055664062,219.28571319580078
1767414120465,886.2857055664062,220.28571319580078
1767414120473,881.2857055664062,222.28571319580078
1767414120482,872.2857055664062,224.28571319580078
1767414120489,862.2857055664062,227.28571319580078
1767414120498,853.2857055664062,230.28571319580078
1767414120506,842.2857055664062,233.28571319580078
1767414120514,832.2857055664062,236.28571319580078
1767414120522,824.2857055664062,240.28571319580078
1767414120531,809.2857055664062,245.28571319580078
1767414120539,799.2857055664062,248.28571319580078
1767414120548,790.2857055664062,251.28571319580078
1767414120556,782.2857055664062,253.28571319580078
1767414120564,774.2857055664062,256.2857131958008
1767414120573,766.2857055664062,260.2857131958008
1767414120581,760.2857055664062,262.2857131958008
1767414120589,754.2857055664062,264.2857131958008
1767414120598,752.2857055664062,266.2857131958008
1767414120607,749.2857055664062,267.2857131958008
1767414120614,748.2857055664062,268.2857131958008
1767414120622,746.2857055664062,268.2857131958008
1767414120631,745.2857055664062,269.2857131958008
1767414120639,744.2857055664062,269.2857131958008
1767414120648,742.2857055664062,270.2857131958008
1767414120658,741.2857055664062,270.2857131958008
1767414120664,741.2857055664062,271.2857131958008
1767414120673,740.2857055664062,271.2857131958008
1767414120681,739.2857055664062,272.2857131958008
1767414120690,738.2857055664062,272.2857131958008
1767414120700,737.2857055664062,272.2857131958008
1767414120707,736.2857055664062,272.2857131958008
1767414120715,735.2857055664062,272.2857131958008
1767414120723,734.2857055664062,272.2857131958008
1767414120732,733.2857055664062,273.2857131958008
1767414120741,732.2857055664062,273.2857131958008
1767414120771,731.2857055664062,273.2857131958008
1767414120968,730.2857055664062,273.2857131958008
1767414120975,730.2857055664062,274.2857131958008
1767414120983,728.2857055664062,276.2857131958008
1767414120990,726.2857055664062,277.2857131958008
1767414120998,724.2857055664062,279.2857131958008
1767414121007,722.2857055664062,281.2857131958008
1767414121015,720.2857055664062,283.2857131958008
1767414121023,718.2857055664062,285.2857131958008
1767414121031,716.2857055664062,287.2857131958008
1767414121040,713.2857055664062,288.2857131958008
1767414121048,711.2857055664062,290.2857131958008
1767414121056,709.2857055664062,292.2857131958008
1767414121065,707.2857055664062,292.2857131958008
1767414121074,706.2857055664062,293.2857131958008
1767414121083,705.2857055664062,293.2857131958008
1767414121091,704.2857055664062,293.2857131958008
1767414121099,703.2857055664062,293.2857131958008
1767414121107,702.2857055664062,294.2857131958008
1767414121124,702.2857055664062,295.2857131958008
1767414121127,701.2857055664062,295.2857131958008
1767414121132,700.2857055664062,295.2857131958008
1767414121141,699.2857055664062,295.2857131958008
1767414121148,698.2857055664062,295.2857131958008
1767414121157,697.2857055664062,295.2857131958008
1767414121165,696.2857055664062,295.2857131958008
1767414121174,694.2857055664062,295.2857131958008
1767414121198,693.2857055664062,295.2857131958008
1767414121277,693.2857055664062,294.2857131958008
1767414121290,693.2857055664062,293.2857131958008
1767414121292,694.2857055664062,293.2857131958008
1767414121304,695.2857055664062,293.2857131958008
1767414121307,696.2857055664062,292.2857131958008
1767414121315,697.2857055664062,292.2857131958008
1767414121323,698.2857055664062,291.2857131958008
1767414121332,700.2857055664062,290.2857131958008
1767414121341,701.2857055664062,289.2857131958008
1767414121349,702.2857055664062,289.2857131958008
1767414121358,703.2857055664062,289.2857131958008
1767414121366,704.2857055664062,289.2857131958008
1767414121373,705.2857055664062,288.2857131958008
1767414121382,706.2857055664062,288.2857131958008
1767414121389,708.2857055664062,288.2857131958008
1767414121398,709.2857055664062,288.2857131958008
1767414121407,711.2857055664062,288.2857131958008
1767414121415,713.2857055664062,288.2857131958008
1767414121424,714.2857055664062,287.2857131958008
1767414121432,715.2857055664062,287.2857131958008
1767414121441,716.2857055664062,287.2857131958008
1767414121455,717.2857055664062,287.2857131958008
1767414121484,717.2857055664062,286.2857131958008
1767414121492,718.2857055664062,286.2857131958008
1767414121631,717.2857055664062,286.2857131958008
1767414121642,716.2857055664062,285.2857131958008
1767414121651,714.2857055664062,285.2857131958008
1767414121657,713.2857055664062,285.2857131958008
1767414121665,712.2857055664062,285.2857131958008
1767414121674,711.2857055664062,285.2857131958008
1767414121682,709.2857055664062,285.2857131958008
1767414121690,708.2857055664062,285.2857131958008
1767414121699,708.2857055664062,284.2857131958008
1767414121711,707.2857055664062,284.2857131958008
1767414121720,706.2857055664062,284.2857131958008
1767414121744,705.2857055664062,284.2857131958008
1767414121768,704.2857055664062,284.2857131958008
1767414121880,704.2857055664062,285.2857131958008
1767414121909,704.2857055664062,286.2857131958008
1767414121916,704.2857055664062,287.2857131958008
1767414121953,704.2857055664062,288.2857131958008
1767414122012,705.2857055664062,288.2857131958008
1767414122029,705.2857055664062,289.2857131958008
1767414122039,706.2857055664062,289.2857131958008
1767414122052,706.2857055664062,289.2857131958008
1767414122064,706.2857055664062,289.2857131958008
1767414122080,707.2857055664062,289.2857131958008
1767414122091,708.2857055664062,290.2857131958008
1767414122102,708.2857055664062,290.2857131958008
1767414122113,709.2857055664062,291.2857131958008
1767414122130,709.2857055664062,291.2857131958008
1767414122147,710.2857055664062,291.2857131958008
1767414122159,710.2857055664062,291.2857131958008
1767414122194,711.2857055664062,291.2857131958008
1767414122214,712.2857055664062,291.2857131958008
1767414122225,712.2857055664062,291.2857131958008
1767414122237,713.2857055664062,291.2857131958008
1767414122272,713.2857055664062,291.2857131958008
1767414122284,714.2857055664062,291.2857131958008
1767414122343,714.2857055664062,291.2857131958008
1767414122358,715.2857055664062,291.2857131958008
1767414122370,716.2857055664062,291.2857131958008
1767414122386,717.2857055664062,292.2857131958008
1767414122406,720.2857055664062,296.2857131958008
1767414122420,721.2857055664062,301.2857131958008
1767414122432,721.2857055664062,304.2857131958008
1767414122443,721.2857055664062,307.2857131958008
1767414122454,721.2857055664062,308.2857131958008
1767414122464,721.2857055664062,308.2857131958008
1767414122475,721.2857055664062,309.2857131958008
1767414122486,721.2857055664062,309.2857131958008
1767414122653,721.2857055664062,309.2857131958008
1767414122671,719.2857055664062,307.2857131958008
1767414122683,718.2857055664062,306.2857131958008
1767414122695,718.2857055664062,305.2857131958008
1767414122706,717.2857055664062,305.2857131958008
1767414122717,717.2857055664062,305.2857131958008
1767414122728,717.2857055664062,304.2857131958008
1767414122740,716.2857055664062,304.2857131958008
1767414122792,716.2857055664062,304.2857131958008
1767414122811,716.2857055664062,304.2857131958008
1767414122830,715.2857055664062,304.2857131958008
1767414122842,714.2857055664062,304.2857131958008
1767414122854,714.2857055664062,304.2857131958008
1767414122865,713.2857055664062,304.2857131958008
1767414122876,713.2857055664062,303.2857131958008
1767414122887,712.2857055664062,303.2857131958008
1767414122898,711.2857055664062,303.2857131958008
1767414122910,710.2857055664062,303.2857131958008
1767414122922,708.2857055664062,302.2857131958008
1767414122934,706.2857055664062,301.2857131958008
1767414122945,704.2857055664062,300.2857131958008
1767414122957,702.2857055664062,298.2857131958008
1767414122969,702.2857055664062,297.2857131958008
1767414122981,701.2857055664062,297.2857131958008
1767414122994,701.2857055664062,296.2857131958008
1767414123005,700.2857055664062,296.2857131958008
1767414123016,700.2857055664062,296.2857131958008
1767414123047,700.2857055664062,295.2857131958008
1767414123135,700.2857055664062,295.2857131958008
1767414123156,704.2857055664062,295.2857131958008
1767414123168,706.2857055664062,296.2857131958008
1767414123179,709.2857055664062,298.2857131958008
1767414123191,712.2857055664062,300.2857131958008
1767414123203,714.2857055664062,302.2857131958008
1767414123215,715.2857055664062,303.2857131958008
1767414123324,714.2857055664062,303.2857131958008
1767414123338,714.2857055664062,302.2857131958008
1767414123349,713.2857055664062,301.2857131958008
1767414123361,713.2857055664062,301.2857131958008
1767414123372,712.2857055664062,301.2857131958008
1767414123447,712.2857055664062,301.2857131958008
1767414123469,712.2857055664062,301.2857131958008
1767414123474,712.2857055664062,300.2857131958008
1767414123481,712.2857055664062,299.2857131958008
1767414123489,712.2857055664062,298.2857131958008
1767414123497,713.2857055664062,297.2857131958008
1767414123505,716.2857055664062,294.2857131958008
1767414123513,718.2857055664062,292.2857131958008
1767414123522,722.2857055664062,290.2857131958008
1767414123532,728.2857055664062,289.2857131958008
1767414123540,731.2857055664062,287.2857131958008
1767414123548,737.2857055664062,287.2857131958008
1767414123556,744.2857055664062,285.2857131958008
1767414123564,751.2857055664062,285.2857131958008
1767414123573,757.2857055664062,285.2857131958008
1767414123581,765.2857055664062,285.2857131958008
1767414123590,773.2857055664062,285.2857131958008
1767414123598,779.2857055664062,285.2857131958008
1767414123606,790.2857055664062,288.2857131958008
1767414123614,798.2857055664062,289.2857131958008
1767414123623,804.2857055664062,291.2857131958008
1767414123631,810.2857055664062,292.2857131958008
1767414123639,816.2857055664062,293.2857131958008
1767414123648,821.2857055664062,296.2857131958008
1767414123656,826.2857055664062,298.2857131958008
1767414123664,831.2857055664062,300.2857131958008
1767414123673,836.2857055664062,301.2857131958008
1767414123681,838.2857055664062,301.2857131958008
1767414123690,840.2857055664062,301.2857131958008
1767414123705,841.2857055664062,301.2857131958008
1767414123708,841.2857055664062,302.2857131958008
1767414123717,842.2857055664062,302.2857131958008
1767414123724,843.2857055664062,302.2857131958008
1767414123732,844.2857055664062,302.2857131958008
1767414123741,845.2857055664062,302.2857131958008
1767414123749,846.2857055664062,302.2857131958008
1767414123813,847.2857055664062,302.2857131958008
1767414123820,848.2857055664062,301.2857131958008
1767414123828,849.2857055664062,301.2857131958008
1767414123833,850.2857055664062,301.2857131958008
1767414123841,850.2857055664062,300.2857131958008
1767414123849,852.2857055664062,300.2857131958008
1767414123857,853.2857055664062,299.2857131958008
1767414123870,854.2857055664062,298.2857131958008
1767414123876,854.2857055664062,297.2857131958008
1767414123882,855.2857055664062,297.2857131958008
1767414123890,856.2857055664062,297.2857131958008
1767414123898,856.2857055664062,296.2857131958008
1767414124043,856.2857055664062,295.2857131958008
1767414124062,856.2857055664062,294.2857131958008
1767414124074,856.2857055664062,291.2857131958008
1767414124086,856.2857055664062,289.2857131958008
1767414124097,855.2857055664062,287.2857131958008
1767414124108,854.2857055664062,285.2857131958008
1767414124119,854.2857055664062,285.2857131958008
1767414124129,854.2857055664062,284.2857131958008
1767414124147,854.2857055664062,284.2857131958008
1767414124158,854.2857055664062,283.2857131958008
1767414124293,854.2857055664062,283.2857131958008
1767414124317,853.2857055664062,283.2857131958008
1767414124331,852.2857055664062,283.2857131958008
1767414124343,852.2857055664062,284.2857131958008
1767414124355,851.2857055664062,284.2857131958008
1767414124367,850.2857055664062,285.2857131958008
1767414124379,848.2857055664062,287.2857131958008
1767414124391,848.2857055664062,288.2857131958008
1767414124403,846.2857055664062,289.2857131958008
1767414124414,846.2857055664062,289.2857131958008
1767414124426,845.2857055664062,289.2857131958008
1767414124437,845.2857055664062,289.2857131958008
1767414124448,845.2857055664062,290.2857131958008
1767414124461,844.2857055664062,291.2857131958008
1767414124481,841.2857055664062,297.2857131958008
1767414124492,841.2857055664062,300.2857131958008
1767414124504,840.2857055664062,305.2857131958008
1767414124516,840.2857055664062,308.2857131958008
1767414124527,840.2857055664062,312.2857131958008
1767414124539,840.2857055664062,313.2857131958008
1767414124550,840.2857055664062,315.2857131958008
1767414124562,840.2857055664062,316.2857131958008
1767414124573,841.2857055664062,317.2857131958008
1767414124585,841.2857055664062,317.2857131958008
1767414124596,842.2857055664062,319.2857131958008
1767414124609,843.2857055664062,319.2857131958008
1767414124620,844.2857055664062,320.2857131958008
1767414124632,844.2857055664062,320.2857131958008
1767414124719,845.2857055664062,320.2857131958008
1767414124741,846.2857055664062,313.2857131958008
1767414124753,847.2857055664062,311.2857131958008
1767414124765,848.2857055664062,307.2857131958008
1767414124778,848.2857055664062,305.2857131958008
1767414124790,848.2857055664062,304.2857131958008
1767414124803,848.2857055664062,303.2857131958008
1767414124822,848.2857055664062,303.2857131958008
1767414124840,848.2857055664062,302.2857131958008
1767414124872,848.2857055664062,301.2857131958008
1767414124938,849.2857055664062,301.2857131958008
1767414124957,850.2857055664062,301.2857131958008
1767414124969,852.2857055664062,301.2857131958008
1767414124981,853.2857055664062,301.2857131958008
1767414124993,854.2857055664062,301.2857131958008
1767414125004,856.2857055664062,301.2857131958008
1767414125016,857.2857055664062,301.2857131958008
1767414125028,857.2857055664062,301.2857131958008
1767414125039,857.2857055664062,301.2857131958008
1767414125113,857.2857055664062,301.2857131958008
1767414125133,857.2857055664062,298.2857131958008
1767414125145,858.2857055664062,297.2857131958008
1767414125157,858.2857055664062,296.2857131958008
1767414125169,858.2857055664062,296.2857131958008
1767414125181,858.2857055664062,295.2857131958008
1767414125339,858.2857055664062,295.2857131958008
1767414125366,857.2857055664062,295.2857131958008
1767414125378,856.2857055664062,295.2857131958008
1767414125397,855.2857055664062,295.2857131958008
1767414125405,854.2857055664062,295.2857131958008
1767414125414,853.2857055664062,295.2857131958008
1767414125439,852.2857055664062,295.2857131958008
1767414125464,851.2857055664062,295.2857131958008
1767414125472,850.2857055664062,295.2857131958008
1767414125483,849.2857055664062,295.2857131958008
1767414125507,848.2857055664062,295.2857131958008
1767414125530,847.2857055664062,295.2857131958008
1767414125542,846.2857055664062,295.2857131958008
1767414125626,846.2857055664062,294.2857131958008
1767414126165,846.2857055664062,295.2857131958008
1767414126174,846.2857055664062,296.2857131958008
1767414126181,847.2857055664062,296.2857131958008
1767414126189,847.2857055664062,297.2857131958008
1767414126506,847.2857055664062,297.2857131958008
1767414126530,849.2857055664062,290.2857131958008
1767414126543,850.2857055664062,287.2857131958008
1767414126555,850.2857055664062,284.2857131958008
1767414126568,850.2857055664062,283.2857131958008
1767414126580,850.2857055664062,282.2857131958008
1767414126665,849.2857055664062,282.2857131958008
1767414126684,849.2857055664062,281.2857131958008
1767414126779,849.2857055664062,282.2857131958008
1767414126798,849.2857055664062,287.2857131958008
1767414126811,849.2857055664062,289.2857131958008
1767414126823,849.2857055664062,290.2857131958008
1767414126836,849.2857055664062,292.2857131958008
1767414126848,849.2857055664062,292.2857131958008
1767414126860,850.2857055664062,293.2857131958008
1767414126872,850.2857055664062,294.2857131958008
1767414126884,850.2857055664062,295.2857131958008
1767414126913,850.2857055664062,296.2857131958008
1767414126926,850.2857055664062,297.2857131958008
1767414126937,850.2857055664062,299.2857131958008
1767414127125,849.2857055664062,299.2857131958008
1767414127144,848.2857055664062,297.2857131958008
1767414127150,846.2857055664062,297.2857131958008
1767414127156,845.2857055664062,297.2857131958008
1767414127163,842.2857055664062,297.2857131958008
1767414127172,837.2857055664062,297.2857131958008
1767414127181,829.2857055664062,299.2857131958008
1767414127189,808.2857055664062,308.2857131958008
1767414127198,792.2857055664062,316.2857131958008
1767414127206,776.2857055664062,325.2857131958008
1767414127214,764.2857055664062,333.2857131958008
1767414127223,753.2857055664062,343.2857131958008
1767414127232,742.2857055664062,353.2857131958008
1767414127239,739.2857055664062,360.2857131958008
1767414127248,737.2857055664062,368.2857131958008
1767414127256,735.2857055664062,377.2857131958008
1767414127264,733.2857055664062,384.2857131958008
1767414127273,733.2857055664062,389.2857131958008
1767414127281,733.2857055664062,395.2857131958008
1767414127289,733.2857055664062,400.2857131958008
1767414127298,735.2857055664062,407.2857131958008
1767414127306,737.2857055664062,413.2857131958008
1767414127315,739.2857055664062,420.2857131958008
1767414127322,740.2857055664062,423.2857131958008
1767414127331,741.2857055664062,427.2857131958008
1767414127339,741.2857055664062,429.2857131958008
1767414127348,742.2857055664062,433.2857131958008
1767414127356,743.2857055664062,437.2857131958008
1767414127365,745.2857055664062,441.2857131958008
1767414127373,745.2857055664062,444.2857131958008
1767414127381,746.2857055664062,448.2857131958008
1767414127389,747.2857055664062,450.2857131958008
1767414127398,748.2857055664062,455.2857131958008
1767414127406,748.2857055664062,457.2857131958008
1767414127416,749.2857055664062,459.2857131958008
1767414127423,749.2857055664062,461.2857131958008
1767414127431,750.2857055664062,465.2857131958008
1767414127439,752.2857055664062,469.2857131958008
1767414127448,752.2857055664062,473.2857131958008
1767414127456,753.2857055664062,476.2857131958008
1767414127465,755.2857055664062,481.2857131958008
1767414127473,756.2857055664062,484.2857131958008
1767414127481,758.2857055664062,488.2857131958008
1767414127489,759.2857055664062,490.2857131958008
1767414127497,760.2857055664062,492.2857131958008
1767414127506,760.2857055664062,493.2857131958008
1767414127514,761.2857055664062,493.2857131958008
1767414127530,762.2857055664062,493.2857131958008
1767414127533,762.2857055664062,494.2857131958008
1767414127539,762.2857055664062,495.2857131958008
1767414127549,764.2857055664062,496.2857131958008
1767414127556,764.2857055664062,497.2857131958008
1767414127564,766.2857055664062,498.2857131958008
1767414127572,767.2857055664062,499.2857131958008
1767414127581,768.2857055664062,500.2857131958008
1767414127589,769.2857055664062,501.2857131958008
1767414127598,770.2857055664062,501.2857131958008
1767414127629,770.2857055664062,502.2857131958008
1767414127632,771.2857055664062,502.2857131958008
1767414127657,772.2857055664062,502.2857131958008
1767414127665,773.2857055664062,503.2857131958008
1767414127679,774.2857055664062,503.2857131958008
1767414127705,775.2857055664062,503.2857131958008
1767414127729,776.2857055664062,503.2857131958008
1767414127892,775.2857055664062,503.2857131958008
1767414127906,774.2857055664062,503.2857131958008
1767414127925,773.2857055664062,503.2857131958008
1767414127933,772.2857055664062,503.2857131958008
1767414127944,771.2857055664062,503.2857131958008
1767414127948,771.2857055664062,502.2857131958008
1767414127957,770.2857055664062,501.2857131958008
1767414127965,769.2857055664062,500.2857131958008
1767414127992,769.2857055664062,499.2857131958008
1767414128360,769.2857055664062,499.2857131958008
1767414128380,770.2857055664062,499.2857131958008
1767414128397,770.2857055664062,498.2857131958008
1767414128409,771.2857055664062,498.2857131958008
1767414128421,772.2857055664062,498.2857131958008
1767414128467,773.2857055664062,498.2857131958008
1767414128602,773.2857055664062,499.2857131958008
1767414128622,773.2857055664062,500.2857131958008
1767414128633,772.2857055664062,500.2857131958008
1767414128646,771.2857055664062,502.2857131958008
1767414128658,770.2857055664062,503.2857131958008
1767414128672,769.2857055664062,504.2857131958008
1767414128684,769.2857055664062,504.2857131958008
1767414128695,769.2857055664062,505.2857131958008
1767414128714,769.2857055664062,505.2857131958008
1767414128725,768.2857055664062,505.2857131958008
1767414128737,768.2857055664062,506.2857131958008
1767414128750,768.2857055664062,507.2857131958008
1767414128762,768.2857055664062,508.2857131958008
1767414128797,768.2857055664062,508.2857131958008
1767414128809,768.2857055664062,509.2857131958008
1767414128821,768.2857055664062,510.2857131958008
1767414128833,768.2857055664062,511.2857131958008
1767414128846,768.2857055664062,512.2857131958008
1767414128857,768.2857055664062,513.2857131958008
1767414128869,768.2857055664062,514.2857131958008
1767414128881,768.2857055664062,515.2857131958008
1767414128893,768.2857055664062,516.2857131958008
1767414128905,767.2857055664062,516.2857131958008
1767414128917,766.2857055664062,517.2857131958008
1767414128929,766.2857055664062,519.2857131958008
1767414128941,766.2857055664062,520.2857131958008
1767414128953,765.2857055664062,520.2857131958008
1767414129006,765.2857055664062,520.2857131958008
1767414129024,764.2857055664062,521.2857131958008
1767414129036,763.2857055664062,522.2857131958008
1767414129048,762.2857055664062,522.2857131958008
1767414129065,762.2857055664062,523.2857131958008
1767414129080,762.2857055664062,523.2857131958008
1767414129315,762.2857055664062,522.2857131958008
1767414129338,765.2857055664062,519.2857131958008
1767414129351,766.2857055664062,516.2857131958008
1767414129364,767.2857055664062,515.2857131958008
1767414129377,767.2857055664062,513.2857131958008
1767414129389,767.2857055664062,513.2857131958008
1767414129401,768.2857055664062,512.2857131958008
1767414129543,768.2857055664062,511.2857131958008
1767414129570,769.2857055664062,508.2857131958008
1767414129583,769.2857055664062,505.2857131958008
1767414129595,770.2857055664062,505.2857131958008
1767414129607,770.2857055664062,505.2857131958008
1767414129638,770.2857055664062,504.2857131958008
1767414129655,771.2857055664062,504.2857131958008
1767414129666,771.2857055664062,504.2857131958008
1767414129679,772.2857055664062,503.2857131958008
1767414129730,772.2857055664062,503.2857131958008
1767414129763,773.2857055664062,503.2857131958008
1767414129776,774.2857055664062,503.2857131958008
1767414129792,774.2857055664062,503.2857131958008
1767414129804,775.2857055664062,503.2857131958008
1767414129815,776.2857055664062,504.2857131958008
1767414129827,776.2857055664062,505.2857131958008
1767414129839,776.2857055664062,506.2857131958008
1767414129851,776.2857055664062,507.2857131958008
1767414129864,776.2857055664062,508.2857131958008
1767414129876,776.2857055664062,508.2857131958008
1767414129889,776.2857055664062,509.2857131958008
1767414129901,776.2857055664062,510.2857131958008
1767414129914,776.2857055664062,511.2857131958008
1767414129927,776.2857055664062,511.2857131958008
1767414129940,776.2857055664062,512.2857131958008
1767414129972,776.2857055664062,513.2857131958008
1767414129985,776.2857055664062,513.2857131958008
1767414129999,776.2857055664062,514.2857131958008
1767414130012,776.2857055664062,515.2857131958008
1767414130024,776.2857055664062,515.2857131958008
1767414130037,776.2857055664062,516.2857131958008
1767414130049,776.2857055664062,517.2857131958008
1767414130064,776.2857055664062,517.2857131958008
1767414130076,776.2857055664062,517.2857131958008
1767414130089,776.2857055664062,518.2857131958008
1767414130101,776.2857055664062,520.2857131958008
1767414130114,775.2857055664062,521.2857131958008
1767414130126,775.2857055664062,522.2857131958008
1767414130314,774.2857055664062,522.2857131958008
1767414130355,774.2857055664062,522.2857131958008
1767414130368,773.2857055664062,522.2857131958008
1767414130626,772.2857055664062,522.2857131958008
1767414130650,769.2857055664062,522.2857131958008
1767414130666,768.2857055664062,520.2857131958008
1767414130677,766.2857055664062,518.2857131958008
1767414130690,766.2857055664062,516.2857131958008
1767414130702,765.2857055664062,515.2857131958008
1767414130715,765.2857055664062,513.2857131958008
1767414130727,764.2857055664062,512.2857131958008
1767414130740,764.2857055664062,511.2857131958008
1767414130752,764.2857055664062,509.2857131958008
1767414130764,764.2857055664062,508.2857131958008
1767414130780,764.2857055664062,508.2857131958008
1767414130797,764.2857055664062,507.2857131958008
1767414130813,764.2857055664062,507.2857131958008
1767414130825,764.2857055664062,506.2857131958008
1767414130838,764.2857055664062,505.2857131958008
1767414130850,763.2857055664062,505.2857131958008
1767414130863,763.2857055664062,504.2857131958008
1767414130875,763.2857055664062,504.2857131958008
1767414130887,763.2857055664062,503.2857131958008
1767414130905,763.2857055664062,503.2857131958008
1767414130917,762.2857055664062,502.2857131958008
1767414130929,762.2857055664062,501.2857131958008
1767414130941,762.2857055664062,501.2857131958008
1767414131029,762.2857055664062,501.2857131958008
1767414131042,761.2857055664062,503.2857131958008
1767414131054,761.2857055664062,504.2857131958008
1767414131066,761.2857055664062,505.2857131958008
1767414131078,760.2857055664062,507.2857131958008
1767414131091,760.2857055664062,508.2857131958008
1767414131104,760.2857055664062,509.2857131958008
1767414131116,760.2857055664062,511.2857131958008
1767414131129,760.2857055664062,512.2857131958008
1767414131141,760.2857055664062,512.2857131958008
1767414131162,760.2857055664062,513.2857131958008
1767414131174,760.2857055664062,513.2857131958008
1767414131187,760.2857055664062,515.2857131958008
1767414131199,759.2857055664062,516.2857131958008
1767414131212,759.2857055664062,516.2857131958008
1767414131238,759.2857055664062,517.2857131958008
1767414131258,759.2857055664062,517.2857131958008
1767414131272,759.2857055664062,518.2857131958008
1767414131288,759.2857055664062,519.2857131958008
1767414131300,759.2857055664062,520.2857131958008
1767414131314,759.2857055664062,520.2857131958008
1767414131326,759.2857055664062,521.2857131958008
1767414131339,759.2857055664062,521.2857131958008
1767414131476,759.2857055664062,521.2857131958008
1767414131496,760.2857055664062,517.2857131958008
1767414131505,760.2857055664062,516.2857131958008
1767414131513,761.2857055664062,514.2857131958008
1767414131523,761.2857055664062,513.2857131958008
1767414131530,762.2857055664062,512.2857131958008
1767414131538,762.2857055664062,511.2857131958008
1767414131547,763.2857055664062,511.2857131958008
1767414131555,765.2857055664062,509.2857131958008
1767414131563,766.2857055664062,508.2857131958008
1767414131572,768.2857055664062,508.2857131958008
1767414131580,769.2857055664062,507.2857131958008
1767414131589,771.2857055664062,506.2857131958008
1767414131597,773.2857055664062,506.2857131958008
1767414131605,774.2857055664062,505.2857131958008
1767414131613,775.2857055664062,504.2857131958008
1767414131622,777.2857055664062,504.2857131958008
1767414131630,778.2857055664062,503.2857131958008
1767414131638,780.2857055664062,501.2857131958008
1767414131647,781.2857055664062,501.2857131958008
1767414131658,782.2857055664062,500.2857131958008
1767414131664,784.2857055664062,499.2857131958008
1767414131672,784.2857055664062,498.2857131958008
1767414131699,785.2857055664062,498.2857131958008
1767414131715,785.2857055664062,497.2857131958008
1767414131958,786.2857055664062,497.2857131958008
1767414131978,786.2857055664062,497.2857131958008
1767414131990,787.2857055664062,498.2857131958008
1767414132003,788.2857055664062,499.2857131958008
1767414132015,789.2857055664062,500.2857131958008
1767414132028,789.2857055664062,501.2857131958008
1767414132040,790.2857055664062,503.2857131958008
1767414132053,790.2857055664062,504.2857131958008
1767414132065,791.2857055664062,506.2857131958008
1767414132078,792.2857055664062,507.2857131958008
1767414132091,792.2857055664062,509.2857131958008
1767414132103,793.2857055664062,511.2857131958008
1767414132116,793.2857055664062,513.2857131958008
1767414132128,794.2857055664062,514.2857131958008
1767414132139,794.2857055664062,515.2857131958008
1767414132151,794.2857055664062,515.2857131958008
1767414132164,794.2857055664062,516.2857131958008
1767414132177,795.2857055664062,517.2857131958008
1767414132189,796.2857055664062,517.2857131958008
1767414132202,796.2857055664062,519.2857131958008
1767414132213,796.2857055664062,519.2857131958008
1767414132297,796.2857055664062,520.2857131958008
1767414132316,797.2857055664062,520.2857131958008
1767414132331,798.2857055664062,520.2857131958008
1767414132344,798.2857055664062,521.2857131958008
1767414132357,799.2857055664062,521.2857131958008
1767414132369,800.2857055664062,522.2857131958008
1767414132382,801.2857055664062,522.2857131958008
1767414132394,801.2857055664062,523.2857131958008
1767414132418,801.2857055664062,523.2857131958008
1767414132438,802.2857055664062,523.2857131958008
1767414132451,802.2857055664062,523.2857131958008
1767414132464,804.2857055664062,524.2857131958008
1767414132477,805.2857055664062,525.2857131958008
1767414132489,806.2857055664062,525.2857131958008
1767414132502,806.2857055664062,525.2857131958008
1767414132514,808.2857055664062,525.2857131958008
1767414132697,808.2857055664062,524.2857131958008
1767414132723,808.2857055664062,521.2857131958008
1767414132735,808.2857055664062,520.2857131958008
1767414132748,808.2857055664062,519.2857131958008
1767414132760,808.2857055664062,517.2857131958008
1767414132773,808.2857055664062,517.2857131958008
1767414132786,808.2857055664062,516.2857131958008
1767414132798,808.2857055664062,515.2857131958008
1767414132811,807.2857055664062,514.2857131958008
1767414132824,807.2857055664062,513.2857131958008
1767414132836,807.2857055664062,512.2857131958008
1767414132849,807.2857055664062,511.2857131958008
1767414132861,806.2857055664062,510.2857131958008
1767414132874,806.2857055664062,509.2857131958008
1767414132886,806.2857055664062,509.2857131958008
1767414132899,806.2857055664062,508.2857131958008
1767414132917,806.2857055664062,508.2857131958008
1767414132929,806.2857055664062,508.2857131958008
1767414132942,806.2857055664062,507.2857131958008
1767414132954,806.2857055664062,505.2857131958008
1767414132967,806.2857055664062,504.2857131958008
1767414132980,806.2857055664062,503.2857131958008
1767414132992,805.2857055664062,502.2857131958008
1767414133005,805.2857055664062,501.2857131958008
1767414133017,805.2857055664062,500.2857131958008
1767414133030,805.2857055664062,499.2857131958008
1767414133042,805.2857055664062,499.2857131958008
1767414133055,805.2857055664062,499.2857131958008
1767414133069,805.2857055664062,498.2857131958008
1767414133088,805.2857055664062,497.2857131958008
1767414133105,804.2857055664062,497.2857131958008
1767414133122,804.2857055664062,497.2857131958008
1767414133134,802.2857055664062,496.2857131958008
1767414133146,802.2857055664062,496.2857131958008
1767414133158,802.2857055664062,495.2857131958008
1767414133170,801.2857055664062,495.2857131958008
1767414133183,801.2857055664062,495.2857131958008
1767414133195,801.2857055664062,495.2857131958008
1767414133208,800.2857055664062,495.2857131958008
1767414133220,800.2857055664062,495.2857131958008
1767414133232,799.2857055664062,495.2857131958008
1767414133244,798.2857055664062,495.2857131958008
1767414133263,798.2857055664062,495.2857131958008
1767414133281,797.2857055664062,495.2857131958008
1767414133296,797.2857055664062,495.2857131958008
1767414133309,796.2857055664062,495.2857131958008
1767414133364,796.2857055664062,495.2857131958008
1767414133383,795.2857055664062,495.2857131958008
1767414133396,795.2857055664062,495.2857131958008
1767414133408,794.2857055664062,496.2857131958008
1767414133422,794.2857055664062,497.2857131958008
1767414133434,793.2857055664062,499.2857131958008
1767414133447,793.2857055664062,501.2857131958008
1767414133460,793.2857055664062,504.2857131958008
1767414133473,793.2857055664062,505.2857131958008
1767414133486,793.2857055664062,507.2857131958008
1767414133498,793.2857055664062,508.2857131958008
1767414133511,793.2857055664062,509.2857131958008
1767414133523,794.2857055664062,510.2857131958008
1767414133537,794.2857055664062,511.2857131958008
1767414133549,794.2857055664062,511.2857131958008
1767414133564,794.2857055664062,511.2857131958008
1767414133580,794.2857055664062,512.2857131958008
1767414133593,794.2857055664062,512.2857131958008
1767414133605,795.2857055664062,513.2857131958008
1767414133618,796.2857055664062,514.2857131958008
1767414133631,796.2857055664062,515.2857131958008
1767414133643,796.2857055664062,516.2857131958008
1767414133666,796.2857055664062,516.2857131958008
1767414133771,796.2857055664062,517.2857131958008
1767414133856,796.2857055664062,517.2857131958008
1767414133875,796.2857055664062,519.2857131958008
1767414133888,795.2857055664062,519.2857131958008
1767414133921,794.2857055664062,519.2857131958008
1767414133935,794.2857055664062,520.2857131958008
1767414133948,794.2857055664062,520.2857131958008
1767414133961,793.2857055664062,521.2857131958008
1767414133982,793.2857055664062,521.2857131958008
1767414133996,793.2857055664062,521.2857131958008
1767414134009,793.2857055664062,523.2857131958008
1767414134022,792.2857055664062,524.2857131958008
1767414134105,792.2857055664062,524.2857131958008
1767414134208,792.2857055664062,524.2857131958008
1767414134228,790.2857055664062,524.2857131958008
1767414134241,790.2857055664062,523.2857131958008
1767414134254,789.2857055664062,522.2857131958008
1767414134268,788.2857055664062,520.2857131958008
1767414134282,788.2857055664062,518.2857131958008
1767414134295,787.2857055664062,516.2857131958008
1767414134308,786.2857055664062,514.2857131958008
1767414134322,786.2857055664062,512.2857131958008
1767414134335,786.2857055664062,511.2857131958008
1767414134348,786.2857055664062,509.2857131958008
1767414134361,786.2857055664062,508.2857131958008
1767414134374,786.2857055664062,508.2857131958008
1767414134388,786.2857055664062,507.2857131958008
1767414134405,786.2857055664062,507.2857131958008
1767414134418,786.2857055664062,505.2857131958008
1767414134431,786.2857055664062,504.2857131958008
1767414134444,786.2857055664062,503.2857131958008
1767414134456,786.2857055664062,501.2857131958008
1767414134468,786.2857055664062,500.2857131958008
1767414134480,786.2857055664062,500.2857131958008
1767414134513,787.2857055664062,499.2857131958008
1767414134526,788.2857055664062,499.2857131958008
1767414134539,788.2857055664062,499.2857131958008
1767414134552,788.2857055664062,499.2857131958008
1767414134565,788.2857055664062,498.2857131958008
1767414134586,789.2857055664062,498.2857131958008
1767414134599,790.2857055664062,498.2857131958008
1767414134611,791.2857055664062,498.2857131958008
1767414134624,793.2857055664062,498.2857131958008
1767414134636,793.2857055664062,498.2857131958008
1767414134649,794.2857055664062,498.2857131958008
1767414134662,796.2857055664062,499.2857131958008
1767414134675,796.2857055664062,499.2857131958008
1767414134687,796.2857055664062,500.2857131958008
1767414134700,797.2857055664062,500.2857131958008
1767414134713,797.2857055664062,500.2857131958008
1767414134725,797.2857055664062,501.2857131958008
1767414134738,797.2857055664062,501.2857131958008
1767414134750,797.2857055664062,503.2857131958008
1767414134763,797.2857055664062,505.2857131958008
1767414134776,797.2857055664062,508.2857131958008
1767414134789,797.2857055664062,510.2857131958008
1767414134805,797.2857055664062,512.2857131958008
1767414134817,797.2857055664062,512.2857131958008
1767414134829,797.2857055664062,513.2857131958008
1767414134846,797.2857055664062,513.2857131958008
1767414134859,797.2857055664062,514.2857131958008
1767414134872,798.2857055664062,515.2857131958008
1767414134892,798.2857055664062,515.2857131958008
1767414134960,798.2857055664062,516.2857131958008
1767414134981,798.2857055664062,516.2857131958008
1767414134996,799.2857055664062,516.2857131958008
1767414135100,800.2857055664062,516.2857131958008
1767414135118,800.2857055664062,516.2857131958008
1767414135131,801.2857055664062,516.2857131958008
1767414135322,801.2857055664062,516.2857131958008
1767414135330,801.2857055664062,515.2857131958008
1767414135340,801.2857055664062,514.2857131958008
1767414135348,801.2857055664062,513.2857131958008
1767414135355,800.2857055664062,512.2857131958008
1767414135363,798.2857055664062,509.2857131958008
1767414135371,794.2857055664062,506.2857131958008
1767414135380,786.2857055664062,501.2857131958008
1767414135390,768.2857055664062,489.2857131958008
1767414135398,756.2857055664062,483.2857131958008
1767414135406,738.2857055664062,473.2857131958008
1767414135414,722.2857055664062,463.2857131958008
1767414135422,706.2857055664062,455.2857131958008
1767414135431,689.2857055664062,449.2857131958008
1767414135440,671.2857055664062,443.2857131958008
1767414135448,646.2857055664062,435.2857131958008
1767414135457,628.2857055664062,429.2857131958008
1767414135465,607.2857055664062,425.2857131958008
1767414135473,595.2857055664062,424.2857131958008
1767414135481,573.2857055664062,420.2857131958008
1767414135490,562.2857055664062,417.2857131958008
1767414135498,553.2857055664062,416.2857131958008
1767414135507,548.2857055664062,416.2857131958008
1767414135514,546.2857055664062,416.2857131958008
1767414135523,545.2857055664062,416.2857131958008
1767414135532,544.2857055664062,416.2857131958008
1767414135559,542.2857055664062,416.2857131958008
1767414135569,541.2857055664062,416.2857131958008
1767414135578,540.2857055664062,416.2857131958008
1767414135583,539.2857055664062,416.2857131958008
1767414135590,538.2857055664062,416.2857131958008
1767414135598,537.2857055664062,416.2857131958008
1767414135607,536.2857055664062,416.2857131958008
1767414135615,534.2857055664062,416.2857131958008
1767414135624,533.2857055664062,416.2857131958008
1767414135632,532.2857055664062,416.2857131958008
1767414135641,530.2857055664062,416.2857131958008
1767414135649,529.2857055664062,416.2857131958008
1767414135657,528.2857055664062,416.2857131958008
1767414135665,527.2857055664062,416.2857131958008
1767414135673,526.2857055664062,416.2857131958008
1767414135684,525.2857055664062,416.2857131958008
1767414135724,525.2857055664062,417.2857131958008
1767414135734,525.2857055664062,418.2857131958008
1767414135739,524.2857055664062,420.2857131958008
1767414135748,524.2857055664062,424.2857131958008
1767414135756,522.2857055664062,432.2857131958008
1767414135764,522.2857055664062,442.2857131958008
1767414135772,521.2857055664062,456.2857131958008
1767414135781,521.2857055664062,468.2857131958008
1767414135789,528.2857055664062,502.2857131958008
1767414135798,532.2857055664062,521.2857131958008
1767414135806,538.2857055664062,541.2857131958008
1767414135814,547.2857055664062,562.2857131958008
1767414135823,557.2857055664062,580.2857131958008
1767414135831,568.2857055664062,596.2857131958008
-1,-1,-1
1767414061029,105.28570556640625,20.28571319580078
1767414061115,105.28570556640625,20.28571319580078
1767414061124,107.28570556640625,20.28571319580078
1767414061133,109.28570556640625,20.28571319580078
1767414061141,112.28570556640625,20.28571319580078
1767414061149,114.28570556640625,19.28571319580078
1767414061157,116.28570556640625,19.28571319580078
1767414061166,118.28570556640625,19.28571319580078
1767414061174,121.28570556640625,19.28571319580078
1767414061182,124.28570556640625,18.28571319580078
1767414061191,126.28570556640625,18.28571319580078
1767414061199,129.28570556640625,18.28571319580078
1767414061207,132.28570556640625,18.28571319580078
1767414061216,134.28570556640625,18.28571319580078
1767414061224,136.28570556640625,18.28571319580078
1767414061232,137.28570556640625,18.28571319580078
1767414061387,137.28570556640625,18.28571319580078
1767414061391,136.28570556640625,18.28571319580078
1767414061399,132.28570556640625,19.28571319580078
1767414061407,129.28570556640625,20.28571319580078
1767414061416,123.28570556640625,21.28571319580078
1767414061424,118.28570556640625,22.28571319580078
1767414061432,113.28570556640625,23.28571319580078
1767414061441,109.28570556640625,23.28571319580078
1767414061449,106.28570556640625,23.28571319580078
1767414061458,102.28570556640625,24.28571319580078
1767414061466,100.28570556640625,24.28571319580078
1767414061474,98.28570556640625,24.28571319580078
1767414061482,96.28570556640625,24.28571319580078
1767414061491,96.28570556640625,24.28571319580078
1767414061563,96.28570556640625,25.28571319580078
1767414061598,96.28570556640625,25.28571319580078
1767414061600,97.28570556640625,25.28571319580078
1767414061607,103.28570556640625,26.28571319580078
1767414061616,109.28570556640625,27.28571319580078
1767414061624,115.28570556640625,27.28571319580078
1767414061633,119.28570556640625,27.28571319580078
1767414061641,123.28570556640625,27.28571319580078
1767414061649,126.28570556640625,27.28571319580078
1767414061658,128.28570556640625,27.28571319580078
1767414061666,130.28570556640625,27.28571319580078
1767414061674,131.28570556640625,27.28571319580078
1767414061683,132.28570556640625,27.28571319580078
1767414061773,131.28570556640625,27.28571319580078
1767414061776,130.28570556640625,27.28571319580078
1767414061783,129.28570556640625,28.28571319580078
1767414061791,126.28570556640625,29.28571319580078
1767414061799,123.28570556640625,31.28571319580078
1767414061807,120.28570556640625,32.28571319580078
1767414061816,117.28570556640625,33.28571319580078
1767414061824,114.28570556640625,35.28571319580078
1767414061833,112.28570556640625,35.28571319580078
1767414061841,110.28570556640625,36.28571319580078
1767414061849,109.28570556640625,36.28571319580078
1767414061957,109.28570556640625,36.28571319580078
1767414061966,114.28570556640625,36.28571319580078
1767414061974,121.28570556640625,36.28571319580078
1767414061983,130.28570556640625,35.28571319580078
1767414061991,137.28570556640625,35.28571319580078
1767414061999,141.28570556640625,34.28571319580078
1767414062007,144.28570556640625,33.28571319580078
1767414062016,145.28570556640625,33.28571319580078
1767414062024,146.28570556640625,33.28571319580078
1767414062043,146.28570556640625,32.28571319580078
1767414062092,145.28570556640625,32.28571319580078
1767414062099,142.28570556640625,32.28571319580078
1767414062107,138.28570556640625,32.28571319580078
1767414062116,133.28570556640625,32.28571319580078
1767414062124,129.28570556640625,33.28571319580078
1767414062133,125.28570556640625,33.28571319580078
1767414062141,121.28570556640625,33.28571319580078
1767414062149,116.28570556640625,33.28571319580078
1767414062157,112.28570556640625,33.28571319580078
1767414062166,109.28570556640625,33.28571319580078
1767414062174,108.28570556640625,33.28571319580078
1767414062199,108.28570556640625,33.28571319580078
1767414062318,108.28570556640625,33.28571319580078
1767414062324,109.28570556640625,33.28571319580078
1767414062333,110.28570556640625,33.28571319580078
1767414062383,110.28570556640625,34.28571319580078
1767414062391,109.28570556640625,35.28571319580078
1767414062399,106.28570556640625,36.28571319580078
1767414062407,101.28570556640625,39.28571319580078
1767414062416,96.28570556640625,40.28571319580078
1767414062424,91.28570556640625,41.28571319580078
1767414062432,87.28570556640625,43.28571319580078
1767414062441,84.28570556640625,43.28571319580078
1767414062449,81.28570556640625,44.28571319580078
1767414062457,81.28570556640625,44.28571319580078
1767414062485,80.28570556640625,44.28571319580078
1767414062535,81.28570556640625,44.28571319580078
1767414062541,82.28570556640625,44.28571319580078
1767414062549,86.28570556640625,44.28571319580078
1767414062557,91.28570556640625,44.28571319580078
1767414062566,96.28570556640625,44.28571319580078
1767414062574,98.28570556640625,44.28571319580078
1767414062582,107.28570556640625,44.28571319580078
1767414062591,111.28570556640625,45.28571319580078
1767414062599,113.28570556640625,45.28571319580078
1767414062607,113.28570556640625,45.28571319580078
1767414062655,113.28570556640625,45.28571319580078
1767414062659,113.28570556640625,45.28571319580078
1767414062666,110.28570556640625,47.28571319580078
1767414062674,109.28570556640625,48.28571319580078
1767414062682,104.28570556640625,49.28571319580078
1767414062691,102.28570556640625,50.28571319580078
1767414062699,100.28570556640625,51.28571319580078
1767414062708,99.28570556640625,51.28571319580078
1767414062716,98.28570556640625,51.28571319580078
1767414062749,98.28570556640625,52.28571319580078
1767414062775,99.28570556640625,52.28571319580078
1767414062783,101.28570556640625,52.28571319580078
1767414062791,105.28570556640625,52.28571319580078
1767414062799,109.28570556640625,51.28571319580078
1767414062807,114.28570556640625,51.28571319580078
1767414062816,118.28570556640625,51.28571319580078
1767414062824,122.28570556640625,51.28571319580078
1767414062832,124.28570556640625,51.28571319580078
1767414062908,121.28570556640625,51.28571319580078
1767414062916,118.28570556640625,52.28571319580078
1767414062924,114.28570556640625,53.28571319580078
1767414062932,112.28570556640625,54.28571319580078
1767414062941,110.28570556640625,55.28571319580078
1767414063023,111.28570556640625,55.28571319580078
1767414063027,112.28570556640625,55.28571319580078
1767414063033,113.28570556640625,55.28571319580078
1767414063041,116.28570556640625,55.28571319580078
1767414063049,119.28570556640625,54.28571319580078
1767414063058,122.28570556640625,54.28571319580078
1767414063066,125.28570556640625,53.28571319580078
1767414063074,127.28570556640625,53.28571319580078
1767414063082,129.28570556640625,53.28571319580078
1767414063091,129.28570556640625,53.28571319580078
1767414063124,129.28570556640625,52.28571319580078
1767414063156,129.28570556640625,52.28571319580078
1767414063159,128.28570556640625,52.28571319580078
1767414063166,127.28570556640625,52.28571319580078
1767414063174,125.28570556640625,52.28571319580078
1767414063182,122.28570556640625,52.28571319580078
1767414063191,121.28570556640625,52.28571319580078
1767414063199,121.28570556640625,52.28571319580078
1767414063260,121.28570556640625,52.28571319580078
1767414063266,122.28570556640625,51.28571319580078
1767414063274,124.28570556640625,48.28571319580078
1767414063282,126.28570556640625,45.28571319580078
1767414063291,128.28570556640625,44.28571319580078
1767414063299,132.28570556640625,39.28571319580078
1767414063307,135.28570556640625,36.28571319580078
1767414063316,138.28570556640625,34.28571319580078
1767414063324,140.28570556640625,33.28571319580078
1767414063332,141.28570556640625,32.28571319580078
1767414063390,140.28570556640625,33.28571319580078
1767414063400,140.28570556640625,35.28571319580078
1767414063408,138.28570556640625,36.28571319580078
1767414063416,137.28570556640625,38.28571319580078
1767414063424,136.28570556640625,40.28571319580078
1767414063432,133.28570556640625,41.28571319580078
1767414063441,131.28570556640625,44.28571319580078
1767414063449,128.28570556640625,47.28571319580078
1767414063457,125.28570556640625,49.28571319580078
1767414063466,122.28570556640625,52.28571319580078
1767414063474,119.28570556640625,55.28571319580078
1767414063482,117.28570556640625,57.28571319580078
1767414063491,114.28570556640625,59.28571319580078
1767414063499,113.28570556640625,59.28571319580078
1767414063507,113.28570556640625,60.28571319580078
1767414063580,113.28570556640625,60.28571319580078
1767414063591,115.28570556640625,59.28571319580078
1767414063599,116.28570556640625,59.28571319580078
1767414063607,119.28570556640625,56.28571319580078
1767414063616,121.28570556640625,53.28571319580078
1767414063624,122.28570556640625,51.28571319580078
1767414063632,124.28570556640625,50.28571319580078
1767414063690,123.28570556640625,50.28571319580078
1767414063700,121.28570556640625,50.28571319580078
1767414063707,117.28570556640625,51.28571319580078
1767414063716,114.28570556640625,52.28571319580078
1767414063724,111.28570556640625,53.28571319580078
1767414063732,109.28570556640625,54.28571319580078
1767414063741,109.28570556640625,55.28571319580078
1767414063815,109.28570556640625,55.28571319580078
1767414063826,112.28570556640625,52.28571319580078
1767414063832,115.28570556640625,49.28571319580078
1767414063841,118.28570556640625,47.28571319580078
1767414063849,121.28570556640625,45.28571319580078
1767414063857,122.28570556640625,45.28571319580078
1767414063892,122.28570556640625,45.28571319580078
1767414063899,122.28570556640625,48.28571319580078
1767414063907,122.28570556640625,56.28571319580078
1767414063916,122.28570556640625,61.28571319580078
1767414063924,121.28570556640625,67.28571319580078
1767414063932,121.28570556640625,72.28571319580078
1767414063941,120.28570556640625,76.28571319580078
1767414063949,120.28570556640625,79.28571319580078
1767414063957,119.28570556640625,82.28571319580078
1767414063966,119.28570556640625,84.28571319580078
1767414063974,119.28570556640625,85.28571319580078
1767414063982,118.28570556640625,87.28571319580078
1767414064033,118.28570556640625,87.28571319580078
1767414064041,117.28570556640625,87.28571319580078
1767414064049,116.28570556640625,83.28571319580078
1767414064057,114.28570556640625,79.28571319580078
1767414064066,114.28570556640625,78.28571319580078
1767414064074,113.28570556640625,76.28571319580078
1767414064082,113.28570556640625,75.28571319580078
1767414064091,112.28570556640625,75.28571319580078
1767414064152,112.28570556640625,75.28571319580078
1767414064158,111.28570556640625,75.28571319580078
1767414064166,110.28570556640625,76.28571319580078
1767414064174,109.28570556640625,76.28571319580078
1767414064182,109.28570556640625,77.28571319580078
1767414064244,109.28570556640625,76.28571319580078
1767414064249,109.28570556640625,75.28571319580078
1767414064257,109.28570556640625,69.28571319580078
1767414064266,110.28570556640625,63.28571319580078
1767414064274,111.28570556640625,58.28571319580078
1767414064282,112.28570556640625,53.28571319580078
1767414064291,113.28570556640625,53.28571319580078
1767414064299,113.28570556640625,52.28571319580078
1767414064340,114.28570556640625,52.28571319580078
1767414064350,115.28570556640625,57.28571319580078
1767414064357,116.28570556640625,63.28571319580078
1767414064366,117.28570556640625,66.28571319580078
1767414064374,117.28570556640625,68.28571319580078
1767414064382,117.28570556640625,71.28571319580078
1767414064391,117.28570556640625,73.28571319580078
1767414064399,117.28570556640625,75.28571319580078
1767414064407,117.28570556640625,77.28571319580078
1767414064416,117.28570556640625,78.28571319580078
1767414064432,117.28570556640625,79.28571319580078
1767414064471,117.28570556640625,79.28571319580078
1767414064475,116.28570556640625,79.28571319580078
1767414064482,113.28570556640625,77.28571319580078
1767414064491,110.28570556640625,74.28571319580078
1767414064499,108.28570556640625,71.28571319580078
1767414064507,105.28570556640625,67.28571319580078
1767414064516,104.28570556640625,64.28571319580078
1767414064524,103.28570556640625,62.28571319580078
1767414064532,102.28570556640625,60.28571319580078
1767414064541,102.28570556640625,59.28571319580078
1767414064549,102.28570556640625,59.28571319580078
1767414064568,102.28570556640625,59.28571319580078
1767414064635,102.28570556640625,58.28571319580078
1767414064641,101.28570556640625,57.28571319580078
1767414064649,101.28570556640625,56.28571319580078
1767414064657,100.28570556640625,56.28571319580078
1767414064666,100.28570556640625,55.28571319580078
1767414064674,99.28570556640625,54.28571319580078
1767414064682,99.28570556640625,53.28571319580078
1767414064735,99.28570556640625,54.28571319580078
1767414064741,99.28570556640625,56.28571319580078
1767414064749,99.28570556640625,60.28571319580078
1767414064757,99.28570556640625,64.28571319580078
1767414064766,100.28570556640625,68.28571319580078
1767414064774,101.28570556640625,73.28571319580078
1767414064782,102.28570556640625,77.28571319580078
1767414064791,103.28570556640625,83.28571319580078
1767414064799,105.28570556640625,86.28571319580078
1767414064807,106.28570556640625,89.28571319580078
1767414064816,107.28570556640625,91.28571319580078
1767414064824,108.28570556640625,92.28571319580078
1767414064832,108.28570556640625,92.28571319580078
1767414064841,109.28570556640625,92.28571319580078
1767414064866,109.28570556640625,92.28571319580078
1767414064874,110.28570556640625,92.28571319580078
1767414064882,114.28570556640625,87.28571319580078
1767414064891,119.28570556640625,83.28571319580078
1767414064899,124.28570556640625,76.28571319580078
1767414064907,128.28570556640625,69.28571319580078
1767414064916,132.28570556640625,65.28571319580078
1767414064924,135.28570556640625,60.28571319580078
1767414064932,139.28570556640625,53.28571319580078
1767414064941,141.28570556640625,50.28571319580078
1767414064949,142.28570556640625,48.28571319580078
1767414064957,142.28570556640625,48.28571319580078
1767414065012,142.28570556640625,48.28571319580078
1767414065016,142.28570556640625,50.28571319580078
1767414065024,143.28570556640625,54.28571319580078
1767414065032,144.28570556640625,60.28571319580078
1767414065041,144.28570556640625,63.28571319580078
1767414065049,144.28570556640625,65.28571319580078
1767414065057,144.28570556640625,67.28571319580078
1767414065066,144.28570556640625,68.28571319580078
1767414065074,144.28570556640625,68.28571319580078
1767414065082,144.28570556640625,69.28571319580078
1767414065132,144.28570556640625,68.28571319580078
1767414065136,143.28570556640625,67.28571319580078
1767414065141,142.28570556640625,64.28571319580078
1767414065149,142.28570556640625,58.28571319580078
1767414065157,141.28570556640625,52.28571319580078
1767414065166,141.28570556640625,48.28571319580078
1767414065174,141.28570556640625,47.28571319580078
1767414065182,141.28570556640625,46.28571319580078
1767414065233,141.28570556640625,46.28571319580078
1767414065241,141.28570556640625,47.28571319580078
1767414065249,140.28570556640625,49.28571319580078
1767414065257,138.28570556640625,53.28571319580078
1767414065266,137.28570556640625,56.28571319580078
1767414065274,136.28570556640625,59.28571319580078
1767414065282,135.28570556640625,63.28571319580078
1767414065291,134.28570556640625,67.28571319580078
1767414065299,133.28570556640625,71.28571319580078
1767414065307,132.28570556640625,74.28571319580078
1767414065316,132.28570556640625,77.28571319580078
1767414065324,130.28570556640625,80.28571319580078
1767414065332,130.28570556640625,83.28571319580078
1767414065341,129.28570556640625,85.28571319580078
1767414065349,129.28570556640625,88.28571319580078
1767414065357,128.28570556640625,90.28571319580078
1767414065366,128.28570556640625,92.28571319580078
1767414065374,128.28570556640625,92.28571319580078
1767414065382,128.28570556640625,93.28571319580078
1767414065417,127.28570556640625,93.28571319580078
1767414065427,126.28570556640625,93.28571319580078
1767414065432,126.28570556640625,93.28571319580078
1767414065441,124.28570556640625,93.28571319580078
1767414065449,121.28570556640625,93.28571319580078
1767414065457,116.28570556640625,93.28571319580078
1767414065466,112.28570556640625,92.28571319580078
1767414065474,109.28570556640625,92.28571319580078
1767414065482,107.28570556640625,91.28571319580078
1767414065491,105.28570556640625,91.28571319580078
1767414065499,104.28570556640625,91.28571319580078
1767414065585,104.28570556640625,91.28571319580078
1767414065599,109.28570556640625,92.28571319580078
1767414065607,112.28570556640625,93.28571319580078
1767414065616,116.28570556640625,96.28571319580078
1767414065624,119.28570556640625,97.28571319580078
1767414065632,121.28570556640625,98.28571319580078
1767414065641,122.28570556640625,99.28571319580078
1767414065649,123.28570556640625,99.28571319580078
1767414065716,122.28570556640625,99.28571319580078
1767414065724,119.28570556640625,99.28571319580078
1767414065732,115.28570556640625,99.28571319580078
1767414065741,112.28570556640625,99.28571319580078
1767414065749,110.28570556640625,99.28571319580078
1767414065757,108.28570556640625,99.28571319580078
1767414065766,108.28570556640625,99.28571319580078
1767414065844,108.28570556640625,99.28571319580078
1767414065857,112.28570556640625,97.28571319580078
1767414065866,116.28570556640625,97.28571319580078
1767414065874,120.28570556640625,97.28571319580078
1767414065882,124.28570556640625,97.28571319580078
1767414065891,125.28570556640625,97.28571319580078
1767414065899,126.28570556640625,97.28571319580078
1767414065953,125.28570556640625,97.28571319580078
1767414065957,124.28570556640625,97.28571319580078
1767414065966,120.28570556640625,98.28571319580078
1767414065974,113.28570556640625,99.28571319580078
1767414065982,106.28570556640625,100.28571319580078
1767414065991,99.28570556640625,101.28571319580078
1767414065999,92.28570556640625,103.28571319580078
1767414066007,86.28570556640625,103.28571319580078
1767414066016,82.28570556640625,104.28571319580078
1767414066024,80.28570556640625,105.28571319580078
1767414066105,81.28570556640625,105.28571319580078
1767414066110,82.28570556640625,105.28571319580078
1767414066116,85.28570556640625,105.28571319580078
1767414066124,90.28570556640625,105.28571319580078
1767414066132,96.28570556640625,104.28571319580078
1767414066141,103.28570556640625,104.28571319580078
1767414066149,110.28570556640625,103.28571319580078
1767414066157,116.28570556640625,103.28571319580078
1767414066166,121.28570556640625,101.28571319580078
1767414066174,124.28570556640625,101.28571319580078
1767414066182,124.28570556640625,101.28571319580078
1767414066246,124.28570556640625,101.28571319580078
1767414066251,122.28570556640625,101.28571319580078
1767414066257,120.28570556640625,101.28571319580078
1767414066266,112.28570556640625,101.28571319580078
1767414066274,102.28570556640625,101.28571319580078
1767414066282,92.28570556640625,101.28571319580078
1767414066291,82.28570556640625,101.28571319580078
1767414066299,76.28570556640625,101.28571319580078
1767414066307,72.28570556640625,101.28571319580078
1767414066316,70.28570556640625,101.28571319580078
1767414066390,71.28570556640625,101.28571319580078
1767414066395,73.28570556640625,100.28571319580078
1767414066399,74.28570556640625,100.28571319580078
1767414066407,80.28570556640625,98.28571319580078
1767414066416,86.28570556640625,96.28571319580078
1767414066424,94.28570556640625,95.28571319580078
1767414066432,104.28570556640625,94.28571319580078
1767414066441,113.28570556640625,93.28571319580078
1767414066449,124.28570556640625,93.28571319580078
1767414066457,132.28570556640625,93.28571319580078
1767414066466,137.28570556640625,93.28571319580078
1767414066474,137.28570556640625,93.28571319580078
1767414066516,137.28570556640625,93.28571319580078
1767414066526,136.28570556640625,95.28571319580078
1767414066532,134.28570556640625,96.28571319580078
1767414066541,131.28570556640625,97.28571319580078
1767414066549,129.28570556640625,99.28571319580078
1767414066557,126.28570556640625,100.28571319580078
1767414066566,123.28570556640625,102.28571319580078
1767414066574,117.28570556640625,105.28571319580078
1767414066582,112.28570556640625,107.28571319580078
1767414066591,107.28570556640625,110.28571319580078
1767414066599,104.28570556640625,112.28571319580078
1767414066607,102.28570556640625,112.28571319580078
1767414066616,102.28570556640625,113.28571319580078
1767414066672,103.28570556640625,113.28571319580078
1767414066676,106.28570556640625,113.28571319580078
1767414066682,115.28570556640625,112.28571319580078
1767414066691,121.28570556640625,112.28571319580078
1767414066699,129.28570556640625,111.28571319580078
1767414066707,138.28570556640625,109.28571319580078
1767414066716,146.28570556640625,108.28571319580078
1767414066724,152.28570556640625,107.28571319580078
1767414066732,159.28570556640625,107.28571319580078
1767414066741,161.28570556640625,106.28571319580078
1767414066757,161.28570556640625,106.28571319580078
1767414066794,161.28570556640625,106.28571319580078
1767414066799,160.28570556640625,106.28571319580078
1767414066807,157.28570556640625,107.28571319580078
1767414066816,155.28570556640625,107.28571319580078
1767414066824,152.28570556640625,108.28571319580078
1767414066832,149.28570556640625,109.28571319580078
1767414066841,146.28570556640625,110.28571319580078
1767414066849,145.28570556640625,111.28571319580078
1767414066857,145.28570556640625,111.28571319580078
1767414066911,145.28570556640625,111.28571319580078
1767414066917,146.28570556640625,111.28571319580078
1767414066924,149.28570556640625,111.28571319580078
1767414066932,152.28570556640625,109.28571319580078
1767414066941,155.28570556640625,108.28571319580078
1767414066949,158.28570556640625,108.28571319580078
1767414066957,161.28570556640625,107.28571319580078
1767414066966,162.28570556640625,107.28571319580078
1767414067010,162.28570556640625,106.28571319580078
1767414067016,161.28570556640625,106.28571319580078
1767414067024,158.28570556640625,106.28571319580078
1767414067032,150.28570556640625,106.28571319580078
1767414067041,142.28570556640625,107.28571319580078
1767414067049,134.28570556640625,107.28571319580078
1767414067057,121.28570556640625,107.28571319580078
1767414067066,106.28570556640625,107.28571319580078
1767414067074,86.28570556640625,105.28571319580078
1767414067082,71.28570556640625,104.28571319580078
1767414067091,63.28570556640625,103.28571319580078
1767414067099,60.28570556640625,102.28571319580078
1767414067142,60.28570556640625,102.28571319580078
1767414067149,61.28570556640625,101.28571319580078
1767414067157,62.28570556640625,100.28571319580078
1767414067165,66.28570556640625,99.28571319580078
1767414067174,72.28570556640625,98.28571319580078
1767414067182,82.28570556640625,97.28571319580078
1767414067190,92.28570556640625,96.28571319580078
1767414067199,98.28570556640625,96.28571319580078
1767414067207,111.28570556640625,96.28571319580078
1767414067216,119.28570556640625,97.28571319580078
1767414067224,125.28570556640625,99.28571319580078
1767414067232,128.28570556640625,99.28571319580078
1767414067246,128.28570556640625,100.28571319580078
1767414067284,128.28570556640625,100.28571319580078
1767414067291,125.28570556640625,100.28571319580078
1767414067299,122.28570556640625,101.28571319580078
1767414067307,118.28570556640625,103.28571319580078
1767414067316,115.28570556640625,104.28571319580078
1767414067324,112.28570556640625,105.28571319580078
1767414067332,108.28570556640625,105.28571319580078
1767414067341,105.28570556640625,107.28571319580078
1767414067349,102.28570556640625,108.28571319580078
1767414067357,100.28570556640625,108.28571319580078
1767414067366,100.28570556640625,109.28571319580078
1767414067374,99.28570556640625,109.28571319580078
1767414067435,100.28570556640625,110.28571319580078
1767414067441,100.28570556640625,110.28571319580078
1767414067449,105.28570556640625,110.28571319580078
1767414067457,111.28570556640625,110.28571319580078
1767414067466,118.28570556640625,110.28571319580078
1767414067474,124.28570556640625,110.28571319580078
1767414067482,127.28570556640625,110.28571319580078
1767414067491,128.28570556640625,110.28571319580078
1767414067527,127.28570556640625,110.28571319580078
1767414067533,125.28570556640625,110.28571319580078
1767414067541,119.28570556640625,112.28571319580078
1767414067549,110.28570556640625,115.28571319580078
1767414067557,100.28570556640625,117.28571319580078
1767414067566,89.28570556640625,120.28571319580078
1767414067574,80.28570556640625,122.28571319580078
1767414067582,73.28570556640625,124.28571319580078
1767414067591,66.28570556640625,125.28571319580078
1767414067599,61.28570556640625,127.28571319580078
1767414067607,61.28570556640625,127.28571319580078
1767414067665,61.28570556640625,127.28571319580078
1767414067675,63.28570556640625,125.28571319580078
1767414067682,69.28570556640625,123.28571319580078
1767414067691,73.28570556640625,120.28571319580078
1767414067699,85.28570556640625,116.28571319580078
1767414067707,90.28570556640625,113.28571319580078
1767414067716,94.28570556640625,111.28571319580078
1767414067724,96.28570556640625,111.28571319580078
1767414067732,96.28570556640625,111.28571319580078
1767414067780,96.28570556640625,111.28571319580078
1767414067786,95.28570556640625,113.28571319580078
1767414067791,94.28570556640625,115.28571319580078
1767414067799,93.28570556640625,118.28571319580078
1767414067807,91.28570556640625,121.28571319580078
1767414067816,90.28570556640625,124.28571319580078
1767414067824,89.28570556640625,125.28571319580078
1767414067832,88.28570556640625,127.28571319580078
1767414067841,87.28570556640625,128.28571319580078
1767414067849,87.28570556640625,129.28571319580078
1767414067908,86.28570556640625,129.28571319580078
1767414067915,86.28570556640625,128.28571319580078
1767414067924,86.28570556640625,124.28571319580078
1767414067932,85.28570556640625,119.28571319580078
1767414067940,85.28570556640625,115.28571319580078
1767414067949,85.28570556640625,112.28571319580078
1767414067957,85.28570556640625,109.28571319580078
1767414067966,85.28570556640625,108.28571319580078
1767414068006,85.28570556640625,108.28571319580078
1767414068012,85.28570556640625,110.28571319580078
1767414068016,84.28570556640625,112.28571319580078
1767414068024,83.28570556640625,117.28571319580078
1767414068032,81.28570556640625,125.28571319580078
1767414068040,79.28570556640625,131.28571319580078
1767414068049,77.28570556640625,138.28571319580078
1767414068057,76.28570556640625,143.28571319580078
1767414068066,76.28570556640625,145.28571319580078
1767414068074,75.28570556640625,147.28571319580078
1767414068082,74.28570556640625,149.28571319580078
1767414068091,74.28570556640625,150.28571319580078
1767414068143,73.28570556640625,150.28571319580078
1767414068149,73.28570556640625,148.28571319580078
1767414068157,72.28570556640625,143.28571319580078
1767414068165,72.28570556640625,138.28571319580078
1767414068174,71.28570556640625,134.28571319580078
1767414068182,70.28570556640625,131.28571319580078
1767414068190,70.28570556640625,129.28571319580078
1767414068199,70.28570556640625,129.28571319580078
1767414068247,70.28570556640625,129.28571319580078
1767414068254,70.28570556640625,131.28571319580078
1767414068259,69.28570556640625,134.28571319580078
1767414068266,68.28570556640625,137.28571319580078
1767414068274,66.28570556640625,141.28571319580078
1767414068282,66.28570556640625,145.28571319580078
1767414068290,65.28570556640625,148.28571319580078
1767414068299,64.28570556640625,151.28571319580078
1767414068307,64.28570556640625,152.28571319580078
1767414068315,64.28570556640625,154.28571319580078
1767414068375,64.28570556640625,153.28571319580078
1767414068382,64.28570556640625,151.28571319580078
1767414068391,64.28570556640625,147.28571319580078
1767414068399,64.28570556640625,143.28571319580078
1767414068407,64.28570556640625,139.28571319580078
1767414068415,64.28570556640625,134.28571319580078
1767414068424,64.28570556640625,131.28571319580078
1767414068432,64.28570556640625,129.28571319580078
1767414068440,64.28570556640625,128.28571319580078
1767414068449,64.28570556640625,128.28571319580078
1767414068492,64.28570556640625,128.28571319580078
1767414068499,64.28570556640625,130.28571319580078
1767414068507,64.28570556640625,132.28571319580078
1767414068515,64.28570556640625,136.28571319580078
1767414068524,64.28570556640625,139.28571319580078
1767414068532,63.28570556640625,141.28571319580078
1767414068540,63.28570556640625,144.28571319580078
1767414068549,63.28570556640625,145.28571319580078
1767414068557,63.28570556640625,147.28571319580078
1767414068566,63.28570556640625,147.28571319580078
1767414068624,63.28570556640625,147.28571319580078
1767414068633,63.28570556640625,144.28571319580078
1767414068640,64.28570556640625,140.28571319580078
1767414068649,65.28570556640625,133.28571319580078
1767414068657,66.28570556640625,128.28571319580078
1767414068665,66.28570556640625,123.28571319580078
1767414068674,68.28570556640625,119.28571319580078
1767414068682,68.28570556640625,117.28571319580078
1767414068729,68.28570556640625,118.28571319580078
1767414068735,68.28570556640625,120.28571319580078
1767414068741,68.28570556640625,123.28571319580078
1767414068749,67.28570556640625,131.28571319580078
1767414068757,66.28570556640625,136.28571319580078
1767414068766,65.28570556640625,141.28571319580078
1767414068774,64.28570556640625,144.28571319580078
1767414068782,64.28570556640625,147.28571319580078
1767414068790,63.28570556640625,149.28571319580078
1767414068799,63.28570556640625,151.28571319580078
1767414068807,63.28570556640625,152.28571319580078
1767414068816,63.28570556640625,152.28571319580078
1767414068862,62.28570556640625,152.28571319580078
1767414068874,62.28570556640625,148.28571319580078
1767414068882,62.28570556640625,143.28571319580078
1767414068890,62.28570556640625,137.28571319580078
1767414068899,64.28570556640625,132.28571319580078
1767414068907,65.28570556640625,127.28571319580078
1767414068915,66.28570556640625,125.28571319580078
1767414068924,66.28570556640625,124.28571319580078
1767414068969,66.28570556640625,124.28571319580078
1767414068976,66.28570556640625,126.28571319580078
1767414068982,66.28570556640625,130.28571319580078
1767414068991,65.28570556640625,137.28571319580078
1767414068999,64.28570556640625,143.28571319580078
1767414069007,62.28570556640625,148.28571319580078
1767414069015,62.28570556640625,153.28571319580078
1767414069024,61.28570556640625,157.28571319580078
1767414069032,60.28570556640625,160.28571319580078
1767414069041,60.28570556640625,162.28571319580078
1767414069049,60.28570556640625,163.28571319580078
1767414069103,59.28570556640625,163.28571319580078
1767414069108,59.28570556640625,161.28571319580078
1767414069116,59.28570556640625,158.28571319580078
1767414069124,58.28570556640625,152.28571319580078
1767414069132,58.28570556640625,142.28571319580078
1767414069140,58.28570556640625,135.28571319580078
1767414069149,58.28570556640625,130.28571319580078
1767414069157,59.28570556640625,125.28571319580078
1767414069165,60.28570556640625,122.28571319580078
1767414069174,60.28570556640625,120.28571319580078
1767414069182,60.28570556640625,119.28571319580078
1767414069256,60.28570556640625,119.28571319580078
1767414069262,60.28570556640625,121.28571319580078
1767414069265,60.28570556640625,123.28571319580078
1767414069274,58.28570556640625,126.28571319580078
1767414069282,58.28570556640625,129.28571319580078
1767414069290,57.28570556640625,131.28571319580078
1767414069299,57.28570556640625,132.28571319580078
1767414069307,57.28570556640625,134.28571319580078
1767414069315,56.28570556640625,135.28571319580078
1767414069324,56.28570556640625,135.28571319580078
1767414069400,56.28570556640625,135.28571319580078
1767414069407,56.28570556640625,133.28571319580078
1767414069415,56.28570556640625,130.28571319580078
1767414069424,56.28570556640625,126.28571319580078
1767414069432,56.28570556640625,122.28571319580078
1767414069440,56.28570556640625,116.28571319580078
1767414069449,56.28570556640625,113.28571319580078
1767414069457,56.28570556640625,113.28571319580078
1767414069499,56.28570556640625,113.28571319580078
1767414069507,56.28570556640625,117.28571319580078
1767414069515,56.28570556640625,124.28571319580078
1767414069524,55.28570556640625,132.28571319580078
1767414069532,53.28570556640625,139.28571319580078
1767414069541,50.28570556640625,152.28571319580078
1767414069549,49.28570556640625,157.28571319580078
1767414069557,49.28570556640625,162.28571319580078
1767414069565,48.28570556640625,167.28571319580078
1767414069574,47.28570556640625,169.28571319580078
1767414069582,47.28570556640625,173.28571319580078
1767414069590,46.28570556640625,175.28571319580078
1767414069599,46.28570556640625,176.28571319580078
1767414069662,46.28570556640625,176.28571319580078
1767414069669,46.28570556640625,175.28571319580078
1767414069674,46.28570556640625,173.28571319580078
1767414069682,46.28570556640625,172.28571319580078
1767414069747,46.28570556640625,173.28571319580078
1767414069755,45.28570556640625,176.28571319580078
1767414069759,45.28570556640625,180.28571319580078
1767414069765,44.28570556640625,184.28571319580078
1767414069774,43.28570556640625,189.28571319580078
1767414069782,43.28570556640625,194.28571319580078
1767414069790,43.28570556640625,199.28571319580078
1767414069799,42.28570556640625,203.28571319580078
1767414069807,42.28570556640625,206.28571319580078
1767414069815,42.28570556640625,209.28571319580078
1767414069824,42.28570556640625,212.28571319580078
1767414069832,42.28570556640625,214.28571319580078
1767414069841,42.28570556640625,216.28571319580078
1767414069849,42.28570556640625,217.28571319580078
1767414069857,42.28570556640625,218.28571319580078
1767414069923,42.28570556640625,217.28571319580078
1767414069933,42.28570556640625,215.28571319580078
1767414069940,44.28570556640625,213.28571319580078
1767414069949,44.28570556640625,211.28571319580078
1767414069957,45.28570556640625,209.28571319580078
1767414069965,45.28570556640625,208.28571319580078
1767414069974,46.28570556640625,208.28571319580078
1767414069982,46.28570556640625,207.28571319580078
1767414070031,47.28570556640625,207.28571319580078
1767414070037,48.28570556640625,208.28571319580078
1767414070041,48.28570556640625,209.28571319580078
1767414070049,49.28570556640625,211.28571319580078
1767414070057,49.28570556640625,213.28571319580078
1767414070065,49.28570556640625,215.28571319580078
1767414070074,50.28570556640625,217.28571319580078
1767414070082,50.28570556640625,217.28571319580078
1767414070091,50.28570556640625,218.28571319580078
1767414070107,50.28570556640625,219.28571319580078
1767414070159,50.28570556640625,218.28571319580078
1767414070167,50.28570556640625,215.28571319580078
1767414070174,50.28570556640625,209.28571319580078
1767414070182,51.28570556640625,201.28571319580078
1767414070190,51.28570556640625,196.28571319580078
1767414070199,52.28570556640625,190.28571319580078
1767414070207,53.28570556640625,185.28571319580078
1767414070215,53.28570556640625,181.28571319580078
1767414070224,53.28570556640625,179.28571319580078
1767414070232,54.28570556640625,177.28571319580078
1767414070249,54.28570556640625,177.28571319580078
1767414070313,54.28570556640625,177.28571319580078
1767414070321,54.28570556640625,180.28571319580078
1767414070324,54.28570556640625,181.28571319580078
1767414070332,54.28570556640625,186.28571319580078
1767414070340,54.28570556640625,189.28571319580078
1767414070349,54.28570556640625,192.28571319580078
1767414070357,53.28570556640625,196.28571319580078
1767414070365,53.28570556640625,199.28571319580078
1767414070374,53.28570556640625,200.28571319580078
1767414070382,53.28570556640625,202.28571319580078
1767414070419,52.28570556640625,202.28571319580078
1767414070449,52.28570556640625,201.28571319580078
1767414070457,52.28570556640625,198.28571319580078
1767414070465,55.28570556640625,188.28571319580078
1767414070474,57.28570556640625,180.28571319580078
1767414070482,60.28570556640625,171.28571319580078
1767414070490,64.28570556640625,159.28571319580078
1767414070499,66.28570556640625,153.28571319580078
1767414070507,69.28570556640625,145.28571319580078
1767414070515,71.28570556640625,141.28571319580078
1767414070524,72.28570556640625,139.28571319580078
1767414070532,73.28570556640625,137.28571319580078
1767414070540,73.28570556640625,137.28571319580078
1767414070549,73.28570556640625,136.28571319580078
1767414070557,73.28570556640625,135.28571319580078
1767414070565,74.28570556640625,135.28571319580078
1767414070581,74.28570556640625,135.28571319580078
1767414070598,74.28570556640625,134.28571319580078
1767414070600,74.28570556640625,134.28571319580078
1767414070607,75.28570556640625,133.28571319580078
1767414070615,76.28570556640625,133.28571319580078
1767414070624,77.28570556640625,132.28571319580078
1767414070632,78.28570556640625,132.28571319580078
1767414070640,80.28570556640625,131.28571319580078
1767414070649,80.28570556640625,131.28571319580078
1767414070657,81.28570556640625,131.28571319580078
1767414070674,81.28570556640625,131.28571319580078
1767414070682,82.28570556640625,131.28571319580078
1767414070690,83.28570556640625,131.28571319580078
1767414070699,85.28570556640625,132.28571319580078
1767414070707,87.28570556640625,135.28571319580078
1767414070715,89.28570556640625,140.28571319580078
1767414070724,91.28570556640625,146.28571319580078
1767414070732,92.28570556640625,154.28571319580078
1767414070740,92.28570556640625,160.28571319580078
1767414070749,92.28570556640625,165.28571319580078
1767414070757,92.28570556640625,171.28571319580078
1767414070765,92.28570556640625,175.28571319580078
1767414070774,92.28570556640625,177.28571319580078
1767414070782,92.28570556640625,179.28571319580078
1767414070839,91.28570556640625,179.28571319580078
1767414070846,90.28570556640625,179.28571319580078
1767414070850,89.28570556640625,178.28571319580078
1767414070857,89.28570556640625,175.28571319580078
1767414070865,88.28570556640625,172.28571319580078
1767414070874,87.28570556640625,160.28571319580078
1767414070882,87.28570556640625,152.28571319580078
1767414070890,87.28570556640625,143.28571319580078
1767414070899,87.28570556640625,137.28571319580078
1767414070907,88.28570556640625,132.28571319580078
1767414070915,89.28570556640625,129.28571319580078
1767414070924,89.28570556640625,129.28571319580078
1767414070932,89.28570556640625,128.28571319580078
1767414070999,90.28570556640625,128.28571319580078
1767414071007,90.28570556640625,128.28571319580078
1767414071015,90.28570556640625,132.28571319580078
1767414071024,90.28570556640625,136.28571319580078
1767414071032,90.28570556640625,143.28571319580078
1767414071040,90.28570556640625,149.28571319580078
1767414071049,90.28570556640625,155.28571319580078
1767414071057,89.28570556640625,161.28571319580078
1767414071065,89.28570556640625,165.28571319580078
1767414071074,88.28570556640625,167.28571319580078
1767414071082,88.28570556640625,169.28571319580078
1767414071090,88.28570556640625,170.28571319580078
1767414071128,87.28570556640625,170.28571319580078
1767414071141,85.28570556640625,170.28571319580078
1767414071149,84.28570556640625,169.28571319580078
1767414071157,82.28570556640625,166.28571319580078
1767414071165,81.28570556640625,159.28571319580078
1767414071174,80.28570556640625,155.28571319580078
1767414071182,80.28570556640625,144.28571319580078
1767414071190,80.28570556640625,140.28571319580078
1767414071199,80.28570556640625,137.28571319580078
1767414071207,80.28570556640625,136.28571319580078
1767414071255,80.28570556640625,137.28571319580078
1767414071261,80.28570556640625,139.28571319580078
1767414071265,80.28570556640625,142.28571319580078
1767414071274,80.28570556640625,146.28571319580078
1767414071290,78.28570556640625,160.28571319580078
1767414071299,78.28570556640625,163.28571319580078
1767414071307,78.28570556640625,166.28571319580078
1767414071315,78.28570556640625,168.28571319580078
1767414071324,78.28570556640625,169.28571319580078
1767414071375,78.28570556640625,168.28571319580078
1767414071383,79.28570556640625,164.28571319580078
1767414071390,82.28570556640625,159.28571319580078
1767414071399,85.28570556640625,152.28571319580078
1767414071407,88.28570556640625,143.28571319580078
1767414071415,92.28570556640625,133.28571319580078
1767414071424,96.28570556640625,123.28571319580078
1767414071432,104.28570556640625,109.28571319580078
1767414071440,109.28570556640625,101.28571319580078
1767414071449,112.28570556640625,98.28571319580078
1767414071457,113.28570556640625,96.28571319580078
1767414071495,113.28570556640625,96.28571319580078
1767414071502,114.28570556640625,98.28571319580078
1767414071507,114.28570556640625,103.28571319580078
1767414071515,116.28570556640625,111.28571319580078
1767414071524,116.28570556640625,119.28571319580078
1767414071532,116.28570556640625,128.28571319580078
1767414071540,116.28570556640625,135.28571319580078
1767414071549,116.28570556640625,141.28571319580078
1767414071557,115.28570556640625,146.28571319580078
1767414071565,114.28570556640625,149.28571319580078
1767414071574,114.28570556640625,151.28571319580078
1767414071582,114.28570556640625,152.28571319580078
1767414071601,114.28570556640625,153.28571319580078
1767414071607,113.28570556640625,153.28571319580078
1767414071634,113.28570556640625,152.28571319580078
1767414071640,113.28570556640625,150.28571319580078
1767414071649,113.28570556640625,145.28571319580078
1767414071657,113.28570556640625,138.28571319580078
1767414071665,113.28570556640625,131.28571319580078
1767414071674,113.28570556640625,125.28571319580078
1767414071682,113.28570556640625,120.28571319580078
1767414071690,114.28570556640625,116.28571319580078
1767414071699,114.28570556640625,116.28571319580078
1767414071707,114.28570556640625,115.28571319580078
1767414071739,114.28570556640625,116.28571319580078
1767414071741,114.28570556640625,116.28571319580078
1767414071749,114.28570556640625,121.28571319580078
1767414071757,113.28570556640625,131.28571319580078
1767414071765,112.28570556640625,139.28571319580078
1767414071774,109.28570556640625,147.28571319580078
1767414071782,108.28570556640625,151.28571319580078
1767414071790,105.28570556640625,159.28571319580078
1767414071799,104.28570556640625,163.28571319580078
1767414071807,103.28570556640625,165.28571319580078
1767414071815,102.28570556640625,167.28571319580078
1767414071824,102.28570556640625,167.28571319580078
1767414071862,101.28570556640625,167.28571319580078
1767414071866,100.28570556640625,167.28571319580078
1767414071874,98.28570556640625,164.28571319580078
1767414071882,98.28570556640625,160.28571319580078
1767414071890,98.28570556640625,156.28571319580078
1767414071899,98.28570556640625,155.28571319580078
1767414071907,97.28570556640625,128.28571319580078
1767414071915,98.28570556640625,121.28571319580078
1767414071924,98.28570556640625,119.28571319580078
1767414071932,98.28570556640625,117.28571319580078
1767414071978,98.28570556640625,118.28571319580078
1767414071990,98.28570556640625,127.28571319580078
1767414071999,98.28570556640625,137.28571319580078
1767414072007,98.28570556640625,145.28571319580078
1767414072015,97.28570556640625,150.28571319580078
1767414072024,97.28570556640625,154.28571319580078
1767414072032,97.28570556640625,157.28571319580078
1767414072040,96.28570556640625,159.28571319580078
1767414072091,96.28570556640625,159.28571319580078
1767414072099,96.28570556640625,156.28571319580078
1767414072107,96.28570556640625,150.28571319580078
1767414072115,96.28570556640625,144.28571319580078
1767414072124,97.28570556640625,138.28571319580078
1767414072132,98.28570556640625,133.28571319580078
1767414072140,98.28570556640625,131.28571319580078
1767414072179,99.28570556640625,131.28571319580078
1767414072185,100.28570556640625,133.28571319580078
1767414072190,100.28570556640625,135.28571319580078
1767414072199,101.28570556640625,137.28571319580078
1767414072207,101.28570556640625,145.28571319580078
1767414072215,101.28570556640625,149.28571319580078
1767414072224,102.28570556640625,153.28571319580078
1767414072232,102.28570556640625,156.28571319580078
1767414072240,102.28570556640625,160.28571319580078
1767414072249,102.28570556640625,162.28571319580078
1767414072257,103.28570556640625,163.28571319580078
1767414072311,103.28570556640625,163.28571319580078
1767414072318,104.28570556640625,160.28571319580078
1767414072324,105.28570556640625,156.28571319580078
1767414072332,106.28570556640625,151.28571319580078
1767414072340,109.28570556640625,141.28571319580078
1767414072349,110.28570556640625,133.28571319580078
1767414072357,113.28570556640625,125.28571319580078
1767414072365,114.28570556640625,119.28571319580078
1767414072374,115.28570556640625,115.28571319580078
1767414072382,115.28570556640625,113.28571319580078
1767414072425,115.28570556640625,113.28571319580078
1767414072432,115.28570556640625,116.28571319580078
1767414072440,115.28570556640625,122.28571319580078
1767414072449,115.28570556640625,128.28571319580078
1767414072457,115.28570556640625,133.28571319580078
1767414072465,115.28570556640625,141.28571319580078
1767414072474,114.28570556640625,147.28571319580078
1767414072482,114.28570556640625,152.28571319580078
1767414072490,114.28570556640625,157.28571319580078
1767414072499,114.28570556640625,160.28571319580078
1767414072507,114.28570556640625,161.28571319580078
1767414072515,114.28570556640625,163.28571319580078
1767414072524,114.28570556640625,163.28571319580078
1767414072572,114.28570556640625,163.28571319580078
1767414072579,114.28570556640625,159.28571319580078
1767414072583,115.28570556640625,155.28571319580078
1767414072590,117.28570556640625,149.28571319580078
1767414072599,120.28570556640625,140.28571319580078
1767414072607,121.28570556640625,135.28571319580078
1767414072616,126.28570556640625,121.28571319580078
1767414072624,128.28570556640625,117.28571319580078
1767414072632,130.28570556640625,115.28571319580078
1767414072640,130.28570556640625,113.28571319580078
1767414072680,131.28570556640625,113.28571319580078
1767414072687,132.28570556640625,114.28571319580078
1767414072691,133.28570556640625,115.28571319580078
1767414072699,134.28570556640625,118.28571319580078
1767414072707,136.28570556640625,123.28571319580078
1767414072716,137.28570556640625,131.28571319580078
1767414072724,137.28570556640625,137.28571319580078
1767414072732,138.28570556640625,143.28571319580078
1767414072740,140.28570556640625,148.28571319580078
1767414072749,141.28570556640625,152.28571319580078
1767414072757,141.28570556640625,155.28571319580078
1767414072765,142.28570556640625,157.28571319580078
1767414072774,142.28570556640625,157.28571319580078
1767414072826,142.28570556640625,157.28571319580078
1767414072833,144.28570556640625,153.28571319580078
1767414072840,145.28570556640625,148.28571319580078
1767414072849,148.28570556640625,139.28571319580078
1767414072857,149.28570556640625,131.28571319580078
1767414072866,152.28570556640625,123.28571319580078
1767414072874,153.28570556640625,121.28571319580078
1767414072882,153.28570556640625,120.28571319580078
1767414072921,154.28570556640625,120.28571319580078
1767414072925,154.28570556640625,120.28571319580078
1767414072932,154.28570556640625,121.28571319580078
1767414072940,155.28570556640625,127.28571319580078
1767414072949,156.28570556640625,133.28571319580078
1767414072957,156.28570556640625,139.28571319580078
1767414072965,156.28570556640625,145.28571319580078
1767414072974,156.28570556640625,151.28571319580078
1767414072982,156.28570556640625,157.28571319580078
1767414072990,156.28570556640625,161.28571319580078
1767414072999,155.28570556640625,165.28571319580078
1767414073007,155.28570556640625,167.28571319580078
1767414073067,154.28570556640625,167.28571319580078
1767414073076,154.28570556640625,165.28571319580078
1767414073082,153.28570556640625,163.28571319580078
1767414073090,153.28570556640625,153.28571319580078
1767414073099,153.28570556640625,147.28571319580078
1767414073107,154.28570556640625,136.28571319580078
1767414073115,156.28570556640625,127.28571319580078
1767414073124,157.28570556640625,121.28571319580078
1767414073132,158.28570556640625,120.28571319580078
1767414073166,159.28570556640625,120.28571319580078
1767414073174,160.28570556640625,123.28571319580078
1767414073182,162.28570556640625,128.28571319580078
1767414073190,163.28570556640625,137.28571319580078
1767414073199,164.28570556640625,143.28571319580078
1767414073207,164.28570556640625,149.28571319580078
1767414073215,164.28570556640625,154.28571319580078
1767414073224,164.28570556640625,157.28571319580078
1767414073232,164.28570556640625,160.28571319580078
1767414073240,164.28570556640625,161.28571319580078
1767414073249,164.28570556640625,162.28571319580078
1767414073291,164.28570556640625,161.28571319580078
1767414073299,164.28570556640625,159.28571319580078
1767414073307,164.28570556640625,155.28571319580078
1767414073315,165.28570556640625,149.28571319580078
1767414073324,165.28570556640625,146.28571319580078
1767414073332,169.28570556640625,133.28571319580078
1767414073340,171.28570556640625,128.28571319580078
1767414073349,172.28570556640625,125.28571319580078
1767414073357,173.28570556640625,121.28571319580078
1767414073365,174.28570556640625,118.28571319580078
1767414073374,175.28570556640625,116.28571319580078
1767414073382,176.28570556640625,115.28571319580078
1767414073390,176.28570556640625,115.28571319580078
1767414073479,176.28570556640625,115.28571319580078
1767414073517,177.28570556640625,115.28571319580078
1767414073533,177.28570556640625,115.28571319580078
1767414073540,178.28570556640625,115.28571319580078
1767414073549,179.28570556640625,117.28571319580078
1767414073557,180.28570556640625,121.28571319580078
1767414073565,181.28570556640625,126.28571319580078
1767414073574,182.28570556640625,131.28571319580078
1767414073582,182.28570556640625,136.28571319580078
1767414073590,182.28570556640625,139.28571319580078
1767414073599,182.28570556640625,143.28571319580078
1767414073607,182.28570556640625,145.28571319580078
1767414073615,182.28570556640625,145.28571319580078
1767414073624,182.28570556640625,146.28571319580078
1767414073684,182.28570556640625,146.28571319580078
1767414073692,181.28570556640625,146.28571319580078
1767414073699,180.28570556640625,145.28571319580078
1767414073707,180.28570556640625,144.28571319580078
1767414073716,179.28570556640625,144.28571319580078
1767414073732,178.28570556640625,144.28571319580078
1767414073789,178.28570556640625,144.28571319580078
1767414073799,178.28570556640625,150.28571319580078
1767414073807,178.28570556640625,155.28571319580078
1767414073815,178.28570556640625,159.28571319580078
1767414073824,178.28570556640625,162.28571319580078
1767414073832,178.28570556640625,165.28571319580078
1767414073840,178.28570556640625,168.28571319580078
1767414073849,178.28570556640625,171.28571319580078
1767414073857,178.28570556640625,175.28571319580078
1767414073865,178.28570556640625,176.28571319580078
1767414073874,178.28570556640625,178.28571319580078
1767414073882,179.28570556640625,180.28571319580078
1767414073890,180.28570556640625,181.28571319580078
1767414073899,180.28570556640625,183.28571319580078
1767414073907,180.28570556640625,184.28571319580078
1767414073915,180.28570556640625,185.28571319580078
1767414073932,181.28570556640625,185.28571319580078
1767414074002,181.28570556640625,184.28571319580078
1767414074007,180.28570556640625,184.28571319580078
1767414074015,180.28570556640625,180.28571319580078
1767414074024,180.28570556640625,176.28571319580078
1767414074032,180.28570556640625,172.28571319580078
1767414074040,180.28570556640625,169.28571319580078
1767414074049,180.28570556640625,163.28571319580078
1767414074057,180.28570556640625,160.28571319580078
1767414074065,180.28570556640625,156.28571319580078
1767414074074,180.28570556640625,155.28571319580078
1767414074082,180.28570556640625,154.28571319580078
1767414074090,180.28570556640625,153.28571319580078
1767414074139,180.28570556640625,153.28571319580078
1767414074149,181.28570556640625,153.28571319580078
1767414074157,181.28570556640625,153.28571319580078
1767414074165,182.28570556640625,154.28571319580078
1767414074174,184.28570556640625,156.28571319580078
1767414074182,185.28570556640625,159.28571319580078
1767414074190,185.28570556640625,164.28571319580078
1767414074199,186.28570556640625,168.28571319580078
1767414074207,187.28570556640625,172.28571319580078
1767414074215,187.28570556640625,176.28571319580078
1767414074224,188.28570556640625,180.28571319580078
1767414074232,188.28570556640625,184.28571319580078
1767414074240,189.28570556640625,189.28571319580078
1767414074249,190.28570556640625,195.28571319580078
1767414074257,190.28570556640625,197.28571319580078
1767414074265,190.28570556640625,200.28571319580078
1767414074274,190.28570556640625,200.28571319580078
1767414074332,190.28570556640625,201.28571319580078
1767414074411,190.28570556640625,201.28571319580078
1767414074419,189.28570556640625,200.28571319580078
1767414074424,189.28570556640625,199.28571319580078
1767414074432,188.28570556640625,197.28571319580078
1767414074440,188.28570556640625,196.28571319580078
1767414074494,188.28570556640625,196.28571319580078
1767414074503,189.28570556640625,199.28571319580078
1767414074507,189.28570556640625,200.28571319580078
1767414074515,189.28570556640625,204.28571319580078
1767414074524,189.28570556640625,207.28571319580078
1767414074532,190.28570556640625,209.28571319580078
1767414074540,190.28570556640625,212.28571319580078
1767414074549,190.28570556640625,213.28571319580078
1767414074557,190.28570556640625,215.28571319580078
1767414074565,190.28570556640625,217.28571319580078
1767414074574,190.28570556640625,219.28571319580078
1767414074590,190.28570556640625,219.28571319580078
1767414074617,190.28570556640625,220.28571319580078
1767414074649,190.28570556640625,220.28571319580078
1767414074705,190.28570556640625,220.28571319580078
1767414074714,189.28570556640625,217.28571319580078
1767414074718,189.28570556640625,217.28571319580078
1767414074724,188.28570556640625,213.28571319580078
1767414074732,188.28570556640625,208.28571319580078
1767414074740,188.28570556640625,204.28571319580078
1767414074749,188.28570556640625,202.28571319580078
1767414074757,188.28570556640625,200.28571319580078
1767414074765,188.28570556640625,200.28571319580078
1767414074784,188.28570556640625,199.28571319580078
1767414074833,188.28570556640625,200.28571319580078
1767414074842,188.28570556640625,201.28571319580078
1767414074849,189.28570556640625,203.28571319580078
1767414074857,189.28570556640625,206.28571319580078
1767414074865,189.28570556640625,209.28571319580078
1767414074874,189.28570556640625,212.28571319580078
1767414074882,189.28570556640625,214.28571319580078
1767414074890,189.28570556640625,217.28571319580078
1767414074899,189.28570556640625,220.28571319580078
1767414074907,189.28570556640625,223.28571319580078
1767414074915,189.28570556640625,225.28571319580078
1767414074924,189.28570556640625,228.28571319580078
1767414074932,189.28570556640625,231.28571319580078
1767414074940,189.28570556640625,233.28571319580078
1767414074949,189.28570556640625,236.28571319580078
1767414074957,189.28570556640625,239.28571319580078
1767414074965,188.28570556640625,240.28571319580078
1767414074974,188.28570556640625,243.28571319580078
1767414074982,188.28570556640625,243.28571319580078
1767414074990,188.28570556640625,244.28571319580078
1767414074999,187.28570556640625,245.28571319580078
1767414075074,187.28570556640625,244.28571319580078
1767414075090,186.28570556640625,239.28571319580078
1767414075099,186.28570556640625,237.28571319580078
1767414075107,186.28570556640625,235.28571319580078
1767414075115,186.28570556640625,235.28571319580078
1767414075124,186.28570556640625,234.28571319580078
1767414075194,186.28570556640625,235.28571319580078
1767414075199,187.28570556640625,236.28571319580078
1767414075207,188.28570556640625,238.28571319580078
1767414075215,188.28570556640625,241.28571319580078
1767414075224,188.28570556640625,243.28571319580078
1767414075232,188.28570556640625,244.28571319580078
1767414075240,189.28570556640625,245.28571319580078
1767414075248,189.28570556640625,246.28571319580078
1767414075314,189.28570556640625,245.28571319580078
1767414075318,189.28570556640625,245.28571319580078
1767414075323,189.28570556640625,243.28571319580078
1767414075332,189.28570556640625,240.28571319580078
1767414075340,189.28570556640625,237.28571319580078
1767414075349,189.28570556640625,235.28571319580078
1767414075357,189.28570556640625,233.28571319580078
1767414075365,189.28570556640625,230.28571319580078
1767414075374,189.28570556640625,229.28571319580078
1767414075382,189.28570556640625,222.28571319580078
1767414075390,189.28570556640625,219.28571319580078
1767414075399,189.28570556640625,216.28571319580078
1767414075407,189.28570556640625,213.28571319580078
1767414075415,189.28570556640625,210.28571319580078
1767414075424,189.28570556640625,208.28571319580078
1767414075432,189.28570556640625,206.28571319580078
1767414075440,189.28570556640625,205.28571319580078
1767414075449,189.28570556640625,205.28571319580078
1767414075626,188.28570556640625,205.28571319580078
1767414075632,188.28570556640625,204.28571319580078
1767414075640,186.28570556640625,201.28571319580078
1767414075649,184.28570556640625,197.28571319580078
1767414075657,183.28570556640625,192.28571319580078
1767414075665,182.28570556640625,187.28571319580078
1767414075674,180.28570556640625,182.28571319580078
1767414075682,180.28570556640625,178.28571319580078
1767414075690,179.28570556640625,175.28571319580078
1767414075699,179.28570556640625,174.28571319580078
1767414075707,178.28570556640625,173.28571319580078
1767414075715,178.28570556640625,173.28571319580078
1767414075870,178.28570556640625,172.28571319580078
1767414075881,178.28570556640625,169.28571319580078
1767414075886,177.28570556640625,166.28571319580078
1767414075890,174.28570556640625,159.28571319580078
1767414075899,173.28570556640625,155.28571319580078
1767414075907,172.28570556640625,150.28571319580078
1767414075915,170.28570556640625,145.28571319580078
1767414075924,169.28570556640625,141.28571319580078
1767414075932,168.28570556640625,139.28571319580078
1767414075940,167.28570556640625,137.28571319580078
1767414076002,166.28570556640625,137.28571319580078
1767414076011,166.28570556640625,139.28571319580078
1767414076016,164.28570556640625,141.28571319580078
1767414076024,162.28570556640625,144.28571319580078
1767414076032,160.28570556640625,148.28571319580078
1767414076040,156.28570556640625,155.28571319580078
1767414076049,153.28570556640625,161.28571319580078
1767414076057,150.28570556640625,168.28571319580078
1767414076065,147.28570556640625,174.28571319580078
1767414076074,145.28570556640625,179.28571319580078
1767414076082,144.28570556640625,182.28571319580078
1767414076090,143.28570556640625,185.28571319580078
1767414076098,142.28570556640625,185.28571319580078
1767414076157,142.28570556640625,185.28571319580078
1767414076167,141.28570556640625,183.28571319580078
1767414076173,140.28570556640625,177.28571319580078
1767414076182,140.28570556640625,173.28571319580078
1767414076190,139.28570556640625,170.28571319580078
1767414076199,138.28570556640625,165.28571319580078
1767414076207,138.28570556640625,162.28571319580078
1767414076215,138.28570556640625,159.28571319580078
1767414076224,138.28570556640625,157.28571319580078
1767414076232,138.28570556640625,156.28571319580078
1767414076249,138.28570556640625,156.28571319580078
1767414076305,138.28570556640625,156.28571319580078
1767414076315,137.28570556640625,159.28571319580078
1767414076318,137.28570556640625,160.28571319580078
1767414076324,137.28570556640625,163.28571319580078
1767414076332,136.28570556640625,166.28571319580078
1767414076340,136.28570556640625,169.28571319580078
1767414076348,136.28570556640625,172.28571319580078
1767414076357,135.28570556640625,172.28571319580078
1767414076365,135.28570556640625,173.28571319580078
1767414076374,134.28570556640625,173.28571319580078
1767414076422,134.28570556640625,173.28571319580078
1767414076426,134.28570556640625,172.28571319580078
1767414076432,133.28570556640625,167.28571319580078
1767414076440,132.28570556640625,157.28571319580078
1767414076449,132.28570556640625,148.28571319580078
1767414076457,132.28570556640625,139.28571319580078
1767414076465,131.28570556640625,125.28571319580078
1767414076473,131.28570556640625,120.28571319580078
1767414076482,131.28570556640625,117.28571319580078
1767414076490,131.28570556640625,117.28571319580078
1767414076540,131.28570556640625,117.28571319580078
1767414076550,131.28570556640625,121.28571319580078
1767414076557,132.28570556640625,126.28571319580078
1767414076565,132.28570556640625,132.28571319580078
1767414076574,132.28570556640625,136.28571319580078
1767414076582,131.28570556640625,141.28571319580078
1767414076590,130.28570556640625,145.28571319580078
1767414076599,130.28570556640625,148.28571319580078
1767414076607,130.28570556640625,151.28571319580078
1767414076615,129.28570556640625,152.28571319580078
1767414076675,129.28570556640625,152.28571319580078
1767414076685,128.28570556640625,149.28571319580078
1767414076690,127.28570556640625,145.28571319580078
1767414076698,126.28570556640625,138.28571319580078
1767414076707,125.28570556640625,130.28571319580078
1767414076715,125.28570556640625,123.28571319580078
1767414076724,125.28570556640625,117.28571319580078
1767414076732,124.28570556640625,113.28571319580078
1767414076740,124.28570556640625,111.28571319580078
1767414076788,124.28570556640625,111.28571319580078
1767414076799,123.28570556640625,116.28571319580078
1767414076803,123.28570556640625,117.28571319580078
1767414076815,121.28570556640625,130.28571319580078
1767414076826,121.28570556640625,136.28571319580078
1767414076832,120.28570556640625,141.28571319580078
1767414076840,120.28570556640625,146.28571319580078
1767414076848,119.28570556640625,148.28571319580078
1767414076857,119.28570556640625,149.28571319580078
1767414076865,119.28570556640625,150.28571319580078
1767414076911,119.28570556640625,149.28571319580078
1767414076919,121.28570556640625,143.28571319580078
1767414076924,123.28570556640625,139.28571319580078
1767414076932,127.28570556640625,132.28571319580078
1767414076940,132.28570556640625,124.28571319580078
1767414076948,136.28570556640625,118.28571319580078
1767414076957,138.28570556640625,112.28571319580078
1767414076965,142.28570556640625,107.28571319580078
1767414076973,145.28570556640625,102.28571319580078
1767414076982,147.28570556640625,98.28571319580078
1767414076990,149.28570556640625,95.28571319580078
1767414076999,149.28570556640625,94.28571319580078
1767414077007,149.28570556640625,93.28571319580078
1767414077086,150.28570556640625,93.28571319580078
1767414077099,151.28570556640625,95.28571319580078
1767414077107,152.28570556640625,98.28571319580078
1767414077115,153.28570556640625,103.28571319580078
1767414077123,154.28570556640625,107.28571319580078
1767414077132,155.28570556640625,111.28571319580078
1767414077140,157.28570556640625,115.28571319580078
1767414077148,158.28570556640625,119.28571319580078
1767414077157,158.28570556640625,121.28571319580078
1767414077165,159.28570556640625,125.28571319580078
1767414077173,160.28570556640625,127.28571319580078
1767414077182,160.28570556640625,129.28571319580078
1767414077190,161.28570556640625,131.28571319580078
1767414077199,161.28570556640625,131.28571319580078
1767414077207,161.28570556640625,132.28571319580078
1767414077289,161.28570556640625,131.28571319580078
1767414077301,161.28570556640625,128.28571319580078
1767414077307,161.28570556640625,126.28571319580078
1767414077315,161.28570556640625,124.28571319580078
1767414077323,160.28570556640625,120.28571319580078
1767414077332,159.28570556640625,117.28571319580078
1767414077340,159.28570556640625,116.28571319580078
1767414077348,159.28570556640625,115.28571319580078
1767414077357,159.28570556640625,113.28571319580078
1767414077365,159.28570556640625,112.28571319580078
1767414077374,159.28570556640625,111.28571319580078
1767414077463,160.28570556640625,111.28571319580078
1767414077473,161.28570556640625,111.28571319580078
1767414077477,162.28570556640625,112.28571319580078
1767414077482,163.28570556640625,113.28571319580078
1767414077490,165.28570556640625,115.28571319580078
1767414077498,166.28570556640625,116.28571319580078
1767414077507,168.28570556640625,117.28571319580078
1767414077515,169.28570556640625,119.28571319580078
1767414077601,168.28570556640625,119.28571319580078
1767414077607,168.28570556640625,119.28571319580078
1767414077615,166.28570556640625,119.28571319580078
1767414077623,165.28570556640625,119.28571319580078
1767414077632,163.28570556640625,119.28571319580078
1767414077640,160.28570556640625,119.28571319580078
1767414077648,156.28570556640625,119.28571319580078
1767414077657,152.28570556640625,119.28571319580078
1767414077665,147.28570556640625,120.28571319580078
1767414077674,144.28570556640625,120.28571319580078
1767414077682,141.28570556640625,121.28571319580078
1767414077690,138.28570556640625,122.28571319580078
1767414077698,135.28570556640625,123.28571319580078
1767414077707,133.28570556640625,124.28571319580078
1767414077715,130.28570556640625,125.28571319580078
1767414077723,129.28570556640625,126.28571319580078
1767414077732,129.28570556640625,127.28571319580078
1767414077740,128.28570556640625,127.28571319580078
1767414077748,128.28570556640625,128.28571319580078
1767414077757,127.28570556640625,129.28571319580078
1767414077765,126.28570556640625,131.28571319580078
1767414077774,126.28570556640625,132.28571319580078
1767414077782,126.28570556640625,133.28571319580078
1767414077790,126.28570556640625,135.28571319580078
1767414077799,126.28570556640625,136.28571319580078
1767414077807,128.28570556640625,139.28571319580078
1767414077815,130.28570556640625,142.28571319580078
1767414077824,132.28570556640625,144.28571319580078
1767414077832,133.28570556640625,146.28571319580078
1767414077840,134.28570556640625,148.28571319580078
1767414077849,136.28570556640625,151.28571319580078
1767414077857,136.28570556640625,152.28571319580078
1767414077865,136.28570556640625,154.28571319580078
1767414077874,136.28570556640625,156.28571319580078
1767414077882,136.28570556640625,157.28571319580078
1767414077890,135.28570556640625,159.28571319580078
1767414077898,133.28570556640625,161.28571319580078
1767414077907,130.28570556640625,163.28571319580078
1767414077915,126.28570556640625,165.28571319580078
1767414077923,122.28570556640625,167.28571319580078
1767414077932,117.28570556640625,168.28571319580078
1767414077940,110.28570556640625,171.28571319580078
1767414077949,105.28570556640625,172.28571319580078
1767414077957,101.28570556640625,173.28571319580078
1767414077965,98.28570556640625,174.28571319580078
1767414077973,96.28570556640625,174.28571319580078
1767414077982,96.28570556640625,175.28571319580078
1767414078070,96.28570556640625,175.28571319580078
1767414078080,100.28570556640625,175.28571319580078
1767414078084,102.28570556640625,176.28571319580078
1767414078090,108.28570556640625,176.28571319580078
1767414078099,114.28570556640625,179.28571319580078
1767414078107,119.28570556640625,179.28571319580078
1767414078115,123.28570556640625,180.28571319580078
1767414078123,125.28570556640625,180.28571319580078
1767414078132,125.28570556640625,180.28571319580078
1767414078193,125.28570556640625,180.28571319580078
1767414078198,124.28570556640625,181.28571319580078
1767414078207,118.28570556640625,181.28571319580078
1767414078215,110.28570556640625,182.28571319580078
1767414078223,105.28570556640625,183.28571319580078
1767414078232,101.28570556640625,184.28571319580078
1767414078240,97.28570556640625,184.28571319580078
1767414078249,94.28570556640625,184.28571319580078
1767414078257,94.28570556640625,184.28571319580078
1767414078327,94.28570556640625,184.28571319580078
1767414078337,97.28570556640625,182.28571319580078
1767414078348,101.28570556640625,181.28571319580078
1767414078357,105.28570556640625,180.28571319580078
1767414078365,111.28570556640625,180.28571319580078
1767414078373,116.28570556640625,180.28571319580078
1767414078382,119.28570556640625,180.28571319580078
1767414078390,121.28570556640625,180.28571319580078
1767414078398,122.28570556640625,180.28571319580078
1767414078407,122.28570556640625,180.28571319580078
1767414078462,122.28570556640625,180.28571319580078
1767414078470,118.28570556640625,180.28571319580078
1767414078474,117.28570556640625,180.28571319580078
1767414078482,113.28570556640625,180.28571319580078
1767414078490,107.28570556640625,181.28571319580078
1767414078498,102.28570556640625,183.28571319580078
1767414078507,97.28570556640625,183.28571319580078
1767414078515,94.28570556640625,184.28571319580078
1767414078523,92.28570556640625,185.28571319580078
1767414078607,95.28570556640625,184.28571319580078
1767414078615,102.28570556640625,183.28571319580078
1767414078623,112.28570556640625,183.28571319580078
1767414078632,122.28570556640625,181.28571319580078
1767414078640,135.28570556640625,181.28571319580078
1767414078649,142.28570556640625,181.28571319580078
1767414078657,154.28570556640625,182.28571319580078
1767414078665,158.28570556640625,183.28571319580078
1767414078711,158.28570556640625,183.28571319580078
1767414078715,157.28570556640625,183.28571319580078
1767414078723,155.28570556640625,184.28571319580078
1767414078732,152.28570556640625,185.28571319580078
1767414078740,148.28570556640625,186.28571319580078
1767414078748,144.28570556640625,187.28571319580078
1767414078757,137.28570556640625,188.28571319580078
1767414078765,131.28570556640625,189.28571319580078
1767414078773,126.28570556640625,191.28571319580078
1767414078782,122.28570556640625,191.28571319580078
1767414078790,119.28570556640625,192.28571319580078
1767414078798,117.28570556640625,192.28571319580078
1767414078891,118.28570556640625,192.28571319580078
1767414078899,121.28570556640625,192.28571319580078
1767414078907,125.28570556640625,192.28571319580078
1767414078915,130.28570556640625,192.28571319580078
1767414078923,137.28570556640625,192.28571319580078
1767414078932,141.28570556640625,192.28571319580078
1767414078940,143.28570556640625,192.28571319580078
1767414078948,144.28570556640625,192.28571319580078
1767414078986,144.28570556640625,192.28571319580078
1767414078995,141.28570556640625,194.28571319580078
1767414078999,140.28570556640625,195.28571319580078
1767414079007,136.28570556640625,196.28571319580078
1767414079015,128.28570556640625,198.28571319580078
1767414079024,121.28570556640625,199.28571319580078
1767414079032,113.28570556640625,200.28571319580078
1767414079040,102.28570556640625,203.28571319580078
1767414079049,93.28570556640625,204.28571319580078
1767414079057,88.28570556640625,204.28571319580078
1767414079065,85.28570556640625,205.28571319580078
1767414079116,85.28570556640625,205.28571319580078
1767414079123,87.28570556640625,204.28571319580078
1767414079132,91.28570556640625,203.28571319580078
1767414079140,97.28570556640625,201.28571319580078
1767414079148,105.28570556640625,199.28571319580078
1767414079157,114.28570556640625,198.28571319580078
1767414079165,130.28570556640625,198.28571319580078
1767414079173,138.28570556640625,198.28571319580078
1767414079182,145.28570556640625,199.28571319580078
1767414079190,146.28570556640625,199.28571319580078
1767414079237,146.28570556640625,200.28571319580078
1767414079248,141.28570556640625,201.28571319580078
1767414079251,139.28570556640625,201.28571319580078
1767414079257,136.28570556640625,202.28571319580078
1767414079265,125.28570556640625,204.28571319580078
1767414079274,118.28570556640625,205.28571319580078
1767414079282,110.28570556640625,206.28571319580078
1767414079290,98.28570556640625,207.28571319580078
1767414079298,89.28570556640625,207.28571319580078
1767414079307,82.28570556640625,207.28571319580078
1767414079315,79.28570556640625,207.28571319580078
1767414079323,78.28570556640625,207.28571319580078
1767414079361,78.28570556640625,206.28571319580078
1767414079370,80.28570556640625,203.28571319580078
1767414079374,80.28570556640625,201.28571319580078
1767414079382,83.28570556640625,200.28571319580078
1767414079390,86.28570556640625,195.28571319580078
1767414079399,90.28570556640625,193.28571319580078
1767414079407,96.28570556640625,191.28571319580078
1767414079415,102.28570556640625,189.28571319580078
1767414079423,107.28570556640625,188.28571319580078
1767414079432,112.28570556640625,187.28571319580078
1767414079440,113.28570556640625,186.28571319580078
1767414079448,113.28570556640625,185.28571319580078
1767414079500,113.28570556640625,185.28571319580078
1767414079509,110.28570556640625,185.28571319580078
1767414079515,106.28570556640625,185.28571319580078
1767414079523,101.28570556640625,185.28571319580078
1767414079532,96.28570556640625,185.28571319580078
1767414079540,90.28570556640625,185.28571319580078
1767414079548,86.28570556640625,185.28571319580078
1767414079557,84.28570556640625,185.28571319580078
1767414079565,84.28570556640625,185.28571319580078
1767414079609,84.28570556640625,184.28571319580078
1767414079616,84.28570556640625,183.28571319580078
1767414079623,87.28570556640625,180.28571319580078
1767414079632,90.28570556640625,178.28571319580078
1767414079640,95.28570556640625,176.28571319580078
1767414079648,100.28570556640625,174.28571319580078
1767414079657,105.28570556640625,172.28571319580078
1767414079665,110.28570556640625,171.28571319580078
1767414079673,111.28570556640625,171.28571319580078
1767414079682,114.28570556640625,170.28571319580078
1767414079751,113.28570556640625,170.28571319580078
1767414079761,110.28570556640625,170.28571319580078
1767414079765,109.28570556640625,170.28571319580078
1767414079773,105.28570556640625,170.28571319580078
1767414079782,96.28570556640625,169.28571319580078
1767414079790,89.28570556640625,169.28571319580078
1767414079798,85.28570556640625,169.28571319580078
1767414079807,82.28570556640625,169.28571319580078
1767414079815,81.28570556640625,169.28571319580078
1767414079881,82.28570556640625,169.28571319580078
1767414079892,87.28570556640625,170.28571319580078
1767414079898,93.28570556640625,171.28571319580078
1767414079907,104.28570556640625,173.28571319580078
1767414079915,117.28570556640625,175.28571319580078
1767414079923,128.28570556640625,178.28571319580078
1767414079932,142.28570556640625,182.28571319580078
1767414079940,153.28570556640625,186.28571319580078
1767414079948,157.28570556640625,188.28571319580078
1767414079957,158.28570556640625,188.28571319580078
1767414079990,158.28570556640625,188.28571319580078
1767414079998,155.28570556640625,189.28571319580078
1767414080007,152.28570556640625,189.28571319580078
1767414080015,145.28570556640625,190.28571319580078
1767414080023,137.28570556640625,191.28571319580078
1767414080032,130.28570556640625,192.28571319580078
1767414080040,119.28570556640625,193.28571319580078
1767414080048,113.28570556640625,194.28571319580078
1767414080057,108.28570556640625,195.28571319580078
1767414080065,106.28570556640625,196.28571319580078
1767414080118,107.28570556640625,196.28571319580078
1767414080132,110.28570556640625,195.28571319580078
1767414080140,114.28570556640625,194.28571319580078
1767414080148,120.28570556640625,192.28571319580078
1767414080157,126.28570556640625,192.28571319580078
1767414080165,134.28570556640625,192.28571319580078
1767414080173,140.28570556640625,192.28571319580078
1767414080182,144.28570556640625,192.28571319580078
1767414080190,146.28570556640625,192.28571319580078
1767414080241,146.28570556640625,192.28571319580078
1767414080249,141.28570556640625,193.28571319580078
1767414080257,137.28570556640625,194.28571319580078
1767414080265,130.28570556640625,196.28571319580078
1767414080273,125.28570556640625,197.28571319580078
1767414080282,121.28570556640625,199.28571319580078
1767414080290,116.28570556640625,201.28571319580078
1767414080298,112.28570556640625,202.28571319580078
1767414080307,110.28570556640625,203.28571319580078
1767414080315,110.28570556640625,204.28571319580078
1767414080392,111.28570556640625,204.28571319580078
1767414080403,117.28570556640625,204.28571319580078
1767414080407,121.28570556640625,204.28571319580078
1767414080415,128.28570556640625,204.28571319580078
1767414080423,134.28570556640625,204.28571319580078
1767414080432,137.28570556640625,204.28571319580078
1767414080486,137.28570556640625,205.28571319580078
1767414080496,134.28570556640625,206.28571319580078
1767414080499,131.28570556640625,207.28571319580078
1767414080507,128.28570556640625,207.28571319580078
1767414080515,118.28570556640625,209.28571319580078
1767414080524,110.28570556640625,212.28571319580078
1767414080532,105.28570556640625,214.28571319580078
1767414080540,98.28570556640625,216.28571319580078
1767414080548,93.28570556640625,217.28571319580078
1767414080557,90.28570556640625,219.28571319580078
1767414080565,89.28570556640625,219.28571319580078
1767414080613,89.28570556640625,220.28571319580078
1767414080623,93.28570556640625,220.28571319580078
1767414080627,96.28570556640625,220.28571319580078
1767414080632,99.28570556640625,220.28571319580078
1767414080640,108.28570556640625,220.28571319580078
1767414080649,124.28570556640625,220.28571319580078
1767414080657,137.28570556640625,220.28571319580078
1767414080665,153.28570556640625,220.28571319580078
1767414080674,169.28570556640625,223.28571319580078
1767414080682,181.28570556640625,225.28571319580078
1767414080690,190.28570556640625,227.28571319580078
1767414080698,192.28570556640625,228.28571319580078
1767414080707,194.28570556640625,229.28571319580078
1767414080740,193.28570556640625,229.28571319580078
1767414080748,189.28570556640625,229.28571319580078
1767414080757,184.28570556640625,231.28571319580078
1767414080765,177.28570556640625,231.28571319580078
1767414080774,168.28570556640625,232.28571319580078
1767414080782,156.28570556640625,232.28571319580078
1767414080790,137.28570556640625,233.28571319580078
1767414080799,128.28570556640625,233.28571319580078
1767414080807,99.28570556640625,232.28571319580078
1767414080815,85.28570556640625,232.28571319580078
1767414080823,80.28570556640625,232.28571319580078
1767414080832,80.28570556640625,232.28571319580078
1767414080876,80.28570556640625,231.28571319580078
1767414080889,81.28570556640625,228.28571319580078
1767414080893,82.28570556640625,227.28571319580078
1767414080898,84.28570556640625,225.28571319580078
1767414080907,89.28570556640625,222.28571319580078
1767414080915,94.28570556640625,219.28571319580078
1767414080923,101.28570556640625,216.28571319580078
1767414080932,108.28570556640625,214.28571319580078
1767414080940,114.28570556640625,212.28571319580078
1767414080948,118.28570556640625,211.28571319580078
1767414080957,121.28570556640625,210.28571319580078
1767414080965,122.28570556640625,210.28571319580078
1767414080973,123.28570556640625,209.28571319580078
1767414081030,122.28570556640625,209.28571319580078
1767414081034,121.28570556640625,209.28571319580078
1767414081040,119.28570556640625,209.28571319580078
1767414081048,115.28570556640625,209.28571319580078
1767414081057,110.28570556640625,209.28571319580078
1767414081065,105.28570556640625,209.28571319580078
1767414081073,101.28570556640625,209.28571319580078
1767414081082,99.28570556640625,209.28571319580078
1767414081090,98.28570556640625,210.28571319580078
1767414081144,98.28570556640625,210.28571319580078
1767414081149,100.28570556640625,210.28571319580078
1767414081157,103.28570556640625,210.28571319580078
1767414081165,108.28570556640625,208.28571319580078
1767414081173,116.28570556640625,207.28571319580078
1767414081182,124.28570556640625,207.28571319580078
1767414081190,131.28570556640625,206.28571319580078
1767414081198,137.28570556640625,206.28571319580078
1767414081207,139.28570556640625,206.28571319580078
1767414081265,136.28570556640625,207.28571319580078
1767414081274,129.28570556640625,209.28571319580078
1767414081282,124.28570556640625,210.28571319580078
1767414081290,115.28570556640625,212.28571319580078
1767414081298,108.28570556640625,214.28571319580078
1767414081307,100.28570556640625,216.28571319580078
1767414081315,93.28570556640625,218.28571319580078
1767414081323,91.28570556640625,219.28571319580078
1767414081370,92.28570556640625,219.28571319580078
1767414081382,95.28570556640625,218.28571319580078
1767414081390,99.28570556640625,217.28571319580078
1767414081398,106.28570556640625,215.28571319580078
1767414081407,114.28570556640625,213.28571319580078
1767414081415,126.28570556640625,212.28571319580078
1767414081423,133.28570556640625,212.28571319580078
1767414081432,140.28570556640625,211.28571319580078
1767414081440,142.28570556640625,211.28571319580078
1767414081482,141.28570556640625,211.28571319580078
1767414081490,139.28570556640625,211.28571319580078
1767414081498,135.28570556640625,212.28571319580078
1767414081507,128.28570556640625,213.28571319580078
1767414081515,122.28570556640625,216.28571319580078
1767414081523,104.28570556640625,219.28571319580078
1767414081532,94.28570556640625,220.28571319580078
1767414081540,86.28570556640625,221.28571319580078
1767414081548,82.28570556640625,223.28571319580078
1767414081557,81.28570556640625,223.28571319580078
1767414081565,81.28570556640625,224.28571319580078
1767414081602,82.28570556640625,224.28571319580078
1767414081608,83.28570556640625,224.28571319580078
1767414081615,86.28570556640625,223.28571319580078
1767414081623,93.28570556640625,220.28571319580078
1767414081632,101.28570556640625,218.28571319580078
1767414081640,112.28570556640625,216.28571319580078
1767414081648,121.28570556640625,216.28571319580078
1767414081657,129.28570556640625,215.28571319580078
1767414081665,134.28570556640625,215.28571319580078
1767414081673,137.28570556640625,215.28571319580078
1767414081723,136.28570556640625,215.28571319580078
1767414081733,133.28570556640625,216.28571319580078
1767414081740,129.28570556640625,217.28571319580078
1767414081748,123.28570556640625,217.28571319580078
1767414081757,116.28570556640625,218.28571319580078
1767414081765,106.28570556640625,220.28571319580078
1767414081773,96.28570556640625,221.28571319580078
1767414081782,90.28570556640625,222.28571319580078
1767414081790,83.28570556640625,224.28571319580078
1767414081798,81.28570556640625,224.28571319580078
1767414081807,81.28570556640625,225.28571319580078
1767414081842,81.28570556640625,225.28571319580078
1767414081850,84.28570556640625,224.28571319580078
1767414081857,87.28570556640625,223.28571319580078
1767414081865,94.28570556640625,220.28571319580078
1767414081873,101.28570556640625,218.28571319580078
1767414081882,112.28570556640625,215.28571319580078
1767414081890,123.28570556640625,213.28571319580078
1767414081898,132.28570556640625,213.28571319580078
1767414081907,136.28570556640625,213.28571319580078
1767414081915,137.28570556640625,213.28571319580078
1767414081960,137.28570556640625,213.28571319580078
1767414081971,134.28570556640625,214.28571319580078
1767414081976,132.28570556640625,215.28571319580078
1767414081982,128.28570556640625,216.28571319580078
1767414081990,122.28570556640625,218.28571319580078
1767414081998,114.28570556640625,220.28571319580078
1767414082007,107.28570556640625,222.28571319580078
1767414082015,102.28570556640625,224.28571319580078
1767414082023,98.28570556640625,225.28571319580078
1767414082032,97.28570556640625,226.28571319580078
1767414082040,97.28570556640625,227.28571319580078
1767414082073,98.28570556640625,227.28571319580078
1767414082082,102.28570556640625,227.28571319580078
1767414082090,107.28570556640625,225.28571319580078
1767414082098,113.28570556640625,224.28571319580078
1767414082107,124.28570556640625,223.28571319580078
1767414082115,134.28570556640625,222.28571319580078
1767414082124,144.28570556640625,221.28571319580078
1767414082132,148.28570556640625,221.28571319580078
1767414082140,152.28570556640625,221.28571319580078
1767414082199,151.28570556640625,221.28571319580078
1767414082207,148.28570556640625,221.28571319580078
1767414082215,144.28570556640625,221.28571319580078
1767414082223,137.28570556640625,223.28571319580078
1767414082232,130.28570556640625,224.28571319580078
1767414082240,115.28570556640625,225.28571319580078
1767414082248,103.28570556640625,226.28571319580078
1767414082257,94.28570556640625,227.28571319580078
1767414082265,90.28570556640625,228.28571319580078
1767414082273,90.28570556640625,229.28571319580078
1767414082303,90.28570556640625,229.28571319580078
1767414082307,90.28570556640625,229.28571319580078
1767414082315,93.28570556640625,229.28571319580078
1767414082323,99.28570556640625,229.28571319580078
1767414082332,104.28570556640625,228.28571319580078
1767414082340,122.28570556640625,225.28571319580078
1767414082348,134.28570556640625,224.28571319580078
1767414082357,142.28570556640625,224.28571319580078
1767414082365,150.28570556640625,223.28571319580078
1767414082373,152.28570556640625,223.28571319580078
1767414082418,152.28570556640625,223.28571319580078
1767414082428,148.28570556640625,223.28571319580078
1767414082432,146.28570556640625,224.28571319580078
1767414082440,140.28570556640625,226.28571319580078
1767414082448,133.28570556640625,227.28571319580078
1767414082457,126.28570556640625,228.28571319580078
1767414082465,114.28570556640625,231.28571319580078
1767414082473,106.28570556640625,232.28571319580078
1767414082482,96.28570556640625,235.28571319580078
1767414082490,91.28570556640625,236.28571319580078
1767414082498,89.28570556640625,236.28571319580078
1767414082507,89.28570556640625,237.28571319580078
1767414082547,89.28570556640625,237.28571319580078
1767414082557,92.28570556640625,237.28571319580078
1767414082565,94.28570556640625,237.28571319580078
1767414082573,98.28570556640625,236.28571319580078
1767414082582,105.28570556640625,236.28571319580078
1767414082590,114.28570556640625,236.28571319580078
1767414082599,121.28570556640625,236.28571319580078
1767414082607,130.28570556640625,236.28571319580078
1767414082615,136.28570556640625,236.28571319580078
1767414082623,138.28570556640625,236.28571319580078
1767414082632,138.28570556640625,237.28571319580078
1767414082675,138.28570556640625,237.28571319580078
1767414082684,134.28570556640625,237.28571319580078
1767414082690,130.28570556640625,239.28571319580078
1767414082698,123.28570556640625,240.28571319580078
1767414082707,116.28570556640625,242.28571319580078
1767414082715,110.28570556640625,244.28571319580078
1767414082723,106.28570556640625,245.28571319580078
1767414082732,104.28570556640625,247.28571319580078
1767414082740,104.28570556640625,247.28571319580078
1767414082748,104.28570556640625,248.28571319580078
1767414082782,105.28570556640625,248.28571319580078
1767414082790,108.28570556640625,248.28571319580078
1767414082798,112.28570556640625,248.28571319580078
1767414082807,117.28570556640625,248.28571319580078
1767414082815,125.28570556640625,247.28571319580078
1767414082824,130.28570556640625,246.28571319580078
1767414082832,135.28570556640625,245.28571319580078
1767414082840,138.28570556640625,245.28571319580078
1767414082881,138.28570556640625,245.28571319580078
1767414082891,137.28570556640625,245.28571319580078
1767414082898,134.28570556640625,245.28571319580078
1767414082907,130.28570556640625,246.28571319580078
1767414082915,123.28570556640625,247.28571319580078
1767414082923,117.28570556640625,248.28571319580078
1767414082932,108.28570556640625,251.28571319580078
1767414082940,100.28570556640625,252.28571319580078
1767414082949,94.28570556640625,253.28571319580078
1767414082957,88.28570556640625,255.28571319580078
1767414082965,86.28570556640625,255.28571319580078
1767414083009,87.28570556640625,255.28571319580078
1767414083019,91.28570556640625,254.28571319580078
1767414083023,93.28570556640625,253.28571319580078
1767414083032,98.28570556640625,251.28571319580078
1767414083040,106.28570556640625,249.28571319580078
1767414083048,113.28570556640625,248.28571319580078
1767414083057,126.28570556640625,247.28571319580078
1767414083065,136.28570556640625,245.28571319580078
1767414083073,143.28570556640625,245.28571319580078
1767414083082,145.28570556640625,245.28571319580078
1767414083090,146.28570556640625,245.28571319580078
1767414083126,145.28570556640625,245.28571319580078
1767414083134,142.28570556640625,245.28571319580078
1767414083140,140.28570556640625,245.28571319580078
1767414083148,133.28570556640625,247.28571319580078
1767414083157,126.28570556640625,248.28571319580078
1767414083165,117.28570556640625,249.28571319580078
1767414083173,109.28570556640625,251.28571319580078
1767414083182,100.28570556640625,252.28571319580078
1767414083190,95.28570556640625,253.28571319580078
1767414083198,93.28570556640625,254.28571319580078
1767414083215,93.28570556640625,255.28571319580078
1767414083246,93.28570556640625,255.28571319580078
1767414083255,95.28570556640625,255.28571319580078
1767414083260,100.28570556640625,252.28571319580078
1767414083265,104.28570556640625,249.28571319580078
1767414083273,112.28570556640625,247.28571319580078
1767414083282,120.28570556640625,245.28571319580078
1767414083290,130.28570556640625,243.28571319580078
1767414083298,141.28570556640625,240.28571319580078
1767414083307,148.28570556640625,239.28571319580078
1767414083315,151.28570556640625,239.28571319580078
1767414083323,152.28570556640625,239.28571319580078
1767414083357,152.28570556640625,239.28571319580078
1767414083365,150.28570556640625,239.28571319580078
1767414083373,147.28570556640625,239.28571319580078
1767414083382,142.28570556640625,240.28571319580078
1767414083390,134.28570556640625,241.28571319580078
1767414083398,127.28570556640625,243.28571319580078
1767414083407,116.28570556640625,244.28571319580078
1767414083415,104.28570556640625,245.28571319580078
1767414083423,91.28570556640625,246.28571319580078
1767414083432,80.28570556640625,247.28571319580078
1767414083440,72.28570556640625,247.28571319580078
1767414083448,66.28570556640625,247.28571319580078
1767414083456,65.28570556640625,247.28571319580078
1767414083501,66.28570556640625,247.28571319580078
1767414083507,66.28570556640625,245.28571319580078
1767414083515,69.28570556640625,243.28571319580078
1767414083523,73.28570556640625,240.28571319580078
1767414083532,79.28570556640625,237.28571319580078
1767414083540,84.28570556640625,234.28571319580078
1767414083548,93.28570556640625,231.28571319580078
1767414083557,99.28570556640625,228.28571319580078
1767414083565,102.28570556640625,227.28571319580078
1767414083573,105.28570556640625,226.28571319580078
1767414083582,106.28570556640625,226.28571319580078
1767414083623,106.28570556640625,227.28571319580078
1767414083633,104.28570556640625,229.28571319580078
1767414083640,103.28570556640625,231.28571319580078
1767414083648,102.28570556640625,233.28571319580078
1767414083657,101.28570556640625,235.28571319580078
1767414083665,100.28570556640625,237.28571319580078
1767414083673,100.28570556640625,237.28571319580078
1767414083682,95.28570556640625,243.28571319580078
1767414083690,94.28570556640625,244.28571319580078
1767414083707,93.28570556640625,244.28571319580078
1767414083762,93.28570556640625,244.28571319580078
1767414083777,93.28570556640625,238.28571319580078
1767414083783,93.28570556640625,236.28571319580078
1767414083790,93.28570556640625,233.28571319580078
1767414083798,94.28570556640625,228.28571319580078
1767414083807,95.28570556640625,225.28571319580078
1767414083815,96.28570556640625,224.28571319580078
1767414083864,96.28570556640625,224.28571319580078
1767414083874,96.28570556640625,226.28571319580078
1767414083882,96.28570556640625,231.28571319580078
1767414083890,96.28570556640625,235.28571319580078
1767414083898,96.28570556640625,237.28571319580078
1767414083907,96.28570556640625,239.28571319580078
1767414083915,96.28570556640625,241.28571319580078
1767414083923,96.28570556640625,242.28571319580078
1767414083983,96.28570556640625,241.28571319580078
1767414083994,96.28570556640625,238.28571319580078
1767414083998,97.28570556640625,236.28571319580078
1767414084007,98.28570556640625,230.28571319580078
1767414084015,100.28570556640625,225.28571319580078
1767414084023,101.28570556640625,221.28571319580078
1767414084032,101.28570556640625,219.28571319580078
1767414084040,102.28570556640625,217.28571319580078
1767414084113,102.28570556640625,217.28571319580078
1767414084126,103.28570556640625,219.28571319580078
1767414084132,104.28570556640625,221.28571319580078
1767414084140,104.28570556640625,225.28571319580078
1767414084148,104.28570556640625,235.28571319580078
1767414084157,104.28570556640625,244.28571319580078
1767414084165,104.28570556640625,255.28571319580078
1767414084174,104.28570556640625,267.2857131958008
1767414084182,104.28570556640625,271.2857131958008
1767414084190,103.28570556640625,289.2857131958008
1767414084199,102.28570556640625,295.2857131958008
1767414084207,101.28570556640625,298.2857131958008
1767414084215,101.28570556640625,300.2857131958008
1767414084223,101.28570556640625,301.2857131958008
1767414084232,101.28570556640625,302.2857131958008
1767414084288,100.28570556640625,301.2857131958008
1767414084300,98.28570556640625,296.2857131958008
1767414084307,97.28570556640625,292.2857131958008
1767414084315,96.28570556640625,285.2857131958008
1767414084323,94.28570556640625,280.2857131958008
1767414084332,92.28570556640625,275.2857131958008
1767414084340,92.28570556640625,269.2857131958008
1767414084348,91.28570556640625,267.2857131958008
1767414084357,90.28570556640625,267.2857131958008
1767414084407,90.28570556640625,267.2857131958008
1767414084417,90.28570556640625,268.2857131958008
1767414084423,89.28570556640625,274.2857131958008
1767414084432,87.28570556640625,280.2857131958008
1767414084440,85.28570556640625,287.2857131958008
1767414084448,83.28570556640625,292.2857131958008
1767414084457,82.28570556640625,297.2857131958008
1767414084465,81.28570556640625,300.2857131958008
1767414084473,81.28570556640625,303.2857131958008
1767414084482,81.28570556640625,304.2857131958008
1767414084552,81.28570556640625,304.2857131958008
1767414084558,81.28570556640625,301.2857131958008
1767414084565,81.28570556640625,296.2857131958008
1767414084573,81.28570556640625,288.2857131958008
1767414084582,81.28570556640625,282.2857131958008
1767414084590,81.28570556640625,275.2857131958008
1767414084598,84.28570556640625,263.2857131958008
1767414084607,84.28570556640625,258.2857131958008
1767414084615,85.28570556640625,256.2857131958008
1767414084623,85.28570556640625,255.28571319580078
1767414084657,85.28570556640625,255.28571319580078
1767414084665,85.28570556640625,256.2857131958008
1767414084673,85.28570556640625,259.2857131958008
1767414084682,86.28570556640625,264.2857131958008
1767414084690,86.28570556640625,268.2857131958008
1767414084698,86.28570556640625,277.2857131958008
1767414084707,85.28570556640625,281.2857131958008
1767414084715,85.28570556640625,285.2857131958008
1767414084723,85.28570556640625,289.2857131958008
1767414084732,85.28570556640625,292.2857131958008
1767414084740,85.28570556640625,293.2857131958008
1767414084794,85.28570556640625,293.2857131958008
1767414084800,85.28570556640625,292.2857131958008
1767414084807,84.28570556640625,288.2857131958008
1767414084815,84.28570556640625,282.2857131958008
1767414084823,84.28570556640625,274.2857131958008
1767414084832,84.28570556640625,265.2857131958008
1767414084840,84.28570556640625,257.2857131958008
1767414084848,84.28570556640625,252.28571319580078
1767414084857,84.28570556640625,248.28571319580078
1767414084865,84.28570556640625,248.28571319580078
1767414084920,84.28570556640625,248.28571319580078
1767414084925,84.28570556640625,251.28571319580078
1767414084931,84.28570556640625,255.28571319580078
1767414084940,84.28570556640625,260.2857131958008
1767414084948,84.28570556640625,265.2857131958008
1767414084957,84.28570556640625,269.2857131958008
1767414084965,84.28570556640625,272.2857131958008
1767414084973,83.28570556640625,276.2857131958008
1767414084982,82.28570556640625,277.2857131958008
1767414085043,82.28570556640625,277.2857131958008
1767414085049,81.28570556640625,277.2857131958008
1767414085057,80.28570556640625,276.2857131958008
1767414085065,78.28570556640625,271.2857131958008
1767414085074,76.28570556640625,265.2857131958008
1767414085082,73.28570556640625,260.2857131958008
1767414085090,72.28570556640625,254.28571319580078
1767414085098,70.28570556640625,248.28571319580078
1767414085107,69.28570556640625,243.28571319580078
1767414085115,69.28570556640625,241.28571319580078
1767414085123,69.28570556640625,240.28571319580078
1767414085187,69.28570556640625,241.28571319580078
1767414085194,69.28570556640625,243.28571319580078
1767414085198,69.28570556640625,244.28571319580078
1767414085207,70.28570556640625,247.28571319580078
1767414085215,70.28570556640625,249.28571319580078
1767414085223,70.28570556640625,252.28571319580078
1767414085232,70.28570556640625,255.28571319580078
1767414085240,70.28570556640625,256.2857131958008
1767414085248,71.28570556640625,256.2857131958008
1767414085257,71.28570556640625,256.2857131958008
1767414085318,71.28570556640625,256.2857131958008
1767414085327,71.28570556640625,255.28571319580078
1767414085331,71.28570556640625,253.28571319580078
1767414085340,71.28570556640625,253.28571319580078
1767414085390,71.28570556640625,253.28571319580078
1767414085398,72.28570556640625,258.2857131958008
1767414085407,72.28570556640625,263.2857131958008
1767414085415,74.28570556640625,275.2857131958008
1767414085423,76.28570556640625,284.2857131958008
1767414085432,77.28570556640625,291.2857131958008
1767414085440,80.28570556640625,303.2857131958008
1767414085449,84.28570556640625,315.2857131958008
1767414085457,86.28570556640625,324.2857131958008
1767414085465,88.28570556640625,329.2857131958008
1767414085473,88.28570556640625,332.2857131958008
1767414085482,89.28570556640625,333.2857131958008
1767414085490,89.28570556640625,333.2857131958008
1767414085554,89.28570556640625,333.2857131958008
1767414085566,89.28570556640625,330.2857131958008
1767414085573,89.28570556640625,328.2857131958008
1767414085582,89.28570556640625,326.2857131958008
1767414085590,90.28570556640625,324.2857131958008
1767414085598,90.28570556640625,324.2857131958008
1767414085607,90.28570556640625,323.2857131958008
1767414085669,90.28570556640625,324.2857131958008
1767414085675,90.28570556640625,325.2857131958008
1767414085682,90.28570556640625,329.2857131958008
1767414085690,91.28570556640625,333.2857131958008
1767414085698,91.28570556640625,337.2857131958008
1767414085707,91.28570556640625,340.2857131958008
1767414085715,91.28570556640625,343.2857131958008
1767414085723,92.28570556640625,346.2857131958008
1767414085731,92.28570556640625,347.2857131958008
1767414085802,91.28570556640625,347.2857131958008
1767414085808,90.28570556640625,345.2857131958008
1767414085815,89.28570556640625,344.2857131958008
1767414085823,87.28570556640625,337.2857131958008
1767414085832,85.28570556640625,331.2857131958008
1767414085840,85.28570556640625,327.2857131958008
1767414085848,84.28570556640625,323.2857131958008
1767414085857,83.28570556640625,321.2857131958008
1767414085865,83.28570556640625,321.2857131958008
1767414085931,83.28570556640625,321.2857131958008
1767414085942,83.28570556640625,327.2857131958008
1767414085948,83.28570556640625,330.2857131958008
1767414085957,82.28570556640625,335.2857131958008
1767414085965,82.28570556640625,340.2857131958008
1767414085973,82.28570556640625,345.2857131958008
1767414085981,82.28570556640625,351.2857131958008
1767414085990,82.28570556640625,356.2857131958008
1767414085998,82.28570556640625,361.2857131958008
1767414086007,82.28570556640625,364.2857131958008
1767414086100,82.28570556640625,363.2857131958008
1767414086111,81.28570556640625,361.2857131958008
1767414086117,81.28570556640625,360.2857131958008
1767414086123,81.28570556640625,357.2857131958008
1767414086132,81.28570556640625,355.2857131958008
1767414086140,81.28570556640625,352.2857131958008
1767414086148,81.28570556640625,351.2857131958008
1767414086165,81.28570556640625,351.2857131958008
1767414086235,81.28570556640625,351.2857131958008
1767414086248,81.28570556640625,355.2857131958008
1767414086257,81.28570556640625,360.2857131958008
1767414086265,81.28570556640625,363.2857131958008
1767414086273,81.28570556640625,366.2857131958008
1767414086281,81.28570556640625,368.2857131958008
1767414086290,81.28570556640625,371.2857131958008
1767414086298,82.28570556640625,373.2857131958008
1767414086308,82.28570556640625,373.2857131958008
1767414086568,82.28570556640625,374.2857131958008
1767414086581,82.28570556640625,375.2857131958008
1767414086587,82.28570556640625,375.2857131958008
1767414086598,82.28570556640625,376.2857131958008
1767414086870,82.28570556640625,376.2857131958008
1767414086880,84.28570556640625,380.2857131958008
1767414086885,85.28570556640625,383.2857131958008
1767414086890,85.28570556640625,384.2857131958008
1767414086898,86.28570556640625,387.2857131958008
1767414086906,87.28570556640625,389.2857131958008
1767414086915,88.28570556640625,391.2857131958008
1767414086923,88.28570556640625,392.2857131958008
1767414086931,88.28570556640625,393.2857131958008
1767414086940,88.28570556640625,393.2857131958008
1767414087144,88.28570556640625,394.2857131958008
1767414087157,89.28570556640625,402.2857131958008
1767414087165,90.28570556640625,406.2857131958008
1767414087173,90.28570556640625,411.2857131958008
1767414087181,90.28570556640625,414.2857131958008
1767414087190,91.28570556640625,417.2857131958008
1767414087198,92.28570556640625,420.2857131958008
1767414087206,92.28570556640625,423.2857131958008
1767414087215,92.28570556640625,425.2857131958008
1767414087223,92.28570556640625,426.2857131958008
1767414087296,92.28570556640625,427.2857131958008
1767414087332,92.28570556640625,428.2857131958008
1767414087340,92.28570556640625,431.2857131958008
1767414087348,92.28570556640625,432.2857131958008
1767414087356,92.28570556640625,433.2857131958008
1767414087365,92.28570556640625,435.2857131958008
1767414087373,92.28570556640625,436.2857131958008
1767414087381,92.28570556640625,438.2857131958008
1767414087390,92.28570556640625,439.2857131958008
1767414087398,92.28570556640625,441.2857131958008
1767414087407,92.28570556640625,441.2857131958008
1767414087415,92.28570556640625,443.2857131958008
1767414087423,92.28570556640625,444.2857131958008
1767414087431,92.28570556640625,444.2857131958008
1767414087440,92.28570556640625,445.2857131958008
1767414087448,92.28570556640625,446.2857131958008
1767414087456,92.28570556640625,447.2857131958008
1767414087465,92.28570556640625,447.2857131958008
1767414087481,92.28570556640625,448.2857131958008
1767414087490,91.28570556640625,448.2857131958008
1767414087498,91.28570556640625,448.2857131958008
1767414087506,91.28570556640625,449.2857131958008
1767414087515,91.28570556640625,449.2857131958008
1767414087523,91.28570556640625,450.2857131958008
1767414087531,91.28570556640625,451.2857131958008
1767414087661,91.28570556640625,450.2857131958008
1767414087669,92.28570556640625,448.2857131958008
1767414087675,93.28570556640625,445.2857131958008
1767414087682,94.28570556640625,441.2857131958008
1767414087690,96.28570556640625,436.2857131958008
1767414087698,97.28570556640625,432.2857131958008
1767414087706,99.28570556640625,427.2857131958008
1767414087715,100.28570556640625,424.2857131958008
1767414087723,101.28570556640625,420.2857131958008
1767414087731,102.28570556640625,418.2857131958008
1767414087740,102.28570556640625,416.2857131958008
1767414087748,102.28570556640625,415.2857131958008
1767414087756,102.28570556640625,414.2857131958008
1767414087765,102.28570556640625,414.2857131958008
1767414087773,102.28570556640625,413.2857131958008
1767414087850,103.28570556640625,413.2857131958008
1767414087862,104.28570556640625,417.2857131958008
1767414087868,105.28570556640625,419.2857131958008
1767414087873,105.28570556640625,420.2857131958008
1767414087881,105.28570556640625,421.2857131958008
1767414087890,106.28570556640625,423.2857131958008
1767414087898,106.28570556640625,425.2857131958008
1767414087906,107.28570556640625,427.2857131958008
1767414087915,107.28570556640625,429.2857131958008
1767414087923,107.28570556640625,429.2857131958008
1767414087931,107.28570556640625,430.2857131958008
1767414087940,108.28570556640625,430.2857131958008
1767414087948,108.28570556640625,431.2857131958008
1767414088028,108.28570556640625,430.2857131958008
1767414088034,108.28570556640625,429.2857131958008
1767414088040,108.28570556640625,429.2857131958008
1767414088048,108.28570556640625,428.2857131958008
1767414088056,108.28570556640625,428.2857131958008
1767414088127,108.28570556640625,428.2857131958008
1767414088133,108.28570556640625,429.2857131958008
1767414088140,108.28570556640625,430.2857131958008
1767414088148,108.28570556640625,432.2857131958008
1767414088156,108.28570556640625,433.2857131958008
1767414088165,108.28570556640625,435.2857131958008
1767414088173,108.28570556640625,436.2857131958008
1767414088182,108.28570556640625,438.2857131958008
1767414088190,108.28570556640625,439.2857131958008
1767414088198,108.28570556640625,440.2857131958008
1767414088206,108.28570556640625,440.2857131958008
1767414088399,108.28570556640625,441.2857131958008
1767414088415,106.28570556640625,444.2857131958008
1767414088423,106.28570556640625,445.2857131958008
1767414088431,106.28570556640625,446.2857131958008
1767414088440,106.28570556640625,447.2857131958008
1767414088543,106.28570556640625,446.2857131958008
1767414088553,105.28570556640625,440.2857131958008
1767414088558,105.28570556640625,438.2857131958008
1767414088565,105.28570556640625,432.2857131958008
1767414088573,105.28570556640625,425.2857131958008
1767414088581,105.28570556640625,419.2857131958008
1767414088590,108.28570556640625,408.2857131958008
1767414088598,109.28570556640625,399.2857131958008
1767414088607,109.28570556640625,391.2857131958008
1767414088615,110.28570556640625,383.2857131958008
1767414088623,110.28570556640625,376.2857131958008
1767414088632,112.28570556640625,369.2857131958008
1767414088640,113.28570556640625,363.2857131958008
1767414088649,114.28570556640625,357.2857131958008
1767414088657,116.28570556640625,350.2857131958008
1767414088665,117.28570556640625,344.2857131958008
1767414088673,118.28570556640625,339.2857131958008
1767414088681,118.28570556640625,336.2857131958008
1767414088690,120.28570556640625,331.2857131958008
1767414088698,121.28570556640625,328.2857131958008
1767414088706,121.28570556640625,324.2857131958008
1767414088715,123.28570556640625,320.2857131958008
1767414088723,124.28570556640625,316.2857131958008
1767414088731,124.28570556640625,312.2857131958008
1767414088740,125.28570556640625,308.2857131958008
1767414088748,125.28570556640625,304.2857131958008
1767414088756,125.28570556640625,300.2857131958008
1767414088765,126.28570556640625,296.2857131958008
1767414088773,126.28570556640625,293.2857131958008
1767414088781,126.28570556640625,291.2857131958008
1767414088790,126.28570556640625,288.2857131958008
1767414088798,126.28570556640625,285.2857131958008
1767414088806,126.28570556640625,283.2857131958008
1767414088815,126.28570556640625,281.2857131958008
1767414088823,126.28570556640625,281.2857131958008
1767414088841,126.28570556640625,280.2857131958008
1767414088849,126.28570556640625,280.2857131958008
1767414088856,126.28570556640625,279.2857131958008
1767414088865,126.28570556640625,279.2857131958008
1767414088873,125.28570556640625,277.2857131958008
1767414088881,124.28570556640625,276.2857131958008
1767414088890,124.28570556640625,275.2857131958008
1767414088898,122.28570556640625,273.2857131958008
1767414088906,121.28570556640625,272.2857131958008
1767414088915,120.28570556640625,270.2857131958008
1767414088923,119.28570556640625,268.2857131958008
1767414088931,117.28570556640625,267.2857131958008
1767414088940,117.28570556640625,265.2857131958008
1767414088948,116.28570556640625,264.2857131958008
1767414088956,116.28570556640625,263.2857131958008
1767414088965,115.28570556640625,263.2857131958008
1767414088973,114.28570556640625,262.2857131958008
1767414088981,114.28570556640625,260.2857131958008
1767414088990,113.28570556640625,259.2857131958008
1767414088998,112.28570556640625,257.2857131958008
1767414089006,111.28570556640625,255.28571319580078
1767414089015,110.28570556640625,253.28571319580078
1767414089023,110.28570556640625,253.28571319580078
1767414089102,110.28570556640625,253.28571319580078
1767414089112,110.28570556640625,259.2857131958008
1767414089118,110.28570556640625,263.2857131958008
1767414089124,110.28570556640625,268.2857131958008
1767414089132,110.28570556640625,275.2857131958008
1767414089140,110.28570556640625,283.2857131958008
1767414089148,110.28570556640625,292.2857131958008
1767414089157,110.28570556640625,302.2857131958008
1767414089165,109.28570556640625,310.2857131958008
1767414089174,108.28570556640625,317.2857131958008
1767414089182,107.28570556640625,323.2857131958008
1767414089190,106.28570556640625,328.2857131958008
1767414089198,105.28570556640625,331.2857131958008
1767414089207,104.28570556640625,337.2857131958008
1767414089215,104.28570556640625,340.2857131958008
1767414089223,102.28570556640625,343.2857131958008
1767414089231,102.28570556640625,345.2857131958008
1767414089240,102.28570556640625,346.2857131958008
1767414089248,102.28570556640625,347.2857131958008
1767414089256,102.28570556640625,347.2857131958008
1767414089279,101.28570556640625,347.2857131958008
1767414089320,101.28570556640625,347.2857131958008
1767414089326,101.28570556640625,346.2857131958008
1767414089331,100.28570556640625,345.2857131958008
1767414089340,100.28570556640625,340.2857131958008
1767414089348,100.28570556640625,332.2857131958008
1767414089357,100.28570556640625,325.2857131958008
1767414089365,100.28570556640625,317.2857131958008
1767414089373,100.28570556640625,308.2857131958008
1767414089381,100.28570556640625,300.2857131958008
1767414089390,100.28570556640625,294.2857131958008
1767414089398,100.28570556640625,290.2857131958008
1767414089406,100.28570556640625,286.2857131958008
1767414089415,100.28570556640625,284.2857131958008
1767414089423,100.28570556640625,284.2857131958008
1767414089431,101.28570556640625,283.2857131958008
1767414089483,101.28570556640625,284.2857131958008
1767414089495,101.28570556640625,290.2857131958008
1767414089502,101.28570556640625,293.2857131958008
1767414089506,101.28570556640625,303.2857131958008
1767414089515,101.28570556640625,316.2857131958008
1767414089523,98.28570556640625,330.2857131958008
1767414089531,96.28570556640625,340.2857131958008
1767414089540,94.28570556640625,355.2857131958008
1767414089548,91.28570556640625,367.2857131958008
1767414089557,90.28570556640625,377.2857131958008
1767414089565,89.28570556640625,386.2857131958008
1767414089573,88.28570556640625,395.2857131958008
1767414089581,87.28570556640625,401.2857131958008
1767414089590,86.28570556640625,406.2857131958008
1767414089598,85.28570556640625,409.2857131958008
1767414089606,85.28570556640625,411.2857131958008
1767414089615,85.28570556640625,412.2857131958008
1767414089623,85.28570556640625,413.2857131958008
1767414089688,85.28570556640625,413.2857131958008
1767414089699,85.28570556640625,408.2857131958008
1767414089706,86.28570556640625,402.2857131958008
1767414089715,89.28570556640625,388.2857131958008
1767414089723,91.28570556640625,374.2857131958008
1767414089732,93.28570556640625,364.2857131958008
1767414089740,96.28570556640625,349.2857131958008
1767414089748,97.28570556640625,339.2857131958008
1767414089756,100.28570556640625,331.2857131958008
1767414089765,101.28570556640625,324.2857131958008
1767414089773,101.28570556640625,321.2857131958008
1767414089781,101.28570556640625,321.2857131958008
1767414089842,102.28570556640625,321.2857131958008
1767414089854,104.28570556640625,323.2857131958008
1767414089859,106.28570556640625,325.2857131958008
1767414089865,107.28570556640625,328.2857131958008
1767414089873,109.28570556640625,334.2857131958008
1767414089882,111.28570556640625,340.2857131958008
1767414089890,113.28570556640625,346.2857131958008
1767414089898,114.28570556640625,353.2857131958008
1767414089906,114.28570556640625,359.2857131958008
1767414089915,114.28570556640625,362.2857131958008
1767414089923,114.28570556640625,371.2857131958008
1767414089931,114.28570556640625,374.2857131958008
1767414089940,114.28570556640625,375.2857131958008
1767414089948,114.28570556640625,376.2857131958008
1767414090035,114.28570556640625,375.2857131958008
1767414090047,114.28570556640625,368.2857131958008
1767414090053,113.28570556640625,362.2857131958008
1767414090058,113.28570556640625,356.2857131958008
1767414090065,113.28570556640625,348.2857131958008
1767414090073,113.28570556640625,337.2857131958008
1767414090081,113.28570556640625,320.2857131958008
1767414090090,113.28570556640625,307.2857131958008
1767414090098,113.28570556640625,292.2857131958008
1767414090106,113.28570556640625,287.2857131958008
1767414090115,113.28570556640625,285.2857131958008
1767414090158,114.28570556640625,285.2857131958008
1767414090169,116.28570556640625,293.2857131958008
1767414090175,116.28570556640625,297.2857131958008
1767414090181,117.28570556640625,304.2857131958008
1767414090190,117.28570556640625,312.2857131958008
1767414090198,117.28570556640625,321.2857131958008
1767414090206,117.28570556640625,329.2857131958008
1767414090215,117.28570556640625,339.2857131958008
1767414090223,117.28570556640625,349.2857131958008
1767414090231,115.28570556640625,359.2857131958008
1767414090240,114.28570556640625,365.2857131958008
1767414090248,114.28570556640625,369.2857131958008
1767414090256,113.28570556640625,372.2857131958008
1767414090265,113.28570556640625,373.2857131958008
1767414090315,113.28570556640625,373.2857131958008
1767414090323,113.28570556640625,372.2857131958008
1767414090331,112.28570556640625,368.2857131958008
1767414090340,112.28570556640625,363.2857131958008
1767414090348,112.28570556640625,351.2857131958008
1767414090356,112.28570556640625,341.2857131958008
1767414090365,112.28570556640625,331.2857131958008
1767414090373,112.28570556640625,321.2857131958008
1767414090381,112.28570556640625,309.2857131958008
1767414090390,112.28570556640625,300.2857131958008
1767414090398,112.28570556640625,292.2857131958008
1767414090406,112.28570556640625,285.2857131958008
1767414090415,112.28570556640625,280.2857131958008
1767414090423,111.28570556640625,277.2857131958008
1767414090431,111.28570556640625,274.2857131958008
1767414090440,110.28570556640625,273.2857131958008
1767414090607,110.28570556640625,273.2857131958008
1767414090623,112.28570556640625,268.2857131958008
1767414090631,113.28570556640625,261.2857131958008
1767414090640,114.28570556640625,257.2857131958008
1767414090648,116.28570556640625,255.28571319580078
1767414090656,116.28570556640625,253.28571319580078
1767414090665,117.28570556640625,252.28571319580078
1767414090673,117.28570556640625,251.28571319580078
1767414090707,118.28570556640625,251.28571319580078
1767414090716,120.28570556640625,252.28571319580078
1767414090723,125.28570556640625,254.28571319580078
1767414090731,126.28570556640625,255.28571319580078
1767414090740,134.28570556640625,259.2857131958008
1767414090749,140.28570556640625,261.2857131958008
1767414090756,142.28570556640625,263.2857131958008
1767414090765,145.28570556640625,264.2857131958008
1767414090773,148.28570556640625,265.2857131958008
1767414090781,149.28570556640625,265.2857131958008
1767414090876,149.28570556640625,266.2857131958008
1767414090888,149.28570556640625,268.2857131958008
1767414090893,149.28570556640625,268.2857131958008
1767414090899,148.28570556640625,269.2857131958008
1767414090906,148.28570556640625,271.2857131958008
1767414090915,148.28570556640625,271.2857131958008
1767414090999,148.28570556640625,271.2857131958008
1767414091015,148.28570556640625,264.2857131958008
1767414091023,148.28570556640625,262.2857131958008
1767414091031,149.28570556640625,259.2857131958008
1767414091040,149.28570556640625,259.2857131958008
1767414091085,149.28570556640625,259.2857131958008
1767414091095,149.28570556640625,267.2857131958008
1767414091101,149.28570556640625,272.2857131958008
1767414091106,148.28570556640625,277.2857131958008
1767414091115,145.28570556640625,284.2857131958008
1767414091123,144.28570556640625,290.2857131958008
1767414091131,143.28570556640625,295.2857131958008
1767414091140,142.28570556640625,297.2857131958008
1767414091148,142.28570556640625,302.2857131958008
1767414091156,141.28570556640625,304.2857131958008
1767414091223,141.28570556640625,304.2857131958008
1767414091234,140.28570556640625,299.2857131958008
1767414091240,139.28570556640625,296.2857131958008
1767414091248,138.28570556640625,286.2857131958008
1767414091257,137.28570556640625,278.2857131958008
1767414091265,137.28570556640625,269.2857131958008
1767414091273,136.28570556640625,260.2857131958008
1767414091281,136.28570556640625,254.28571319580078
1767414091290,136.28570556640625,251.28571319580078
1767414091298,136.28570556640625,249.28571319580078
1767414091345,136.28570556640625,249.28571319580078
1767414091351,136.28570556640625,258.2857131958008
1767414091357,136.28570556640625,267.2857131958008
1767414091365,134.28570556640625,279.2857131958008
1767414091373,133.28570556640625,294.2857131958008
1767414091382,131.28570556640625,305.2857131958008
1767414091390,130.28570556640625,315.2857131958008
1767414091398,129.28570556640625,322.2857131958008
1767414091406,129.28570556640625,325.2857131958008
1767414091415,129.28570556640625,326.2857131958008
1767414091423,128.28570556640625,326.2857131958008
1767414091471,128.28570556640625,325.2857131958008
1767414091483,128.28570556640625,317.2857131958008
1767414091490,128.28570556640625,311.2857131958008
1767414091498,128.28570556640625,303.2857131958008
1767414091506,128.28570556640625,293.2857131958008
1767414091515,128.28570556640625,283.2857131958008
1767414091523,128.28570556640625,274.2857131958008
1767414091531,128.28570556640625,268.2857131958008
1767414091540,128.28570556640625,265.2857131958008
1767414091592,128.28570556640625,266.2857131958008
1767414091598,128.28570556640625,268.2857131958008
1767414091606,128.28570556640625,277.2857131958008
1767414091615,128.28570556640625,287.2857131958008
1767414091623,128.28570556640625,297.2857131958008
1767414091631,128.28570556640625,308.2857131958008
1767414091640,128.28570556640625,318.2857131958008
1767414091648,127.28570556640625,328.2857131958008
1767414091657,127.28570556640625,340.2857131958008
1767414091665,127.28570556640625,351.2857131958008
1767414091673,127.28570556640625,357.2857131958008
1767414091681,128.28570556640625,360.2857131958008
1767414091690,128.28570556640625,362.2857131958008
1767414091698,128.28570556640625,363.2857131958008
1767414091765,129.28570556640625,357.2857131958008
1767414091774,129.28570556640625,352.2857131958008
1767414091781,130.28570556640625,349.2857131958008
1767414091790,130.28570556640625,346.2857131958008
1767414091798,131.28570556640625,344.2857131958008
1767414091855,131.28570556640625,345.2857131958008
1767414091865,132.28570556640625,351.2857131958008
1767414091873,133.28570556640625,356.2857131958008
1767414091881,133.28570556640625,364.2857131958008
1767414091890,133.28570556640625,371.2857131958008
1767414091899,133.28570556640625,379.2857131958008
1767414091907,133.28570556640625,385.2857131958008
1767414091915,133.28570556640625,392.2857131958008
1767414091923,133.28570556640625,398.2857131958008
1767414091931,133.28570556640625,401.2857131958008
1767414091940,133.28570556640625,403.2857131958008
1767414091948,133.28570556640625,403.2857131958008
1767414092000,132.28570556640625,403.2857131958008
1767414092009,132.28570556640625,403.2857131958008
1767414092023,132.28570556640625,403.2857131958008
1767414092031,131.28570556640625,403.2857131958008
1767414092040,131.28570556640625,402.2857131958008
1767414092117,131.28570556640625,403.2857131958008
1767414092130,131.28570556640625,412.2857131958008
1767414092136,131.28570556640625,416.2857131958008
1767414092141,131.28570556640625,419.2857131958008
1767414092148,131.28570556640625,423.2857131958008
1767414092157,131.28570556640625,429.2857131958008
1767414092165,131.28570556640625,433.2857131958008
1767414092173,131.28570556640625,437.2857131958008
1767414092181,131.28570556640625,437.2857131958008
1767414092296,131.28570556640625,437.2857131958008
1767414092310,130.28570556640625,435.2857131958008
1767414092316,130.28570556640625,435.2857131958008
1767414092393,130.28570556640625,435.2857131958008
1767414092407,130.28570556640625,437.2857131958008
1767414092415,130.28570556640625,438.2857131958008
1767414092423,130.28570556640625,439.2857131958008
1767414092431,130.28570556640625,440.2857131958008
1767414092440,130.28570556640625,441.2857131958008
1767414092622,130.28570556640625,442.2857131958008
1767414092632,130.28570556640625,444.2857131958008
1767414092640,130.28570556640625,445.2857131958008
1767414092648,130.28570556640625,445.2857131958008
1767414092656,130.28570556640625,446.2857131958008
1767414092665,130.28570556640625,447.2857131958008
1767414092681,130.28570556640625,448.2857131958008
1767414093042,131.28570556640625,448.2857131958008
1767414093054,133.28570556640625,448.2857131958008
1767414093060,135.28570556640625,448.2857131958008
1767414093065,136.28570556640625,448.2857131958008
1767414093073,137.28570556640625,447.2857131958008
1767414093081,138.28570556640625,447.2857131958008
1767414093090,139.28570556640625,447.2857131958008
1767414093098,140.28570556640625,447.2857131958008
1767414093106,140.28570556640625,447.2857131958008
1767414093250,140.28570556640625,447.2857131958008
1767414093315,141.28570556640625,447.2857131958008
1767414093326,141.28570556640625,447.2857131958008
1767414093340,142.28570556640625,447.2857131958008
1767414093365,142.28570556640625,447.2857131958008
1767414093518,142.28570556640625,446.2857131958008
1767414093531,144.28570556640625,444.2857131958008
1767414093540,144.28570556640625,443.2857131958008
1767414093548,145.28570556640625,441.2857131958008
1767414093556,145.28570556640625,440.2857131958008
1767414093565,146.28570556640625,439.2857131958008
1767414093573,147.28570556640625,437.2857131958008
1767414093581,148.28570556640625,435.2857131958008
1767414093590,149.28570556640625,433.2857131958008
1767414093598,149.28570556640625,431.2857131958008
1767414093606,151.28570556640625,427.2857131958008
1767414093615,152.28570556640625,424.2857131958008
1767414093623,152.28570556640625,422.2857131958008
1767414093631,153.28570556640625,420.2857131958008
1767414093640,153.28570556640625,418.2857131958008
1767414093648,154.28570556640625,416.2857131958008
1767414093656,154.28570556640625,414.2857131958008
1767414093665,155.28570556640625,413.2857131958008
1767414093673,155.28570556640625,412.2857131958008
1767414093681,156.28570556640625,411.2857131958008
1767414093690,156.28570556640625,409.2857131958008
1767414093698,156.28570556640625,409.2857131958008
1767414093706,156.28570556640625,407.2857131958008
1767414093715,156.28570556640625,407.2857131958008
1767414093723,156.28570556640625,406.2857131958008
1767414093731,157.28570556640625,405.2857131958008
1767414093740,157.28570556640625,404.2857131958008
1767414093748,157.28570556640625,404.2857131958008
1767414093756,157.28570556640625,402.2857131958008
1767414093765,157.28570556640625,401.2857131958008
1767414093773,157.28570556640625,399.2857131958008
1767414093781,157.28570556640625,398.2857131958008
1767414093790,157.28570556640625,397.2857131958008
1767414093798,157.28570556640625,396.2857131958008
1767414093806,157.28570556640625,395.2857131958008
1767414093815,157.28570556640625,394.2857131958008
1767414093823,157.28570556640625,393.2857131958008
1767414093831,157.28570556640625,392.2857131958008
1767414093840,157.28570556640625,391.2857131958008
1767414093848,157.28570556640625,391.2857131958008
1767414093856,157.28570556640625,390.2857131958008
1767414093865,157.28570556640625,389.2857131958008
1767414093873,157.28570556640625,388.2857131958008
1767414093881,157.28570556640625,387.2857131958008
1767414093890,157.28570556640625,386.2857131958008
1767414093898,157.28570556640625,385.2857131958008
1767414093906,157.28570556640625,384.2857131958008
1767414093915,157.28570556640625,383.2857131958008
1767414093923,157.28570556640625,381.2857131958008
1767414093931,156.28570556640625,380.2857131958008
1767414093940,156.28570556640625,380.2857131958008
1767414093949,156.28570556640625,379.2857131958008
1767414093956,156.28570556640625,379.2857131958008
1767414093965,156.28570556640625,378.2857131958008
1767414093973,156.28570556640625,377.2857131958008
1767414093981,156.28570556640625,376.2857131958008
1767414093990,156.28570556640625,375.2857131958008
1767414093998,156.28570556640625,374.2857131958008
1767414094006,156.28570556640625,373.2857131958008
1767414094015,156.28570556640625,372.2857131958008
1767414094023,156.28570556640625,372.2857131958008
1767414094031,156.28570556640625,371.2857131958008
1767414094040,156.28570556640625,370.2857131958008
1767414094048,156.28570556640625,369.2857131958008
1767414094056,156.28570556640625,368.2857131958008
1767414094065,156.28570556640625,367.2857131958008
1767414094073,155.28570556640625,367.2857131958008
1767414094081,155.28570556640625,365.2857131958008
1767414094090,155.28570556640625,365.2857131958008
1767414094098,155.28570556640625,364.2857131958008
1767414094106,155.28570556640625,363.2857131958008
1767414094115,155.28570556640625,362.2857131958008
1767414094123,155.28570556640625,361.2857131958008
1767414094131,155.28570556640625,360.2857131958008
1767414094140,155.28570556640625,359.2857131958008
1767414094148,155.28570556640625,358.2857131958008
1767414094156,155.28570556640625,357.2857131958008
1767414094165,155.28570556640625,355.2857131958008
1767414094173,155.28570556640625,354.2857131958008
1767414094181,155.28570556640625,352.2857131958008
1767414094190,155.28570556640625,350.2857131958008
1767414094198,155.28570556640625,348.2857131958008
1767414094206,155.28570556640625,348.2857131958008
1767414094215,154.28570556640625,346.2857131958008
1767414094223,154.28570556640625,345.2857131958008
1767414094231,154.28570556640625,343.2857131958008
1767414094240,154.28570556640625,342.2857131958008
1767414094248,154.28570556640625,341.2857131958008
1767414094256,154.28570556640625,340.2857131958008
1767414094264,154.28570556640625,339.2857131958008
1767414094273,154.28570556640625,337.2857131958008
1767414094281,154.28570556640625,336.2857131958008
1767414094290,154.28570556640625,335.2857131958008
1767414094298,154.28570556640625,334.2857131958008
1767414094306,154.28570556640625,333.2857131958008
1767414094315,154.28570556640625,332.2857131958008
1767414094323,154.28570556640625,331.2857131958008
1767414094331,154.28570556640625,329.2857131958008
1767414094340,154.28570556640625,328.2857131958008
1767414094348,154.28570556640625,327.2857131958008
1767414094356,154.28570556640625,325.2857131958008
1767414094364,154.28570556640625,324.2857131958008
1767414094373,154.28570556640625,323.2857131958008
1767414094381,154.28570556640625,321.2857131958008
1767414094390,154.28570556640625,320.2857131958008
1767414094398,154.28570556640625,317.2857131958008
1767414094406,154.28570556640625,316.2857131958008
1767414094415,154.28570556640625,313.2857131958008
1767414094423,154.28570556640625,312.2857131958008
1767414094431,154.28570556640625,310.2857131958008
1767414094439,154.28570556640625,308.2857131958008
1767414094448,154.28570556640625,307.2857131958008
1767414094456,154.28570556640625,304.2857131958008
1767414094464,154.28570556640625,303.2857131958008
1767414094473,154.28570556640625,300.2857131958008
1767414094481,154.28570556640625,299.2857131958008
1767414094490,154.28570556640625,297.2857131958008
1767414094499,154.28570556640625,297.2857131958008
1767414094506,154.28570556640625,296.2857131958008
1767414094515,154.28570556640625,295.2857131958008
1767414094523,154.28570556640625,293.2857131958008
1767414094531,154.28570556640625,292.2857131958008
1767414094539,154.28570556640625,290.2857131958008
1767414094548,154.28570556640625,289.2857131958008
1767414094556,154.28570556640625,287.2857131958008
1767414094564,154.28570556640625,285.2857131958008
1767414094573,154.28570556640625,285.2857131958008
1767414094581,154.28570556640625,283.2857131958008
1767414094590,154.28570556640625,283.2857131958008
1767414094598,154.28570556640625,281.2857131958008
1767414094606,154.28570556640625,281.2857131958008
1767414094615,154.28570556640625,280.2857131958008
1767414094623,154.28570556640625,279.2857131958008
1767414094631,154.28570556640625,277.2857131958008
1767414094640,154.28570556640625,276.2857131958008
1767414094648,154.28570556640625,275.2857131958008
1767414094656,154.28570556640625,273.2857131958008
1767414094664,154.28570556640625,271.2857131958008
1767414094673,154.28570556640625,269.2857131958008
1767414094681,154.28570556640625,268.2857131958008
1767414094691,154.28570556640625,268.2857131958008
1767414094700,154.28570556640625,267.2857131958008
1767414094707,154.28570556640625,267.2857131958008
1767414094714,154.28570556640625,266.2857131958008
1767414094723,154.28570556640625,265.2857131958008
1767414094731,154.28570556640625,264.2857131958008
1767414094740,154.28570556640625,263.2857131958008
1767414094748,154.28570556640625,262.2857131958008
1767414094756,154.28570556640625,260.2857131958008
1767414094764,154.28570556640625,258.2857131958008
1767414094773,154.28570556640625,257.2857131958008
1767414094781,154.28570556640625,255.28571319580078
1767414094790,155.28570556640625,254.28571319580078
1767414094798,155.28570556640625,252.28571319580078
1767414094806,155.28570556640625,252.28571319580078
1767414094815,155.28570556640625,250.28571319580078
1767414094823,156.28570556640625,249.28571319580078
1767414094831,156.28570556640625,248.28571319580078
1767414094840,156.28570556640625,248.28571319580078
1767414094848,156.28570556640625,247.28571319580078
1767414094859,156.28570556640625,247.28571319580078
1767414094873,156.28570556640625,246.28571319580078
1767414095023,157.28570556640625,247.28571319580078
1767414095031,157.28570556640625,248.28571319580078
1767414095039,158.28570556640625,249.28571319580078
1767414095048,158.28570556640625,251.28571319580078
1767414095056,158.28570556640625,253.28571319580078
1767414095064,158.28570556640625,255.28571319580078
1767414095073,158.28570556640625,256.2857131958008
1767414095081,158.28570556640625,257.2857131958008
1767414095089,158.28570556640625,259.2857131958008
1767414095098,158.28570556640625,260.2857131958008
1767414095106,158.28570556640625,261.2857131958008
1767414095114,158.28570556640625,263.2857131958008
1767414095123,158.28570556640625,264.2857131958008
1767414095131,158.28570556640625,266.2857131958008
1767414095139,158.28570556640625,268.2857131958008
1767414095148,158.28570556640625,269.2857131958008
1767414095156,158.28570556640625,270.2857131958008
1767414095165,158.28570556640625,271.2857131958008
1767414095173,158.28570556640625,273.2857131958008
1767414095181,158.28570556640625,273.2857131958008
1767414095190,158.28570556640625,276.2857131958008
1767414095198,158.28570556640625,277.2857131958008
1767414095206,158.28570556640625,280.2857131958008
1767414095214,157.28570556640625,281.2857131958008
1767414095223,157.28570556640625,283.2857131958008
1767414095231,157.28570556640625,285.2857131958008
1767414095239,157.28570556640625,287.2857131958008
1767414095248,157.28570556640625,288.2857131958008
1767414095256,157.28570556640625,289.2857131958008
1767414095264,157.28570556640625,291.2857131958008
1767414095273,157.28570556640625,291.2857131958008
1767414095281,157.28570556640625,293.2857131958008
1767414095289,157.28570556640625,294.2857131958008
1767414095298,157.28570556640625,295.2857131958008
1767414095306,157.28570556640625,296.2857131958008
1767414095315,157.28570556640625,297.2857131958008
1767414095323,157.28570556640625,299.2857131958008
1767414095331,157.28570556640625,300.2857131958008
1767414095339,158.28570556640625,301.2857131958008
1767414095348,158.28570556640625,304.2857131958008
1767414095356,158.28570556640625,305.2857131958008
1767414095364,158.28570556640625,305.2857131958008
1767414095373,158.28570556640625,307.2857131958008
1767414095381,158.28570556640625,307.2857131958008
1767414095390,159.28570556640625,308.2857131958008
1767414095400,159.28570556640625,308.2857131958008
1767414095411,159.28570556640625,309.2857131958008
1767414095423,159.28570556640625,309.2857131958008
1767414095431,160.28570556640625,310.2857131958008
1767414095439,160.28570556640625,311.2857131958008
1767414095448,160.28570556640625,311.2857131958008
1767414095456,160.28570556640625,312.2857131958008
1767414095467,160.28570556640625,312.2857131958008
1767414095481,160.28570556640625,313.2857131958008
1767414095489,160.28570556640625,313.2857131958008
1767414095498,160.28570556640625,315.2857131958008
1767414095506,160.28570556640625,316.2857131958008
1767414095514,160.28570556640625,317.2857131958008
1767414095523,160.28570556640625,319.2857131958008
1767414095531,160.28570556640625,320.2857131958008
1767414095539,160.28570556640625,321.2857131958008
1767414095548,159.28570556640625,323.2857131958008
1767414095556,158.28570556640625,325.2857131958008
1767414095564,158.28570556640625,327.2857131958008
1767414095573,158.28570556640625,328.2857131958008
1767414095581,157.28570556640625,330.2857131958008
1767414095589,157.28570556640625,332.2857131958008
1767414095598,156.28570556640625,333.2857131958008
1767414095606,156.28570556640625,336.2857131958008
1767414095614,154.28570556640625,338.2857131958008
1767414095623,154.28570556640625,340.2857131958008
1767414095631,153.28570556640625,343.2857131958008
1767414095639,152.28570556640625,345.2857131958008
1767414095648,152.28570556640625,347.2857131958008
1767414095656,150.28570556640625,351.2857131958008
1767414095664,149.28570556640625,353.2857131958008
1767414095673,148.28570556640625,357.2857131958008
1767414095681,147.28570556640625,360.2857131958008
1767414095689,146.28570556640625,364.2857131958008
1767414095698,145.28570556640625,367.2857131958008
1767414095706,145.28570556640625,369.2857131958008
1767414095714,144.28570556640625,372.2857131958008
1767414095723,143.28570556640625,373.2857131958008
1767414095731,142.28570556640625,375.2857131958008
1767414095739,142.28570556640625,377.2857131958008
1767414095748,142.28570556640625,379.2857131958008
1767414095756,141.28570556640625,381.2857131958008
1767414095764,141.28570556640625,383.2857131958008
1767414095773,140.28570556640625,385.2857131958008
1767414095781,140.28570556640625,387.2857131958008
1767414095789,140.28570556640625,389.2857131958008
1767414095798,139.28570556640625,392.2857131958008
1767414095806,138.28570556640625,393.2857131958008
1767414095814,137.28570556640625,395.2857131958008
1767414095823,137.28570556640625,397.2857131958008
1767414095831,137.28570556640625,400.2857131958008
1767414095839,136.28570556640625,401.2857131958008
1767414095848,136.28570556640625,403.2857131958008
1767414095856,136.28570556640625,405.2857131958008
1767414095864,136.28570556640625,407.2857131958008
1767414095873,135.28570556640625,409.2857131958008
1767414095881,134.28570556640625,411.2857131958008
1767414095889,134.28570556640625,412.2857131958008
1767414095898,134.28570556640625,415.2857131958008
1767414095906,134.28570556640625,417.2857131958008
1767414095914,133.28570556640625,418.2857131958008
1767414095923,133.28570556640625,420.2857131958008
1767414095931,133.28570556640625,421.2857131958008
1767414095939,133.28570556640625,423.2857131958008
1767414095948,133.28570556640625,424.2857131958008
1767414095956,133.28570556640625,426.2857131958008
1767414095964,132.28570556640625,428.2857131958008
1767414095973,132.28570556640625,430.2857131958008
1767414095981,132.28570556640625,432.2857131958008
1767414095989,132.28570556640625,433.2857131958008
1767414095998,132.28570556640625,434.2857131958008
1767414096007,132.28570556640625,435.2857131958008
1767414096039,132.28570556640625,435.2857131958008
1767414096170,133.28570556640625,435.2857131958008
1767414096178,133.28570556640625,433.2857131958008
1767414096184,135.28570556640625,428.2857131958008
1767414096191,136.28570556640625,423.2857131958008
1767414096198,137.28570556640625,419.2857131958008
1767414096206,138.28570556640625,414.2857131958008
1767414096214,140.28570556640625,410.2857131958008
1767414096223,141.28570556640625,406.2857131958008
1767414096231,142.28570556640625,402.2857131958008
1767414096239,143.28570556640625,396.2857131958008
1767414096248,144.28570556640625,392.2857131958008
1767414096256,145.28570556640625,388.2857131958008
1767414096264,145.28570556640625,385.2857131958008
1767414096273,145.28570556640625,382.2857131958008
1767414096281,145.28570556640625,378.2857131958008
1767414096289,145.28570556640625,375.2857131958008
1767414096298,145.28570556640625,371.2857131958008
1767414096306,145.28570556640625,367.2857131958008
1767414096314,145.28570556640625,364.2857131958008
1767414096323,145.28570556640625,361.2857131958008
1767414096333,145.28570556640625,358.2857131958008
1767414096339,145.28570556640625,355.2857131958008
1767414096348,145.28570556640625,352.2857131958008
1767414096356,145.28570556640625,349.2857131958008
1767414096364,145.28570556640625,347.2857131958008
1767414096373,144.28570556640625,341.2857131958008
1767414096381,144.28570556640625,337.2857131958008
1767414096389,144.28570556640625,335.2857131958008
1767414096398,144.28570556640625,332.2857131958008
1767414096406,144.28570556640625,329.2857131958008
1767414096414,144.28570556640625,326.2857131958008
1767414096423,143.28570556640625,323.2857131958008
1767414096431,142.28570556640625,319.2857131958008
1767414096439,142.28570556640625,316.2857131958008
1767414096448,142.28570556640625,314.2857131958008
1767414096456,142.28570556640625,313.2857131958008
1767414096464,142.28570556640625,312.2857131958008
1767414096473,142.28570556640625,311.2857131958008
1767414096481,142.28570556640625,310.2857131958008
1767414096489,141.28570556640625,308.2857131958008
1767414096498,141.28570556640625,307.2857131958008
1767414096506,141.28570556640625,304.2857131958008
1767414096514,140.28570556640625,302.2857131958008
1767414096523,140.28570556640625,300.2857131958008
1767414096531,140.28570556640625,299.2857131958008
1767414096539,139.28570556640625,297.2857131958008
1767414096548,138.28570556640625,295.2857131958008
1767414096556,138.28570556640625,294.2857131958008
1767414096564,138.28570556640625,292.2857131958008
1767414096573,138.28570556640625,291.2857131958008
1767414096581,138.28570556640625,291.2857131958008
1767414096590,138.28570556640625,290.2857131958008
1767414096598,138.28570556640625,289.2857131958008
1767414096606,138.28570556640625,288.2857131958008
1767414096623,138.28570556640625,288.2857131958008
1767414096648,138.28570556640625,287.2857131958008
1767414096713,138.28570556640625,288.2857131958008
1767414096728,140.28570556640625,297.2857131958008
1767414096734,140.28570556640625,302.2857131958008
1767414096741,141.28570556640625,307.2857131958008
1767414096748,141.28570556640625,313.2857131958008
1767414096756,141.28570556640625,319.2857131958008
1767414096764,142.28570556640625,324.2857131958008
1767414096773,142.28570556640625,328.2857131958008
1767414096781,143.28570556640625,337.2857131958008
1767414096789,143.28570556640625,343.2857131958008
1767414096798,143.28570556640625,349.2857131958008
1767414096806,143.28570556640625,355.2857131958008
1767414096814,143.28570556640625,359.2857131958008
1767414096823,143.28570556640625,364.2857131958008
1767414096831,143.28570556640625,368.2857131958008
1767414096839,143.28570556640625,373.2857131958008
1767414096848,143.28570556640625,377.2857131958008
1767414096856,143.28570556640625,381.2857131958008
1767414096864,143.28570556640625,383.2857131958008
1767414096873,143.28570556640625,386.2857131958008
1767414096881,142.28570556640625,390.2857131958008
1767414096889,142.28570556640625,393.2857131958008
1767414096898,142.28570556640625,397.2857131958008
1767414096906,142.28570556640625,401.2857131958008
1767414096914,142.28570556640625,404.2857131958008
1767414096923,142.28570556640625,407.2857131958008
1767414096931,142.28570556640625,409.2857131958008
1767414096939,142.28570556640625,412.2857131958008
1767414096948,142.28570556640625,414.2857131958008
1767414096956,142.28570556640625,416.2857131958008
1767414096964,142.28570556640625,418.2857131958008
1767414096973,142.28570556640625,421.2857131958008
1767414096981,142.28570556640625,424.2857131958008
1767414096990,142.28570556640625,425.2857131958008
1767414097006,142.28570556640625,425.2857131958008
1767414097014,142.28570556640625,426.2857131958008
1767414097118,143.28570556640625,425.2857131958008
1767414097131,144.28570556640625,420.2857131958008
1767414097138,145.28570556640625,417.2857131958008
1767414097145,146.28570556640625,413.2857131958008
1767414097152,147.28570556640625,408.2857131958008
1767414097159,148.28570556640625,404.2857131958008
1767414097165,149.28570556640625,400.2857131958008
1767414097173,150.28570556640625,394.2857131958008
1767414097181,151.28570556640625,392.2857131958008
1767414097190,152.28570556640625,388.2857131958008
1767414097198,152.28570556640625,388.2857131958008
1767414097231,153.28570556640625,388.2857131958008
1767414097248,154.28570556640625,388.2857131958008
1767414097256,155.28570556640625,392.2857131958008
1767414097264,156.28570556640625,396.2857131958008
1767414097273,156.28570556640625,399.2857131958008
1767414097281,156.28570556640625,402.2857131958008
1767414097289,156.28570556640625,404.2857131958008
1767414097298,156.28570556640625,406.2857131958008
1767414097306,156.28570556640625,407.2857131958008
1767414097321,156.28570556640625,408.2857131958008
1767414097410,156.28570556640625,407.2857131958008
1767414097419,156.28570556640625,405.2857131958008
1767414097426,155.28570556640625,402.2857131958008
1767414097434,154.28570556640625,399.2857131958008
1767414097441,153.28570556640625,393.2857131958008
1767414097448,153.28570556640625,389.2857131958008
1767414097456,152.28570556640625,378.2857131958008
1767414097465,152.28570556640625,369.2857131958008
1767414097473,152.28570556640625,362.2857131958008
1767414097481,152.28570556640625,352.2857131958008
1767414097489,152.28570556640625,344.2857131958008
1767414097498,152.28570556640625,336.2857131958008
1767414097506,152.28570556640625,328.2857131958008
1767414097514,151.28570556640625,321.2857131958008
1767414097523,151.28570556640625,316.2857131958008
1767414097531,150.28570556640625,312.2857131958008
1767414097539,150.28570556640625,309.2857131958008
1767414097548,150.28570556640625,307.2857131958008
1767414097556,150.28570556640625,304.2857131958008
1767414097564,150.28570556640625,301.2857131958008
1767414097573,150.28570556640625,299.2857131958008
1767414097581,150.28570556640625,297.2857131958008
1767414097589,149.28570556640625,295.2857131958008
1767414097598,149.28570556640625,293.2857131958008
1767414097606,149.28570556640625,290.2857131958008
1767414097614,148.28570556640625,287.2857131958008
1767414097623,148.28570556640625,285.2857131958008
1767414097631,148.28570556640625,283.2857131958008
1767414097640,146.28570556640625,280.2857131958008
1767414097648,146.28570556640625,278.2857131958008
1767414097656,146.28570556640625,276.2857131958008
1767414097664,145.28570556640625,274.2857131958008
1767414097673,144.28570556640625,272.2857131958008
1767414097681,144.28570556640625,269.2857131958008
1767414097689,142.28570556640625,268.2857131958008
1767414097698,142.28570556640625,267.2857131958008
1767414097706,141.28570556640625,267.2857131958008
1767414097714,140.28570556640625,265.2857131958008
1767414097723,138.28570556640625,263.2857131958008
1767414097731,136.28570556640625,260.2857131958008
1767414097739,134.28570556640625,258.2857131958008
1767414097748,132.28570556640625,256.2857131958008
1767414097756,130.28570556640625,255.28571319580078
1767414097764,129.28570556640625,253.28571319580078
1767414097773,128.28570556640625,253.28571319580078
1767414097781,126.28570556640625,252.28571319580078
1767414097828,126.28570556640625,252.28571319580078
1767414097840,125.28570556640625,252.28571319580078
1767414097883,125.28570556640625,252.28571319580078
1767414097893,122.28570556640625,257.2857131958008
1767414097900,122.28570556640625,258.2857131958008
1767414097907,117.28570556640625,269.2857131958008
1767414097915,114.28570556640625,276.2857131958008
1767414097923,112.28570556640625,283.2857131958008
1767414097931,110.28570556640625,291.2857131958008
1767414097939,109.28570556640625,296.2857131958008
1767414097948,108.28570556640625,301.2857131958008
1767414097956,107.28570556640625,307.2857131958008
1767414097964,106.28570556640625,311.2857131958008
1767414097973,106.28570556640625,315.2857131958008
1767414097981,105.28570556640625,320.2857131958008
1767414097989,105.28570556640625,322.2857131958008
1767414097998,104.28570556640625,324.2857131958008
1767414098006,104.28570556640625,326.2857131958008
1767414098014,104.28570556640625,327.2857131958008
1767414098023,104.28570556640625,329.2857131958008
1767414098031,104.28570556640625,332.2857131958008
1767414098039,104.28570556640625,335.2857131958008
1767414098048,103.28570556640625,339.2857131958008
1767414098056,103.28570556640625,341.2857131958008
1767414098064,103.28570556640625,344.2857131958008
1767414098073,103.28570556640625,348.2857131958008
1767414098081,103.28570556640625,352.2857131958008
1767414098089,102.28570556640625,355.2857131958008
1767414098098,102.28570556640625,359.2857131958008
1767414098106,102.28570556640625,361.2857131958008
1767414098114,102.28570556640625,365.2857131958008
1767414098123,102.28570556640625,368.2857131958008
1767414098131,102.28570556640625,372.2857131958008
1767414098139,101.28570556640625,375.2857131958008
1767414098148,101.28570556640625,378.2857131958008
1767414098156,101.28570556640625,381.2857131958008
1767414098164,101.28570556640625,383.2857131958008
1767414098173,101.28570556640625,385.2857131958008
1767414098181,101.28570556640625,386.2857131958008
1767414098189,101.28570556640625,388.2857131958008
1767414098198,101.28570556640625,389.2857131958008
1767414098206,101.28570556640625,391.2857131958008
1767414098214,101.28570556640625,392.2857131958008
1767414098223,101.28570556640625,395.2857131958008
1767414098231,101.28570556640625,397.2857131958008
1767414098239,101.28570556640625,399.2857131958008
1767414098248,101.28570556640625,400.2857131958008
1767414098256,101.28570556640625,403.2857131958008
1767414098264,101.28570556640625,404.2857131958008
1767414098273,101.28570556640625,405.2857131958008
1767414098281,101.28570556640625,407.2857131958008
1767414098289,101.28570556640625,409.2857131958008
1767414098298,101.28570556640625,410.2857131958008
1767414098306,101.28570556640625,412.2857131958008
1767414098314,101.28570556640625,415.2857131958008
1767414098323,101.28570556640625,417.2857131958008
1767414098331,101.28570556640625,420.2857131958008
1767414098339,101.28570556640625,423.2857131958008
1767414098348,101.28570556640625,425.2857131958008
1767414098356,101.28570556640625,428.2857131958008
1767414098364,101.28570556640625,431.2857131958008
1767414098373,101.28570556640625,432.2857131958008
1767414098381,101.28570556640625,433.2857131958008
1767414098389,101.28570556640625,434.2857131958008
1767414098398,101.28570556640625,435.2857131958008
1767414098406,101.28570556640625,437.2857131958008
1767414098414,101.28570556640625,438.2857131958008
1767414098423,101.28570556640625,439.2857131958008
1767414098431,101.28570556640625,440.2857131958008
1767414098439,102.28570556640625,441.2857131958008
1767414098448,102.28570556640625,442.2857131958008
1767414098456,102.28570556640625,443.2857131958008
1767414098473,102.28570556640625,443.2857131958008
1767414098599,102.28570556640625,443.2857131958008
1767414098615,102.28570556640625,440.2857131958008
1767414098623,102.28570556640625,437.2857131958008
1767414098631,102.28570556640625,436.2857131958008
1767414098639,102.28570556640625,434.2857131958008
1767414098648,101.28570556640625,431.2857131958008
1767414098656,100.28570556640625,428.2857131958008
1767414098664,100.28570556640625,425.2857131958008
1767414098673,99.28570556640625,423.2857131958008
1767414098681,99.28570556640625,420.2857131958008
1767414098689,98.28570556640625,418.2857131958008
1767414098698,98.28570556640625,416.2857131958008
1767414098706,98.28570556640625,413.2857131958008
1767414098714,97.28570556640625,412.2857131958008
1767414098723,97.28570556640625,409.2857131958008
1767414098731,97.28570556640625,405.2857131958008
1767414098739,96.28570556640625,402.2857131958008
1767414098748,96.28570556640625,399.2857131958008
1767414098756,95.28570556640625,396.2857131958008
1767414098764,95.28570556640625,393.2857131958008
1767414098773,94.28570556640625,390.2857131958008
1767414098781,94.28570556640625,388.2857131958008
1767414098789,94.28570556640625,386.2857131958008
1767414098798,94.28570556640625,384.2857131958008
1767414098806,94.28570556640625,381.2857131958008
1767414098814,94.28570556640625,379.2857131958008
1767414098823,94.28570556640625,376.2857131958008
1767414098831,94.28570556640625,373.2857131958008
1767414098839,94.28570556640625,371.2857131958008
1767414098848,94.28570556640625,368.2857131958008
1767414098856,94.28570556640625,364.2857131958008
1767414098864,94.28570556640625,360.2857131958008
1767414098873,94.28570556640625,356.2857131958008
1767414098881,94.28570556640625,351.2857131958008
1767414098889,94.28570556640625,348.2857131958008
1767414098898,94.28570556640625,344.2857131958008
1767414098906,94.28570556640625,340.2857131958008
1767414098914,94.28570556640625,337.2857131958008
1767414098923,93.28570556640625,335.2857131958008
1767414098931,93.28570556640625,332.2857131958008
1767414098939,93.28570556640625,330.2857131958008
1767414098948,93.28570556640625,328.2857131958008
1767414098956,92.28570556640625,327.2857131958008
1767414098964,92.28570556640625,325.2857131958008
1767414098973,92.28570556640625,323.2857131958008
1767414098981,92.28570556640625,321.2857131958008
1767414098989,92.28570556640625,319.2857131958008
1767414098998,91.28570556640625,318.2857131958008
1767414099006,91.28570556640625,316.2857131958008
1767414099014,90.28570556640625,315.2857131958008
1767414099023,90.28570556640625,313.2857131958008
1767414099031,89.28570556640625,311.2857131958008
1767414099039,89.28570556640625,309.2857131958008
1767414099048,89.28570556640625,307.2857131958008
1767414099056,88.28570556640625,305.2857131958008
1767414099064,87.28570556640625,304.2857131958008
1767414099073,86.28570556640625,301.2857131958008
1767414099081,86.28570556640625,298.2857131958008
1767414099089,84.28570556640625,295.2857131958008
1767414099098,84.28570556640625,293.2857131958008
1767414099106,84.28570556640625,291.2857131958008
1767414099115,83.28570556640625,289.2857131958008
1767414099123,82.28570556640625,289.2857131958008
1767414099131,82.28570556640625,288.2857131958008
1767414099139,82.28570556640625,287.2857131958008
1767414099148,82.28570556640625,285.2857131958008
1767414099156,81.28570556640625,284.2857131958008
1767414099164,81.28570556640625,283.2857131958008
1767414099173,81.28570556640625,282.2857131958008
1767414099181,80.28570556640625,280.2857131958008
1767414099189,80.28570556640625,279.2857131958008
1767414099198,80.28570556640625,277.2857131958008
1767414099206,80.28570556640625,276.2857131958008
1767414099214,80.28570556640625,275.2857131958008
1767414099223,79.28570556640625,273.2857131958008
1767414099231,78.28570556640625,271.2857131958008
1767414099239,78.28570556640625,269.2857131958008
1767414099248,78.28570556640625,267.2857131958008
1767414099256,77.28570556640625,265.2857131958008
1767414099264,77.28570556640625,263.2857131958008
1767414099273,77.28570556640625,261.2857131958008
1767414099281,77.28570556640625,260.2857131958008
1767414099289,77.28570556640625,259.2857131958008
1767414099298,77.28570556640625,259.2857131958008
1767414099306,77.28570556640625,258.2857131958008
1767414099415,77.28570556640625,261.2857131958008
1767414099427,79.28570556640625,269.2857131958008
1767414099434,80.28570556640625,271.2857131958008
1767414099441,81.28570556640625,277.2857131958008
1767414099449,81.28570556640625,280.2857131958008
1767414099456,82.28570556640625,285.2857131958008
1767414099464,82.28570556640625,290.2857131958008
1767414099473,82.28570556640625,293.2857131958008
1767414099481,82.28570556640625,297.2857131958008
1767414099489,82.28570556640625,300.2857131958008
1767414099498,82.28570556640625,303.2857131958008
1767414099506,82.28570556640625,305.2857131958008
1767414099514,82.28570556640625,307.2857131958008
1767414099523,82.28570556640625,309.2857131958008
1767414099531,82.28570556640625,309.2857131958008
1767414099539,82.28570556640625,311.2857131958008
1767414099548,82.28570556640625,312.2857131958008
1767414099556,82.28570556640625,312.2857131958008
1767414099564,82.28570556640625,313.2857131958008
1767414099573,82.28570556640625,314.2857131958008
1767414099581,82.28570556640625,316.2857131958008
1767414099589,82.28570556640625,317.2857131958008
1767414099598,82.28570556640625,320.2857131958008
1767414099606,82.28570556640625,323.2857131958008
1767414099623,82.28570556640625,328.2857131958008
1767414099631,82.28570556640625,330.2857131958008
1767414099639,82.28570556640625,332.2857131958008
1767414099648,82.28570556640625,334.2857131958008
1767414099656,82.28570556640625,336.2857131958008
1767414099664,82.28570556640625,338.2857131958008
1767414099673,82.28570556640625,339.2857131958008
1767414099681,82.28570556640625,341.2857131958008
1767414099689,82.28570556640625,341.2857131958008
1767414099698,82.28570556640625,342.2857131958008
1767414099706,82.28570556640625,343.2857131958008
1767414099714,82.28570556640625,344.2857131958008
1767414099739,82.28570556640625,344.2857131958008
1767414099826,82.28570556640625,344.2857131958008
1767414099842,81.28570556640625,339.2857131958008
1767414099850,81.28570556640625,337.2857131958008
1767414099857,80.28570556640625,336.2857131958008
1767414099865,80.28570556640625,334.2857131958008
1767414099873,79.28570556640625,332.2857131958008
1767414099881,79.28570556640625,329.2857131958008
1767414099889,79.28570556640625,328.2857131958008
1767414099898,78.28570556640625,326.2857131958008
1767414099906,78.28570556640625,324.2857131958008
1767414099914,78.28570556640625,322.2857131958008
1767414099923,78.28570556640625,320.2857131958008
1767414099931,78.28570556640625,317.2857131958008
1767414099939,78.28570556640625,316.2857131958008
1767414099948,77.28570556640625,315.2857131958008
1767414099956,77.28570556640625,314.2857131958008
1767414099964,77.28570556640625,313.2857131958008
1767414099973,77.28570556640625,312.2857131958008
1767414099981,77.28570556640625,311.2857131958008
1767414099989,77.28570556640625,311.2857131958008
1767414099998,77.28570556640625,310.2857131958008
1767414100006,77.28570556640625,309.2857131958008
1767414100014,77.28570556640625,308.2857131958008
1767414100023,77.28570556640625,307.2857131958008
1767414100031,77.28570556640625,305.2857131958008
1767414100039,77.28570556640625,304.2857131958008
1767414100048,77.28570556640625,303.2857131958008
1767414100056,77.28570556640625,301.2857131958008
1767414100064,77.28570556640625,299.2857131958008
1767414100073,77.28570556640625,298.2857131958008
1767414100081,76.28570556640625,296.2857131958008
1767414100089,76.28570556640625,295.2857131958008
1767414100098,76.28570556640625,293.2857131958008
1767414100106,76.28570556640625,291.2857131958008
1767414100114,76.28570556640625,289.2857131958008
1767414100123,75.28570556640625,288.2857131958008
1767414100131,75.28570556640625,287.2857131958008
1767414100139,75.28570556640625,285.2857131958008
1767414100148,75.28570556640625,284.2857131958008
1767414100156,75.28570556640625,283.2857131958008
1767414100164,74.28570556640625,281.2857131958008
1767414100173,74.28570556640625,280.2857131958008
1767414100181,74.28570556640625,279.2857131958008
1767414100189,74.28570556640625,277.2857131958008
1767414100198,74.28570556640625,276.2857131958008
1767414100206,74.28570556640625,275.2857131958008
1767414100214,74.28570556640625,272.2857131958008
1767414100223,74.28570556640625,269.2857131958008
1767414100231,74.28570556640625,267.2857131958008
1767414100239,73.28570556640625,261.2857131958008
1767414100248,73.28570556640625,255.28571319580078
1767414100256,73.28570556640625,253.28571319580078
1767414100264,73.28570556640625,248.28571319580078
1767414100273,73.28570556640625,245.28571319580078
1767414100281,73.28570556640625,245.28571319580078
1767414100289,73.28570556640625,244.28571319580078
1767414100369,74.28570556640625,244.28571319580078
1767414100378,78.28570556640625,247.28571319580078
1767414100385,82.28570556640625,251.28571319580078
1767414100392,84.28570556640625,256.2857131958008
1767414100400,86.28570556640625,261.2857131958008
1767414100408,88.28570556640625,267.2857131958008
1767414100416,88.28570556640625,272.2857131958008
1767414100423,90.28570556640625,278.2857131958008
1767414100431,90.28570556640625,283.2857131958008
1767414100439,92.28570556640625,287.2857131958008
1767414100448,93.28570556640625,292.2857131958008
1767414100456,93.28570556640625,296.2857131958008
1767414100465,93.28570556640625,302.2857131958008
1767414100473,94.28570556640625,305.2857131958008
1767414100481,94.28570556640625,307.2857131958008
1767414100489,94.28570556640625,308.2857131958008
1767414100498,94.28570556640625,309.2857131958008
1767414100506,94.28570556640625,309.2857131958008
1767414100514,95.28570556640625,311.2857131958008
1767414100524,95.28570556640625,312.2857131958008
1767414100532,95.28570556640625,314.2857131958008
1767414100546,95.28570556640625,316.2857131958008
1767414100555,96.28570556640625,317.2857131958008
1767414100562,96.28570556640625,317.2857131958008
1767414100642,96.28570556640625,317.2857131958008
1767414100664,98.28570556640625,308.2857131958008
1767414100673,100.28570556640625,299.2857131958008
1767414100681,101.28570556640625,295.2857131958008
1767414100689,102.28570556640625,291.2857131958008
1767414100698,103.28570556640625,287.2857131958008
1767414100706,104.28570556640625,283.2857131958008
1767414100714,105.28570556640625,279.2857131958008
1767414100723,107.28570556640625,276.2857131958008
1767414100731,108.28570556640625,273.2857131958008
1767414100739,108.28570556640625,271.2857131958008
1767414100748,109.28570556640625,269.2857131958008
1767414100756,110.28570556640625,265.2857131958008
1767414100764,110.28570556640625,263.2857131958008
1767414100773,110.28570556640625,261.2857131958008
1767414100781,112.28570556640625,259.2857131958008
1767414100789,112.28570556640625,257.2857131958008
1767414100798,113.28570556640625,255.28571319580078
1767414100806,113.28570556640625,253.28571319580078
1767414100814,114.28570556640625,251.28571319580078
1767414100823,114.28570556640625,248.28571319580078
1767414100831,114.28570556640625,246.28571319580078
1767414100839,115.28570556640625,245.28571319580078
1767414100848,116.28570556640625,243.28571319580078
1767414100856,116.28570556640625,240.28571319580078
1767414100864,116.28570556640625,238.28571319580078
1767414100873,117.28570556640625,235.28571319580078
1767414100881,117.28570556640625,232.28571319580078
1767414100889,117.28570556640625,229.28571319580078
1767414100898,117.28570556640625,226.28571319580078
1767414100906,117.28570556640625,224.28571319580078
1767414100914,118.28570556640625,221.28571319580078
1767414100923,118.28570556640625,220.28571319580078
1767414100931,118.28570556640625,217.28571319580078
1767414100939,118.28570556640625,215.28571319580078
1767414100948,118.28570556640625,212.28571319580078
1767414100956,118.28570556640625,208.28571319580078
1767414100964,118.28570556640625,205.28571319580078
1767414100973,118.28570556640625,203.28571319580078
1767414100981,118.28570556640625,198.28571319580078
1767414100989,118.28570556640625,194.28571319580078
1767414100998,117.28570556640625,190.28571319580078
1767414101006,117.28570556640625,186.28571319580078
1767414101014,116.28570556640625,181.28571319580078
1767414101023,115.28570556640625,177.28571319580078
1767414101031,113.28570556640625,172.28571319580078
1767414101040,111.28570556640625,165.28571319580078
1767414101048,110.28570556640625,163.28571319580078
1767414101056,109.28570556640625,160.28571319580078
1767414101064,108.28570556640625,159.28571319580078
1767414101073,108.28570556640625,157.28571319580078
1767414101081,107.28570556640625,156.28571319580078
1767414101166,107.28570556640625,160.28571319580078
1767414101179,106.28570556640625,168.28571319580078
1767414101187,106.28570556640625,184.28571319580078
1767414101195,105.28570556640625,192.28571319580078
1767414101203,105.28570556640625,199.28571319580078
1767414101211,105.28570556640625,205.28571319580078
1767414101219,105.28570556640625,210.28571319580078
1767414101227,104.28570556640625,216.28571319580078
1767414101234,104.28570556640625,221.28571319580078
1767414101242,104.28570556640625,225.28571319580078
1767414101250,104.28570556640625,228.28571319580078
1767414101257,103.28570556640625,231.28571319580078
1767414101265,103.28570556640625,233.28571319580078
1767414101273,103.28570556640625,235.28571319580078
1767414101281,102.28570556640625,237.28571319580078
1767414101289,102.28570556640625,239.28571319580078
1767414101298,102.28570556640625,241.28571319580078
1767414101306,101.28570556640625,243.28571319580078
1767414101314,101.28570556640625,245.28571319580078
1767414101323,101.28570556640625,247.28571319580078
1767414101331,100.28570556640625,250.28571319580078
1767414101339,99.28570556640625,253.28571319580078
1767414101348,98.28570556640625,256.2857131958008
1767414101356,98.28570556640625,259.2857131958008
1767414101364,98.28570556640625,262.2857131958008
1767414101373,97.28570556640625,264.2857131958008
1767414101381,97.28570556640625,266.2857131958008
1767414101389,96.28570556640625,268.2857131958008
1767414101398,96.28570556640625,269.2857131958008
1767414101481,95.28570556640625,269.2857131958008
1767414101492,93.28570556640625,269.2857131958008
1767414101501,92.28570556640625,267.2857131958008
1767414101509,89.28570556640625,264.2857131958008
1767414101516,88.28570556640625,261.2857131958008
1767414101524,87.28570556640625,258.2857131958008
1767414101532,86.28570556640625,256.2857131958008
1767414101540,86.28570556640625,254.28571319580078
1767414101548,86.28570556640625,252.28571319580078
1767414101556,85.28570556640625,251.28571319580078
1767414101564,85.28570556640625,249.28571319580078
1767414101573,85.28570556640625,247.28571319580078
1767414101581,85.28570556640625,246.28571319580078
1767414101589,85.28570556640625,244.28571319580078
1767414101598,85.28570556640625,243.28571319580078
1767414101606,84.28570556640625,241.28571319580078
1767414101614,84.28570556640625,239.28571319580078
1767414101623,84.28570556640625,237.28571319580078
1767414101631,84.28570556640625,235.28571319580078
1767414101639,84.28570556640625,234.28571319580078
1767414101648,84.28570556640625,232.28571319580078
1767414101656,84.28570556640625,232.28571319580078
1767414101673,84.28570556640625,229.28571319580078
1767414101681,84.28570556640625,229.28571319580078
1767414101689,84.28570556640625,228.28571319580078
1767414101698,84.28570556640625,227.28571319580078
1767414101706,84.28570556640625,225.28571319580078
1767414101714,84.28570556640625,224.28571319580078
1767414101723,84.28570556640625,222.28571319580078
1767414101731,84.28570556640625,220.28571319580078
1767414101739,84.28570556640625,219.28571319580078
1767414101748,84.28570556640625,216.28571319580078
1767414101756,84.28570556640625,215.28571319580078
1767414101764,84.28570556640625,213.28571319580078
1767414101773,84.28570556640625,212.28571319580078
1767414101781,84.28570556640625,210.28571319580078
1767414101789,84.28570556640625,209.28571319580078
1767414101798,83.28570556640625,208.28571319580078
1767414101806,83.28570556640625,207.28571319580078
1767414101814,83.28570556640625,205.28571319580078
1767414101823,83.28570556640625,204.28571319580078
1767414101831,82.28570556640625,202.28571319580078
1767414101839,82.28570556640625,200.28571319580078
1767414101848,82.28570556640625,199.28571319580078
1767414101856,82.28570556640625,197.28571319580078
1767414101864,81.28570556640625,196.28571319580078
1767414101873,81.28570556640625,195.28571319580078
1767414101881,81.28570556640625,194.28571319580078
1767414101889,81.28570556640625,193.28571319580078
1767414101898,81.28570556640625,192.28571319580078
1767414101906,81.28570556640625,191.28571319580078
1767414101914,81.28570556640625,189.28571319580078
1767414101923,80.28570556640625,188.28571319580078
1767414101931,80.28570556640625,187.28571319580078
1767414101939,80.28570556640625,185.28571319580078
1767414101948,79.28570556640625,184.28571319580078
1767414101964,79.28570556640625,183.28571319580078
1767414101973,79.28570556640625,183.28571319580078
1767414101981,78.28570556640625,182.28571319580078
1767414101989,78.28570556640625,181.28571319580078
1767414101998,78.28570556640625,180.28571319580078
1767414102006,78.28570556640625,180.28571319580078
1767414102014,78.28570556640625,178.28571319580078
1767414102023,77.28570556640625,177.28571319580078
1767414102031,77.28570556640625,176.28571319580078
1767414102039,77.28570556640625,174.28571319580078
1767414102048,77.28570556640625,173.28571319580078
1767414102056,77.28570556640625,171.28571319580078
1767414102064,77.28570556640625,170.28571319580078
1767414102073,77.28570556640625,169.28571319580078
1767414102081,77.28570556640625,168.28571319580078
1767414102089,76.28570556640625,167.28571319580078
1767414102098,76.28570556640625,166.28571319580078
1767414102106,76.28570556640625,165.28571319580078
1767414102114,76.28570556640625,164.28571319580078
1767414102123,76.28570556640625,163.28571319580078
1767414102131,76.28570556640625,161.28571319580078
1767414102139,76.28570556640625,161.28571319580078
1767414102148,76.28570556640625,160.28571319580078
1767414102156,76.28570556640625,159.28571319580078
1767414102301,76.28570556640625,160.28571319580078
1767414102316,76.28570556640625,164.28571319580078
1767414102324,76.28570556640625,167.28571319580078
1767414102332,76.28570556640625,169.28571319580078
1767414102340,76.28570556640625,172.28571319580078
1767414102348,76.28570556640625,175.28571319580078
1767414102356,77.28570556640625,177.28571319580078
1767414102364,77.28570556640625,180.28571319580078
1767414102373,77.28570556640625,182.28571319580078
1767414102381,77.28570556640625,185.28571319580078
1767414102389,77.28570556640625,188.28571319580078
1767414102398,77.28570556640625,191.28571319580078
1767414102406,77.28570556640625,193.28571319580078
1767414102414,77.28570556640625,195.28571319580078
1767414102423,77.28570556640625,197.28571319580078
1767414102431,77.28570556640625,199.28571319580078
1767414102439,77.28570556640625,201.28571319580078
1767414102448,77.28570556640625,203.28571319580078
1767414102456,77.28570556640625,205.28571319580078
1767414102464,77.28570556640625,207.28571319580078
1767414102473,77.28570556640625,209.28571319580078
1767414102481,77.28570556640625,211.28571319580078
1767414102489,77.28570556640625,211.28571319580078
1767414102498,77.28570556640625,212.28571319580078
1767414102506,77.28570556640625,213.28571319580078
1767414102514,77.28570556640625,214.28571319580078
1767414102523,77.28570556640625,215.28571319580078
1767414102531,77.28570556640625,216.28571319580078
1767414102539,77.28570556640625,216.28571319580078
1767414102548,77.28570556640625,217.28571319580078
1767414102556,77.28570556640625,219.28571319580078
1767414102564,77.28570556640625,219.28571319580078
1767414102573,77.28570556640625,220.28571319580078
1767414102581,77.28570556640625,220.28571319580078
1767414102589,77.28570556640625,221.28571319580078
1767414102606,77.28570556640625,221.28571319580078
1767414102615,77.28570556640625,223.28571319580078
1767414102623,77.28570556640625,224.28571319580078
1767414102631,77.28570556640625,225.28571319580078
1767414102639,77.28570556640625,226.28571319580078
1767414102648,77.28570556640625,227.28571319580078
1767414102656,77.28570556640625,229.28571319580078
1767414102673,77.28570556640625,232.28571319580078
1767414102681,76.28570556640625,234.28571319580078
1767414102689,76.28570556640625,236.28571319580078
1767414102698,76.28570556640625,237.28571319580078
1767414102706,76.28570556640625,239.28571319580078
1767414102715,76.28570556640625,239.28571319580078
1767414102723,76.28570556640625,240.28571319580078
1767414102731,76.28570556640625,241.28571319580078
1767414102739,76.28570556640625,241.28571319580078
1767414102748,76.28570556640625,242.28571319580078
1767414102756,76.28570556640625,243.28571319580078
1767414102764,76.28570556640625,243.28571319580078
1767414102859,76.28570556640625,243.28571319580078
1767414102876,76.28570556640625,236.28571319580078
1767414102885,77.28570556640625,231.28571319580078
1767414102893,78.28570556640625,223.28571319580078
1767414102901,80.28570556640625,214.28571319580078
1767414102909,82.28570556640625,206.28571319580078
1767414102917,82.28570556640625,201.28571319580078
1767414102926,84.28570556640625,193.28571319580078
1767414102934,86.28570556640625,188.28571319580078
1767414102942,86.28570556640625,184.28571319580078
1767414102950,88.28570556640625,180.28571319580078
1767414102959,88.28570556640625,176.28571319580078
1767414102967,89.28570556640625,173.28571319580078
1767414102975,90.28570556640625,169.28571319580078
1767414102983,91.28570556640625,165.28571319580078
1767414102992,92.28570556640625,162.28571319580078
1767414102999,93.28570556640625,159.28571319580078
1767414103008,94.28570556640625,155.28571319580078
1767414103016,95.28570556640625,152.28571319580078
1767414103024,96.28570556640625,149.28571319580078
1767414103033,96.28570556640625,146.28571319580078
1767414103041,97.28570556640625,144.28571319580078
1767414103049,98.28570556640625,141.28571319580078
1767414103057,98.28570556640625,139.28571319580078
1767414103065,98.28570556640625,137.28571319580078
1767414103073,99.28570556640625,136.28571319580078
1767414103081,100.28570556640625,134.28571319580078
1767414103089,100.28570556640625,133.28571319580078
1767414103098,101.28570556640625,132.28571319580078
1767414103106,101.28570556640625,131.28571319580078
1767414103114,101.28570556640625,131.28571319580078
1767414103123,102.28570556640625,130.28571319580078
1767414103131,102.28570556640625,129.28571319580078
1767414103139,102.28570556640625,128.28571319580078
1767414103148,102.28570556640625,128.28571319580078
1767414103156,103.28570556640625,127.28571319580078
1767414103164,104.28570556640625,126.28571319580078
1767414103173,104.28570556640625,125.28571319580078
1767414103181,104.28570556640625,125.28571319580078
1767414103198,105.28570556640625,125.28571319580078
1767414103245,105.28570556640625,125.28571319580078
1767414103257,108.28570556640625,127.28571319580078
1767414103265,110.28570556640625,131.28571319580078
1767414103274,113.28570556640625,137.28571319580078
1767414103283,116.28570556640625,143.28571319580078
1767414103291,117.28570556640625,149.28571319580078
1767414103299,120.28570556640625,156.28571319580078
1767414103307,121.28570556640625,162.28571319580078
1767414103315,122.28570556640625,169.28571319580078
1767414103323,123.28570556640625,176.28571319580078
1767414103332,124.28570556640625,183.28571319580078
1767414103340,125.28570556640625,189.28571319580078
1767414103349,125.28570556640625,196.28571319580078
1767414103357,127.28570556640625,201.28571319580078
1767414103365,128.28570556640625,206.28571319580078
1767414103373,128.28570556640625,211.28571319580078
1767414103381,130.28570556640625,215.28571319580078
1767414103390,131.28570556640625,220.28571319580078
1767414103398,132.28570556640625,224.28571319580078
1767414103406,133.28570556640625,227.28571319580078
1767414103414,133.28570556640625,229.28571319580078
1767414103423,133.28570556640625,232.28571319580078
1767414103431,134.28570556640625,233.28571319580078
1767414103439,134.28570556640625,236.28571319580078
1767414103448,135.28570556640625,239.28571319580078
1767414103457,136.28570556640625,242.28571319580078
1767414103465,136.28570556640625,245.28571319580078
1767414103473,137.28570556640625,248.28571319580078
1767414103482,137.28570556640625,249.28571319580078
1767414103490,138.28570556640625,252.28571319580078
1767414103499,138.28570556640625,254.28571319580078
1767414103507,138.28570556640625,256.2857131958008
1767414103515,139.28570556640625,258.2857131958008
1767414103524,140.28570556640625,260.2857131958008
1767414103532,140.28570556640625,263.2857131958008
1767414103540,141.28570556640625,265.2857131958008
1767414103549,141.28570556640625,268.2857131958008
1767414103557,142.28570556640625,270.2857131958008
1767414103565,142.28570556640625,272.2857131958008
1767414103573,143.28570556640625,272.2857131958008
1767414103581,143.28570556640625,273.2857131958008
1767414103589,144.28570556640625,274.2857131958008
1767414103598,144.28570556640625,275.2857131958008
1767414103606,144.28570556640625,275.2857131958008
1767414103742,144.28570556640625,275.2857131958008
1767414103764,145.28570556640625,265.2857131958008
1767414103773,146.28570556640625,262.2857131958008
1767414103782,146.28570556640625,259.2857131958008
1767414103790,146.28570556640625,256.2857131958008
1767414103799,146.28570556640625,253.28571319580078
1767414103807,147.28570556640625,250.28571319580078
1767414103815,147.28570556640625,248.28571319580078
1767414103824,147.28570556640625,245.28571319580078
1767414103832,148.28570556640625,244.28571319580078
1767414103841,148.28570556640625,242.28571319580078
1767414103849,148.28570556640625,240.28571319580078
1767414103858,148.28570556640625,239.28571319580078
1767414103866,148.28570556640625,237.28571319580078
1767414103875,148.28570556640625,236.28571319580078
1767414103883,149.28570556640625,235.28571319580078
1767414103892,149.28570556640625,233.28571319580078
1767414103900,149.28570556640625,233.28571319580078
1767414103909,149.28570556640625,231.28571319580078
1767414103917,149.28570556640625,230.28571319580078
1767414103925,150.28570556640625,228.28571319580078
1767414103934,150.28570556640625,228.28571319580078
1767414103942,150.28570556640625,227.28571319580078
1767414103950,150.28570556640625,226.28571319580078
1767414103958,150.28570556640625,225.28571319580078
1767414103966,151.28570556640625,225.28571319580078
1767414103974,151.28570556640625,225.28571319580078
1767414103983,151.28570556640625,224.28571319580078
1767414103991,152.28570556640625,223.28571319580078
1767414103999,152.28570556640625,222.28571319580078
1767414104008,152.28570556640625,221.28571319580078
1767414104016,152.28570556640625,219.28571319580078
1767414104025,153.28570556640625,217.28571319580078
1767414104034,153.28570556640625,215.28571319580078
1767414104042,154.28570556640625,213.28571319580078
1767414104051,154.28570556640625,211.28571319580078
1767414104059,154.28570556640625,209.28571319580078
1767414104068,154.28570556640625,208.28571319580078
1767414104076,154.28570556640625,207.28571319580078
1767414104084,154.28570556640625,205.28571319580078
1767414104093,154.28570556640625,204.28571319580078
1767414104101,155.28570556640625,203.28571319580078
1767414104110,155.28570556640625,200.28571319580078
1767414104118,155.28570556640625,198.28571319580078
1767414104127,155.28570556640625,196.28571319580078
1767414104135,155.28570556640625,194.28571319580078
1767414104144,155.28570556640625,192.28571319580078
1767414104152,155.28570556640625,189.28571319580078
1767414104160,156.28570556640625,187.28571319580078
1767414104169,156.28570556640625,185.28571319580078
1767414104177,156.28570556640625,183.28571319580078
1767414104185,156.28570556640625,180.28571319580078
1767414104194,156.28570556640625,177.28571319580078
1767414104202,156.28570556640625,175.28571319580078
1767414104211,156.28570556640625,172.28571319580078
1767414104220,156.28570556640625,170.28571319580078
1767414104228,156.28570556640625,168.28571319580078
1767414104237,156.28570556640625,166.28571319580078
1767414104245,156.28570556640625,164.28571319580078
1767414104253,156.28570556640625,163.28571319580078
1767414104261,156.28570556640625,161.28571319580078
1767414104269,156.28570556640625,159.28571319580078
1767414104277,156.28570556640625,157.28571319580078
1767414104286,156.28570556640625,156.28571319580078
1767414104294,156.28570556640625,154.28571319580078
1767414104303,156.28570556640625,152.28571319580078
1767414104311,156.28570556640625,152.28571319580078
1767414104320,156.28570556640625,151.28571319580078
1767414104329,156.28570556640625,149.28571319580078
1767414104337,156.28570556640625,149.28571319580078
1767414104345,156.28570556640625,148.28571319580078
1767414104354,156.28570556640625,147.28571319580078
1767414104362,156.28570556640625,147.28571319580078
1767414104371,155.28570556640625,145.28571319580078
1767414104379,155.28570556640625,144.28571319580078
1767414104388,155.28570556640625,143.28571319580078
1767414104396,155.28570556640625,143.28571319580078
1767414104405,155.28570556640625,142.28571319580078
1767414104530,155.28570556640625,143.28571319580078
1767414104546,154.28570556640625,153.28571319580078
1767414104554,154.28570556640625,159.28571319580078
1767414104563,154.28570556640625,164.28571319580078
1767414104572,154.28570556640625,169.28571319580078
1767414104580,154.28570556640625,175.28571319580078
1767414104589,154.28570556640625,179.28571319580078
1767414104598,154.28570556640625,184.28571319580078
1767414104606,154.28570556640625,188.28571319580078
1767414104615,154.28570556640625,192.28571319580078
1767414104624,154.28570556640625,196.28571319580078
1767414104633,153.28570556640625,200.28571319580078
1767414104641,153.28570556640625,204.28571319580078
1767414104650,153.28570556640625,206.28571319580078
1767414104659,153.28570556640625,208.28571319580078
1767414104667,152.28570556640625,211.28571319580078
1767414104676,152.28570556640625,213.28571319580078
1767414104685,152.28570556640625,217.28571319580078
1767414104693,152.28570556640625,220.28571319580078
1767414104702,152.28570556640625,223.28571319580078
1767414104710,151.28570556640625,225.28571319580078
1767414104719,151.28570556640625,227.28571319580078
1767414104727,151.28570556640625,229.28571319580078
1767414104736,150.28570556640625,231.28571319580078
1767414104744,150.28570556640625,234.28571319580078
1767414104753,150.28570556640625,236.28571319580078
1767414104764,150.28570556640625,239.28571319580078
1767414104772,150.28570556640625,240.28571319580078
1767414104781,150.28570556640625,241.28571319580078
1767414104790,150.28570556640625,243.28571319580078
1767414104799,150.28570556640625,243.28571319580078
1767414104808,150.28570556640625,244.28571319580078
1767414104816,150.28570556640625,245.28571319580078
1767414104831,150.28570556640625,245.28571319580078
1767414104840,150.28570556640625,246.28571319580078
1767414104848,150.28570556640625,247.28571319580078
1767414104857,150.28570556640625,247.28571319580078
1767414104866,150.28570556640625,248.28571319580078
1767414104874,151.28570556640625,248.28571319580078
1767414104883,152.28570556640625,249.28571319580078
1767414104898,152.28570556640625,250.28571319580078
1767414104906,152.28570556640625,251.28571319580078
1767414104915,152.28570556640625,252.28571319580078
1767414104931,153.28570556640625,252.28571319580078
1767414104940,153.28570556640625,253.28571319580078
1767414104949,153.28570556640625,254.28571319580078
1767414104958,153.28570556640625,255.28571319580078
1767414104966,154.28570556640625,255.28571319580078
1767414104975,154.28570556640625,256.2857131958008
1767414104983,154.28570556640625,256.2857131958008
1767414104992,154.28570556640625,257.2857131958008
1767414105000,155.28570556640625,257.2857131958008
1767414105031,155.28570556640625,257.2857131958008
1767414105130,155.28570556640625,257.2857131958008
1767414105146,155.28570556640625,252.28571319580078
1767414105156,155.28570556640625,250.28571319580078
1767414105165,154.28570556640625,248.28571319580078
1767414105175,154.28570556640625,245.28571319580078
1767414105184,153.28570556640625,243.28571319580078
1767414105192,153.28570556640625,240.28571319580078
1767414105202,152.28570556640625,238.28571319580078
1767414105213,152.28570556640625,236.28571319580078
1767414105227,152.28570556640625,233.28571319580078
1767414105239,152.28570556640625,232.28571319580078
1767414105247,152.28570556640625,231.28571319580078
1767414105259,152.28570556640625,231.28571319580078
1767414105272,152.28570556640625,230.28571319580078
1767414105281,152.28570556640625,229.28571319580078
1767414105289,151.28570556640625,228.28571319580078
1767414105298,151.28570556640625,228.28571319580078
1767414105307,151.28570556640625,227.28571319580078
1767414105315,151.28570556640625,227.28571319580078
1767414105331,151.28570556640625,226.28571319580078
1767414105340,151.28570556640625,225.28571319580078
1767414105348,151.28570556640625,225.28571319580078
1767414105357,151.28570556640625,224.28571319580078
1767414105372,151.28570556640625,224.28571319580078
1767414105444,152.28570556640625,224.28571319580078
1767414105460,154.28570556640625,224.28571319580078
1767414105469,156.28570556640625,224.28571319580078
1767414105478,157.28570556640625,225.28571319580078
1767414105486,157.28570556640625,227.28571319580078
1767414105494,158.28570556640625,228.28571319580078
1767414105503,158.28570556640625,228.28571319580078
1767414105511,158.28570556640625,229.28571319580078
1767414105523,158.28570556640625,229.28571319580078
1767414105606,158.28570556640625,230.28571319580078
1767414105624,158.28570556640625,231.28571319580078
1767414105634,158.28570556640625,231.28571319580078
1767414105643,158.28570556640625,232.28571319580078
1767414105653,158.28570556640625,233.28571319580078
1767414105662,158.28570556640625,235.28571319580078
1767414105672,158.28570556640625,237.28571319580078
1767414105682,158.28570556640625,239.28571319580078
1767414105691,158.28570556640625,240.28571319580078
1767414105700,158.28570556640625,241.28571319580078
1767414105709,158.28570556640625,242.28571319580078
1767414105718,158.28570556640625,243.28571319580078
1767414105727,158.28570556640625,244.28571319580078
1767414105735,158.28570556640625,245.28571319580078
1767414105744,157.28570556640625,245.28571319580078
1767414105752,157.28570556640625,246.28571319580078
1767414105898,157.28570556640625,242.28571319580078
1767414105914,156.28570556640625,233.28571319580078
1767414105923,154.28570556640625,229.28571319580078
1767414105932,154.28570556640625,223.28571319580078
1767414105941,154.28570556640625,218.28571319580078
1767414105950,153.28570556640625,213.28571319580078
1767414105959,152.28570556640625,206.28571319580078
1767414105969,152.28570556640625,201.28571319580078
1767414105978,151.28570556640625,197.28571319580078
1767414105987,151.28570556640625,193.28571319580078
1767414105996,150.28570556640625,187.28571319580078
1767414106005,149.28570556640625,183.28571319580078
1767414106015,149.28570556640625,178.28571319580078
1767414106023,148.28570556640625,173.28571319580078
1767414106032,147.28570556640625,169.28571319580078
1767414106042,146.28570556640625,165.28571319580078
1767414106051,145.28570556640625,160.28571319580078
1767414106060,144.28570556640625,156.28571319580078
1767414106069,144.28570556640625,151.28571319580078
1767414106078,143.28570556640625,145.28571319580078
1767414106087,142.28570556640625,140.28571319580078
1767414106096,141.28570556640625,131.28571319580078
1767414106106,140.28570556640625,124.28571319580078
1767414106115,139.28570556640625,119.28571319580078
1767414106124,138.28570556640625,115.28571319580078
1767414106133,138.28570556640625,112.28571319580078
1767414106141,138.28570556640625,111.28571319580078
1767414106235,138.28570556640625,112.28571319580078
1767414106250,137.28570556640625,122.28571319580078
1767414106259,136.28570556640625,135.28571319580078
1767414106269,134.28570556640625,148.28571319580078
1767414106279,133.28570556640625,161.28571319580078
1767414106288,132.28570556640625,172.28571319580078
1767414106297,131.28570556640625,176.28571319580078
1767414106306,130.28570556640625,186.28571319580078
1767414106315,129.28570556640625,192.28571319580078
1767414106324,129.28570556640625,197.28571319580078
1767414106334,129.28570556640625,201.28571319580078
1767414106343,128.28570556640625,206.28571319580078
1767414106352,128.28570556640625,210.28571319580078
1767414106361,128.28570556640625,212.28571319580078
1767414106370,128.28570556640625,213.28571319580078
1767414106440,128.28570556640625,212.28571319580078
1767414106456,127.28570556640625,204.28571319580078
1767414106466,127.28570556640625,192.28571319580078
1767414106476,127.28570556640625,180.28571319580078
1767414106485,127.28570556640625,164.28571319580078
1767414106495,127.28570556640625,150.28571319580078
1767414106504,127.28570556640625,139.28571319580078
1767414106513,128.28570556640625,130.28571319580078
1767414106523,128.28570556640625,122.28571319580078
1767414106533,128.28570556640625,114.28571319580078
1767414106541,129.28570556640625,109.28571319580078
1767414106551,129.28570556640625,105.28571319580078
1767414106560,129.28570556640625,101.28571319580078
1767414106569,129.28570556640625,97.28571319580078
1767414106578,129.28570556640625,93.28571319580078
1767414106586,129.28570556640625,91.28571319580078
1767414106595,130.28570556640625,88.28571319580078
1767414106604,130.28570556640625,87.28571319580078
1767414106612,130.28570556640625,85.28571319580078
1767414106621,130.28570556640625,85.28571319580078
1767414106630,130.28570556640625,83.28571319580078
1767414106639,130.28570556640625,82.28571319580078
1767414106648,130.28570556640625,80.28571319580078
1767414106657,130.28570556640625,77.28571319580078
1767414106666,130.28570556640625,75.28571319580078
1767414106674,130.28570556640625,72.28571319580078
1767414106683,130.28570556640625,69.28571319580078
1767414106692,129.28570556640625,68.28571319580078
1767414106700,129.28570556640625,67.28571319580078
1767414106710,129.28570556640625,64.28571319580078
1767414106719,129.28570556640625,63.28571319580078
1767414106731,129.28570556640625,63.28571319580078
1767414106765,128.28570556640625,63.28571319580078
1767414106776,128.28570556640625,61.28571319580078
1767414106785,128.28570556640625,59.28571319580078
1767414106794,126.28570556640625,57.28571319580078
1767414106803,126.28570556640625,55.28571319580078
1767414106811,125.28570556640625,55.28571319580078
1767414106824,125.28570556640625,55.28571319580078
1767414106874,125.28570556640625,55.28571319580078
1767414106888,123.28570556640625,53.28571319580078
1767414106897,122.28570556640625,52.28571319580078
1767414106906,120.28570556640625,52.28571319580078
1767414106922,118.28570556640625,49.28571319580078
1767414106931,117.28570556640625,48.28571319580078
1767414106940,116.28570556640625,47.28571319580078
1767414106949,114.28570556640625,47.28571319580078
1767414106958,113.28570556640625,46.28571319580078
1767414106968,113.28570556640625,45.28571319580078
1767414106977,112.28570556640625,45.28571319580078
1767414106986,112.28570556640625,44.28571319580078
1767414106995,112.28570556640625,44.28571319580078
1767414107006,111.28570556640625,44.28571319580078
1767414107022,111.28570556640625,44.28571319580078
1767414107033,110.28570556640625,44.28571319580078
1767414107065,110.28570556640625,43.28571319580078
1767414107085,110.28570556640625,43.28571319580078
1767414107094,110.28570556640625,43.28571319580078
1767414107104,109.28570556640625,41.28571319580078
1767414107113,108.28570556640625,40.28571319580078
1767414107123,107.28570556640625,39.28571319580078
1767414107132,106.28570556640625,38.28571319580078
1767414107147,106.28570556640625,37.28571319580078
1767414107157,106.28570556640625,37.28571319580078
1767414107166,105.28570556640625,36.28571319580078
1767414107175,104.28570556640625,35.28571319580078
1767414107185,103.28570556640625,33.28571319580078
1767414107203,102.28570556640625,33.28571319580078
1767414107213,102.28570556640625,33.28571319580078
1767414107222,102.28570556640625,32.28571319580078
1767414107231,101.28570556640625,32.28571319580078
1767414107255,101.28570556640625,31.28571319580078
1767414107265,101.28570556640625,31.28571319580078
1767414107299,100.28570556640625,31.28571319580078
1767414107314,100.28570556640625,30.28571319580078
1767414107323,100.28570556640625,29.28571319580078
1767414107333,98.28570556640625,29.28571319580078
1767414107342,98.28570556640625,28.28571319580078
1767414107351,98.28570556640625,28.28571319580078
1767414107364,98.28570556640625,28.28571319580078
1767414107374,97.28570556640625,28.28571319580078
1767414107408,97.28570556640625,27.28571319580078
1767414107423,97.28570556640625,27.28571319580078
1767414107456,96.28570556640625,27.28571319580078
1767414107467,96.28570556640625,27.28571319580078
1767414107481,95.28570556640625,27.28571319580078
1767414107573,95.28570556640625,27.28571319580078
1767414107588,94.28570556640625,32.28571319580078
1767414107598,94.28570556640625,35.28571319580078
1767414107607,94.28570556640625,40.28571319580078
1767414107618,94.28570556640625,46.28571319580078
1767414107626,94.28570556640625,47.28571319580078
1767414107637,94.28570556640625,57.28571319580078
1767414107646,95.28570556640625,60.28571319580078
1767414107655,95.28570556640625,63.28571319580078
1767414107664,96.28570556640625,65.28571319580078
1767414107674,96.28570556640625,67.28571319580078
1767414107683,97.28570556640625,69.28571319580078
1767414107693,97.28570556640625,69.28571319580078
1767414107702,97.28570556640625,71.28571319580078
1767414107710,97.28570556640625,72.28571319580078
1767414107720,98.28570556640625,72.28571319580078
1767414107729,98.28570556640625,72.28571319580078
1767414107745,98.28570556640625,73.28571319580078
1767414107756,98.28570556640625,73.28571319580078
1767414107765,98.28570556640625,73.28571319580078
1767414107774,99.28570556640625,74.28571319580078
1767414107783,100.28570556640625,75.28571319580078
1767414107793,100.28570556640625,76.28571319580078
1767414107802,101.28570556640625,78.28571319580078
1767414107811,102.28570556640625,80.28571319580078
1767414107820,103.28570556640625,82.28571319580078
1767414107829,104.28570556640625,84.28571319580078
1767414107838,105.28570556640625,86.28571319580078
1767414107846,105.28570556640625,89.28571319580078
1767414107856,106.28570556640625,91.28571319580078
1767414107865,107.28570556640625,93.28571319580078
1767414107874,107.28570556640625,94.28571319580078
1767414107884,107.28570556640625,95.28571319580078
1767414107894,108.28570556640625,95.28571319580078
1767414107902,108.28570556640625,96.28571319580078
1767414107911,108.28570556640625,96.28571319580078
1767414107922,108.28570556640625,97.28571319580078
1767414107931,108.28570556640625,98.28571319580078
1767414107940,108.28570556640625,99.28571319580078
1767414107949,108.28570556640625,99.28571319580078
1767414107964,109.28570556640625,100.28571319580078
1767414108039,109.28570556640625,100.28571319580078
1767414108057,109.28570556640625,100.28571319580078
1767414108067,109.28570556640625,101.28571319580078
1767414108076,110.28570556640625,101.28571319580078
1767414108086,110.28570556640625,102.28571319580078
1767414108095,112.28570556640625,103.28571319580078
1767414108105,113.28570556640625,104.28571319580078
1767414108114,114.28570556640625,106.28571319580078
1767414108125,116.28570556640625,108.28571319580078
1767414108135,118.28570556640625,109.28571319580078
1767414108144,120.28570556640625,111.28571319580078
1767414108154,121.28570556640625,113.28571319580078
1767414108163,122.28570556640625,113.28571319580078
1767414108173,123.28570556640625,115.28571319580078
1767414108183,125.28570556640625,116.28571319580078
1767414108194,126.28570556640625,118.28571319580078
1767414108205,129.28570556640625,120.28571319580078
1767414108215,131.28570556640625,122.28571319580078
1767414108225,133.28570556640625,123.28571319580078
1767414108234,134.28570556640625,124.28571319580078
1767414108244,135.28570556640625,125.28571319580078
1767414108253,136.28570556640625,125.28571319580078
1767414108262,137.28570556640625,126.28571319580078
1767414108271,137.28570556640625,127.28571319580078
1767414108280,138.28570556640625,127.28571319580078
1767414108290,138.28570556640625,127.28571319580078
1767414108298,139.28570556640625,127.28571319580078
1767414108308,140.28570556640625,128.28571319580078
1767414108317,141.28570556640625,129.28571319580078
1767414108326,142.28570556640625,129.28571319580078
1767414108335,142.28570556640625,129.28571319580078
1767414108345,144.28570556640625,129.28571319580078
1767414108354,145.28570556640625,130.28571319580078
1767414108364,146.28570556640625,130.28571319580078
1767414108373,147.28570556640625,130.28571319580078
1767414108383,149.28570556640625,130.28571319580078
1767414108393,150.28570556640625,130.28571319580078
1767414108402,152.28570556640625,130.28571319580078
1767414108412,153.28570556640625,130.28571319580078
1767414108421,154.28570556640625,130.28571319580078
1767414108430,155.28570556640625,130.28571319580078
1767414108439,156.28570556640625,130.28571319580078
1767414108472,156.28570556640625,130.28571319580078
1767414108483,157.28570556640625,130.28571319580078
1767414108492,158.28570556640625,131.28571319580078
1767414108502,161.28570556640625,132.28571319580078
1767414108512,164.28570556640625,134.28571319580078
1767414108521,165.28570556640625,136.28571319580078
1767414108531,168.28570556640625,137.28571319580078
1767414108540,169.28570556640625,140.28571319580078
1767414108550,171.28570556640625,142.28571319580078
1767414108560,173.28570556640625,144.28571319580078
1767414108569,174.28570556640625,147.28571319580078
1767414108579,177.28570556640625,150.28571319580078
1767414108589,178.28570556640625,153.28571319580078
1767414108598,180.28570556640625,157.28571319580078
1767414108608,181.28570556640625,159.28571319580078
1767414108617,182.28570556640625,162.28571319580078
1767414108626,183.28570556640625,164.28571319580078
1767414108636,183.28570556640625,165.28571319580078
1767414108645,183.28570556640625,166.28571319580078
1767414108654,184.28570556640625,167.28571319580078
1767414108663,184.28570556640625,168.28571319580078
1767414108673,184.28570556640625,171.28571319580078
1767414108682,185.28570556640625,172.28571319580078
1767414108692,185.28570556640625,175.28571319580078
1767414108701,186.28570556640625,177.28571319580078
1767414108710,186.28570556640625,180.28571319580078
1767414108720,186.28570556640625,181.28571319580078
1767414108729,186.28570556640625,182.28571319580078
1767414108738,186.28570556640625,183.28571319580078
1767414108748,186.28570556640625,184.28571319580078
1767414108757,186.28570556640625,185.28571319580078
1767414108767,186.28570556640625,186.28571319580078
1767414108776,186.28570556640625,187.28571319580078
1767414108785,186.28570556640625,189.28571319580078
1767414108795,186.28570556640625,191.28571319580078
1767414108804,186.28570556640625,193.28571319580078
1767414108814,186.28570556640625,194.28571319580078
1767414108823,186.28570556640625,196.28571319580078
1767414108833,186.28570556640625,198.28571319580078
1767414108842,186.28570556640625,199.28571319580078
1767414108852,186.28570556640625,201.28571319580078
1767414108862,186.28570556640625,203.28571319580078
1767414108872,186.28570556640625,204.28571319580078
1767414108881,186.28570556640625,205.28571319580078
1767414108891,186.28570556640625,206.28571319580078
1767414108900,186.28570556640625,207.28571319580078
1767414108909,186.28570556640625,207.28571319580078
1767414108918,186.28570556640625,208.28571319580078
1767414108931,186.28570556640625,209.28571319580078
1767414108939,186.28570556640625,210.28571319580078
1767414108948,186.28570556640625,211.28571319580078
1767414108958,186.28570556640625,212.28571319580078
1767414108968,186.28570556640625,213.28571319580078
1767414108977,186.28570556640625,214.28571319580078
1767414108987,186.28570556640625,215.28571319580078
1767414108997,186.28570556640625,216.28571319580078
1767414109006,186.28570556640625,216.28571319580078
1767414109015,186.28570556640625,217.28571319580078
1767414109025,187.28570556640625,219.28571319580078
1767414109035,187.28570556640625,220.28571319580078
1767414109044,187.28570556640625,220.28571319580078
1767414109094,187.28570556640625,221.28571319580078
1767414109108,188.28570556640625,221.28571319580078
1767414109118,188.28570556640625,222.28571319580078
1767414109128,188.28570556640625,223.28571319580078
1767414109138,188.28570556640625,223.28571319580078
1767414109180,188.28570556640625,224.28571319580078
1767414109191,188.28570556640625,224.28571319580078
1767414109206,188.28570556640625,225.28571319580078
1767414109222,188.28570556640625,225.28571319580078
1767414109232,188.28570556640625,227.28571319580078
1767414109242,188.28570556640625,227.28571319580078
1767414109251,188.28570556640625,229.28571319580078
1767414109260,189.28570556640625,230.28571319580078
1767414109269,189.28570556640625,231.28571319580078
1767414109279,189.28570556640625,232.28571319580078
1767414109325,189.28570556640625,233.28571319580078
1767414109337,189.28570556640625,234.28571319580078
1767414109348,189.28570556640625,235.28571319580078
1767414109395,189.28570556640625,235.28571319580078
1767414109417,189.28570556640625,236.28571319580078
1767414109427,190.28570556640625,236.28571319580078
1767414109439,190.28570556640625,237.28571319580078
1767414109456,190.28570556640625,237.28571319580078
1767414109472,190.28570556640625,239.28571319580078
1767414109482,190.28570556640625,239.28571319580078
1767414109492,191.28570556640625,239.28571319580078
1767414109506,191.28570556640625,240.28571319580078
1767414109541,191.28570556640625,240.28571319580078
1767414109562,192.28570556640625,240.28571319580078
1767414109616,192.28570556640625,241.28571319580078
1767414109632,192.28570556640625,242.28571319580078
1767414109664,192.28570556640625,243.28571319580078
1767414109697,192.28570556640625,243.28571319580078
1767414109709,192.28570556640625,244.28571319580078
1767414109719,192.28570556640625,245.28571319580078
1767414109733,192.28570556640625,245.28571319580078
1767414109752,192.28570556640625,246.28571319580078
1767414109762,193.28570556640625,246.28571319580078
1767414109886,193.28570556640625,247.28571319580078
1767414109904,193.28570556640625,247.28571319580078
1767414109914,193.28570556640625,248.28571319580078
1767414110014,192.28570556640625,248.28571319580078
1767414110047,192.28570556640625,248.28571319580078
1767414110114,191.28570556640625,248.28571319580078
1767414110129,190.28570556640625,248.28571319580078
1767414110164,190.28570556640625,248.28571319580078
1767414110644,190.28570556640625,248.28571319580078
1767414110658,192.28570556640625,247.28571319580078
1767414110668,192.28570556640625,245.28571319580078
1767414110678,193.28570556640625,245.28571319580078
1767414110688,193.28570556640625,244.28571319580078
1767414110698,193.28570556640625,244.28571319580078
1767414110714,193.28570556640625,243.28571319580078
1767414110724,194.28570556640625,243.28571319580078
1767414110734,194.28570556640625,241.28571319580078
1767414110744,195.28570556640625,240.28571319580078
1767414110754,196.28570556640625,239.28571319580078
1767414110764,196.28570556640625,239.28571319580078
1767414110774,196.28570556640625,237.28571319580078
1767414110784,196.28570556640625,237.28571319580078
1767414110794,196.28570556640625,236.28571319580078
1767414110804,197.28570556640625,235.28571319580078
1767414110814,197.28570556640625,234.28571319580078
1767414110823,197.28570556640625,233.28571319580078
1767414110833,198.28570556640625,233.28571319580078
1767414110843,198.28570556640625,232.28571319580078
1767414110861,198.28570556640625,231.28571319580078
1767414110873,198.28570556640625,231.28571319580078
1767414110883,198.28570556640625,229.28571319580078
1767414110893,198.28570556640625,229.28571319580078
1767414110902,198.28570556640625,228.28571319580078
1767414110912,198.28570556640625,227.28571319580078
1767414110922,198.28570556640625,225.28571319580078
1767414110932,198.28570556640625,224.28571319580078
1767414110947,198.28570556640625,223.28571319580078
1767414110957,198.28570556640625,222.28571319580078
1767414110967,198.28570556640625,221.28571319580078
1767414110977,198.28570556640625,220.28571319580078
1767414110986,198.28570556640625,220.28571319580078
1767414110996,198.28570556640625,219.28571319580078
1767414111005,198.28570556640625,217.28571319580078
1767414111015,198.28570556640625,216.28571319580078
1767414111025,198.28570556640625,215.28571319580078
1767414111039,198.28570556640625,214.28571319580078
1767414111048,198.28570556640625,212.28571319580078
1767414111058,198.28570556640625,212.28571319580078
1767414111068,198.28570556640625,211.28571319580078
1767414111077,198.28570556640625,209.28571319580078
1767414111087,198.28570556640625,209.28571319580078
1767414111097,197.28570556640625,207.28571319580078
1767414111107,197.28570556640625,206.28571319580078
1767414111117,197.28570556640625,205.28571319580078
1767414111127,196.28570556640625,204.28571319580078
1767414111137,196.28570556640625,203.28571319580078
1767414111147,196.28570556640625,201.28571319580078
1767414111157,196.28570556640625,200.28571319580078
1767414111166,195.28570556640625,199.28571319580078
1767414111176,194.28570556640625,196.28571319580078
1767414111186,193.28570556640625,195.28571319580078
1767414111196,193.28570556640625,193.28571319580078
1767414111206,193.28570556640625,192.28571319580078
1767414111216,192.28570556640625,189.28571319580078
1767414111226,192.28570556640625,187.28571319580078
1767414111235,191.28570556640625,185.28571319580078
1767414111245,190.28570556640625,184.28571319580078
1767414111254,190.28570556640625,182.28571319580078
1767414111264,189.28570556640625,181.28571319580078
1767414111273,189.28570556640625,180.28571319580078
1767414111283,189.28570556640625,179.28571319580078
1767414111292,188.28570556640625,178.28571319580078
1767414111303,188.28570556640625,177.28571319580078
1767414111313,188.28570556640625,176.28571319580078
1767414111323,187.28570556640625,175.28571319580078
1767414111333,186.28570556640625,172.28571319580078
1767414111343,186.28570556640625,170.28571319580078
1767414111353,185.28570556640625,168.28571319580078
1767414111363,185.28570556640625,167.28571319580078
1767414111373,185.28570556640625,165.28571319580078
1767414111383,185.28570556640625,164.28571319580078
1767414111392,184.28570556640625,163.28571319580078
1767414111402,184.28570556640625,163.28571319580078
1767414111412,184.28570556640625,161.28571319580078
1767414111422,184.28570556640625,160.28571319580078
1767414111432,183.28570556640625,159.28571319580078
1767414111442,183.28570556640625,158.28571319580078
1767414111453,183.28570556640625,157.28571319580078
1767414111463,182.28570556640625,155.28571319580078
1767414111473,182.28570556640625,154.28571319580078
1767414111483,182.28570556640625,153.28571319580078
1767414111493,182.28570556640625,152.28571319580078
1767414111503,182.28570556640625,151.28571319580078
1767414111513,182.28570556640625,151.28571319580078
1767414111522,182.28570556640625,149.28571319580078
1767414111532,182.28570556640625,148.28571319580078
1767414111542,181.28570556640625,148.28571319580078
1767414111552,181.28570556640625,147.28571319580078
1767414111563,181.28570556640625,145.28571319580078
1767414111573,181.28570556640625,144.28571319580078
1767414111583,181.28570556640625,143.28571319580078
1767414111593,180.28570556640625,142.28571319580078
1767414111603,180.28570556640625,141.28571319580078
1767414111613,180.28570556640625,140.28571319580078
1767414111623,180.28570556640625,139.28571319580078
1767414111633,180.28570556640625,137.28571319580078
1767414111644,179.28570556640625,135.28571319580078
1767414111654,179.28570556640625,133.28571319580078
1767414111664,179.28570556640625,133.28571319580078
1767414111674,179.28570556640625,132.28571319580078
1767414111683,178.28570556640625,131.28571319580078
1767414111694,178.28570556640625,130.28571319580078
1767414111705,178.28570556640625,128.28571319580078
1767414111715,178.28570556640625,128.28571319580078
1767414111725,177.28570556640625,127.28571319580078
1767414111737,177.28570556640625,125.28571319580078
1767414111749,177.28570556640625,124.28571319580078
1767414111764,176.28570556640625,123.28571319580078
1767414111777,175.28570556640625,121.28571319580078
1767414111787,175.28570556640625,120.28571319580078
1767414111939,175.28570556640625,121.28571319580078
1767414111959,174.28570556640625,132.28571319580078
1767414111969,174.28570556640625,139.28571319580078
1767414111979,174.28570556640625,144.28571319580078
1767414111990,174.28570556640625,149.28571319580078
1767414112000,175.28570556640625,153.28571319580078
1767414112011,175.28570556640625,156.28571319580078
1767414112021,176.28570556640625,159.28571319580078
1767414112031,176.28570556640625,160.28571319580078
1767414112047,176.28570556640625,161.28571319580078
1767414112057,176.28570556640625,161.28571319580078
1767414112089,176.28570556640625,162.28571319580078
1767414112100,176.28570556640625,163.28571319580078
1767414112110,176.28570556640625,164.28571319580078
1767414112121,176.28570556640625,165.28571319580078
1767414112131,177.28570556640625,166.28571319580078
1767414112142,177.28570556640625,168.28571319580078
1767414112152,178.28570556640625,169.28571319580078
1767414112162,178.28570556640625,171.28571319580078
1767414112173,178.28570556640625,173.28571319580078
1767414112183,179.28570556640625,175.28571319580078
1767414112194,180.28570556640625,176.28571319580078
1767414112203,180.28570556640625,178.28571319580078
1767414112214,180.28570556640625,179.28571319580078
1767414112224,180.28570556640625,181.28571319580078
1767414112234,180.28570556640625,181.28571319580078
1767414112245,180.28570556640625,183.28571319580078
1767414112256,180.28570556640625,185.28571319580078
1767414112266,181.28570556640625,186.28571319580078
1767414112277,181.28570556640625,187.28571319580078
1767414112287,181.28570556640625,188.28571319580078
1767414112297,181.28570556640625,189.28571319580078
1767414112307,181.28570556640625,191.28571319580078
1767414112318,181.28570556640625,192.28571319580078
1767414112328,181.28570556640625,193.28571319580078
1767414112338,181.28570556640625,194.28571319580078
1767414112349,182.28570556640625,195.28571319580078
1767414112359,182.28570556640625,196.28571319580078
1767414112369,182.28570556640625,197.28571319580078
1767414112380,182.28570556640625,199.28571319580078
1767414112390,182.28570556640625,200.28571319580078
1767414112400,182.28570556640625,201.28571319580078
1767414112410,182.28570556640625,203.28571319580078
1767414112421,182.28570556640625,204.28571319580078
1767414112431,182.28570556640625,205.28571319580078
1767414112441,182.28570556640625,207.28571319580078
1767414112452,182.28570556640625,209.28571319580078
1767414112462,182.28570556640625,211.28571319580078
1767414112472,182.28570556640625,213.28571319580078
1767414112482,182.28570556640625,216.28571319580078
1767414112491,182.28570556640625,217.28571319580078
1767414112501,182.28570556640625,218.28571319580078
1767414112514,182.28570556640625,219.28571319580078
1767414112531,182.28570556640625,219.28571319580078
1767414112542,182.28570556640625,220.28571319580078
1767414112552,182.28570556640625,221.28571319580078
1767414112568,182.28570556640625,221.28571319580078
1767414112579,183.28570556640625,222.28571319580078
1767414112589,183.28570556640625,223.28571319580078
1767414112599,183.28570556640625,223.28571319580078
1767414112614,183.28570556640625,224.28571319580078
1767414112631,183.28570556640625,224.28571319580078
1767414112647,183.28570556640625,225.28571319580078
1767414112758,183.28570556640625,224.28571319580078
1767414112779,181.28570556640625,220.28571319580078
1767414112789,180.28570556640625,217.28571319580078
1767414112800,180.28570556640625,216.28571319580078
1767414112810,180.28570556640625,215.28571319580078
1767414112820,179.28570556640625,214.28571319580078
1767414112830,179.28570556640625,213.28571319580078
1767414112841,179.28570556640625,212.28571319580078
1767414112856,179.28570556640625,212.28571319580078
1767414112866,179.28570556640625,211.28571319580078
1767414112876,179.28570556640625,210.28571319580078
1767414112886,179.28570556640625,209.28571319580078
1767414112897,179.28570556640625,208.28571319580078
1767414112907,179.28570556640625,207.28571319580078
1767414112918,179.28570556640625,206.28571319580078
1767414112928,179.28570556640625,205.28571319580078
1767414112939,179.28570556640625,204.28571319580078
1767414112949,179.28570556640625,203.28571319580078
1767414112959,178.28570556640625,202.28571319580078
1767414112970,178.28570556640625,201.28571319580078
1767414112981,178.28570556640625,200.28571319580078
1767414112992,178.28570556640625,198.28571319580078
1767414113002,178.28570556640625,197.28571319580078
1767414113012,178.28570556640625,195.28571319580078
1767414113023,178.28570556640625,193.28571319580078
1767414113034,177.28570556640625,192.28571319580078
1767414113047,177.28570556640625,191.28571319580078
1767414113057,177.28570556640625,191.28571319580078
1767414113067,177.28570556640625,190.28571319580078
1767414113078,177.28570556640625,189.28571319580078
1767414113088,177.28570556640625,189.28571319580078
1767414113099,177.28570556640625,188.28571319580078
1767414113109,176.28570556640625,187.28571319580078
1767414113120,176.28570556640625,187.28571319580078
1767414113130,176.28570556640625,185.28571319580078
1767414113140,176.28570556640625,184.28571319580078
1767414113150,175.28570556640625,184.28571319580078
1767414113161,175.28570556640625,182.28571319580078
1767414113171,174.28570556640625,182.28571319580078
1767414113181,174.28570556640625,181.28571319580078
1767414113191,174.28570556640625,180.28571319580078
1767414113202,174.28570556640625,180.28571319580078
1767414113212,174.28570556640625,179.28571319580078
1767414113222,173.28570556640625,177.28571319580078
1767414113233,173.28570556640625,176.28571319580078
1767414113243,173.28570556640625,175.28571319580078
1767414113254,173.28570556640625,174.28571319580078
1767414113264,172.28570556640625,173.28571319580078
1767414113275,172.28570556640625,172.28571319580078
1767414113286,172.28570556640625,172.28571319580078
1767414113296,172.28570556640625,171.28571319580078
1767414113306,172.28570556640625,170.28571319580078
1767414113317,172.28570556640625,169.28571319580078
1767414113328,171.28570556640625,167.28571319580078
1767414113338,170.28570556640625,165.28571319580078
1767414113349,170.28570556640625,164.28571319580078
1767414113360,170.28570556640625,163.28571319580078
1767414113371,169.28570556640625,161.28571319580078
1767414113382,169.28570556640625,160.28571319580078
1767414113397,169.28570556640625,160.28571319580078
1767414113408,168.28570556640625,159.28571319580078
1767414113419,168.28570556640625,158.28571319580078
1767414113429,167.28570556640625,156.28571319580078
1767414113440,166.28570556640625,155.28571319580078
1767414113451,165.28570556640625,154.28571319580078
1767414113461,165.28570556640625,153.28571319580078
1767414113472,164.28570556640625,152.28571319580078
1767414113483,164.28570556640625,152.28571319580078
1767414113493,163.28570556640625,152.28571319580078
1767414113504,162.28570556640625,151.28571319580078
1767414113515,161.28570556640625,150.28571319580078
1767414113526,160.28570556640625,148.28571319580078
1767414113536,157.28570556640625,147.28571319580078
1767414113548,154.28570556640625,145.28571319580078
1767414113559,153.28570556640625,144.28571319580078
1767414113569,152.28570556640625,144.28571319580078
1767414113579,150.28570556640625,143.28571319580078
1767414113589,148.28570556640625,141.28571319580078
1767414113599,146.28570556640625,140.28571319580078
1767414113610,145.28570556640625,139.28571319580078
1767414113620,143.28570556640625,137.28571319580078
1767414113631,142.28570556640625,136.28571319580078
1767414113642,140.28570556640625,135.28571319580078
1767414113653,139.28570556640625,134.28571319580078
1767414113664,137.28570556640625,133.28571319580078
1767414113676,136.28570556640625,131.28571319580078
1767414113686,135.28570556640625,131.28571319580078
1767414113697,134.28570556640625,131.28571319580078
1767414113707,134.28570556640625,130.28571319580078
1767414113718,133.28570556640625,129.28571319580078
1767414113728,132.28570556640625,128.28571319580078
1767414113739,131.28570556640625,128.28571319580078
1767414113749,130.28570556640625,127.28571319580078
1767414113761,129.28570556640625,127.28571319580078
1767414113772,129.28570556640625,126.28571319580078
1767414113783,129.28570556640625,125.28571319580078
1767414113793,128.28570556640625,125.28571319580078
1767414113804,127.28570556640625,125.28571319580078
1767414113815,126.28570556640625,124.28571319580078
1767414113826,124.28570556640625,123.28571319580078
1767414113837,120.28570556640625,121.28571319580078
1767414113848,118.28570556640625,120.28571319580078
1767414113858,115.28570556640625,118.28571319580078
1767414113869,113.28570556640625,117.28571319580078
1767414113880,111.28570556640625,116.28571319580078
1767414113891,110.28570556640625,116.28571319580078
1767414113901,109.28570556640625,115.28571319580078
1767414113912,107.28570556640625,115.28571319580078
1767414113922,104.28570556640625,113.28571319580078
1767414113933,101.28570556640625,112.28571319580078
1767414113944,97.28570556640625,111.28571319580078
1767414113955,95.28570556640625,109.28571319580078
1767414113966,93.28570556640625,109.28571319580078
1767414113976,92.28570556640625,109.28571319580078
1767414114124,92.28570556640625,108.28571319580078
1767414114147,89.28570556640625,108.28571319580078
1767414114158,87.28570556640625,108.28571319580078
1767414114169,85.28570556640625,108.28571319580078
1767414114180,84.28570556640625,108.28571319580078
1767414114191,82.28570556640625,108.28571319580078
1767414114202,81.28570556640625,108.28571319580078
1767414114213,80.28570556640625,108.28571319580078
1767414114224,78.28570556640625,108.28571319580078
1767414114236,77.28570556640625,108.28571319580078
1767414114247,76.28570556640625,109.28571319580078
1767414114257,75.28570556640625,109.28571319580078
1767414114268,74.28570556640625,109.28571319580078
1767414114279,73.28570556640625,110.28571319580078
1767414114290,71.28570556640625,111.28571319580078
1767414114301,70.28570556640625,111.28571319580078
1767414114311,70.28570556640625,111.28571319580078
1767414114323,68.28570556640625,112.28571319580078
1767414114334,66.28570556640625,113.28571319580078
1767414114345,65.28570556640625,116.28571319580078
1767414114356,63.28570556640625,118.28571319580078
1767414114366,62.28570556640625,120.28571319580078
1767414114377,61.28570556640625,121.28571319580078
1767414114388,60.28570556640625,123.28571319580078
1767414114398,60.28570556640625,124.28571319580078
1767414114409,60.28570556640625,125.28571319580078
1767414114535,59.28570556640625,125.28571319580078
1767414114557,58.28570556640625,125.28571319580078
1767414114568,57.28570556640625,125.28571319580078
1767414114650,57.28570556640625,126.28571319580078
1767414114669,57.28570556640625,129.28571319580078
1767414114680,57.28570556640625,132.28571319580078
1767414114692,56.28570556640625,135.28571319580078
1767414114703,56.28570556640625,140.28571319580078
1767414114714,55.28570556640625,143.28571319580078
1767414114726,55.28570556640625,146.28571319580078
1767414114737,54.28570556640625,149.28571319580078
1767414114748,54.28570556640625,152.28571319580078
1767414114759,54.28570556640625,154.28571319580078
1767414114770,54.28570556640625,155.28571319580078
1767414114781,54.28570556640625,156.28571319580078
1767414114792,54.28570556640625,157.28571319580078
1767414114803,53.28570556640625,159.28571319580078
1767414114814,53.28570556640625,160.28571319580078
1767414114825,53.28570556640625,163.28571319580078
1767414114835,53.28570556640625,164.28571319580078
1767414114846,52.28570556640625,165.28571319580078
1767414114857,52.28570556640625,167.28571319580078
1767414114868,52.28570556640625,168.28571319580078
1767414114880,51.28570556640625,169.28571319580078
1767414114891,50.28570556640625,171.28571319580078
1767414114902,50.28570556640625,173.28571319580078
1767414114913,49.28570556640625,176.28571319580078
1767414114924,49.28570556640625,179.28571319580078
1767414114935,48.28570556640625,181.28571319580078
1767414114946,47.28570556640625,184.28571319580078
1767414114957,46.28570556640625,187.28571319580078
1767414114968,45.28570556640625,189.28571319580078
1767414114978,45.28570556640625,192.28571319580078
1767414114989,45.28570556640625,193.28571319580078
1767414115000,44.28570556640625,194.28571319580078
1767414115011,44.28570556640625,195.28571319580078
1767414115023,44.28570556640625,197.28571319580078
1767414115034,43.28570556640625,199.28571319580078
1767414115045,42.28570556640625,202.28571319580078
1767414115056,41.28570556640625,205.28571319580078
1767414115068,41.28570556640625,207.28571319580078
1767414115079,40.28570556640625,210.28571319580078
1767414115090,40.28570556640625,212.28571319580078
1767414115101,40.28570556640625,213.28571319580078
1767414115112,40.28570556640625,215.28571319580078
1767414115123,39.28570556640625,215.28571319580078
1767414115134,39.28570556640625,216.28571319580078
1767414115147,38.28570556640625,217.28571319580078
1767414115157,38.28570556640625,218.28571319580078
1767414115168,38.28570556640625,219.28571319580078
1767414115179,38.28570556640625,220.28571319580078
1767414115190,37.28570556640625,222.28571319580078
1767414115201,37.28570556640625,225.28571319580078
1767414115212,36.28570556640625,228.28571319580078
1767414115223,36.28570556640625,230.28571319580078
1767414115234,36.28570556640625,232.28571319580078
1767414115246,36.28570556640625,234.28571319580078
1767414115257,35.28570556640625,235.28571319580078
1767414115272,35.28570556640625,236.28571319580078
1767414115283,35.28570556640625,236.28571319580078
1767414115294,35.28570556640625,237.28571319580078
1767414115305,35.28570556640625,238.28571319580078
1767414115322,35.28570556640625,239.28571319580078
1767414115333,35.28570556640625,240.28571319580078
1767414115344,35.28570556640625,240.28571319580078
1767414115361,35.28570556640625,241.28571319580078
1767414115380,35.28570556640625,241.28571319580078
1767414115391,35.28570556640625,242.28571319580078
1767414115402,35.28570556640625,243.28571319580078
1767414115414,35.28570556640625,244.28571319580078
1767414115425,35.28570556640625,244.28571319580078
1767414115439,35.28570556640625,245.28571319580078
1767414115450,36.28570556640625,245.28571319580078
1767414115460,36.28570556640625,247.28571319580078
1767414115471,36.28570556640625,247.28571319580078
1767414115482,36.28570556640625,248.28571319580078
1767414115493,36.28570556640625,248.28571319580078
1767414115503,36.28570556640625,249.28571319580078
1767414115514,37.28570556640625,249.28571319580078
1767414115580,37.28570556640625,249.28571319580078
1767414115597,37.28570556640625,249.28571319580078
1767414115650,37.28570556640625,250.28571319580078
1767414115667,38.28570556640625,250.28571319580078
1767414115697,38.28570556640625,250.28571319580078
1767414115748,39.28570556640625,251.28571319580078
1767414115779,40.28570556640625,251.28571319580078
1767414115792,40.28570556640625,251.28571319580078
1767414115803,41.28570556640625,251.28571319580078
1767414115814,41.28570556640625,251.28571319580078
1767414115831,42.28570556640625,251.28571319580078
1767414115854,42.28570556640625,251.28571319580078
1767414115866,44.28570556640625,252.28571319580078
1767414115877,44.28570556640625,252.28571319580078
1767414115888,45.28570556640625,252.28571319580078
1767414115899,46.28570556640625,252.28571319580078
1767414115909,46.28570556640625,252.28571319580078
1767414115920,47.28570556640625,252.28571319580078
1767414115931,48.28570556640625,252.28571319580078
1767414115942,48.28570556640625,252.28571319580078
1767414115995,48.28570556640625,252.28571319580078
1767414116041,49.28570556640625,252.28571319580078
1767414116041,49.28570556640625,252.28571319580078
1767414116139,49.28570556640625,252.28571319580078
1767414116139,49.28570556640625,252.28571319580078
1767414116164,50.28570556640625,248.28571319580078
1767414116164,50.28570556640625,248.28571319580078
1767414116179,50.28570556640625,245.28571319580078
1767414116179,50.28570556640625,245.28571319580078
1767414116193,51.28570556640625,243.28571319580078
1767414116193,51.28570556640625,243.28571319580078
1767414116208,52.28570556640625,242.28571319580078
1767414116208,52.28570556640625,242.28571319580078
1767414116222,52.28570556640625,241.28571319580078
1767414116222,52.28570556640625,241.28571319580078
1767414116288,52.28570556640625,240.28571319580078
1767414116288,52.28570556640625,240.28571319580078
1767414117117,46.28570556640625,216.28571319580078
1767414117123,46.28570556640625,217.28571319580078
1767414117237,46.28570556640625,217.28571319580078
1767414117264,46.28570556640625,219.28571319580078
1767414117275,46.28570556640625,220.28571319580078
1767414117287,47.28570556640625,222.28571319580078
1767414117298,47.28570556640625,223.28571319580078
1767414117310,47.28570556640625,224.28571319580078
1767414117322,47.28570556640625,225.28571319580078
1767414117334,47.28570556640625,225.28571319580078
1767414117345,47.28570556640625,227.28571319580078
1767414117357,48.28570556640625,228.28571319580078
1767414117389,48.28570556640625,228.28571319580078
1767414117422,48.28570556640625,229.28571319580078
1767414117434,48.28570556640625,229.28571319580078
1767414117445,48.28570556640625,230.28571319580078
1767414117480,48.28570556640625,231.28571319580078
1767414117493,48.28570556640625,231.28571319580078
1767414117504,48.28570556640625,232.28571319580078
1767414117515,48.28570556640625,233.28571319580078
1767414117526,48.28570556640625,235.28571319580078
1767414117537,48.28570556640625,235.28571319580078
1767414117548,48.28570556640625,236.28571319580078
1767414117560,48.28570556640625,237.28571319580078
1767414117571,48.28570556640625,238.28571319580078
1767414117582,48.28570556640625,240.28571319580078
1767414117603,48.28570556640625,240.28571319580078
1767414118083,48.28570556640625,240.28571319580078
1767414118106,50.28570556640625,234.28571319580078
1767414118118,53.28570556640625,230.28571319580078
1767414118129,54.28570556640625,226.28571319580078
1767414118141,56.28570556640625,223.28571319580078
1767414118152,56.28570556640625,221.28571319580078
1767414118351,56.28570556640625,220.28571319580078
1767414118478,56.28570556640625,221.28571319580078
1767414118496,56.28570556640625,224.28571319580078
1767414118508,55.28570556640625,224.28571319580078
1767414118519,55.28570556640625,225.28571319580078
1767414118531,55.28570556640625,226.28571319580078
1767414118542,55.28570556640625,227.28571319580078
1767414118553,55.28570556640625,228.28571319580078
1767414118565,55.28570556640625,228.28571319580078
1767414118576,55.28570556640625,229.28571319580078
1767414118589,55.28570556640625,229.28571319580078
1767414118640,54.28570556640625,229.28571319580078
1767414118687,54.28570556640625,230.28571319580078
1767414118722,54.28570556640625,230.28571319580078
1767414118739,54.28570556640625,231.28571319580078
1767414118755,54.28570556640625,231.28571319580078
1767414118767,53.28570556640625,231.28571319580078
1767414118993,53.28570556640625,232.28571319580078
1767414119144,53.28570556640625,232.28571319580078
1767414119161,52.28570556640625,230.28571319580078
1767414122020,705.2857055664062,288.2857131958008
1767414122029,705.2857055664062,289.2857131958008
1767414122039,706.2857055664062,289.2857131958008
1767414122052,706.2857055664062,289.2857131958008
1767414122064,706.2857055664062,289.2857131958008
1767414122080,707.2857055664062,289.2857131958008
1767414122091,708.2857055664062,290.2857131958008
1767414122102,708.2857055664062,290.2857131958008
1767414122113,709.2857055664062,291.2857131958008
1767414122130,709.2857055664062,291.2857131958008
1767414122147,710.2857055664062,291.2857131958008
1767414122159,710.2857055664062,291.2857131958008
1767414122194,711.2857055664062,291.2857131958008
1767414122214,712.2857055664062,291.2857131958008
1767414122225,712.2857055664062,291.2857131958008
1767414122237,713.2857055664062,291.2857131958008
1767414122272,713.2857055664062,291.2857131958008
1767414122284,714.2857055664062,291.2857131958008
1767414122343,714.2857055664062,291.2857131958008
1767414122358,715.2857055664062,291.2857131958008
1767414122370,716.2857055664062,291.2857131958008
1767414122386,717.2857055664062,292.2857131958008
1767414122406,720.2857055664062,296.2857131958008
1767414122420,721.2857055664062,301.2857131958008
1767414122432,721.2857055664062,304.2857131958008
1767414122443,721.2857055664062,307.2857131958008
1767414122454,721.2857055664062,308.2857131958008
1767414122464,721.2857055664062,308.2857131958008
1767414122475,721.2857055664062,309.2857131958008
1767414122486,721.2857055664062,309.2857131958008
1767414122653,721.2857055664062,309.2857131958008
1767414122671,719.2857055664062,307.2857131958008
1767414122683,718.2857055664062,306.2857131958008
1767414122695,718.2857055664062,305.2857131958008
1767414122706,717.2857055664062,305.2857131958008
1767414122717,717.2857055664062,305.2857131958008
1767414122728,717.2857055664062,304.2857131958008
1767414122740,716.2857055664062,304.2857131958008
1767414122792,716.2857055664062,304.2857131958008
1767414122811,716.2857055664062,304.2857131958008
1767414122830,715.2857055664062,304.2857131958008
1767414122842,714.2857055664062,304.2857131958008
1767414122854,714.2857055664062,304.2857131958008
1767414122865,713.2857055664062,304.2857131958008
1767414122876,713.2857055664062,303.2857131958008
1767414122887,712.2857055664062,303.2857131958008
1767414122898,711.2857055664062,303.2857131958008
1767414122910,710.2857055664062,303.2857131958008
1767414122922,708.2857055664062,302.2857131958008
1767414122934,706.2857055664062,301.2857131958008
1767414122945,704.2857055664062,300.2857131958008
1767414122957,702.2857055664062,298.2857131958008
1767414122969,702.2857055664062,297.2857131958008
1767414122981,701.2857055664062,297.2857131958008
1767414122994,701.2857055664062,296.2857131958008
1767414123005,700.2857055664062,296.2857131958008
1767414123016,700.2857055664062,296.2857131958008
1767414123047,700.2857055664062,295.2857131958008
1767414123135,700.2857055664062,295.2857131958008
1767414123156,704.2857055664062,295.2857131958008
1767414123168,706.2857055664062,296.2857131958008
1767414123179,709.2857055664062,298.2857131958008
1767414123191,712.2857055664062,300.2857131958008
1767414123203,714.2857055664062,302.2857131958008
1767414123215,715.2857055664062,303.2857131958008
1767414123324,714.2857055664062,303.2857131958008
1767414123338,714.2857055664062,302.2857131958008
1767414123349,713.2857055664062,301.2857131958008
1767414123361,713.2857055664062,301.2857131958008
1767414123372,712.2857055664062,301.2857131958008
1767414123447,712.2857055664062,301.2857131958008
1767414123469,712.2857055664062,301.2857131958008
1767414123988,856.2857055664062,296.2857131958008
1767414124043,856.2857055664062,295.2857131958008
1767414124062,856.2857055664062,294.2857131958008
1767414124074,856.2857055664062,291.2857131958008
1767414124086,856.2857055664062,289.2857131958008
1767414124097,855.2857055664062,287.2857131958008
1767414124108,854.2857055664062,285.2857131958008
1767414124119,854.2857055664062,285.2857131958008
1767414124129,854.2857055664062,284.2857131958008
1767414124147,854.2857055664062,284.2857131958008
1767414124158,854.2857055664062,283.2857131958008
1767414124293,854.2857055664062,283.2857131958008
1767414124317,853.2857055664062,283.2857131958008
1767414124331,852.2857055664062,283.2857131958008
1767414124343,852.2857055664062,284.2857131958008
1767414124355,851.2857055664062,284.2857131958008
1767414124367,850.2857055664062,285.2857131958008
1767414124379,848.2857055664062,287.2857131958008
1767414124391,848.2857055664062,288.2857131958008
1767414124403,846.2857055664062,289.2857131958008
1767414124414,846.2857055664062,289.2857131958008
1767414124426,845.2857055664062,289.2857131958008
1767414124437,845.2857055664062,289.2857131958008
1767414124448,845.2857055664062,290.2857131958008
1767414124461,844.2857055664062,291.2857131958008
1767414124481,841.2857055664062,297.2857131958008
1767414124492,841.2857055664062,300.2857131958008
1767414124504,840.2857055664062,305.2857131958008
1767414124516,840.2857055664062,308.2857131958008
1767414124527,840.2857055664062,312.2857131958008
1767414124539,840.2857055664062,313.2857131958008
1767414124550,840.2857055664062,315.2857131958008
1767414124562,840.2857055664062,316.2857131958008
1767414124573,841.2857055664062,317.2857131958008
1767414124585,841.2857055664062,317.2857131958008
1767414124596,842.2857055664062,319.2857131958008
1767414124609,843.2857055664062,319.2857131958008
1767414124620,844.2857055664062,320.2857131958008
1767414124632,844.2857055664062,320.2857131958008
1767414124719,845.2857055664062,320.2857131958008
1767414124741,846.2857055664062,313.2857131958008
1767414124753,847.2857055664062,311.2857131958008
1767414124765,848.2857055664062,307.2857131958008
1767414124778,848.2857055664062,305.2857131958008
1767414124790,848.2857055664062,304.2857131958008
1767414124803,848.2857055664062,303.2857131958008
1767414124822,848.2857055664062,303.2857131958008
1767414124840,848.2857055664062,302.2857131958008
1767414124872,848.2857055664062,301.2857131958008
1767414124938,849.2857055664062,301.2857131958008
1767414124957,850.2857055664062,301.2857131958008
1767414124969,852.2857055664062,301.2857131958008
1767414124981,853.2857055664062,301.2857131958008
1767414124993,854.2857055664062,301.2857131958008
1767414125004,856.2857055664062,301.2857131958008
1767414125016,857.2857055664062,301.2857131958008
1767414125028,857.2857055664062,301.2857131958008
1767414125039,857.2857055664062,301.2857131958008
1767414125113,857.2857055664062,301.2857131958008
1767414125133,857.2857055664062,298.2857131958008
1767414125145,858.2857055664062,297.2857131958008
1767414125157,858.2857055664062,296.2857131958008
1767414125169,858.2857055664062,296.2857131958008
1767414125181,858.2857055664062,295.2857131958008
1767414126359,847.2857055664062,297.2857131958008
1767414126506,847.2857055664062,297.2857131958008
1767414126530,849.2857055664062,290.2857131958008
1767414126543,850.2857055664062,287.2857131958008
1767414126555,850.2857055664062,284.2857131958008
1767414126568,850.2857055664062,283.2857131958008
1767414126580,850.2857055664062,282.2857131958008
1767414126665,849.2857055664062,282.2857131958008
1767414126684,849.2857055664062,281.2857131958008
1767414126779,849.2857055664062,282.2857131958008
1767414126798,849.2857055664062,287.2857131958008
1767414126811,849.2857055664062,289.2857131958008
1767414126823,849.2857055664062,290.2857131958008
1767414126836,849.2857055664062,292.2857131958008
1767414126848,849.2857055664062,292.2857131958008
1767414126860,850.2857055664062,293.2857131958008
1767414126872,850.2857055664062,294.2857131958008
1767414126884,850.2857055664062,295.2857131958008
1767414126913,850.2857055664062,296.2857131958008
1767414126926,850.2857055664062,297.2857131958008
1767414126937,850.2857055664062,299.2857131958008
1767414127125,849.2857055664062,299.2857131958008
1767414127144,848.2857055664062,297.2857131958008
1767414128172,769.2857055664062,499.2857131958008
1767414128360,769.2857055664062,499.2857131958008
1767414128380,770.2857055664062,499.2857131958008
1767414128397,770.2857055664062,498.2857131958008
1767414128409,771.2857055664062,498.2857131958008
1767414128421,772.2857055664062,498.2857131958008
1767414128467,773.2857055664062,498.2857131958008
1767414128602,773.2857055664062,499.2857131958008
1767414128622,773.2857055664062,500.2857131958008
1767414128633,772.2857055664062,500.2857131958008
1767414128646,771.2857055664062,502.2857131958008
1767414128658,770.2857055664062,503.2857131958008
1767414128672,769.2857055664062,504.2857131958008
1767414128684,769.2857055664062,504.2857131958008
1767414128695,769.2857055664062,505.2857131958008
1767414128714,769.2857055664062,505.2857131958008
1767414128725,768.2857055664062,505.2857131958008
1767414128737,768.2857055664062,506.2857131958008
1767414128750,768.2857055664062,507.2857131958008
1767414128762,768.2857055664062,508.2857131958008
1767414128797,768.2857055664062,508.2857131958008
1767414128809,768.2857055664062,509.2857131958008
1767414128821,768.2857055664062,510.2857131958008
1767414128833,768.2857055664062,511.2857131958008
1767414128846,768.2857055664062,512.2857131958008
1767414128857,768.2857055664062,513.2857131958008
1767414128869,768.2857055664062,514.2857131958008
1767414128881,768.2857055664062,515.2857131958008
1767414128893,768.2857055664062,516.2857131958008
1767414128905,767.2857055664062,516.2857131958008
1767414128917,766.2857055664062,517.2857131958008
1767414128929,766.2857055664062,519.2857131958008
1767414128941,766.2857055664062,520.2857131958008
1767414128953,765.2857055664062,520.2857131958008
1767414129006,765.2857055664062,520.2857131958008
1767414129024,764.2857055664062,521.2857131958008
1767414129036,763.2857055664062,522.2857131958008
1767414129048,762.2857055664062,522.2857131958008
1767414129065,762.2857055664062,523.2857131958008
1767414129080,762.2857055664062,523.2857131958008
1767414129315,762.2857055664062,522.2857131958008
1767414129338,765.2857055664062,519.2857131958008
1767414129351,766.2857055664062,516.2857131958008
1767414129364,767.2857055664062,515.2857131958008
1767414129377,767.2857055664062,513.2857131958008
1767414129389,767.2857055664062,513.2857131958008
1767414129401,768.2857055664062,512.2857131958008
1767414129543,768.2857055664062,511.2857131958008
1767414129570,769.2857055664062,508.2857131958008
1767414129583,769.2857055664062,505.2857131958008
1767414129595,770.2857055664062,505.2857131958008
1767414129607,770.2857055664062,505.2857131958008
1767414129638,770.2857055664062,504.2857131958008
1767414129655,771.2857055664062,504.2857131958008
1767414129666,771.2857055664062,504.2857131958008
1767414129679,772.2857055664062,503.2857131958008
1767414129730,772.2857055664062,503.2857131958008
1767414129763,773.2857055664062,503.2857131958008
1767414129776,774.2857055664062,503.2857131958008
1767414129792,774.2857055664062,503.2857131958008
1767414129804,775.2857055664062,503.2857131958008
1767414129815,776.2857055664062,504.2857131958008
1767414129827,776.2857055664062,505.2857131958008
1767414129839,776.2857055664062,506.2857131958008
1767414129851,776.2857055664062,507.2857131958008
1767414129864,776.2857055664062,508.2857131958008
1767414129876,776.2857055664062,508.2857131958008
1767414129889,776.2857055664062,509.2857131958008
1767414129901,776.2857055664062,510.2857131958008
1767414129914,776.2857055664062,511.2857131958008
1767414129927,776.2857055664062,511.2857131958008
1767414129940,776.2857055664062,512.2857131958008
1767414129972,776.2857055664062,513.2857131958008
1767414129985,776.2857055664062,513.2857131958008
1767414129999,776.2857055664062,514.2857131958008
1767414130012,776.2857055664062,515.2857131958008
1767414130024,776.2857055664062,515.2857131958008
1767414130037,776.2857055664062,516.2857131958008
1767414130049,776.2857055664062,517.2857131958008
1767414130064,776.2857055664062,517.2857131958008
1767414130076,776.2857055664062,517.2857131958008
1767414130089,776.2857055664062,518.2857131958008
1767414130101,776.2857055664062,520.2857131958008
1767414130114,775.2857055664062,521.2857131958008
1767414130126,775.2857055664062,522.2857131958008
1767414130314,774.2857055664062,522.2857131958008
1767414130355,774.2857055664062,522.2857131958008
1767414130368,773.2857055664062,522.2857131958008
1767414130626,772.2857055664062,522.2857131958008
1767414130650,769.2857055664062,522.2857131958008
1767414130666,768.2857055664062,520.2857131958008
1767414130677,766.2857055664062,518.2857131958008
1767414130690,766.2857055664062,516.2857131958008
1767414130702,765.2857055664062,515.2857131958008
1767414130715,765.2857055664062,513.2857131958008
1767414130727,764.2857055664062,512.2857131958008
1767414130740,764.2857055664062,511.2857131958008
1767414130752,764.2857055664062,509.2857131958008
1767414130764,764.2857055664062,508.2857131958008
1767414130780,764.2857055664062,508.2857131958008
1767414130797,764.2857055664062,507.2857131958008
1767414130813,764.2857055664062,507.2857131958008
1767414130825,764.2857055664062,506.2857131958008
1767414130838,764.2857055664062,505.2857131958008
1767414130850,763.2857055664062,505.2857131958008
1767414130863,763.2857055664062,504.2857131958008
1767414130875,763.2857055664062,504.2857131958008
1767414130887,763.2857055664062,503.2857131958008
1767414130905,763.2857055664062,503.2857131958008
1767414130917,762.2857055664062,502.2857131958008
1767414130929,762.2857055664062,501.2857131958008
1767414130941,762.2857055664062,501.2857131958008
1767414131029,762.2857055664062,501.2857131958008
1767414131042,761.2857055664062,503.2857131958008
1767414131054,761.2857055664062,504.2857131958008
1767414131066,761.2857055664062,505.2857131958008
1767414131078,760.2857055664062,507.2857131958008
1767414131091,760.2857055664062,508.2857131958008
1767414131104,760.2857055664062,509.2857131958008
1767414131116,760.2857055664062,511.2857131958008
1767414131129,760.2857055664062,512.2857131958008
1767414131141,760.2857055664062,512.2857131958008
1767414131162,760.2857055664062,513.2857131958008
1767414131174,760.2857055664062,513.2857131958008
1767414131187,760.2857055664062,515.2857131958008
1767414131199,759.2857055664062,516.2857131958008
1767414131212,759.2857055664062,516.2857131958008
1767414131238,759.2857055664062,517.2857131958008
1767414131258,759.2857055664062,517.2857131958008
1767414131272,759.2857055664062,518.2857131958008
1767414131288,759.2857055664062,519.2857131958008
1767414131300,759.2857055664062,520.2857131958008
1767414131314,759.2857055664062,520.2857131958008
1767414131326,759.2857055664062,521.2857131958008
1767414131339,759.2857055664062,521.2857131958008
1767414131476,759.2857055664062,521.2857131958008
1767414131898,785.2857055664062,497.2857131958008
1767414131958,786.2857055664062,497.2857131958008
1767414131978,786.2857055664062,497.2857131958008
1767414131990,787.2857055664062,498.2857131958008
1767414132003,788.2857055664062,499.2857131958008
1767414132015,789.2857055664062,500.2857131958008
1767414132028,789.2857055664062,501.2857131958008
1767414132040,790.2857055664062,503.2857131958008
1767414132053,790.2857055664062,504.2857131958008
1767414132065,791.2857055664062,506.2857131958008
1767414132078,792.2857055664062,507.2857131958008
1767414132091,792.2857055664062,509.2857131958008
1767414132103,793.2857055664062,511.2857131958008
1767414132116,793.2857055664062,513.2857131958008
1767414132128,794.2857055664062,514.2857131958008
1767414132139,794.2857055664062,515.2857131958008
1767414132151,794.2857055664062,515.2857131958008
1767414132164,794.2857055664062,516.2857131958008
1767414132177,795.2857055664062,517.2857131958008
1767414132189,796.2857055664062,517.2857131958008
1767414132202,796.2857055664062,519.2857131958008
1767414132213,796.2857055664062,519.2857131958008
1767414132297,796.2857055664062,520.2857131958008
1767414132316,797.2857055664062,520.2857131958008
1767414132331,798.2857055664062,520.2857131958008
1767414132344,798.2857055664062,521.2857131958008
1767414132357,799.2857055664062,521.2857131958008
1767414132369,800.2857055664062,522.2857131958008
1767414132382,801.2857055664062,522.2857131958008
1767414132394,801.2857055664062,523.2857131958008
1767414132418,801.2857055664062,523.2857131958008
1767414132438,802.2857055664062,523.2857131958008
1767414132451,802.2857055664062,523.2857131958008
1767414132464,804.2857055664062,524.2857131958008
1767414132477,805.2857055664062,525.2857131958008
1767414132489,806.2857055664062,525.2857131958008
1767414132502,806.2857055664062,525.2857131958008
1767414132514,808.2857055664062,525.2857131958008
1767414132697,808.2857055664062,524.2857131958008
1767414132723,808.2857055664062,521.2857131958008
1767414132735,808.2857055664062,520.2857131958008
1767414132748,808.2857055664062,519.2857131958008
1767414132760,808.2857055664062,517.2857131958008
1767414132773,808.2857055664062,517.2857131958008
1767414132786,808.2857055664062,516.2857131958008
1767414132798,808.2857055664062,515.2857131958008
1767414132811,807.2857055664062,514.2857131958008
1767414132824,807.2857055664062,513.2857131958008
1767414132836,807.2857055664062,512.2857131958008
1767414132849,807.2857055664062,511.2857131958008
1767414132861,806.2857055664062,510.2857131958008
1767414132874,806.2857055664062,509.2857131958008
1767414132886,806.2857055664062,509.2857131958008
1767414132899,806.2857055664062,508.2857131958008
1767414132917,806.2857055664062,508.2857131958008
1767414132929,806.2857055664062,508.2857131958008
1767414132942,806.2857055664062,507.2857131958008
1767414132954,806.2857055664062,505.2857131958008
1767414132967,806.2857055664062,504.2857131958008
1767414132980,806.2857055664062,503.2857131958008
1767414132992,805.2857055664062,502.2857131958008
1767414133005,805.2857055664062,501.2857131958008
1767414133017,805.2857055664062,500.2857131958008
1767414133030,805.2857055664062,499.2857131958008
1767414133042,805.2857055664062,499.2857131958008
1767414133055,805.2857055664062,499.2857131958008
1767414133069,805.2857055664062,498.2857131958008
1767414133088,805.2857055664062,497.2857131958008
1767414133105,804.2857055664062,497.2857131958008
1767414133122,804.2857055664062,497.2857131958008
1767414133134,802.2857055664062,496.2857131958008
1767414133146,802.2857055664062,496.2857131958008
1767414133158,802.2857055664062,495.2857131958008
1767414133170,801.2857055664062,495.2857131958008
1767414133183,801.2857055664062,495.2857131958008
1767414133195,801.2857055664062,495.2857131958008
1767414133208,800.2857055664062,495.2857131958008
1767414133220,800.2857055664062,495.2857131958008
1767414133232,799.2857055664062,495.2857131958008
1767414133244,798.2857055664062,495.2857131958008
1767414133263,798.2857055664062,495.2857131958008
1767414133281,797.2857055664062,495.2857131958008
1767414133296,797.2857055664062,495.2857131958008
1767414133309,796.2857055664062,495.2857131958008
1767414133364,796.2857055664062,495.2857131958008
1767414133383,795.2857055664062,495.2857131958008
1767414133396,795.2857055664062,495.2857131958008
1767414133408,794.2857055664062,496.2857131958008
1767414133422,794.2857055664062,497.2857131958008
1767414133434,793.2857055664062,499.2857131958008
1767414133447,793.2857055664062,501.2857131958008
1767414133460,793.2857055664062,504.2857131958008
1767414133473,793.2857055664062,505.2857131958008
1767414133486,793.2857055664062,507.2857131958008
1767414133498,793.2857055664062,508.2857131958008
1767414133511,793.2857055664062,509.2857131958008
1767414133523,794.2857055664062,510.2857131958008
1767414133537,794.2857055664062,511.2857131958008
1767414133549,794.2857055664062,511.2857131958008
1767414133564,794.2857055664062,511.2857131958008
1767414133580,794.2857055664062,512.2857131958008
1767414133593,794.2857055664062,512.2857131958008
1767414133605,795.2857055664062,513.2857131958008
1767414133618,796.2857055664062,514.2857131958008
1767414133631,796.2857055664062,515.2857131958008
1767414133643,796.2857055664062,516.2857131958008
1767414133666,796.2857055664062,516.2857131958008
1767414133771,796.2857055664062,517.2857131958008
1767414133856,796.2857055664062,517.2857131958008
1767414133875,796.2857055664062,519.2857131958008
1767414133888,795.2857055664062,519.2857131958008
1767414133921,794.2857055664062,519.2857131958008
1767414133935,794.2857055664062,520.2857131958008
1767414133948,794.2857055664062,520.2857131958008
1767414133961,793.2857055664062,521.2857131958008
1767414133982,793.2857055664062,521.2857131958008
1767414133996,793.2857055664062,521.2857131958008
1767414134009,793.2857055664062,523.2857131958008
1767414134022,792.2857055664062,524.2857131958008
1767414134105,792.2857055664062,524.2857131958008
1767414134208,792.2857055664062,524.2857131958008
1767414134228,790.2857055664062,524.2857131958008
1767414134241,790.2857055664062,523.2857131958008
1767414134254,789.2857055664062,522.2857131958008
1767414134268,788.2857055664062,520.2857131958008
1767414134282,788.2857055664062,518.2857131958008
1767414134295,787.2857055664062,516.2857131958008
1767414134308,786.2857055664062,514.2857131958008
1767414134322,786.2857055664062,512.2857131958008
1767414134335,786.2857055664062,511.2857131958008
1767414134348,786.2857055664062,509.2857131958008
1767414134361,786.2857055664062,508.2857131958008
1767414134374,786.2857055664062,508.2857131958008
1767414134388,786.2857055664062,507.2857131958008
1767414134405,786.2857055664062,507.2857131958008
1767414134418,786.2857055664062,505.2857131958008
1767414134431,786.2857055664062,504.2857131958008
1767414134444,786.2857055664062,503.2857131958008
1767414134456,786.2857055664062,501.2857131958008
1767414134468,786.2857055664062,500.2857131958008
1767414134480,786.2857055664062,500.2857131958008
1767414134513,787.2857055664062,499.2857131958008
1767414134526,788.2857055664062,499.2857131958008
1767414134539,788.2857055664062,499.2857131958008
1767414134552,788.2857055664062,499.2857131958008
1767414134565,788.2857055664062,498.2857131958008
1767414134586,789.2857055664062,498.2857131958008
1767414134599,790.2857055664062,498.2857131958008
1767414134611,791.2857055664062,498.2857131958008
1767414134624,793.2857055664062,498.2857131958008
1767414134636,793.2857055664062,498.2857131958008
1767414134649,794.2857055664062,498.2857131958008
1767414134662,796.2857055664062,499.2857131958008
1767414134675,796.2857055664062,499.2857131958008
1767414134687,796.2857055664062,500.2857131958008
1767414134700,797.2857055664062,500.2857131958008
1767414134713,797.2857055664062,500.2857131958008
1767414134725,797.2857055664062,501.2857131958008
1767414134738,797.2857055664062,501.2857131958008
1767414134750,797.2857055664062,503.2857131958008
1767414134763,797.2857055664062,505.2857131958008
1767414134776,797.2857055664062,508.2857131958008
1767414134789,797.2857055664062,510.2857131958008
1767414134805,797.2857055664062,512.2857131958008
1767414134817,797.2857055664062,512.2857131958008
1767414134829,797.2857055664062,513.2857131958008
1767414134846,797.2857055664062,513.2857131958008
1767414134859,797.2857055664062,514.2857131958008
1767414134872,798.2857055664062,515.2857131958008
1767414134892,798.2857055664062,515.2857131958008
1767414134960,798.2857055664062,516.2857131958008
1767414134981,798.2857055664062,516.2857131958008
1767414134996,799.2857055664062,516.2857131958008
1767414135100,800.2857055664062,516.2857131958008
1767414135118,800.2857055664062,516.2857131958008
1767414135131,801.2857055664062,516.2857131958008
-1,-1,-1
1767414061029,,
1767414115995,,
1767414117117,,
1767414122020,,
1767414123988,,
1767414126359,,
1767414128172,,
1767414131898,,
-1,-1,-1
1767414116310,,
1767414119167,,
1767414123474,,
1767414125333,,
1767414127150,,
1767414131492,,
1767414135320,,
