1767419110800,491,240.39999771118164
1767419110832,490,239.39999771118164
1767419112010,103,22.39999771118164
1767419112251,102,22.39999771118164
1767419112560,104,22.39999771118164
1767419112574,106,22.39999771118164
1767419112591,122,23.39999771118164
1767419112608,134,25.39999771118164
1767419112624,147,26.39999771118164
1767419112641,151,27.39999771118164
1767419112658,153,28.39999771118164
1767419112675,154,28.39999771118164
1767419112691,154,29.39999771118164
1767419112772,154,29.39999771118164
1767419112786,153,29.39999771118164
1767419112793,151,29.39999771118164
1767419112808,149,30.39999771118164
1767419112825,144,32.39999771118164
1767419112841,134,33.39999771118164
1767419112858,127,33.39999771118164
1767419112875,119,35.39999771118164
1767419112892,116,35.39999771118164
1767419112908,114,36.39999771118164
1767419112925,112,36.39999771118164
1767419112941,111,36.39999771118164
1767419112958,110,36.39999771118164
1767419112975,107,37.39999771118164
1767419112992,104,37.39999771118164
1767419113008,101,37.39999771118164
1767419113025,98,37.39999771118164
1767419113042,96,38.39999771118164
1767419113059,95,38.39999771118164
1767419113079,94,38.39999771118164
1767419113106,94,39.39999771118164
1767419113141,94,40.39999771118164
1767419113168,94,41.39999771118164
1767419113175,95,41.39999771118164
1767419113224,96,41.39999771118164
1767419113241,96,41.39999771118164
1767419113258,98,41.39999771118164
1767419113275,98,42.39999771118164
1767419113291,100,42.39999771118164
1767419113308,102,43.39999771118164
1767419113325,104,44.39999771118164
1767419113341,106,45.39999771118164
1767419113358,107,45.39999771118164
1767419113375,108,45.39999771118164
1767419113400,109,46.39999771118164
1767419113462,109,47.39999771118164
1767419113475,110,47.39999771118164
1767419113491,110,47.39999771118164
1767419113509,111,48.39999771118164
1767419113529,112,48.39999771118164
1767419113557,113,49.39999771118164
1767419113647,112,49.39999771118164
1767419113666,111,49.39999771118164
1767419113680,110,49.39999771118164
1767419113691,110,49.39999771118164
1767419113708,109,49.39999771118164
1767419113725,106,49.39999771118164
1767419113741,105,49.39999771118164
1767419113758,102,49.39999771118164
1767419113776,102,49.39999771118164
1767419113830,101,49.39999771118164
1767419113878,101,50.39999771118164
1767419113925,101,51.39999771118164
1767419113946,102,52.39999771118164
1767419113967,103,53.39999771118164
1767419113975,104,53.39999771118164
1767419113991,105,54.39999771118164
1767419114008,106,55.39999771118164
1767419114025,110,58.39999771118164
1767419114042,114,60.39999771118164
1767419114058,119,62.39999771118164
1767419114075,122,64.39999771118164
1767419114091,124,65.39999771118164
1767419114108,124,65.39999771118164
1767419114124,125,65.39999771118164
1767419114144,126,66.39999771118164
1767419114234,126,65.39999771118164
1767419114254,126,65.39999771118164
1767419114260,126,64.39999771118164
1767419114275,127,63.39999771118164
1767419114291,127,61.39999771118164
1767419114308,127,57.39999771118164
1767419114325,127,53.39999771118164
1767419114341,127,48.39999771118164
1767419114358,127,42.39999771118164
1767419114375,126,39.39999771118164
1767419114391,125,36.39999771118164
1767419114408,125,35.39999771118164
1767419114424,123,34.39999771118164
1767419114441,123,33.39999771118164
1767419114458,122,33.39999771118164
1767419114475,122,33.39999771118164
1767419114492,121,34.39999771118164
1767419114508,121,35.39999771118164
1767419114527,120,35.39999771118164
1767419114541,119,37.39999771118164
1767419114558,116,39.39999771118164
1767419114575,113,42.39999771118164
1767419114591,108,47.39999771118164
1767419114608,105,52.39999771118164
1767419114625,102,57.39999771118164
1767419114642,102,61.39999771118164
1767419114658,100,64.39999771118164
1767419114675,100,65.39999771118164
1767419114692,100,66.39999771118164
1767419114719,100,67.39999771118164
1767419114739,100,68.39999771118164
1767419114814,100,67.39999771118164
1767419114827,100,66.39999771118164
1767419114841,100,64.39999771118164
1767419114858,100,59.39999771118164
1767419114875,100,55.39999771118164
1767419114891,100,47.39999771118164
1767419114908,100,42.39999771118164
1767419114925,100,37.39999771118164
1767419114941,100,36.39999771118164
1767419114958,100,35.39999771118164
1767419115018,100,36.39999771118164
1767419115039,100,37.39999771118164
1767419115073,100,37.39999771118164
1767419115091,100,39.39999771118164
1767419115108,99,42.39999771118164
1767419115124,99,45.39999771118164
1767419115141,98,51.39999771118164
1767419115158,98,53.39999771118164
1767419115175,98,55.39999771118164
1767419115191,98,56.39999771118164
1767419115208,98,57.39999771118164
1767419115224,98,57.39999771118164
1767419115243,98,57.39999771118164
1767419115258,97,57.39999771118164
1767419115275,97,56.39999771118164
1767419115291,97,54.39999771118164
1767419115308,97,50.39999771118164
1767419115325,96,47.39999771118164
1767419115341,95,41.39999771118164
1767419115358,95,37.39999771118164
1767419115375,95,33.39999771118164
1767419115391,95,32.39999771118164
1767419115408,95,31.39999771118164
1767419115462,95,32.39999771118164
1767419115489,95,33.39999771118164
1767419115558,96,33.39999771118164
1767419115585,96,34.39999771118164
1767419115626,97,34.39999771118164
1767419115654,98,34.39999771118164
1767419115674,98,33.39999771118164
1767419115691,98,33.39999771118164
1767419115708,98,32.39999771118164
1767419115725,98,31.39999771118164
1767419115741,99,30.39999771118164
1767419115758,100,29.39999771118164
1767419115775,100,28.39999771118164
1767419115791,102,26.39999771118164
1767419115808,103,24.39999771118164
1767419115824,107,21.39999771118164
1767419115841,108,20.39999771118164
1767419115858,109,18.39999771118164
1767419115875,110,18.39999771118164
1767419115891,110,18.39999771118164
1767419115941,110,19.39999771118164
1767419115974,110,20.39999771118164
1767419115991,110,21.39999771118164
1767419116008,110,22.39999771118164
1767419116025,110,25.39999771118164
1767419116041,111,25.39999771118164
1767419116058,111,27.39999771118164
1767419116075,111,28.39999771118164
1767419116091,111,29.39999771118164
1767419116124,112,29.39999771118164
1767419116141,112,28.39999771118164
1767419116158,113,27.39999771118164
1767419116175,113,25.39999771118164
1767419116191,114,24.39999771118164
1767419116208,115,22.39999771118164
1767419116282,115,23.39999771118164
1767419116291,116,23.39999771118164
1767419116308,116,24.39999771118164
1767419116325,118,28.39999771118164
1767419116342,118,32.39999771118164
1767419116358,122,38.39999771118164
1767419116375,123,41.39999771118164
1767419116391,124,45.39999771118164
1767419116408,126,45.39999771118164
1767419116426,126,45.39999771118164
1767419116445,126,45.39999771118164
1767419116460,126,44.39999771118164
1767419116474,126,43.39999771118164
1767419116492,127,42.39999771118164
1767419116508,128,40.39999771118164
1767419116524,130,37.39999771118164
1767419116541,131,34.39999771118164
1767419116558,133,30.39999771118164
1767419116575,134,27.39999771118164
1767419116591,135,25.39999771118164
1767419116609,135,25.39999771118164
1767419116671,135,25.39999771118164
1767419116708,134,29.39999771118164
1767419116725,134,32.39999771118164
1767419116741,134,37.39999771118164
1767419116758,134,40.39999771118164
1767419116774,133,43.39999771118164
1767419116791,133,45.39999771118164
1767419116808,132,45.39999771118164
1767419116824,132,46.39999771118164
1767419116841,132,47.39999771118164
1767419116897,132,46.39999771118164
1767419116910,132,45.39999771118164
1767419116924,132,43.39999771118164
1767419116942,133,42.39999771118164
1767419116958,133,41.39999771118164
1767419116975,133,40.39999771118164
1767419117041,133,41.39999771118164
1767419117059,133,43.39999771118164
1767419117074,133,45.39999771118164
1767419117091,134,50.39999771118164
1767419117108,134,60.39999771118164
1767419117125,134,65.39999771118164
1767419117141,135,70.39999771118164
1767419117158,135,73.39999771118164
1767419117208,135,73.39999771118164
1767419117225,135,70.39999771118164
1767419117241,134,68.39999771118164
1767419117258,134,65.39999771118164
1767419117274,133,61.39999771118164
1767419117292,133,60.39999771118164
1767419117308,132,58.39999771118164
1767419117324,132,57.39999771118164
1767419117341,131,57.39999771118164
1767419117374,130,57.39999771118164
1767419117401,130,57.39999771118164
1767419117414,130,57.39999771118164
1767419117424,130,58.39999771118164
1767419117441,129,59.39999771118164
1767419117458,128,61.39999771118164
1767419117475,127,65.39999771118164
1767419117491,125,69.39999771118164
1767419117508,122,73.39999771118164
1767419117524,120,75.39999771118164
1767419117541,119,77.39999771118164
1767419117558,118,77.39999771118164
1767419117574,118,77.39999771118164
1767419117591,117,77.39999771118164
1767419117608,115,77.39999771118164
1767419117626,115,76.39999771118164
1767419117641,115,75.39999771118164
1767419117658,115,73.39999771118164
1767419117674,115,71.39999771118164
1767419117691,115,69.39999771118164
1767419117708,114,68.39999771118164
1767419117724,114,67.39999771118164
1767419117742,114,67.39999771118164
1767419117791,113,69.39999771118164
1767419117808,113,71.39999771118164
1767419117824,111,75.39999771118164
1767419117841,107,83.39999771118164
1767419117858,104,88.39999771118164
1767419117874,100,93.39999771118164
1767419117891,98,95.39999771118164
1767419117908,96,95.39999771118164
1767419117924,96,94.39999771118164
1767419117941,95,92.39999771118164
1767419117958,95,90.39999771118164
1767419117974,95,89.39999771118164
1767419117991,95,83.39999771118164
1767419118008,95,77.39999771118164
1767419118024,95,70.39999771118164
1767419118041,96,67.39999771118164
1767419118058,96,66.39999771118164
1767419118108,96,67.39999771118164
1767419118125,97,69.39999771118164
1767419118141,98,73.39999771118164
1767419118158,98,79.39999771118164
1767419118174,100,92.39999771118164
1767419118192,101,103.39999771118164
1767419118208,102,121.39999771118164
1767419118225,103,131.39999771118164
1767419118241,103,137.39999771118164
1767419118258,103,143.39999771118164
1767419118275,103,146.39999771118164
1767419118324,103,144.39999771118164
1767419118342,103,137.39999771118164
1767419118358,104,125.39999771118164
1767419118375,105,118.39999771118164
1767419118391,106,112.39999771118164
1767419118408,106,108.39999771118164
1767419118458,106,109.39999771118164
1767419118475,106,114.39999771118164
1767419118491,106,123.39999771118164
1767419118508,103,147.39999771118164
1767419118525,103,163.39999771118164
1767419118541,102,177.39999771118164
1767419118559,102,197.39999771118164
1767419118575,102,205.39999771118164
1767419118591,102,210.39999771118164
1767419118608,102,212.39999771118164
1767419118625,103,212.39999771118164
1767419118641,105,208.39999771118164
1767419118658,106,200.39999771118164
1767419118674,110,180.39999771118164
1767419118691,117,161.39999771118164
1767419118708,126,132.39999771118164
1767419118725,130,115.39999771118164
1767419118741,134,100.39999771118164
1767419118758,134,93.39999771118164
1767419118775,135,90.39999771118164
1767419118825,135,93.39999771118164
1767419118841,136,97.39999771118164
1767419118858,136,113.39999771118164
1767419118875,135,129.39999771118164
1767419118891,134,160.39999771118164
1767419118908,131,181.39999771118164
1767419118925,130,205.39999771118164
1767419118942,130,212.39999771118164
1767419118958,130,217.39999771118164
1767419118975,129,223.39999771118164
1767419118991,129,225.39999771118164
1767419119013,128,225.39999771118164
1767419119025,128,225.39999771118164
1767419119041,128,219.39999771118164
1767419119058,128,214.39999771118164
1767419119075,130,205.39999771118164
1767419119091,132,188.39999771118164
1767419119108,133,177.39999771118164
1767419119125,134,161.39999771118164
1767419119142,135,156.39999771118164
1767419119158,135,153.39999771118164
1767419119177,134,153.39999771118164
1767419119191,134,153.39999771118164
1767419119208,134,157.39999771118164
1767419119224,132,172.39999771118164
1767419119241,129,188.39999771118164
1767419119257,126,209.39999771118164
1767419119274,122,234.39999771118164
1767419119291,122,248.39999771118164
1767419119308,122,261.39999771118164
1767419119325,121,266.39999771118164
1767419119341,121,270.39999771118164
1767419119358,121,272.39999771118164
1767419119381,121,270.39999771118164
1767419119391,121,269.39999771118164
1767419119408,122,261.39999771118164
1767419119424,127,241.39999771118164
1767419119441,131,225.39999771118164
1767419119458,138,197.39999771118164
1767419119474,141,182.39999771118164
1767419119491,143,165.39999771118164
1767419119508,144,160.39999771118164
1767419119525,145,157.39999771118164
1767419119541,146,157.39999771118164
1767419119565,146,157.39999771118164
1767419119579,146,159.39999771118164
1767419119591,145,162.39999771118164
1767419119608,142,176.39999771118164
1767419119624,138,189.39999771118164
1767419119641,128,216.39999771118164
1767419119658,122,233.39999771118164
1767419119674,117,245.39999771118164
1767419119691,113,254.39999771118164
1767419119708,112,257.39999771118164
1767419119724,110,258.39999771118164
1767419119742,109,258.39999771118164
1767419119757,106,251.39999771118164
1767419119774,105,243.39999771118164
1767419119791,105,233.39999771118164
1767419119808,102,217.39999771118164
1767419119824,99,205.39999771118164
1767419119841,94,190.39999771118164
1767419119858,93,184.39999771118164
1767419119874,92,179.39999771118164
1767419119891,91,178.39999771118164
1767419119907,90,177.39999771118164
1767419119934,90,179.39999771118164
1767419119950,91,180.39999771118164
1767419119957,91,181.39999771118164
1767419119974,91,185.39999771118164
1767419119991,90,199.39999771118164
1767419120009,88,214.39999771118164
1767419120025,85,228.39999771118164
1767419120042,82,245.39999771118164
1767419120058,82,251.39999771118164
1767419120075,80,256.39999771118164
1767419120091,80,257.39999771118164
1767419120109,80,257.39999771118164
1767419120127,80,257.39999771118164
1767419120141,81,251.39999771118164
1767419120159,82,245.39999771118164
1767419120174,82,230.39999771118164
1767419120191,83,218.39999771118164
1767419120208,84,207.39999771118164
1767419120225,86,194.39999771118164
1767419120242,86,188.39999771118164
1767419120258,87,184.39999771118164
1767419120274,87,183.39999771118164
1767419120291,87,182.39999771118164
1767419120317,87,183.39999771118164
1767419120324,87,184.39999771118164
1767419120342,87,189.39999771118164
1767419120358,86,199.39999771118164
1767419120375,82,223.39999771118164
1767419120392,82,242.39999771118164
1767419120408,80,268.39999771118164
1767419120425,78,279.39999771118164
1767419120441,78,289.39999771118164
1767419120459,78,293.39999771118164
1767419120475,78,295.39999771118164
1767419120492,78,296.39999771118164
1767419120509,78,295.39999771118164
1767419120525,78,289.39999771118164
1767419120542,80,280.39999771118164
1767419120558,84,260.39999771118164
1767419120575,87,243.39999771118164
1767419120591,93,218.39999771118164
1767419120608,95,205.39999771118164
1767419120625,98,198.39999771118164
1767419120641,100,190.39999771118164
1767419120658,101,190.39999771118164
1767419120708,101,191.39999771118164
1767419120724,101,193.39999771118164
1767419120741,102,206.39999771118164
1767419120758,102,222.39999771118164
1767419120774,104,240.39999771118164
1767419120791,107,265.39999771118164
1767419120808,107,275.39999771118164
1767419120824,109,282.39999771118164
1767419120842,109,285.39999771118164
1767419120858,110,287.39999771118164
1767419120877,110,285.39999771118164
1767419120891,112,282.39999771118164
1767419120908,113,276.39999771118164
1767419120925,114,269.39999771118164
1767419120941,118,255.39999771118164
1767419120958,122,246.39999771118164
1767419120975,130,229.39999771118164
1767419120992,134,221.39999771118164
1767419121008,136,217.39999771118164
1767419121025,138,216.39999771118164
1767419121084,138,217.39999771118164
1767419121091,138,217.39999771118164
1767419121109,138,222.39999771118164
1767419121125,138,239.39999771118164
1767419121142,138,254.39999771118164
1767419121158,141,281.39999771118164
1767419121176,142,292.39999771118164
1767419121192,143,301.39999771118164
1767419121208,145,306.39999771118164
1767419121225,146,309.39999771118164
1767419121242,146,309.39999771118164
1767419121259,146,309.39999771118164
1767419121275,147,305.39999771118164
1767419121292,148,300.39999771118164
1767419121308,150,287.39999771118164
1767419121325,152,277.39999771118164
1767419121342,154,269.39999771118164
1767419121359,157,261.39999771118164
1767419121375,158,257.39999771118164
1767419121392,159,255.39999771118164
1767419121466,159,257.39999771118164
1767419121475,159,257.39999771118164
1767419121492,158,263.39999771118164
1767419121508,154,279.39999771118164
1767419121525,150,293.39999771118164
1767419121541,143,313.39999771118164
1767419121559,141,326.39999771118164
1767419121575,138,338.39999771118164
1767419121592,137,342.39999771118164
1767419121609,136,345.39999771118164
1767419121625,136,345.39999771118164
1767419121642,135,345.39999771118164
1767419121658,135,344.39999771118164
1767419121675,135,341.39999771118164
1767419121691,135,329.39999771118164
1767419121708,135,318.39999771118164
1767419121724,135,309.39999771118164
1767419121741,135,293.39999771118164
1767419121758,135,280.39999771118164
1767419121774,135,275.39999771118164
1767419121792,135,272.39999771118164
1767419121809,135,269.39999771118164
1767419121875,135,270.39999771118164
1767419121891,134,277.39999771118164
1767419121908,130,285.39999771118164
1767419121925,121,305.39999771118164
1767419121942,112,321.39999771118164
1767419121958,106,334.39999771118164
1767419121975,105,337.39999771118164
1767419121991,102,338.39999771118164
1767419122008,101,335.39999771118164
1767419122024,101,325.39999771118164
1767419122041,101,317.39999771118164
1767419122059,99,304.39999771118164
1767419122074,96,283.39999771118164
1767419122092,95,271.39999771118164
1767419122108,93,257.39999771118164
1767419122125,93,249.39999771118164
1767419122141,93,245.39999771118164
1767419122158,92,245.39999771118164
1767419122175,92,244.39999771118164
1767419122225,92,248.39999771118164
1767419122242,91,253.39999771118164
1767419122258,89,267.39999771118164
1767419122275,86,278.39999771118164
1767419122291,83,295.39999771118164
1767419122308,82,302.39999771118164
1767419122325,80,307.39999771118164
1767419122342,79,311.39999771118164
1767419122359,78,312.39999771118164
1767419122375,78,313.39999771118164
1767419122392,78,313.39999771118164
1767419122407,78,307.39999771118164
1767419122424,78,300.39999771118164
1767419122442,80,289.39999771118164
1767419122457,83,273.39999771118164
1767419122474,84,265.39999771118164
1767419122491,87,248.39999771118164
1767419122508,89,239.39999771118164
1767419122525,89,233.39999771118164
1767419122541,89,231.39999771118164
1767419122558,89,230.39999771118164
1767419122586,89,231.39999771118164
1767419122592,89,233.39999771118164
1767419122608,88,237.39999771118164
1767419122624,86,246.39999771118164
1767419122641,82,265.39999771118164
1767419122658,82,274.39999771118164
1767419122674,80,284.39999771118164
1767419122692,79,286.39999771118164
1767419122708,78,288.39999771118164
1767419122742,78,285.39999771118164
1767419122757,78,275.39999771118164
1767419122774,79,265.39999771118164
1767419122791,81,248.39999771118164
1767419122808,83,235.39999771118164
1767419122824,84,218.39999771118164
1767419122842,84,209.39999771118164
1767419122858,84,201.39999771118164
1767419122875,84,194.39999771118164
1767419122891,84,192.39999771118164
1767419122908,84,189.39999771118164
1767419122925,84,188.39999771118164
1767419122941,84,187.39999771118164
1767419122958,84,186.39999771118164
1767419122980,83,186.39999771118164
1767419122991,83,188.39999771118164
1767419123008,82,190.39999771118164
1767419123024,81,203.39999771118164
1767419123041,78,218.39999771118164
1767419123058,72,245.39999771118164
1767419123075,69,261.39999771118164
1767419123091,66,276.39999771118164
1767419123108,66,281.39999771118164
1767419123124,66,282.39999771118164
1767419123142,66,281.39999771118164
1767419123158,66,277.39999771118164
1767419123175,67,266.39999771118164
1767419123191,68,258.39999771118164
1767419123208,72,238.39999771118164
1767419123224,76,222.39999771118164
1767419123241,81,197.39999771118164
1767419123258,86,181.39999771118164
1767419123275,92,161.39999771118164
1767419123291,94,154.39999771118164
1767419123308,95,150.39999771118164
1767419123325,96,149.39999771118164
1767419123341,97,149.39999771118164
1767419123363,98,149.39999771118164
1767419123374,98,149.39999771118164
1767419123391,98,154.39999771118164
1767419123409,101,163.39999771118164
1767419123425,105,177.39999771118164
1767419123442,110,198.39999771118164
1767419123458,115,209.39999771118164
1767419123474,124,224.39999771118164
1767419123491,126,228.39999771118164
1767419123508,130,233.39999771118164
1767419123525,130,233.39999771118164
1767419123541,133,230.39999771118164
1767419123558,134,225.39999771118164
1767419123575,136,217.39999771118164
1767419123592,140,205.39999771118164
1767419123608,142,196.39999771118164
1767419123625,147,185.39999771118164
1767419123642,150,180.39999771118164
1767419123658,151,176.39999771118164
1767419123676,152,175.39999771118164
1767419123692,153,174.39999771118164
1767419123718,153,175.39999771118164
1767419123726,153,177.39999771118164
1767419123742,153,180.39999771118164
1767419123759,152,186.39999771118164
1767419123775,152,201.39999771118164
1767419123792,151,209.39999771118164
1767419123808,151,221.39999771118164
1767419123826,150,225.39999771118164
1767419123842,150,228.39999771118164
1767419123875,150,226.39999771118164
1767419123892,150,220.39999771118164
1767419123908,150,214.39999771118164
1767419123924,149,202.39999771118164
1767419123941,147,197.39999771118164
1767419123957,146,187.39999771118164
1767419123974,146,185.39999771118164
1767419123991,146,183.39999771118164
1767419124041,146,185.39999771118164
1767419124057,145,189.39999771118164
1767419124074,142,201.39999771118164
1767419124091,137,213.39999771118164
1767419124108,133,227.39999771118164
1767419124125,132,233.39999771118164
1767419124141,131,237.39999771118164
1767419124157,131,240.39999771118164
1767419124174,131,241.39999771118164
1767419124191,131,239.39999771118164
1767419124208,131,235.39999771118164
1767419124224,131,225.39999771118164
1767419124241,131,218.39999771118164
1767419124257,133,209.39999771118164
1767419124274,134,196.39999771118164
1767419124291,134,186.39999771118164
1767419124308,137,175.39999771118164
1767419124325,138,171.39999771118164
1767419124341,139,168.39999771118164
1767419124358,139,167.39999771118164
1767419124408,139,170.39999771118164
1767419124424,138,177.39999771118164
1767419124441,136,189.39999771118164
1767419124457,134,206.39999771118164
1767419124475,134,216.39999771118164
1767419124491,134,226.39999771118164
1767419124508,133,230.39999771118164
1767419124525,133,232.39999771118164
1767419124551,133,229.39999771118164
1767419124557,132,228.39999771118164
1767419124574,132,221.39999771118164
1767419124591,132,210.39999771118164
1767419124607,132,202.39999771118164
1767419124625,132,193.39999771118164
1767419124641,132,181.39999771118164
1767419124658,132,176.39999771118164
1767419124674,133,170.39999771118164
1767419124691,133,169.39999771118164
1767419124708,134,168.39999771118164
1767419124777,134,170.39999771118164
1767419124791,134,173.39999771118164
1767419124808,132,179.39999771118164
1767419124824,132,191.39999771118164
1767419124841,131,198.39999771118164
1767419124858,130,205.39999771118164
1767419124874,130,209.39999771118164
1767419124891,130,210.39999771118164
1767419124908,130,212.39999771118164
1767419124924,130,211.39999771118164
1767419124941,129,202.39999771118164
1767419124958,128,193.39999771118164
1767419124974,127,185.39999771118164
1767419124991,126,171.39999771118164
1767419125008,126,165.39999771118164
1767419125025,125,156.39999771118164
1767419125041,124,152.39999771118164
1767419125058,124,149.39999771118164
1767419125075,124,148.39999771118164
1767419125139,124,149.39999771118164
1767419125158,124,149.39999771118164
1767419125174,122,157.39999771118164
1767419125191,116,170.39999771118164
1767419125208,108,191.39999771118164
1767419125224,104,204.39999771118164
1767419125241,98,217.39999771118164
1767419125258,96,221.39999771118164
1767419125274,96,224.39999771118164
1767419125291,94,227.39999771118164
1767419125307,94,227.39999771118164
1767419125324,93,221.39999771118164
1767419125341,93,216.39999771118164
1767419125357,93,204.39999771118164
1767419125375,93,194.39999771118164
1767419125391,91,177.39999771118164
1767419125408,90,166.39999771118164
1767419125425,90,157.39999771118164
1767419125441,90,148.39999771118164
1767419125457,90,145.39999771118164
1767419125475,90,142.39999771118164
1767419125535,90,143.39999771118164
1767419125542,90,145.39999771118164
1767419125558,90,149.39999771118164
1767419125574,88,155.39999771118164
1767419125591,85,168.39999771118164
1767419125608,82,178.39999771118164
1767419125624,80,187.39999771118164
1767419125642,79,190.39999771118164
1767419125658,78,191.39999771118164
1767419125691,78,187.39999771118164
1767419125707,78,182.39999771118164
1767419125724,78,176.39999771118164
1767419125741,78,167.39999771118164
1767419125758,78,161.39999771118164
1767419125774,78,152.39999771118164
1767419125791,78,145.39999771118164
1767419125808,78,137.39999771118164
1767419125826,78,133.39999771118164
1767419125842,78,132.39999771118164
1767419125858,78,130.39999771118164
1767419125877,78,129.39999771118164
1767419125925,79,129.39999771118164
1767419125942,79,130.39999771118164
1767419125958,79,135.39999771118164
1767419125974,78,142.39999771118164
1767419125991,77,153.39999771118164
1767419126007,74,169.39999771118164
1767419126024,74,176.39999771118164
1767419126040,73,182.39999771118164
1767419126058,72,183.39999771118164
1767419126074,72,182.39999771118164
1767419126091,71,177.39999771118164
1767419126107,71,173.39999771118164
1767419126124,71,164.39999771118164
1767419126141,71,155.39999771118164
1767419126157,70,143.39999771118164
1767419126175,70,135.39999771118164
1767419126190,73,124.39999771118164
1767419126208,74,117.39999771118164
1767419126224,74,113.39999771118164
1767419126241,75,109.39999771118164
1767419126257,75,108.39999771118164
1767419126279,76,108.39999771118164
1767419126325,77,108.39999771118164
1767419126341,77,110.39999771118164
1767419126358,77,113.39999771118164
1767419126374,78,122.39999771118164
1767419126392,79,130.39999771118164
1767419126407,82,139.39999771118164
1767419126424,86,150.39999771118164
1767419126441,87,153.39999771118164
1767419126457,88,156.39999771118164
1767419126474,90,157.39999771118164
1767419126490,90,157.39999771118164
1767419126507,91,154.39999771118164
1767419126524,92,151.39999771118164
1767419126541,94,144.39999771118164
1767419126558,94,138.39999771118164
1767419126574,97,133.39999771118164
1767419126592,98,129.39999771118164
1767419126607,99,126.39999771118164
1767419126625,101,124.39999771118164
1767419126641,102,122.39999771118164
1767419126658,103,121.39999771118164
1767419126675,104,121.39999771118164
1767419126692,105,121.39999771118164
1767419126723,105,122.39999771118164
1767419126741,105,124.39999771118164
1767419126758,105,125.39999771118164
1767419126775,106,133.39999771118164
1767419126791,109,142.39999771118164
1767419126807,110,149.39999771118164
1767419126824,113,153.39999771118164
1767419126841,114,157.39999771118164
1767419126858,114,159.39999771118164
1767419126874,114,160.39999771118164
1767419126891,114,159.39999771118164
1767419126907,114,156.39999771118164
1767419126924,114,153.39999771118164
1767419126941,114,149.39999771118164
1767419126958,116,141.39999771118164
1767419126974,117,134.39999771118164
1767419126991,118,125.39999771118164
1767419127008,122,117.39999771118164
1767419127024,125,109.39999771118164
1767419127042,126,105.39999771118164
1767419127057,129,102.39999771118164
1767419127074,129,101.39999771118164
1767419127125,130,103.39999771118164
1767419127142,130,109.39999771118164
1767419127158,132,116.39999771118164
1767419127175,136,137.39999771118164
1767419127192,138,152.39999771118164
1767419127208,140,165.39999771118164
1767419127224,141,171.39999771118164
1767419127241,142,173.39999771118164
1767419127257,142,175.39999771118164
1767419127274,142,176.39999771118164
1767419127290,142,173.39999771118164
1767419127308,143,170.39999771118164
1767419127324,143,165.39999771118164
1767419127342,144,163.39999771118164
1767419127358,145,157.39999771118164
1767419127375,146,152.39999771118164
1767419127392,146,148.39999771118164
1767419127408,149,143.39999771118164
1767419127425,150,141.39999771118164
1767419127442,150,140.39999771118164
1767419127529,150,141.39999771118164
1767419127541,150,141.39999771118164
1767419127559,150,145.39999771118164
1767419127575,149,152.39999771118164
1767419127592,145,165.39999771118164
1767419127608,142,174.39999771118164
1767419127624,140,181.39999771118164
1767419127641,139,185.39999771118164
1767419127658,138,187.39999771118164
1767419127674,137,187.39999771118164
1767419127698,137,186.39999771118164
1767419127708,137,185.39999771118164
1767419127724,137,183.39999771118164
1767419127741,137,176.39999771118164
1767419127757,137,170.39999771118164
1767419127774,138,161.39999771118164
1767419127791,139,154.39999771118164
1767419127807,140,147.39999771118164
1767419127824,142,137.39999771118164
1767419127842,143,131.39999771118164
1767419127859,145,126.39999771118164
1767419127876,145,125.39999771118164
1767419127892,146,125.39999771118164
1767419127909,146,124.39999771118164
1767419127931,146,125.39999771118164
1767419127942,146,125.39999771118164
1767419127959,145,129.39999771118164
1767419127974,142,137.39999771118164
1767419127991,140,146.39999771118164
1767419128007,135,162.39999771118164
1767419128024,132,171.39999771118164
1767419128040,130,177.39999771118164
1767419128057,128,180.39999771118164
1767419128074,127,181.39999771118164
1767419128091,126,181.39999771118164
1767419128107,126,178.39999771118164
1767419128124,125,169.39999771118164
1767419128141,124,162.39999771118164
1767419128158,123,153.39999771118164
1767419128175,122,146.39999771118164
1767419128191,121,136.39999771118164
1767419128209,120,130.39999771118164
1767419128225,120,123.39999771118164
1767419128241,120,121.39999771118164
1767419128257,119,120.39999771118164
1767419128325,119,122.39999771118164
1767419128340,116,129.39999771118164
1767419128357,112,135.39999771118164
1767419128374,106,143.39999771118164
1767419128391,100,151.39999771118164
1767419128407,97,155.39999771118164
1767419128424,92,159.39999771118164
1767419128441,90,161.39999771118164
1767419128457,89,161.39999771118164
1767419128474,87,161.39999771118164
1767419128490,87,160.39999771118164
1767419128507,86,154.39999771118164
1767419128524,86,149.39999771118164
1767419128541,86,141.39999771118164
1767419128558,85,135.39999771118164
1767419128574,85,127.39999771118164
1767419128592,84,121.39999771118164
1767419128607,84,117.39999771118164
1767419128669,84,117.39999771118164
1767419128692,85,117.39999771118164
1767419128710,85,117.39999771118164
1767419128725,85,120.39999771118164
1767419128742,85,124.39999771118164
1767419128757,84,130.39999771118164
1767419128774,83,135.39999771118164
1767419128790,81,140.39999771118164
1767419128807,81,143.39999771118164
1767419128824,80,144.39999771118164
1767419128841,79,145.39999771118164
1767419128857,78,145.39999771118164
1767419128874,78,143.39999771118164
1767419128891,78,141.39999771118164
1767419128907,78,139.39999771118164
1767419128924,78,135.39999771118164
1767419128940,78,133.39999771118164
1767419128957,78,129.39999771118164
1767419128974,78,125.39999771118164
1767419128990,78,121.39999771118164
1767419129007,78,119.39999771118164
1767419129024,78,117.39999771118164
1767419129043,78,117.39999771118164
1767419129090,78,116.39999771118164
1767419129108,79,116.39999771118164
1767419129157,81,117.39999771118164
1767419129174,82,118.39999771118164
1767419129191,83,121.39999771118164
1767419129208,86,124.39999771118164
1767419129224,87,125.39999771118164
1767419129241,88,125.39999771118164
1767419129258,89,125.39999771118164
1767419129274,90,124.39999771118164
1767419129290,90,121.39999771118164
1767419129307,90,121.39999771118164
1767419129324,90,119.39999771118164
1767419129341,91,117.39999771118164
1767419129357,91,117.39999771118164
1767419129376,91,115.39999771118164
1767419129392,92,115.39999771118164
1767419129408,93,114.39999771118164
1767419129458,93,113.39999771118164
1767419129474,94,113.39999771118164
1767419129491,95,112.39999771118164
1767419129507,95,111.39999771118164
1767419129524,96,111.39999771118164
1767419129542,96,110.39999771118164
1767419129558,97,109.39999771118164
1767419129577,98,108.39999771118164
1767419129591,99,107.39999771118164
1767419129609,100,105.39999771118164
1767419129624,103,97.39999771118164
1767419129642,106,92.39999771118164
1767419129658,108,88.39999771118164
1767419129674,110,82.39999771118164
1767419129691,111,80.39999771118164
1767419129708,113,75.39999771118164
1767419129725,113,72.39999771118164
1767419129741,114,67.39999771118164
1767419129758,114,65.39999771118164
1767419129774,115,61.39999771118164
1767419129792,116,57.39999771118164
1767419129808,117,55.39999771118164
1767419129825,118,52.39999771118164
1767419129841,118,49.39999771118164
1767419129858,118,46.39999771118164
1767419129875,120,43.39999771118164
1767419129891,121,41.39999771118164
1767419129909,122,37.39999771118164
1767419129924,123,36.39999771118164
1767419129941,125,35.39999771118164
1767419129958,126,35.39999771118164
1767419129974,129,42.39999771118164
1767419129991,131,49.39999771118164
1767419130007,134,61.39999771118164
1767419130025,135,69.39999771118164
1767419130041,136,79.39999771118164
1767419130058,137,85.39999771118164
1767419130074,138,92.39999771118164
1767419130091,138,102.39999771118164
1767419130108,138,112.39999771118164
1767419130123,138,121.39999771118164
1767419130141,138,126.39999771118164
1767419130157,138,132.39999771118164
1767419130174,137,133.39999771118164
1767419130190,136,135.39999771118164
1767419130207,135,135.39999771118164
1767419130224,135,136.39999771118164
1767419130253,135,137.39999771118164
1767419130369,134,137.39999771118164
1767419130425,134,137.39999771118164
1767419130474,134,136.39999771118164
1767419130490,134,133.39999771118164
1767419130507,136,126.39999771118164
1767419130524,138,119.39999771118164
1767419130541,145,105.39999771118164
1767419130558,149,97.39999771118164
1767419130575,153,89.39999771118164
1767419130592,155,86.39999771118164
1767419130608,156,85.39999771118164
1767419130658,156,88.39999771118164
1767419130675,156,92.39999771118164
1767419130692,154,100.39999771118164
1767419130708,152,109.39999771118164
1767419130725,150,119.39999771118164
1767419130742,147,125.39999771118164
1767419130758,146,131.39999771118164
1767419130774,144,138.39999771118164
1767419130790,143,142.39999771118164
1767419130807,142,148.39999771118164
1767419130824,142,151.39999771118164
1767419130840,141,154.39999771118164
1767419130858,140,157.39999771118164
1767419130874,138,161.39999771118164
1767419130891,138,163.39999771118164
1767419130907,136,166.39999771118164
1767419130924,135,170.39999771118164
1767419130940,134,173.39999771118164
1767419130957,134,175.39999771118164
1767419130974,133,177.39999771118164
1767419130990,132,178.39999771118164
1767419131008,131,180.39999771118164
1767419131024,131,181.39999771118164
1767419131042,131,181.39999771118164
1767419131059,130,182.39999771118164
1767419131107,130,183.39999771118164
1767419131157,130,183.39999771118164
1767419131207,130,183.39999771118164
1767419132357,130,185.39999771118164
1767419132375,130,192.39999771118164
1767419132392,133,205.39999771118164
1767419132408,136,212.39999771118164
1767419132425,138,217.39999771118164
1767419132441,138,220.39999771118164
1767419132457,140,222.39999771118164
1767419132474,140,223.39999771118164
1767419132492,140,224.39999771118164
1767419132560,141,225.39999771118164
1767419132574,142,226.39999771118164
1767419132591,142,231.39999771118164
1767419132608,150,246.39999771118164
1767419132625,154,258.39999771118164
1767419132642,162,273.39999771118164
1767419132659,172,290.39999771118164
1767419132675,178,299.39999771118164
1767419132691,183,305.39999771118164
1767419132709,185,307.39999771118164
1767419132725,186,308.39999771118164
1767419132775,186,307.39999771118164
1767419132792,187,307.39999771118164
1767419132842,188,307.39999771118164
1767419132892,189,307.39999771118164
1767419133039,189,306.39999771118164
1767419133051,188,305.39999771118164
1767419133072,187,304.39999771118164
1767419133078,187,303.39999771118164
1767419133093,187,301.39999771118164
1767419133113,187,300.39999771118164
1767419133125,186,299.39999771118164
1767419133142,186,298.39999771118164
1767419133222,185,299.39999771118164
1767419133258,185,301.39999771118164
1767419133275,184,301.39999771118164
1767419133291,184,302.39999771118164
1767419133837,184,300.39999771118164
1767419133849,184,297.39999771118164
1767419133863,184,291.39999771118164
1767419133877,184,285.39999771118164
1767419133892,185,277.39999771118164
1767419133909,185,275.39999771118164
1767419133925,185,274.39999771118164
1767419133958,185,275.39999771118164
1767419133975,184,277.39999771118164
1767419133992,184,277.39999771118164
1767419134008,184,279.39999771118164
1767419134025,184,281.39999771118164
1767419134042,184,283.39999771118164
1767419134059,184,285.39999771118164
1767419134075,183,289.39999771118164
1767419134091,182,293.39999771118164
1767419134107,182,295.39999771118164
1767419134124,181,297.39999771118164
1767419134140,180,297.39999771118164
1767419134157,180,297.39999771118164
1767419134174,179,297.39999771118164
1767419134190,179,296.39999771118164
1767419134208,179,294.39999771118164
1767419134224,180,289.39999771118164
1767419134240,181,285.39999771118164
1767419134257,182,281.39999771118164
1767419134274,183,272.39999771118164
1767419134292,184,268.39999771118164
1767419134308,186,265.39999771118164
1767419134325,186,264.39999771118164
1767419134355,186,265.39999771118164
1767419134380,186,265.39999771118164
1767419134404,186,267.39999771118164
1767419134418,186,268.39999771118164
1767419134436,186,269.39999771118164
1767419134455,186,271.39999771118164
1767419134467,186,273.39999771118164
1767419134480,186,275.39999771118164
1767419134493,186,276.39999771118164
1767419134509,187,277.39999771118164
1767419134553,187,277.39999771118164
1767419134567,187,276.39999771118164
1767419134580,188,273.39999771118164
1767419134608,188,260.39999771118164
1767419134625,188,253.39999771118164
1767419134641,188,242.39999771118164
1767419134658,188,238.39999771118164
1767419134675,188,235.39999771118164
1767419134691,188,233.39999771118164
1767419134742,188,234.39999771118164
1767419134758,188,237.39999771118164
1767419134775,187,238.39999771118164
1767419134790,186,241.39999771118164
1767419134809,184,248.39999771118164
1767419134824,182,254.39999771118164
1767419134840,181,261.39999771118164
1767419134857,179,262.39999771118164
1767419134874,178,264.39999771118164
1767419134900,178,262.39999771118164
1767419134913,178,261.39999771118164
1767419134925,178,258.39999771118164
1767419134940,178,256.39999771118164
1767419134957,180,249.39999771118164
1767419134974,181,244.39999771118164
1767419134990,181,234.39999771118164
1767419135007,182,227.39999771118164
1767419135025,183,214.39999771118164
1767419135042,184,208.39999771118164
1767419135058,185,204.39999771118164
1767419135075,186,200.39999771118164
1767419135091,186,199.39999771118164
1767419135107,186,198.39999771118164
1767419135141,186,197.39999771118164
1767419135175,186,197.39999771118164
1767419135191,186,198.39999771118164
1767419135208,186,201.39999771118164
1767419135225,186,206.39999771118164
1767419135241,186,210.39999771118164
1767419135257,186,214.39999771118164
1767419135275,184,217.39999771118164
1767419135291,182,218.39999771118164
1767419135307,182,217.39999771118164
1767419135323,180,213.39999771118164
1767419135340,180,209.39999771118164
1767419135357,179,205.39999771118164
1767419135374,178,199.39999771118164
1767419135390,177,193.39999771118164
1767419135408,174,186.39999771118164
1767419135425,173,181.39999771118164
1767419135441,170,175.39999771118164
1767419135459,170,173.39999771118164
1767419135474,169,172.39999771118164
1767419135491,169,171.39999771118164
1767419135542,168,170.39999771118164
1767419135590,167,169.39999771118164
1767419135607,167,169.39999771118164
1767419135624,167,168.39999771118164
1767419135642,167,167.39999771118164
1767419135658,166,165.39999771118164
1767419135674,166,162.39999771118164
1767419135692,165,158.39999771118164
1767419135707,164,152.39999771118164
1767419135725,163,148.39999771118164
1767419135741,163,140.39999771118164
1767419135758,163,136.39999771118164
1767419135774,163,131.39999771118164
1767419135792,163,127.39999771118164
1767419135808,163,125.39999771118164
1767419135824,162,121.39999771118164
1767419135841,162,118.39999771118164
1767419135857,162,115.39999771118164
1767419135875,162,113.39999771118164
1767419135891,162,109.39999771118164
1767419135908,162,108.39999771118164
1767419135924,162,105.39999771118164
1767419135940,159,103.39999771118164
1767419135957,157,102.39999771118164
1767419135973,152,102.39999771118164
1767419135990,148,105.39999771118164
1767419136007,142,109.39999771118164
1767419136023,138,113.39999771118164
1767419136040,132,117.39999771118164
1767419136057,127,123.39999771118164
1767419136073,124,126.39999771118164
1767419136090,120,130.39999771118164
1767419136107,117,133.39999771118164
1767419136123,114,136.39999771118164
1767419136140,113,137.39999771118164
1767419136157,112,141.39999771118164
1767419136174,110,142.39999771118164
1767419136190,110,144.39999771118164
1767419136207,107,146.39999771118164
1767419136223,107,147.39999771118164
1767419136240,106,149.39999771118164
1767419136257,105,149.39999771118164
1767419136273,104,150.39999771118164
1767419136294,103,150.39999771118164
1767419136362,102,150.39999771118164
1767419136383,102,150.39999771118164
1767419136409,101,149.39999771118164
1767419136423,100,149.39999771118164
1767419136440,99,146.39999771118164
1767419136457,98,142.39999771118164
1767419136474,98,139.39999771118164
1767419136491,97,136.39999771118164
1767419136507,95,131.39999771118164
1767419136524,94,128.39999771118164
1767419136540,94,126.39999771118164
1767419136557,94,125.39999771118164
1767419136574,94,125.39999771118164
1767419136594,93,125.39999771118164
1767419136640,93,126.39999771118164
1767419136657,92,127.39999771118164
1767419136673,90,130.39999771118164
1767419136690,85,135.39999771118164
1767419136707,81,138.39999771118164
1767419136723,69,144.39999771118164
1767419136740,63,145.39999771118164
1767419136757,58,148.39999771118164
1767419136773,51,150.39999771118164
1767419136790,47,150.39999771118164
1767419136806,42,150.39999771118164
1767419136823,39,149.39999771118164
1767419136840,35,148.39999771118164
1767419136857,34,148.39999771118164
1767419136873,30,145.39999771118164
1767419136891,27,143.39999771118164
1767419136907,25,141.39999771118164
1767419136923,21,137.39999771118164
1767419136940,19,135.39999771118164
1767419136956,15,135.39999771118164
1767419136973,14,135.39999771118164
1767419136990,10,135.39999771118164
1767419137007,8,135.39999771118164
1767419137023,6,135.39999771118164
1767419137040,2,135.39999771118164
1767419137057,0,136.39999771118164
1767419137073,-2,138.39999771118164
1767419137090,-5,141.39999771118164
1767419137108,-7,147.39999771118164
1767419137125,-8,152.39999771118164
1767419137175,-8,165.39999771118164
1767419137191,-4,168.39999771118164
1767419137208,-2,169.39999771118164
1767419137225,1,169.39999771118164
1767419137241,3,169.39999771118164
1767419137258,5,169.39999771118164
1767419137275,6,168.39999771118164
1767419137291,6,167.39999771118164
1767419137309,7,167.39999771118164
1767419137324,8,165.39999771118164
1767419137341,8,164.39999771118164
1767419137358,9,164.39999771118164
1767419137374,9,164.39999771118164
1767419137740,10,164.39999771118164
1767419137759,11,165.39999771118164
1767419137778,13,166.39999771118164
1767419137791,14,166.39999771118164
1767419137808,16,168.39999771118164
1767419137825,18,169.39999771118164
1767419137842,19,169.39999771118164
1767419137859,20,169.39999771118164
1767419137875,21,169.39999771118164
1767419137891,22,169.39999771118164
1767419137917,23,169.39999771118164
1767419137925,24,167.39999771118164
1767419137942,25,165.39999771118164
1767419137958,27,163.39999771118164
1767419137975,30,160.39999771118164
1767419137991,34,157.39999771118164
1767419138007,38,153.39999771118164
1767419138023,41,151.39999771118164
1767419138040,43,149.39999771118164
1767419138057,46,148.39999771118164
1767419138073,46,147.39999771118164
1767419138128,46,146.39999771118164
1767419138654,46,148.39999771118164
1767419138665,45,154.39999771118164
1767419138677,44,158.39999771118164
1767419138691,42,165.39999771118164
1767419138708,40,178.39999771118164
1767419138725,39,185.39999771118164
1767419138741,38,194.39999771118164
1767419138774,36,201.39999771118164
1767419138791,35,204.39999771118164
1767419138808,35,205.39999771118164
1767419138824,35,208.39999771118164
1767419138842,35,209.39999771118164
1767419138858,35,210.39999771118164
1767419138873,32,210.39999771118164
1767419138890,29,212.39999771118164
1767419138907,26,213.39999771118164
1767419138923,24,216.39999771118164
1767419138940,19,219.39999771118164
1767419138957,17,222.39999771118164
1767419138974,12,228.39999771118164
1767419138992,10,232.39999771118164
1767419139006,6,237.39999771118164
1767419139023,3,238.39999771118164
1767419139040,0,240.39999771118164
1767419139057,-3,241.39999771118164
1767419139073,-4,241.39999771118164
1767419139090,-4,242.39999771118164
1767419139107,-4,243.39999771118164
1767419139157,-4,244.39999771118164
1767419139175,-4,245.39999771118164
1767419139191,-3,247.39999771118164
1767419139208,-2,248.39999771118164
1767419139224,1,252.39999771118164
1767419139241,4,256.39999771118164
1767419139257,6,260.39999771118164
1767419139274,9,263.39999771118164
1767419139291,11,264.39999771118164
1767419139308,13,264.39999771118164
1767419139326,14,264.39999771118164
1767419139341,15,262.39999771118164
1767419139358,16,259.39999771118164
1767419139374,18,256.39999771118164
1767419139391,22,249.39999771118164
1767419139408,26,244.39999771118164
1767419139424,32,236.39999771118164
1767419139441,34,231.39999771118164
1767419139457,38,228.39999771118164
1767419139475,38,228.39999771118164
1767419139490,39,228.39999771118164
1767419139507,39,229.39999771118164
1767419139524,39,229.39999771118164
1767419139541,39,231.39999771118164
1767419139558,39,232.39999771118164
1767419139574,39,233.39999771118164
1767419139591,38,235.39999771118164
1767419139607,38,238.39999771118164
1767419139624,38,241.39999771118164
1767419139641,38,244.39999771118164
1767419139658,38,246.39999771118164
1767419139675,38,247.39999771118164
1767419139691,38,249.39999771118164
1767419139799,38,249.39999771118164
1767419139824,38,250.39999771118164
1767419139841,38,253.39999771118164
1767419139858,38,255.39999771118164
1767419139874,39,260.39999771118164
1767419139891,39,263.39999771118164
1767419139907,40,265.39999771118164
1767419139924,40,267.39999771118164
1767419139941,41,269.39999771118164
1767419139958,41,269.39999771118164
1767419140008,42,268.39999771118164
1767419140024,43,264.39999771118164
1767419140041,45,259.39999771118164
1767419140058,46,253.39999771118164
1767419140075,48,245.39999771118164
1767419140091,50,241.39999771118164
1767419140107,52,239.39999771118164
1767419140134,53,239.39999771118164
1767419140147,53,240.39999771118164
1767419140159,53,241.39999771118164
1767419140174,53,243.39999771118164
1767419140191,53,245.39999771118164
1767419140208,52,249.39999771118164
1767419140224,51,257.39999771118164
1767419140241,49,266.39999771118164
1767419140258,47,277.39999771118164
1767419140275,47,283.39999771118164
1767419140291,46,288.39999771118164
1767419140308,46,289.39999771118164
1767419140326,46,290.39999771118164
1767419140373,46,289.39999771118164
1767419140391,46,287.39999771118164
1767419140407,46,283.39999771118164
1767419140425,46,277.39999771118164
1767419140441,48,268.39999771118164
1767419140458,50,259.39999771118164
1767419140473,50,249.39999771118164
1767419140491,53,239.39999771118164
1767419140508,54,237.39999771118164
1767419140524,54,235.39999771118164
1767419140543,54,235.39999771118164
1767419140557,54,236.39999771118164
1767419140574,54,237.39999771118164
1767419140591,54,239.39999771118164
1767419140608,54,241.39999771118164
1767419140624,54,245.39999771118164
1767419140641,53,251.39999771118164
1767419140657,53,255.39999771118164
1767419140674,51,260.39999771118164
1767419140691,50,261.39999771118164
1767419140708,50,262.39999771118164
1767419140735,50,261.39999771118164
1767419140748,50,261.39999771118164
1767419140762,50,257.39999771118164
1767419140774,50,254.39999771118164
1767419140790,50,244.39999771118164
1767419140807,52,234.39999771118164
1767419140824,56,216.39999771118164
1767419140841,59,205.39999771118164
1767419140858,61,198.39999771118164
1767419140875,62,193.39999771118164
1767419140891,62,191.39999771118164
1767419140932,63,191.39999771118164
1767419140946,63,192.39999771118164
1767419140960,63,193.39999771118164
1767419140974,63,197.39999771118164
1767419140991,61,206.39999771118164
1767419141007,57,224.39999771118164
1767419141024,54,233.39999771118164
1767419141040,52,240.39999771118164
1767419141056,50,247.39999771118164
1767419141073,48,249.39999771118164
1767419141090,48,251.39999771118164
1767419141106,47,252.39999771118164
1767419141123,46,252.39999771118164
1767419141140,46,251.39999771118164
1767419141156,46,247.39999771118164
1767419141173,45,243.39999771118164
1767419141190,45,240.39999771118164
1767419141206,45,234.39999771118164
1767419141223,45,229.39999771118164
1767419141240,45,217.39999771118164
1767419141258,45,211.39999771118164
1767419141274,45,203.39999771118164
1767419141291,46,200.39999771118164
1767419141308,46,198.39999771118164
1767419141349,46,199.39999771118164
1767419141375,46,201.39999771118164
1767419141391,46,204.39999771118164
1767419141407,46,208.39999771118164
1767419141423,44,218.39999771118164
1767419141441,42,225.39999771118164
1767419141457,40,231.39999771118164
1767419141473,38,238.39999771118164
1767419141490,38,241.39999771118164
1767419141506,37,243.39999771118164
1767419141523,37,244.39999771118164
1767419141546,37,241.39999771118164
1767419141560,37,238.39999771118164
1767419141573,37,237.39999771118164
1767419141590,37,230.39999771118164
1767419141606,38,225.39999771118164
1767419141623,40,211.39999771118164
1767419141640,43,202.39999771118164
1767419141658,49,186.39999771118164
1767419141674,51,177.39999771118164
1767419141691,58,166.39999771118164
1767419141707,58,161.39999771118164
1767419141724,60,159.39999771118164
1767419141740,61,157.39999771118164
1767419141774,61,157.39999771118164
1767419141800,62,157.39999771118164
1767419141826,62,158.39999771118164
1767419141841,62,160.39999771118164
1767419141857,62,164.39999771118164
1767419141874,62,170.39999771118164
1767419141890,63,183.39999771118164
1767419141907,63,191.39999771118164
1767419141924,63,198.39999771118164
1767419141941,63,201.39999771118164
1767419141958,63,201.39999771118164
1767419141984,63,201.39999771118164
1767419141997,63,200.39999771118164
1767419142011,63,197.39999771118164
1767419142024,63,194.39999771118164
1767419142040,63,188.39999771118164
1767419142058,63,183.39999771118164
1767419142074,64,175.39999771118164
1767419142091,64,171.39999771118164
1767419142107,66,167.39999771118164
1767419142124,66,166.39999771118164
1767419142140,66,165.39999771118164
1767419142206,66,165.39999771118164
1767419142491,66,167.39999771118164
1767419142507,74,179.39999771118164
1767419142524,82,191.39999771118164
1767419142540,93,214.39999771118164
1767419142557,99,229.39999771118164
1767419142574,107,246.39999771118164
1767419142590,112,255.39999771118164
1767419142607,114,260.39999771118164
1767419142624,122,277.39999771118164
1767419142641,126,289.39999771118164
1767419142657,130,302.39999771118164
1767419142674,132,309.39999771118164
1767419142690,134,316.39999771118164
1767419142708,134,317.39999771118164
1767419142956,134,327.39999771118164
1767419142963,132,339.39999771118164
1767419142974,130,351.39999771118164
1767419142991,126,385.39999771118164
1767419143008,122,402.39999771118164
1767419143024,119,411.39999771118164
1767419143041,115,416.39999771118164
1767419143057,114,415.39999771118164
1767419143074,113,413.39999771118164
1767419143269,113,415.39999771118164
1767419143276,113,419.39999771118164
1767419143292,113,430.39999771118164
1767419143308,113,446.39999771118164
1767419143324,113,464.39999771118164
1767419143341,113,472.39999771118164
1767419143357,113,479.39999771118164
1767419143374,113,482.39999771118164
1767419143391,113,484.39999771118164
1767419143407,113,485.39999771118164
1767419143458,113,486.39999771118164
1767419143488,113,487.39999771118164
1767419143493,113,488.39999771118164
1767419143514,113,489.39999771118164
1767419143528,114,489.39999771118164
1767419143541,114,490.39999771118164
1767419143557,114,492.39999771118164
1767419143576,114,493.39999771118164
1767419143597,114,494.39999771118164
1767419143666,115,494.39999771118164
1767419143686,115,493.39999771118164
1767419143694,117,493.39999771118164
1767419143708,119,489.39999771118164
1767419143725,126,483.39999771118164
1767419143741,144,469.39999771118164
1767419143758,156,459.39999771118164
1767419143775,178,441.39999771118164
1767419143792,190,431.39999771118164
1767419143809,201,423.39999771118164
1767419143825,213,413.39999771118164
1767419143842,219,407.39999771118164
1767419143859,226,401.39999771118164
1767419143876,230,398.39999771118164
1767419143891,237,394.39999771118164
1767419143909,242,390.39999771118164
1767419143925,250,386.39999771118164
1767419143942,254,383.39999771118164
1767419143959,257,382.39999771118164
1767419143975,259,381.39999771118164
1767419143992,259,379.39999771118164
1767419144261,269,378.39999771118164
1767419144275,317,374.39999771118164
1767419144292,360,370.39999771118164
1767419144308,388,368.39999771118164
1767419144326,430,368.39999771118164
1767419144342,461,374.39999771118164
1767419144359,502,385.39999771118164
1767419144375,524,392.39999771118164
1767419144391,550,407.39999771118164
1767419144409,565,417.39999771118164
1767419144426,582,433.39999771118164
1767419144442,590,441.39999771118164
1767419144459,597,449.39999771118164
1767419144475,606,462.39999771118164
1767419144493,613,472.39999771118164
1767419144508,620,483.39999771118164
1767419144525,625,490.39999771118164
1767419144542,634,501.39999771118164
1767419144559,640,507.39999771118164
1767419144575,649,519.3999977111816
1767419144592,654,529.3999977111816
1767419144609,662,543.3999977111816
1767419144625,665,550.3999977111816
1767419144642,670,557.3999977111816
1767419144658,674,565.3999977111816
1767419144675,677,569.3999977111816
1767419144691,682,577.3999977111816
1767419144708,685,582.3999977111816
1767419144725,687,585.3999977111816
1767419144742,691,590.3999977111816
1767419144758,694,593.3999977111816
1767419144775,696,596.3999977111816
1767419144791,698,599.3999977111816
1767419144808,702,603.3999977111816
1767419144925,709,604.3999977111816
1767419144942,710,601.3999977111816
1767419144959,713,592.3999977111816
1767419144975,717,582.3999977111816
1767419144991,719,576.3999977111816
1767419145008,726,561.3999977111816
1767419145024,734,545.3999977111816
1767419145042,739,535.3999977111816
1767419145058,742,525.3999977111816
1767419145075,746,516.3999977111816
1767419145092,749,511.39999771118164
1767419145108,752,504.39999771118164
1767419145125,754,501.39999771118164
1767419145141,754,497.39999771118164
1767419145162,754,496.39999771118164
1767419145175,754,494.39999771118164
1767419145192,754,493.39999771118164
1767419145324,754,494.39999771118164
1767419145342,754,495.39999771118164
1767419145358,754,496.39999771118164
1767419145375,754,497.39999771118164
1767419145400,754,498.39999771118164
1767419145408,754,499.39999771118164
1767419145428,754,501.39999771118164
1767419145455,755,503.39999771118164
1767419145469,755,504.39999771118164
1767419145508,756,505.39999771118164
1767419145587,757,505.39999771118164
1767419146042,757,507.39999771118164
1767419146076,756,517.3999977111816
1767419146098,755,527.3999977111816
1767419146116,755,529.3999977111816
1767419146134,755,532.3999977111816
1767419146153,755,533.3999977111816
1767419146208,755,532.3999977111816
1767419146226,755,531.3999977111816
1767419146248,756,526.3999977111816
1767419146269,757,521.3999977111816
1767419146288,757,517.3999977111816
1767419146307,757,510.39999771118164
1767419146326,758,505.39999771118164
1767419146344,758,501.39999771118164
1767419146362,759,499.39999771118164
1767419146382,759,498.39999771118164
1767419146405,760,497.39999771118164
1767419146432,760,498.39999771118164
1767419146451,760,499.39999771118164
1767419146470,760,501.39999771118164
1767419146488,761,504.39999771118164
1767419146507,761,509.39999771118164
1767419146525,762,515.3999977111816
1767419146543,762,520.3999977111816
1767419146561,762,521.3999977111816
1767419146578,762,522.3999977111816
1767419146608,763,522.3999977111816
1767419146625,763,520.3999977111816
1767419146642,763,517.3999977111816
1767419146660,766,512.3999977111816
1767419146678,767,508.39999771118164
1767419146696,770,501.39999771118164
1767419146711,773,497.39999771118164
1767419146724,774,494.39999771118164
1767419146741,775,493.39999771118164
1767419146785,776,493.39999771118164
1767419146812,776,494.39999771118164
1767419146841,776,497.39999771118164
1767419146857,775,497.39999771118164
1767419146874,774,501.39999771118164
1767419146892,773,508.39999771118164
1767419146907,772,512.3999977111816
1767419146924,771,517.3999977111816
1767419146940,771,520.3999977111816
1767419146957,770,521.3999977111816
1767419146974,770,522.3999977111816
1767419147024,770,520.3999977111816
1767419147040,770,518.3999977111816
1767419147056,770,515.3999977111816
1767419147073,770,509.39999771118164
1767419147089,770,504.39999771118164
1767419147106,770,496.39999771118164
1767419147123,770,492.39999771118164
1767419147139,770,488.39999771118164
1767419147156,770,487.39999771118164
1767419147250,770,488.39999771118164
1767419147265,770,489.39999771118164
1767419147282,769,491.39999771118164
1767419147296,769,493.39999771118164
1767419147308,767,497.39999771118164
1767419147323,765,501.39999771118164
1767419147339,763,504.39999771118164
1767419147356,762,505.39999771118164
1767419147373,761,507.39999771118164
1767419147389,760,507.39999771118164
1767419147406,759,506.39999771118164
1767419147423,759,505.39999771118164
1767419147439,759,503.39999771118164
1767419147456,760,501.39999771118164
1767419147473,760,497.39999771118164
1767419147489,761,490.39999771118164
1767419147506,761,484.39999771118164
1767419147524,761,476.39999771118164
1767419147542,761,471.39999771118164
1767419147557,761,468.39999771118164
1767419147574,761,467.39999771118164
1767419147591,761,466.39999771118164
1767419147658,761,468.39999771118164
1767419147673,761,472.39999771118164
1767419147691,761,475.39999771118164
1767419147706,761,484.39999771118164
1767419147723,761,489.39999771118164
1767419147739,760,493.39999771118164
1767419147756,759,498.39999771118164
1767419147773,759,501.39999771118164
1767419147823,759,497.39999771118164
1767419147839,759,494.39999771118164
1767419147856,760,491.39999771118164
1767419147873,762,485.39999771118164
1767419147890,762,482.39999771118164
1767419147907,763,477.39999771118164
1767419147924,764,475.39999771118164
1767419147940,764,473.39999771118164
1767419147958,764,473.39999771118164
1767419148057,764,473.39999771118164
1767419148091,766,477.39999771118164
1767419148112,768,485.39999771118164
1767419148129,769,489.39999771118164
1767419148145,770,496.39999771118164
1767419148158,770,498.39999771118164
1767419148173,771,499.39999771118164
1767419148190,771,501.39999771118164
1767419148223,772,500.39999771118164
1767419148239,772,498.39999771118164
1767419148256,772,497.39999771118164
1767419148273,772,492.39999771118164
1767419148290,772,489.39999771118164
1767419148307,773,485.39999771118164
1767419148324,773,479.39999771118164
1767419148340,773,476.39999771118164
1767419148357,774,473.39999771118164
1767419148389,774,474.39999771118164
1767419148439,774,474.39999771118164
1767419148732,774,475.39999771118164
1767419148743,774,476.39999771118164
1767419148759,775,477.39999771118164
1767419148774,777,479.39999771118164
1767419148792,778,479.39999771118164
1767419148809,781,481.39999771118164
1767419148824,783,483.39999771118164
1767419148841,787,485.39999771118164
1767419148858,790,485.39999771118164
1767419148875,792,487.39999771118164
1767419148891,794,487.39999771118164
1767419148910,795,487.39999771118164
1767419148958,796,485.39999771118164
1767419149009,797,483.39999771118164
1767419149025,798,482.39999771118164
1767419149041,798,481.39999771118164
1767419149061,799,481.39999771118164
1767419149075,799,479.39999771118164
1767419149091,801,478.39999771118164
1767419149108,802,477.39999771118164
1767419149136,802,476.39999771118164
1767419149265,802,475.39999771118164
1767419149748,802,477.39999771118164
1767419149770,800,483.39999771118164
1767419149790,798,488.39999771118164
1767419149810,798,493.39999771118164
1767419149831,797,496.39999771118164
1767419149852,797,497.39999771118164
1767419149873,796,497.39999771118164
1767419149891,795,497.39999771118164
1767419149911,795,497.39999771118164
1767419149928,795,494.39999771118164
1767419149945,795,491.39999771118164
1767419149963,796,487.39999771118164
1767419149981,796,483.39999771118164
1767419150000,797,478.39999771118164
1767419150019,797,477.39999771118164
1767419150038,798,476.39999771118164
1767419150130,798,477.39999771118164
1767419150156,798,477.39999771118164
1767419150176,798,478.39999771118164
1767419150198,798,479.39999771118164
1767419150217,798,481.39999771118164
1767419150237,798,485.39999771118164
1767419150257,798,489.39999771118164
1767419150276,797,493.39999771118164
1767419150293,796,493.39999771118164
1767419150307,796,495.39999771118164
1767419150323,796,496.39999771118164
1767419150341,796,497.39999771118164
1767419150406,796,496.39999771118164
1767419150433,796,492.39999771118164
1767419150454,796,487.39999771118164
1767419150468,796,484.39999771118164
1767419150481,797,481.39999771118164
1767419150495,797,479.39999771118164
1767419150508,798,479.39999771118164
1767419150607,798,480.39999771118164
1767419150623,798,481.39999771118164
1767419150639,798,483.39999771118164
1767419150657,798,488.39999771118164
1767419150674,798,491.39999771118164
1767419150690,798,497.39999771118164
1767419150707,797,501.39999771118164
1767419150723,797,505.39999771118164
1767419150741,797,508.39999771118164
1767419150757,797,509.39999771118164
1767419150774,797,510.39999771118164
1767419150790,797,511.39999771118164
1767419150813,797,512.3999977111816
1767419150917,797,511.39999771118164
1767419150935,797,509.39999771118164
1767419150949,797,506.39999771118164
1767419150963,797,503.39999771118164
1767419150978,797,496.39999771118164
1767419150990,796,493.39999771118164
1767419151006,796,490.39999771118164
1767419151022,795,489.39999771118164
1767419151057,794,489.39999771118164
1767419151078,794,489.39999771118164
1767419151106,794,492.39999771118164
1767419151123,794,495.39999771118164
1767419151139,791,502.39999771118164
1767419151156,790,507.39999771118164
1767419151172,787,513.3999977111816
1767419151191,786,523.3999977111816
1767419151207,784,528.3999977111816
1767419151223,783,531.3999977111816
1767419151241,783,533.3999977111816
1767419151257,782,533.3999977111816
1767419151274,782,535.3999977111816
1767419151324,783,533.3999977111816
1767419151341,783,530.3999977111816
1767419151358,784,528.3999977111816
1767419151374,786,522.3999977111816
1767419151391,787,518.3999977111816
1767419151406,790,513.3999977111816
1767419151423,790,509.39999771118164
1767419151439,791,507.39999771118164
1767419151456,792,506.39999771118164
1767419151489,793,506.39999771118164
1767419151514,793,507.39999771118164
1767419151539,793,508.39999771118164
1767419151556,793,509.39999771118164
1767419151572,793,509.39999771118164
1767419151589,795,513.3999977111816
1767419151607,798,517.3999977111816
1767419151624,800,521.3999977111816
1767419151640,804,526.3999977111816
1767419151657,806,528.3999977111816
1767419151673,808,528.3999977111816
1767419151690,810,528.3999977111816
1767419151707,810,528.3999977111816
1767419151728,811,528.3999977111816
1767419151757,812,527.3999977111816
1767419151774,812,526.3999977111816
1767419151864,812,527.3999977111816
1767419151891,812,528.3999977111816
1767419151954,811,528.3999977111816
1767419151986,810,528.3999977111816
1767419152039,810,528.3999977111816
1767419156762,810,529.3999977111816
1767419156775,810,532.3999977111816
1767419156792,810,541.3999977111816
1767419156808,810,551.3999977111816
1767419156824,810,566.3999977111816
1767419156842,811,574.3999977111816
1767419156858,812,587.3999977111816
1767419156875,812,597.3999977111816
1767419156891,812,604.3999977111816
-1,-1,-1
1767419112301,102,22.39999771118164
1767419112560,104,22.39999771118164
1767419112574,106,22.39999771118164
1767419112591,122,23.39999771118164
1767419112608,134,25.39999771118164
1767419112624,147,26.39999771118164
1767419112641,151,27.39999771118164
1767419112658,153,28.39999771118164
1767419112675,154,28.39999771118164
1767419112691,154,29.39999771118164
1767419112772,154,29.39999771118164
1767419112786,153,29.39999771118164
1767419112793,151,29.39999771118164
1767419112808,149,30.39999771118164
1767419112825,144,32.39999771118164
1767419112841,134,33.39999771118164
1767419112858,127,33.39999771118164
1767419112875,119,35.39999771118164
1767419112892,116,35.39999771118164
1767419112908,114,36.39999771118164
1767419112925,112,36.39999771118164
1767419112941,111,36.39999771118164
1767419112958,110,36.39999771118164
1767419112975,107,37.39999771118164
1767419112992,104,37.39999771118164
1767419113008,101,37.39999771118164
1767419113025,98,37.39999771118164
1767419113042,96,38.39999771118164
1767419113059,95,38.39999771118164
1767419113079,94,38.39999771118164
1767419113106,94,39.39999771118164
1767419113141,94,40.39999771118164
1767419113168,94,41.39999771118164
1767419113175,95,41.39999771118164
1767419113224,96,41.39999771118164
1767419113241,96,41.39999771118164
1767419113258,98,41.39999771118164
1767419113275,98,42.39999771118164
1767419113291,100,42.39999771118164
1767419113308,102,43.39999771118164
1767419113325,104,44.39999771118164
1767419113341,106,45.39999771118164
1767419113358,107,45.39999771118164
1767419113375,108,45.39999771118164
1767419113400,109,46.39999771118164
1767419113462,109,47.39999771118164
1767419113475,110,47.39999771118164
1767419113491,110,47.39999771118164
1767419113509,111,48.39999771118164
1767419113529,112,48.39999771118164
1767419113557,113,49.39999771118164
1767419113647,112,49.39999771118164
1767419113666,111,49.39999771118164
1767419113680,110,49.39999771118164
1767419113691,110,49.39999771118164
1767419113708,109,49.39999771118164
1767419113725,106,49.39999771118164
1767419113741,105,49.39999771118164
1767419113758,102,49.39999771118164
1767419113776,102,49.39999771118164
1767419113830,101,49.39999771118164
1767419113878,101,50.39999771118164
1767419113925,101,51.39999771118164
1767419113946,102,52.39999771118164
1767419113967,103,53.39999771118164
1767419113975,104,53.39999771118164
1767419113991,105,54.39999771118164
1767419114008,106,55.39999771118164
1767419114025,110,58.39999771118164
1767419114042,114,60.39999771118164
1767419114058,119,62.39999771118164
1767419114075,122,64.39999771118164
1767419114091,124,65.39999771118164
1767419114108,124,65.39999771118164
1767419114124,125,65.39999771118164
1767419114144,126,66.39999771118164
1767419114234,126,65.39999771118164
1767419114254,126,65.39999771118164
1767419114260,126,64.39999771118164
1767419114275,127,63.39999771118164
1767419114291,127,61.39999771118164
1767419114308,127,57.39999771118164
1767419114325,127,53.39999771118164
1767419114341,127,48.39999771118164
1767419114358,127,42.39999771118164
1767419114375,126,39.39999771118164
1767419114391,125,36.39999771118164
1767419114408,125,35.39999771118164
1767419114424,123,34.39999771118164
1767419114441,123,33.39999771118164
1767419114458,122,33.39999771118164
1767419114475,122,33.39999771118164
1767419114492,121,34.39999771118164
1767419114508,121,35.39999771118164
1767419114527,120,35.39999771118164
1767419114541,119,37.39999771118164
1767419114558,116,39.39999771118164
1767419114575,113,42.39999771118164
1767419114591,108,47.39999771118164
1767419114608,105,52.39999771118164
1767419114625,102,57.39999771118164
1767419114642,102,61.39999771118164
1767419114658,100,64.39999771118164
1767419114675,100,65.39999771118164
1767419114692,100,66.39999771118164
1767419114719,100,67.39999771118164
1767419114739,100,68.39999771118164
1767419114814,100,67.39999771118164
1767419114827,100,66.39999771118164
1767419114841,100,64.39999771118164
1767419114858,100,59.39999771118164
1767419114875,100,55.39999771118164
1767419114891,100,47.39999771118164
1767419114908,100,42.39999771118164
1767419114925,100,37.39999771118164
1767419114941,100,36.39999771118164
1767419114958,100,35.39999771118164
1767419115018,100,36.39999771118164
1767419115039,100,37.39999771118164
1767419115073,100,37.39999771118164
1767419115091,100,39.39999771118164
1767419115108,99,42.39999771118164
1767419115124,99,45.39999771118164
1767419115141,98,51.39999771118164
1767419115158,98,53.39999771118164
1767419115175,98,55.39999771118164
1767419115191,98,56.39999771118164
1767419115208,98,57.39999771118164
1767419115224,98,57.39999771118164
1767419115243,98,57.39999771118164
1767419115258,97,57.39999771118164
1767419115275,97,56.39999771118164
1767419115291,97,54.39999771118164
1767419115308,97,50.39999771118164
1767419115325,96,47.39999771118164
1767419115341,95,41.39999771118164
1767419115358,95,37.39999771118164
1767419115375,95,33.39999771118164
1767419115391,95,32.39999771118164
1767419115408,95,31.39999771118164
1767419115462,95,32.39999771118164
1767419115489,95,33.39999771118164
1767419115558,96,33.39999771118164
1767419115585,96,34.39999771118164
1767419115626,97,34.39999771118164
1767419115654,98,34.39999771118164
1767419115674,98,33.39999771118164
1767419115691,98,33.39999771118164
1767419115708,98,32.39999771118164
1767419115725,98,31.39999771118164
1767419115741,99,30.39999771118164
1767419115758,100,29.39999771118164
1767419115775,100,28.39999771118164
1767419115791,102,26.39999771118164
1767419115808,103,24.39999771118164
1767419115824,107,21.39999771118164
1767419115841,108,20.39999771118164
1767419115858,109,18.39999771118164
1767419115875,110,18.39999771118164
1767419115891,110,18.39999771118164
1767419115941,110,19.39999771118164
1767419115974,110,20.39999771118164
1767419115991,110,21.39999771118164
1767419116008,110,22.39999771118164
1767419116025,110,25.39999771118164
1767419116041,111,25.39999771118164
1767419116058,111,27.39999771118164
1767419116075,111,28.39999771118164
1767419116091,111,29.39999771118164
1767419116124,112,29.39999771118164
1767419116141,112,28.39999771118164
1767419116158,113,27.39999771118164
1767419116175,113,25.39999771118164
1767419116191,114,24.39999771118164
1767419116208,115,22.39999771118164
1767419116282,115,23.39999771118164
1767419116291,116,23.39999771118164
1767419116308,116,24.39999771118164
1767419116325,118,28.39999771118164
1767419116342,118,32.39999771118164
1767419116358,122,38.39999771118164
1767419116375,123,41.39999771118164
1767419116391,124,45.39999771118164
1767419116408,126,45.39999771118164
1767419116426,126,45.39999771118164
1767419116445,126,45.39999771118164
1767419116460,126,44.39999771118164
1767419116474,126,43.39999771118164
1767419116492,127,42.39999771118164
1767419116508,128,40.39999771118164
1767419116524,130,37.39999771118164
1767419116541,131,34.39999771118164
1767419116558,133,30.39999771118164
1767419116575,134,27.39999771118164
1767419116591,135,25.39999771118164
1767419116609,135,25.39999771118164
1767419116671,135,25.39999771118164
1767419116708,134,29.39999771118164
1767419116725,134,32.39999771118164
1767419116741,134,37.39999771118164
1767419116758,134,40.39999771118164
1767419116774,133,43.39999771118164
1767419116791,133,45.39999771118164
1767419116808,132,45.39999771118164
1767419116824,132,46.39999771118164
1767419116841,132,47.39999771118164
1767419116897,132,46.39999771118164
1767419116910,132,45.39999771118164
1767419116924,132,43.39999771118164
1767419116942,133,42.39999771118164
1767419116958,133,41.39999771118164
1767419116975,133,40.39999771118164
1767419117041,133,41.39999771118164
1767419117059,133,43.39999771118164
1767419117074,133,45.39999771118164
1767419117091,134,50.39999771118164
1767419117108,134,60.39999771118164
1767419117125,134,65.39999771118164
1767419117141,135,70.39999771118164
1767419117158,135,73.39999771118164
1767419117208,135,73.39999771118164
1767419117225,135,70.39999771118164
1767419117241,134,68.39999771118164
1767419117258,134,65.39999771118164
1767419117274,133,61.39999771118164
1767419117292,133,60.39999771118164
1767419117308,132,58.39999771118164
1767419117324,132,57.39999771118164
1767419117341,131,57.39999771118164
1767419117374,130,57.39999771118164
1767419117401,130,57.39999771118164
1767419117414,130,57.39999771118164
1767419117424,130,58.39999771118164
1767419117441,129,59.39999771118164
1767419117458,128,61.39999771118164
1767419117475,127,65.39999771118164
1767419117491,125,69.39999771118164
1767419117508,122,73.39999771118164
1767419117524,120,75.39999771118164
1767419117541,119,77.39999771118164
1767419117558,118,77.39999771118164
1767419117574,118,77.39999771118164
1767419117591,117,77.39999771118164
1767419117608,115,77.39999771118164
1767419117626,115,76.39999771118164
1767419117641,115,75.39999771118164
1767419117658,115,73.39999771118164
1767419117674,115,71.39999771118164
1767419117691,115,69.39999771118164
1767419117708,114,68.39999771118164
1767419117724,114,67.39999771118164
1767419117742,114,67.39999771118164
1767419117791,113,69.39999771118164
1767419117808,113,71.39999771118164
1767419117824,111,75.39999771118164
1767419117841,107,83.39999771118164
1767419117858,104,88.39999771118164
1767419117874,100,93.39999771118164
1767419117891,98,95.39999771118164
1767419117908,96,95.39999771118164
1767419117924,96,94.39999771118164
1767419117941,95,92.39999771118164
1767419117958,95,90.39999771118164
1767419117974,95,89.39999771118164
1767419117991,95,83.39999771118164
1767419118008,95,77.39999771118164
1767419118024,95,70.39999771118164
1767419118041,96,67.39999771118164
1767419118058,96,66.39999771118164
1767419118108,96,67.39999771118164
1767419118125,97,69.39999771118164
1767419118141,98,73.39999771118164
1767419118158,98,79.39999771118164
1767419118174,100,92.39999771118164
1767419118192,101,103.39999771118164
1767419118208,102,121.39999771118164
1767419118225,103,131.39999771118164
1767419118241,103,137.39999771118164
1767419118258,103,143.39999771118164
1767419118275,103,146.39999771118164
1767419118324,103,144.39999771118164
1767419118342,103,137.39999771118164
1767419118358,104,125.39999771118164
1767419118375,105,118.39999771118164
1767419118391,106,112.39999771118164
1767419118408,106,108.39999771118164
1767419118458,106,109.39999771118164
1767419118475,106,114.39999771118164
1767419118491,106,123.39999771118164
1767419118508,103,147.39999771118164
1767419118525,103,163.39999771118164
1767419118541,102,177.39999771118164
1767419118559,102,197.39999771118164
1767419118575,102,205.39999771118164
1767419118591,102,210.39999771118164
1767419118608,102,212.39999771118164
1767419118625,103,212.39999771118164
1767419118641,105,208.39999771118164
1767419118658,106,200.39999771118164
1767419118674,110,180.39999771118164
1767419118691,117,161.39999771118164
1767419118708,126,132.39999771118164
1767419118725,130,115.39999771118164
1767419118741,134,100.39999771118164
1767419118758,134,93.39999771118164
1767419118775,135,90.39999771118164
1767419118825,135,93.39999771118164
1767419118841,136,97.39999771118164
1767419118858,136,113.39999771118164
1767419118875,135,129.39999771118164
1767419118891,134,160.39999771118164
1767419118908,131,181.39999771118164
1767419118925,130,205.39999771118164
1767419118942,130,212.39999771118164
1767419118958,130,217.39999771118164
1767419118975,129,223.39999771118164
1767419118991,129,225.39999771118164
1767419119013,128,225.39999771118164
1767419119025,128,225.39999771118164
1767419119041,128,219.39999771118164
1767419119058,128,214.39999771118164
1767419119075,130,205.39999771118164
1767419119091,132,188.39999771118164
1767419119108,133,177.39999771118164
1767419119125,134,161.39999771118164
1767419119142,135,156.39999771118164
1767419119158,135,153.39999771118164
1767419119177,134,153.39999771118164
1767419119191,134,153.39999771118164
1767419119208,134,157.39999771118164
1767419119224,132,172.39999771118164
1767419119241,129,188.39999771118164
1767419119257,126,209.39999771118164
1767419119274,122,234.39999771118164
1767419119291,122,248.39999771118164
1767419119308,122,261.39999771118164
1767419119325,121,266.39999771118164
1767419119341,121,270.39999771118164
1767419119358,121,272.39999771118164
1767419119381,121,270.39999771118164
1767419119391,121,269.39999771118164
1767419119408,122,261.39999771118164
1767419119424,127,241.39999771118164
1767419119441,131,225.39999771118164
1767419119458,138,197.39999771118164
1767419119474,141,182.39999771118164
1767419119491,143,165.39999771118164
1767419119508,144,160.39999771118164
1767419119525,145,157.39999771118164
1767419119541,146,157.39999771118164
1767419119565,146,157.39999771118164
1767419119579,146,159.39999771118164
1767419119591,145,162.39999771118164
1767419119608,142,176.39999771118164
1767419119624,138,189.39999771118164
1767419119641,128,216.39999771118164
1767419119658,122,233.39999771118164
1767419119674,117,245.39999771118164
1767419119691,113,254.39999771118164
1767419119708,112,257.39999771118164
1767419119724,110,258.39999771118164
1767419119742,109,258.39999771118164
1767419119757,106,251.39999771118164
1767419119774,105,243.39999771118164
1767419119791,105,233.39999771118164
1767419119808,102,217.39999771118164
1767419119824,99,205.39999771118164
1767419119841,94,190.39999771118164
1767419119858,93,184.39999771118164
1767419119874,92,179.39999771118164
1767419119891,91,178.39999771118164
1767419119907,90,177.39999771118164
1767419119934,90,179.39999771118164
1767419119950,91,180.39999771118164
1767419119957,91,181.39999771118164
1767419119974,91,185.39999771118164
1767419119991,90,199.39999771118164
1767419120009,88,214.39999771118164
1767419120025,85,228.39999771118164
1767419120042,82,245.39999771118164
1767419120058,82,251.39999771118164
1767419120075,80,256.39999771118164
1767419120091,80,257.39999771118164
1767419120109,80,257.39999771118164
1767419120127,80,257.39999771118164
1767419120141,81,251.39999771118164
1767419120159,82,245.39999771118164
1767419120174,82,230.39999771118164
1767419120191,83,218.39999771118164
1767419120208,84,207.39999771118164
1767419120225,86,194.39999771118164
1767419120242,86,188.39999771118164
1767419120258,87,184.39999771118164
1767419120274,87,183.39999771118164
1767419120291,87,182.39999771118164
1767419120317,87,183.39999771118164
1767419120324,87,184.39999771118164
1767419120342,87,189.39999771118164
1767419120358,86,199.39999771118164
1767419120375,82,223.39999771118164
1767419120392,82,242.39999771118164
1767419120408,80,268.39999771118164
1767419120425,78,279.39999771118164
1767419120441,78,289.39999771118164
1767419120459,78,293.39999771118164
1767419120475,78,295.39999771118164
1767419120492,78,296.39999771118164
1767419120509,78,295.39999771118164
1767419120525,78,289.39999771118164
1767419120542,80,280.39999771118164
1767419120558,84,260.39999771118164
1767419120575,87,243.39999771118164
1767419120591,93,218.39999771118164
1767419120608,95,205.39999771118164
1767419120625,98,198.39999771118164
1767419120641,100,190.39999771118164
1767419120658,101,190.39999771118164
1767419120708,101,191.39999771118164
1767419120724,101,193.39999771118164
1767419120741,102,206.39999771118164
1767419120758,102,222.39999771118164
1767419120774,104,240.39999771118164
1767419120791,107,265.39999771118164
1767419120808,107,275.39999771118164
1767419120824,109,282.39999771118164
1767419120842,109,285.39999771118164
1767419120858,110,287.39999771118164
1767419120877,110,285.39999771118164
1767419120891,112,282.39999771118164
1767419120908,113,276.39999771118164
1767419120925,114,269.39999771118164
1767419120941,118,255.39999771118164
1767419120958,122,246.39999771118164
1767419120975,130,229.39999771118164
1767419120992,134,221.39999771118164
1767419121008,136,217.39999771118164
1767419121025,138,216.39999771118164
1767419121084,138,217.39999771118164
1767419121091,138,217.39999771118164
1767419121109,138,222.39999771118164
1767419121125,138,239.39999771118164
1767419121142,138,254.39999771118164
1767419121158,141,281.39999771118164
1767419121176,142,292.39999771118164
1767419121192,143,301.39999771118164
1767419121208,145,306.39999771118164
1767419121225,146,309.39999771118164
1767419121242,146,309.39999771118164
1767419121259,146,309.39999771118164
1767419121275,147,305.39999771118164
1767419121292,148,300.39999771118164
1767419121308,150,287.39999771118164
1767419121325,152,277.39999771118164
1767419121342,154,269.39999771118164
1767419121359,157,261.39999771118164
1767419121375,158,257.39999771118164
1767419121392,159,255.39999771118164
1767419121466,159,257.39999771118164
1767419121475,159,257.39999771118164
1767419121492,158,263.39999771118164
1767419121508,154,279.39999771118164
1767419121525,150,293.39999771118164
1767419121541,143,313.39999771118164
1767419121559,141,326.39999771118164
1767419121575,138,338.39999771118164
1767419121592,137,342.39999771118164
1767419121609,136,345.39999771118164
1767419121625,136,345.39999771118164
1767419121642,135,345.39999771118164
1767419121658,135,344.39999771118164
1767419121675,135,341.39999771118164
1767419121691,135,329.39999771118164
1767419121708,135,318.39999771118164
1767419121724,135,309.39999771118164
1767419121741,135,293.39999771118164
1767419121758,135,280.39999771118164
1767419121774,135,275.39999771118164
1767419121792,135,272.39999771118164
1767419121809,135,269.39999771118164
1767419121875,135,270.39999771118164
1767419121891,134,277.39999771118164
1767419121908,130,285.39999771118164
1767419121925,121,305.39999771118164
1767419121942,112,321.39999771118164
1767419121958,106,334.39999771118164
1767419121975,105,337.39999771118164
1767419121991,102,338.39999771118164
1767419122008,101,335.39999771118164
1767419122024,101,325.39999771118164
1767419122041,101,317.39999771118164
1767419122059,99,304.39999771118164
1767419122074,96,283.39999771118164
1767419122092,95,271.39999771118164
1767419122108,93,257.39999771118164
1767419122125,93,249.39999771118164
1767419122141,93,245.39999771118164
1767419122158,92,245.39999771118164
1767419122175,92,244.39999771118164
1767419122225,92,248.39999771118164
1767419122242,91,253.39999771118164
1767419122258,89,267.39999771118164
1767419122275,86,278.39999771118164
1767419122291,83,295.39999771118164
1767419122308,82,302.39999771118164
1767419122325,80,307.39999771118164
1767419122342,79,311.39999771118164
1767419122359,78,312.39999771118164
1767419122375,78,313.39999771118164
1767419122392,78,313.39999771118164
1767419122407,78,307.39999771118164
1767419122424,78,300.39999771118164
1767419122442,80,289.39999771118164
1767419122457,83,273.39999771118164
1767419122474,84,265.39999771118164
1767419122491,87,248.39999771118164
1767419122508,89,239.39999771118164
1767419122525,89,233.39999771118164
1767419122541,89,231.39999771118164
1767419122558,89,230.39999771118164
1767419122586,89,231.39999771118164
1767419122592,89,233.39999771118164
1767419122608,88,237.39999771118164
1767419122624,86,246.39999771118164
1767419122641,82,265.39999771118164
1767419122658,82,274.39999771118164
1767419122674,80,284.39999771118164
1767419122692,79,286.39999771118164
1767419122708,78,288.39999771118164
1767419122742,78,285.39999771118164
1767419122757,78,275.39999771118164
1767419122774,79,265.39999771118164
1767419122791,81,248.39999771118164
1767419122808,83,235.39999771118164
1767419122824,84,218.39999771118164
1767419122842,84,209.39999771118164
1767419122858,84,201.39999771118164
1767419122875,84,194.39999771118164
1767419122891,84,192.39999771118164
1767419122908,84,189.39999771118164
1767419122925,84,188.39999771118164
1767419122941,84,187.39999771118164
1767419122958,84,186.39999771118164
1767419122980,83,186.39999771118164
1767419122991,83,188.39999771118164
1767419123008,82,190.39999771118164
1767419123024,81,203.39999771118164
1767419123041,78,218.39999771118164
1767419123058,72,245.39999771118164
1767419123075,69,261.39999771118164
1767419123091,66,276.39999771118164
1767419123108,66,281.39999771118164
1767419123124,66,282.39999771118164
1767419123142,66,281.39999771118164
1767419123158,66,277.39999771118164
1767419123175,67,266.39999771118164
1767419123191,68,258.39999771118164
1767419123208,72,238.39999771118164
1767419123224,76,222.39999771118164
1767419123241,81,197.39999771118164
1767419123258,86,181.39999771118164
1767419123275,92,161.39999771118164
1767419123291,94,154.39999771118164
1767419123308,95,150.39999771118164
1767419123325,96,149.39999771118164
1767419123341,97,149.39999771118164
1767419123363,98,149.39999771118164
1767419123374,98,149.39999771118164
1767419123391,98,154.39999771118164
1767419123409,101,163.39999771118164
1767419123425,105,177.39999771118164
1767419123442,110,198.39999771118164
1767419123458,115,209.39999771118164
1767419123474,124,224.39999771118164
1767419123491,126,228.39999771118164
1767419123508,130,233.39999771118164
1767419123525,130,233.39999771118164
1767419123541,133,230.39999771118164
1767419123558,134,225.39999771118164
1767419123575,136,217.39999771118164
1767419123592,140,205.39999771118164
1767419123608,142,196.39999771118164
1767419123625,147,185.39999771118164
1767419123642,150,180.39999771118164
1767419123658,151,176.39999771118164
1767419123676,152,175.39999771118164
1767419123692,153,174.39999771118164
1767419123718,153,175.39999771118164
1767419123726,153,177.39999771118164
1767419123742,153,180.39999771118164
1767419123759,152,186.39999771118164
1767419123775,152,201.39999771118164
1767419123792,151,209.39999771118164
1767419123808,151,221.39999771118164
1767419123826,150,225.39999771118164
1767419123842,150,228.39999771118164
1767419123875,150,226.39999771118164
1767419123892,150,220.39999771118164
1767419123908,150,214.39999771118164
1767419123924,149,202.39999771118164
1767419123941,147,197.39999771118164
1767419123957,146,187.39999771118164
1767419123974,146,185.39999771118164
1767419123991,146,183.39999771118164
1767419124041,146,185.39999771118164
1767419124057,145,189.39999771118164
1767419124074,142,201.39999771118164
1767419124091,137,213.39999771118164
1767419124108,133,227.39999771118164
1767419124125,132,233.39999771118164
1767419124141,131,237.39999771118164
1767419124157,131,240.39999771118164
1767419124174,131,241.39999771118164
1767419124191,131,239.39999771118164
1767419124208,131,235.39999771118164
1767419124224,131,225.39999771118164
1767419124241,131,218.39999771118164
1767419124257,133,209.39999771118164
1767419124274,134,196.39999771118164
1767419124291,134,186.39999771118164
1767419124308,137,175.39999771118164
1767419124325,138,171.39999771118164
1767419124341,139,168.39999771118164
1767419124358,139,167.39999771118164
1767419124408,139,170.39999771118164
1767419124424,138,177.39999771118164
1767419124441,136,189.39999771118164
1767419124457,134,206.39999771118164
1767419124475,134,216.39999771118164
1767419124491,134,226.39999771118164
1767419124508,133,230.39999771118164
1767419124525,133,232.39999771118164
1767419124551,133,229.39999771118164
1767419124557,132,228.39999771118164
1767419124574,132,221.39999771118164
1767419124591,132,210.39999771118164
1767419124607,132,202.39999771118164
1767419124625,132,193.39999771118164
1767419124641,132,181.39999771118164
1767419124658,132,176.39999771118164
1767419124674,133,170.39999771118164
1767419124691,133,169.39999771118164
1767419124708,134,168.39999771118164
1767419124777,134,170.39999771118164
1767419124791,134,173.39999771118164
1767419124808,132,179.39999771118164
1767419124824,132,191.39999771118164
1767419124841,131,198.39999771118164
1767419124858,130,205.39999771118164
1767419124874,130,209.39999771118164
1767419124891,130,210.39999771118164
1767419124908,130,212.39999771118164
1767419124924,130,211.39999771118164
1767419124941,129,202.39999771118164
1767419124958,128,193.39999771118164
1767419124974,127,185.39999771118164
1767419124991,126,171.39999771118164
1767419125008,126,165.39999771118164
1767419125025,125,156.39999771118164
1767419125041,124,152.39999771118164
1767419125058,124,149.39999771118164
1767419125075,124,148.39999771118164
1767419125139,124,149.39999771118164
1767419125158,124,149.39999771118164
1767419125174,122,157.39999771118164
1767419125191,116,170.39999771118164
1767419125208,108,191.39999771118164
1767419125224,104,204.39999771118164
1767419125241,98,217.39999771118164
1767419125258,96,221.39999771118164
1767419125274,96,224.39999771118164
1767419125291,94,227.39999771118164
1767419125307,94,227.39999771118164
1767419125324,93,221.39999771118164
1767419125341,93,216.39999771118164
1767419125357,93,204.39999771118164
1767419125375,93,194.39999771118164
1767419125391,91,177.39999771118164
1767419125408,90,166.39999771118164
1767419125425,90,157.39999771118164
1767419125441,90,148.39999771118164
1767419125457,90,145.39999771118164
1767419125475,90,142.39999771118164
1767419125535,90,143.39999771118164
1767419125542,90,145.39999771118164
1767419125558,90,149.39999771118164
1767419125574,88,155.39999771118164
1767419125591,85,168.39999771118164
1767419125608,82,178.39999771118164
1767419125624,80,187.39999771118164
1767419125642,79,190.39999771118164
1767419125658,78,191.39999771118164
1767419125691,78,187.39999771118164
1767419125707,78,182.39999771118164
1767419125724,78,176.39999771118164
1767419125741,78,167.39999771118164
1767419125758,78,161.39999771118164
1767419125774,78,152.39999771118164
1767419125791,78,145.39999771118164
1767419125808,78,137.39999771118164
1767419125826,78,133.39999771118164
1767419125842,78,132.39999771118164
1767419125858,78,130.39999771118164
1767419125877,78,129.39999771118164
1767419125925,79,129.39999771118164
1767419125942,79,130.39999771118164
1767419125958,79,135.39999771118164
1767419125974,78,142.39999771118164
1767419125991,77,153.39999771118164
1767419126007,74,169.39999771118164
1767419126024,74,176.39999771118164
1767419126040,73,182.39999771118164
1767419126058,72,183.39999771118164
1767419126074,72,182.39999771118164
1767419126091,71,177.39999771118164
1767419126107,71,173.39999771118164
1767419126124,71,164.39999771118164
1767419126141,71,155.39999771118164
1767419126157,70,143.39999771118164
1767419126175,70,135.39999771118164
1767419126190,73,124.39999771118164
1767419126208,74,117.39999771118164
1767419126224,74,113.39999771118164
1767419126241,75,109.39999771118164
1767419126257,75,108.39999771118164
1767419126279,76,108.39999771118164
1767419126325,77,108.39999771118164
1767419126341,77,110.39999771118164
1767419126358,77,113.39999771118164
1767419126374,78,122.39999771118164
1767419126392,79,130.39999771118164
1767419126407,82,139.39999771118164
1767419126424,86,150.39999771118164
1767419126441,87,153.39999771118164
1767419126457,88,156.39999771118164
1767419126474,90,157.39999771118164
1767419126490,90,157.39999771118164
1767419126507,91,154.39999771118164
1767419126524,92,151.39999771118164
1767419126541,94,144.39999771118164
1767419126558,94,138.39999771118164
1767419126574,97,133.39999771118164
1767419126592,98,129.39999771118164
1767419126607,99,126.39999771118164
1767419126625,101,124.39999771118164
1767419126641,102,122.39999771118164
1767419126658,103,121.39999771118164
1767419126675,104,121.39999771118164
1767419126692,105,121.39999771118164
1767419126723,105,122.39999771118164
1767419126741,105,124.39999771118164
1767419126758,105,125.39999771118164
1767419126775,106,133.39999771118164
1767419126791,109,142.39999771118164
1767419126807,110,149.39999771118164
1767419126824,113,153.39999771118164
1767419126841,114,157.39999771118164
1767419126858,114,159.39999771118164
1767419126874,114,160.39999771118164
1767419126891,114,159.39999771118164
1767419126907,114,156.39999771118164
1767419126924,114,153.39999771118164
1767419126941,114,149.39999771118164
1767419126958,116,141.39999771118164
1767419126974,117,134.39999771118164
1767419126991,118,125.39999771118164
1767419127008,122,117.39999771118164
1767419127024,125,109.39999771118164
1767419127042,126,105.39999771118164
1767419127057,129,102.39999771118164
1767419127074,129,101.39999771118164
1767419127125,130,103.39999771118164
1767419127142,130,109.39999771118164
1767419127158,132,116.39999771118164
1767419127175,136,137.39999771118164
1767419127192,138,152.39999771118164
1767419127208,140,165.39999771118164
1767419127224,141,171.39999771118164
1767419127241,142,173.39999771118164
1767419127257,142,175.39999771118164
1767419127274,142,176.39999771118164
1767419127290,142,173.39999771118164
1767419127308,143,170.39999771118164
1767419127324,143,165.39999771118164
1767419127342,144,163.39999771118164
1767419127358,145,157.39999771118164
1767419127375,146,152.39999771118164
1767419127392,146,148.39999771118164
1767419127408,149,143.39999771118164
1767419127425,150,141.39999771118164
1767419127442,150,140.39999771118164
1767419127529,150,141.39999771118164
1767419127541,150,141.39999771118164
1767419127559,150,145.39999771118164
1767419127575,149,152.39999771118164
1767419127592,145,165.39999771118164
1767419127608,142,174.39999771118164
1767419127624,140,181.39999771118164
1767419127641,139,185.39999771118164
1767419127658,138,187.39999771118164
1767419127674,137,187.39999771118164
1767419127698,137,186.39999771118164
1767419127708,137,185.39999771118164
1767419127724,137,183.39999771118164
1767419127741,137,176.39999771118164
1767419127757,137,170.39999771118164
1767419127774,138,161.39999771118164
1767419127791,139,154.39999771118164
1767419127807,140,147.39999771118164
1767419127824,142,137.39999771118164
1767419127842,143,131.39999771118164
1767419127859,145,126.39999771118164
1767419127876,145,125.39999771118164
1767419127892,146,125.39999771118164
1767419127909,146,124.39999771118164
1767419127931,146,125.39999771118164
1767419127942,146,125.39999771118164
1767419127959,145,129.39999771118164
1767419127974,142,137.39999771118164
1767419127991,140,146.39999771118164
1767419128007,135,162.39999771118164
1767419128024,132,171.39999771118164
1767419128040,130,177.39999771118164
1767419128057,128,180.39999771118164
1767419128074,127,181.39999771118164
1767419128091,126,181.39999771118164
1767419128107,126,178.39999771118164
1767419128124,125,169.39999771118164
1767419128141,124,162.39999771118164
1767419128158,123,153.39999771118164
1767419128175,122,146.39999771118164
1767419128191,121,136.39999771118164
1767419128209,120,130.39999771118164
1767419128225,120,123.39999771118164
1767419128241,120,121.39999771118164
1767419128257,119,120.39999771118164
1767419128325,119,122.39999771118164
1767419128340,116,129.39999771118164
1767419128357,112,135.39999771118164
1767419128374,106,143.39999771118164
1767419128391,100,151.39999771118164
1767419128407,97,155.39999771118164
1767419128424,92,159.39999771118164
1767419128441,90,161.39999771118164
1767419128457,89,161.39999771118164
1767419128474,87,161.39999771118164
1767419128490,87,160.39999771118164
1767419128507,86,154.39999771118164
1767419128524,86,149.39999771118164
1767419128541,86,141.39999771118164
1767419128558,85,135.39999771118164
1767419128574,85,127.39999771118164
1767419128592,84,121.39999771118164
1767419128607,84,117.39999771118164
1767419128669,84,117.39999771118164
1767419128692,85,117.39999771118164
1767419128710,85,117.39999771118164
1767419128725,85,120.39999771118164
1767419128742,85,124.39999771118164
1767419128757,84,130.39999771118164
1767419128774,83,135.39999771118164
1767419128790,81,140.39999771118164
1767419128807,81,143.39999771118164
1767419128824,80,144.39999771118164
1767419128841,79,145.39999771118164
1767419128857,78,145.39999771118164
1767419128874,78,143.39999771118164
1767419128891,78,141.39999771118164
1767419128907,78,139.39999771118164
1767419128924,78,135.39999771118164
1767419128940,78,133.39999771118164
1767419128957,78,129.39999771118164
1767419128974,78,125.39999771118164
1767419128990,78,121.39999771118164
1767419129007,78,119.39999771118164
1767419129024,78,117.39999771118164
1767419129043,78,117.39999771118164
1767419129090,78,116.39999771118164
1767419129108,79,116.39999771118164
1767419129157,81,117.39999771118164
1767419129174,82,118.39999771118164
1767419129191,83,121.39999771118164
1767419129208,86,124.39999771118164
1767419129224,87,125.39999771118164
1767419129241,88,125.39999771118164
1767419129258,89,125.39999771118164
1767419129274,90,124.39999771118164
1767419129290,90,121.39999771118164
1767419129307,90,121.39999771118164
1767419129324,90,119.39999771118164
1767419129341,91,117.39999771118164
1767419129357,91,117.39999771118164
1767419129376,91,115.39999771118164
1767419129392,92,115.39999771118164
1767419129408,93,114.39999771118164
1767419129458,93,113.39999771118164
1767419129474,94,113.39999771118164
1767419129491,95,112.39999771118164
1767419129507,95,111.39999771118164
1767419129524,96,111.39999771118164
1767419129542,96,110.39999771118164
1767419129558,97,109.39999771118164
1767419129577,98,108.39999771118164
1767419129591,99,107.39999771118164
1767419129609,100,105.39999771118164
1767419129624,103,97.39999771118164
1767419129642,106,92.39999771118164
1767419129658,108,88.39999771118164
1767419129674,110,82.39999771118164
1767419129691,111,80.39999771118164
1767419129708,113,75.39999771118164
1767419129725,113,72.39999771118164
1767419129741,114,67.39999771118164
1767419129758,114,65.39999771118164
1767419129774,115,61.39999771118164
1767419129792,116,57.39999771118164
1767419129808,117,55.39999771118164
1767419129825,118,52.39999771118164
1767419129841,118,49.39999771118164
1767419129858,118,46.39999771118164
1767419129875,120,43.39999771118164
1767419129891,121,41.39999771118164
1767419129909,122,37.39999771118164
1767419129924,123,36.39999771118164
1767419129941,125,35.39999771118164
1767419129958,126,35.39999771118164
1767419129974,129,42.39999771118164
1767419129991,131,49.39999771118164
1767419130007,134,61.39999771118164
1767419130025,135,69.39999771118164
1767419130041,136,79.39999771118164
1767419130058,137,85.39999771118164
1767419130074,138,92.39999771118164
1767419130091,138,102.39999771118164
1767419130108,138,112.39999771118164
1767419130123,138,121.39999771118164
1767419130141,138,126.39999771118164
1767419130157,138,132.39999771118164
1767419130174,137,133.39999771118164
1767419130190,136,135.39999771118164
1767419130207,135,135.39999771118164
1767419130224,135,136.39999771118164
1767419130253,135,137.39999771118164
1767419130369,134,137.39999771118164
1767419130425,134,137.39999771118164
1767419130474,134,136.39999771118164
1767419130490,134,133.39999771118164
1767419130507,136,126.39999771118164
1767419130524,138,119.39999771118164
1767419130541,145,105.39999771118164
1767419130558,149,97.39999771118164
1767419130575,153,89.39999771118164
1767419130592,155,86.39999771118164
1767419130608,156,85.39999771118164
1767419130658,156,88.39999771118164
1767419130675,156,92.39999771118164
1767419130692,154,100.39999771118164
1767419130708,152,109.39999771118164
1767419130725,150,119.39999771118164
1767419130742,147,125.39999771118164
1767419130758,146,131.39999771118164
1767419130774,144,138.39999771118164
1767419130790,143,142.39999771118164
1767419130807,142,148.39999771118164
1767419130824,142,151.39999771118164
1767419130840,141,154.39999771118164
1767419130858,140,157.39999771118164
1767419130874,138,161.39999771118164
1767419130891,138,163.39999771118164
1767419130907,136,166.39999771118164
1767419130924,135,170.39999771118164
1767419130940,134,173.39999771118164
1767419130957,134,175.39999771118164
1767419130974,133,177.39999771118164
1767419130990,132,178.39999771118164
1767419131008,131,180.39999771118164
1767419131024,131,181.39999771118164
1767419131042,131,181.39999771118164
1767419131059,130,182.39999771118164
1767419131107,130,183.39999771118164
1767419131157,130,183.39999771118164
1767419133571,184,302.39999771118164
1767419133837,184,300.39999771118164
1767419133849,184,297.39999771118164
1767419133863,184,291.39999771118164
1767419133877,184,285.39999771118164
1767419133892,185,277.39999771118164
1767419133909,185,275.39999771118164
1767419133925,185,274.39999771118164
1767419133958,185,275.39999771118164
1767419133975,184,277.39999771118164
1767419133992,184,277.39999771118164
1767419134008,184,279.39999771118164
1767419134025,184,281.39999771118164
1767419134042,184,283.39999771118164
1767419134059,184,285.39999771118164
1767419134075,183,289.39999771118164
1767419134091,182,293.39999771118164
1767419134107,182,295.39999771118164
1767419134124,181,297.39999771118164
1767419134140,180,297.39999771118164
1767419134157,180,297.39999771118164
1767419134174,179,297.39999771118164
1767419134190,179,296.39999771118164
1767419134208,179,294.39999771118164
1767419134224,180,289.39999771118164
1767419134240,181,285.39999771118164
1767419134257,182,281.39999771118164
1767419134274,183,272.39999771118164
1767419134292,184,268.39999771118164
1767419134308,186,265.39999771118164
1767419134325,186,264.39999771118164
1767419134355,186,265.39999771118164
1767419134380,186,265.39999771118164
1767419134404,186,267.39999771118164
1767419134418,186,268.39999771118164
1767419134436,186,269.39999771118164
1767419134455,186,271.39999771118164
1767419134467,186,273.39999771118164
1767419134480,186,275.39999771118164
1767419134493,186,276.39999771118164
1767419134509,187,277.39999771118164
1767419134553,187,277.39999771118164
1767419134567,187,276.39999771118164
1767419134580,188,273.39999771118164
1767419134608,188,260.39999771118164
1767419134625,188,253.39999771118164
1767419134641,188,242.39999771118164
1767419134658,188,238.39999771118164
1767419134675,188,235.39999771118164
1767419134691,188,233.39999771118164
1767419134742,188,234.39999771118164
1767419134758,188,237.39999771118164
1767419134775,187,238.39999771118164
1767419134790,186,241.39999771118164
1767419134809,184,248.39999771118164
1767419134824,182,254.39999771118164
1767419134840,181,261.39999771118164
1767419134857,179,262.39999771118164
1767419134874,178,264.39999771118164
1767419134900,178,262.39999771118164
1767419134913,178,261.39999771118164
1767419134925,178,258.39999771118164
1767419134940,178,256.39999771118164
1767419134957,180,249.39999771118164
1767419134974,181,244.39999771118164
1767419134990,181,234.39999771118164
1767419135007,182,227.39999771118164
1767419135025,183,214.39999771118164
1767419135042,184,208.39999771118164
1767419135058,185,204.39999771118164
1767419135075,186,200.39999771118164
1767419135091,186,199.39999771118164
1767419135107,186,198.39999771118164
1767419135141,186,197.39999771118164
1767419135175,186,197.39999771118164
1767419135191,186,198.39999771118164
1767419135208,186,201.39999771118164
1767419135225,186,206.39999771118164
1767419135241,186,210.39999771118164
1767419135257,186,214.39999771118164
1767419135275,184,217.39999771118164
1767419135291,182,218.39999771118164
1767419135307,182,217.39999771118164
1767419135323,180,213.39999771118164
1767419135340,180,209.39999771118164
1767419135357,179,205.39999771118164
1767419135374,178,199.39999771118164
1767419135390,177,193.39999771118164
1767419135408,174,186.39999771118164
1767419135425,173,181.39999771118164
1767419135441,170,175.39999771118164
1767419135459,170,173.39999771118164
1767419135474,169,172.39999771118164
1767419135491,169,171.39999771118164
1767419135542,168,170.39999771118164
1767419135590,167,169.39999771118164
1767419135607,167,169.39999771118164
1767419135624,167,168.39999771118164
1767419135642,167,167.39999771118164
1767419135658,166,165.39999771118164
1767419135674,166,162.39999771118164
1767419135692,165,158.39999771118164
1767419135707,164,152.39999771118164
1767419135725,163,148.39999771118164
1767419135741,163,140.39999771118164
1767419135758,163,136.39999771118164
1767419135774,163,131.39999771118164
1767419135792,163,127.39999771118164
1767419135808,163,125.39999771118164
1767419135824,162,121.39999771118164
1767419135841,162,118.39999771118164
1767419135857,162,115.39999771118164
1767419135875,162,113.39999771118164
1767419135891,162,109.39999771118164
1767419135908,162,108.39999771118164
1767419135924,162,105.39999771118164
1767419135940,159,103.39999771118164
1767419135957,157,102.39999771118164
1767419135973,152,102.39999771118164
1767419135990,148,105.39999771118164
1767419136007,142,109.39999771118164
1767419136023,138,113.39999771118164
1767419136040,132,117.39999771118164
1767419136057,127,123.39999771118164
1767419136073,124,126.39999771118164
1767419136090,120,130.39999771118164
1767419136107,117,133.39999771118164
1767419136123,114,136.39999771118164
1767419136140,113,137.39999771118164
1767419136157,112,141.39999771118164
1767419136174,110,142.39999771118164
1767419136190,110,144.39999771118164
1767419136207,107,146.39999771118164
1767419136223,107,147.39999771118164
1767419136240,106,149.39999771118164
1767419136257,105,149.39999771118164
1767419136273,104,150.39999771118164
1767419136294,103,150.39999771118164
1767419136362,102,150.39999771118164
1767419136383,102,150.39999771118164
1767419136409,101,149.39999771118164
1767419136423,100,149.39999771118164
1767419136440,99,146.39999771118164
1767419136457,98,142.39999771118164
1767419136474,98,139.39999771118164
1767419136491,97,136.39999771118164
1767419136507,95,131.39999771118164
1767419136524,94,128.39999771118164
1767419136540,94,126.39999771118164
1767419136557,94,125.39999771118164
1767419136574,94,125.39999771118164
1767419136594,93,125.39999771118164
1767419136640,93,126.39999771118164
1767419136657,92,127.39999771118164
1767419136673,90,130.39999771118164
1767419136690,85,135.39999771118164
1767419136707,81,138.39999771118164
1767419136723,69,144.39999771118164
1767419136740,63,145.39999771118164
1767419136757,58,148.39999771118164
1767419136773,51,150.39999771118164
1767419136790,47,150.39999771118164
1767419136806,42,150.39999771118164
1767419136823,39,149.39999771118164
1767419136840,35,148.39999771118164
1767419136857,34,148.39999771118164
1767419136873,30,145.39999771118164
1767419136891,27,143.39999771118164
1767419136907,25,141.39999771118164
1767419136923,21,137.39999771118164
1767419136940,19,135.39999771118164
1767419136956,15,135.39999771118164
1767419136973,14,135.39999771118164
1767419136990,10,135.39999771118164
1767419137007,8,135.39999771118164
1767419137023,6,135.39999771118164
1767419137040,2,135.39999771118164
1767419137057,0,136.39999771118164
1767419137073,-2,138.39999771118164
1767419137090,-5,141.39999771118164
1767419137108,-7,147.39999771118164
1767419137125,-8,152.39999771118164
1767419137175,-8,165.39999771118164
1767419137191,-4,168.39999771118164
1767419137208,-2,169.39999771118164
1767419137225,1,169.39999771118164
1767419137241,3,169.39999771118164
1767419137258,5,169.39999771118164
1767419137275,6,168.39999771118164
1767419137291,6,167.39999771118164
1767419137309,7,167.39999771118164
1767419137324,8,165.39999771118164
1767419137341,8,164.39999771118164
1767419137358,9,164.39999771118164
1767419138438,46,146.39999771118164
1767419138654,46,148.39999771118164
1767419138665,45,154.39999771118164
1767419138677,44,158.39999771118164
1767419138691,42,165.39999771118164
1767419138708,40,178.39999771118164
1767419138725,39,185.39999771118164
1767419138741,38,194.39999771118164
1767419138774,36,201.39999771118164
1767419138791,35,204.39999771118164
1767419138808,35,205.39999771118164
1767419138824,35,208.39999771118164
1767419138842,35,209.39999771118164
1767419138858,35,210.39999771118164
1767419138873,32,210.39999771118164
1767419138890,29,212.39999771118164
1767419138907,26,213.39999771118164
1767419138923,24,216.39999771118164
1767419138940,19,219.39999771118164
1767419138957,17,222.39999771118164
1767419138974,12,228.39999771118164
1767419138992,10,232.39999771118164
1767419139006,6,237.39999771118164
1767419139023,3,238.39999771118164
1767419139040,0,240.39999771118164
1767419139057,-3,241.39999771118164
1767419139073,-4,241.39999771118164
1767419139090,-4,242.39999771118164
1767419139107,-4,243.39999771118164
1767419139157,-4,244.39999771118164
1767419139175,-4,245.39999771118164
1767419139191,-3,247.39999771118164
1767419139208,-2,248.39999771118164
1767419139224,1,252.39999771118164
1767419139241,4,256.39999771118164
1767419139257,6,260.39999771118164
1767419139274,9,263.39999771118164
1767419139291,11,264.39999771118164
1767419139308,13,264.39999771118164
1767419139326,14,264.39999771118164
1767419139341,15,262.39999771118164
1767419139358,16,259.39999771118164
1767419139374,18,256.39999771118164
1767419139391,22,249.39999771118164
1767419139408,26,244.39999771118164
1767419139424,32,236.39999771118164
1767419139441,34,231.39999771118164
1767419139457,38,228.39999771118164
1767419139475,38,228.39999771118164
1767419139490,39,228.39999771118164
1767419139507,39,229.39999771118164
1767419139524,39,229.39999771118164
1767419139541,39,231.39999771118164
1767419139558,39,232.39999771118164
1767419139574,39,233.39999771118164
1767419139591,38,235.39999771118164
1767419139607,38,238.39999771118164
1767419139624,38,241.39999771118164
1767419139641,38,244.39999771118164
1767419139658,38,246.39999771118164
1767419139675,38,247.39999771118164
1767419139691,38,249.39999771118164
1767419139799,38,249.39999771118164
1767419139824,38,250.39999771118164
1767419139841,38,253.39999771118164
1767419139858,38,255.39999771118164
1767419139874,39,260.39999771118164
1767419139891,39,263.39999771118164
1767419139907,40,265.39999771118164
1767419139924,40,267.39999771118164
1767419139941,41,269.39999771118164
1767419139958,41,269.39999771118164
1767419140008,42,268.39999771118164
1767419140024,43,264.39999771118164
1767419140041,45,259.39999771118164
1767419140058,46,253.39999771118164
1767419140075,48,245.39999771118164
1767419140091,50,241.39999771118164
1767419140107,52,239.39999771118164
1767419140134,53,239.39999771118164
1767419140147,53,240.39999771118164
1767419140159,53,241.39999771118164
1767419140174,53,243.39999771118164
1767419140191,53,245.39999771118164
1767419140208,52,249.39999771118164
1767419140224,51,257.39999771118164
1767419140241,49,266.39999771118164
1767419140258,47,277.39999771118164
1767419140275,47,283.39999771118164
1767419140291,46,288.39999771118164
1767419140308,46,289.39999771118164
1767419140326,46,290.39999771118164
1767419140373,46,289.39999771118164
1767419140391,46,287.39999771118164
1767419140407,46,283.39999771118164
1767419140425,46,277.39999771118164
1767419140441,48,268.39999771118164
1767419140458,50,259.39999771118164
1767419140473,50,249.39999771118164
1767419140491,53,239.39999771118164
1767419140508,54,237.39999771118164
1767419140524,54,235.39999771118164
1767419140543,54,235.39999771118164
1767419140557,54,236.39999771118164
1767419140574,54,237.39999771118164
1767419140591,54,239.39999771118164
1767419140608,54,241.39999771118164
1767419140624,54,245.39999771118164
1767419140641,53,251.39999771118164
1767419140657,53,255.39999771118164
1767419140674,51,260.39999771118164
1767419140691,50,261.39999771118164
1767419140708,50,262.39999771118164
1767419140735,50,261.39999771118164
1767419140748,50,261.39999771118164
1767419140762,50,257.39999771118164
1767419140774,50,254.39999771118164
1767419140790,50,244.39999771118164
1767419140807,52,234.39999771118164
1767419140824,56,216.39999771118164
1767419140841,59,205.39999771118164
1767419140858,61,198.39999771118164
1767419140875,62,193.39999771118164
1767419140891,62,191.39999771118164
1767419140932,63,191.39999771118164
1767419140946,63,192.39999771118164
1767419140960,63,193.39999771118164
1767419140974,63,197.39999771118164
1767419140991,61,206.39999771118164
1767419141007,57,224.39999771118164
1767419141024,54,233.39999771118164
1767419141040,52,240.39999771118164
1767419141056,50,247.39999771118164
1767419141073,48,249.39999771118164
1767419141090,48,251.39999771118164
1767419141106,47,252.39999771118164
1767419141123,46,252.39999771118164
1767419141140,46,251.39999771118164
1767419141156,46,247.39999771118164
1767419141173,45,243.39999771118164
1767419141190,45,240.39999771118164
1767419141206,45,234.39999771118164
1767419141223,45,229.39999771118164
1767419141240,45,217.39999771118164
1767419141258,45,211.39999771118164
1767419141274,45,203.39999771118164
1767419141291,46,200.39999771118164
1767419141308,46,198.39999771118164
1767419141349,46,199.39999771118164
1767419141375,46,201.39999771118164
1767419141391,46,204.39999771118164
1767419141407,46,208.39999771118164
1767419141423,44,218.39999771118164
1767419141441,42,225.39999771118164
1767419141457,40,231.39999771118164
1767419141473,38,238.39999771118164
1767419141490,38,241.39999771118164
1767419141506,37,243.39999771118164
1767419141523,37,244.39999771118164
1767419141546,37,241.39999771118164
1767419141560,37,238.39999771118164
1767419141573,37,237.39999771118164
1767419141590,37,230.39999771118164
1767419141606,38,225.39999771118164
1767419141623,40,211.39999771118164
1767419141640,43,202.39999771118164
1767419141658,49,186.39999771118164
1767419141674,51,177.39999771118164
1767419141691,58,166.39999771118164
1767419141707,58,161.39999771118164
1767419141724,60,159.39999771118164
1767419141740,61,157.39999771118164
1767419141774,61,157.39999771118164
1767419141800,62,157.39999771118164
1767419141826,62,158.39999771118164
1767419141841,62,160.39999771118164
1767419141857,62,164.39999771118164
1767419141874,62,170.39999771118164
1767419141890,63,183.39999771118164
1767419141907,63,191.39999771118164
1767419141924,63,198.39999771118164
1767419141941,63,201.39999771118164
1767419141958,63,201.39999771118164
1767419141984,63,201.39999771118164
1767419141997,63,200.39999771118164
1767419142011,63,197.39999771118164
1767419142024,63,194.39999771118164
1767419142040,63,188.39999771118164
1767419142058,63,183.39999771118164
1767419142074,64,175.39999771118164
1767419142091,64,171.39999771118164
1767419142107,66,167.39999771118164
1767419142124,66,166.39999771118164
1767419142140,66,165.39999771118164
1767419145844,757,505.39999771118164
1767419146042,757,507.39999771118164
1767419146076,756,517.3999977111816
1767419146098,755,527.3999977111816
1767419146116,755,529.3999977111816
1767419146134,755,532.3999977111816
1767419146153,755,533.3999977111816
1767419146208,755,532.3999977111816
1767419146226,755,531.3999977111816
1767419146248,756,526.3999977111816
1767419146269,757,521.3999977111816
1767419146288,757,517.3999977111816
1767419146307,757,510.39999771118164
1767419146326,758,505.39999771118164
1767419146344,758,501.39999771118164
1767419146362,759,499.39999771118164
1767419146382,759,498.39999771118164
1767419146405,760,497.39999771118164
1767419146432,760,498.39999771118164
1767419146451,760,499.39999771118164
1767419146470,760,501.39999771118164
1767419146488,761,504.39999771118164
1767419146507,761,509.39999771118164
1767419146525,762,515.3999977111816
1767419146543,762,520.3999977111816
1767419146561,762,521.3999977111816
1767419146578,762,522.3999977111816
1767419146608,763,522.3999977111816
1767419146625,763,520.3999977111816
1767419146642,763,517.3999977111816
1767419146660,766,512.3999977111816
1767419146678,767,508.39999771118164
1767419146696,770,501.39999771118164
1767419146711,773,497.39999771118164
1767419146724,774,494.39999771118164
1767419146741,775,493.39999771118164
1767419146785,776,493.39999771118164
1767419146812,776,494.39999771118164
1767419146841,776,497.39999771118164
1767419146857,775,497.39999771118164
1767419146874,774,501.39999771118164
1767419146892,773,508.39999771118164
1767419146907,772,512.3999977111816
1767419146924,771,517.3999977111816
1767419146940,771,520.3999977111816
1767419146957,770,521.3999977111816
1767419146974,770,522.3999977111816
1767419147024,770,520.3999977111816
1767419147040,770,518.3999977111816
1767419147056,770,515.3999977111816
1767419147073,770,509.39999771118164
1767419147089,770,504.39999771118164
1767419147106,770,496.39999771118164
1767419147123,770,492.39999771118164
1767419147139,770,488.39999771118164
1767419147156,770,487.39999771118164
1767419147250,770,488.39999771118164
1767419147265,770,489.39999771118164
1767419147282,769,491.39999771118164
1767419147296,769,493.39999771118164
1767419147308,767,497.39999771118164
1767419147323,765,501.39999771118164
1767419147339,763,504.39999771118164
1767419147356,762,505.39999771118164
1767419147373,761,507.39999771118164
1767419147389,760,507.39999771118164
1767419147406,759,506.39999771118164
1767419147423,759,505.39999771118164
1767419147439,759,503.39999771118164
1767419147456,760,501.39999771118164
1767419147473,760,497.39999771118164
1767419147489,761,490.39999771118164
1767419147506,761,484.39999771118164
1767419147524,761,476.39999771118164
1767419147542,761,471.39999771118164
1767419147557,761,468.39999771118164
1767419147574,761,467.39999771118164
1767419147591,761,466.39999771118164
1767419147658,761,468.39999771118164
1767419147673,761,472.39999771118164
1767419147691,761,475.39999771118164
1767419147706,761,484.39999771118164
1767419147723,761,489.39999771118164
1767419147739,760,493.39999771118164
1767419147756,759,498.39999771118164
1767419147773,759,501.39999771118164
1767419147823,759,497.39999771118164
1767419147839,759,494.39999771118164
1767419147856,760,491.39999771118164
1767419147873,762,485.39999771118164
1767419147890,762,482.39999771118164
1767419147907,763,477.39999771118164
1767419147924,764,475.39999771118164
1767419147940,764,473.39999771118164
1767419147958,764,473.39999771118164
1767419148057,764,473.39999771118164
1767419148091,766,477.39999771118164
1767419148112,768,485.39999771118164
1767419148129,769,489.39999771118164
1767419148145,770,496.39999771118164
1767419148158,770,498.39999771118164
1767419148173,771,499.39999771118164
1767419148190,771,501.39999771118164
1767419148223,772,500.39999771118164
1767419148239,772,498.39999771118164
1767419148256,772,497.39999771118164
1767419148273,772,492.39999771118164
1767419148290,772,489.39999771118164
1767419148307,773,485.39999771118164
1767419148324,773,479.39999771118164
1767419148340,773,476.39999771118164
1767419148357,774,473.39999771118164
1767419148389,774,474.39999771118164
1767419149473,802,475.39999771118164
1767419149748,802,477.39999771118164
1767419149770,800,483.39999771118164
1767419149790,798,488.39999771118164
1767419149810,798,493.39999771118164
1767419149831,797,496.39999771118164
1767419149852,797,497.39999771118164
1767419149873,796,497.39999771118164
1767419149891,795,497.39999771118164
1767419149911,795,497.39999771118164
1767419149928,795,494.39999771118164
1767419149945,795,491.39999771118164
1767419149963,796,487.39999771118164
1767419149981,796,483.39999771118164
1767419150000,797,478.39999771118164
1767419150019,797,477.39999771118164
1767419150038,798,476.39999771118164
1767419150130,798,477.39999771118164
1767419150156,798,477.39999771118164
1767419150176,798,478.39999771118164
1767419150198,798,479.39999771118164
1767419150217,798,481.39999771118164
1767419150237,798,485.39999771118164
1767419150257,798,489.39999771118164
1767419150276,797,493.39999771118164
1767419150293,796,493.39999771118164
1767419150307,796,495.39999771118164
1767419150323,796,496.39999771118164
1767419150341,796,497.39999771118164
1767419150406,796,496.39999771118164
1767419150433,796,492.39999771118164
1767419150454,796,487.39999771118164
1767419150468,796,484.39999771118164
1767419150481,797,481.39999771118164
1767419150495,797,479.39999771118164
1767419150508,798,479.39999771118164
1767419150607,798,480.39999771118164
1767419150623,798,481.39999771118164
1767419150639,798,483.39999771118164
1767419150657,798,488.39999771118164
1767419150674,798,491.39999771118164
1767419150690,798,497.39999771118164
1767419150707,797,501.39999771118164
1767419150723,797,505.39999771118164
1767419150741,797,508.39999771118164
1767419150757,797,509.39999771118164
1767419150774,797,510.39999771118164
1767419150790,797,511.39999771118164
1767419150813,797,512.3999977111816
1767419150917,797,511.39999771118164
1767419150935,797,509.39999771118164
1767419150949,797,506.39999771118164
1767419150963,797,503.39999771118164
1767419150978,797,496.39999771118164
1767419150990,796,493.39999771118164
1767419151006,796,490.39999771118164
1767419151022,795,489.39999771118164
1767419151057,794,489.39999771118164
1767419151078,794,489.39999771118164
1767419151106,794,492.39999771118164
1767419151123,794,495.39999771118164
1767419151139,791,502.39999771118164
1767419151156,790,507.39999771118164
1767419151172,787,513.3999977111816
1767419151191,786,523.3999977111816
1767419151207,784,528.3999977111816
1767419151223,783,531.3999977111816
1767419151241,783,533.3999977111816
1767419151257,782,533.3999977111816
1767419151274,782,535.3999977111816
1767419151324,783,533.3999977111816
1767419151341,783,530.3999977111816
1767419151358,784,528.3999977111816
1767419151374,786,522.3999977111816
1767419151391,787,518.3999977111816
1767419151406,790,513.3999977111816
1767419151423,790,509.39999771118164
1767419151439,791,507.39999771118164
1767419151456,792,506.39999771118164
1767419151489,793,506.39999771118164
1767419151514,793,507.39999771118164
1767419151539,793,508.39999771118164
1767419151556,793,509.39999771118164
1767419151572,793,509.39999771118164
1767419151589,795,513.3999977111816
1767419151607,798,517.3999977111816
1767419151624,800,521.3999977111816
1767419151640,804,526.3999977111816
1767419151657,806,528.3999977111816
1767419151673,808,528.3999977111816
1767419151690,810,528.3999977111816
1767419151707,810,528.3999977111816
1767419151728,811,528.3999977111816
1767419151757,812,527.3999977111816
1767419151774,812,526.3999977111816
1767419151864,812,527.3999977111816
1767419151891,812,528.3999977111816
1767419151954,811,528.3999977111816
1767419151986,810,528.3999977111816
-1,-1,-1
1767419112301,,
1767419133571,,
1767419138438,,
1767419145844,,
1767419149473,,
-1,-1,-1
1767419131175,,
1767419137367,,
1767419142174,,
1767419148408,,
1767419152013,,
