1762227818503,801,589
1762227818507,794,584
1762227818514,780,571
1762227818520,766,559
1762227818525,749,544
1762227818532,730,527
1762227818539,700,499
1762227818544,682,485
1762227818550,649,457
1762227818556,609,425
1762227818562,566,389
1762227818568,524,345
1762227818574,471,298
1762227818580,425,259
1762227818586,384,219
1762227818592,343,183
1762227818598,303,150
1762227818604,267,120
1762227818610,235,92
1762227818616,208,70
1762227818623,182,46
1762227818629,162,26
1762227818634,149,13
1762227818641,138,3
1762227818828,210,4
1762227818834,227,13
1762227818840,241,22
1762227818846,257,33
1762227818852,271,42
1762227818859,283,50
1762227818865,298,63
1762227818871,310,72
1762227818877,319,79
1762227818883,330,91
1762227818889,337,97
1762227818895,343,105
1762227818901,349,114
1762227818907,354,122
1762227818913,358,127
1762227818919,362,136
1762227818925,366,140
1762227818931,368,144
1762227818937,370,148
1762227818943,372,154
1762227818949,373,155
1762227818955,373,158
1762227818962,375,159
1762227818968,376,159
1762227819259,377,159
1762227819265,380,159
1762227819271,384,157
1762227819277,389,154
1762227819283,393,150
1762227819289,394,150
1762227819479,395,149
1762227819483,395,148
1762227819489,397,145
1762227819495,398,142
1762227819501,399,142
1762227819509,400,141
1762227819559,400,140
1762227819564,399,140
1762227819568,396,138
1762227819574,384,131
1762227819580,355,118
1762227819586,320,102
1762227819592,276,85
1762227819598,235,64
1762227819604,195,43
1762227819610,154,23
1762227819616,122,5
1762227819774,19,11
1762227819780,24,29
1762227819786,29,42
1762227819792,32,52
1762227819798,36,60
1762227819804,39,68
1762227819810,42,73
1762227819816,43,77
1762227819822,44,79
1762227819828,45,80
1762227820019,44,80
1762227820028,43,81
1762227820175,43,82
1762227820184,43,83
1762227820192,43,85
1762227820266,45,86
1762227820273,47,87
1762227820277,48,88
1762227820283,49,89
1762227820289,51,89
1762227820295,54,89
1762227820301,55,90
1762227820307,59,90
1762227820313,63,90
1762227820319,64,90
1762227820325,67,90
1762227820331,69,89
1762227820337,72,88
1762227820343,76,88
1762227820349,79,85
1762227820355,82,83
1762227820361,84,80
1762227820368,86,78
1762227820374,89,77
1762227820380,91,76
1762227820386,92,75
1762227820392,95,74
1762227820398,95,73
1762227820404,96,72
1762227820410,97,72
1762227820428,98,72
1762227820434,98,71
1762227820647,99,71
1762227820653,99,68
1762227820659,99,67
1762227820665,99,64
1762227820671,100,63
1762227820677,100,62
1762227820683,100,59
1762227820689,101,58
1762227820695,101,56
1762227820701,102,54
1762227820707,102,52
1762227820713,102,51
1762227820719,102,50
1762227820737,102,48
1762227820908,102,49
1762227820925,102,50
1762227820931,103,51
1762227820950,105,53
1762227820968,106,54
1762227820978,106,55
1762227820981,107,56
1762227821044,108,56
1762227821084,110,56
1762227821092,111,56
1762227821107,112,56
1762227821151,113,56
1762227821456,112,56
1762227821479,111,56
1762227821506,110,56
1762227821510,110,57
1762227821534,108,57
1762227821567,107,57
1762227821638,106,57
1762227821661,105,57
1762227821684,103,57
1762227821717,102,57
1762227821735,101,57
1762227821776,99,57
1762227821794,98,57
1762227821810,98,56
1762227821818,98,55
1762227821822,97,53
1762227821828,97,52
1762227821834,95,50
1762227821840,94,49
1762227821850,94,48
1762227821858,93,48
1762227821866,91,48
1762227821888,90,47
1762227821907,89,47
1762227821936,88,47
1762227821964,86,47
1762227822255,87,48
1762227822276,87,49
1762227822284,88,50
1762227822301,88,51
1762227822853,89,51
1762227822861,90,51
1762227822877,91,51
1762227822883,93,51
1762227822901,94,51
1762227822910,95,51
1762227822956,97,51
1762227823719,96,51
1762227823727,95,51
1762227823732,94,51
1762227823739,93,51
1762227823755,91,51
1762227823792,90,51
1762227823810,89,51
1762227823828,87,51
1762227824550,86,51
1762227824561,85,51
1762227824588,84,51
1762227825002,85,51
1762227825008,86,51
1762227825015,87,51
1762227825041,89,51
1762227825047,89,50
1762227825053,90,50
1762227825058,91,50
1762227825064,92,50
1762227825074,94,50
1762227825089,94,49
1762227825095,95,49
1762227825101,96,49
1762227825119,97,49
1762227825125,98,48
1762227825814,99,47
1762227825817,99,46
1762227825840,99,45
1762227825849,99,44
1762227826119,98,43
1762227826290,98,44
1762227826312,100,44
1762227826320,101,44
1762227826325,102,45
1762227826351,104,46
1762227826367,105,46
1762227826386,108,46
1762227826395,109,46
1762227826417,110,47
1762227826455,111,47
1762227826459,112,47
1762227826523,112,48
1762227826544,114,48
1762227826569,114,49
1762227826592,115,49
1762227826611,116,49
1762227826621,117,49
1762227826680,118,49
1762227826683,119,49
1762227826715,119,48
1762227826796,119,47
1762227826845,119,46
1762227826862,118,46
1762227826870,117,46
1762227826889,116,46
1762227826900,114,46
1762227826907,113,45
1762227826913,112,45
1762227826931,111,45
1762227826937,110,45
1762227826943,108,45
1762227827021,107,45
1762227827040,106,45
1762227827058,105,46
1762227827069,105,47
1762227827098,105,48
1762227827113,104,49
1762227827119,103,50
1762227827129,102,50
1762227827162,102,51
1762227827184,102,52
1762227827192,103,53
1762227827204,104,53
1762227827205,104,54
1762227827210,105,55
1762227827216,106,56
1762227827228,108,56
1762227827234,110,56
1762227827240,111,56
1762227827246,112,56
1762227827252,114,56
1762227827258,115,56
1762227827264,116,56
1762227827273,117,56
1762227827277,119,56
1762227827288,120,56
1762227827295,121,56
1762227827301,122,56
1762227827327,124,56
1762227827343,124,55
1762227827349,125,54
1762227827360,125,53
1762227827364,126,52
1762227827380,128,52
1762227827386,129,52
1762227827392,130,49
1762227827401,131,49
1762227827404,133,48
1762227827410,133,47
1762227827416,133,45
1762227827422,134,44
1762227827434,135,43
1762227827444,135,42
1762227827458,135,41
1762227827481,136,41
1762227827569,136,40
1762227827577,135,40
1762227827586,133,40
1762227827592,131,40
1762227827598,129,42
1762227827604,126,42
1762227827610,124,42
1762227827616,121,43
1762227827622,120,43
1762227827628,117,44
1762227827635,116,44
1762227827640,116,45
1762227827648,115,45
1762227827814,116,45
1762227827823,118,45
1762227827828,119,45
1762227827838,120,45
1762227827852,122,45
1762227827870,123,45
1762227827876,124,45
1762227827883,125,45
1762227827890,127,45
1762227827901,128,45
1762227827907,129,45
1762227827925,130,45
1762227827943,132,45
1762227827949,133,45
1762227827957,134,45
1762227828075,133,45
1762227828083,132,44
1762227828089,131,44
1762227828095,129,44
1762227828101,129,43
1762227828107,128,43
1762227828113,127,43
1762227828119,126,43
1762227828125,124,43
1762227828131,122,43
1762227828137,121,43
1762227828146,119,43
1762227828153,118,43
1762227828161,117,43
1762227828169,115,43
1762227828177,114,43
1762227828198,113,43
1762227828204,112,43
1762227828215,111,43
1762227828222,109,43
1762227828240,109,44
1762227828258,108,44
1762227828383,107,44
1762227828387,106,44
1762227828398,106,43
1762227828406,106,42
1762227828422,106,41
1762227828440,106,39
1762227828482,107,39
1762227828495,107,38
1762227828505,108,38
1762227828512,110,38
1762227828523,111,38
1762227828528,111,37
1762227828531,113,37
1762227828537,115,37
1762227828543,116,37
1762227828549,117,37
1762227828555,118,37
1762227828561,121,37
1762227828567,122,37
1762227828586,124,37
1762227828709,124,39
1762227828723,123,39
1762227828727,123,40
1762227828732,122,40
1762227828737,122,41
1762227828743,121,42
1762227828749,120,42
1762227828755,119,42
1762227828761,119,44
1762227828773,117,44
1762227828779,116,44
1762227828786,115,44
1762227828792,114,45
1762227828810,110,46
1762227828854,109,46
1762227828859,108,47
1762227828868,107,48
1762227828889,106,48
1762227828907,105,48
1762227828913,104,48
1762227829026,103,48
1762227829046,103,47
1762227829052,103,46
1762227829058,104,46
1762227829082,105,46
1762227829089,107,46
1762227829095,108,45
1762227829106,109,45
1762227829118,110,45
1762227829127,111,45
1762227829134,113,44
1762227829155,114,44
1762227829182,115,44
1762227829265,115,44
1762227829327,116,44
1762227829331,116,46
1762227829337,116,47
1762227829343,116,51
1762227829349,116,52
1762227829356,116,55
1762227829361,116,59
1762227829367,116,61
1762227829374,116,63
1762227829380,116,66
1762227829386,116,68
1762227829392,116,71
1762227829398,116,73
1762227829404,116,74
1762227829410,116,76
1762227829416,116,78
1762227829422,116,79
1762227829428,117,80
1762227829434,117,81
1762227829444,117,83
1762227829451,118,83
1762227829466,118,84
1762227829483,118,85
1762227829491,119,85
1762227829495,119,86
1762227829551,120,87
1762227829568,121,88
1762227829574,122,88
1762227829580,123,88
1762227829605,125,88
1762227829611,126,88
1762227829624,127,88
1762227829628,129,88
1762227829661,130,88
1762227829759,128,88
1762227829763,127,88
1762227829767,126,88
1762227829774,124,88
1762227829780,122,88
1762227829786,119,88
1762227829792,118,88
1762227829798,117,88
1762227829804,114,88
1762227829816,112,88
1762227829822,110,88
1762227829832,109,88
1762227829839,108,87
1762227829846,106,87
1762227829911,106,86
1762227829915,106,85
1762227829919,107,85
1762227829963,107,84
1762227829967,109,83
1762227829973,110,83
1762227829979,113,83
1762227829986,114,82
1762227829992,115,81
1762227829998,117,81
1762227830004,118,80
1762227830010,120,80
1762227830016,122,80
1762227830024,123,79
1762227830040,124,78
1762227830046,125,78
1762227830058,126,78
1762227830125,128,78
1762227830133,130,80
1762227830138,130,81
1762227830143,130,82
1762227830149,130,84
1762227830156,130,85
1762227830161,132,86
1762227830224,132,87
1762227830246,132,88
1762227830252,132,90
1762227830270,131,90
1762227830276,130,90
1762227830283,129,91
1762227830291,128,91
1762227830300,127,91
1762227830308,126,91
1762227830313,125,91
1762227830319,123,91
1762227830325,122,91
1762227830331,121,91
1762227830337,120,91
1762227830343,117,91
1762227830349,116,91
1762227830355,113,91
1762227830361,112,89
1762227830367,111,89
1762227830373,108,88
1762227830399,107,87
1762227830445,106,87
1762227830449,106,86
1762227830454,107,86
1762227830460,108,86
1762227830464,109,85
1762227830471,112,84
1762227830477,113,84
1762227830483,117,84
1762227830489,119,84
1762227830495,122,83
1762227830501,124,81
1762227830507,127,80
1762227830513,128,80
1762227830519,132,79
1762227830525,133,79
1762227830531,136,79
1762227830544,137,79
1762227830621,138,79
1762227830628,138,80
1762227830634,137,81
1762227830640,137,83
1762227830646,136,83
1762227830652,134,85
1762227830658,134,87
1762227830664,134,88
1762227830670,133,89
1762227830677,132,90
1762227830682,131,90
1762227830689,130,92
1762227830700,130,93
1762227830711,130,94
1762227830713,129,94
1762227830725,129,95
1762227830749,129,96
1762227830755,128,96
1762227830764,127,97
1762227830785,126,98
1762227830804,125,98
1762227830848,124,98
1762227830853,122,98
1762227830858,121,98
1762227830865,120,98
1762227830876,120,97
1762227830882,119,96
1762227830889,119,95
1762227830895,119,94
1762227830901,119,93
1762227830909,119,91
1762227830913,119,90
1762227830919,120,88
1762227830926,121,88
1762227830931,122,86
1762227830939,123,86
1762227830943,123,85
1762227830961,124,83
1762227831024,125,83
1762227831046,126,83
1762227831052,128,83
1762227831059,129,85
1762227831064,130,85
1762227831070,131,88
1762227831077,132,89
1762227831083,132,93
1762227831089,132,95
1762227831095,132,96
1762227831101,132,98
1762227831107,132,100
1762227831113,131,101
1762227831119,130,102
1762227831125,130,104
1762227831131,129,105
1762227831139,127,105
1762227831175,126,105
1762227831184,125,105
1762227831187,123,105
1762227831192,122,105
1762227831198,121,104
1762227831204,118,102
1762227831210,118,100
1762227831216,118,98
1762227831222,117,97
1762227831224,117,97
1762227831228,117,95
1762227831234,117,94
1762227831252,117,92
1762227831258,117,91
1762227831265,117,90
1762227831283,116,89
1762227831350,116,87
1762227831443,117,87
1762227831452,119,87
1762227831454,120,87
1762227831459,121,87
1762227831468,121,89
1762227831472,123,90
1762227831476,124,91
1762227831483,125,91
1762227831489,126,93
1762227831495,126,94
1762227831502,126,95
1762227831510,126,96
1762227831518,126,98
1762227831608,125,98
1762227831615,124,98
1762227831621,123,97
1762227831627,121,97
1762227831640,120,97
1762227831809,119,97
1762227831824,118,97
1762227831831,116,97
1762227831852,115,97
1762227831858,114,97
1762227831876,112,97
1762227831882,111,97
1762227831894,110,97
1762227831906,109,97
1762227832074,107,97
1762227832101,107,96
1762227832125,106,96
1762227832396,105,96
1762227832404,104,95
1762227832459,104,95
1762227832464,103,94
1762227832471,103,93
1762227832476,103,92
1762227832495,103,90
1762227832501,104,89
1762227832507,104,87
1762227832513,105,86
1762227832519,106,85
1762227832525,107,84
1762227832531,108,82
1762227832537,110,81
1762227832543,110,80
1762227832549,111,77
1762227832555,114,76
1762227832561,115,75
1762227832568,117,74
1762227832574,119,72
1762227832580,120,71
1762227832586,122,70
1762227832592,124,68
1762227832598,126,67
1762227832604,127,66
1762227832610,129,65
1762227832616,130,64
1762227832622,130,62
1762227832628,131,62
1762227832637,131,60
1762227832652,132,59
1762227832658,133,57
1762227832664,134,56
1762227832687,134,55
1762227832738,134,54
1762227832822,134,53
1762227832845,134,52
1762227832900,135,51
1762227832913,136,50
1762227832919,139,50
1762227832957,140,50
1762227832974,141,50
1762227833018,142,50
1762227833097,144,50
1762227833207,144,49
1762227833213,144,47
1762227833219,144,44
1762227833222,144,43
1762227833228,144,40
1762227833234,144,38
1762227833240,143,36
1762227833246,143,34
1762227833252,143,32
1762227833258,143,30
1762227833264,143,29
1762227833270,142,29
1762227833282,141,27
1762227833290,140,26
1762227833329,139,25
1762227833337,139,24
1762227833343,138,24
1762227833349,138,23
1762227833355,137,22
1762227833410,136,22
1762227833428,135,22
1762227833434,134,22
1762227833465,134,21
1762227833470,133,20
1762227833478,131,20
1762227833485,130,20
1762227833491,129,20
1762227833499,128,20
1762227833519,126,19
1762227833525,125,18
1762227833531,124,18
1762227833549,122,18
1762227833558,121,18
1762227833562,120,18
1762227833574,118,18
1762227833584,117,18
1762227833591,116,18
1762227833598,115,18
1762227833632,113,18
1762227833641,112,18
1762227833647,111,18
1762227833652,109,18
1762227833680,108,18
1762227833692,107,18
1762227833706,106,18
1762227833728,104,18
1762227833737,103,18
1762227833756,102,18
1762227833783,101,18
1762227833804,99,18
1762227833810,98,19
1762227833828,97,20
1762227833834,96,20
1762227833852,94,21
1762227833859,93,21
1762227833868,92,22
1762227833876,92,23
1762227833882,90,24
1762227833888,88,24
1762227833894,87,25
1762227833901,85,26
1762227833919,84,28
1762227833925,83,28
1762227833935,82,28
1762227833943,82,29
1762227833951,82,30
1762227833955,82,31
1762227833961,82,33
1762227833970,82,34
1762227833985,82,36
1762227833993,82,38
1762227834010,82,39
1762227834016,82,40
1762227834022,82,41
1762227834030,82,43
1762227834035,84,44
1762227834040,84,45
1762227834088,85,46
1762227834101,86,46
1762227834107,87,47
1762227834127,88,48
1762227834154,88,49
1762227834162,88,50
1762227834214,88,51
1762227834217,88,53
1762227834228,88,54
1762227834234,88,55
1762227834241,88,57
1762227834247,88,58
1762227834255,88,59
1762227834364,88,58
1762227834370,88,56
1762227834375,88,55
1762227834379,86,52
1762227834386,86,48
1762227834392,86,44
1762227834398,86,43
1762227834404,86,38
1762227834410,86,36
1762227834416,87,35
1762227834422,87,32
1762227834434,88,31
1762227834440,88,29
1762227834538,88,29
1762227834555,89,29
1762227834561,90,30
1762227834567,91,32
1762227834573,91,34
1762227834579,92,35
1762227834585,92,38
1762227834591,93,39
1762227834598,94,41
1762227834604,95,43
1762227834610,96,46
1762227834616,97,48
1762227834622,97,49
1762227834628,99,53
1762227834634,101,55
1762227834640,103,59
1762227834646,105,62
1762227834652,107,64
1762227834659,109,68
1762227834665,112,71
1762227834671,115,73
1762227834677,118,76
1762227834683,122,78
1762227834689,126,80
1762227834695,132,84
1762227834701,138,89
1762227834707,144,92
1762227834713,150,96
1762227834719,155,99
1762227834725,160,102
1762227834731,163,106
1762227834737,167,110
1762227834743,170,113
1762227834749,172,119
1762227834756,176,126
1762227834762,178,133
1762227834768,181,142
1762227834774,183,150
1762227834780,186,158
1762227834786,189,164
1762227834792,190,167
1762227834798,193,174
1762227834804,194,179
1762227834810,195,182
1762227834816,195,185
1762227834822,195,190
1762227834828,196,195
1762227834834,196,200
1762227834840,196,204
1762227834846,197,208
1762227834852,197,212
1762227834859,197,216
1762227834865,197,221
1762227834871,196,225
1762227834877,194,229
1762227834883,192,232
1762227834889,191,235
1762227834895,189,238
1762227834901,188,240
1762227834907,186,243
1762227834913,185,245
1762227834919,184,246
1762227834925,182,248
1762227834931,181,250
1762227834938,179,251
1762227834943,179,252
1762227834949,178,253
1762227834959,178,254
1762227834974,176,257
1762227834980,175,257
1762227834986,175,258
1762227834992,174,259
1762227834998,173,260
1762227835021,173,261
1762227835041,173,262
1762227835047,173,263
1762227835052,175,263
1762227835059,175,264
1762227835066,175,265
1762227835071,177,266
1762227835080,178,267
1762227835083,179,269
1762227835089,181,271
1762227835095,182,271
1762227835106,183,272
1762227835111,184,274
1762227835138,184,275
1762227835143,184,276
1762227835149,185,277
1762227835155,186,277
1762227835164,186,279
1762227835171,186,280
1762227835174,186,281
1762227835180,187,282
1762227835186,187,283
1762227835192,187,285
1762227835198,187,286
1762227835216,187,287
1762227835304,187,288
1762227835358,187,290
1762227835367,187,291
1762227835386,187,292
1762227835418,187,294
1762227835424,187,295
1762227835434,187,296
1762227835444,187,297
1762227835464,187,299
1762227835544,187,298
1762227835551,186,296
1762227835559,183,289
1762227835563,183,287
1762227835568,182,286
1762227835574,181,284
1762227835579,180,282
1762227835586,180,281
1762227835594,177,280
1762227835665,176,280
1762227835677,176,284
1762227835683,176,288
1762227835688,176,290
1762227835694,176,294
1762227835702,176,295
1762227835707,176,298
1762227835713,176,301
1762227835719,175,303
1762227835725,175,308
1762227835731,175,311
1762227835737,175,315
1762227835743,175,318
1762227835749,175,319
1762227835755,175,320
1762227835775,175,321
1762227835791,176,322
1762227835802,177,322
1762227835822,179,322
1762227835829,180,321
1762227835839,181,321
1762227835846,183,319
1762227835852,184,318
1762227835858,185,313
1762227835864,186,311
1762227835870,187,309
1762227835876,189,306
1762227835882,191,302
1762227835888,194,298
1762227835894,195,295
1762227835901,196,290
1762227835907,196,288
1762227835913,198,285
1762227835919,199,284
1762227835925,199,283
1762227835931,199,282
1762227835937,200,280
1762227836030,200,279
1762227836052,200,280
1762227836058,200,282
1762227836064,200,285
1762227836070,199,287
1762227836076,199,289
1762227836082,198,291
1762227836088,197,293
1762227836094,197,295
1762227836102,197,296
1762227836130,196,297
1762227836134,196,298
1762227836147,196,299
1762227836173,196,300
1762227836199,194,300
1762227836216,193,301
1762227836222,192,301
1762227836228,191,301
1762227836234,190,300
1762227836240,187,299
1762227836246,185,297
1762227836252,183,294
1762227836259,183,292
1762227836264,182,290
1762227836271,181,287
1762227836276,181,286
1762227836282,181,285
1762227836288,181,283
1762227836294,181,281
1762227836301,181,280
1762227836307,181,277
1762227836313,181,276
1762227836319,181,273
1762227836325,181,272
1762227836331,181,271
1762227836431,181,270
1762227836439,182,271
1762227836445,182,274
1762227836450,182,275
1762227836454,182,276
1762227836458,182,277
1762227836464,182,279
1762227836470,182,281
1762227836476,182,282
1762227836482,181,284
1762227836489,180,286
1762227836495,177,290
1762227836501,176,290
1762227836507,175,292
1762227836513,174,293
1762227836518,170,296
1762227836522,168,297
1762227836525,166,297
1762227836531,165,297
1762227836538,162,298
1762227836543,159,298
1762227836549,156,299
1762227836555,153,300
1762227836562,150,302
1762227836568,147,302
1762227836574,144,303
1762227836580,140,304
1762227836586,139,305
1762227836592,137,305
1762227836598,134,307
1762227836604,132,307
1762227836610,131,307
1762227836616,126,307
1762227836622,126,308
1762227836628,123,308
1762227836634,121,308
1762227836640,118,309
1762227836646,117,309
1762227836652,114,309
1762227836659,113,309
1762227836669,111,309
1762227836671,110,309
1762227836678,109,309
1762227836687,108,309
1762227836691,106,309
1762227836699,105,309
1762227836702,104,309
1762227836707,102,309
1762227836713,101,309
1762227836719,99,309
1762227836725,97,309
1762227836731,94,309
1762227836737,93,309
1762227836744,87,309
1762227836750,86,309
1762227836755,82,309
1762227836762,81,309
1762227836768,79,309
1762227836774,77,309
1762227836780,76,309
1762227836786,74,309
1762227836824,73,309
1762227836841,72,309
1762227836847,70,309
1762227836852,69,309
1762227836861,67,309
1762227836865,66,308
1762227836871,66,307
1762227836877,65,307
1762227836899,64,306
1762227836913,64,305
1762227836919,63,305
1762227836925,62,305
1762227836931,61,304
1762227836943,61,303
1762227836946,60,302
1762227836962,59,302
1762227836968,57,301
1762227837003,56,301
1762227837016,54,301
1762227837049,53,301
1762227837058,52,301
1762227837064,52,302
1762227837070,51,304
1762227837076,49,305
1762227837094,49,306
1762227837184,48,306
1762227837192,48,305
1762227837198,46,303
1762227837204,45,301
1762227837210,44,298
1762227837216,42,297
1762227837222,41,295
1762227837228,41,294
1762227837234,41,291
1762227837240,40,290
1762227837246,40,286
1762227837252,40,284
1762227837258,40,283
1762227837264,40,282
1762227837270,40,281
1762227837276,40,278
1762227837282,40,277
1762227837289,40,276
1762227837300,40,274
1762227837307,41,274
1762227837325,41,273
1762227837400,44,274
1762227837406,44,277
1762227837413,44,280
1762227837418,44,283
1762227837423,45,287
1762227837428,45,288
1762227837434,45,293
1762227837440,45,296
1762227837446,45,297
1762227837452,45,299
1762227837458,45,300
1762227837474,45,301
1762227837567,45,300
1762227837573,45,298
1762227837580,45,297
1762227837586,45,295
1762227837592,46,293
1762227837598,46,292
1762227837604,47,290
1762227837610,47,288
1762227837616,48,286
1762227837634,48,285
1762227837694,49,284
1762227837707,50,284
1762227837713,53,284
1762227837719,55,286
1762227837725,57,288
1762227837731,58,290
1762227837737,59,292
1762227837743,61,292
1762227837749,61,294
1762227837755,62,295
1762227837761,62,296
1762227837770,62,297
1762227837871,62,296
1762227837879,62,295
1762227837886,59,289
1762227837891,59,288
1762227837896,59,286
1762227837901,59,283
1762227837907,58,279
1762227837913,58,275
1762227837919,58,274
1762227837925,58,271
1762227837931,57,269
1762227837937,57,268
1762227837943,56,267
1762227837955,56,265
1762227837961,56,263
1762227837967,56,262
1762227837973,56,260
1762227837979,56,258
1762227837985,56,257
1762227837993,56,256
1762227838000,56,254
1762227838078,56,255
1762227838086,56,259
1762227838095,56,262
1762227838101,56,265
1762227838107,56,269
1762227838113,56,272
1762227838119,56,274
1762227838125,56,277
1762227838131,56,280
1762227838137,56,281
1762227838143,56,282
1762227838149,56,283
1762227838155,56,285
1762227838205,55,285
1762227838216,54,285
1762227838224,51,285
1762227838230,50,283
1762227838235,50,282
1762227838240,48,278
1762227838246,47,274
1762227838252,46,271
1762227838258,46,268
1762227838264,46,266
1762227838270,46,262
1762227838276,46,258
1762227838282,46,256
1762227838289,46,252
1762227838295,46,251
1762227838301,46,248
1762227838307,46,245
1762227838313,46,244
1762227838390,46,243
1762227838404,46,242
1762227838411,48,244
1762227838416,50,249
1762227838422,50,253
1762227838428,51,256
1762227838434,52,262
1762227838440,53,265
1762227838446,53,269
1762227838452,53,270
1762227838458,53,272
1762227838464,53,277
1762227838470,53,278
1762227838476,53,281
1762227838504,52,282
1762227838534,52,283
1762227838543,50,283
1762227838549,49,283
1762227838555,46,282
1762227838561,43,281
1762227838567,41,277
1762227838573,40,276
1762227838580,38,274
1762227838585,37,270
1762227838591,37,267
1762227838598,35,262
1762227838604,35,261
1762227838610,34,258
1762227838616,33,256
1762227838622,33,253
1762227838628,33,251
1762227838634,33,249
1762227838640,33,248
1762227838646,33,246
1762227838652,33,244
1762227838658,33,243
1762227838667,34,242
1762227838671,34,241
1762227838677,35,240
1762227838691,36,239
1762227838751,37,238
1762227838761,41,238
1762227838769,44,241
1762227838774,44,242
1762227838779,46,245
1762227838786,47,247
1762227838792,48,250
1762227838798,48,252
1762227838804,50,254
1762227838810,50,257
1762227838816,51,257
1762227838822,51,260
1762227838828,52,262
1762227838834,53,263
1762227838840,53,265
1762227838846,53,266
1762227838870,54,267
1762227838946,53,267
1762227838955,53,265
1762227838963,51,262
1762227838969,50,260
1762227838974,49,256
1762227838980,48,253
1762227838986,48,251
1762227838992,48,248
1762227838998,48,244
1762227839004,48,242
1762227839010,48,240
1762227839016,48,238
1762227839022,48,235
1762227839034,49,234
1762227839040,50,232
1762227839046,51,230
1762227839057,51,229
1762227839148,52,229
1762227839157,52,232
1762227839164,53,237
1762227839170,53,241
1762227839175,53,244
1762227839181,53,247
1762227839187,53,253
1762227839193,53,258
1762227839198,53,259
1762227839204,53,263
1762227839210,53,264
1762227839216,53,265
1762227839222,53,267
1762227839285,53,266
1762227839294,53,262
1762227839300,52,258
1762227839306,50,253
1762227839312,50,249
1762227839317,50,247
1762227839324,50,242
1762227839330,49,238
1762227839335,49,234
1762227839341,49,230
1762227839347,49,227
1762227839353,49,225
1762227839358,49,220
1762227839368,50,219
1762227839373,50,218
1762227839379,50,217
1762227839397,50,215
1762227839455,50,217
1762227839462,50,220
1762227839469,50,224
1762227839475,50,229
1762227839481,50,233
1762227839486,50,236
1762227839492,50,241
1762227839498,48,245
1762227839504,47,249
1762227839510,47,251
1762227839516,47,253
1762227839522,46,254
1762227839578,45,254
1762227839586,44,252
1762227839594,43,250
1762227839598,43,247
1762227839601,43,246
1762227839604,43,244
1762227839610,43,242
1762227839616,43,241
1762227839622,43,239
1762227839633,45,239
1762227839637,45,238
1762227839657,46,238
1762227839665,46,237
1762227839671,48,236
1762227839680,49,236
1762227839695,52,236
1762227839701,53,236
1762227839707,57,237
1762227839714,60,239
1762227839719,67,242
1762227839725,73,245
1762227839731,79,247
1762227839737,85,249
1762227839743,93,252
1762227839750,101,254
1762227839756,108,257
1762227839762,115,259
1762227839768,121,260
1762227839774,128,262
1762227839780,138,267
1762227839786,150,272
1762227839792,166,277
1762227839798,179,281
1762227839804,196,285
1762227839810,211,288
1762227839816,224,293
1762227839822,238,296
1762227839829,250,301
1762227839835,265,304
1762227839841,278,307
1762227839847,294,311
1762227839853,308,315
1762227839859,321,319
1762227839865,338,326
1762227839871,354,329
1762227839877,370,333
1762227839883,385,335
1762227839889,405,340
1762227839895,425,342
1762227839901,443,345
1762227839907,464,349
1762227839913,483,351
1762227839919,500,354
1762227839925,522,360
1762227839932,543,364
1762227839938,564,368
1762227839944,584,374
1762227839950,602,379
1762227839956,627,386
1762227839962,648,396
1762227839968,671,403
1762227839974,687,408
1762227839980,708,415
1762227839986,722,419
1762227839992,739,425
1762227839998,754,430
1762227840004,766,436
1762227840010,777,439
1762227840016,787,443
1762227840022,797,447
1762227840028,805,451
1762227840034,811,454
1762227840040,817,455
1762227840046,820,457
1762227840053,825,460
1762227840059,827,460
1762227840065,827,462
1762227840071,828,463
1762227840077,830,465
1762227840083,831,465
1762227840089,831,467
1762227840095,831,469
1762227840101,832,470
1762227840107,832,473
1762227840113,832,475
1762227840119,833,478
1762227840125,833,482
1762227840131,833,485
1762227840137,833,487
1762227840144,833,491
1762227840150,833,495
1762227840156,833,497
1762227840162,832,500
1762227840168,831,504
1762227840174,829,506
1762227840180,828,509
1762227840186,827,512
1762227840192,824,515
1762227840198,822,520
1762227840204,820,523
1762227840210,818,527
1762227840216,815,531
1762227840222,812,534
1762227840229,809,537
1762227840234,805,541
1762227840240,802,544
1762227840246,800,547
1762227840253,797,550
1762227840259,796,553
1762227840265,794,557
1762227840271,792,559
1762227840277,792,560
1762227840283,791,562
1762227840295,790,563
1762227840300,789,563
1762227840374,789,564
1762227840624,789,566
1762227840629,789,568
1762227840636,787,569
1762227840641,787,570
1762227840646,785,571
1762227840653,785,573
1762227840659,785,574
1762227840665,783,577
1762227840671,782,578
1762227840679,781,579
1762227840683,781,580
1762227840689,780,580
1762227840695,780,581
1762227840701,780,583
1762227840719,779,583
1762227840836,778,583
1762227840854,777,583
1762227840871,774,583
1762227840878,773,583
1762227840883,772,583
1762227840889,771,582
1762227840896,769,582
1762227840935,768,582
1762227840984,768,581
1762227840999,768,580
1762227841006,768,579
1762227841038,767,578
1762227841040,766,578
1762227841071,766,576
1762227841124,766,575
1762227841186,766,574
1762227841201,766,572
1762227841204,766,571
1762227841216,766,570
1762227841234,766,569
1762227841321,765,567
1762227841337,765,566
1762227841348,765,565
1762227841379,765,564
1762227841395,765,562
1762227841400,765,561
1762227841416,765,560
1762227841422,766,559
1762227841428,767,559
1762227841434,767,556
1762227841440,768,556
1762227841446,769,555
1762227841453,771,552
1762227841459,774,550
1762227841465,775,548
1762227841471,778,544
1762227841477,780,544
1762227841483,783,540
1762227841489,784,540
1762227841495,785,539
1762227841501,787,538
1762227841507,788,537
1762227841516,789,536
1762227841522,790,536
1762227841609,790,534
1762227841692,790,533
1762227841696,790,532
1762227841701,790,530
1762227841707,791,528
1762227841713,793,526
1762227841719,794,523
1762227841725,794,521
1762227841731,795,517
1762227841737,797,515
1762227841744,798,512
1762227841750,800,507
1762227841756,801,502
1762227841762,804,497
1762227841768,805,491
1762227841774,807,486
1762227841780,808,481
1762227841786,809,477
1762227841792,811,471
1762227841798,812,467
1762227841804,814,464
1762227841810,814,462
1762227841816,815,459
1762227841822,815,456
1762227841828,816,454
1762227841834,816,451
1762227841841,817,450
1762227841846,817,448
1762227841853,817,447
1762227841859,817,445
1762227841865,817,444
1762227841871,817,443
1762227841877,817,441
1762227841883,817,439
1762227841889,817,438
1762227841895,817,436
1762227841901,817,434
1762227841907,817,433
1762227841913,816,431
1762227841919,815,429
1762227841925,815,427
1762227841933,814,426
1762227841941,814,425
1762227841943,814,424
1762227841949,814,423
1762227841956,813,421
1762227841962,812,419
1762227841968,812,416
1762227841974,810,413
1762227841980,810,412
1762227841986,809,408
1762227841992,808,405
1762227841998,808,404
1762227842004,808,401
1762227842010,808,400
1762227842016,806,397
1762227842023,806,396
1762227842028,806,395
1762227842034,806,393
1762227842040,806,392
1762227842046,806,390
1762227842053,806,388
1762227842059,806,387
1762227842065,805,385
1762227842071,805,383
1762227842077,805,381
1762227842083,804,380
1762227842090,804,378
1762227842095,804,377
1762227842103,804,376
1762227842112,804,375
1762227842115,803,375
1762227842119,803,374
1762227842128,802,373
1762227842133,801,373
1762227842137,801,372
1762227842143,801,371
1762227842149,800,369
1762227842156,799,368
1762227842162,798,368
1762227842168,797,366
1762227842174,797,365
1762227842192,796,364
1762227842198,794,363
1762227842207,793,362
1762227842215,792,362
1762227842284,790,362
1762227842290,788,364
1762227842296,787,367
1762227842301,783,372
1762227842307,782,376
1762227842313,780,378
1762227842319,778,381
1762227842325,778,385
1762227842332,777,386
1762227842337,777,388
1762227842343,777,390
1762227842350,777,392
1762227842356,777,396
1762227842362,777,398
1762227842368,777,402
1762227842374,777,405
1762227842380,776,411
1762227842386,776,416
1762227842392,776,420
1762227842398,776,426
1762227842404,775,432
1762227842410,775,438
1762227842416,773,443
1762227842422,773,448
1762227842428,772,455
1762227842434,771,459
1762227842440,771,464
1762227842446,769,467
1762227842452,769,470
1762227842459,768,473
1762227842465,768,474
1762227842471,767,476
1762227842489,767,478
1762227842498,766,478
1762227842504,766,479
1762227842519,766,480
1762227842525,767,482
1762227842544,768,484
1762227842552,769,484
1762227842556,770,485
1762227842562,770,486
1762227842568,772,487
1762227842574,772,488
1762227842590,772,490
1762227842655,772,491
1762227842664,772,492
1762227842672,772,494
1762227842677,772,495
1762227842684,772,496
1762227842689,772,497
1762227842695,772,499
1762227842706,772,500
1762227842713,772,501
1762227842741,772,503
1762227842761,770,505
1762227842767,770,506
1762227842773,769,507
1762227842779,769,509
1762227842785,766,512
1762227842791,766,515
1762227842798,764,518
1762227842804,763,520
1762227842810,761,522
1762227842816,761,526
1762227842822,761,528
1762227842828,759,529
1762227842947,759,528
1762227842955,759,526
1762227842961,759,523
1762227842967,759,521
1762227842973,759,517
1762227842979,759,516
1762227842985,759,511
1762227842991,760,508
1762227842998,760,505
1762227843004,760,504
1762227843010,760,503
1762227843097,761,504
1762227843119,762,507
1762227843128,763,508
1762227843137,763,509
1762227843143,763,512
1762227843149,763,513
1762227843155,764,514
1762227843161,764,515
1762227843169,764,516
1762227843179,764,518
1762227843255,763,518
1762227843266,758,514
1762227843274,753,510
1762227843280,748,507
1762227843286,747,506
1762227843292,744,503
1762227843298,743,502
1762227843303,742,502
1762227843313,742,501
1762227843357,742,500
1762227843398,742,501
1762227843410,743,502
1762227843418,744,504
1762227843425,746,506
1762227843431,747,507
1762227843437,747,508
1762227843443,748,509
1762227843449,750,511
1762227843455,752,512
1762227843461,752,513
1762227843467,753,515
1762227843473,755,516
1762227843479,757,516
1762227843488,757,518
1762227843494,759,518
1762227843500,760,519
1762227843518,761,520
1762227843523,761,521
1762227843577,763,521
1762227843604,763,520
1762227843609,764,517
1762227843616,764,514
1762227843622,765,511
1762227843628,766,506
1762227843635,766,501
1762227843642,766,496
1762227843648,766,491
1762227843655,766,486
1762227843662,766,479
1762227843668,767,474
1762227843675,767,470
1762227843680,767,466
1762227843686,767,465
1762227843692,767,462
1762227843698,767,461
1762227843704,768,461
1762227843721,768,459
1762227843815,768,461
1762227843825,768,467
1762227843831,768,472
1762227843838,768,476
1762227843844,768,481
1762227843850,768,487
1762227843856,768,491
1762227843863,768,496
1762227843869,768,501
1762227843875,768,505
1762227843881,768,508
1762227843887,768,509
1762227843893,768,510
1762227843899,769,511
1762227843975,769,509
1762227843991,764,494
1762227843998,763,486
1762227844008,761,475
1762227844018,761,465
1762227844026,761,457
1762227844035,761,449
1762227844041,761,446
1762227844047,761,442
1762227844053,761,441
1762227844059,761,438
1762227844064,761,435
1762227844070,761,434
1762227844082,761,433
1762227844089,761,432
1762227844155,760,431
1762227844167,760,437
1762227844175,760,444
1762227844181,760,451
1762227844188,760,457
1762227844195,760,463
1762227844202,760,470
1762227844209,760,475
1762227844215,760,480
1762227844222,760,484
1762227844228,760,489
1762227844234,760,491
1762227844246,760,492
1762227844326,760,491
1762227844333,760,486
1762227844340,760,477
1762227844347,759,470
1762227844354,758,461
1762227844362,757,445
1762227844369,757,439
1762227844376,757,429
1762227844383,757,422
1762227844391,757,414
1762227844399,757,408
1762227844405,757,403
1762227844411,757,400
1762227844418,757,398
1762227844424,757,396
1762227844486,757,397
1762227844498,757,409
1762227844505,757,419
1762227844512,757,430
1762227844519,757,439
1762227844526,757,448
1762227844534,757,457
1762227844541,757,463
1762227844548,758,471
1762227844555,758,479
1762227844563,758,487
1762227844569,758,493
1762227844576,758,500
1762227844583,758,505
1762227844590,758,509
1762227844597,758,511
1762227844604,758,515
1762227844644,758,516
1762227844897,757,517
1762227844907,756,519
1762227844917,755,519
1762227844989,754,520
1762227845004,753,520
1762227845012,753,521
1762227845022,751,521
1762227845028,750,521
1762227845110,750,522
1762227845122,751,523
1762227845132,753,524
1762227845138,754,525
1762227845145,755,525
1762227845157,757,526
1762227845164,758,526
1762227845170,759,526
1762227845178,760,527
1762227845184,761,528
1762227845192,764,529
1762227845198,766,529
1762227845204,768,529
1762227845211,769,530
1762227845222,770,531
1762227845246,771,531
1762227845275,772,531
1762227845281,773,530
1762227845288,773,526
1762227845295,775,524
1762227845306,775,523
1762227845313,776,521
1762227845325,776,520
1762227845338,776,519
1762227845352,776,518
1762227845364,776,516
1762227845370,776,514
1762227845376,776,513
1762227845383,776,510
1762227845390,776,506
1762227845397,776,502
1762227845404,776,500
1762227845411,776,497
1762227845418,776,493
1762227845425,776,492
1762227845431,776,491
1762227845466,776,490
1762227845488,776,489
1762227845517,775,489
1762227845537,775,490
1762227845544,775,494
1762227845551,775,499
1762227845559,775,500
1762227845563,775,508
1762227845566,775,511
1762227845567,775,512
1762227845573,775,516
1762227845579,775,520
1762227845585,775,523
1762227845591,775,527
1762227845597,775,532
1762227845603,775,536
1762227845610,775,541
1762227845616,775,548
1762227845622,775,553
1762227845628,775,559
1762227845634,775,563
1762227845640,775,568
1762227845647,775,575
1762227845653,777,581
1762227845659,779,585
1762227845665,780,589
1762227845671,780,591
1762227845677,780,594
1762227845683,781,597
1762227845689,781,598
1762227845944,790,599
1762227845950,790,594
1762227845956,790,590
1762227845962,790,584
1762227845968,792,577
1762227845974,794,572
1762227845980,794,568
1762227845986,796,562
1762227845992,798,560
1762227845998,798,555
1762227846004,799,552
1762227846010,799,550
1762227846016,800,546
1762227846022,801,544
1762227846028,802,542
1762227846034,803,540
1762227846041,804,538
1762227846047,804,535
1762227846053,804,533
1762227846059,804,531
1762227846065,805,528
1762227846071,806,527
1762227846077,806,523
1762227846083,806,519
1762227846089,807,516
1762227846095,808,513
1762227846101,808,509
1762227846107,808,508
1762227846114,808,507
1762227846201,808,508
1762227846218,807,509
1762227846223,806,510
1762227846229,805,512
1762227846234,804,513
1762227846240,802,513
1762227846247,800,515
1762227846253,800,516
1762227846259,799,518
1762227846265,798,518
1762227846271,796,519
1762227846277,795,520
1762227846283,795,521
1762227846311,795,522
1762227846317,795,523
1762227846331,794,523
1762227846337,792,523
1762227846343,792,524
1762227846350,791,524
1762227846491,791,525
1762227846496,790,525
1762227846502,786,527
1762227846508,785,527
1762227846513,781,528
1762227846519,779,529
1762227846525,774,529
1762227846531,769,531
1762227846537,762,531
1762227846543,756,532
1762227846550,749,534
1762227846556,742,534
1762227846562,735,536
1762227846568,726,537
1762227846574,722,537
1762227846580,715,541
1762227846586,712,541
1762227846592,711,541
1762227846603,710,541
1762227846720,711,541
1762227846726,713,540
1762227846733,717,538
1762227846738,722,537
1762227846744,729,535
1762227846750,735,532
1762227846756,740,532
1762227846762,747,529
1762227846767,752,528
1762227846773,756,527
1762227846779,760,526
1762227846785,761,526
1762227846791,765,525
1762227846797,766,524
1762227846803,767,524
1762227846809,768,524
1762227846816,769,524
1762227846822,770,524
1762227846828,772,524
1762227846834,773,524
1762227846841,774,524
1762227846858,775,524
1762227846876,777,524
1762227846882,778,524
1762227846889,779,524
1762227846894,781,524
1762227846915,783,524
1762227846925,784,524
1762227846929,785,524
1762227846944,787,524
1762227846955,788,524
1762227846961,789,524
1762227846989,790,524
1762227847009,792,524
1762227847028,793,524
1762227847049,794,524
1762227847177,796,524
1762227847209,797,522
1762227847216,797,518
1762227847223,797,516
1762227847231,797,510
1762227847238,797,507
1762227847244,797,504
1762227847252,797,498
1762227847259,797,496
1762227847265,797,492
1762227847271,797,491
1762227847278,797,490
1762227847362,797,489
1762227847375,798,494
1762227847384,801,501
1762227847390,801,505
1762227847398,801,511
1762227847405,801,515
1762227847412,801,519
1762227847420,801,521
1762227847426,801,524
1762227847433,801,526
1762227847440,801,527
1762227847447,801,528
1762227847530,801,529
1762227847542,799,529
1762227847550,797,525
1762227847557,795,520
1762227847564,794,517
1762227847572,792,514
1762227847579,790,510
1762227847586,790,507
1762227847593,788,505
1762227847600,788,503
1762227847607,787,501
1762227847614,786,500
1762227847634,785,499
1762227847698,785,500
1762227847709,788,504
1762227847717,792,508
1762227847724,793,511
1762227847731,794,513
1762227847738,796,516
1762227847746,798,517
1762227847753,800,521
1762227847760,801,523
1762227847766,802,524
1762227847774,803,526
1762227847805,804,527
1762227847877,804,526
1762227847889,802,523
1762227847897,802,520
1762227847972,802,519
1762227847981,803,519
1762227847991,804,519
1762227848000,806,522
1762227848007,808,522
1762227848017,811,525
1762227848029,813,526
1762227848042,814,527
1762227848110,814,526
1762227848120,814,521
1762227848129,814,516
1762227848136,814,511
1762227848143,812,506
1762227848151,810,502
1762227848158,809,497
1762227848165,809,492
1762227848173,806,488
1762227848181,806,486
1762227848188,806,484
1762227848196,806,483
1762227848204,805,481
1762227848268,804,481
1762227848280,802,481
1762227848306,802,485
1762227848314,800,488
1762227848322,800,493
1762227848329,800,496
1762227848337,799,499
1762227848344,798,501
1762227848351,798,503
1762227848361,798,504
1762227848373,798,505
1762227848451,797,505
1762227848463,797,501
1762227848473,797,491
1762227848481,797,486
1762227848490,797,478
1762227848499,798,472
1762227848508,803,467
1762227848516,803,462
1762227848524,806,457
1762227848533,807,455
1762227848541,808,454
1762227848549,809,452
1762227848557,809,451
1762227848570,809,450
1762227848660,809,451
1762227848671,809,456
1762227848678,809,457
1762227848686,809,463
1762227848693,809,466
1762227848701,807,471
1762227848709,806,476
1762227848717,806,478
1762227848724,806,481
1762227848732,806,483
1762227848739,805,484
1762227848812,805,483
1762227848822,805,474
1762227848830,805,468
1762227848838,805,460
1762227848846,805,454
1762227848856,806,444
1762227848865,807,434
1762227848873,808,427
1762227848882,810,421
1762227848890,810,414
1762227848897,811,412
1762227848905,811,409
1762227848918,811,408
1762227848987,811,409
1762227849000,811,418
1762227849008,811,426
1762227849022,808,439
1762227849029,805,446
1762227849037,803,453
1762227849045,801,462
1762227849053,799,467
1762227849061,797,472
1762227849069,796,478
1762227849077,794,480
1762227849084,794,482
1762227849092,794,483
1762227849179,794,482
1762227849188,794,477
1762227849196,794,469
1762227849205,794,462
1762227849214,796,455
1762227849223,798,444
1762227849232,798,436
1762227849241,799,429
1762227849250,799,421
1762227849257,800,416
1762227849266,800,412
1762227849275,801,405
1762227849282,802,401
1762227849290,803,398
1762227849298,803,396
1762227849305,804,394
1762227849313,804,392
1762227849321,804,391
1762227849388,804,393
1762227849397,804,398
1762227849405,804,405
1762227849413,804,414
1762227849421,803,421
1762227849430,802,431
1762227849439,801,439
1762227849446,801,445
1762227849454,801,451
1762227849462,801,454
1762227849470,801,456
1762227849478,801,458
1762227849554,801,457
1762227849564,801,451
1762227849574,801,442
1762227849582,804,435
1762227849590,806,428
1762227849599,808,422
1762227849608,810,416
1762227849615,811,411
1762227849624,812,406
1762227849632,812,403
1762227849640,812,398
1762227849648,812,397
1762227849656,812,394
1762227849664,812,393
1762227849672,812,392
1762227849736,813,392
1762227849747,813,397
1762227849756,815,403
1762227849764,815,410
1762227849772,816,415
1762227849781,816,421
1762227849789,816,424
1762227849796,816,426
1762227849804,816,429
1762227849815,816,430
1762227849828,816,431
1762227849840,816,433
1762227849848,816,434
1762227849856,816,435
1762227849934,816,436
1762227849947,812,434
1762227849955,810,426
1762227849963,807,421
1762227849972,805,414
1762227849981,804,408
1762227849989,804,400
1762227849997,802,396
1762227850006,802,389
1762227850014,802,384
1762227850029,802,375
1762227850036,802,370
1762227850044,802,366
1762227850053,802,362
1762227850061,802,357
1762227850069,801,354
1762227850077,801,352
1762227850085,801,349
1762227850159,801,350
1762227850169,801,354
1762227850178,801,361
1762227850186,801,367
1762227850195,801,377
1762227850204,801,386
1762227850214,800,396
1762227850222,797,405
1762227850231,795,414
1762227850240,795,423
1762227850249,794,428
1762227850258,793,435
1762227850266,793,440
1762227850275,791,442
1762227850283,790,443
1762227850291,790,445
1762227850312,790,447
1762227850324,789,448
1762227850333,789,449
1762227850341,789,450
1762227850495,789,449
1762227850508,790,444
1762227850518,790,439
1762227850526,791,435
1762227850535,791,429
1762227850544,791,422
1762227850552,791,417
1762227850560,791,413
1762227850570,791,406
1762227850578,791,402
1762227850586,791,401
1762227850595,791,398
1762227850681,792,398
1762227850690,792,402
1762227850698,793,405
1762227850707,793,410
1762227850716,794,414
1762227850724,795,418
1762227850733,795,422
1762227850741,795,426
1762227850750,795,430
1762227850758,795,432
1762227850766,795,435
1762227850774,795,436
1762227850849,795,435
1762227850863,795,426
1762227850872,797,419
1762227850881,797,412
1762227850890,798,404
1762227850899,798,396
1762227850907,799,388
1762227850916,799,381
1762227850925,801,376
1762227850933,801,373
1762227850942,801,370
1762227850950,801,367
1762227850958,801,364
1762227850967,801,362
1762227850975,801,359
1762227850984,801,357
1762227850992,801,355
1762227851000,801,354
1762227851008,801,353
1762227851021,801,352
1762227851053,801,350
1762227851062,801,349
1762227851071,801,348
1762227851079,801,346
1762227851087,801,345
1762227851095,801,344
1762227851157,801,345
1762227851167,801,349
1762227851178,801,355
1762227851187,801,361
1762227851197,801,368
1762227851205,801,374
1762227851215,801,381
1762227851224,801,386
1762227851232,800,387
1762227851241,799,389
1762227851252,799,391
1762227851359,798,391
1762227851372,798,387
1762227851381,798,381
1762227851390,798,378
1762227851399,798,372
1762227851408,798,368
1762227851417,798,363
1762227851426,798,358
1762227851435,798,353
1762227851444,798,349
1762227851453,798,344
1762227851462,800,340
1762227851471,800,336
1762227851480,801,332
1762227851488,801,331
1762227851497,801,328
1762227851505,801,327
1762227851531,801,326
1762227851557,801,324
1762227851568,801,323
1762227851581,801,322
1762227851589,801,320
1762227851598,801,319
1762227851607,801,318
1762227851617,801,317
1762227851762,801,319
1762227851775,802,326
1762227851785,802,335
1762227851795,803,343
1762227851804,804,352
1762227851813,804,360
1762227851822,804,367
1762227851832,804,374
1762227851841,804,379
1762227851850,804,383
1762227851859,804,388
1762227851869,804,392
1762227851878,804,396
1762227851887,804,398
1762227851896,804,401
1762227851905,804,403
1762227851914,804,406
1762227852065,805,406
1762227852082,807,398
1762227852091,808,397
1762227852100,809,393
1762227852109,810,390
1762227852120,811,384
1762227852130,812,378
1762227852140,813,372
1762227852151,813,366
1762227852161,814,359
1762227852170,814,354
1762227852179,814,350
1762227852188,814,346
1762227852196,814,342
1762227852206,814,341
1762227852313,815,341
1762227852329,815,347
1762227852339,815,353
1762227852348,815,360
1762227852358,815,365
1762227852367,815,371
1762227852376,815,374
1762227852385,815,381
1762227852394,815,383
1762227852403,815,385
1762227852428,815,386
1762227852478,815,385
1762227852491,815,379
1762227852502,816,370
1762227852512,816,365
1762227852522,817,357
1762227852531,818,350
1762227852541,819,342
1762227852552,820,336
1762227852561,820,331
1762227852569,820,330
1762227852578,821,329
1762227852587,821,326
1762227852596,822,326
1762227852605,822,325
1762227852614,822,324
1762227852627,822,323
1762227852640,822,321
1762227852652,822,320
1762227852664,822,319
1762227852673,822,317
1762227852682,823,316
1762227852696,824,315
1762227852705,824,313
1762227852745,824,312
1762227852755,824,311
1762227852765,824,308
1762227852774,824,306
1762227852783,826,303
1762227852793,826,301
1762227852884,826,302
1762227852900,826,308
1762227852909,825,312
1762227852919,825,317
1762227852928,824,320
1762227852937,824,324
1762227852947,823,326
1762227852956,822,330
1762227852966,822,334
1762227852976,821,339
1762227852985,820,340
1762227852994,820,342
1762227853003,820,343
1762227853092,819,343
1762227853112,816,336
1762227853122,816,331
1762227853132,816,327
1762227853142,816,322
1762227853151,815,318
1762227853161,815,315
1762227853170,815,313
1762227853179,815,311
1762227853188,815,310
1762227853197,815,309
1762227853323,815,310
1762227853339,815,314
1762227853381,814,315
1762227853445,813,315
1762227853476,813,316
1762227853485,812,316
1762227853495,811,313
1762227853505,810,310
1762227853514,810,309
1762227853524,810,306
1762227853538,810,305
1762227853547,810,303
1762227853566,810,302
1762227853580,810,301
1762227853603,810,300
1762227853627,810,297
1762227853637,810,296
1762227853647,809,294
1762227853656,809,293
1762227853665,809,292
1762227853675,809,291
1762227853741,809,292
1762227853754,809,297
1762227853764,809,303
1762227853774,809,310
1762227853784,809,314
1762227853794,809,316
1762227853803,809,317
1762227853898,809,315
1762227853909,809,311
1762227853919,809,306
1762227853929,809,301
1762227853939,809,297
1762227853948,809,295
1762227853958,809,291
1762227853967,809,288
1762227853977,809,286
1762227853987,809,283
1762227853996,809,281
1762227854006,809,280
1762227854016,809,276
1762227854025,809,272
1762227854035,807,267
1762227854047,807,260
1762227854057,807,254
1762227854066,807,249
1762227854078,807,242
1762227854087,807,240
1762227854096,807,236
1762227854106,807,233
1762227854167,807,234
1762227854181,807,242
1762227854192,807,252
1762227854203,807,260
1762227854213,806,269
1762227854223,806,276
1762227854234,806,283
1762227854244,806,288
1762227854254,806,292
1762227854264,806,294
1762227854300,806,295
1762227854311,807,295
1762227854325,808,295
1762227854375,809,295
1762227854387,810,295
1762227854398,812,290
1762227854408,812,282
1762227854418,812,276
1762227854429,813,269
1762227854439,813,262
1762227854449,813,255
1762227854459,813,249
1762227854469,813,244
1762227854479,813,240
1762227854489,813,236
1762227854500,813,231
1762227854510,813,227
1762227854520,813,223
1762227854530,813,221
1762227854540,813,217
1762227854549,813,214
1762227854559,813,213
1762227854615,814,213
1762227854629,816,219
1762227854640,816,227
1762227854651,816,236
1762227854662,817,248
1762227854674,817,259
1762227854684,816,270
1762227854695,815,278
1762227854705,815,284
1762227854715,815,289
1762227854725,815,292
1762227854735,815,294
1762227854828,814,294
1762227854838,814,290
1762227854849,814,285
1762227854859,814,274
1762227854870,814,264
1762227854882,813,251
1762227854893,813,240
1762227854903,813,228
1762227854914,813,220
1762227854924,813,213
1762227854935,813,208
1762227854945,813,204
1762227854955,813,200
1762227855014,812,192
1762227855077,806,229
1762227855088,803,243
1762227855101,799,260
1762227855114,796,279
1762227855128,794,292
1762227855137,793,296
1762227855206,793,295
1762227855221,793,292
1762227855227,793,290
1762227855316,793,291
1762227855320,793,292
1762227855325,793,293
1762227855331,792,296
1762227855337,790,300
1762227855344,790,304
1762227855350,787,310
1762227855356,784,316
1762227855362,781,321
1762227855368,778,328
1762227855374,777,332
1762227855380,774,339
1762227855386,772,344
1762227855392,771,346
1762227855398,771,349
1762227855404,770,354
1762227855410,768,355
1762227855416,768,359
1762227855422,766,363
1762227855429,766,366
1762227855435,764,369
1762227855441,764,373
1762227855447,763,376
1762227855453,762,383
1762227855459,761,389
1762227855464,759,393
1762227855470,759,398
1762227855476,759,402
1762227855483,759,407
1762227855489,759,411
1762227855495,758,417
1762227855501,758,421
1762227855507,758,425
1762227855513,758,429
1762227855519,758,431
1762227855525,756,434
1762227855531,756,438
1762227855537,756,440
1762227855543,756,444
1762227855549,756,447
1762227855555,756,449
1762227855561,756,452
1762227855567,756,454
1762227855573,756,456
1762227855579,756,458
1762227855585,756,459
1762227855591,756,461
1762227855603,756,462
1762227855611,756,463
1762227855682,756,464
1762227855701,758,464
1762227855707,758,462
1762227855713,759,460
1762227855719,759,457
1762227855725,759,456
1762227855731,759,454
1762227855737,759,453
1762227855743,759,452
1762227855841,760,451
1762227855852,761,448
1762227855863,762,445
1762227855874,764,441
1762227855884,764,436
1762227855895,764,430
1762227855908,764,418
1762227855920,764,404
1762227855932,763,390
1762227855944,763,378
1762227855956,761,367
1762227855968,760,356
1762227855981,760,344
1762227855995,760,332
1762227856007,760,326
1762227856017,760,321
1762227856027,760,318
1762227856043,760,317
1762227856101,760,318
1762227856115,760,326
1762227856130,759,338
1762227856141,759,347
1762227856152,759,357
1762227856163,758,367
1762227856175,756,380
1762227856186,756,392
1762227856198,754,401
1762227856208,754,406
1762227856218,754,407
1762227856297,754,406
1762227856311,754,400
1762227856322,755,394
1762227856333,755,389
1762227856343,757,381
1762227856354,757,376
1762227856364,759,366
1762227856375,759,357
1762227856386,759,351
1762227856397,759,343
1762227856408,760,336
1762227856419,761,325
1762227856430,761,318
1762227856442,761,308
1762227856454,761,302
1762227856466,761,294
1762227856476,761,291
1762227856486,761,290
1762227856506,760,290
1762227856562,759,291
1762227856578,757,299
1762227856589,756,307
1762227856600,756,316
1762227856611,755,321
1762227856621,754,325
1762227856632,754,329
1762227856642,754,330
1762227856702,754,331
1762227856724,753,331
1762227856735,750,331
1762227856746,745,328
1762227856759,742,320
1762227856772,739,309
1762227856783,738,300
1762227856795,736,288
1762227856808,735,277
1762227856819,735,268
1762227856830,735,263
1762227856840,735,261
1762227856946,735,259
1762227856964,737,263
1762227856974,737,269
1762227856985,738,277
1762227856996,739,281
1762227857006,739,286
1762227857017,739,290
1762227857028,740,295
1762227857039,740,300
1762227857050,740,306
1762227857061,741,311
1762227857071,741,313
1762227857082,741,314
1762227857092,741,315
1762227857168,741,314
1762227857188,743,299
1762227857200,743,290
1762227857211,744,278
1762227857224,746,269
1762227857237,747,256
1762227857249,750,244
1762227857262,751,234
1762227857274,753,225
1762227857287,754,217
1762227857299,756,210
1762227857310,756,205
1762227857321,756,201
1762227857331,756,199
1762227857342,757,196
1762227857352,757,195
1762227857396,757,194
1762227857432,757,195
1762227857445,757,204
1762227857457,755,217
1762227857469,752,230
1762227857480,750,242
1762227857492,748,250
1762227857502,748,255
1762227857513,747,259
1762227857524,747,262
1762227857549,747,263
1762227857597,746,263
1762227857615,742,252
1762227857627,741,243
1762227857640,741,231
1762227857652,741,222
1762227857664,741,213
1762227857677,741,207
1762227857687,741,202
1762227857699,741,198
1762227857709,742,193
1762227857720,744,189
1762227857731,744,185
1762227857742,744,181
1762227857753,744,178
1762227857764,744,176
1762227857775,744,175
1762227857785,744,173
1762227857796,745,171
1762227857812,745,170
1762227857827,745,169
1762227857839,745,168
1762227857852,745,166
1762227857862,745,165
1762227857873,745,161
1762227857888,745,160
1762227857915,745,159
1762227858010,745,161
1762227858024,745,168
1762227858037,745,180
1762227858049,745,188
1762227858060,745,196
1762227858071,745,198
1762227858082,745,200
1762227858187,745,199
1762227858206,748,185
1762227858219,748,175
1762227858232,751,166
1762227858244,752,162
1762227858256,752,160
1762227858317,752,159
1762227858329,753,161
1762227858342,754,169
1762227858356,755,179
1762227858368,755,195
1762227858380,755,210
1762227858392,753,229
1762227858404,748,248
1762227858416,745,268
1762227858428,742,282
1762227858440,740,293
1762227858452,738,304
1762227858464,737,308
1762227858474,737,310
1762227858486,737,312
1762227858573,738,311
1762227858588,741,300
1762227858600,741,288
1762227858613,744,276
1762227858625,745,263
1762227858636,748,251
1762227858648,748,244
1762227858659,748,241
1762227858670,748,240
1762227858718,749,241
1762227858732,749,248
1762227858744,749,259
1762227858757,748,271
1762227858768,748,282
1762227858781,748,293
1762227858792,748,301
1762227858803,748,307
1762227858815,748,313
1762227858826,748,315
1762227858837,748,318
1762227858849,749,322
1762227858860,751,324
1762227858871,751,326
1762227858882,751,328
1762227858894,752,330
1762227858905,753,331
1762227858917,755,333
1762227858928,756,337
1762227858940,757,343
1762227858951,759,349
1762227858963,761,355
1762227858976,761,364
1762227858988,761,375
1762227859000,761,388
1762227859013,761,401
1762227859025,761,410
1762227859037,761,419
1762227859048,761,423
1762227859059,761,425
1762227859171,761,424
1762227859189,763,406
1762227859201,763,389
1762227859217,763,368
1762227859229,763,353
1762227859241,761,343
1762227859253,761,339
1762227859264,760,336
1762227859276,759,334
1762227859397,759,335
1762227859414,759,347
1762227859427,759,357
1762227859439,759,369
1762227859451,759,380
1762227859463,760,386
1762227859475,760,391
1762227859487,760,394
1762227859498,760,395
1762227859512,760,396
1762227859524,760,398
1762227859606,760,396
1762227859624,756,378
1762227859636,755,364
1762227859649,754,350
1762227859659,752,340
1762227859671,752,331
1762227859682,753,322
1762227859693,754,314
1762227859704,755,305
1762227859715,757,295
1762227859727,760,286
1762227859739,761,277
1762227859749,761,274
1762227859761,761,268
1762227859773,761,263
1762227859786,762,256
1762227859796,762,251
1762227859806,762,247
1762227859817,762,244
1762227859866,763,244
1762227859882,766,252
1762227859894,768,259
1762227859908,771,269
1762227859922,773,278
1762227859935,774,290
1762227859948,774,297
1762227859959,774,301
1762227860014,774,302
1762227860030,774,295
1762227860042,774,281
1762227860055,773,264
1762227860069,773,244
1762227860083,772,228
1762227860097,770,207
1762227860111,769,194
1762227860124,767,181
1762227860137,767,175
1762227860149,765,171
1762227860161,765,169
1762227860172,765,168
1762227860239,765,169
1762227860259,765,184
1762227860271,765,192
1762227860284,765,204
1762227860298,765,212
1762227860309,765,217
1762227860322,764,220
1762227860389,764,218
1762227860406,764,207
1762227860419,764,196
1762227860431,762,184
1762227860444,761,171
1762227860458,761,163
1762227860469,761,158
1762227860481,761,154
1762227860493,760,152
1762227860518,759,152
1762227860530,758,151
1762227860542,757,151
1762227860554,756,148
1762227860566,755,148
1762227860579,754,147
1762227860590,753,147
1762227860646,752,147
1762227860663,751,147
1762227860675,748,147
1762227860689,747,147
1762227860706,746,147
1762227860718,743,147
1762227860736,742,147
1762227860798,741,147
1762227860816,740,145
1762227860829,740,141
1762227860841,740,140
1762227860853,740,137
1762227860865,740,136
1762227860877,740,133
1762227860889,740,132
1762227860901,740,130
1762227860913,740,128
1762227861051,741,128
1762227861063,742,128
1762227861096,743,128
1762227861109,745,128
1762227861122,747,127
1762227861141,748,126
1762227861154,748,125
1762227861179,749,125
1762227861193,751,125
1762227861206,752,125
1762227861218,753,125
1762227861230,755,125
1762227861242,758,129
1762227861256,763,137
1762227861272,766,150
1762227861285,767,160
1762227861298,768,170
1762227861310,768,178
1762227861323,768,185
1762227861336,769,189
1762227861348,769,191
1762227861439,769,190
1762227861456,768,179
1762227861468,766,169
1762227861481,763,156
1762227861495,762,145
1762227861508,761,138
1762227861521,760,133
1762227861532,760,132
1762227861544,760,131
1762227861599,760,132
1762227861616,760,143
1762227861630,760,154
1762227861643,760,164
1762227861656,761,171
1762227861669,763,177
1762227861681,764,180
1762227861693,764,181
1762227861774,764,180
1762227861795,764,171
1762227861808,764,161
1762227861821,764,153
1762227861833,764,147
1762227861846,764,142
1762227861858,764,139
1762227861870,764,138
1762227861932,764,137
1762227861950,768,141
1762227861963,772,151
1762227861978,776,162
1762227861992,777,171
1762227862007,780,180
1762227862019,781,184
1762227862115,781,182
1762227862131,781,173
1762227862145,781,160
1762227862159,781,151
1762227862173,781,145
1762227862188,780,139
1762227862201,780,137
1762227862213,780,136
1762227862225,780,134
1762227862290,780,135
1762227862312,780,149
1762227862325,780,158
1762227862338,780,167
1762227862351,780,172
1762227862363,780,173
1762227862423,780,174
1762227862442,777,165
1762227862455,773,153
1762227862469,770,141
1762227862483,768,135
1762227862495,768,130
1762227862508,768,129
1762227862594,768,128
1762227862606,769,128
1762227862620,773,134
1762227862634,775,142
1762227862648,780,153
1762227862661,783,163
1762227862675,786,176
1762227862689,786,188
1762227862705,786,198
1762227862720,786,208
1762227862739,786,221
1762227862757,785,225
1762227862855,785,223
1762227862877,782,204
1762227862890,782,189
1762227862903,782,179
1762227862916,782,174
1762227862928,782,172
1762227862983,782,173
1762227862999,782,183
1762227863013,783,200
1762227863027,783,222
1762227863043,783,248
1762227863058,780,275
1762227863071,776,295
1762227863085,774,307
1762227863100,773,316
1762227863114,773,324
1762227863126,773,326
1762227863165,773,325
1762227863179,773,312
1762227863192,774,293
1762227863206,775,275
1762227863222,778,254
1762227863237,780,236
1762227863250,782,224
1762227863263,782,220
1762227863350,783,220
1762227863376,784,242
1762227863392,785,255
1762227863405,785,274
1762227863421,785,293
1762227863437,785,320
1762227863452,782,343
1762227863467,782,361
1762227863481,781,369
1762227863494,781,374
1762227863507,781,377
1762227863519,781,379
1762227863532,781,382
1762227863546,781,387
1762227863560,781,394
1762227863573,779,399
1762227863588,779,406
1762227863600,779,410
1762227863613,779,413
1762227863626,779,415
1762227863682,779,416
1762227863696,779,417
1762227863709,779,420
1762227863722,777,423
1762227863735,777,429
1762227863749,775,434
1762227863763,774,439
1762227863776,772,444
1762227863789,772,448
1762227863801,772,451
1762227863814,772,453
1762227863836,770,456
1762227863982,770,455
1762227864003,771,435
1762227864019,771,419
1762227864035,771,401
1762227864051,771,379
1762227864066,769,363
1762227864080,769,351
1762227864095,769,343
1762227864109,768,337
1762227864122,768,334
1762227864196,768,336
1762227864216,768,353
1762227864230,768,370
1762227864245,769,386
1762227864259,770,404
1762227864273,770,417
1762227864286,770,422
1762227864299,770,424
1762227864334,771,424
1762227864348,773,422
1762227864362,775,408
1762227864381,779,375
1762227864396,782,351
1762227864410,786,316
1762227864426,789,285
1762227864442,790,261
1762227864457,793,235
1762227864472,794,218
1762227864488,796,206
1762227864501,796,201
1762227864589,796,200
1762227864603,796,214
1762227864617,797,232
1762227864632,797,255
1762227864648,797,280
1762227864664,797,304
1762227864678,797,324
1762227864692,795,341
1762227864706,795,354
1762227864718,795,364
1762227864731,795,370
1762227864742,795,372
1762227864754,795,373
1762227864835,795,366
1762227864850,795,352
1762227864865,795,333
1762227864881,795,312
1762227864897,795,286
1762227864913,796,267
1762227864927,796,253
1762227864943,796,245
1762227864957,796,236
1762227864971,796,227
1762227864985,796,218
1762227864998,796,212
1762227865012,796,208
1762227865066,797,208
1762227865082,798,220
1762227865097,801,236
1762227865111,801,253
1762227865125,801,265
1762227865139,801,269
1762227865190,801,270
1762227865204,802,262
1762227865218,802,244
1762227865235,805,223
1762227865251,805,196
1762227865270,806,172
1762227865287,807,156
1762227865302,808,149
1762227865316,809,144
1762227865329,810,140
1762227865342,810,139
1762227865403,810,140
1762227865425,811,160
1762227865441,813,176
1762227865456,813,192
1762227865471,813,205
1762227865484,813,206
1762227865498,813,208
1762227865556,813,207
1762227865571,813,197
1762227865588,812,184
1762227865603,809,165
1762227865617,808,152
1762227865631,805,141
1762227865645,804,137
1762227865658,804,135
1762227865719,804,136
1762227865737,803,153
1762227865753,805,169
1762227865768,807,185
1762227865782,809,196
1762227865795,812,201
1762227865809,813,202
1762227865823,813,203
1762227865908,813,202
1762227865926,811,190
1762227865941,806,173
1762227865957,803,157
1762227865974,798,146
1762227865987,797,142
1762227866001,795,140
1762227866016,795,138
1762227866078,794,138
1762227866100,794,154
1762227866116,794,174
1762227866132,794,190
1762227866146,794,196
1762227866159,794,199
1762227866231,794,198
1762227866249,794,184
1762227866268,793,163
1762227866285,791,146
1762227866302,790,132
1762227866317,790,129
1762227866332,790,127
1762227866347,789,125
1762227866362,788,123
1762227866430,788,122
1762227866452,791,125
1762227866467,796,130
1762227866483,799,135
1762227866499,803,139
1762227866516,807,145
1762227866530,808,148
1762227866548,811,149
1762227866562,812,150
1762227866642,812,149
1762227866657,813,140
1762227866675,813,128
1762227866693,813,118
1762227866709,813,115
1762227866724,813,112
1762227866805,813,111
1762227866820,816,111
1762227866835,820,116
1762227866850,822,122
1762227866867,825,131
1762227866884,830,142
1762227866898,831,147
1762227866912,832,150
1762227866999,832,149
1762227867014,830,145
1762227867029,828,138
1762227867045,824,128
1762227867061,822,121
1762227867076,822,119
1762227867095,822,118
1762227867109,821,117
1762227867152,821,116
1762227867167,824,118
1762227867183,828,126
1762227867199,830,135
1762227867217,832,142
1762227867232,834,148
1762227867249,835,155
1762227867264,835,161
1762227867279,837,166
1762227867294,837,167
1762227867386,838,167
1762227867401,838,160
1762227867416,836,153
1762227867432,834,141
1762227867452,832,129
1762227867467,832,125
1762227867481,832,122
1762227867499,832,119
1762227867517,832,116
1762227867533,830,112
1762227867548,829,111
1762227867563,829,109
1762227867670,829,108
1762227867685,830,109
1762227867700,833,113
1762227867717,836,118
1762227867736,838,124
1762227867754,841,132
1762227867769,842,137
1762227867784,843,142
1762227867799,844,144
1762227868103,844,145
1762227868121,846,152
1762227868138,848,159
1762227868155,850,169
1762227868170,850,175
1762227868188,850,182
1762227868673,850,183
1762227868696,854,194
1762227868713,856,204
1762227868729,857,211
1762227868745,857,218
1762227868760,857,221
1762227868999,857,223
1762227869020,860,232
1762227869037,863,241
1762227869051,864,247
1762227869067,865,256
1762227869088,865,257
1762227869166,866,258
1762227869220,866,257
1762227869238,866,250
1762227869253,865,241
1762227869268,864,235
1762227869283,863,230
1762227869298,862,226
1762227869313,862,222
1762227869329,862,220
1762227869344,862,217
1762227869360,861,215
1762227869377,861,214
1762227869530,861,215
1762227869546,859,220
1762227869563,859,230
1762227869578,858,235
1762227869593,858,238
1762227869706,857,238
1762227869730,857,224
1762227869751,857,208
1762227869770,856,197
1762227869788,856,190
1762227869804,855,183
1762227869819,855,180
1762227869835,854,177
1762227869851,853,175
1762227869866,853,174
1762227869958,853,176
1762227869973,853,181
1762227869989,853,186
1762227870004,853,192
1762227870021,853,195
1762227870038,853,196
1762227870062,853,197
1762227870172,853,196
1762227870191,853,190
1762227870207,853,181
1762227870223,853,175
1762227870239,852,168
1762227870255,851,164
1762227870351,851,163
1762227870367,850,169
1762227870383,851,183
1762227870399,852,195
1762227870414,852,202
1762227870429,853,203
1762227870583,853,204
1762227870605,853,210
1762227870621,853,217
1762227870637,854,225
1762227870652,854,234
1762227870667,854,243
1762227870684,855,251
1762227870699,857,256
1762227870714,857,257
1762227870732,857,259
1762227870747,857,260
1762227870767,858,262
1762227870781,858,263
1762227870933,858,262
1762227870949,858,254
1762227870964,858,242
1762227870979,858,229
1762227870995,858,218
1762227871011,855,206
1762227871026,854,197
1762227871042,853,189
1762227871058,852,181
1762227871073,851,175
1762227871088,851,171
1762227871103,851,170
1762227871130,851,168
1762227871146,849,167
1762227871161,848,165
1762227871176,845,164
1762227871191,844,162
1762227871206,842,158
1762227871221,841,157
1762227871236,837,153
1762227871251,837,152
1762227871267,836,149
1762227871282,835,146
1762227871297,832,139
1762227871313,830,133
1762227871328,828,128
1762227871343,827,124
1762227871358,826,122
1762227871373,825,121
1762227871406,824,120
1762227871421,823,120
1762227871437,821,120
1762227871452,819,119
1762227871467,817,118
1762227871508,817,117
1762227871523,815,117
1762227871540,814,117
1762227871555,809,120
1762227871571,799,125
1762227871588,789,133
1762227871605,782,137
1762227871620,776,141
1762227871635,773,142
1762227871650,772,143
1762227871827,771,143
1762227871855,769,136
1762227871870,769,134
1762227871885,768,132
1762227872017,767,132
1762227872034,761,135
1762227872050,750,142
1762227872066,746,143
1762227872081,744,144
1762227872096,743,144
1762227872154,742,144
1762227872174,741,147
1762227872190,739,148
1762227872206,738,150
1762227872221,734,152
1762227872239,732,159
1762227872257,727,166
1762227872272,725,172
1762227872288,723,175
1762227872303,722,179
1762227872319,721,184
1762227872334,721,189
1762227872350,720,192
1762227872366,720,196
1762227872381,720,200
1762227872397,720,205
1762227872413,720,210
1762227872428,720,215
1762227872444,718,218
1762227872459,718,222
1762227872475,718,224
1762227872491,718,229
1762227872506,718,233
1762227872522,718,238
1762227872537,719,244
1762227872552,719,249
1762227872567,719,251
1762227872580,719,252
1762227872651,719,254
1762227872674,719,256
1762227872690,719,258
1762227872957,719,259
1762227872982,720,263
1762227872997,720,264
1762227873040,720,265
1762227873120,720,264
1762227873142,720,250
1762227873159,719,236
1762227873175,719,224
1762227873191,719,219
1762227873207,719,216
1762227873312,719,217
1762227873336,717,232
1762227873352,716,242
1762227873367,715,249
1762227873385,713,257
1762227873401,713,260
1762227873482,713,261
1762227873512,712,261
1762227873528,711,255
1762227873543,711,249
1762227873561,709,242
1762227873577,709,238
1762227873693,709,240
1762227873714,709,245
1762227873730,708,249
1762227873746,708,251
1762227873761,707,252
1762227873821,707,251
1762227873840,707,240
1762227873859,707,223
1762227873877,709,212
1762227873892,709,208
1762227873959,709,209
1762227873985,709,222
1762227874002,709,230
1762227874019,709,238
1762227874035,709,244
1762227874180,709,245
1762227874201,708,243
1762227874217,707,241
1762227874232,707,239
1762227874248,707,237
1762227874264,707,236
1762227874280,707,231
1762227874295,707,227
1762227874310,707,223
1762227874327,707,219
1762227874343,707,215
1762227874358,707,211
1762227874374,707,209
1762227874389,708,205
1762227874452,708,207
1762227874471,709,213
1762227874488,709,222
1762227874504,709,228
1762227874519,709,229
1762227874575,709,228
1762227874594,709,214
1762227874614,709,195
1762227874632,710,178
1762227874651,713,166
1762227874667,714,161
1762227874683,714,160
1762227874699,715,157
1762227874716,715,153
1762227874732,715,151
1762227874748,715,150
1762227874816,715,151
1762227874838,715,165
1762227874855,715,177
1762227874873,715,188
1762227874889,715,193
1762227874904,715,194
1762227874988,715,192
1762227875012,715,174
1762227875028,715,158
1762227875046,716,144
1762227875065,719,137
1762227875082,723,129
1762227875099,727,125
1762227875117,729,119
1762227875136,735,114
1762227875151,736,110
1762227875167,739,107
1762227875184,740,106
1762227875340,741,108
1762227875362,741,117
1762227875379,741,128
1762227875395,740,134
1762227875411,740,138
1762227875455,740,139
1762227875471,740,140
1762227875487,739,143
1762227875503,739,144
1762227875607,739,143
1762227875625,739,138
1762227875642,739,133
1762227875659,739,131
1762227875674,739,127
1762227875691,739,126
1762227875707,741,123
1762227875723,741,122
1762227875740,741,121
1762227875787,742,120
1762227875807,743,119
1762227875824,744,116
1762227875840,747,113
1762227876031,747,114
1762227876057,747,120
1762227876074,747,124
1762227876089,747,128
1762227876104,747,129
1762227876118,747,130
1762227876265,746,130
1762227876288,746,128
1762227876304,746,126
1762227876321,746,123
1762227876338,747,119
1762227876353,747,117
1762227876369,748,116
1762227876433,749,116
1762227876454,750,116
1762227876473,757,116
1762227876492,766,116
1762227876508,771,118
1762227876524,772,118
1762227876543,774,118
1762227876559,775,119
1762227876576,781,120
1762227876592,786,121
1762227876608,788,121
1762227876831,788,122
1762227876851,786,123
1762227876867,784,123
1762227876885,779,123
1762227876901,779,124
1762227876925,777,124
1762227876960,776,124
1762227876979,774,124
1762227876996,772,124
1762227877013,769,125
1762227877030,766,127
1762227877047,762,129
1762227877067,759,131
1762227877084,757,131
1762227877100,756,132
1762227877116,756,133
1762227877197,756,134
1762227877216,757,134
1762227877233,758,134
1762227877250,762,134
1762227877267,767,134
1762227877284,770,134
1762227877306,771,134
1762227877324,772,134
1762227877334,774,134
1762227877339,775,135
1762227877345,776,136
1762227877348,776,137
1762227877354,778,140
1762227877361,779,143
1762227877367,780,144
1762227877373,781,148
1762227877379,781,150
1762227877385,781,154
1762227877391,784,161
1762227877397,788,173
1762227877403,789,180
1762227877409,791,186
1762227877415,794,194
1762227877421,795,202
1762227877428,795,214
1762227877433,795,223
1762227877440,797,234
1762227877446,798,244
1762227877452,798,257
1762227877458,798,271
1762227877464,800,285
1762227877470,800,299
1762227877476,801,315
1762227877483,803,331
1762227877489,804,346
1762227877495,804,361
1762227877501,804,375
1762227877507,806,392
1762227877513,808,405
1762227877519,809,419
1762227877525,809,431
1762227877531,810,441
1762227877537,810,451
1762227877543,810,460
1762227877549,809,466
1762227877555,808,473
1762227877561,804,481
1762227877568,802,487
1762227877574,801,492
1762227877580,797,498
1762227877586,795,503
1762227877592,791,510
1762227877598,788,515
1762227877605,786,520
1762227877611,784,525
1762227877616,781,528
1762227877622,779,532
1762227877628,776,537
1762227877636,774,539
1762227877641,772,542
1762227877647,771,546
1762227877653,769,549
1762227877659,766,551
1762227877665,765,552
1762227877671,764,553
1762227877677,762,557
1762227877683,762,559
1762227877689,761,560
1762227877695,760,562
1762227877702,759,563
1762227877708,758,565
1762227877715,758,566
1762227877724,758,567
1762227877734,758,568
1762227877752,757,569
1762227877760,755,569
1762227877767,754,570
1762227877777,752,571
1762227877793,751,571
1762227877799,750,571
1762227877805,749,571
1762227877811,747,571
1762227877817,746,571
1762227877825,745,571
1762227877831,744,571
1762227877835,742,571
1762227877841,741,571
1762227877847,740,571
1762227877853,737,571
1762227877859,735,571
1762227877865,733,571
1762227877871,732,570
1762227877877,728,568
1762227877883,727,568
1762227877890,726,567
1762227877896,725,567
1762227877902,723,566
1762227877908,723,565
1762227877914,721,563
1762227877921,720,562
1762227877926,719,562
1762227877932,716,560
1762227877938,715,558
1762227877944,714,558
1762227877950,713,558
1762227877956,712,556
1762227877964,712,555
1762227877968,711,554
1762227877974,710,553
1762227877980,708,553
1762227877987,707,553
1762227877992,706,552
1762227878001,705,551
1762227878017,703,550
1762227878026,702,549
1762227878029,701,549
1762227878035,700,548
1762227878041,700,547
1762227878047,699,545
1762227878053,697,544
1762227878059,696,543
1762227878065,695,541
1762227878089,694,540
1762227878097,693,539
1762227878102,690,539
1762227878108,687,537
1762227878115,685,535
1762227878120,683,532
1762227878126,682,530
1762227878133,679,530
1762227878138,678,529
1762227878144,677,528
1762227878163,676,528
1762227878169,674,528
1762227878175,674,527
1762227878181,673,525
1762227878187,671,525
1762227878193,669,525
1762227878199,668,525
1762227878205,667,524
1762227878211,665,524
1762227878222,663,524
1762227878241,661,523
1762227878260,660,522
1762227878271,659,522
1762227878276,657,522
1762227878284,656,522
1762227878286,655,521
1762227878293,654,521
1762227878297,652,521
1762227878302,651,521
1762227878308,647,521
1762227878315,646,521
1762227878320,643,521
1762227878329,642,521
1762227878333,641,521
1762227878339,640,521
1762227878344,637,521
1762227878350,636,521
1762227878358,634,521
1762227878363,633,521
1762227878371,632,521
1762227878375,631,521
1762227878393,629,521
1762227878399,628,521
1762227878410,627,521
1762227878421,625,521
1762227878430,625,522
1762227878436,624,522
1762227878441,623,522
1762227878447,622,522
1762227878466,620,522
1762227878472,620,523
1762227878478,619,524
1762227878484,618,524
1762227878502,616,525
1762227878508,616,526
1762227878514,615,526
1762227878526,613,526
1762227878529,612,526
1762227878533,611,526
1762227878539,609,526
1762227878557,608,526
1762227878563,606,527
1762227878569,605,527
1762227878575,602,527
1762227878581,601,528
1762227878587,600,529
1762227878593,599,529
1762227878599,597,529
1762227878605,595,529
1762227878611,593,529
1762227878617,592,529
1762227878623,590,531
1762227878630,588,532
1762227878635,586,533
1762227878642,584,534
1762227878648,583,534
1762227878654,581,534
1762227878660,578,534
1762227878666,578,535
1762227878672,576,535
1762227878678,575,535
1762227878684,573,536
1762227878693,571,536
1762227878696,570,537
1762227878702,567,538
1762227878711,566,538
1762227878715,565,539
1762227878720,564,539
1762227878726,563,539
1762227878733,561,539
1762227878738,559,539
1762227878744,557,539
1762227878751,556,539
1762227878757,555,539
1762227878763,553,540
1762227878769,551,540
1762227878775,549,540
1762227878781,547,540
1762227878787,544,540
1762227878793,541,540
1762227878799,537,540
1762227878805,535,540
1762227878811,530,540
1762227878817,525,540
1762227878824,521,540
1762227878830,517,540
1762227878836,512,540
1762227878842,506,540
1762227878848,500,540
1762227878854,495,541
1762227878860,488,541
1762227878866,483,541
1762227878872,478,541
1762227878878,474,541
1762227878884,471,541
1762227878890,466,541
1762227878896,462,542
1762227878902,458,542
1762227878908,454,542
1762227878914,449,544
1762227878920,443,544
1762227878926,439,544
1762227878932,434,544
1762227878939,428,544
1762227878945,423,544
1762227878951,417,545
1762227878958,411,545
1762227878964,406,545
1762227878969,400,545
1762227878975,396,545
1762227878981,390,546
1762227878987,387,546
1762227878993,383,546
1762227878999,377,546
1762227879005,373,547
1762227879011,368,547
1762227879017,366,547
1762227879023,362,547
1762227879029,358,547
1762227879036,354,547
1762227879041,350,549
1762227879048,347,549
1762227879054,343,549
1762227879060,339,549
1762227879066,336,549
1762227879072,333,550
1762227879078,331,550
1762227879084,328,550
1762227879090,324,550
1762227879096,322,550
1762227879102,319,550
1762227879108,315,550
1762227879114,313,550
1762227879121,310,550
1762227879126,306,550
1762227879132,304,550
1762227879138,301,550
1762227879144,299,550
1762227879151,298,550
1762227879157,295,550
1762227879163,294,550
1762227879169,291,550
1762227879175,290,550
1762227879181,287,550
1762227879187,286,550
1762227879193,285,550
1762227879199,284,550
1762227879210,282,550
1762227879215,281,550
1762227879255,280,550
1762227879273,279,549
1762227879412,279,548
1762227879417,277,549
1762227879420,277,552
1762227879423,276,552
1762227879429,275,555
1762227879435,272,556
1762227879442,272,559
1762227879448,270,562
1762227879454,267,566
1762227879460,265,570
1762227879466,263,575
1762227879472,260,580
1762227879478,258,586
1762227879484,257,591
1762227879490,254,596
-1,-1,-1
1762227825551,98,48
1762227825814,99,47
1762227825817,99,46
1762227825840,99,45
1762227825849,99,44
1762227826119,98,43
1762227826290,98,44
1762227826312,100,44
1762227826320,101,44
1762227826325,102,45
1762227826351,104,46
1762227826367,105,46
1762227826386,108,46
1762227826395,109,46
1762227826417,110,47
1762227826455,111,47
1762227826459,112,47
1762227826523,112,48
1762227826544,114,48
1762227826569,114,49
1762227826592,115,49
1762227826611,116,49
1762227826621,117,49
1762227826680,118,49
1762227826683,119,49
1762227826715,119,48
1762227826796,119,47
1762227826845,119,46
1762227826862,118,46
1762227826870,117,46
1762227826889,116,46
1762227826900,114,46
1762227826907,113,45
1762227826913,112,45
1762227826931,111,45
1762227826937,110,45
1762227826943,108,45
1762227827021,107,45
1762227827040,106,45
1762227827058,105,46
1762227827069,105,47
1762227827098,105,48
1762227827113,104,49
1762227827119,103,50
1762227827129,102,50
1762227827162,102,51
1762227827184,102,52
1762227827192,103,53
1762227827204,104,53
1762227827205,104,54
1762227827210,105,55
1762227827216,106,56
1762227827228,108,56
1762227827234,110,56
1762227827240,111,56
1762227827246,112,56
1762227827252,114,56
1762227827258,115,56
1762227827264,116,56
1762227827273,117,56
1762227827277,119,56
1762227827288,120,56
1762227827295,121,56
1762227827301,122,56
1762227827327,124,56
1762227827343,124,55
1762227827349,125,54
1762227827360,125,53
1762227827364,126,52
1762227827380,128,52
1762227827386,129,52
1762227827392,130,49
1762227827401,131,49
1762227827404,133,48
1762227827410,133,47
1762227827416,133,45
1762227827422,134,44
1762227827434,135,43
1762227827444,135,42
1762227827458,135,41
1762227827481,136,41
1762227827569,136,40
1762227827577,135,40
1762227827586,133,40
1762227827592,131,40
1762227827598,129,42
1762227827604,126,42
1762227827610,124,42
1762227827616,121,43
1762227827622,120,43
1762227827628,117,44
1762227827635,116,44
1762227827640,116,45
1762227827648,115,45
1762227827814,116,45
1762227827823,118,45
1762227827828,119,45
1762227827838,120,45
1762227827852,122,45
1762227827870,123,45
1762227827876,124,45
1762227827883,125,45
1762227827890,127,45
1762227827901,128,45
1762227827907,129,45
1762227827925,130,45
1762227827943,132,45
1762227827949,133,45
1762227827957,134,45
1762227828075,133,45
1762227828083,132,44
1762227828089,131,44
1762227828095,129,44
1762227828101,129,43
1762227828107,128,43
1762227828113,127,43
1762227828119,126,43
1762227828125,124,43
1762227828131,122,43
1762227828137,121,43
1762227828146,119,43
1762227828153,118,43
1762227828161,117,43
1762227828169,115,43
1762227828177,114,43
1762227828198,113,43
1762227828204,112,43
1762227828215,111,43
1762227828222,109,43
1762227828240,109,44
1762227828258,108,44
1762227828383,107,44
1762227828387,106,44
1762227828398,106,43
1762227828406,106,42
1762227828422,106,41
1762227828440,106,39
1762227828482,107,39
1762227828495,107,38
1762227828505,108,38
1762227828512,110,38
1762227828523,111,38
1762227828528,111,37
1762227828531,113,37
1762227828537,115,37
1762227828543,116,37
1762227828549,117,37
1762227828555,118,37
1762227828561,121,37
1762227828567,122,37
1762227828586,124,37
1762227828709,124,39
1762227828723,123,39
1762227828727,123,40
1762227828732,122,40
1762227828737,122,41
1762227828743,121,42
1762227828749,120,42
1762227828755,119,42
1762227828761,119,44
1762227828773,117,44
1762227828779,116,44
1762227828786,115,44
1762227828792,114,45
1762227828810,110,46
1762227828854,109,46
1762227828859,108,47
1762227828868,107,48
1762227828889,106,48
1762227828907,105,48
1762227828913,104,48
1762227829026,103,48
1762227829046,103,47
1762227829052,103,46
1762227829058,104,46
1762227829082,105,46
1762227829089,107,46
1762227829095,108,45
1762227829106,109,45
1762227829118,110,45
1762227829127,111,45
1762227829134,113,44
1762227829155,114,44
1762227829182,115,44
1762227829624,127,88
1762227829628,129,88
1762227829661,130,88
1762227829759,128,88
1762227829763,127,88
1762227829767,126,88
1762227829774,124,88
1762227829780,122,88
1762227829786,119,88
1762227829792,118,88
1762227829798,117,88
1762227829804,114,88
1762227829816,112,88
1762227829822,110,88
1762227829832,109,88
1762227829839,108,87
1762227829846,106,87
1762227829911,106,86
1762227829915,106,85
1762227829919,107,85
1762227829963,107,84
1762227829967,109,83
1762227829973,110,83
1762227829979,113,83
1762227829986,114,82
1762227829992,115,81
1762227829998,117,81
1762227830004,118,80
1762227830010,120,80
1762227830016,122,80
1762227830024,123,79
1762227830040,124,78
1762227830046,125,78
1762227830058,126,78
1762227830125,128,78
1762227830133,130,80
1762227830138,130,81
1762227830143,130,82
1762227830149,130,84
1762227830156,130,85
1762227830161,132,86
1762227830224,132,87
1762227830246,132,88
1762227830252,132,90
1762227830270,131,90
1762227830276,130,90
1762227830283,129,91
1762227830291,128,91
1762227830300,127,91
1762227830308,126,91
1762227830313,125,91
1762227830319,123,91
1762227830325,122,91
1762227830331,121,91
1762227830337,120,91
1762227830343,117,91
1762227830349,116,91
1762227830355,113,91
1762227830361,112,89
1762227830367,111,89
1762227830373,108,88
1762227830399,107,87
1762227830445,106,87
1762227830449,106,86
1762227830454,107,86
1762227830460,108,86
1762227830464,109,85
1762227830471,112,84
1762227830477,113,84
1762227830483,117,84
1762227830489,119,84
1762227830495,122,83
1762227830501,124,81
1762227830507,127,80
1762227830513,128,80
1762227830519,132,79
1762227830525,133,79
1762227830531,136,79
1762227830544,137,79
1762227830621,138,79
1762227830628,138,80
1762227830634,137,81
1762227830640,137,83
1762227830646,136,83
1762227830652,134,85
1762227830658,134,87
1762227830664,134,88
1762227830670,133,89
1762227830677,132,90
1762227830682,131,90
1762227830689,130,92
1762227830700,130,93
1762227830711,130,94
1762227830713,129,94
1762227830725,129,95
1762227830749,129,96
1762227830755,128,96
1762227830764,127,97
1762227830785,126,98
1762227830804,125,98
1762227830848,124,98
1762227830853,122,98
1762227830858,121,98
1762227830865,120,98
1762227830876,120,97
1762227830882,119,96
1762227830889,119,95
1762227830895,119,94
1762227830901,119,93
1762227830909,119,91
1762227830913,119,90
1762227830919,120,88
1762227830926,121,88
1762227830931,122,86
1762227830939,123,86
1762227830943,123,85
1762227830961,124,83
1762227831024,125,83
1762227831046,126,83
1762227831052,128,83
1762227831059,129,85
1762227831064,130,85
1762227831070,131,88
1762227831077,132,89
1762227831083,132,93
1762227831089,132,95
1762227831095,132,96
1762227831101,132,98
1762227831107,132,100
1762227831113,131,101
1762227831119,130,102
1762227831125,130,104
1762227831131,129,105
1762227831139,127,105
1762227831175,126,105
1762227831184,125,105
1762227831187,123,105
1762227831192,122,105
1762227831198,121,104
1762227831204,118,102
1762227831210,118,100
1762227831216,118,98
1762227831222,117,97
1762227831696,120,97
1762227831809,119,97
1762227831824,118,97
1762227831831,116,97
1762227831852,115,97
1762227831858,114,97
1762227831876,112,97
1762227831882,111,97
1762227831894,110,97
1762227831906,109,97
1762227832074,107,97
1762227832101,107,96
1762227832125,106,96
1762227832396,105,96
1762227832404,104,95
1762227833098,144,50
1762227833207,144,49
1762227833213,144,47
1762227833219,144,44
1762227833222,144,43
1762227833228,144,40
1762227833234,144,38
1762227833240,143,36
1762227833246,143,34
1762227833252,143,32
1762227833258,143,30
1762227833264,143,29
1762227833270,142,29
1762227833282,141,27
1762227833290,140,26
1762227833329,139,25
1762227833337,139,24
1762227833343,138,24
1762227833349,138,23
1762227833355,137,22
1762227833410,136,22
1762227833428,135,22
1762227833434,134,22
1762227833465,134,21
1762227833470,133,20
1762227833478,131,20
1762227833485,130,20
1762227833491,129,20
1762227833499,128,20
1762227833519,126,19
1762227833525,125,18
1762227833531,124,18
1762227833549,122,18
1762227833558,121,18
1762227833562,120,18
1762227833574,118,18
1762227833584,117,18
1762227833591,116,18
1762227833598,115,18
1762227833632,113,18
1762227833641,112,18
1762227833647,111,18
1762227833652,109,18
1762227833680,108,18
1762227833692,107,18
1762227833706,106,18
1762227833728,104,18
1762227833737,103,18
1762227833756,102,18
1762227833783,101,18
1762227833804,99,18
1762227833810,98,19
1762227833828,97,20
1762227833834,96,20
1762227833852,94,21
1762227833859,93,21
1762227833868,92,22
1762227833876,92,23
1762227833882,90,24
1762227833888,88,24
1762227833894,87,25
1762227833901,85,26
1762227833919,84,28
1762227833925,83,28
1762227833935,82,28
1762227833943,82,29
1762227833951,82,30
1762227833955,82,31
1762227833961,82,33
1762227833970,82,34
1762227833985,82,36
1762227833993,82,38
1762227834010,82,39
1762227834016,82,40
1762227834022,82,41
1762227834030,82,43
1762227834035,84,44
1762227834040,84,45
1762227834088,85,46
1762227834101,86,46
1762227834107,87,47
1762227834127,88,48
1762227834154,88,49
1762227834162,88,50
1762227834214,88,51
1762227834217,88,53
1762227834228,88,54
1762227834234,88,55
1762227834241,88,57
1762227834247,88,58
1762227834255,88,59
1762227834364,88,58
1762227834370,88,56
1762227834375,88,55
1762227834379,86,52
1762227834386,86,48
1762227834392,86,44
1762227834398,86,43
1762227834404,86,38
1762227834410,86,36
1762227834416,87,35
1762227834422,87,32
1762227834434,88,31
1762227834440,88,29
1762227835240,187,287
1762227835304,187,288
1762227835358,187,290
1762227835367,187,291
1762227835386,187,292
1762227835418,187,294
1762227835424,187,295
1762227835434,187,296
1762227835444,187,297
1762227835464,187,299
1762227835544,187,298
1762227835551,186,296
1762227835559,183,289
1762227835563,183,287
1762227835568,182,286
1762227835574,181,284
1762227835579,180,282
1762227835586,180,281
1762227835594,177,280
1762227835665,176,280
1762227835677,176,284
1762227835683,176,288
1762227835688,176,290
1762227835694,176,294
1762227835702,176,295
1762227835707,176,298
1762227835713,176,301
1762227835719,175,303
1762227835725,175,308
1762227835731,175,311
1762227835737,175,315
1762227835743,175,318
1762227835749,175,319
1762227835755,175,320
1762227835775,175,321
1762227835791,176,322
1762227835802,177,322
1762227835822,179,322
1762227835829,180,321
1762227835839,181,321
1762227835846,183,319
1762227835852,184,318
1762227835858,185,313
1762227835864,186,311
1762227835870,187,309
1762227835876,189,306
1762227835882,191,302
1762227835888,194,298
1762227835894,195,295
1762227835901,196,290
1762227835907,196,288
1762227835913,198,285
1762227835919,199,284
1762227835925,199,283
1762227835931,199,282
1762227835937,200,280
1762227836030,200,279
1762227836052,200,280
1762227836058,200,282
1762227836064,200,285
1762227836070,199,287
1762227836076,199,289
1762227836082,198,291
1762227836088,197,293
1762227836094,197,295
1762227836102,197,296
1762227836130,196,297
1762227836134,196,298
1762227836147,196,299
1762227836173,196,300
1762227836199,194,300
1762227836216,193,301
1762227836222,192,301
1762227836228,191,301
1762227836234,190,300
1762227836240,187,299
1762227836246,185,297
1762227836252,183,294
1762227836259,183,292
1762227836264,182,290
1762227836271,181,287
1762227836276,181,286
1762227836282,181,285
1762227836288,181,283
1762227836294,181,281
1762227836301,181,280
1762227836307,181,277
1762227836313,181,276
1762227836319,181,273
1762227836325,181,272
1762227836331,181,271
1762227836431,181,270
1762227836439,182,271
1762227836445,182,274
1762227836450,182,275
1762227836454,182,276
1762227836458,182,277
1762227836464,182,279
1762227836470,182,281
1762227836476,182,282
1762227836482,181,284
1762227836489,180,286
1762227836495,177,290
1762227836501,176,290
1762227836507,175,292
1762227836513,174,293
1762227836518,170,296
1762227837050,53,301
1762227837058,52,301
1762227837064,52,302
1762227837070,51,304
1762227837076,49,305
1762227837094,49,306
1762227837184,48,306
1762227837192,48,305
1762227837198,46,303
1762227837204,45,301
1762227837210,44,298
1762227837216,42,297
1762227837222,41,295
1762227837228,41,294
1762227837234,41,291
1762227837240,40,290
1762227837246,40,286
1762227837252,40,284
1762227837258,40,283
1762227837264,40,282
1762227837270,40,281
1762227837276,40,278
1762227837282,40,277
1762227837289,40,276
1762227837300,40,274
1762227837307,41,274
1762227837325,41,273
1762227837400,44,274
1762227837406,44,277
1762227837413,44,280
1762227837418,44,283
1762227837423,45,287
1762227837428,45,288
1762227837434,45,293
1762227837440,45,296
1762227837446,45,297
1762227837452,45,299
1762227837458,45,300
1762227837474,45,301
1762227837567,45,300
1762227837573,45,298
1762227837580,45,297
1762227837586,45,295
1762227837592,46,293
1762227837598,46,292
1762227837604,47,290
1762227837610,47,288
1762227837616,48,286
1762227837634,48,285
1762227837694,49,284
1762227837707,50,284
1762227837713,53,284
1762227837719,55,286
1762227837725,57,288
1762227837731,58,290
1762227837737,59,292
1762227837743,61,292
1762227837749,61,294
1762227837755,62,295
1762227837761,62,296
1762227837770,62,297
1762227837871,62,296
1762227837879,62,295
1762227837886,59,289
1762227837891,59,288
1762227837896,59,286
1762227837901,59,283
1762227837907,58,279
1762227837913,58,275
1762227837919,58,274
1762227837925,58,271
1762227837931,57,269
1762227837937,57,268
1762227837943,56,267
1762227837955,56,265
1762227837961,56,263
1762227837967,56,262
1762227837973,56,260
1762227837979,56,258
1762227837985,56,257
1762227837993,56,256
1762227838000,56,254
1762227838078,56,255
1762227838086,56,259
1762227838095,56,262
1762227838101,56,265
1762227838107,56,269
1762227838113,56,272
1762227838119,56,274
1762227838125,56,277
1762227838131,56,280
1762227838137,56,281
1762227838143,56,282
1762227838149,56,283
1762227838155,56,285
1762227838205,55,285
1762227838216,54,285
1762227838224,51,285
1762227838230,50,283
1762227838235,50,282
1762227838240,48,278
1762227838246,47,274
1762227838252,46,271
1762227838258,46,268
1762227838264,46,266
1762227838270,46,262
1762227838276,46,258
1762227838282,46,256
1762227838289,46,252
1762227838295,46,251
1762227838301,46,248
1762227838307,46,245
1762227838313,46,244
1762227838390,46,243
1762227838404,46,242
1762227838411,48,244
1762227838416,50,249
1762227838422,50,253
1762227838428,51,256
1762227838434,52,262
1762227838440,53,265
1762227838446,53,269
1762227838452,53,270
1762227838458,53,272
1762227838464,53,277
1762227838470,53,278
1762227838476,53,281
1762227838504,52,282
1762227838534,52,283
1762227838543,50,283
1762227838549,49,283
1762227838555,46,282
1762227838561,43,281
1762227838567,41,277
1762227838573,40,276
1762227838580,38,274
1762227838585,37,270
1762227838591,37,267
1762227838598,35,262
1762227838604,35,261
1762227838610,34,258
1762227838616,33,256
1762227838622,33,253
1762227838628,33,251
1762227838634,33,249
1762227838640,33,248
1762227838646,33,246
1762227838652,33,244
1762227838658,33,243
1762227838667,34,242
1762227838671,34,241
1762227838677,35,240
1762227838691,36,239
1762227838751,37,238
1762227838761,41,238
1762227838769,44,241
1762227838774,44,242
1762227838779,46,245
1762227838786,47,247
1762227838792,48,250
1762227838798,48,252
1762227838804,50,254
1762227838810,50,257
1762227838816,51,257
1762227838822,51,260
1762227838828,52,262
1762227838834,53,263
1762227838840,53,265
1762227838846,53,266
1762227838870,54,267
1762227838946,53,267
1762227838955,53,265
1762227838963,51,262
1762227838969,50,260
1762227838974,49,256
1762227838980,48,253
1762227838986,48,251
1762227838992,48,248
1762227838998,48,244
1762227839004,48,242
1762227839010,48,240
1762227839016,48,238
1762227839022,48,235
1762227839034,49,234
1762227839040,50,232
1762227839046,51,230
1762227839057,51,229
1762227839148,52,229
1762227839157,52,232
1762227839164,53,237
1762227839170,53,241
1762227839175,53,244
1762227839181,53,247
1762227839187,53,253
1762227839193,53,258
1762227839198,53,259
1762227839204,53,263
1762227839210,53,264
1762227839216,53,265
1762227839222,53,267
1762227839285,53,266
1762227839294,53,262
1762227839300,52,258
1762227839306,50,253
1762227839312,50,249
1762227839317,50,247
1762227839324,50,242
1762227839330,49,238
1762227839335,49,234
1762227839341,49,230
1762227839347,49,227
1762227839353,49,225
1762227839358,49,220
1762227839368,50,219
1762227839373,50,218
1762227839379,50,217
1762227839397,50,215
1762227839455,50,217
1762227839462,50,220
1762227839469,50,224
1762227839475,50,229
1762227839481,50,233
1762227839486,50,236
1762227839492,50,241
1762227839498,48,245
1762227839504,47,249
1762227839510,47,251
1762227839516,47,253
1762227839522,46,254
1762227839578,45,254
1762227839586,44,252
1762227839594,43,250
1762227842585,772,488
1762227842590,772,490
1762227842655,772,491
1762227842664,772,492
1762227842672,772,494
1762227842677,772,495
1762227842684,772,496
1762227842689,772,497
1762227842695,772,499
1762227842706,772,500
1762227842713,772,501
1762227842741,772,503
1762227842761,770,505
1762227842767,770,506
1762227842773,769,507
1762227842779,769,509
1762227842785,766,512
1762227842791,766,515
1762227842798,764,518
1762227842804,763,520
1762227842810,761,522
1762227842816,761,526
1762227842822,761,528
1762227842828,759,529
1762227842947,759,528
1762227842955,759,526
1762227842961,759,523
1762227842967,759,521
1762227842973,759,517
1762227842979,759,516
1762227842985,759,511
1762227842991,760,508
1762227842998,760,505
1762227843004,760,504
1762227843010,760,503
1762227843097,761,504
1762227843119,762,507
1762227843128,763,508
1762227843137,763,509
1762227843143,763,512
1762227843149,763,513
1762227843155,764,514
1762227843161,764,515
1762227843169,764,516
1762227843179,764,518
1762227843255,763,518
1762227843266,758,514
1762227843274,753,510
1762227843280,748,507
1762227843286,747,506
1762227843292,744,503
1762227843298,743,502
1762227843303,742,502
1762227843313,742,501
1762227843357,742,500
1762227843398,742,501
1762227843410,743,502
1762227843418,744,504
1762227843425,746,506
1762227843431,747,507
1762227843437,747,508
1762227843443,748,509
1762227843449,750,511
1762227843455,752,512
1762227843461,752,513
1762227843467,753,515
1762227843473,755,516
1762227843479,757,516
1762227843488,757,518
1762227843494,759,518
1762227843500,760,519
1762227843518,761,520
1762227843523,761,521
1762227843577,763,521
1762227843604,763,520
1762227843609,764,517
1762227843616,764,514
1762227843622,765,511
1762227843628,766,506
1762227843635,766,501
1762227843642,766,496
1762227843648,766,491
1762227843655,766,486
1762227843662,766,479
1762227843668,767,474
1762227843675,767,470
1762227843680,767,466
1762227843686,767,465
1762227843692,767,462
1762227843698,767,461
1762227843704,768,461
1762227843721,768,459
1762227843815,768,461
1762227843825,768,467
1762227843831,768,472
1762227843838,768,476
1762227843844,768,481
1762227843850,768,487
1762227843856,768,491
1762227843863,768,496
1762227843869,768,501
1762227843875,768,505
1762227843881,768,508
1762227843887,768,509
1762227843893,768,510
1762227843899,769,511
1762227843975,769,509
1762227843991,764,494
1762227843998,763,486
1762227844008,761,475
1762227844018,761,465
1762227844026,761,457
1762227844035,761,449
1762227844041,761,446
1762227844047,761,442
1762227844053,761,441
1762227844059,761,438
1762227844064,761,435
1762227844070,761,434
1762227844082,761,433
1762227844089,761,432
1762227844155,760,431
1762227844167,760,437
1762227844175,760,444
1762227844181,760,451
1762227844188,760,457
1762227844195,760,463
1762227844202,760,470
1762227844209,760,475
1762227844215,760,480
1762227844222,760,484
1762227844228,760,489
1762227844234,760,491
1762227844246,760,492
1762227844326,760,491
1762227844333,760,486
1762227844340,760,477
1762227844347,759,470
1762227844354,758,461
1762227844362,757,445
1762227844369,757,439
1762227844376,757,429
1762227844383,757,422
1762227844391,757,414
1762227844399,757,408
1762227844405,757,403
1762227844411,757,400
1762227844418,757,398
1762227844424,757,396
1762227844486,757,397
1762227844498,757,409
1762227844505,757,419
1762227844512,757,430
1762227844519,757,439
1762227844526,757,448
1762227844534,757,457
1762227844541,757,463
1762227844548,758,471
1762227844555,758,479
1762227844563,758,487
1762227844569,758,493
1762227844576,758,500
1762227844583,758,505
1762227844590,758,509
1762227844597,758,511
1762227844604,758,515
1762227844644,758,516
1762227844897,757,517
1762227844907,756,519
1762227844917,755,519
1762227844989,754,520
1762227845004,753,520
1762227845012,753,521
1762227845022,751,521
1762227845028,750,521
1762227845110,750,522
1762227845122,751,523
1762227845132,753,524
1762227845138,754,525
1762227845145,755,525
1762227845157,757,526
1762227845164,758,526
1762227845170,759,526
1762227845178,760,527
1762227845184,761,528
1762227845192,764,529
1762227845198,766,529
1762227845204,768,529
1762227845211,769,530
1762227845222,770,531
1762227845246,771,531
1762227845275,772,531
1762227845281,773,530
1762227845288,773,526
1762227845295,775,524
1762227845306,775,523
1762227845313,776,521
1762227845325,776,520
1762227845338,776,519
1762227845352,776,518
1762227845364,776,516
1762227845370,776,514
1762227845376,776,513
1762227845383,776,510
1762227845390,776,506
1762227845397,776,502
1762227845404,776,500
1762227845411,776,497
1762227845418,776,493
1762227845425,776,492
1762227845431,776,491
1762227845466,776,490
1762227845488,776,489
1762227845517,775,489
1762227845537,775,490
1762227845544,775,494
1762227845551,775,499
1762227845559,775,500
1762227847170,794,524
1762227847177,796,524
1762227847209,797,522
1762227847216,797,518
1762227847223,797,516
1762227847231,797,510
1762227847238,797,507
1762227847244,797,504
1762227847252,797,498
1762227847259,797,496
1762227847265,797,492
1762227847271,797,491
1762227847278,797,490
1762227847362,797,489
1762227847375,798,494
1762227847384,801,501
1762227847390,801,505
1762227847398,801,511
1762227847405,801,515
1762227847412,801,519
1762227847420,801,521
1762227847426,801,524
1762227847433,801,526
1762227847440,801,527
1762227847447,801,528
1762227847530,801,529
1762227847542,799,529
1762227847550,797,525
1762227847557,795,520
1762227847564,794,517
1762227847572,792,514
1762227847579,790,510
1762227847586,790,507
1762227847593,788,505
1762227847600,788,503
1762227847607,787,501
1762227847614,786,500
1762227847634,785,499
1762227847698,785,500
1762227847709,788,504
1762227847717,792,508
1762227847724,793,511
1762227847731,794,513
1762227847738,796,516
1762227847746,798,517
1762227847753,800,521
1762227847760,801,523
1762227847766,802,524
1762227847774,803,526
1762227847805,804,527
1762227847877,804,526
1762227847889,802,523
1762227847897,802,520
1762227847972,802,519
1762227847981,803,519
1762227847991,804,519
1762227848000,806,522
1762227848007,808,522
1762227848017,811,525
1762227848029,813,526
1762227848042,814,527
1762227848110,814,526
1762227848120,814,521
1762227848129,814,516
1762227848136,814,511
1762227848143,812,506
1762227848151,810,502
1762227848158,809,497
1762227848165,809,492
1762227848173,806,488
1762227848181,806,486
1762227848188,806,484
1762227848196,806,483
1762227848204,805,481
1762227848268,804,481
1762227848280,802,481
1762227848306,802,485
1762227848314,800,488
1762227848322,800,493
1762227848329,800,496
1762227848337,799,499
1762227848344,798,501
1762227848351,798,503
1762227848361,798,504
1762227848373,798,505
1762227848451,797,505
1762227848463,797,501
1762227848473,797,491
1762227848481,797,486
1762227848490,797,478
1762227848499,798,472
1762227848508,803,467
1762227848516,803,462
1762227848524,806,457
1762227848533,807,455
1762227848541,808,454
1762227848549,809,452
1762227848557,809,451
1762227848570,809,450
1762227848660,809,451
1762227848671,809,456
1762227848678,809,457
1762227848686,809,463
1762227848693,809,466
1762227848701,807,471
1762227848709,806,476
1762227848717,806,478
1762227848724,806,481
1762227848732,806,483
1762227848739,805,484
1762227848812,805,483
1762227848822,805,474
1762227848830,805,468
1762227848838,805,460
1762227848846,805,454
1762227848856,806,444
1762227848865,807,434
1762227848873,808,427
1762227848882,810,421
1762227848890,810,414
1762227848897,811,412
1762227848905,811,409
1762227848918,811,408
1762227848987,811,409
1762227849000,811,418
1762227849008,811,426
1762227849022,808,439
1762227849029,805,446
1762227849037,803,453
1762227849045,801,462
1762227849053,799,467
1762227849061,797,472
1762227849069,796,478
1762227849077,794,480
1762227849084,794,482
1762227849092,794,483
1762227849179,794,482
1762227849188,794,477
1762227849196,794,469
1762227849205,794,462
1762227849214,796,455
1762227849223,798,444
1762227849232,798,436
1762227849241,799,429
1762227849250,799,421
1762227849257,800,416
1762227849266,800,412
1762227849275,801,405
1762227849282,802,401
1762227849290,803,398
1762227849298,803,396
1762227849305,804,394
1762227849313,804,392
1762227849321,804,391
1762227849388,804,393
1762227849397,804,398
1762227849405,804,405
1762227849413,804,414
1762227849421,803,421
1762227849430,802,431
1762227849439,801,439
1762227849446,801,445
1762227849454,801,451
1762227849462,801,454
1762227849470,801,456
1762227849478,801,458
1762227849554,801,457
1762227849564,801,451
1762227849574,801,442
1762227849582,804,435
1762227849590,806,428
1762227849599,808,422
1762227849608,810,416
1762227849615,811,411
1762227849624,812,406
1762227849632,812,403
1762227849640,812,398
1762227849648,812,397
1762227849656,812,394
1762227849664,812,393
1762227849672,812,392
1762227849736,813,392
1762227849747,813,397
1762227849756,815,403
1762227849764,815,410
1762227849772,816,415
1762227849781,816,421
1762227849789,816,424
1762227849796,816,426
1762227849804,816,429
1762227849815,816,430
1762227849828,816,431
1762227849840,816,433
1762227849848,816,434
1762227849856,816,435
1762227849934,816,436
1762227849947,812,434
1762227849955,810,426
1762227849963,807,421
1762227849972,805,414
1762227849981,804,408
1762227849989,804,400
1762227849997,802,396
1762227850006,802,389
1762227850014,802,384
1762227850029,802,375
1762227850036,802,370
1762227850044,802,366
1762227850053,802,362
1762227850061,802,357
1762227850069,801,354
1762227850077,801,352
1762227850085,801,349
1762227850159,801,350
1762227850169,801,354
1762227850178,801,361
1762227850186,801,367
1762227850195,801,377
1762227850204,801,386
1762227850214,800,396
1762227850222,797,405
1762227850231,795,414
1762227850240,795,423
1762227850249,794,428
1762227850258,793,435
1762227850266,793,440
1762227850275,791,442
1762227850283,790,443
1762227850291,790,445
1762227850312,790,447
1762227850324,789,448
1762227850333,789,449
1762227850341,789,450
1762227850495,789,449
1762227850508,790,444
1762227850518,790,439
1762227850526,791,435
1762227850535,791,429
1762227850544,791,422
1762227850552,791,417
1762227850560,791,413
1762227850570,791,406
1762227850578,791,402
1762227850586,791,401
1762227850595,791,398
1762227850681,792,398
1762227850690,792,402
1762227850698,793,405
1762227850707,793,410
1762227850716,794,414
1762227850724,795,418
1762227850733,795,422
1762227850741,795,426
1762227850750,795,430
1762227850758,795,432
1762227850766,795,435
1762227850774,795,436
1762227850849,795,435
1762227850863,795,426
1762227850872,797,419
1762227850881,797,412
1762227850890,798,404
1762227850899,798,396
1762227850907,799,388
1762227850916,799,381
1762227850925,801,376
1762227850933,801,373
1762227850942,801,370
1762227850950,801,367
1762227850958,801,364
1762227850967,801,362
1762227850975,801,359
1762227850984,801,357
1762227850992,801,355
1762227851000,801,354
1762227851008,801,353
1762227851021,801,352
1762227851053,801,350
1762227851062,801,349
1762227851071,801,348
1762227851079,801,346
1762227851087,801,345
1762227851095,801,344
1762227851157,801,345
1762227851167,801,349
1762227851178,801,355
1762227851187,801,361
1762227851197,801,368
1762227851205,801,374
1762227851215,801,381
1762227851224,801,386
1762227851232,800,387
1762227851241,799,389
1762227851252,799,391
1762227851359,798,391
1762227851372,798,387
1762227851381,798,381
1762227851390,798,378
1762227851399,798,372
1762227851408,798,368
1762227851417,798,363
1762227851426,798,358
1762227851435,798,353
1762227851444,798,349
1762227851453,798,344
1762227851462,800,340
1762227851471,800,336
1762227851480,801,332
1762227851488,801,331
1762227851497,801,328
1762227851505,801,327
1762227851531,801,326
1762227851557,801,324
1762227851568,801,323
1762227851581,801,322
1762227851589,801,320
1762227851598,801,319
1762227851607,801,318
1762227851617,801,317
1762227851762,801,319
1762227851775,802,326
1762227851785,802,335
1762227851795,803,343
1762227851804,804,352
1762227851813,804,360
1762227851822,804,367
1762227851832,804,374
1762227851841,804,379
1762227851850,804,383
1762227851859,804,388
1762227851869,804,392
1762227851878,804,396
1762227851887,804,398
1762227851896,804,401
1762227851905,804,403
1762227851914,804,406
1762227852065,805,406
1762227852082,807,398
1762227852091,808,397
1762227852100,809,393
1762227852109,810,390
1762227852120,811,384
1762227852130,812,378
1762227852140,813,372
1762227852151,813,366
1762227852161,814,359
1762227852170,814,354
1762227852179,814,350
1762227852188,814,346
1762227852196,814,342
1762227852206,814,341
1762227852313,815,341
1762227852329,815,347
1762227852339,815,353
1762227852348,815,360
1762227852358,815,365
1762227852367,815,371
1762227852376,815,374
1762227852385,815,381
1762227852394,815,383
1762227852403,815,385
1762227852428,815,386
1762227852478,815,385
1762227852491,815,379
1762227852502,816,370
1762227852512,816,365
1762227852522,817,357
1762227852531,818,350
1762227852541,819,342
1762227852552,820,336
1762227852561,820,331
1762227852569,820,330
1762227852578,821,329
1762227852587,821,326
1762227852596,822,326
1762227852605,822,325
1762227852614,822,324
1762227852627,822,323
1762227852640,822,321
1762227852652,822,320
1762227852664,822,319
1762227852673,822,317
1762227852682,823,316
1762227852696,824,315
1762227852705,824,313
1762227852745,824,312
1762227852755,824,311
1762227852765,824,308
1762227852774,824,306
1762227852783,826,303
1762227852793,826,301
1762227852884,826,302
1762227852900,826,308
1762227852909,825,312
1762227852919,825,317
1762227852928,824,320
1762227852937,824,324
1762227852947,823,326
1762227852956,822,330
1762227852966,822,334
1762227852976,821,339
1762227852985,820,340
1762227852994,820,342
1762227853003,820,343
1762227853092,819,343
1762227853112,816,336
1762227853122,816,331
1762227853132,816,327
1762227853142,816,322
1762227853151,815,318
1762227853161,815,315
1762227853170,815,313
1762227853179,815,311
1762227853188,815,310
1762227853197,815,309
1762227853323,815,310
1762227853339,815,314
1762227853381,814,315
1762227853445,813,315
1762227853476,813,316
1762227853485,812,316
1762227853495,811,313
1762227853505,810,310
1762227853514,810,309
1762227853524,810,306
1762227853538,810,305
1762227853547,810,303
1762227853566,810,302
1762227853580,810,301
1762227853603,810,300
1762227853627,810,297
1762227853637,810,296
1762227853647,809,294
1762227853656,809,293
1762227853665,809,292
1762227853675,809,291
1762227853741,809,292
1762227853754,809,297
1762227853764,809,303
1762227853774,809,310
1762227853784,809,314
1762227853794,809,316
1762227853803,809,317
1762227853898,809,315
1762227853909,809,311
1762227853919,809,306
1762227853929,809,301
1762227853939,809,297
1762227853948,809,295
1762227853958,809,291
1762227853967,809,288
1762227853977,809,286
1762227853987,809,283
1762227853996,809,281
1762227854006,809,280
1762227854016,809,276
1762227854025,809,272
1762227854035,807,267
1762227854047,807,260
1762227854057,807,254
1762227854066,807,249
1762227854078,807,242
1762227854087,807,240
1762227854096,807,236
1762227854106,807,233
1762227854167,807,234
1762227854181,807,242
1762227854192,807,252
1762227854203,807,260
1762227854213,806,269
1762227854223,806,276
1762227854234,806,283
1762227854244,806,288
1762227854254,806,292
1762227854264,806,294
1762227854300,806,295
1762227854311,807,295
1762227854325,808,295
1762227854375,809,295
1762227854387,810,295
1762227854398,812,290
1762227854408,812,282
1762227854418,812,276
1762227854429,813,269
1762227854439,813,262
1762227854449,813,255
1762227854459,813,249
1762227854469,813,244
1762227854479,813,240
1762227854489,813,236
1762227854500,813,231
1762227854510,813,227
1762227854520,813,223
1762227854530,813,221
1762227854540,813,217
1762227854549,813,214
1762227854559,813,213
1762227854615,814,213
1762227854629,816,219
1762227854640,816,227
1762227854651,816,236
1762227854662,817,248
1762227854674,817,259
1762227854684,816,270
1762227854695,815,278
1762227854705,815,284
1762227854715,815,289
1762227854725,815,292
1762227854735,815,294
1762227854828,814,294
1762227854838,814,290
1762227854849,814,285
1762227854859,814,274
1762227854870,814,264
1762227854882,813,251
1762227854893,813,240
1762227854903,813,228
1762227854914,813,220
1762227854924,813,213
1762227854935,813,208
1762227854945,813,204
1762227854955,813,200
1762227855014,812,192
1762227855077,806,229
1762227855088,803,243
1762227855101,799,260
1762227855114,796,279
1762227855128,794,292
1762227855137,793,296
1762227855206,793,295
1762227855787,759,452
1762227855841,760,451
1762227855852,761,448
1762227855863,762,445
1762227855874,764,441
1762227855884,764,436
1762227855895,764,430
1762227855908,764,418
1762227855920,764,404
1762227855932,763,390
1762227855944,763,378
1762227855956,761,367
1762227855968,760,356
1762227855981,760,344
1762227855995,760,332
1762227856007,760,326
1762227856017,760,321
1762227856027,760,318
1762227856043,760,317
1762227856101,760,318
1762227856115,760,326
1762227856130,759,338
1762227856141,759,347
1762227856152,759,357
1762227856163,758,367
1762227856175,756,380
1762227856186,756,392
1762227856198,754,401
1762227856208,754,406
1762227856218,754,407
1762227856297,754,406
1762227856311,754,400
1762227856322,755,394
1762227856333,755,389
1762227856343,757,381
1762227856354,757,376
1762227856364,759,366
1762227856375,759,357
1762227856386,759,351
1762227856397,759,343
1762227856408,760,336
1762227856419,761,325
1762227856430,761,318
1762227856442,761,308
1762227856454,761,302
1762227856466,761,294
1762227856476,761,291
1762227856486,761,290
1762227856506,760,290
1762227856562,759,291
1762227856578,757,299
1762227856589,756,307
1762227856600,756,316
1762227856611,755,321
1762227856621,754,325
1762227856632,754,329
1762227856642,754,330
1762227856702,754,331
1762227856724,753,331
1762227856735,750,331
1762227856746,745,328
1762227856759,742,320
1762227856772,739,309
1762227856783,738,300
1762227856795,736,288
1762227856808,735,277
1762227856819,735,268
1762227856830,735,263
1762227856840,735,261
1762227856946,735,259
1762227856964,737,263
1762227856974,737,269
1762227856985,738,277
1762227856996,739,281
1762227857006,739,286
1762227857017,739,290
1762227857028,740,295
1762227857039,740,300
1762227857050,740,306
1762227857061,741,311
1762227857071,741,313
1762227857082,741,314
1762227857092,741,315
1762227857168,741,314
1762227857188,743,299
1762227857200,743,290
1762227857211,744,278
1762227857224,746,269
1762227857237,747,256
1762227857249,750,244
1762227857262,751,234
1762227857274,753,225
1762227857287,754,217
1762227857299,756,210
1762227857310,756,205
1762227857321,756,201
1762227857331,756,199
1762227857342,757,196
1762227857352,757,195
1762227857396,757,194
1762227857432,757,195
1762227857445,757,204
1762227857457,755,217
1762227857469,752,230
1762227857480,750,242
1762227857492,748,250
1762227857502,748,255
1762227857513,747,259
1762227857524,747,262
1762227857549,747,263
1762227857597,746,263
1762227857615,742,252
1762227857627,741,243
1762227857640,741,231
1762227857652,741,222
1762227857664,741,213
1762227857677,741,207
1762227857687,741,202
1762227857699,741,198
1762227857709,742,193
1762227857720,744,189
1762227857731,744,185
1762227857742,744,181
1762227857753,744,178
1762227857764,744,176
1762227857775,744,175
1762227857785,744,173
1762227857796,745,171
1762227857812,745,170
1762227857827,745,169
1762227857839,745,168
1762227857852,745,166
1762227857862,745,165
1762227857873,745,161
1762227857888,745,160
1762227857915,745,159
1762227858010,745,161
1762227858024,745,168
1762227858037,745,180
1762227858049,745,188
1762227858060,745,196
1762227858071,745,198
1762227858082,745,200
1762227858187,745,199
1762227858206,748,185
1762227858219,748,175
1762227858232,751,166
1762227858244,752,162
1762227858256,752,160
1762227858317,752,159
1762227858329,753,161
1762227858342,754,169
1762227858356,755,179
1762227858368,755,195
1762227858380,755,210
1762227858392,753,229
1762227858404,748,248
1762227858416,745,268
1762227858428,742,282
1762227858440,740,293
1762227858452,738,304
1762227858464,737,308
1762227858474,737,310
1762227858486,737,312
1762227858573,738,311
1762227858588,741,300
1762227858600,741,288
1762227858613,744,276
1762227858625,745,263
1762227858636,748,251
1762227858648,748,244
1762227858659,748,241
1762227858670,748,240
1762227858718,749,241
1762227858732,749,248
1762227858744,749,259
1762227858757,748,271
1762227858768,748,282
1762227858781,748,293
1762227858792,748,301
1762227858803,748,307
1762227858815,748,313
1762227858826,748,315
1762227858837,748,318
1762227858849,749,322
1762227858860,751,324
1762227858871,751,326
1762227858882,751,328
1762227858894,752,330
1762227858905,753,331
1762227858917,755,333
1762227858928,756,337
1762227858940,757,343
1762227858951,759,349
1762227858963,761,355
1762227858976,761,364
1762227858988,761,375
1762227859000,761,388
1762227859013,761,401
1762227859025,761,410
1762227859037,761,419
1762227859048,761,423
1762227859059,761,425
1762227859171,761,424
1762227859189,763,406
1762227859201,763,389
1762227859217,763,368
1762227859229,763,353
1762227859241,761,343
1762227859253,761,339
1762227859264,760,336
1762227859276,759,334
1762227859397,759,335
1762227859414,759,347
1762227859427,759,357
1762227859439,759,369
1762227859451,759,380
1762227859463,760,386
1762227859475,760,391
1762227859487,760,394
1762227859498,760,395
1762227859512,760,396
1762227859524,760,398
1762227859606,760,396
1762227859624,756,378
1762227859636,755,364
1762227859649,754,350
1762227859659,752,340
1762227859671,752,331
1762227859682,753,322
1762227859693,754,314
1762227859704,755,305
1762227859715,757,295
1762227859727,760,286
1762227859739,761,277
1762227859749,761,274
1762227859761,761,268
1762227859773,761,263
1762227859786,762,256
1762227859796,762,251
1762227859806,762,247
1762227859817,762,244
1762227859866,763,244
1762227859882,766,252
1762227859894,768,259
1762227859908,771,269
1762227859922,773,278
1762227859935,774,290
1762227859948,774,297
1762227859959,774,301
1762227860014,774,302
1762227860030,774,295
1762227860042,774,281
1762227860055,773,264
1762227860069,773,244
1762227860083,772,228
1762227860097,770,207
1762227860111,769,194
1762227860124,767,181
1762227860137,767,175
1762227860149,765,171
1762227860161,765,169
1762227860172,765,168
1762227860239,765,169
1762227860259,765,184
1762227860271,765,192
1762227860284,765,204
1762227860298,765,212
1762227860309,765,217
1762227860322,764,220
1762227860389,764,218
1762227860406,764,207
1762227860419,764,196
1762227860431,762,184
1762227860444,761,171
1762227860458,761,163
1762227860469,761,158
1762227860481,761,154
1762227860493,760,152
1762227860518,759,152
1762227860530,758,151
1762227860542,757,151
1762227860554,756,148
1762227860566,755,148
1762227860579,754,147
1762227860590,753,147
1762227860646,752,147
1762227860663,751,147
1762227860675,748,147
1762227860689,747,147
1762227860706,746,147
1762227860718,743,147
1762227860736,742,147
1762227860798,741,147
1762227860816,740,145
1762227860829,740,141
1762227860841,740,140
1762227860853,740,137
1762227860865,740,136
1762227860877,740,133
1762227860889,740,132
1762227860901,740,130
1762227860913,740,128
1762227861051,741,128
1762227861063,742,128
1762227861096,743,128
1762227861109,745,128
1762227861122,747,127
1762227861141,748,126
1762227861154,748,125
1762227861179,749,125
1762227861193,751,125
1762227861206,752,125
1762227861218,753,125
1762227861230,755,125
1762227861242,758,129
1762227861256,763,137
1762227861272,766,150
1762227861285,767,160
1762227861298,768,170
1762227861310,768,178
1762227861323,768,185
1762227861336,769,189
1762227861348,769,191
1762227861439,769,190
1762227861456,768,179
1762227861468,766,169
1762227861481,763,156
1762227861495,762,145
1762227861508,761,138
1762227861521,760,133
1762227861532,760,132
1762227861544,760,131
1762227861599,760,132
1762227861616,760,143
1762227861630,760,154
1762227861643,760,164
1762227861656,761,171
1762227861669,763,177
1762227861681,764,180
1762227861693,764,181
1762227861774,764,180
1762227861795,764,171
1762227861808,764,161
1762227861821,764,153
1762227861833,764,147
1762227861846,764,142
1762227861858,764,139
1762227861870,764,138
1762227861932,764,137
1762227861950,768,141
1762227861963,772,151
1762227861978,776,162
1762227861992,777,171
1762227862007,780,180
1762227862019,781,184
1762227862115,781,182
1762227862131,781,173
1762227862145,781,160
1762227862159,781,151
1762227862173,781,145
1762227862188,780,139
1762227862201,780,137
1762227862213,780,136
1762227862225,780,134
1762227862290,780,135
1762227862312,780,149
1762227862325,780,158
1762227862338,780,167
1762227862351,780,172
1762227862363,780,173
1762227862423,780,174
1762227862442,777,165
1762227862455,773,153
1762227862469,770,141
1762227862483,768,135
1762227862495,768,130
1762227862508,768,129
1762227862594,768,128
1762227862606,769,128
1762227862620,773,134
1762227862634,775,142
1762227862648,780,153
1762227862661,783,163
1762227862675,786,176
1762227862689,786,188
1762227862705,786,198
1762227862720,786,208
1762227862739,786,221
1762227862757,785,225
1762227862855,785,223
1762227862877,782,204
1762227862890,782,189
1762227862903,782,179
1762227862916,782,174
1762227862928,782,172
1762227862983,782,173
1762227862999,782,183
1762227863013,783,200
1762227863027,783,222
1762227863043,783,248
1762227863058,780,275
1762227863071,776,295
1762227863085,774,307
1762227863100,773,316
1762227863114,773,324
1762227863126,773,326
1762227863165,773,325
1762227863179,773,312
1762227863192,774,293
1762227863206,775,275
1762227863222,778,254
1762227863237,780,236
1762227863250,782,224
1762227863263,782,220
1762227863350,783,220
1762227863376,784,242
1762227863392,785,255
1762227863405,785,274
1762227863421,785,293
1762227863437,785,320
1762227863452,782,343
1762227863467,782,361
1762227863481,781,369
1762227863494,781,374
1762227863507,781,377
1762227863519,781,379
1762227863532,781,382
1762227863546,781,387
1762227863560,781,394
1762227863573,779,399
1762227863588,779,406
1762227863600,779,410
1762227863613,779,413
1762227863626,779,415
1762227863682,779,416
1762227863696,779,417
1762227863709,779,420
1762227863722,777,423
1762227863735,777,429
1762227863749,775,434
1762227863763,774,439
1762227863776,772,444
1762227863789,772,448
1762227863801,772,451
1762227863814,772,453
1762227863836,770,456
1762227863982,770,455
1762227864003,771,435
1762227864019,771,419
1762227864035,771,401
1762227864051,771,379
1762227864066,769,363
1762227864080,769,351
1762227864095,769,343
1762227864109,768,337
1762227864122,768,334
1762227864196,768,336
1762227864216,768,353
1762227864230,768,370
1762227864245,769,386
1762227864259,770,404
1762227864273,770,417
1762227864286,770,422
1762227864299,770,424
1762227864334,771,424
1762227864348,773,422
1762227864362,775,408
1762227864381,779,375
1762227864396,782,351
1762227864410,786,316
1762227864426,789,285
1762227864442,790,261
1762227864457,793,235
1762227864472,794,218
1762227864488,796,206
1762227864501,796,201
1762227864589,796,200
1762227864603,796,214
1762227864617,797,232
1762227864632,797,255
1762227864648,797,280
1762227864664,797,304
1762227864678,797,324
1762227864692,795,341
1762227864706,795,354
1762227864718,795,364
1762227864731,795,370
1762227864742,795,372
1762227864754,795,373
1762227864835,795,366
1762227864850,795,352
1762227864865,795,333
1762227864881,795,312
1762227864897,795,286
1762227864913,796,267
1762227864927,796,253
1762227864943,796,245
1762227864957,796,236
1762227864971,796,227
1762227864985,796,218
1762227864998,796,212
1762227865012,796,208
1762227865066,797,208
1762227865082,798,220
1762227865097,801,236
1762227865111,801,253
1762227865125,801,265
1762227865139,801,269
1762227865190,801,270
1762227865204,802,262
1762227865218,802,244
1762227865235,805,223
1762227865251,805,196
1762227865270,806,172
1762227865287,807,156
1762227865302,808,149
1762227865316,809,144
1762227865329,810,140
1762227865342,810,139
1762227865403,810,140
1762227865425,811,160
1762227865441,813,176
1762227865456,813,192
1762227865471,813,205
1762227865484,813,206
1762227865498,813,208
1762227865556,813,207
1762227865571,813,197
1762227865588,812,184
1762227865603,809,165
1762227865617,808,152
1762227865631,805,141
1762227865645,804,137
1762227865658,804,135
1762227865719,804,136
1762227865737,803,153
1762227865753,805,169
1762227865768,807,185
1762227865782,809,196
1762227865795,812,201
1762227865809,813,202
1762227865823,813,203
1762227865908,813,202
1762227865926,811,190
1762227865941,806,173
1762227865957,803,157
1762227865974,798,146
1762227865987,797,142
1762227866001,795,140
1762227866016,795,138
1762227866078,794,138
1762227866100,794,154
1762227866116,794,174
1762227866132,794,190
1762227866146,794,196
1762227866159,794,199
1762227866231,794,198
1762227866249,794,184
1762227866268,793,163
1762227866285,791,146
1762227866302,790,132
1762227866317,790,129
1762227866332,790,127
1762227866347,789,125
1762227866362,788,123
1762227866430,788,122
1762227866452,791,125
1762227866467,796,130
1762227866483,799,135
1762227866499,803,139
1762227866516,807,145
1762227866530,808,148
1762227866548,811,149
1762227866562,812,150
1762227866642,812,149
1762227866657,813,140
1762227866675,813,128
1762227866693,813,118
1762227866709,813,115
1762227866724,813,112
1762227866805,813,111
1762227866820,816,111
1762227866835,820,116
1762227866850,822,122
1762227866867,825,131
1762227866884,830,142
1762227866898,831,147
1762227866912,832,150
1762227866999,832,149
1762227867014,830,145
1762227867029,828,138
1762227867045,824,128
1762227867061,822,121
1762227867076,822,119
1762227867095,822,118
1762227867109,821,117
1762227867152,821,116
1762227867167,824,118
1762227867183,828,126
1762227867199,830,135
1762227867217,832,142
1762227867232,834,148
1762227867249,835,155
1762227867264,835,161
1762227867279,837,166
1762227867294,837,167
1762227867386,838,167
1762227867401,838,160
1762227867416,836,153
1762227867432,834,141
1762227867452,832,129
1762227867467,832,125
1762227867481,832,122
1762227867499,832,119
1762227867517,832,116
1762227867533,830,112
1762227867548,829,111
1762227867563,829,109
1762227867670,829,108
1762227867685,830,109
1762227867700,833,113
1762227867717,836,118
1762227867736,838,124
1762227867754,841,132
1762227867769,842,137
1762227867784,843,142
1762227867799,844,144
1762227868103,844,145
1762227868121,846,152
1762227868138,848,159
1762227868155,850,169
1762227868170,850,175
1762227868188,850,182
1762227868673,850,183
1762227868696,854,194
1762227868713,856,204
1762227868729,857,211
1762227868745,857,218
1762227868760,857,221
1762227868999,857,223
1762227869020,860,232
1762227869037,863,241
1762227869051,864,247
1762227869067,865,256
1762227869088,865,257
1762227869166,866,258
1762227869220,866,257
1762227869238,866,250
1762227869253,865,241
1762227869268,864,235
1762227869283,863,230
1762227869298,862,226
1762227869313,862,222
1762227869329,862,220
1762227869344,862,217
1762227869360,861,215
1762227869377,861,214
1762227869530,861,215
1762227869546,859,220
1762227869563,859,230
1762227869578,858,235
1762227869593,858,238
1762227869706,857,238
1762227869730,857,224
1762227869751,857,208
1762227869770,856,197
1762227869788,856,190
1762227869804,855,183
1762227869819,855,180
1762227869835,854,177
1762227869851,853,175
1762227869866,853,174
1762227869958,853,176
1762227869973,853,181
1762227869989,853,186
1762227870004,853,192
1762227870021,853,195
1762227870038,853,196
1762227870062,853,197
1762227870172,853,196
1762227870191,853,190
1762227870207,853,181
1762227870223,853,175
1762227870239,852,168
1762227870255,851,164
1762227870351,851,163
1762227870367,850,169
1762227870383,851,183
1762227870399,852,195
1762227870414,852,202
1762227870429,853,203
1762227870583,853,204
1762227870605,853,210
1762227870621,853,217
1762227870637,854,225
1762227870652,854,234
1762227870667,854,243
1762227870684,855,251
1762227870699,857,256
1762227870714,857,257
1762227870732,857,259
1762227870747,857,260
1762227870767,858,262
1762227870781,858,263
1762227870933,858,262
1762227870949,858,254
1762227870964,858,242
1762227870979,858,229
1762227870995,858,218
1762227871011,855,206
1762227871026,854,197
1762227871042,853,189
1762227871058,852,181
1762227871073,851,175
1762227871088,851,171
1762227871103,851,170
1762227871130,851,168
1762227871146,849,167
1762227871161,848,165
1762227871176,845,164
1762227871191,844,162
1762227871206,842,158
1762227871221,841,157
1762227871236,837,153
1762227871251,837,152
1762227871267,836,149
1762227871282,835,146
1762227871297,832,139
1762227871313,830,133
1762227871328,828,128
1762227871343,827,124
1762227871358,826,122
1762227871373,825,121
1762227871406,824,120
1762227871421,823,120
1762227871437,821,120
1762227871452,819,119
1762227871467,817,118
1762227871508,817,117
1762227871523,815,117
1762227871540,814,117
1762227871555,809,120
1762227871571,799,125
1762227871588,789,133
1762227871605,782,137
1762227871620,776,141
1762227871635,773,142
1762227871650,772,143
1762227871827,771,143
1762227871855,769,136
1762227871870,769,134
1762227871885,768,132
1762227872017,767,132
1762227872034,761,135
1762227872050,750,142
1762227872066,746,143
1762227872081,744,144
1762227872096,743,144
1762227872154,742,144
1762227872174,741,147
1762227872190,739,148
1762227872206,738,150
1762227872221,734,152
1762227872239,732,159
1762227872257,727,166
1762227872272,725,172
1762227872288,723,175
1762227872303,722,179
1762227872319,721,184
1762227872334,721,189
1762227872350,720,192
1762227872366,720,196
1762227872381,720,200
1762227872397,720,205
1762227872413,720,210
1762227872428,720,215
1762227872444,718,218
1762227872459,718,222
1762227872475,718,224
1762227872491,718,229
1762227872506,718,233
1762227872522,718,238
1762227872537,719,244
1762227872552,719,249
1762227872567,719,251
1762227872580,719,252
1762227872651,719,254
1762227872674,719,256
1762227872690,719,258
1762227872957,719,259
1762227872982,720,263
1762227872997,720,264
1762227873040,720,265
1762227873120,720,264
1762227873142,720,250
1762227873159,719,236
1762227873175,719,224
1762227873191,719,219
1762227873207,719,216
1762227873312,719,217
1762227873336,717,232
1762227873352,716,242
1762227873367,715,249
1762227873385,713,257
1762227873401,713,260
1762227873482,713,261
1762227873512,712,261
1762227873528,711,255
1762227873543,711,249
1762227873561,709,242
1762227873577,709,238
1762227873693,709,240
1762227873714,709,245
1762227873730,708,249
1762227873746,708,251
1762227873761,707,252
1762227873821,707,251
1762227873840,707,240
1762227873859,707,223
1762227873877,709,212
1762227873892,709,208
1762227873959,709,209
1762227873985,709,222
1762227874002,709,230
1762227874019,709,238
1762227874035,709,244
1762227874180,709,245
1762227874201,708,243
1762227874217,707,241
1762227874232,707,239
1762227874248,707,237
1762227874264,707,236
1762227874280,707,231
1762227874295,707,227
1762227874310,707,223
1762227874327,707,219
1762227874343,707,215
1762227874358,707,211
1762227874374,707,209
1762227874389,708,205
1762227874452,708,207
1762227874471,709,213
1762227874488,709,222
1762227874504,709,228
1762227874519,709,229
1762227874575,709,228
1762227874594,709,214
1762227874614,709,195
1762227874632,710,178
1762227874651,713,166
1762227874667,714,161
1762227874683,714,160
1762227874699,715,157
1762227874716,715,153
1762227874732,715,151
1762227874748,715,150
1762227874816,715,151
1762227874838,715,165
1762227874855,715,177
1762227874873,715,188
1762227874889,715,193
1762227874904,715,194
1762227874988,715,192
1762227875012,715,174
1762227875028,715,158
1762227875046,716,144
1762227875065,719,137
1762227875082,723,129
1762227875099,727,125
1762227875117,729,119
1762227875136,735,114
1762227875151,736,110
1762227875167,739,107
1762227875184,740,106
1762227875340,741,108
1762227875362,741,117
1762227875379,741,128
1762227875395,740,134
1762227875411,740,138
1762227875455,740,139
1762227875471,740,140
1762227875487,739,143
1762227875503,739,144
1762227875607,739,143
1762227875625,739,138
1762227875642,739,133
1762227875659,739,131
1762227875674,739,127
1762227875691,739,126
1762227875707,741,123
1762227875723,741,122
1762227875740,741,121
1762227875787,742,120
1762227875807,743,119
1762227875824,744,116
1762227875840,747,113
1762227876031,747,114
1762227876057,747,120
1762227876074,747,124
1762227876089,747,128
1762227876104,747,129
1762227876118,747,130
1762227876265,746,130
1762227876288,746,128
1762227876304,746,126
1762227876321,746,123
1762227876338,747,119
1762227876353,747,117
1762227876369,748,116
1762227876433,749,116
1762227876454,750,116
1762227876473,757,116
1762227876492,766,116
1762227876508,771,118
1762227876524,772,118
1762227876543,774,118
1762227876559,775,119
1762227876576,781,120
1762227876592,786,121
1762227876608,788,121
1762227876831,788,122
1762227876851,786,123
1762227876867,784,123
1762227876885,779,123
1762227876901,779,124
1762227876925,777,124
1762227876960,776,124
1762227876979,774,124
1762227876996,772,124
1762227877013,769,125
1762227877030,766,127
1762227877047,762,129
1762227877067,759,131
1762227877084,757,131
1762227877100,756,132
1762227877116,756,133
1762227877197,756,134
1762227877216,757,134
1762227877233,758,134
1762227877250,762,134
1762227877267,767,134
1762227877284,770,134
-1,-1,-1
1762227825551,,
1762227829624,,
1762227831696,,
1762227833098,,
1762227835240,,
1762227837050,,
1762227842585,,
1762227847170,,
1762227855787,,
-1,-1,-1
1762227829262,,
1762227831224,,
1762227832454,,
1762227834534,,
1762227836521,,
1762227839597,,
1762227845563,,
1762227855216,,
1762227877300,,
