1762227412873,210,4
1762227412879,197,12
1762227412885,183,22
1762227412891,167,32
1762227412897,148,42
1762227412903,123,55
1762227412909,96,66
1762227412915,65,79
1762227412921,29,93
1762227413673,0,54
1762227413679,3,61
1762227413685,7,67
1762227413691,11,71
1762227413697,14,74
1762227413703,17,77
1762227413709,18,77
1762227413715,21,78
1762227413721,25,78
1762227413727,27,79
1762227413733,30,80
1762227413739,32,80
1762227413745,36,80
1762227413751,41,80
1762227413757,46,79
1762227413764,50,77
1762227413770,55,75
1762227413776,63,72
1762227413782,68,70
1762227413788,73,68
1762227413794,80,61
1762227413800,84,58
1762227413806,86,57
1762227413812,91,54
1762227413818,93,52
1762227413824,94,50
1762227413830,95,48
1762227413836,97,46
1762227413842,98,44
1762227413848,102,41
1762227413854,103,38
1762227413860,104,36
1762227413867,106,33
1762227413873,108,32
1762227413879,109,31
1762227413885,111,30
1762227413891,112,28
1762227413897,114,27
1762227413917,115,27
1762227413925,116,27
1762227413929,117,26
1762227413938,119,26
1762227413941,119,25
1762227413945,120,24
1762227413952,121,24
1762227413958,122,24
1762227413964,124,24
1762227413970,126,23
1762227413976,128,23
1762227413998,130,23
1762227414309,130,22
1762227414315,128,22
1762227414321,127,22
1762227414329,126,22
1762227414333,125,22
1762227414425,125,23
1762227414430,123,26
1762227414436,123,30
1762227414442,123,33
1762227414448,122,33
1762227414454,122,35
1762227414460,122,36
1762227414469,122,38
1762227414473,121,38
1762227414491,121,39
1762227414497,120,41
1762227414509,119,41
1762227414517,119,42
1762227414521,119,44
1762227414528,118,45
1762227414545,117,48
1762227414554,117,49
1762227414560,117,51
1762227414564,117,52
1762227414570,115,53
1762227414576,115,54
1762227414582,115,55
1762227414588,115,56
1762227414617,115,57
1762227414626,114,58
1762227414636,113,59
1762227414645,112,60
1762227414653,112,61
1762227414675,112,62
1762227414693,112,63
1762227414697,111,63
1762227414705,111,64
1762227414721,111,66
1762227414746,111,67
1762227414751,111,68
1762227414758,112,69
1762227414764,113,69
1762227414770,114,70
1762227414776,115,70
1762227414782,117,72
1762227414788,118,72
1762227414796,119,72
1762227414801,120,72
1762227414806,121,73
1762227414812,122,73
1762227414818,123,73
1762227414824,124,74
1762227414830,125,74
1762227414836,127,76
1762227414842,129,76
1762227414851,130,77
1762227414860,131,77
1762227414865,132,77
1762227414867,134,77
1762227414877,135,78
1762227414894,136,79
1762227414898,137,79
1762227414917,138,79
1762227415103,137,79
1762227415109,136,78
1762227415115,134,78
1762227415125,132,78
1762227415147,131,78
1762227415151,130,77
1762227415172,129,76
1762227415177,129,75
1762227415182,128,75
1762227415200,128,74
1762227415211,127,74
1762227415213,126,73
1762227415230,126,71
1762227415236,126,70
1762227415242,126,69
1762227415248,126,66
1762227415254,126,65
1762227415260,126,62
1762227415266,126,61
1762227415273,126,60
1762227415279,126,59
1762227415297,126,57
1762227415304,126,56
1762227415314,126,55
1762227415344,126,53
1762227415440,127,53
1762227415445,128,53
1762227415451,129,53
1762227415459,130,53
1762227415473,132,53
1762227415479,133,53
1762227415485,135,54
1762227415503,137,55
1762227415521,137,56
1762227415527,138,56
1762227415539,139,56
1762227415543,139,57
1762227415583,139,58
1762227415645,139,60
1762227415678,137,60
1762227415683,137,61
1762227415697,136,61
1762227415703,134,61
1762227415729,132,61
1762227415751,131,61
1762227415770,130,61
1762227415791,129,61
1762227415832,127,61
1762227415848,126,61
1762227415939,125,61
1762227415945,124,61
1762227415954,124,60
1762227415963,123,59
1762227416064,122,58
1762227416179,120,58
1762227416182,119,58
1762227416200,116,58
1762227416206,115,58
1762227416212,113,58
1762227416218,111,58
1762227416225,110,58
1762227416230,109,58
1762227416236,107,58
1762227416254,106,58
1762227416273,105,58
1762227416279,104,58
1762227416286,102,58
1762227416294,101,58
1762227416298,100,58
1762227416315,99,58
1762227416333,97,58
1762227416727,97,57
1762227416746,96,57
1762227416767,96,56
1762227416774,96,55
1762227416788,95,53
1762227416817,94,52
1762227416856,94,51
1762227416876,94,50
1762227416891,94,49
1762227416909,94,47
1762227416977,93,46
1762227416985,93,45
1762227417009,93,44
1762227417040,93,42
1762227417070,93,41
1762227417103,93,40
1762227417170,93,39
1762227417344,93,38
1762227417353,93,37
1762227417369,94,37
1762227417376,95,36
1762227417385,95,35
1762227417389,95,34
1762227417398,95,33
1762227417412,96,32
1762227417418,97,32
1762227417424,97,31
1762227417430,98,30
1762227417448,98,29
1762227417474,98,28
1762227417479,99,27
1762227417622,100,26
1762227417636,101,24
1762227417654,102,24
1762227417676,103,23
1762227417702,104,23
1762227417711,105,22
1762227417727,106,21
1762227417745,107,20
1762227417770,108,19
1762227417788,109,19
1762227417794,110,19
1762227417838,111,19
1762227417847,113,19
1762227417871,114,19
1762227417891,115,19
1762227417897,117,19
1762227417930,118,19
1762227417945,119,19
1762227417964,120,19
1762227417970,122,19
1762227417988,123,19
1762227418006,124,19
1762227418012,125,19
1762227418023,127,19
1762227418033,127,20
1762227418048,127,21
1762227418066,128,22
1762227418073,129,23
1762227418080,129,24
1762227418097,130,24
1762227418123,131,25
1762227418130,131,26
1762227418133,131,27
1762227418151,132,28
1762227418162,132,29
1762227418167,134,29
1762227418182,135,30
1762227418201,135,31
1762227418222,135,32
1762227418236,136,32
1762227418246,136,33
1762227418282,137,33
1762227418315,137,33
1762227418357,138,34
1762227418365,138,35
1762227418371,138,37
1762227418376,138,38
1762227418382,138,39
1762227418393,138,40
1762227418399,138,42
1762227418417,138,43
1762227418419,138,44
1762227418437,137,44
1762227418454,135,44
1762227418462,134,44
1762227418469,133,45
1762227418476,131,45
1762227418479,130,45
1762227418485,128,45
1762227418491,126,45
1762227418497,125,45
1762227418503,122,45
1762227418509,121,45
1762227418515,120,45
1762227418521,119,45
1762227418539,117,45
1762227418545,116,45
1762227418579,115,45
1762227418607,114,45
1762227418612,112,45
1762227418620,111,45
1762227419101,112,45
1762227419306,112,46
1762227419317,113,46
1762227419325,115,46
1762227419339,116,46
1762227419349,117,46
1762227419374,119,46
1762227419419,120,46
1762227419425,121,46
1762227419434,122,46
1762227419454,123,47
1762227419497,124,47
1762227419652,123,47
1762227419660,121,47
1762227419667,120,47
1762227419672,118,47
1762227419679,117,47
1762227419685,116,47
1762227419691,115,47
1762227419698,113,47
1762227419703,112,47
1762227419714,111,47
1762227419735,109,47
1762227419739,108,47
1762227419745,107,47
1762227419751,106,47
1762227420078,107,47
1762227420095,108,47
1762227420103,109,47
1762227420112,111,47
1762227420115,112,47
1762227420123,113,47
1762227420127,115,47
1762227420133,116,47
1762227420139,117,47
1762227420151,118,47
1762227420157,120,47
1762227420166,121,47
1762227420182,122,47
1762227420204,124,47
1762227420217,125,47
1762227420243,126,47
1762227420385,127,47
1762227420504,128,48
1762227420509,128,49
1762227420515,129,51
1762227420521,129,53
1762227420527,129,55
1762227420533,129,58
1762227420539,129,59
1762227420545,129,60
1762227420551,129,63
1762227420557,129,64
1762227420566,129,65
1762227420569,129,67
1762227420576,129,68
1762227420585,129,69
1762227420600,129,70
1762227420606,129,72
1762227420635,129,73
1762227420648,128,74
1762227420660,128,75
1762227420673,128,76
1762227420679,128,78
1762227420685,128,79
1762227420691,128,80
1762227420697,128,82
1762227420703,128,83
1762227420709,128,85
1762227420715,128,88
1762227420721,128,91
1762227420728,128,93
1762227420734,128,94
1762227420740,128,95
1762227420749,128,97
1762227420830,127,97
1762227420840,126,98
1762227420844,125,98
1762227420849,123,98
1762227420855,123,97
1762227420860,122,96
1762227420866,122,95
1762227420873,120,92
1762227420879,119,91
1762227420885,119,90
1762227420891,119,87
1762227420897,119,86
1762227420903,118,85
1762227420921,118,83
1762227421091,117,82
1762227421099,116,82
1762227421107,115,80
1762227421121,114,80
1762227421142,113,80
1762227421158,112,80
1762227421168,112,79
1762227421170,111,79
1762227421177,110,78
1762227421194,109,77
1762227421202,109,76
1762227421220,108,76
1762227421224,108,75
1762227421242,108,74
1762227421276,107,74
1762227421320,107,73
1762227421333,107,72
1762227421352,108,72
1762227421380,110,72
1762227421395,111,72
1762227421412,112,72
1762227421418,114,72
1762227421443,115,73
1762227421493,116,73
1762227421550,117,73
1762227421569,118,73
1762227421588,120,73
1762227421860,118,73
1762227421873,117,73
1762227421881,116,74
1762227421887,115,74
1762227421892,113,74
1762227421902,112,74
1762227421914,111,74
1762227421921,110,74
1762227421968,108,74
1762227421978,107,74
1762227421986,106,74
1762227422067,107,74
1762227422073,108,74
1762227422083,108,73
1762227422091,108,72
1762227422097,109,72
1762227422103,110,71
1762227422131,111,71
1762227422145,112,71
1762227422151,113,71
1762227422160,114,71
1762227422182,115,70
1762227422188,116,70
1762227422198,117,70
1762227422206,118,70
1762227422224,120,70
1762227422243,121,70
1762227422323,121,71
1762227422368,121,72
1762227422378,121,73
1762227422394,121,74
1762227422412,121,76
1762227422419,120,77
1762227422470,119,78
1762227422473,118,79
1762227422485,117,79
1762227422519,116,79
1762227422528,115,79
1762227422545,113,79
1762227422551,112,79
1762227422557,111,79
1762227422575,110,79
1762227422655,109,79
1762227422672,109,78
1762227422691,109,77
1762227422700,110,76
1762227422715,111,76
1762227422755,112,76
1762227422818,113,76
1762227422831,113,76
1762227422834,115,76
1762227422868,115,77
1762227422873,116,78
1762227422883,117,80
1762227422897,117,81
1762227422903,117,82
1762227422909,117,83
1762227422915,117,85
1762227422921,117,86
1762227422928,117,87
1762227422933,117,89
1762227422941,117,90
1762227422947,117,91
1762227422963,117,94
1762227422969,117,95
1762227422976,118,96
1762227422982,118,97
1762227422988,118,99
1762227422994,118,100
1762227423000,118,101
1762227423018,118,103
1762227423024,119,104
1762227423042,120,105
1762227423060,121,107
1762227423138,122,107
1762227423166,124,107
1762227423182,124,108
1762227423204,124,109
1762227423207,125,110
1762227423226,125,111
1762227423242,126,112
1762227423264,127,113
1762227423268,128,114
1762227423285,128,115
1762227423291,128,116
1762227423297,130,117
1762227423306,130,119
1762227423321,130,121
1762227423327,130,122
1762227423333,131,123
1762227423342,131,124
1762227423358,131,125
1762227423379,131,126
1762227423384,132,127
1762227423418,133,128
1762227423425,134,128
1762227423430,134,129
1762227423448,136,130
1762227423459,137,130
1762227423477,137,131
1762227423509,137,132
1762227423516,138,132
1762227423557,139,132
1762227423566,139,133
1762227423582,140,134
1762227423588,141,134
1762227423599,141,135
1762227423612,141,137
1762227423621,143,138
1762227423636,143,140
1762227423642,143,141
1762227423661,144,141
1762227423669,145,142
1762227423765,145,143
1762227423782,146,144
1762227423788,147,144
1762227423794,147,145
1762227423801,147,147
1762227423900,147,148
1762227424211,147,147
1762227424219,147,146
1762227424226,147,143
1762227424230,147,142
1762227424236,147,140
1762227424248,147,139
1762227424256,147,138
1762227424273,147,137
1762227424357,147,136
1762227424399,149,136
1762227424413,150,136
1762227424418,151,136
1762227424424,151,137
1762227424430,152,138
1762227424436,152,140
1762227424442,153,142
1762227424448,153,143
1762227424454,153,146
1762227424460,153,147
1762227424468,153,148
1762227424473,153,150
1762227424495,153,151
1762227424621,153,152
1762227424626,153,153
1762227424646,153,155
1762227424650,153,156
1762227424659,154,156
1762227424661,154,157
1762227424669,154,158
1762227424687,154,160
1762227424694,154,161
1762227424702,154,162
1762227424707,154,163
1762227424721,154,164
1762227424727,154,165
1762227424733,153,166
1762227424739,152,166
1762227424745,152,168
1762227424751,151,170
1762227424769,150,171
1762227424776,149,172
1762227424782,149,173
1762227424788,149,175
1762227424798,148,175
1762227424812,148,177
1762227424830,147,178
1762227424965,146,177
1762227424973,145,176
1762227424976,145,175
1762227424982,145,171
1762227424988,145,169
1762227424994,145,166
1762227425000,144,165
1762227425006,144,162
1762227425012,144,159
1762227425018,144,155
1762227425024,144,154
1762227425030,144,150
1762227425036,144,148
1762227425042,144,146
1762227425048,145,142
1762227425054,145,140
1762227425060,145,137
1762227425067,147,136
1762227425073,147,135
1762227425079,147,132
1762227425085,149,130
1762227425091,150,128
1762227425097,150,126
1762227425105,151,126
1762227425109,152,126
1762227425115,153,125
1762227425121,153,124
1762227425160,153,123
1762227425236,153,122
1762227425303,152,122
1762227425321,152,120
1762227425327,151,119
1762227425345,151,118
1762227425354,151,117
1762227425370,151,114
1762227425378,151,113
1762227425384,151,112
1762227425391,151,110
1762227425397,151,109
1762227425400,151,108
1762227425418,152,106
1762227425424,153,105
1762227425434,153,104
1762227425439,153,102
1762227425443,153,101
1762227425461,153,98
1762227425466,153,97
1762227425473,153,95
1762227425479,153,92
1762227425485,153,90
1762227425491,152,88
1762227425497,152,86
1762227425503,152,85
1762227425509,151,84
1762227425515,150,81
1762227425521,149,80
1762227425527,146,78
1762227425533,146,77
1762227425539,146,76
1762227425545,146,75
1762227425551,144,74
1762227425559,144,73
1762227425565,144,71
1762227425569,143,71
1762227425576,141,70
1762227425582,141,68
1762227425605,140,68
1762227425614,139,67
1762227425620,139,65
1762227425636,139,64
1762227425644,138,63
1762227425674,138,62
1762227425699,138,60
1762227425703,137,60
1762227425713,136,59
1762227425759,136,58
1762227425780,136,57
1762227425783,136,55
1762227425806,137,55
1762227425814,138,54
1762227425916,139,53
1762227425948,141,53
1762227425957,141,52
1762227425960,142,51
1762227425977,143,51
1762227425998,144,51
1762227426028,146,51
1762227426105,147,51
1762227426395,147,52
1762227426400,147,53
1762227426425,147,54
1762227426430,146,56
1762227426436,146,57
1762227426442,144,58
1762227426448,144,59
1762227426454,144,61
1762227426460,143,61
1762227426466,143,62
1762227426475,143,63
1762227426484,143,64
1762227426490,142,65
1762227426509,142,67
1762227426515,141,67
1762227426534,140,67
1762227426539,139,68
1762227426788,139,68
1762227426847,138,69
1762227426861,136,69
1762227426867,135,69
1762227426872,134,69
1762227426879,133,71
1762227426897,131,71
1762227426915,130,71
1762227426923,129,71
1762227426928,128,71
1762227426933,126,71
1762227426945,125,71
1762227426950,124,71
1762227426954,122,71
1762227426958,121,71
1762227426968,120,71
1762227426972,119,71
1762227426989,117,71
1762227427010,116,70
1762227427016,115,70
1762227427022,114,70
1762227427024,113,70
1762227427031,113,69
1762227427038,111,69
1762227427043,110,69
1762227427050,109,69
1762227427055,108,69
1762227427065,108,68
1762227427079,106,68
1762227427089,105,67
1762227427094,104,67
1762227427100,104,66
1762227427124,103,66
1762227427140,102,65
1762227427164,101,64
1762227427169,101,63
1762227427176,101,62
1762227427184,99,62
1762227427238,98,61
1762227427273,97,60
1762227427291,97,58
1762227427297,96,58
1762227427303,95,58
1762227427326,94,57
1762227427356,93,56
1762227427369,93,55
1762227427388,92,55
1762227427482,91,54
1762227427497,90,54
1762227427650,90,55
1762227427656,90,56
1762227427662,90,58
1762227427668,90,59
1762227427675,90,60
1762227427680,90,62
1762227427686,90,63
1762227427691,90,65
1762227427697,90,66
1762227427703,90,67
1762227427709,91,68
1762227427727,92,68
1762227427745,92,69
1762227427891,92,69
1762227428034,92,70
1762227428037,93,71
1762227428045,93,72
1762227428051,93,74
1762227428054,93,75
1762227428060,93,77
1762227428067,93,79
1762227428072,93,81
1762227428079,93,84
1762227428085,93,86
1762227428091,93,90
1762227428097,93,93
1762227428103,94,97
1762227428109,94,101
1762227428115,94,104
1762227428121,96,108
1762227428127,96,112
1762227428133,97,118
1762227428139,99,121
1762227428145,99,126
1762227428151,101,130
1762227428157,102,135
1762227428163,105,143
1762227428169,105,146
1762227428176,107,151
1762227428182,109,156
1762227428188,110,166
1762227428194,113,173
1762227428200,115,184
1762227428206,116,196
1762227428212,117,208
1762227428218,118,218
1762227428224,118,227
1762227428230,120,237
1762227428236,120,243
1762227428242,123,251
1762227428248,123,255
1762227428254,124,260
1762227428260,125,265
1762227428266,126,266
1762227428272,127,267
1762227428279,128,268
1762227428286,129,269
1762227428295,131,269
1762227428312,132,269
1762227428330,132,270
1762227428333,133,270
1762227428381,134,270
1762227428436,136,270
1762227428454,137,270
1762227428473,137,269
1762227428479,138,268
1762227428485,139,266
1762227428491,139,265
1762227428497,139,262
1762227428503,139,261
1762227428509,139,258
1762227428515,139,256
1762227428521,139,253
1762227428527,139,250
1762227428533,139,248
1762227428539,139,245
1762227428545,139,240
1762227428551,138,237
1762227428557,138,233
1762227428563,138,230
1762227428569,138,227
1762227428575,137,225
1762227428582,137,221
1762227428588,137,219
1762227428594,137,216
1762227428600,136,213
1762227428606,136,211
1762227428612,135,209
1762227428618,135,206
1762227428624,134,203
1762227428630,134,201
1762227428636,134,200
1762227428642,134,197
1762227428648,133,196
1762227428654,133,195
1762227428660,133,192
1762227428666,131,191
1762227428672,131,190
1762227428678,131,189
1762227428685,131,187
1762227428691,131,186
1762227428697,131,185
1762227428703,130,185
1762227428709,130,184
1762227428715,130,181
1762227428721,130,180
1762227428727,130,179
1762227428733,129,179
1762227428739,129,177
1762227428745,129,176
1762227428751,129,175
1762227428769,129,174
1762227428776,129,172
1762227428782,128,170
1762227428790,128,168
1762227428794,127,168
1762227428800,126,167
1762227428806,125,166
1762227428812,124,165
1762227428818,124,164
1762227428824,123,162
1762227428830,122,160
1762227428836,121,159
1762227428842,120,157
1762227428848,119,156
1762227428854,119,155
1762227428860,119,153
1762227428866,118,152
1762227428874,117,151
1762227428879,116,150
1762227428885,115,150
1762227428893,115,149
1762227428897,115,147
1762227428903,114,147
1762227428909,112,146
1762227428915,112,144
1762227428921,111,143
1762227428927,111,141
1762227428933,110,140
1762227428939,110,138
1762227428945,109,137
1762227428954,109,135
1762227428957,109,134
1762227428975,107,132
1762227428996,107,131
1762227429012,107,129
1762227429018,107,128
1762227429024,107,126
1762227429031,107,124
1762227429040,107,123
1762227429043,107,122
1762227429048,107,120
1762227429058,106,120
1762227429267,105,120
1762227429273,105,121
1762227429279,105,122
1762227429285,105,124
1762227429291,105,127
1762227429297,106,131
1762227429303,106,135
1762227429309,106,137
1762227429315,106,142
1762227429321,106,146
1762227429327,107,150
1762227429333,107,155
1762227429339,107,161
1762227429345,107,166
1762227429351,107,168
1762227429357,105,174
1762227429363,105,177
1762227429369,105,179
1762227429376,104,182
1762227429382,104,185
1762227429388,104,186
1762227429394,104,187
1762227429400,104,188
1762227429406,104,190
1762227429412,104,191
1762227429418,104,192
1762227429424,104,194
1762227429430,104,195
1762227429436,104,197
1762227429442,104,199
1762227429448,104,200
1762227429454,104,201
1762227429460,104,202
1762227429470,104,204
1762227429485,104,205
1762227429491,105,206
1762227429498,105,207
1762227429515,106,208
1762227429524,106,209
1762227429527,107,210
1762227429557,108,211
1762227429582,109,211
1762227429601,111,211
1762227429619,112,211
1762227429637,113,211
1762227429645,114,211
1762227429660,114,212
1762227429809,113,212
1762227429814,112,212
1762227429822,111,211
1762227429824,109,211
1762227429830,109,210
1762227429836,108,209
1762227429842,107,208
1762227429848,106,208
1762227429854,103,207
1762227429872,102,206
1762227429878,101,206
1762227429885,100,205
1762227429891,99,203
1762227429897,98,201
1762227429907,98,199
1762227429909,97,199
1762227429915,97,198
1762227429921,97,197
1762227429927,97,195
1762227429933,97,193
1762227429939,96,191
1762227429945,96,190
1762227429951,96,188
1762227429957,96,186
1762227429963,96,183
1762227429969,96,182
1762227429975,96,181
1762227429982,96,179
1762227429988,96,177
1762227429994,96,176
1762227430000,96,174
1762227430006,96,172
1762227430012,96,169
1762227430018,96,168
1762227430024,98,167
1762227430030,98,166
1762227430036,98,164
1762227430043,98,163
1762227430060,99,163
1762227430066,99,162
1762227430076,99,161
1762227430078,99,159
1762227430244,98,160
1762227430416,98,159
1762227430421,97,159
1762227430424,97,158
1762227430435,97,157
1762227430448,97,156
1762227430482,97,155
1762227430632,97,154
1762227430638,98,154
1762227430644,99,154
1762227430660,100,154
1762227430667,101,154
1762227430672,103,154
1762227430683,104,154
1762227430697,104,156
1762227430703,105,156
1762227430709,106,156
1762227430715,108,156
1762227430723,109,156
1762227430730,110,156
1762227430737,111,156
1762227430739,113,156
1762227430749,113,157
1762227430763,114,158
1762227430789,115,159
1762227430806,116,160
1762227430881,117,160
1762227431001,119,160
1762227431010,120,160
1762227431024,121,160
1762227431030,122,160
1762227431036,123,160
1762227431047,124,161
1762227431061,125,161
1762227431066,126,161
1762227431073,127,161
1762227431079,128,162
1762227431085,130,162
1762227431091,132,162
1762227431099,133,162
1762227431103,135,162
1762227431109,137,162
1762227431115,139,162
1762227431121,142,162
1762227431127,145,162
1762227431136,146,162
1762227431139,148,162
1762227431145,149,162
1762227431152,150,162
1762227431159,151,163
1762227431165,152,164
1762227431169,153,165
1762227431176,153,166
1762227431181,155,168
1762227431188,157,170
1762227431194,158,172
1762227431200,159,175
1762227431206,161,176
1762227431212,163,182
1762227431218,165,185
1762227431224,167,190
1762227431230,167,195
1762227431236,169,199
1762227431242,170,203
1762227431248,171,208
1762227431254,173,213
1762227431260,175,219
1762227431266,176,226
1762227431272,178,230
1762227431278,178,236
1762227431285,179,243
1762227431291,180,249
1762227431297,180,253
1762227431303,180,258
1762227431309,182,265
1762227431315,182,267
1762227431321,182,270
1762227431327,182,272
1762227431333,182,275
1762227431339,182,277
1762227431345,182,280
1762227431351,182,281
1762227431357,182,284
1762227431363,182,285
1762227431370,182,286
1762227431441,182,287
1762227431464,183,287
1762227431480,184,287
1762227431497,185,287
1762227431630,185,286
1762227431642,184,286
1762227431645,184,285
1762227431648,182,285
1762227431655,181,285
1762227431660,178,284
1762227431666,174,282
1762227431672,167,281
1762227431678,159,279
1762227431684,152,278
1762227431691,143,277
1762227431697,135,277
1762227431703,127,275
1762227431709,120,275
1762227431715,116,275
1762227431721,112,275
1762227431797,111,275
1762227431812,109,275
1762227431835,108,276
1762227431844,108,278
1762227431851,107,281
1762227431857,107,282
1762227431861,106,282
1762227431867,106,285
1762227431872,105,286
1762227431878,104,288
1762227431884,104,289
1762227431891,103,292
1762227431897,103,294
1762227431903,101,297
1762227431909,99,299
1762227431915,99,300
1762227431921,98,303
1762227431927,96,306
1762227431933,94,308
1762227431939,93,311
1762227431945,91,311
1762227431951,89,313
1762227431969,89,314
1762227431975,89,316
1762227431994,88,317
1762227432004,87,317
1762227432019,86,317
1762227432024,85,317
1762227432034,83,317
1762227432048,82,317
1762227432054,81,317
1762227432060,79,317
1762227432066,78,317
1762227432073,77,317
1762227432078,75,316
1762227432085,74,315
1762227432091,72,313
1762227432097,71,311
1762227432103,70,310
1762227432109,70,309
1762227432115,67,306
1762227432121,67,304
1762227432129,66,304
1762227432147,64,302
1762227432172,63,302
1762227432188,62,301
1762227432212,60,301
1762227432230,60,300
1762227432237,59,299
1762227432598,58,300
1762227432612,57,300
1762227432618,56,300
1762227432624,56,301
1762227432642,55,301
1762227432648,55,303
1762227432659,54,304
1762227432664,53,304
1762227432669,52,304
1762227432686,52,305
1762227432868,51,306
1762227432878,50,306
1762227432886,50,305
1762227432890,49,304
1762227432896,49,302
1762227432902,48,300
1762227432909,48,298
1762227432915,47,298
1762227432921,47,295
1762227432927,47,294
1762227432933,46,292
1762227432939,46,290
1762227432945,46,289
1762227432994,46,288
1762227433000,46,287
1762227433018,48,287
1762227433025,49,287
1762227433030,50,287
1762227433036,51,288
1762227433042,53,290
1762227433048,54,292
1762227433054,56,294
1762227433060,56,295
1762227433066,56,298
1762227433072,56,299
1762227433078,56,300
1762227433084,56,302
1762227433103,56,303
1762227433112,56,304
1762227433127,56,305
1762227433191,56,306
1762227433212,55,306
1762227433218,54,306
1762227433224,52,306
1762227433230,51,306
1762227433236,50,306
1762227433244,49,306
1762227433249,47,306
1762227433266,45,306
1762227433273,44,305
1762227433279,44,304
1762227433285,43,303
1762227433296,43,302
1762227433302,42,302
1762227433323,42,301
1762227433327,42,299
1762227433333,41,299
1762227433339,41,298
1762227433359,41,297
1762227433406,41,296
1762227433412,41,295
1762227433418,42,295
1762227433425,43,295
1762227433432,44,295
1762227433448,46,295
1762227433457,47,295
1762227433478,48,295
1762227433546,49,295
1762227433552,49,296
1762227433562,49,297
1762227433581,49,298
1762227433599,48,298
1762227433618,47,298
1762227433656,45,298
1762227433672,44,298
1762227433691,42,298
1762227433709,41,297
1762227433715,41,296
1762227433721,41,295
1762227433733,41,293
1762227433751,41,292
1762227433757,41,289
1762227433789,41,288
1762227433818,42,288
1762227433828,43,288
1762227433838,44,288
1762227433842,46,288
1762227433848,47,288
1762227433857,48,288
1762227433861,50,288
1762227433866,51,288
1762227433872,52,289
1762227433948,53,290
1762227433984,53,291
1762227433998,53,292
1762227434134,53,293
1762227434183,52,294
1762227435340,52,294
1762227435401,51,294
1762227435410,51,293
1762227435412,51,292
1762227435418,51,289
1762227435424,51,288
1762227435430,52,285
1762227435436,52,283
1762227435442,53,281
1762227435448,54,278
1762227435454,54,276
1762227435460,54,274
1762227435466,54,271
1762227435473,54,269
1762227435478,55,265
1762227435485,56,263
1762227435491,56,260
1762227435497,56,258
1762227435506,56,257
1762227435509,56,256
1762227435517,56,254
1762227435523,56,253
1762227435529,57,252
1762227435537,57,251
1762227435540,57,250
1762227435545,58,250
1762227435644,58,251
1762227435648,59,252
1762227435655,59,255
1762227435661,59,257
1762227435667,59,262
1762227435672,59,264
1762227435678,59,267
1762227435684,59,269
1762227435691,59,273
1762227435697,59,274
1762227435703,59,275
1762227435709,59,276
1762227435718,59,278
1762227435739,59,279
1762227435764,59,280
1762227435772,59,281
1762227435776,59,283
1762227435782,58,283
1762227435792,58,284
1762227435806,58,285
1762227435955,57,285
1762227436010,56,285
1762227436030,55,285
1762227436036,53,285
1762227436043,52,285
1762227436052,52,284
1762227436054,51,282
1762227436060,50,281
1762227436066,49,278
1762227436073,48,277
1762227436078,47,275
1762227436084,47,272
1762227436097,47,270
1762227436102,47,268
1762227436109,47,267
1762227436115,47,266
1762227436121,47,264
1762227436127,47,262
1762227436135,47,261
1762227436144,47,259
1762227436151,47,258
1762227436157,46,258
1762227436163,46,256
1762227436169,46,254
1762227436175,46,253
1762227436181,46,252
1762227436187,46,251
1762227436193,46,249
1762227436200,46,248
1762227436206,46,247
1762227436212,46,245
1762227436218,46,244
1762227436228,46,243
1762227436248,46,242
1762227436254,46,240
1762227436260,46,239
1762227436270,46,238
1762227436278,46,237
1762227436284,46,235
1762227436302,46,234
1762227436311,46,233
1762227436395,46,232
1762227436406,49,232
1762227436412,50,232
1762227436418,51,233
1762227436425,52,234
1762227436430,52,235
1762227436436,53,236
1762227436442,54,239
1762227436448,54,240
1762227436454,54,242
1762227436460,55,243
1762227436466,55,244
1762227436474,55,245
1762227436496,55,247
1762227436503,55,248
1762227436521,55,249
1762227436527,54,251
1762227436533,53,251
1762227436539,52,252
1762227436545,50,254
1762227436551,49,254
1762227436557,47,255
1762227436563,46,256
1762227436571,45,256
1762227436575,45,257
1762227436594,44,257
1762227436615,42,257
1762227436624,41,257
1762227436630,39,256
1762227436637,38,255
1762227436642,38,254
1762227436648,37,253
1762227436654,36,251
1762227436660,36,250
1762227436666,35,249
1762227436672,35,248
1762227436678,35,245
1762227436684,35,244
1762227436690,35,243
1762227436696,35,242
1762227436702,35,240
1762227436708,35,239
1762227436715,35,238
1762227436721,35,237
1762227436732,35,235
1762227436739,35,234
1762227436746,36,233
1762227436763,36,232
1762227436769,38,231
1762227436775,39,230
1762227436781,40,229
1762227436788,40,228
1762227436794,40,227
1762227436802,40,226
1762227436818,40,224
1762227436872,40,223
1762227436884,40,222
1762227436890,40,221
1762227436908,41,221
1762227436915,41,219
1762227436921,42,218
1762227436928,42,217
1762227436933,43,216
1762227437037,43,214
1762227437043,44,214
1762227437170,44,213
1762227437187,43,213
1762227437193,43,212
1762227437236,43,212
1762227437288,43,211
1762227437293,43,210
1762227437296,43,208
1762227437303,45,206
1762227437309,47,203
1762227437315,50,200
1762227437321,53,197
1762227437327,55,194
1762227437333,58,193
1762227437339,64,190
1762227437345,67,189
1762227437351,71,185
1762227437357,75,181
1762227437363,80,178
1762227437369,85,176
1762227437375,88,173
1762227437381,91,171
1762227437388,95,168
1762227437394,97,166
1762227437400,100,164
1762227437406,103,163
1762227437412,105,161
1762227437418,108,159
1762227437424,111,156
1762227437430,113,154
1762227437436,115,152
1762227437442,117,150
1762227437448,119,147
1762227437454,120,144
1762227437460,121,142
1762227437466,121,141
1762227437473,121,140
1762227437492,122,139
1762227437550,121,139
1762227437565,119,139
1762227437582,118,139
1762227437600,117,139
1762227437609,116,139
1762227437616,114,139
1762227437630,113,139
1762227437636,111,140
1762227437643,110,140
1762227437648,108,140
1762227437656,108,141
1762227437660,106,141
1762227437667,105,141
1762227437684,103,141
1762227437763,103,142
1762227437771,102,143
1762227437778,101,143
1762227437788,100,143
1762227437809,98,143
1762227437820,98,144
1762227437842,98,146
1762227437848,97,146
1762227437870,96,146
1762227437880,96,147
1762227437884,95,147
1762227437890,93,149
1762227437896,93,151
1762227437915,92,152
1762227437921,92,153
1762227437927,92,154
1762227437933,91,155
1762227437951,91,157
1762227437975,91,158
1762227437981,91,159
1762227437987,91,160
1762227437993,92,161
1762227437999,93,161
1762227438005,94,161
1762227438024,98,161
1762227438032,99,161
1762227438037,101,161
1762227438042,102,161
1762227438048,103,161
1762227438057,104,161
1762227438066,107,161
1762227438077,108,160
1762227438086,109,160
1762227438091,111,160
1762227438100,112,160
1762227438108,114,159
1762227438120,114,158
1762227438127,115,158
1762227438133,116,157
1762227438139,117,157
1762227438204,118,156
1762227438216,118,154
1762227438224,119,153
1762227438230,121,152
1762227438236,122,151
1762227438242,123,150
1762227438248,123,149
1762227438267,123,148
1762227438290,123,147
1762227438298,122,147
1762227438302,121,147
1762227438308,121,146
1762227438315,118,146
1762227438321,116,146
1762227438327,112,146
1762227438333,108,146
1762227438339,104,146
1762227438345,99,146
1762227438351,94,146
1762227438357,91,146
1762227438363,87,146
1762227438369,86,146
1762227438375,83,146
1762227438381,82,146
1762227438389,81,146
1762227438398,80,146
1762227438408,78,147
1762227438412,77,148
1762227438418,76,148
1762227438424,76,149
1762227438439,76,151
1762227438524,77,151
1762227438533,78,151
1762227438539,80,151
1762227438545,82,151
1762227438551,85,151
1762227438557,86,151
1762227438563,88,152
1762227438569,90,154
1762227438575,92,154
1762227438583,93,154
1762227438587,93,155
1762227438593,94,155
1762227438599,96,155
1762227438606,98,155
1762227438616,100,155
1762227438651,101,155
1762227438672,102,155
1762227438679,103,155
1762227438685,104,155
1762227438690,105,154
1762227438696,107,153
1762227438703,108,153
1762227438708,110,150
1762227438715,112,150
1762227438740,113,150
1762227438757,114,149
1762227438801,113,149
1762227438807,112,149
1762227438812,110,149
1762227438823,109,149
1762227438827,108,149
1762227438831,106,149
1762227438842,105,149
1762227438848,103,150
1762227438967,102,151
1762227438980,102,152
1762227438999,102,153
1762227439006,103,154
1762227439107,103,153
1762227439114,103,150
1762227439121,103,149
1762227439127,103,148
1762227439133,103,147
1762227439139,101,147
1762227439145,100,146
1762227439157,99,146
1762227439163,98,146
1762227439216,96,145
1762227439267,95,145
1762227439284,95,146
1762227439290,95,148
1762227439296,93,151
1762227439302,91,154
1762227439321,91,156
1762227439327,91,157
1762227439333,91,158
1762227439363,91,159
1762227439381,91,160
1762227439399,93,160
1762227439418,94,160
1762227439424,95,160
1762227439430,96,160
1762227439436,98,160
1762227439442,99,160
1762227439448,101,158
1762227439454,104,157
1762227439458,107,157
1762227439462,108,156
1762227439466,111,153
1762227439472,114,153
1762227439478,117,153
1762227439484,125,148
1762227439491,130,146
1762227439497,134,146
1762227439503,139,144
1762227439509,144,143
1762227439515,146,142
1762227439521,149,141
1762227439528,150,141
1762227439533,152,141
1762227439649,152,139
1762227439656,152,138
1762227439661,151,138
1762227439679,150,138
1762227439697,150,137
1762227439740,150,136
1762227439746,149,135
1762227439755,148,135
1762227439770,147,135
1762227439776,145,135
1762227439809,144,135
1762227439824,143,135
1762227439830,142,135
1762227439836,140,135
1762227439854,138,135
1762227439860,137,134
1762227439867,135,134
1762227439885,134,134
1762227439891,133,134
1762227439929,132,134
1762227440023,130,134
1762227440038,129,134
1762227440042,128,134
1762227440053,128,135
1762227440054,128,136
1762227440060,127,137
1762227440069,127,138
1762227440072,126,138
1762227440079,125,140
1762227440086,125,141
1762227440090,125,142
1762227440097,125,144
1762227440122,125,145
1762227440143,125,146
1762227440233,125,147
1762227440384,125,148
1762227440405,126,148
1762227440414,127,148
1762227440430,129,148
1762227440449,131,148
1762227440455,132,148
1762227440460,133,148
1762227440466,135,148
1762227440485,136,148
1762227440493,137,148
1762227440526,138,148
1762227440535,139,149
1762227440551,140,149
1762227440686,141,149
1762227440794,140,149
1762227440812,140,148
1762227440818,139,148
1762227440824,139,147
1762227440833,138,147
1762227440836,138,146
1762227440845,138,145
1762227440862,137,144
1762227440879,136,143
1762227440885,135,143
1762227440891,134,143
1762227440899,134,142
1762227440903,133,141
1762227440928,132,140
1762227440933,131,140
1762227440962,130,140
1762227441034,130,139
1762227441042,130,138
1762227441048,130,137
1762227441149,130,138
1762227441159,129,139
1762227441165,128,140
1762227441169,128,142
1762227441176,128,143
1762227441181,128,146
1762227441187,127,148
1762227441193,127,149
1762227441200,127,151
1762227441206,126,153
1762227441212,126,154
1762227441218,126,155
1762227441224,126,158
1762227441269,126,159
1762227441273,127,160
1762227441284,128,160
1762227441290,129,160
1762227441296,131,160
1762227441305,132,160
1762227441315,133,160
1762227441320,136,160
1762227441332,137,160
1762227441339,138,160
1762227441345,140,160
1762227441351,141,160
1762227441357,142,160
1762227441364,143,160
1762227441374,145,160
1762227441381,146,159
1762227441407,147,159
1762227441418,148,159
1762227441471,149,159
1762227441478,149,158
1762227441484,149,155
1762227441490,149,154
1762227441496,149,153
1762227441502,149,151
1762227441509,149,150
1762227441515,149,149
1762227441521,149,146
1762227441527,149,145
1762227441533,148,144
1762227441539,147,143
1762227441545,147,142
1762227441557,146,141
1762227441563,145,140
1762227441581,142,140
1762227441592,142,139
1762227441597,141,139
1762227441602,140,139
1762227441612,139,139
1762227441617,137,139
1762227441651,136,139
1762227441674,135,139
1762227441686,134,139
1762227441702,133,139
1762227441721,132,139
1762227441748,132,141
1762227441755,131,142
1762227441758,131,142
1762227441777,130,142
1762227441781,130,143
1762227441787,130,144
1762227441796,130,146
1762227441800,130,147
1762227441805,130,148
1762227441812,130,152
1762227441818,130,154
1762227441824,130,157
1762227441830,130,160
1762227441836,130,162
1762227441842,130,165
1762227441848,130,169
1762227441855,130,174
1762227441860,130,178
1762227441867,130,181
1762227441873,130,186
1762227441879,128,193
1762227441885,128,197
1762227441891,127,203
1762227441897,126,208
1762227441903,125,212
1762227441909,125,216
1762227441915,123,221
1762227441921,123,227
1762227441927,122,230
1762227441933,122,234
1762227441939,122,237
1762227441945,122,241
1762227441951,122,243
1762227441957,122,246
1762227441963,121,249
1762227441969,121,252
1762227441975,121,255
1762227441982,121,257
1762227441988,120,261
1762227441994,120,262
1762227442000,120,266
1762227442006,120,269
1762227442012,120,270
1762227442030,120,271
1762227442036,119,272
1762227442054,119,274
1762227442060,118,274
1762227442067,118,275
1762227442073,118,277
1762227442079,117,280
1762227442085,115,281
1762227442091,115,284
1762227442097,114,286
1762227442107,114,287
1762227442181,113,289
1762227442191,112,290
1762227442198,110,292
1762227442202,110,293
1762227442208,110,294
1762227442263,109,295
1762227442273,108,295
1762227442274,106,295
1762227442279,105,295
1762227442285,104,295
1762227442291,102,294
1762227442297,101,292
1762227442303,99,292
1762227442309,98,291
1762227442315,97,291
1762227442321,96,290
1762227442331,95,289
1762227442338,94,289
1762227442351,92,288
1762227442357,91,287
1762227442363,90,286
1762227442369,90,285
1762227442376,89,284
1762227442384,88,283
1762227442400,86,283
1762227442406,86,282
1762227442598,86,283
1762227442613,86,285
1762227442621,86,286
1762227442636,86,287
1762227442642,86,289
1762227442982,86,290
1762227442990,86,291
1762227443007,86,292
1762227443032,86,294
1762227443079,87,294
1762227443097,89,295
1762227443115,89,296
1762227443121,90,297
1762227443127,91,297
1762227443134,92,297
1762227443141,94,297
1762227443171,95,298
1762227443188,96,298
1762227443206,97,298
1762227443212,98,298
1762227443230,100,298
1762227443248,101,298
1762227443267,101,297
1762227443273,102,296
1762227443279,103,296
1762227443285,103,295
1762227443292,103,293
1762227443297,103,292
1762227443308,103,291
1762227443310,103,289
1762227443315,103,288
1762227443321,103,287
1762227443327,103,286
1762227443333,103,284
1762227443339,103,282
1762227443347,103,280
1762227443351,103,278
1762227443362,103,277
1762227443400,102,275
1762227443446,101,275
1762227443466,99,275
1762227443475,98,275
1762227443486,97,275
1762227443492,95,275
1762227443514,94,275
1762227443520,93,275
1762227443531,92,275
1762227443551,91,275
1762227443589,89,275
1762227443626,89,276
1762227443636,89,277
1762227443642,91,277
1762227443648,91,278
1762227443654,92,279
1762227443660,93,280
1762227443666,94,282
1762227443672,96,283
1762227443678,97,283
1762227443684,98,284
1762227443691,98,285
1762227443696,99,285
1762227443708,101,286
1762227443714,101,287
1762227443722,102,287
1762227443727,104,287
1762227443733,105,287
1762227443739,106,287
1762227443745,107,287
1762227443751,107,288
1762227443757,110,288
1762227443763,111,288
1762227443769,112,288
1762227443775,114,288
1762227443781,117,288
1762227443789,119,288
1762227443793,120,286
1762227443799,122,286
1762227443805,125,285
1762227443811,126,284
1762227443817,127,282
1762227443823,129,281
1762227443830,130,281
1762227443836,132,280
1762227443842,132,279
1762227443848,133,277
1762227443857,134,276
1762227443866,135,275
1762227443873,136,274
1762227443879,136,273
1762227443886,136,272
1762227443893,136,271
1762227443902,136,269
1762227443909,135,269
1762227443915,134,268
1762227443933,132,267
1762227443939,131,267
1762227443945,130,267
1762227443951,129,265
1762227443957,128,265
1762227443963,126,265
1762227443969,124,264
1762227443975,123,264
1762227443984,121,264
1762227443988,120,264
1762227443993,119,264
1762227443999,118,264
1762227444005,114,264
1762227444012,111,264
1762227444018,109,264
1762227444024,106,264
1762227444030,104,264
1762227444036,102,264
1762227444042,101,264
1762227444048,100,264
1762227444061,99,264
1762227444084,97,264
1762227444091,97,265
1762227444100,96,266
1762227444108,95,268
1762227444118,94,269
1762227444122,94,270
1762227444136,94,271
1762227444140,94,272
1762227444151,94,273
1762227444160,95,274
1762227444169,96,275
1762227444175,96,276
1762227444181,98,277
1762227444187,99,277
1762227444194,100,277
1762227444201,101,277
1762227444211,103,277
1762227444217,104,277
1762227444224,105,278
1762227444231,106,278
1762227444238,107,278
1762227444242,109,278
1762227444248,110,278
1762227444254,111,278
1762227444266,114,278
1762227444272,115,278
1762227444279,116,278
1762227444296,117,278
1762227444304,118,278
1762227444312,119,278
1762227444316,119,277
1762227444322,121,276
1762227444335,121,275
1762227444345,121,274
1762227444351,122,274
1762227444357,122,272
1762227444382,122,271
1762227444391,122,270
1762227444400,122,269
1762227444405,121,267
1762227444430,120,265
1762227444454,118,265
1762227444463,117,265
1762227444484,116,265
1762227444508,115,265
1762227444533,114,265
1762227444544,114,266
1762227444554,114,268
1762227444558,114,269
1762227444569,114,270
1762227444575,114,273
1762227444582,114,274
1762227444589,114,275
1762227444595,115,276
1762227444599,116,277
1762227444606,117,278
1762227444623,118,279
1762227444630,120,280
1762227444636,122,281
1762227444642,124,281
1762227444648,125,282
1762227444654,127,282
1762227444666,128,282
1762227444671,130,282
1762227444676,132,282
1762227444684,134,282
1762227444690,136,282
1762227444696,137,282
1762227444702,139,282
1762227444708,140,282
1762227444714,143,282
1762227444721,144,282
1762227444727,145,282
1762227444734,147,282
1762227444739,148,281
1762227444745,150,281
1762227444757,151,280
1762227444763,153,280
1762227444781,154,280
1762227444824,155,280
1762227444836,155,277
1762227444842,154,276
1762227444848,154,273
1762227444854,152,273
1762227444860,152,272
1762227444866,150,269
1762227444872,149,268
1762227444878,147,268
1762227444884,147,267
1762227444890,146,266
1762227444896,144,266
1762227444908,143,266
1762227444914,142,266
1762227444920,141,266
1762227444928,139,266
1762227444940,138,266
1762227444945,137,266
1762227444951,135,266
1762227444963,134,266
1762227444969,132,267
1762227444975,131,268
1762227444999,130,268
1762227445005,128,269
1762227445012,128,271
1762227445018,126,274
1762227445024,125,275
1762227445030,125,276
1762227445036,125,278
1762227445042,125,279
1762227445060,126,279
1762227445066,127,279
1762227445072,129,281
1762227445078,130,281
1762227445084,131,281
1762227445090,132,281
1762227445099,134,282
1762227445104,135,282
1762227445109,136,282
1762227445115,136,283
1762227445121,137,283
1762227445127,139,283
1762227445139,141,283
1762227445145,143,283
1762227445154,144,283
1762227445168,145,283
1762227445180,146,282
1762227445205,147,281
1762227445211,147,280
1762227445218,148,279
1762227445223,148,277
1762227445230,148,276
1762227445236,148,274
1762227445242,147,274
1762227445248,145,272
1762227445266,144,271
1762227445272,143,271
1762227445278,141,271
1762227445284,139,270
1762227445296,138,270
1762227445303,136,270
1762227445394,136,270
1762227445411,136,268
1762227445417,136,267
1762227445424,136,264
1762227445430,137,262
1762227445436,138,262
1762227445442,138,259
1762227445448,140,256
1762227445455,140,254
1762227445461,142,252
1762227445467,142,250
1762227445473,143,247
1762227445479,143,245
1762227445485,145,241
1762227445491,146,239
1762227445497,146,236
1762227445503,146,231
1762227445509,146,228
1762227445515,146,223
1762227445521,147,215
1762227445527,147,209
1762227445533,147,202
1762227445539,147,193
1762227445545,147,186
1762227445551,147,178
1762227445558,147,171
1762227445563,147,165
1762227445569,147,160
1762227445575,147,154
1762227445581,147,151
1762227445587,147,148
1762227445593,147,145
1762227445599,147,144
1762227445606,147,143
1762227445613,147,142
1762227445651,147,140
1762227445809,147,141
1762227445812,147,142
1762227445818,146,143
1762227445845,146,145
1762227445851,145,145
1762227445860,144,145
1762227445871,144,146
1762227445874,143,146
1762227445891,142,147
1762227445938,142,148
1762227445948,141,148
1762227445954,141,149
1762227445969,139,150
1762227445975,138,150
1762227445992,136,152
1762227446017,134,152
1762227446023,133,154
1762227446030,132,154
1762227446036,129,154
1762227446042,128,154
1762227446048,127,154
1762227446054,126,153
1762227446066,125,153
1762227446072,123,153
1762227446078,121,151
1762227446084,119,150
1762227446093,118,150
1762227446099,117,149
1762227446104,116,148
1762227446111,115,146
1762227446117,114,145
1762227446123,113,144
1762227446129,112,144
1762227446135,112,143
1762227446141,111,143
1762227446147,111,142
1762227446169,111,140
1762227446193,111,139
1762227446205,111,138
1762227446212,110,137
1762227446266,111,137
1762227446273,112,137
1762227446281,113,136
1762227446287,114,136
1762227446293,115,136
1762227446298,117,136
1762227446305,118,136
1762227446310,119,136
1762227446321,121,136
1762227446330,122,136
1762227446339,123,136
1762227446347,124,136
1762227446352,126,136
1762227446365,127,136
1762227446375,128,137
1762227446381,129,138
1762227446387,129,139
1762227446393,131,141
1762227446399,131,142
1762227446405,132,142
1762227446411,133,143
1762227446417,133,144
1762227446424,133,145
1762227446436,134,145
1762227446454,136,145
1762227446472,137,145
1762227446588,137,146
1762227446596,137,147
1762227446603,132,147
1762227446611,128,148
1762227446618,123,148
1762227446625,120,148
1762227446631,117,149
1762227446637,115,149
1762227446644,114,149
1762227446650,113,149
1762227446665,112,149
1762227446676,110,149
1762227446682,109,149
1762227446688,108,149
1762227446696,106,149
1762227446710,105,149
1762227446716,104,149
1762227446722,103,149
1762227446733,101,149
1762227446745,99,149
1762227446751,98,149
1762227446775,96,149
1762227446815,96,147
1762227446822,96,146
1762227446830,96,145
1762227446838,96,144
1762227446845,96,140
1762227446852,97,139
1762227446858,98,139
1762227446864,98,138
1762227446871,100,136
1762227446877,102,136
1762227446883,103,135
1762227446890,104,135
1762227446896,105,135
1762227446908,108,135
1762227446914,109,135
1762227446921,110,135
1762227446927,114,135
1762227446939,117,135
1762227446945,118,135
1762227446957,121,135
1762227446963,121,134
1762227446989,122,133
1762227446995,122,134
1762227447002,123,135
1762227447008,125,137
1762227447015,127,138
1762227447022,128,140
1762227447028,129,141
1762227447048,131,144
1762227447058,132,145
1762227447064,132,146
1762227447073,132,147
1762227447085,132,149
1762227447108,132,150
1762227447117,132,151
1762227447268,132,152
1762227447272,133,152
1762227447278,136,152
1762227447284,137,152
1762227447290,140,152
1762227447296,144,152
1762227447302,147,153
1762227447309,151,153
1762227447315,155,153
1762227447321,159,153
1762227447327,165,153
1762227447334,168,154
1762227447339,175,154
1762227447345,181,155
1762227447351,188,156
1762227447357,195,156
1762227447364,201,158
1762227447370,208,158
1762227447376,213,160
1762227447382,218,161
1762227447388,230,165
1762227447394,237,168
1762227447400,250,172
1762227447406,261,176
1762227447412,274,181
1762227447418,290,186
1762227447424,300,190
1762227447430,318,198
1762227447436,342,205
1762227447442,372,217
1762227447449,399,227
1762227447455,424,236
1762227447461,448,245
1762227447467,474,255
1762227447473,497,265
1762227447479,524,275
1762227447485,543,285
1762227447491,565,294
1762227447497,583,303
1762227447503,598,310
1762227447509,610,315
1762227447515,622,320
1762227447521,630,324
1762227447527,635,326
1762227447533,639,328
1762227447539,643,330
1762227447545,644,332
1762227447622,645,333
1762227447625,645,334
1762227447631,644,336
1762227447636,643,337
1762227447642,639,339
1762227447649,635,340
1762227447655,633,342
1762227447661,630,344
1762227447667,628,345
1762227447673,626,346
1762227447680,625,347
1762227447688,624,348
1762227447703,623,349
1762227447710,622,349
1762227447716,621,349
1762227447721,621,350
1762227447727,620,351
1762227447734,617,351
1762227447740,617,352
1762227447746,614,353
1762227447752,613,354
1762227447770,613,356
1762227447776,612,356
1762227447782,612,358
1762227447792,612,359
1762227447806,613,362
1762227447812,615,363
1762227447818,618,363
1762227447824,619,365
1762227447830,622,366
1762227447836,627,366
1762227447842,630,367
1762227447849,635,368
1762227447855,640,370
1762227447861,646,370
1762227447867,652,371
1762227447873,659,371
1762227447879,666,371
1762227447885,673,371
1762227447891,679,371
1762227447897,684,371
1762227447903,687,371
1762227447909,688,370
1762227447915,690,369
1762227447921,691,368
1762227447931,692,367
1762227447934,693,367
1762227447940,694,366
1762227448114,695,365
1762227448128,695,364
1762227448134,694,363
1762227448140,691,362
1762227448146,690,362
1762227448152,689,360
1762227448306,687,360
1762227448321,687,363
1762227448327,687,367
1762227448334,687,369
1762227448339,687,373
1762227448345,688,376
1762227448352,691,381
1762227448358,693,385
1762227448363,696,390
1762227448370,699,395
1762227448376,702,401
1762227448382,708,409
1762227448388,710,415
1762227448394,715,424
1762227448400,719,429
1762227448406,722,437
1762227448412,726,443
1762227448418,730,448
1762227448424,732,453
1762227448430,734,457
1762227448436,738,464
1762227448442,741,468
1762227448448,741,473
1762227448455,745,476
1762227448461,747,479
1762227448467,748,482
1762227448473,750,485
1762227448479,750,488
1762227448485,751,489
1762227448491,755,492
1762227448497,755,493
1762227448503,755,496
1762227448510,756,497
1762227448515,756,498
1762227448521,758,499
1762227448530,758,500
1762227448536,758,502
1762227448539,759,503
1762227448545,760,504
1762227448551,761,505
1762227448557,762,505
1762227448563,762,506
1762227448570,762,508
1762227448577,763,509
1762227448582,764,510
1762227448588,764,511
1762227448594,766,514
1762227448600,766,518
1762227448606,766,519
1762227448612,768,522
1762227448618,769,526
1762227448625,769,527
1762227448630,769,529
1762227448636,771,532
1762227448642,771,536
1762227448649,772,538
1762227448654,774,541
1762227448660,774,544
1762227448667,776,548
1762227448673,779,552
1762227448679,780,555
1762227448685,782,559
1762227448691,786,565
1762227448697,787,571
1762227448703,789,575
1762227448709,791,580
1762227448715,794,584
1762227448721,795,587
1762227448727,796,590
1762227448733,796,592
1762227448739,797,596
1762227448745,799,597
1762227450976,774,598
1762227450982,774,593
1762227450988,775,587
1762227450994,775,580
1762227451000,775,575
1762227451006,775,571
1762227451012,775,567
1762227451018,775,562
1762227451024,775,559
1762227451030,775,557
1762227451036,775,554
1762227451042,775,551
1762227451048,775,549
1762227451054,775,546
1762227451060,775,545
1762227451066,775,542
1762227451073,775,540
1762227451079,775,537
1762227451085,775,533
1762227451091,775,530
1762227451097,775,528
1762227451103,774,525
1762227451109,773,521
1762227451115,773,519
1762227451121,772,514
1762227451127,772,512
1762227451133,772,508
1762227451139,771,504
1762227451145,769,502
1762227451151,769,499
1762227451157,768,494
1762227451164,768,493
1762227451170,767,489
1762227451176,765,485
1762227451182,765,482
1762227451188,764,480
1762227451194,763,476
1762227451200,763,473
1762227451206,760,470
1762227451212,760,466
1762227451218,760,462
1762227451224,760,460
1762227451230,759,456
1762227451236,759,452
1762227451242,757,448
1762227451248,757,445
1762227451254,756,443
1762227451260,754,440
1762227451266,754,439
1762227451273,754,438
1762227451279,754,437
1762227451285,754,434
1762227451303,754,433
1762227451313,754,431
1762227451320,754,430
1762227451325,754,429
1762227451349,754,428
1762227451356,754,426
1762227451370,753,425
1762227451379,753,424
1762227451385,753,423
1762227451392,753,421
1762227451406,753,420
1762227451412,753,419
1762227451418,753,418
1762227451424,753,416
1762227451435,753,415
1762227451443,753,414
1762227451448,753,413
1762227451466,753,410
1762227451478,754,409
1762227451480,754,408
1762227451497,754,406
1762227451503,754,405
1762227451509,754,404
1762227451515,754,403
1762227451521,754,401
1762227451527,754,400
1762227451535,754,399
1762227451543,754,398
1762227451547,754,396
1762227451553,754,395
1762227451569,754,394
1762227451576,754,392
1762227451582,754,391
1762227451591,754,390
1762227451596,754,389
1762227451600,754,387
1762227451607,754,386
1762227451615,754,385
1762227451621,754,383
1762227451626,754,382
1762227451634,754,381
1762227451638,754,380
1762227451654,754,378
1762227451673,754,377
1762227451683,754,376
1762227451703,754,374
1762227451721,754,373
1762227451747,754,372
1762227451853,754,371
1762227451867,754,369
1762227451885,754,368
1762227451891,754,367
1762227451897,754,366
1762227451903,754,365
1762227451921,754,364
1762227451968,754,363
1762227451982,754,361
1762227452022,754,359
1762227452092,754,358
1762227452109,754,357
1762227452141,754,355
1762227452217,753,355
1762227452393,753,354
1762227452398,753,353
1762227452412,753,352
1762227452435,753,351
1762227452466,753,349
1762227452479,753,348
1762227452490,753,347
1762227452513,753,345
1762227452584,753,344
1762227452797,753,347
1762227452801,753,348
1762227452806,753,349
1762227452812,753,351
1762227452818,753,352
1762227452824,752,353
1762227452830,751,356
1762227452836,751,357
1762227452846,751,359
1762227452848,751,360
1762227452858,751,361
1762227452865,751,362
1762227452879,751,365
1762227452885,751,366
1762227452903,751,367
1762227452913,751,369
1762227452976,751,370
1762227453181,751,369
1762227453190,751,366
1762227453196,751,365
1762227453200,751,363
1762227453206,751,362
1762227453212,751,360
1762227453218,751,359
1762227453224,751,357
1762227453230,751,356
1762227453236,751,355
1762227453242,751,354
1762227453248,751,352
1762227453259,751,351
1762227453273,751,350
1762227453291,751,348
1762227453302,751,347
1762227453313,751,346
1762227453328,751,345
1762227453493,751,346
1762227453499,751,347
1762227453507,751,350
1762227453514,751,351
1762227453519,751,353
1762227453526,751,354
1762227453532,751,356
1762227453538,751,359
1762227453544,751,360
1762227453550,751,361
1762227453557,751,365
1762227453563,751,366
1762227453569,751,369
1762227453575,751,372
1762227453581,751,373
1762227453587,751,375
1762227453594,751,378
1762227453600,751,379
1762227453606,751,382
1762227453612,751,384
1762227453623,751,386
1762227453630,751,387
1762227453646,751,388
1762227453673,751,389
1762227453706,751,391
1762227453713,752,391
1762227453857,753,391
1762227453868,754,388
1762227453876,754,384
1762227453882,754,380
1762227453889,754,376
1762227453896,754,373
1762227453903,754,367
1762227453914,754,362
1762227453920,754,360
1762227453926,754,359
1762227453933,754,356
1762227453939,754,355
1762227453945,754,353
1762227453952,754,351
1762227453963,754,350
1762227453969,754,348
1762227453976,754,346
1762227453982,754,345
1762227453989,754,342
1762227453996,753,342
1762227454011,753,341
1762227454138,753,342
1762227454146,753,346
1762227454154,753,349
1762227454161,754,354
1762227454167,754,359
1762227454174,754,363
1762227454181,756,370
1762227454189,756,375
1762227454196,756,380
1762227454203,756,384
1762227454210,756,388
1762227454216,756,390
1762227454223,756,393
1762227454230,756,394
1762227454236,756,397
1762227454242,756,398
1762227454249,756,399
1762227454255,756,401
1762227454262,756,402
1762227454272,756,403
1762227454278,756,405
1762227454410,757,406
1762227454422,758,405
1762227454430,759,401
1762227454436,759,400
1762227454443,759,397
1762227454450,760,393
1762227454457,760,389
1762227454464,760,385
1762227454470,760,381
1762227454477,762,375
1762227454485,762,372
1762227454492,762,368
1762227454500,762,364
1762227454507,762,360
1762227454514,762,357
1762227454521,763,354
1762227454528,763,351
1762227454534,763,348
1762227454541,763,345
1762227454548,763,342
1762227454555,763,339
1762227454562,763,336
1762227454568,763,333
1762227454576,763,330
1762227454583,763,328
1762227454593,763,327
1762227454606,763,325
1762227454720,763,326
1762227454732,763,332
1762227454742,763,339
1762227454749,763,343
1762227454756,763,347
1762227454764,763,352
1762227454771,763,356
1762227454779,763,360
1762227454786,763,364
1762227454793,763,368
1762227454801,763,373
1762227454807,763,377
1762227454815,763,379
1762227454822,763,383
1762227454828,763,384
1762227454835,763,387
1762227454843,763,390
1762227454849,763,392
1762227454860,763,393
1762227454866,763,395
1762227454873,763,396
1762227454879,763,397
1762227454886,763,399
1762227454896,763,400
1762227454908,763,401
1762227454926,763,402
1762227454964,763,404
1762227454991,763,406
1762227455024,764,407
1762227455075,764,408
1762227455086,764,409
1762227455095,765,411
1762227455102,765,412
1762227455109,765,413
1762227455123,765,414
1762227455129,765,415
1762227455166,765,417
1762227455211,764,417
1762227455223,763,417
1762227455235,762,417
1762227455248,761,418
1762227455274,759,418
1762227455296,758,418
1762227455303,757,418
1762227455314,756,418
1762227455345,754,418
1762227455369,752,418
1762227455381,752,417
1762227455388,751,416
1762227455395,751,415
1762227455403,750,411
1762227455410,750,410
1762227455418,749,408
1762227455425,749,407
1762227455432,749,405
1762227455441,748,404
1762227455472,748,403
1762227455484,748,402
1762227455496,748,400
1762227455510,748,399
1762227455520,748,398
1762227455658,748,399
1762227455670,748,403
1762227455678,748,405
1762227455685,748,408
1762227455693,748,411
1762227455700,748,413
1762227455708,749,414
1762227455715,749,415
1762227455722,749,417
1762227455732,749,418
1762227455739,749,419
1762227455746,749,421
1762227455759,749,422
1762227455772,749,423
1762227455778,749,424
1762227455785,749,426
1762227455792,749,427
1762227455798,750,429
1762227455805,750,431
1762227455812,750,432
1762227455819,750,433
1762227455833,750,434
1762227455841,750,436
1762227455854,750,437
1762227455861,750,438
1762227455872,751,439
1762227455896,751,441
1762227455920,752,442
1762227455978,754,443
1762227455993,755,444
1762227456005,756,445
1762227456029,756,446
1762227456046,757,446
1762227456088,757,447
1762227456101,758,447
1762227456114,759,447
1762227456138,761,447
1762227456151,762,447
1762227456175,763,447
1762227456192,764,447
1762227456230,766,447
1762227456239,767,447
1762227456247,768,447
1762227456254,768,446
1762227456262,769,445
1762227456269,769,444
1762227456276,769,442
1762227456284,769,438
1762227456292,770,438
1762227456299,770,435
1762227456320,771,434
1762227456327,771,433
1762227456334,771,432
1762227456344,772,432
1762227456360,772,431
1762227456370,772,429
1762227456377,772,427
1762227456390,772,426
1762227456397,772,423
1762227456405,773,421
1762227456412,773,418
1762227456420,773,414
1762227456428,773,412
1762227456436,773,409
1762227456443,773,407
1762227456452,773,404
1762227456459,772,402
1762227456467,772,400
1762227456475,771,397
1762227456486,771,395
1762227456493,770,393
1762227456501,768,391
1762227456514,768,390
1762227456619,767,392
1762227456631,767,398
1762227456639,765,403
1762227456648,764,407
1762227456656,764,412
1762227456664,764,416
1762227456672,764,421
1762227456680,764,423
1762227456688,764,425
1762227456695,764,427
1762227456703,764,428
1762227456710,764,429
1762227456718,764,430
1762227456726,764,434
1762227456735,764,436
1762227456742,764,437
1762227456750,764,438
1762227456767,764,439
1762227456890,764,438
1762227456902,766,436
1762227456910,766,432
1762227456919,767,428
1762227456927,767,426
1762227456938,767,419
1762227456946,767,416
1762227456954,767,411
1762227456962,767,407
1762227456971,767,403
1762227456978,767,399
1762227456986,767,397
1762227456995,768,391
1762227457003,769,388
1762227457011,769,387
1762227457019,769,385
1762227457027,769,383
1762227457034,769,382
1762227457043,769,381
1762227457051,772,377
1762227457059,772,376
1762227457067,772,375
1762227457075,772,372
1762227457083,772,369
1762227457091,772,368
1762227457099,772,366
1762227457107,772,363
1762227457115,773,361
1762227457122,773,358
1762227457130,773,357
1762227457138,773,356
1762227457146,773,352
1762227457153,773,350
1762227457162,773,349
1762227457169,773,348
1762227457178,773,345
1762227457186,773,344
1762227457195,773,343
1762227457204,773,340
1762227457210,773,339
1762227457218,773,338
1762227457224,773,336
1762227457231,773,335
1762227457239,773,334
1762227457246,773,332
1762227457256,773,331
1762227457329,772,331
1762227457338,771,329
1762227457351,770,329
1762227457360,769,327
1762227457381,768,327
1762227457389,767,326
1762227457433,766,325
1762227457447,765,325
1762227457457,763,324
1762227457478,762,323
1762227457511,761,323
1762227457577,760,323
1762227457591,758,323
1762227457599,756,326
1762227457608,755,331
1762227457616,753,334
1762227457624,752,337
1762227457633,752,341
1762227457643,750,343
1762227457652,749,346
1762227457661,749,347
1762227457669,749,348
1762227457677,749,349
1762227457702,749,351
1762227457776,748,351
1762227457857,748,350
1762227457872,748,345
1762227457881,748,341
1762227457889,746,339
1762227457898,746,335
1762227457907,746,334
1762227457915,744,330
1762227457923,743,327
1762227457931,743,323
1762227457944,742,322
1762227457957,742,320
1762227458067,743,320
1762227458072,744,320
1762227458078,746,320
1762227458085,747,320
1762227458095,748,320
1762227458108,749,320
1762227458117,751,320
1762227458123,752,320
1762227458131,753,320
1762227458138,755,320
1762227458142,756,320
1762227458145,757,320
1762227458151,758,320
1762227458157,760,319
1762227458163,761,319
1762227458169,763,319
1762227458175,765,319
1762227458181,767,319
1762227458188,768,319
1762227458199,770,319
1762227458202,771,319
1762227458206,772,319
1762227458212,773,318
1762227458218,773,317
1762227458224,775,317
1762227458235,776,317
1762227458276,777,317
1762227458292,778,317
1762227458298,780,317
1762227458304,781,317
1762227458314,782,317
1762227458328,784,317
1762227458339,785,317
1762227458358,786,317
1762227458366,787,317
1762227458370,789,317
1762227458388,790,317
1762227458406,791,317
1762227458425,793,317
1762227458436,794,317
1762227458460,795,317
1762227458502,796,317
1762227458717,795,317
1762227458854,794,317
1762227458867,794,322
1762227458875,794,326
1762227458884,794,331
1762227458893,794,336
1762227458901,794,340
1762227458910,794,344
1762227458919,795,348
1762227458927,795,351
1762227458936,795,353
1762227458946,796,355
1762227458954,796,358
1762227458962,796,359
1762227458971,797,362
1762227458979,797,364
1762227458987,797,368
1762227458996,797,372
1762227459004,797,376
1762227459013,797,379
1762227459021,797,383
1762227459030,798,389
1762227459038,798,390
1762227459046,798,392
1762227459060,798,394
1762227459067,798,395
1762227459076,799,397
1762227459146,799,395
1762227459157,800,390
1762227459167,801,382
1762227459176,801,376
1762227459185,802,371
1762227459193,802,366
1762227459202,802,362
1762227459210,802,357
1762227459219,802,354
1762227459230,802,353
1762227459258,802,352
1762227459352,801,351
1762227459400,800,351
1762227459410,800,353
1762227459422,800,363
1762227459431,800,368
1762227459440,798,375
1762227459449,798,382
1762227459458,797,387
1762227459467,796,395
1762227459476,796,399
1762227459490,796,405
1762227459498,796,408
1762227459506,796,409
1762227459515,796,410
1762227459523,796,412
1762227459531,796,415
1762227459540,796,417
1762227459548,796,419
1762227459557,796,421
1762227459566,796,422
1762227459574,796,424
1762227459583,796,426
1762227459591,796,427
1762227459599,796,428
1762227459608,796,429
1762227459622,796,431
1762227459650,796,432
1762227459660,796,433
1762227459669,797,434
1762227459683,797,436
1762227459708,797,437
1762227459833,796,437
1762227459848,796,435
1762227459858,794,432
1762227459867,793,431
1762227459875,793,429
1762227459884,792,427
1762227459893,792,426
1762227459906,792,425
1762227459985,790,425
1762227459999,789,425
1762227460010,788,425
1762227460023,788,426
1762227460031,788,427
1762227460047,787,427
1762227460065,787,428
1762227460080,787,430
1762227460092,787,431
1762227460103,787,432
1762227460111,788,433
1762227460123,789,433
1762227460131,790,434
1762227460140,791,434
1762227460163,792,435
1762227460171,793,435
1762227460180,794,436
1762227460189,795,436
1762227460200,796,436
1762227460212,797,437
1762227460221,799,437
1762227460241,800,437
1762227460253,801,437
1762227460266,803,437
1762227460305,804,437
1762227460315,805,437
1762227460329,806,437
1762227460340,807,437
1762227460348,810,435
1762227460357,810,434
1762227460366,810,431
1762227460375,811,429
1762227460384,812,426
1762227460393,812,424
1762227460401,812,420
1762227460409,813,417
1762227460418,813,415
1762227460426,813,411
1762227460434,813,406
1762227460442,813,402
1762227460450,813,398
1762227460459,813,394
1762227460467,813,390
1762227460475,813,387
1762227460483,813,384
1762227460491,813,383
1762227460503,813,381
1762227460547,812,381
1762227460560,812,380
1762227460591,811,380
1762227460600,810,381
1762227460609,809,384
1762227460618,809,391
1762227460627,808,397
1762227460636,808,400
1762227460646,808,405
1762227460658,808,409
1762227460668,808,411
1762227460680,808,418
1762227460696,808,419
1762227460704,808,420
1762227460713,808,423
1762227460788,808,424
1762227460830,808,425
1762227460841,806,425
1762227460851,802,423
1762227460861,801,419
1762227460870,801,414
1762227460881,799,410
1762227460890,799,402
1762227460900,798,397
1762227460910,798,392
1762227460920,798,388
1762227460929,798,382
1762227460939,799,377
1762227460948,799,374
1762227460958,799,370
1762227460967,799,369
1762227460976,799,368
1762227460985,799,367
1762227460994,799,364
1762227461006,799,361
1762227461015,799,360
1762227461024,799,358
1762227461033,800,356
1762227461042,801,354
1762227461052,802,351
1762227461061,804,349
1762227461070,804,348
1762227461080,804,346
1762227461089,804,345
1762227461170,805,345
1762227461182,806,345
1762227461192,809,345
1762227461202,812,345
1762227461211,813,348
1762227461221,814,351
1762227461231,815,353
1762227461240,817,357
1762227461250,817,362
1762227461259,817,363
1762227461268,817,364
1762227461290,818,365
1762227461425,819,365
1762227461441,819,360
1762227461451,819,357
1762227461461,819,353
1762227461470,819,350
1762227461479,819,349
1762227461549,818,348
1762227461565,817,348
1762227461576,816,349
1762227461585,814,355
1762227461595,812,361
1762227461605,812,367
1762227461615,809,372
1762227461626,808,376
1762227461635,806,381
1762227461645,806,383
1762227461654,806,384
1762227461764,806,383
1762227461778,806,378
1762227461788,806,374
1762227461798,806,370
1762227461808,807,366
1762227461818,807,362
1762227461827,808,359
1762227461837,808,355
1762227461847,808,352
1762227461857,809,350
1762227461884,809,349
1762227461893,810,348
1762227461903,811,346
1762227461913,811,345
1762227461923,812,341
1762227461938,813,340
1762227461950,813,339
1762227462005,813,338
1762227462021,816,338
1762227462030,817,338
1762227462047,818,338
1762227462135,819,338
1762227462151,818,333
1762227462161,817,329
1762227462170,816,326
1762227462180,816,324
1762227462190,815,324
1762227462199,814,323
1762227462211,814,321
1762227462223,813,321
1762227462252,812,321
1762227462261,811,321
1762227462272,809,321
1762227462282,807,321
1762227462292,806,321
1762227462302,804,321
1762227462312,803,321
1762227462510,802,322
1762227462526,802,328
1762227462536,802,331
1762227462546,803,336
1762227462555,803,341
1762227462565,803,344
1762227462575,803,348
1762227462585,803,350
1762227462596,804,352
1762227462614,804,353
1762227462684,804,352
1762227462699,804,348
1762227462711,803,342
1762227462721,803,341
1762227462731,801,340
1762227462741,801,339
1762227462830,801,339
1762227462839,801,338
1762227462841,800,338
1762227462848,795,340
1762227462854,789,343
1762227462861,783,346
1762227462866,772,352
1762227462872,762,356
1762227462878,753,359
1762227462885,743,362
1762227462891,734,366
1762227462897,728,367
1762227462903,721,367
1762227462909,715,367
1762227462915,710,367
1762227462921,702,367
1762227462928,693,366
1762227462934,686,364
1762227462940,678,361
1762227462946,666,356
1762227462952,659,354
1762227462958,647,350
1762227462964,640,347
1762227462970,631,344
1762227462976,623,340
1762227462982,614,338
1762227462988,605,334
1762227462994,593,328
1762227463000,574,317
1762227463006,548,304
1762227463012,525,291
1762227463019,508,285
1762227463025,492,277
1762227463031,476,270
1762227463037,460,263
1762227463043,445,256
1762227463049,429,247
1762227463055,412,240
1762227463061,396,233
1762227463067,378,225
1762227463073,363,219
1762227463079,348,212
1762227463085,338,207
1762227463091,329,202
1762227463097,319,199
1762227463103,314,195
1762227463109,309,194
1762227463115,304,192
1762227463121,300,191
1762227463128,295,189
1762227463134,289,187
1762227463140,283,184
1762227463146,278,183
1762227463152,272,183
1762227463158,269,182
1762227463164,264,181
1762227463170,260,181
1762227463176,255,181
1762227463182,250,182
1762227463188,242,185
1762227463194,236,189
1762227463200,229,193
1762227463206,224,197
1762227463212,215,204
1762227463218,210,211
1762227463224,203,222
1762227463230,198,230
1762227463236,192,238
1762227463242,188,249
1762227463249,184,259
1762227463255,180,267
1762227463261,177,276
1762227463267,173,286
1762227463273,170,296
1762227463279,169,306
1762227463285,166,318
1762227463291,166,330
1762227463297,162,345
1762227463303,159,359
1762227463309,157,376
1762227463315,152,390
1762227463321,148,407
1762227463327,146,423
1762227463333,141,439
1762227463339,138,458
1762227463345,134,474
1762227463352,131,490
1762227463358,127,503
1762227463364,123,515
1762227463370,121,526
1762227463376,120,533
1762227463382,119,538
1762227463388,117,539
1762227463394,117,541
1762227463514,117,539
1762227463524,117,535
1762227463530,117,529
1762227463533,117,528
1762227463539,118,523
1762227463546,118,519
1762227463552,118,515
1762227463558,119,510
1762227463564,119,504
1762227463570,121,500
1762227463576,122,495
1762227463582,123,490
1762227463588,123,486
1762227463594,123,481
1762227463600,123,478
1762227463606,123,474
1762227463612,123,473
1762227463618,123,471
1762227463624,124,470
1762227463690,124,471
1762227463692,124,473
1762227463697,124,476
1762227463703,124,483
1762227463710,124,488
1762227463715,123,495
1762227463721,122,500
1762227463727,121,504
1762227463733,120,511
1762227463739,119,516
1762227463745,118,519
1762227463751,118,524
1762227463758,116,525
1762227463764,115,531
1762227463770,115,532
1762227463776,115,533
1762227463782,114,535
1762227463811,113,535
1762227463821,112,536
1762227463837,111,536
1762227463856,109,536
1762227463873,108,536
1762227463880,107,536
1762227463889,105,536
1762227463904,104,536
1762227463922,103,536
1762227463928,102,535
1762227463933,102,533
1762227463939,102,532
1762227463976,102,531
1762227464178,102,529
1762227464193,101,527
1762227464203,101,526
1762227464213,99,525
1762227464223,98,524
1762227464233,97,524
1762227464253,95,524
1762227464278,94,524
1762227464385,93,523
1762227464401,95,519
1762227464411,97,517
1762227464421,98,516
1762227464431,99,516
1762227464441,101,515
1762227464451,102,514
1762227464478,104,513
1762227464502,106,513
1762227464514,107,513
1762227464524,108,513
1762227464647,107,513
1762227464660,106,515
1762227464672,105,518
1762227464681,105,521
1762227464691,105,522
1762227464701,105,523
1762227464711,105,525
1762227464782,105,526
1762227464877,105,524
1762227464888,105,519
1762227464899,106,516
1762227464910,107,512
1762227464921,109,508
1762227464932,110,505
1762227464944,111,501
1762227464955,112,499
1762227464967,112,497
1762227465054,112,499
1762227465065,112,503
1762227465076,111,505
1762227465090,110,511
1762227465100,110,513
1762227465112,108,514
1762227465123,107,515
1762227465133,107,516
1762227465265,106,515
1762227465277,106,511
1762227465288,106,507
1762227465298,108,504
1762227465308,108,501
1762227465319,109,501
1762227465329,109,498
1762227465339,110,497
1762227465348,110,496
1762227465431,110,497
1762227465444,110,502
1762227465455,109,508
1762227465466,109,509
1762227465476,109,511
1762227465486,108,512
1762227465496,107,512
1762227465575,107,513
1762227465591,105,514
1762227465601,105,515
1762227465666,104,515
1762227465679,104,511
1762227465689,104,508
1762227465700,104,504
1762227465711,104,500
1762227465722,104,495
1762227465732,104,493
1762227465850,104,494
1762227465861,104,495
1762227465873,103,500
1762227465883,101,504
1762227465894,101,507
1762227465905,101,510
1762227465915,100,512
1762227465926,99,512
1762227465959,99,514
1762227465971,99,515
1762227465983,98,516
1762227466014,98,517
1762227466072,98,518
1762227466084,99,516
1762227466098,101,513
1762227466108,102,511
1762227466119,103,510
1762227466125,103,510
1762227466150,104,510
1762227466159,105,509
1762227466162,106,509
1762227466169,107,508
1762227466175,110,507
1762227466181,111,505
1762227466187,114,505
1762227466193,115,504
1762227466199,116,503
1762227466205,118,503
1762227466212,120,501
1762227466218,121,499
1762227466224,123,498
1762227466230,124,497
1762227466236,125,497
1762227466242,127,497
1762227466252,127,495
1762227466259,128,495
1762227466377,128,494
1762227466432,128,495
1762227466437,127,496
1762227466442,127,497
1762227466462,127,498
1762227466479,127,499
1762227466496,127,501
1762227466508,127,502
1762227466525,127,503
1762227466535,127,504
1762227466546,127,506
1762227466557,127,508
1762227466566,127,511
1762227466576,128,513
1762227466586,130,515
1762227466596,131,516
1762227466606,133,516
1762227466615,134,516
1762227466625,135,516
1762227466635,136,517
1762227466689,137,518
1762227466703,138,518
1762227466716,138,519
1762227466773,137,519
1762227466788,134,519
1762227466799,130,516
1762227466810,125,513
1762227466821,123,511
1762227466832,119,508
1762227466842,117,506
1762227466853,115,505
1762227466864,115,504
1762227466878,115,502
1762227466944,116,502
1762227466958,118,502
1762227466970,120,503
1762227466981,124,504
1762227466992,127,509
1762227467003,128,512
1762227467014,128,518
1762227467024,130,521
1762227467035,131,523
1762227467046,131,526
1762227467056,132,527
1762227467072,132,528
1762227467105,133,529
1762227467200,133,528
1762227467211,133,521
1762227467223,133,513
1762227467234,133,505
1762227467245,133,500
1762227467256,133,496
1762227467267,133,495
1762227467296,133,494
1762227467383,134,493
1762227467395,135,493
1762227467406,136,498
1762227467418,137,503
1762227467428,139,506
1762227467439,140,509
1762227467450,140,512
1762227467461,140,513
1762227467472,142,514
1762227467482,142,515
1762227467493,143,518
1762227467508,144,519
1762227467538,145,520
1762227467596,145,521
1762227467613,142,514
1762227467624,140,508
1762227467635,140,500
1762227467646,140,495
1762227467665,140,494
1762227467752,141,494
1762227467767,142,496
1762227467779,144,499
1762227467785,144,500
1762227467791,144,504
1762227467793,144,505
1762227467799,144,510
1762227467805,144,515
1762227467811,144,517
1762227467817,144,518
1762227467835,143,520
1762227467841,142,520
1762227467881,142,521
1762227467903,143,521
1762227467936,144,521
1762227467938,145,522
1762227467956,147,523
1762227467962,147,524
1762227467969,149,525
1762227467975,150,526
1762227467982,150,527
1762227467988,151,528
1762227467994,152,530
1762227468000,153,533
1762227468007,153,534
1762227468012,155,534
1762227468019,156,535
1762227468025,157,538
1762227468031,158,539
1762227468037,158,540
1762227468043,160,541
1762227468049,161,541
1762227468055,161,542
1762227468061,162,544
1762227468067,164,544
1762227468073,165,544
1762227468079,167,544
1762227468085,168,546
1762227468091,169,547
1762227468097,170,549
1762227468103,171,549
1762227468109,173,550
1762227468115,174,551
1762227468121,176,553
1762227468127,177,555
1762227468133,179,558
1762227468140,182,560
1762227468145,183,563
1762227468152,184,565
1762227468158,187,569
1762227468164,188,571
1762227468170,191,575
1762227468176,195,580
1762227468182,196,582
1762227468188,198,584
1762227468194,200,587
1762227468200,202,591
1762227468206,204,594
1762227468212,205,597
1762227474188,1,390
1762227474194,24,372
1762227474200,45,355
1762227474206,65,340
1762227474212,81,326
1762227474218,94,315
1762227474224,109,303
1762227474230,118,294
1762227474236,129,282
1762227474242,136,274
1762227474248,141,266
1762227474254,146,259
1762227474260,149,253
1762227474267,151,250
1762227474273,152,247
1762227474362,152,246
1762227474376,150,244
1762227474382,147,244
1762227474388,142,243
1762227474394,138,243
1762227474400,134,243
1762227474406,132,243
1762227474412,128,243
1762227474418,127,243
1762227474424,123,243
1762227474430,120,243
1762227474436,117,243
1762227474442,113,243
1762227474448,110,243
1762227474454,106,243
1762227474460,101,243
1762227474467,96,243
1762227474473,91,244
1762227474479,88,245
1762227474485,85,246
1762227474491,84,246
1762227474497,82,246
1762227474553,81,246
1762227474713,80,246
1762227474720,78,253
1762227474722,78,254
1762227474727,75,259
1762227474733,71,264
1762227474739,69,269
1762227474745,66,274
1762227474752,65,276
1762227474757,63,280
1762227474764,62,281
1762227474769,61,282
1762227474775,60,286
1762227474782,59,286
1762227474788,57,286
1762227474794,57,289
1762227474801,57,290
1762227474806,56,290
1762227475072,56,291
1762227475075,58,292
1762227475080,62,292
1762227475085,76,296
1762227475091,90,297
1762227475097,105,299
1762227475103,121,301
1762227475109,138,301
1762227475115,154,301
1762227475121,169,302
1762227475127,184,304
1762227475133,197,304
1762227475140,207,304
1762227475146,218,304
1762227475152,227,304
1762227475158,238,304
1762227475164,246,304
1762227475170,258,304
1762227475176,267,304
1762227475182,277,304
1762227475188,286,303
1762227475194,295,300
1762227475200,302,297
1762227475206,313,295
1762227475212,320,290
1762227475218,328,288
1762227475224,336,284
1762227475230,342,281
1762227475237,346,279
1762227475243,352,277
1762227475249,355,275
1762227475255,357,275
1762227475261,360,274
1762227475267,361,273
1762227475273,362,272
1762227475581,363,272
1762227475585,363,274
1762227475589,361,274
1762227475594,359,277
1762227475600,357,279
1762227475606,356,280
1762227475612,356,281
1762227475630,355,283
1762227475637,354,284
1762227475647,353,284
1762227475652,353,285
1762227475656,352,285
1762227475673,351,287
1762227475682,350,288
1762227475688,349,288
1762227475693,348,288
1762227475709,348,289
1762227475715,346,289
1762227475724,345,290
1762227475731,345,291
1762227475735,344,293
1762227475740,343,293
1762227475746,341,294
1762227475752,340,294
1762227475758,338,296
1762227475764,336,296
1762227475770,335,297
1762227475776,333,299
1762227475782,332,299
1762227475788,329,300
1762227475794,328,301
1762227475800,325,302
1762227475806,323,303
1762227475812,321,304
1762227475819,320,304
1762227475824,317,305
1762227475831,315,306
1762227475837,314,307
1762227475843,310,308
1762227475849,309,309
1762227475855,308,311
1762227475861,305,312
1762227475867,304,312
1762227475873,303,313
1762227475879,301,314
1762227475885,299,315
1762227475891,297,316
1762227475898,296,317
1762227475903,295,317
1762227475909,292,318
1762227475915,291,318
1762227475921,288,319
1762227475927,286,320
1762227475934,284,321
1762227475940,283,321
1762227475946,280,322
1762227475952,279,323
1762227475958,278,323
1762227475964,277,324
1762227475970,275,324
1762227475976,273,325
1762227475982,273,326
1762227475988,272,326
1762227475994,270,326
1762227476000,269,327
1762227476006,268,327
1762227476012,265,327
1762227476018,265,329
1762227476025,261,331
1762227476030,259,331
1762227476037,258,332
1762227476043,256,332
1762227476049,254,333
1762227476055,251,334
1762227476061,250,335
1762227476067,248,336
1762227476073,246,337
1762227476079,245,337
1762227476085,244,339
1762227476091,242,339
1762227476097,240,342
1762227476103,238,342
1762227476109,237,343
1762227476115,236,344
1762227476122,234,346
1762227476128,233,347
1762227476133,231,348
1762227476139,229,350
1762227476146,228,351
1762227476152,227,352
1762227476158,226,354
1762227476164,226,355
1762227476170,223,357
1762227476176,223,358
1762227476182,221,360
1762227476188,219,364
1762227476194,218,365
1762227476200,217,369
1762227476206,216,371
1762227476212,213,375
1762227476218,213,377
1762227476224,212,382
1762227476230,210,387
1762227476237,209,391
1762227476243,208,395
1762227476249,207,400
1762227476255,207,404
1762227476261,206,407
1762227476267,206,411
1762227476273,205,413
1762227476279,204,417
1762227476285,204,419
1762227476291,203,423
1762227476297,202,424
1762227476303,200,428
1762227476309,200,431
1762227476315,199,432
1762227476321,199,436
1762227476327,198,437
1762227476333,197,439
1762227476339,195,441
1762227476348,195,442
1762227476351,194,442
1762227476357,194,443
1762227476363,194,445
1762227476370,194,446
1762227476376,193,447
1762227476382,193,449
1762227476388,192,450
1762227476539,191,451
1762227476972,191,452
1762227476994,189,452
1762227477000,188,453
1762227477445,187,453
1762227477450,186,454
1762227477456,183,455
1762227477462,182,457
1762227477467,181,457
1762227477473,179,457
1762227477484,178,457
1762227478029,177,458
1762227478527,179,457
1762227478530,180,455
1762227478533,182,452
1762227478540,190,447
1762227478545,194,444
1762227478551,198,442
1762227478557,202,439
1762227478564,209,436
1762227478570,213,433
1762227478576,219,430
1762227478582,225,426
1762227478588,228,424
1762227478594,233,419
1762227478600,237,418
1762227478606,243,413
1762227478612,248,410
1762227478618,252,407
1762227478624,259,404
1762227478630,266,398
1762227478637,274,390
1762227478643,283,377
1762227478649,290,364
1762227478655,294,343
1762227478661,297,320
1762227478667,299,298
1762227478673,305,278
1762227478679,314,257
1762227478685,322,241
1762227478691,332,227
1762227478697,346,211
1762227478703,351,204
1762227478709,360,197
1762227478715,365,192
1762227478721,367,190
1762227478727,370,188
1762227478733,371,187
1762227478740,372,187
1762227478745,373,187
1762227478755,373,186
1762227478759,373,185
1762227478764,375,185
1762227478770,376,184
1762227478776,379,183
1762227478782,383,182
1762227478788,388,181
1762227478794,391,179
1762227478800,399,178
1762227478806,405,178
1762227478812,412,178
1762227478818,422,178
1762227478824,431,178
1762227478830,443,178
1762227478837,457,178
1762227478843,473,181
1762227478849,485,184
1762227478855,501,187
1762227478861,514,190
1762227478867,530,193
1762227478873,545,196
1762227478879,557,198
1762227478885,573,201
1762227478891,584,204
1762227478897,596,207
1762227478903,609,210
1762227478909,618,213
1762227478915,628,217
1762227478921,637,219
1762227478927,644,221
1762227478933,649,223
1762227478940,657,225
1762227478945,667,229
1762227478952,674,231
1762227478958,681,231
1762227478964,687,234
1762227478970,693,235
1762227478976,699,238
1762227478982,705,239
1762227478988,710,240
1762227478994,713,242
1762227479000,716,243
1762227479006,722,244
1762227479012,723,245
1762227479018,724,246
1762227479024,726,246
1762227479030,728,248
1762227479036,729,249
1762227479042,730,250
1762227479061,731,250
1762227479117,732,251
1762227479122,732,252
1762227479133,733,253
1762227479398,734,253
1762227479402,734,251
1762227479406,735,244
1762227479413,738,235
1762227479418,745,220
1762227479424,752,208
1762227479430,757,200
1762227479436,760,195
1762227479442,760,193
1762227479448,761,190
1762227479454,763,190
1762227479460,763,189
1762227479467,763,187
1762227479473,763,186
1762227479623,762,186
1762227479625,761,186
1762227479630,755,190
1762227479636,751,192
1762227479642,748,194
1762227479648,747,197
1762227479654,744,200
1762227479660,741,203
1762227479667,739,207
1762227479673,738,211
1762227479679,737,215
1762227479685,737,218
1762227479691,737,222
1762227479697,737,224
1762227479703,735,226
1762227479709,735,228
1762227479715,735,230
1762227479723,735,231
1762227479728,734,233
1762227479735,734,234
1762227479751,734,235
1762227479759,734,237
1762227479763,734,238
1762227479770,734,239
1762227479777,734,241
1762227479794,734,244
1762227479812,733,246
1762227479819,733,247
1762227479824,732,248
1762227479930,732,249
1762227479970,732,250
1762227479981,731,250
1762227480000,731,251
1762227480018,730,252
1762227480028,729,252
1762227480135,729,253
1762227480140,730,253
1762227480158,730,254
1762227480163,730,255
1762227480170,731,255
1762227480188,733,255
1762227480198,734,255
1762227480208,735,255
1762227480226,736,256
1762227480243,738,256
1762227480249,739,256
1762227480255,740,256
1762227480261,741,257
1762227480289,742,257
1762227480304,744,257
1762227480309,745,257
1762227480341,746,257
1762227480345,747,257
1762227480351,747,255
1762227480358,748,254
1762227480363,749,253
1762227480370,750,252
1762227480376,750,250
1762227480382,752,250
1762227480388,753,248
1762227480394,754,247
1762227480400,754,244
1762227480409,756,243
1762227480414,756,242
1762227480418,756,241
1762227480426,756,239
1762227480430,758,238
1762227480439,758,237
1762227480444,759,235
1762227480448,759,234
1762227480455,760,233
1762227480461,760,232
1762227480466,760,231
1762227480473,761,229
1762227480479,762,228
1762227480485,762,226
1762227480491,763,225
1762227480497,763,223
1762227480503,764,222
1762227480509,765,221
1762227480515,765,219
1762227480521,766,218
1762227480529,767,217
1762227480534,767,216
1762227480539,767,215
1762227480545,769,214
1762227480553,769,212
1762227480563,770,211
1762227480569,771,210
1762227480577,771,208
1762227480596,772,207
1762227480612,772,206
1762227480622,772,205
1762227480636,772,203
1762227480642,773,202
1762227480651,773,201
1762227480657,773,200
1762227480660,774,199
1762227480671,775,198
1762227480691,775,196
1762227480713,775,195
1762227480722,776,194
1762227480728,777,192
1762227480736,778,191
1762227480743,779,190
1762227480745,779,189
1762227480752,779,188
1762227480757,779,186
1762227480764,780,185
1762227480770,781,184
1762227480776,781,183
1762227480782,782,182
1762227480792,783,180
1762227480797,784,179
1762227480800,784,178
1762227480806,785,178
1762227480812,785,176
1762227480818,786,176
1762227480824,787,174
1762227480830,787,173
1762227480836,788,172
1762227480842,789,171
1762227480848,791,170
1762227480854,791,169
1762227480860,792,168
1762227480866,793,167
1762227480873,794,166
1762227480879,794,165
1762227480885,796,164
1762227480891,797,162
1762227480897,798,161
1762227480903,799,160
1762227480909,800,159
1762227480915,801,159
1762227480921,802,157
1762227480927,803,156
1762227480933,805,155
1762227480939,806,153
1762227480946,807,152
1762227480951,807,151
1762227480957,809,150
1762227480963,810,149
1762227480969,811,149
1762227480976,812,148
1762227480982,813,148
1762227480988,814,146
1762227480994,815,146
1762227481000,817,146
1762227481006,817,145
1762227481012,818,144
1762227481018,821,142
1762227481024,822,141
1762227481030,822,139
1762227481048,824,139
1762227481054,825,139
1762227481074,826,139
1762227481107,827,139
1762227481127,828,138
1762227481146,829,137
1762227481182,830,137
1762227481267,830,136
1762227481275,830,135
1762227481281,830,134
1762227481285,830,133
1762227481324,830,132
1762227481339,828,132
1762227481348,827,132
1762227481357,826,132
1762227481364,825,132
1762227481370,823,132
1762227481376,822,132
1762227481382,821,132
1762227481388,818,132
1762227481394,816,132
1762227481400,813,133
1762227481406,811,135
1762227481413,810,135
1762227481418,809,135
1762227481528,809,136
1762227481536,810,136
1762227481546,811,136
1762227481558,813,136
1762227481576,814,136
1762227481582,815,136
1762227481588,817,136
1762227481599,819,136
1762227481604,820,136
1762227481624,821,136
1762227481644,823,136
1762227481651,824,136
1762227481659,825,136
1762227481664,826,136
1762227481679,828,136
1762227481687,829,136
1762227481692,830,136
1762227481697,832,136
1762227481703,832,138
1762227481709,833,138
1762227481715,833,139
1762227481721,833,141
1762227481727,835,145
1762227481733,835,148
1762227481739,837,149
1762227481745,837,153
1762227481751,837,155
1762227481757,838,156
1762227481763,838,160
1762227481770,839,163
1762227481775,839,167
1762227481782,840,168
1762227481788,841,169
1762227481794,841,172
1762227481800,842,176
1762227481806,842,177
1762227481812,843,181
1762227481818,843,185
1762227481824,844,188
1762227481830,844,193
1762227481836,844,199
1762227481842,846,202
1762227481848,846,205
1762227481854,847,210
1762227481860,848,214
1762227481866,848,218
1762227481872,848,221
1762227481879,848,225
1762227481885,848,227
1762227481891,848,230
1762227481897,849,233
1762227481903,849,235
1762227481909,851,237
1762227481915,851,240
1762227481922,851,241
1762227481927,851,244
1762227481945,851,245
1762227481964,852,246
1762227481970,852,247
1762227481976,852,249
1762227481987,852,250
1762227481992,852,251
1762227481999,852,252
1762227482004,852,254
1762227482011,852,255
1762227482014,852,256
1762227482019,852,258
1762227482036,852,259
1762227482042,852,260
1762227482050,852,261
1762227482081,852,263
1762227482129,852,264
1762227482137,852,265
1762227482143,852,267
1762227482150,852,268
1762227482170,852,269
1762227482176,852,270
1762227482182,852,272
1762227482204,852,273
1762227482210,852,274
1762227482218,852,275
1762227482236,852,276
1762227482254,852,279
1762227482266,852,280
1762227482278,852,281
1762227482283,852,283
1762227482303,852,284
1762227482330,852,285
1762227482338,852,287
1762227482359,852,288
1762227482376,852,289
1762227482382,852,290
1762227482599,852,291
1762227482639,852,295
1762227482649,852,297
1762227482665,852,298
1762227482676,852,299
1762227482690,852,300
1762227482838,852,299
1762227482854,852,291
1762227482865,851,287
1762227482877,851,282
1762227482890,851,276
1762227482901,848,272
1762227482911,848,270
1762227482922,848,267
1762227482933,848,266
1762227482983,848,265
1762227483042,848,266
1762227483059,848,273
1762227483071,848,280
1762227483084,848,284
1762227483096,848,288
1762227483108,848,289
1762227483117,847,290
1762227483132,847,292
1762227483175,847,293
1762227483252,847,294
1762227483265,847,295
1762227483278,846,298
1762227483289,845,300
1762227483300,844,301
1762227483310,844,302
1762227483321,843,305
1762227483333,843,306
1762227483349,842,307
1762227483471,843,307
1762227483487,844,307
1762227483498,846,307
1762227483509,847,307
1762227483527,848,307
1762227483538,849,307
1762227483549,850,307
1762227483574,851,307
1762227483590,852,306
1762227483617,853,305
1762227483641,853,303
1762227483652,853,302
1762227483664,853,298
1762227483675,853,294
1762227483686,854,287
1762227483698,854,280
1762227483710,854,274
1762227483721,854,269
1762227483733,854,264
1762227483744,856,260
1762227483755,856,255
1762227483767,856,252
1762227483778,854,250
1762227483789,854,246
1762227483800,852,245
1762227483811,851,243
1762227483822,851,241
1762227483837,850,241
1762227483848,850,240
1762227483920,850,241
1762227483936,851,252
1762227483948,853,260
1762227483960,855,270
1762227483971,857,276
1762227483983,857,281
1762227483995,858,288
1762227484006,858,289
1762227484017,858,292
1762227484086,856,292
1762227484102,853,291
1762227484115,848,286
1762227484128,842,279
1762227484141,842,272
1762227484153,841,267
1762227484164,841,264
1762227484175,840,259
1762227484187,840,255
1762227484206,840,248
1762227484217,840,245
1762227484228,841,242
1762227484240,843,240
1762227484251,844,236
1762227484263,844,233
1762227484274,846,230
1762227484285,847,227
1762227484297,848,223
1762227484309,849,220
1762227484320,849,216
1762227484332,851,213
1762227484343,851,210
1762227484354,853,209
1762227484366,854,207
1762227484377,854,204
1762227484457,855,203
1762227484469,857,203
1762227484480,859,212
1762227484497,860,224
1762227484514,862,238
1762227484530,862,247
1762227484544,862,254
1762227484557,862,256
1762227484671,862,254
1762227484686,861,248
1762227484699,859,240
1762227484712,857,232
1762227484724,854,225
1762227484735,854,220
1762227484747,854,218
1762227484758,853,218
1762227484838,853,216
1762227484893,853,217
1762227484909,855,225
1762227484922,856,234
1762227484934,856,239
1762227484946,856,243
1762227484958,857,247
1762227485035,857,248
1762227485051,857,247
1762227485064,857,237
1762227485077,857,228
1762227485089,857,221
1762227485101,854,213
1762227485113,854,208
1762227485125,853,201
1762227485137,853,199
1762227485149,853,197
1762227485262,853,199
1762227485280,853,211
1762227485292,855,220
1762227485304,855,230
1762227485317,856,238
1762227485328,856,241
1762227485398,856,240
1762227485416,854,233
1762227485429,851,226
1762227485441,848,220
1762227485453,846,212
1762227485465,846,208
1762227485477,846,203
1762227485490,846,198
1762227485502,846,194
1762227485514,846,191
1762227485526,846,186
1762227485537,845,184
1762227485549,845,180
1762227485561,845,179
1762227485606,845,178
1762227485665,845,177
1762227485679,848,178
1762227485691,849,183
1762227485703,850,189
1762227485716,852,197
1762227485727,852,202
1762227485739,852,206
1762227485751,852,208
1762227485856,852,207
1762227485874,852,198
1762227485887,852,187
1762227485900,852,179
1762227485912,852,173
1762227485925,850,168
1762227485939,849,166
1762227485953,849,163
1762227485967,848,162
1762227485979,847,161
1762227485991,845,158
1762227486003,844,157
1762227486016,844,156
1762227486096,844,157
1762227486111,845,165
1762227486123,847,172
1762227486134,847,177
1762227486146,849,184
1762227486157,850,188
1762227486168,851,192
1762227486179,851,195
1762227486190,851,196
1762227486286,852,197
1762227486304,851,198
1762227486316,850,198
1762227486329,846,194
1762227486341,843,188
1762227486354,841,181
1762227486368,839,175
1762227486382,839,168
1762227486393,839,164
1762227486406,839,159
1762227486418,839,155
1762227486430,839,150
1762227486443,839,147
1762227486455,838,143
1762227486467,838,142
1762227486479,838,138
1762227486491,838,137
1762227486527,838,136
1762227486564,838,135
1762227486577,840,135
1762227486590,842,135
1762227486602,845,138
1762227486615,847,143
1762227486628,847,149
1762227486640,847,154
1762227486654,847,159
1762227486666,849,164
1762227486679,850,168
1762227486691,851,170
1762227486795,851,169
1762227486814,849,160
1762227486826,846,150
1762227486839,845,143
1762227486851,845,137
1762227486864,845,133
1762227486876,844,129
1762227486889,844,127
1762227486901,844,124
1762227486914,844,122
1762227486926,843,120
1762227486941,843,119
1762227487017,842,119
1762227487036,841,119
1762227487050,840,119
1762227487090,838,119
1762227487102,837,120
1762227487116,834,124
1762227487129,833,129
1762227487142,833,134
1762227487154,833,139
1762227487166,832,141
1762227487263,832,140
1762227487281,832,136
1762227487294,831,129
1762227487310,831,128
1762227487316,831,127
1762227487379,830,126
1762227487382,829,126
1762227487399,828,128
1762227487405,828,129
1762227487411,828,130
1762227487420,828,131
1762227487423,828,132
1762227487429,827,133
1762227487435,827,134
1762227487441,827,135
1762227487447,827,136
1762227487454,825,137
1762227487461,825,139
1762227487467,824,140
1762227487473,823,143
1762227487479,820,146
1762227487485,819,146
1762227487491,818,150
1762227487497,815,152
1762227487503,813,154
1762227487509,811,155
1762227487515,809,158
1762227487521,808,159
1762227487527,807,161
1762227487533,804,164
1762227487539,801,165
1762227487545,800,167
1762227487551,798,170
1762227487558,798,171
1762227487564,795,174
1762227487570,794,174
1762227487576,792,178
1762227487582,791,180
1762227487588,790,182
1762227487594,788,184
1762227487600,787,185
1762227487606,787,186
1762227487612,786,189
1762227487618,784,193
1762227487624,783,194
1762227487630,782,196
1762227487636,781,199
1762227487642,779,201
1762227487648,778,204
1762227487654,777,207
1762227487660,776,209
1762227487667,775,211
1762227487673,775,213
1762227487679,773,214
1762227487685,773,215
1762227487691,772,218
1762227487697,772,219
1762227487703,770,222
1762227487709,770,224
1762227487715,770,226
1762227487721,770,228
1762227487727,770,229
1762227487733,769,232
1762227487739,768,233
1762227487745,768,235
1762227487751,768,237
1762227487757,766,238
1762227487763,766,241
1762227487770,766,242
1762227487776,765,245
1762227487782,765,246
1762227487788,764,247
1762227487794,764,249
1762227487800,763,251
1762227487806,762,252
1762227487812,762,253
1762227487818,762,255
1762227487824,762,256
1762227487830,761,256
1762227487836,761,258
1762227487843,760,260
1762227487853,759,261
1762227487856,759,262
1762227487862,759,263
1762227487867,759,264
1762227487873,758,265
1762227487879,757,266
1762227487885,756,267
1762227487891,756,269
1762227487897,755,270
1762227487903,755,272
1762227487909,753,273
1762227487915,752,274
1762227487921,752,276
1762227487927,752,277
1762227487933,751,279
1762227487939,751,282
1762227487945,751,283
1762227487952,751,286
1762227487958,751,287
1762227487963,750,287
1762227487970,750,289
1762227487976,750,290
1762227487982,750,292
1762227487988,750,294
1762227487994,750,295
1762227488000,750,298
1762227488006,750,300
1762227488012,750,302
1762227488018,749,303
1762227488024,749,304
1762227488031,749,306
1762227488048,749,307
1762227488073,749,308
1762227488551,748,309
1762227488557,747,310
1762227488560,747,311
1762227488566,747,313
1762227488606,747,314
1762227488917,748,314
1762227488953,749,315
1762227488976,750,315
1762227488984,752,315
1762227489008,753,315
1762227489037,755,316
1762227489054,755,317
1762227489178,758,317
1762227489236,759,317
1762227489255,761,317
1762227489272,762,318
1762227489290,763,318
1762227489320,764,319
1762227489341,766,319
1762227489495,767,319
1762227489590,767,320
1762227489617,764,320
1762227489638,763,320
1762227489650,760,320
1762227489662,758,320
1762227489675,755,320
1762227489687,752,319
1762227489701,748,318
1762227489713,747,317
1762227489726,746,317
1762227489807,745,316
1762227489826,747,312
1762227489841,753,307
1762227489853,755,306
1762227489868,762,302
1762227489880,764,301
1762227489892,766,298
1762227489905,769,298
1762227489917,771,297
1762227489930,773,297
1762227490038,771,297
1762227490055,769,297
1762227490068,766,297
1762227490080,764,298
1762227490093,762,299
1762227490146,760,299
1762227490159,760,300
1762227490174,759,301
1762227490186,758,301
1762227490199,758,302
1762227490217,758,303
1762227490229,758,304
1762227490411,757,305
1762227490435,755,305
1762227490447,753,305
1762227490465,752,305
1762227490488,751,305
1762227490519,749,305
1762227490668,750,305
1762227490686,752,305
1762227490698,755,305
1762227490711,760,305
1762227490723,762,305
1762227490736,765,306
1762227490748,766,306
1762227490761,768,306
1762227490774,770,306
1762227490881,770,305
1762227490900,770,304
1762227490915,766,303
1762227490928,765,302
1762227490940,763,302
1762227490953,762,302
1762227490965,761,302
1762227490978,758,302
1762227490991,757,302
1762227491003,756,302
1762227491016,754,302
1762227491028,753,302
1762227491141,754,302
1762227491161,758,302
1762227491175,761,302
1762227491189,764,301
1762227491202,767,301
1762227491215,770,301
1762227491230,772,301
1762227491242,773,301
1762227491476,774,301
1762227491496,775,303
1762227491509,775,307
1762227491521,775,308
1762227491534,774,309
1762227491547,773,311
1762227491560,773,312
1762227491609,773,313
1762227491627,772,314
1762227491641,771,314
1762227491656,770,314
1762227491671,767,314
1762227491690,762,314
1762227491703,758,312
1762227491716,756,311
1762227491729,754,311
1762227491742,752,310
1762227491755,749,310
1762227491768,749,309
1762227491781,746,307
1762227491794,744,307
1762227491814,743,307
1762227491999,744,307
1762227492018,746,307
1762227492034,748,307
1762227492047,751,307
1762227492061,752,307
1762227492068,757,307
1762227492074,760,307
1762227492077,761,307
1762227492083,762,307
1762227492089,765,308
1762227492095,766,308
1762227492101,769,308
1762227492107,770,308
1762227492113,772,308
1762227492120,773,308
1762227492126,775,308
1762227492132,777,308
1762227492138,778,308
1762227492144,780,308
1762227492150,780,309
1762227492157,783,309
1762227492163,785,309
1762227492173,787,309
1762227492176,788,309
1762227492182,789,309
1762227492191,791,309
1762227492269,792,309
1762227492274,794,309
1762227492284,794,308
1762227492290,794,307
1762227492314,795,307
1762227492320,795,306
1762227492339,797,306
1762227492346,799,305
1762227492356,801,305
1762227492370,804,305
1762227492384,807,305
1762227492396,809,305
1762227492409,811,305
1762227492422,812,305
1762227492435,813,305
1762227492458,814,305
1762227492476,816,305
1762227492489,816,306
1762227492504,817,306
1762227492519,818,306
1762227492579,817,306
1762227492595,813,308
1762227492609,808,308
1762227492622,804,310
1762227492636,801,310
1762227492648,800,310
1762227492677,799,310
1762227492713,798,310
1762227492726,798,311
1762227492787,797,312
1762227492803,798,312
1762227492817,801,312
1762227492830,803,312
1762227492843,805,313
1762227492856,809,313
1762227492870,813,313
1762227492883,816,313
1762227492896,817,314
1762227492909,819,315
1762227493025,819,314
1762227493043,818,307
1762227493056,816,303
1762227493070,814,300
1762227493084,811,298
1762227493097,808,295
1762227493110,805,295
1762227493123,804,295
1762227493136,802,295
1762227493149,800,295
1762227493162,798,295
1762227493180,794,296
1762227493193,794,297
1762227493207,793,297
1762227493316,794,298
1762227493332,795,298
1762227493346,798,298
1762227493359,799,298
1762227493373,803,299
1762227493392,804,299
1762227493405,806,300
1762227493419,807,301
1762227493435,808,301
1762227493553,807,301
1762227493572,804,302
1762227493586,802,302
1762227493600,799,302
1762227493614,796,302
1762227493627,796,303
1762227493641,794,303
1762227493654,794,304
1762227493721,793,304
1762227493904,795,304
1762227493923,798,304
1762227493938,802,304
1762227493952,807,303
1762227493965,808,303
1762227493979,811,303
1762227493993,813,303
1762227494006,815,303
1762227494019,820,303
1762227494033,821,303
1762227494047,822,303
1762227494221,823,304
1762227494240,824,307
1762227494254,825,311
1762227494268,825,313
1762227494282,826,317
1762227494296,826,321
1762227494309,828,324
1762227494323,828,326
1762227494337,828,327
1762227494351,828,329
1762227494365,828,333
1762227494379,828,336
1762227494392,827,339
1762227494406,827,341
1762227494420,827,345
1762227494433,827,346
1762227494453,827,348
1762227494508,827,348
1762227494623,826,348
1762227494645,824,348
1762227494650,824,349
1762227494675,823,349
1762227494689,822,349
1762227494696,821,349
1762227494702,819,349
1762227494708,818,349
1762227494714,818,350
1762227494720,816,352
1762227494726,814,353
1762227494732,812,353
1762227494738,810,353
1762227494744,808,354
1762227494750,808,355
1762227494756,804,356
1762227494762,803,357
1762227494768,802,358
1762227494775,800,359
1762227494781,797,361
1762227494787,795,361
1762227494793,794,363
1762227494800,789,363
1762227494806,787,366
1762227494812,785,368
1762227494818,782,371
1762227494824,779,373
1762227494829,776,374
1762227494835,773,376
1762227494841,770,377
1762227494847,767,378
1762227494854,765,381
1762227494860,761,382
1762227494866,759,384
1762227494872,757,386
1762227494878,754,386
1762227494884,751,387
1762227494890,750,387
1762227494896,750,388
1762227494902,748,389
1762227494908,747,389
1762227494916,745,389
1762227494921,744,390
1762227494927,743,390
1762227494964,742,390
1762227495058,741,390
1762227495064,740,388
1762227495068,740,387
1762227495074,739,386
1762227495079,738,385
1762227495085,737,383
1762227495091,736,381
1762227495097,735,379
1762227495103,733,378
1762227495109,732,375
1762227495115,730,371
1762227495121,729,370
1762227495127,727,368
1762227495133,726,364
1762227495139,724,363
1762227495145,724,361
1762227495151,723,361
1762227495157,721,358
1762227495163,720,355
1762227495169,719,354
1762227495177,719,353
1762227495223,719,352
1762227495280,718,352
1762227495286,718,353
1762227495291,721,358
1762227495297,721,360
1762227495303,721,364
1762227495309,722,366
1762227495315,723,369
1762227495321,724,371
1762227495327,724,372
1762227495333,725,377
1762227495339,727,380
1762227495345,728,382
1762227495351,728,383
1762227495357,728,386
1762227495363,728,388
1762227495369,728,390
1762227495376,729,391
1762227495382,730,394
1762227495388,730,396
1762227495394,730,399
1762227495400,730,401
1762227495406,730,403
1762227495412,730,405
1762227495418,730,408
1762227495424,730,412
1762227495430,730,415
1762227495436,730,420
1762227495442,730,423
1762227495448,728,427
1762227495454,728,430
1762227495460,728,433
1762227495466,727,436
1762227495473,727,439
1762227495479,727,442
1762227495485,727,444
1762227495491,727,448
1762227495497,727,451
1762227495503,727,453
1762227495509,727,456
1762227495515,726,460
1762227495522,726,461
1762227495527,726,462
1762227495533,726,465
1762227495541,726,466
1762227495545,726,467
1762227495551,726,469
1762227495557,726,470
1762227495567,726,471
1762227495571,726,472
1762227495576,726,474
1762227495585,726,475
1762227495600,726,476
1762227495606,726,479
1762227495612,726,480
1762227495618,726,484
1762227495624,726,485
1762227495630,726,488
1762227495636,726,491
1762227495642,726,493
1762227495648,726,495
1762227495654,726,496
1762227495661,726,499
1762227495667,726,502
1762227495673,727,505
1762227495679,728,506
1762227495685,728,507
1762227495691,728,510
1762227495697,729,511
1762227495707,729,512
1762227495710,729,513
1762227495717,729,515
1762227495723,729,516
1762227495728,729,517
1762227495745,729,518
1762227495751,729,520
1762227495757,729,522
1762227495766,730,523
1762227495826,730,525
1762227495961,730,526
1762227495965,728,526
1762227495971,727,526
1762227495976,724,526
1762227495984,722,526
1762227496000,721,526
1762227496006,720,526
1762227496012,719,526
1762227496018,717,526
1762227496026,715,526
1762227496030,714,526
1762227496036,713,526
1762227496042,712,525
1762227496050,710,525
1762227496055,709,524
1762227496060,708,523
1762227496069,707,522
1762227496075,706,521
1762227496082,706,520
1762227496086,704,520
1762227496093,703,519
1762227496098,702,519
1762227496106,701,518
1762227496109,700,518
1762227496115,700,517
1762227496121,699,517
1762227496127,698,516
1762227496133,696,515
1762227496139,695,514
1762227496146,694,514
1762227496152,693,513
1762227496170,691,512
1762227496181,690,511
1762227496200,689,511
1762227496234,688,510
1762227496288,687,509
1762227496304,686,508
1762227496322,685,507
1762227496329,684,506
1762227496350,684,505
1762227496353,684,504
1762227496358,684,503
1762227496364,684,501
1762227496370,684,499
1762227496376,684,497
1762227496382,683,493
1762227496388,682,490
1762227496394,682,486
1762227496400,682,484
1762227496406,682,480
1762227496412,682,477
1762227496418,682,473
1762227496424,682,469
1762227496430,682,465
1762227496437,682,460
1762227496443,682,456
1762227496449,684,451
1762227496455,684,449
1762227496461,684,445
1762227496467,685,442
1762227496473,685,440
1762227496479,685,437
1762227496485,686,433
1762227496491,687,431
1762227496497,688,427
1762227496503,690,423
1762227496509,691,419
1762227496515,691,415
1762227496521,693,412
1762227496528,694,409
1762227496533,696,405
1762227496539,696,401
1762227496545,697,398
1762227496551,698,394
1762227496557,699,391
1762227496564,700,389
1762227496569,701,386
1762227496575,702,383
1762227496582,702,382
1762227496588,703,380
1762227496594,703,377
1762227496600,703,374
1762227496606,704,373
1762227496612,705,370
1762227496618,705,367
1762227496624,706,365
1762227496630,706,360
1762227496636,708,352
1762227496642,708,346
1762227496648,709,342
1762227496654,710,336
1762227496660,710,334
1762227496670,710,332
1762227496672,710,331
1762227496679,710,330
1762227496685,710,328
1762227496691,710,326
1762227496697,710,325
1762227496703,710,321
1762227496709,710,320
1762227496715,710,317
1762227496721,710,314
1762227496727,710,312
1762227496733,710,308
1762227496739,710,305
1762227496745,710,304
1762227496751,710,301
1762227496757,710,300
1762227496763,710,299
1762227496775,710,298
1762227496796,710,296
1762227496813,710,295
1762227496843,710,294
1762227496883,710,292
1762227497172,709,292
1762227497176,708,292
1762227497182,707,292
1762227497188,706,292
1762227497194,705,292
1762227497212,703,293
1762227497218,701,293
1762227497224,699,294
1762227497230,699,295
1762227497237,699,296
1762227497245,698,297
1762227497248,697,298
1762227497254,696,298
1762227497260,695,298
1762227497267,694,299
1762227497276,693,300
1762227497291,693,301
1762227497297,692,302
1762227497307,691,303
1762227497333,690,303
1762227497352,690,304
1762227497359,690,306
1762227497364,689,306
1762227497370,687,306
1762227497376,685,307
1762227497382,684,309
1762227497388,682,310
1762227497394,680,310
1762227497401,679,310
1762227497406,678,310
1762227497424,677,310
1762227497430,676,310
1762227497437,676,309
1762227497443,676,307
1762227497449,679,305
1762227497455,682,303
1762227497461,686,302
1762227497467,688,300
1762227497473,691,299
1762227497479,693,298
1762227497485,694,297
1762227497491,695,296
1762227497497,696,293
1762227497503,697,290
1762227497509,700,289
1762227497515,701,287
1762227497521,702,284
1762227497527,703,280
1762227497533,704,278
1762227497539,706,273
1762227497545,708,267
1762227497551,710,263
1762227497557,712,257
1762227497563,715,252
1762227497569,717,246
1762227497576,720,241
1762227497582,723,234
1762227497588,726,230
1762227497594,727,226
1762227497600,730,223
1762227497606,732,218
1762227497612,734,213
1762227497618,736,211
1762227497624,737,208
1762227497630,738,205
1762227497636,741,202
1762227497642,742,200
1762227497648,743,200
1762227497654,744,196
1762227497660,745,195
1762227497666,746,194
1762227497672,746,192
1762227497679,747,192
1762227497685,748,191
1762227497691,748,189
1762227497697,749,188
1762227497703,749,186
1762227497713,750,185
1762227497721,750,184
1762227497722,750,183
1762227497739,752,182
1762227497757,753,180
1762227497763,756,178
1762227497770,757,178
1762227497776,758,176
1762227497794,758,174
1762227497812,759,174
1762227497836,759,173
1762227497846,760,173
1762227497851,760,172
1762227497855,761,172
1762227497872,762,171
1762227497884,762,170
1762227497904,763,169
1762227497921,763,168
1762227497927,764,167
1762227498003,765,167
1762227498019,766,167
1762227498024,766,166
1762227498030,768,164
1762227498036,770,163
1762227498042,771,162
1762227498048,772,162
1762227498054,773,162
1762227498074,774,161
1762227498081,774,160
1762227498089,775,159
1762227498092,776,159
1762227498097,778,157
1762227498103,778,156
1762227498109,778,155
1762227498115,778,154
1762227498121,779,153
1762227498127,780,152
1762227498152,781,152
1762227498174,782,151
1762227498386,781,151
1762227498389,780,151
1762227498394,779,151
1762227498400,776,151
1762227498406,774,151
1762227498412,771,151
1762227498418,769,151
1762227498424,766,150
1762227498430,764,150
1762227498436,761,150
1762227498442,756,150
1762227498448,755,150
1762227498454,751,148
1762227498460,749,148
1762227498467,746,148
1762227498473,745,148
1762227498481,744,148
1762227498490,742,148
1762227498526,741,148
1762227498545,740,148
1762227498551,738,148
1762227498563,737,147
1762227498570,735,147
1762227498577,734,145
1762227498582,733,144
1762227498600,731,143
1762227498606,731,142
1762227498612,731,140
1762227498621,730,139
1762227498626,730,138
1762227498630,729,137
1762227498636,728,136
1762227498644,728,135
1762227498648,727,134
1762227498654,727,133
1762227498661,727,132
1762227498667,726,132
1762227498672,725,131
1762227498682,724,130
1762227498697,724,128
1762227498703,724,126
1762227498733,724,125
1762227498801,724,124
1762227498880,724,125
1762227498915,717,139
1762227498929,716,143
1762227498944,714,145
1762227498959,714,148
1762227498973,714,150
1762227498987,714,153
1762227499002,714,158
1762227499016,715,163
1762227499031,715,166
1762227499047,716,166
1762227499148,716,168
1762227499163,717,172
1762227499177,718,175
1762227499198,719,180
1762227499217,719,181
1762227499231,719,183
1762227499245,719,184
1762227499260,719,187
1762227499274,719,189
1762227499290,719,190
1762227499426,719,189
1762227499441,720,188
1762227499456,722,184
1762227499471,723,180
1762227499486,725,178
1762227499501,725,177
1762227499543,725,175
1762227499558,727,173
1762227499572,728,169
1762227499587,729,164
1762227499602,731,162
1762227499617,732,159
1762227499636,733,154
1762227499650,733,152
1762227499665,735,151
1762227499680,735,149
1762227499695,735,146
1762227499710,736,144
1762227499725,737,143
1762227499739,737,141
1762227499753,737,140
1762227499856,737,142
1762227499877,738,150
1762227499891,738,157
1762227499906,738,163
1762227499922,738,169
1762227499936,736,171
1762227499949,736,172
1762227500017,735,172
1762227500031,734,172
1762227500045,733,169
1762227500059,732,166
1762227500073,732,163
1762227500087,732,159
1762227500101,732,156
1762227500116,732,152
1762227500131,732,147
1762227500145,732,142
1762227500160,733,141
1762227500173,734,137
1762227500188,734,134
1762227500201,735,130
1762227500215,735,128
1762227500228,735,127
1762227500242,735,125
1762227500358,736,125
1762227500377,736,132
1762227500393,733,144
1762227500408,731,155
1762227500423,729,165
1762227500438,727,170
1762227500453,727,174
1762227500467,727,175
1762227500611,727,174
1762227500632,727,165
1762227500647,730,156
1762227500663,732,150
1762227500678,734,143
1762227500693,736,139
1762227500708,737,133
1762227500723,738,129
1762227500737,739,127
1762227500754,739,124
1762227500771,739,123
1762227500787,740,122
1762227500889,740,121
1762227500911,738,121
1762227500925,734,122
1762227500940,733,125
1762227500954,732,125
1762227500968,731,125
1762227500982,730,125
1762227500997,730,127
1762227501012,726,128
1762227501026,724,131
1762227501041,722,134
1762227501056,720,139
1762227501070,718,144
1762227501085,717,151
1762227501100,716,157
1762227501115,715,164
1762227501130,714,170
1762227501144,714,172
1762227501159,714,174
1762227501173,714,175
1762227501260,715,175
1762227501279,716,175
1762227501294,717,175
1762227501309,722,173
1762227501325,724,166
1762227501341,728,159
1762227501358,729,153
1762227501374,732,145
1762227501390,733,141
1762227501406,734,138
1762227501423,735,136
1762227501521,735,137
1762227501536,735,143
1762227501553,733,153
1762227501570,730,162
1762227501587,729,168
1762227501602,727,169
1762227501620,724,176
1762227501637,723,180
1762227501653,723,184
1762227501668,723,185
1762227501684,722,186
1762227501955,722,185
1762227501977,722,177
1762227501992,722,173
1762227502007,722,171
1762227502021,722,169
1762227502036,723,166
1762227502051,723,164
1762227502066,723,160
1762227502080,723,157
1762227502095,724,155
1762227502110,724,152
1762227502124,724,150
1762227502139,724,148
1762227502153,725,144
1762227502167,725,143
1762227502180,725,142
1762227502195,725,139
1762227502209,726,138
1762227502222,727,137
1762227502242,727,136
1762227502255,727,134
1762227502384,727,135
1762227502401,726,143
1762227502417,726,150
1762227502439,722,163
1762227502457,721,169
1762227502475,720,174
1762227502489,720,177
1762227502505,720,178
1762227502520,720,179
1762227502534,720,181
1762227502549,719,183
1762227502564,717,185
1762227502578,716,187
1762227502870,716,188
1762227502893,716,195
1762227502909,716,200
1762227502923,716,204
1762227502939,716,209
1762227502997,716,211
1762227503106,717,211
1762227503174,718,210
1762227503253,717,210
1762227503413,716,210
1762227503429,716,208
1762227503444,716,202
1762227503459,716,200
1762227503474,718,197
1762227503488,718,193
1762227503504,718,190
1762227503519,719,185
1762227503533,719,182
1762227503548,719,181
1762227503563,719,178
1762227503577,719,177
1762227503592,719,176
1762227503607,719,175
1762227503622,720,173
1762227503653,720,172
1762227503667,720,171
1762227503683,720,170
1762227503698,720,168
1762227503713,720,167
1762227503728,720,166
1762227503744,720,165
1762227503759,720,163
1762227503774,720,161
1762227503789,720,158
1762227503803,720,157
1762227503818,720,156
1762227503981,720,155
1762227504004,719,158
1762227504024,715,163
1762227504039,715,166
1762227504055,713,168
1762227504069,712,169
1762227504119,712,170
1762227504135,712,172
1762227504150,708,177
1762227504165,708,180
1762227504181,707,183
1762227504196,707,187
1762227504212,707,191
1762227504227,707,195
1762227504242,709,195
1762227504258,709,197
1762227504273,709,199
1762227504361,709,198
1762227504379,709,191
1762227504395,711,183
1762227504411,711,177
1762227504427,712,170
1762227504447,712,166
1762227504463,712,165
1762227504479,712,163
1762227504494,712,160
1762227504510,713,156
1762227504526,714,153
1762227504542,715,149
1762227504558,716,146
1762227504573,717,145
1762227504588,717,143
1762227504603,719,142
1762227504619,721,140
1762227504634,721,138
1762227504649,721,137
1762227504664,723,134
1762227504680,723,132
1762227504696,723,129
1762227504711,723,127
1762227504737,724,127
1762227504752,724,126
1762227504767,723,125
1762227504782,721,123
1762227504797,720,122
1762227504813,720,119
1762227504828,719,119
1762227504844,719,118
1762227504871,719,117
1762227504937,719,116
1762227504957,720,115
1762227504971,720,114
1762227505004,721,114
1762227505034,722,114
1762227505140,723,114
1762227505194,724,113
1762227505214,727,108
1762227505229,728,108
1762227505244,729,108
1762227506205,729,108
1762227506413,730,108
1762227506431,730,109
1762227506458,730,110
1762227506497,730,111
1762227506966,730,112
1762227506989,730,116
1762227507005,731,119
1762227507020,731,120
1762227507036,731,121
1762227507051,731,124
1762227507225,733,124
1762227507250,734,122
1762227507265,734,120
1762227507281,738,119
1762227507296,739,116
1762227507311,739,115
1762227507331,739,114
1762227507347,741,114
1762227507896,741,115
1762227507901,741,116
1762227507907,741,119
1762227507913,740,120
1762227507919,740,121
1762227507926,740,124
1762227508302,739,123
1762227508309,738,123
1762227508339,738,124
1762227508867,738,123
1762227508871,737,123
1762227508877,732,125
1762227508883,723,127
1762227508891,712,130
1762227508897,695,132
1762227508903,678,135
1762227508909,662,138
1762227508915,642,138
1762227508922,625,140
1762227508928,607,141
1762227508934,591,141
1762227508940,576,142
1762227508946,560,142
1762227508952,547,142
1762227508958,534,142
1762227508964,521,142
1762227508970,509,141
1762227508976,496,141
1762227508982,484,139
1762227508988,462,134
1762227508994,425,125
1762227509000,398,119
1762227509006,372,114
1762227509012,341,106
1762227509018,309,100
1762227509025,273,90
1762227509031,237,84
1762227509036,203,79
1762227509042,171,72
1762227509048,142,64
1762227509054,111,56
1762227509060,89,50
1762227509066,70,44
1762227509073,55,41
1762227509079,39,36
1762227509085,30,32
1762227509091,21,29
1762227509097,16,25
1762227509103,14,24
1762227509109,12,24
1762227509115,9,24
1762227509121,8,22
1762227509127,6,21
1762227509134,4,21
1762227509140,3,21
1762227509146,1,20
1762227509152,0,19
1762227509485,2,35
1762227509491,8,37
1762227509497,12,40
1762227509503,18,42
1762227509509,25,44
1762227509515,31,47
1762227509521,39,48
1762227509527,46,51
1762227509533,52,55
1762227509539,59,56
1762227509545,65,58
1762227509551,70,60
1762227509557,73,62
1762227509563,80,65
1762227509569,84,66
1762227509575,86,69
1762227509581,90,71
1762227509588,95,73
1762227509594,98,75
1762227509600,100,77
1762227509606,102,78
1762227509612,106,81
1762227509618,107,81
1762227509624,111,83
1762227509630,112,84
1762227509636,115,86
1762227509642,116,86
1762227509648,118,87
1762227509654,120,88
1762227509661,121,89
1762227509667,121,90
1762227509673,122,90
1762227509679,122,92
1762227509685,123,93
1762227509691,124,94
1762227509711,125,95
1762227509715,126,96
1762227509733,127,96
1762227509753,127,97
1762227509994,126,97
1762227510003,124,97
1762227510019,123,96
1762227510026,122,96
1762227510126,121,96
1762227510146,120,96
1762227510168,118,96
1762227510184,117,96
1762227510204,116,96
1762227510220,113,96
1762227510235,112,96
1762227510251,109,96
1762227510267,108,93
1762227510464,110,93
1762227510491,115,93
1762227510506,119,93
1762227510522,124,93
1762227510538,127,93
1762227510554,131,93
1762227510570,135,93
1762227510585,136,93
1762227510718,136,94
1762227510742,130,95
1762227510757,125,95
1762227510773,122,95
1762227510789,120,95
1762227510805,118,94
1762227510821,116,94
1762227510836,115,94
1762227511008,114,94
1762227511029,112,94
1762227511045,111,94
1762227511061,107,94
1762227511076,105,94
1762227511091,103,93
1762227511107,101,92
1762227511123,99,92
1762227511138,99,91
1762227511154,98,91
1762227511252,100,91
1762227511268,101,90
1762227511284,103,90
1762227511300,106,88
1762227511316,107,88
1762227511332,108,88
1762227511347,109,88
1762227511363,112,88
1762227511407,113,87
1762227511499,112,88
1762227511526,109,92
1762227511555,109,93
1762227511571,109,94
1762227511709,108,95
1762227511732,107,97
1762227511748,105,99
1762227511764,104,99
1762227511779,103,99
1762227511796,100,100
1762227511812,99,100
1762227512158,98,100
1762227512182,97,100
1762227512278,98,100
1762227512297,100,100
1762227512313,103,100
1762227512329,106,100
1762227512345,109,100
1762227512370,111,100
1762227512386,112,99
1762227512402,114,97
1762227512419,118,97
1762227512435,121,96
1762227512456,127,96
1762227512474,129,96
1762227512544,130,96
1762227512595,132,96
1762227512656,132,95
1762227512674,132,91
1762227512690,132,87
1762227512708,132,82
1762227512724,132,81
1762227512755,132,79
1762227512896,131,79
1762227512917,131,80
1762227512933,131,81
1762227512950,131,82
1762227513016,131,83
1762227513034,131,85
1762227513043,131,86
1762227513050,131,87
1762227513055,131,89
1762227513063,131,90
1762227513093,131,91
1762227513099,131,92
1762227513113,131,94
1762227513123,132,94
1762227513128,132,95
1762227513131,133,95
1762227513137,134,96
1762227513144,136,97
1762227513149,137,99
1762227513156,139,100
1762227513164,139,101
1762227513170,143,102
1762227513176,145,104
1762227513182,149,105
1762227513188,152,107
1762227513194,155,109
1762227513200,159,111
1762227513206,163,112
1762227513212,167,114
1762227513218,171,117
1762227513224,176,120
1762227513230,182,123
1762227513236,189,129
1762227513242,199,136
1762227513249,212,144
1762227513255,223,149
1762227513261,233,156
1762227513267,243,161
1762227513273,258,166
1762227513279,267,171
1762227513285,278,174
1762227513291,291,179
1762227513297,301,185
1762227513303,313,189
1762227513310,327,193
1762227513316,338,199
1762227513322,350,204
1762227513328,362,208
1762227513334,375,212
1762227513340,385,217
1762227513346,395,220
1762227513352,405,225
1762227513358,416,229
1762227513364,421,231
1762227513370,429,234
1762227513376,437,239
1762227513382,442,241
1762227513388,449,243
1762227513394,454,246
1762227513400,458,249
1762227513406,462,252
1762227513413,464,253
1762227513419,467,254
1762227513424,470,257
1762227513431,472,259
1762227513437,475,261
1762227513443,477,263
1762227513449,480,266
1762227513455,482,269
1762227513461,483,272
1762227513467,486,274
1762227513473,488,278
1762227513479,490,283
1762227513485,491,285
1762227513491,493,288
1762227513497,495,292
1762227513503,495,296
1762227513509,497,302
1762227513515,498,308
1762227513521,498,310
1762227513528,498,315
1762227513534,498,319
1762227513540,498,323
1762227513546,498,327
1762227513552,498,334
1762227513558,496,342
1762227513564,495,348
1762227513571,494,351
1762227513576,493,355
1762227513582,492,359
1762227513588,489,364
1762227513594,489,367
1762227513600,488,370
1762227513606,487,374
1762227513612,485,376
1762227513618,482,380
1762227513624,480,384
1762227513630,479,387
1762227513637,476,391
1762227513643,475,395
1762227513649,474,398
1762227513655,472,400
1762227513661,472,401
1762227513667,471,404
1762227513673,468,407
1762227513679,466,410
1762227513685,465,412
1762227513691,464,415
1762227513697,463,417
1762227513703,463,418
1762227513709,461,421
1762227513715,461,423
1762227513721,460,424
1762227513728,459,424
1762227513733,458,425
1762227513740,458,427
1762227513746,456,429
1762227513752,454,432
1762227513760,453,433
1762227513764,453,434
1762227513770,451,436
1762227513776,451,437
1762227513782,451,439
1762227513788,450,440
1762227513794,449,440
1762227513800,448,442
1762227513809,448,443
1762227513813,447,444
1762227513818,446,447
1762227513824,445,448
1762227513843,444,449
1762227513849,444,450
1762227513855,443,451
1762227513861,443,452
1762227513871,441,452
1762227513874,441,453
1762227513915,441,454
1762227513934,440,455
1762227514000,439,455
1762227514007,438,456
1762227514013,435,456
1762227514019,434,456
1762227514024,433,456
1762227514030,430,456
1762227514037,429,457
1762227514042,427,457
1762227514049,425,457
1762227514055,424,457
1762227514061,422,457
1762227514067,419,457
1762227514073,415,457
1762227514079,413,457
1762227514085,409,457
1762227514091,404,455
1762227514097,398,455
1762227514103,393,453
1762227514109,385,451
1762227514115,380,450
1762227514121,372,449
1762227514127,364,448
1762227514133,357,446
1762227514140,348,444
1762227514146,341,442
1762227514152,328,439
1762227514158,315,434
1762227514164,306,431
1762227514170,301,430
1762227514176,292,428
1762227514182,291,427
1762227514188,288,427
1762227514194,285,426
1762227514219,284,426
1762227514238,284,425
1762227514245,284,424
1762227514249,283,423
1762227514255,282,423
1762227514261,281,422
1762227514267,279,422
1762227514273,279,420
1762227514284,277,420
1762227514287,276,419
1762227514291,276,418
1762227514297,276,417
1762227514303,276,416
1762227514309,276,414
1762227514316,273,412
1762227514322,272,410
1762227514327,269,409
1762227514334,267,406
1762227514340,264,403
1762227514346,263,400
1762227514352,259,396
1762227514358,258,392
1762227514364,252,386
1762227514370,249,382
1762227514377,243,377
1762227514383,236,370
1762227514388,230,366
1762227514394,224,361
1762227514400,220,355
1762227514406,215,350
1762227514412,209,345
1762227514418,204,340
1762227514424,197,334
1762227514430,190,327
1762227514436,184,320
1762227514442,178,315
1762227514448,171,309
1762227514454,166,303
1762227514460,161,298
1762227514466,158,294
1762227514472,155,290
1762227514478,151,285
1762227514484,149,284
1762227514490,149,280
1762227514496,145,278
1762227514502,144,275
1762227514508,143,273
1762227514514,141,270
1762227514520,139,268
1762227514526,138,265
1762227514533,137,264
1762227514539,135,261
1762227514545,135,259
1762227514551,134,257
1762227514557,133,256
1762227514563,133,254
1762227514570,132,253
1762227514576,131,251
1762227514581,130,250
1762227514600,130,249
1762227514618,130,248
1762227514624,129,247
1762227514630,128,247
1762227514636,128,245
1762227514647,127,244
1762227514657,127,243
1762227514662,127,242
1762227514669,127,240
1762227514675,127,239
1762227514682,127,238
1762227514689,127,237
1762227514693,127,235
1762227514700,127,234
1762227514705,127,233
1762227514712,127,232
1762227514717,127,230
1762227514721,127,229
1762227514727,127,228
1762227514734,127,226
1762227514739,127,225
1762227514745,127,224
1762227514751,127,223
1762227514758,128,221
1762227514763,129,220
1762227514769,132,218
1762227514775,136,218
1762227514782,144,215
1762227514788,151,214
1762227514794,164,212
1762227514800,180,208
1762227514806,203,205
1762227514813,229,202
1762227514819,255,196
1762227514825,280,195
1762227514831,307,194
1762227514837,336,194
1762227514843,363,194
1762227514849,388,194
1762227514855,413,192
1762227514861,439,190
1762227514867,460,189
1762227514873,487,187
1762227514879,507,187
1762227514885,525,187
1762227514891,543,186
1762227514897,560,186
1762227514903,577,186
1762227514909,593,186
1762227514915,605,186
1762227514922,617,186
1762227514927,627,186
1762227514934,635,186
1762227514940,637,186
1762227514946,643,186
1762227515011,645,187
1762227515015,646,188
1762227515021,650,190
1762227515026,653,192
1762227515031,659,196
1762227515037,664,199
1762227515043,668,202
1762227515049,674,206
1762227515055,678,208
1762227515061,681,209
1762227515067,684,212
1762227515073,689,215
1762227515079,691,216
1762227515085,694,219
1762227515092,695,219
1762227515097,697,221
1762227515103,698,223
1762227515109,699,224
1762227515115,702,226
1762227515121,703,227
1762227515127,706,230
1762227515133,707,231
1762227515139,708,231
1762227515145,711,233
1762227515151,712,233
1762227515157,715,235
1762227515163,716,235
1762227515170,719,236
1762227515175,722,236
1762227515182,724,236
1762227515188,726,237
1762227515194,730,239
1762227515200,732,239
1762227515206,734,239
1762227515212,736,239
1762227515218,738,239
1762227515224,739,239
1762227515230,741,239
1762227515236,743,239
1762227515242,744,238
1762227515248,745,237
1762227515254,748,235
1762227515261,749,233
1762227515266,751,230
1762227515272,752,228
1762227515279,754,223
1762227515285,755,223
1762227515291,758,218
1762227515297,758,216
1762227515303,759,213
1762227515309,759,211
1762227515317,760,211
1762227515323,761,210
1762227515327,761,209
1762227515333,761,208
1762227515339,761,206
1762227515345,762,204
1762227515351,763,203
1762227515357,763,201
1762227515363,763,200
1762227515369,764,197
1762227515376,764,196
1762227515461,764,195
1762227515480,763,196
1762227515486,763,197
1762227515491,762,197
1762227515497,761,198
1762227515569,761,200
1762227515618,759,207
1762227515646,758,207
1762227515662,758,208
1762227515695,757,209
1762227515711,757,211
1762227515728,757,216
1762227515746,757,223
1762227515764,757,230
1762227515780,757,236
1762227515798,756,243
1762227515814,756,249
1762227515832,755,256
1762227515848,754,257
1762227515948,754,256
1762227515966,754,249
1762227515984,757,235
1762227516002,758,219
1762227516020,758,208
1762227516038,760,199
1762227516056,760,195
1762227516127,761,195
1762227516145,762,208
1762227516163,762,220
1762227516182,762,233
1762227516201,762,245
1762227516218,762,248
1762227516235,762,250
1762227516343,762,249
1762227516367,762,242
1762227516384,762,234
1762227516401,762,227
1762227516417,763,222
1762227516524,764,223
1762227516547,766,236
1762227516565,767,247
1762227516581,768,252
1762227516601,768,255
1762227516618,769,256
1762227516683,769,255
1762227516704,771,242
1762227516723,771,228
1762227516741,773,215
1762227516760,773,208
1762227516776,775,204
1762227516792,776,203
1762227516894,776,204
1762227516913,776,214
1762227516930,777,225
1762227516950,778,235
1762227516968,778,243
1762227516998,778,244
1762227517110,778,242
1762227517132,778,234
1762227517149,778,229
1762227517166,778,224
1762227517183,777,218
1762227517200,777,213
1762227517217,777,211
1762227517347,777,212
1762227517365,777,216
1762227517383,778,224
1762227517399,778,228
1762227517416,778,233
1762227517432,778,237
1762227517449,779,240
1762227517533,780,240
1762227517555,780,229
1762227517572,780,216
1762227517589,780,210
1762227517610,780,203
1762227517687,780,201
1762227517708,780,202
1762227517726,781,209
1762227517743,784,220
1762227517760,786,228
1762227517778,787,234
1762227517795,788,239
1762227517811,788,241
1762227517828,788,243
1762227517904,788,242
1762227517927,785,228
1762227517945,781,215
1762227517962,780,206
1762227517980,779,202
1762227517996,778,199
1762227518014,777,198
1762227518030,775,196
1762227518094,775,198
1762227518114,778,208
1762227518132,782,220
1762227518151,786,232
1762227518168,789,237
1762227518184,790,240
1762227518201,792,241
1762227518218,793,241
1762227518322,793,240
1762227518349,793,226
1762227518368,793,215
1762227518386,793,209
1762227518402,793,208
1762227518482,793,210
1762227518504,795,224
1762227518522,795,238
1762227518539,795,246
1762227518555,795,250
1762227518641,795,249
1762227518668,791,234
1762227518685,789,226
1762227518702,789,221
1762227518719,789,217
1762227518735,789,214
1762227518752,789,213
1762227518863,789,214
1762227518887,793,224
1762227518905,796,232
1762227518923,798,239
1762227518940,800,242
1762227518961,800,244
1762227519018,800,243
1762227519037,799,232
1762227519053,797,218
1762227519069,797,208
1762227519087,797,200
1762227519102,797,195
1762227519182,797,196
1762227519200,799,204
1762227519219,802,216
1762227519239,805,227
1762227519258,808,237
1762227519275,808,241
1762227519292,808,243
1762227519376,809,243
1762227519399,807,233
1762227519417,805,220
1762227519434,803,210
1762227519452,802,205
1762227519469,801,203
1762227519506,801,202
1762227519573,801,203
1762227519593,805,212
1762227519611,810,221
1762227519628,813,226
1762227519645,814,230
1762227519732,815,230
1762227519756,814,216
1762227519775,813,203
1762227519794,810,193
1762227519813,808,187
1762227519830,806,186
1762227519846,805,186
1762227519890,805,188
1762227519908,806,198
1762227519926,811,209
1762227519944,814,216
1762227519961,817,221
1762227519978,817,224
1762227519996,817,225
1762227520082,816,225
1762227520103,808,222
1762227520122,801,213
1762227520140,796,205
1762227520157,792,198
1762227520174,791,197
1762227520317,791,199
1762227520336,791,208
1762227520355,791,214
1762227520372,791,218
1762227520390,790,221
1762227520414,790,222
1762227520432,789,222
1762227520452,788,222
1762227520470,787,222
1762227520488,783,222
1762227520505,778,222
1762227520523,770,222
1762227520541,767,220
1762227520559,760,215
1762227520578,754,212
1762227520598,749,208
1762227520614,745,204
1762227520632,744,203
1762227520650,743,201
1762227520691,742,201
1762227520732,742,202
1762227520750,742,210
1762227520776,741,220
1762227520794,741,225
1762227520811,741,228
1762227520828,741,229
1762227521041,741,229
1762227521063,741,230
1762227521068,740,231
1762227521070,739,231
1762227521077,738,233
1762227521083,737,233
1762227521091,736,234
1762227521097,736,235
1762227521104,734,236
1762227521109,734,237
1762227521117,733,239
1762227521122,732,240
1762227521127,732,243
1762227521133,732,244
1762227521139,731,248
1762227521145,730,253
1762227521151,728,258
1762227521157,727,266
1762227521163,726,275
1762227521169,725,283
1762227521176,723,291
1762227521182,722,298
1762227521188,722,307
1762227521194,720,315
1762227521200,720,322
1762227521206,720,330
1762227521212,720,338
1762227521218,720,347
1762227521224,719,354
1762227521230,719,363
1762227521236,718,368
1762227521242,718,376
1762227521248,715,383
1762227521254,715,389
1762227521260,712,398
1762227521266,711,404
1762227521272,710,409
1762227521279,707,416
1762227521285,704,422
1762227521291,701,429
1762227521297,699,436
1762227521303,697,443
1762227521310,694,449
1762227521316,693,455
1762227521322,691,460
1762227521328,686,469
1762227521334,684,474
1762227521340,683,480
1762227521346,680,486
1762227521352,679,490
1762227521358,678,494
1762227521364,678,498
1762227521370,677,503
1762227521376,675,506
1762227521382,674,509
1762227521388,673,513
1762227521394,673,515
1762227521401,672,517
1762227521406,672,521
1762227521413,672,523
1762227521418,672,526
1762227521426,671,530
1762227521431,671,531
1762227521437,669,535
1762227521443,669,539
1762227521448,666,543
1762227521454,664,547
1762227521460,659,553
1762227521466,655,557
1762227521473,648,561
1762227521479,641,565
1762227521485,633,569
1762227521491,622,575
1762227521497,612,580
1762227521503,601,585
1762227521510,590,588
1762227521516,580,594
1762227521522,568,598
1762227522673,395,598
1762227522679,398,592
1762227522685,401,586
1762227522691,404,579
1762227522697,406,574
1762227522704,411,565
1762227522710,412,557
1762227522716,416,548
1762227522722,418,538
1762227522728,419,525
1762227522734,419,513
1762227522740,417,497
1762227522746,411,479
1762227522752,401,457
1762227522758,393,438
1762227522764,383,419
1762227522770,375,402
1762227522782,357,365
1762227522788,350,347
1762227522794,344,333
1762227522800,337,315
1762227522807,335,299
1762227522813,332,284
1762227522819,332,270
1762227522825,332,256
1762227522831,332,244
1762227522837,332,232
1762227522843,332,221
1762227522849,333,210
1762227522855,336,200
1762227522861,339,190
1762227522867,342,182
1762227522873,344,171
1762227522879,348,159
1762227522885,351,152
1762227522891,352,146
1762227522897,353,142
1762227522903,354,136
1762227522946,355,133
1762227522971,359,132
1762227522977,363,132
1762227522982,370,132
1762227522988,376,136
1762227522995,381,140
1762227523000,390,147
1762227523006,398,152
1762227523012,405,156
1762227523015,407,158
1762227523019,409,158
1762227523025,413,164
1762227523031,415,171
1762227523037,418,176
1762227523043,420,180
1762227523049,421,184
1762227523055,422,187
1762227523061,425,192
1762227523067,426,196
1762227523073,426,198
1762227523079,427,202
1762227523085,429,208
1762227523091,429,210
1762227523097,430,214
1762227523103,430,218
1762227523109,430,220
1762227523115,430,222
1762227523121,430,223
1762227523128,430,226
1762227523133,430,227
1762227523141,430,229
1762227523158,430,230
1762227523168,430,231
1762227523172,430,232
1762227523180,430,234
1762227523185,430,235
1762227523188,430,236
1762227523195,430,238
1762227523201,430,239
1762227523206,430,241
1762227523212,430,242
1762227523218,430,245
1762227523224,430,247
1762227523230,430,250
1762227523237,430,252
1762227523243,430,254
1762227523249,430,256
1762227523255,430,258
1762227523261,430,262
1762227523267,430,265
1762227523273,430,267
1762227523280,430,270
1762227523285,430,275
1762227523291,430,276
1762227523297,430,281
1762227523303,430,285
1762227523310,430,289
1762227523316,430,294
1762227523322,430,299
1762227523328,430,303
1762227523334,431,309
1762227523340,432,314
1762227523346,432,318
1762227523352,432,322
1762227523358,432,327
1762227523364,432,331
1762227523371,432,335
1762227523376,433,338
1762227523382,433,341
1762227523388,433,346
1762227523394,434,349
1762227523400,434,352
1762227523406,434,356
1762227523412,434,360
1762227523418,434,363
1762227523424,434,366
1762227523431,435,369
1762227523436,437,373
1762227523443,437,376
1762227523449,439,379
1762227523455,439,382
1762227523461,440,385
1762227523467,441,386
1762227523473,441,389
1762227523480,444,392
1762227523486,444,395
1762227523491,444,396
1762227523497,445,400
1762227523503,446,401
1762227523509,446,402
1762227523515,448,405
1762227523521,448,407
1762227523528,448,408
1762227523534,449,411
1762227523540,450,413
1762227523546,451,417
1762227523552,451,418
1762227523558,453,420
1762227523564,455,422
1762227523571,456,425
1762227523576,458,427
1762227523582,458,431
1762227523588,460,434
1762227523594,460,436
1762227523600,462,437
1762227523606,463,439
1762227523612,465,442
1762227523619,466,444
1762227523624,467,446
1762227523631,469,449
1762227523636,471,451
1762227523643,471,452
1762227523649,472,454
1762227523655,474,458
1762227523661,475,460
1762227523667,477,464
1762227523673,479,466
1762227523679,481,470
1762227523685,482,473
1762227523691,483,474
1762227523697,483,475
1762227523704,484,476
1762227523709,487,479
1762227523716,487,481
1762227523721,490,486
1762227523728,490,488
1762227523734,493,490
1762227523740,494,492
1762227523746,495,495
1762227523753,495,496
1762227523758,496,498
1762227523764,497,500
1762227523770,498,500
1762227523776,498,501
1762227523782,498,502
1762227523788,500,504
1762227523795,500,506
1762227523801,502,507
1762227523806,502,509
1762227523813,503,511
1762227523818,503,513
1762227523825,504,514
1762227523831,504,516
1762227523837,506,520
1762227523842,507,522
1762227523849,507,524
1762227523855,508,527
1762227523861,509,530
1762227523867,509,535
1762227523873,510,541
1762227523879,511,545
1762227523885,512,550
1762227523891,513,556
1762227523897,513,558
1762227523903,513,564
1762227523910,513,569
1762227523915,513,573
1762227523922,513,578
1762227523927,513,583
1762227523934,513,589
1762227523940,511,594
1762227523946,510,597
1762227525031,474,597
1762227525037,478,586
1762227525043,481,574
1762227525049,484,560
1762227525055,488,544
1762227525061,490,525
1762227525067,490,503
1762227525073,490,478
1762227525079,490,456
1762227525085,490,437
1762227525091,488,416
1762227525097,485,400
1762227525103,482,383
1762227525110,479,371
1762227525115,477,365
1762227525121,474,358
1762227525127,474,356
1762227525133,474,355
1762227525216,473,354
1762227525226,473,353
1762227525231,473,351
1762227525237,473,348
1762227525243,473,345
1762227525249,475,343
1762227525255,476,340
1762227525261,478,338
1762227525267,481,335
1762227525274,484,331
1762227525280,485,329
1762227525285,488,326
1762227525291,489,324
1762227525297,493,321
1762227525303,495,318
1762227525309,499,313
1762227525315,501,308
1762227525322,504,306
1762227525328,508,301
1762227525334,511,297
1762227525340,514,292
1762227525346,516,288
1762227525352,518,284
1762227525358,521,280
1762227525364,523,277
1762227525370,524,274
1762227525376,525,273
1762227525382,525,270
1762227525388,526,269
1762227525394,527,268
1762227525400,529,266
1762227525407,529,265
1762227525424,529,264
1762227525617,529,263
1762227525622,528,263
1762227525627,525,263
1762227525631,522,263
1762227525637,516,263
1762227525643,514,263
1762227525649,510,263
1762227525655,506,264
1762227525661,503,264
1762227525667,499,264
1762227525673,497,265
1762227525679,494,266
1762227525685,493,266
1762227525691,491,266
1762227525698,490,266
1762227525704,488,266
1762227525709,488,267
1762227525715,484,268
1762227525721,483,268
1762227525727,480,268
1762227525734,477,269
1762227525739,473,269
1762227525746,471,269
1762227525752,468,269
1762227525758,464,270
1762227525764,462,271
1762227525770,459,272
1762227525776,456,272
1762227525782,454,272
1762227525788,454,273
1762227525794,452,273
1762227525800,451,274
1762227525806,450,274
1762227525813,448,274
1762227525819,448,275
1762227525825,447,275
1762227525830,446,275
1762227525849,445,275
1762227525855,443,276
1762227525861,442,277
1762227525867,441,277
1762227525879,439,277
1762227525885,438,278
1762227525891,437,278
1762227525895,436,278
1762227525915,435,279
1762227525921,433,279
1762227525975,432,279
1762227525985,430,279
1762227525992,429,280
1762227526001,428,280
1762227526007,427,280
1762227526012,426,280
1762227526523,425,280
1762227526530,422,282
1762227526537,417,284
1762227526540,416,285
1762227526546,412,286
1762227526552,410,287
1762227526558,405,288
1762227526564,403,290
1762227526570,401,290
1762227526576,399,292
1762227526583,397,292
1762227526588,396,292
1762227526594,396,293
1762227526600,395,295
1762227526606,394,295
1762227526612,392,295
1762227526619,391,296
1762227526624,389,298
1762227526631,389,299
1762227526637,387,300
1762227526643,385,302
1762227526649,383,305
1762227526655,382,307
1762227526661,381,311
1762227526667,379,314
1762227526673,378,317
1762227526679,377,320
1762227526685,376,323
1762227526691,376,327
1762227526697,375,330
1762227526703,374,333
1762227526709,373,335
1762227526715,373,339
1762227526721,372,343
1762227526728,372,348
1762227526734,372,352
1762227526740,372,357
1762227526746,374,365
1762227526752,374,371
1762227526758,376,377
1762227526764,379,384
1762227526770,382,393
1762227526776,385,400
1762227526782,388,408
1762227526788,391,413
1762227526794,395,421
1762227526800,397,427
1762227526806,400,434
1762227526812,401,439
1762227526818,405,445
1762227526824,407,450
1762227526831,410,455
1762227526837,411,460
1762227526842,413,464
1762227526849,415,465
1762227526855,416,468
1762227526861,416,469
1762227526867,416,471
1762227526873,416,472
1762227526879,416,476
1762227526885,416,480
1762227526891,417,483
1762227526897,418,486
1762227526903,419,492
1762227526909,421,497
1762227526915,421,501
1762227526921,422,505
1762227526927,422,506
1762227526933,422,509
1762227526940,422,510
1762227526946,422,512
1762227526952,422,513
1762227526958,422,514
1762227526964,422,517
1762227526970,422,519
1762227526976,422,523
1762227526982,422,524
1762227526988,422,527
1762227526994,422,528
1762227527001,422,529
1762227527006,421,532
1762227527014,421,534
1762227527019,421,537
1762227527024,421,539
1762227527031,421,543
1762227527036,421,546
1762227527043,421,548
1762227527049,421,549
1762227527055,421,553
1762227527061,421,556
1762227527067,421,560
1762227527073,422,564
1762227527079,423,567
1762227527085,424,571
1762227527091,426,575
1762227527097,428,578
1762227527103,428,582
1762227527109,431,586
1762227527115,435,592
1762227527122,436,594
1762227527128,438,595
-1,-1,-1
1762227417218,93,39
1762227417344,93,38
1762227417353,93,37
1762227417369,94,37
1762227417376,95,36
1762227417385,95,35
1762227417389,95,34
1762227417398,95,33
1762227417412,96,32
1762227417418,97,32
1762227417424,97,31
1762227417430,98,30
1762227417448,98,29
1762227417474,98,28
1762227417479,99,27
1762227417622,100,26
1762227417636,101,24
1762227417654,102,24
1762227417676,103,23
1762227417702,104,23
1762227417711,105,22
1762227417727,106,21
1762227417745,107,20
1762227417770,108,19
1762227417788,109,19
1762227417794,110,19
1762227417838,111,19
1762227417847,113,19
1762227417871,114,19
1762227417891,115,19
1762227417897,117,19
1762227417930,118,19
1762227417945,119,19
1762227417964,120,19
1762227417970,122,19
1762227417988,123,19
1762227418006,124,19
1762227418012,125,19
1762227418023,127,19
1762227418033,127,20
1762227418048,127,21
1762227418066,128,22
1762227418073,129,23
1762227418080,129,24
1762227418097,130,24
1762227418123,131,25
1762227418130,131,26
1762227418133,131,27
1762227418151,132,28
1762227418162,132,29
1762227418167,134,29
1762227418182,135,30
1762227418201,135,31
1762227418222,135,32
1762227418236,136,32
1762227418246,136,33
1762227418282,137,33
1762227418818,111,45
1762227419101,112,45
1762227419306,112,46
1762227419317,113,46
1762227419325,115,46
1762227419339,116,46
1762227419349,117,46
1762227419374,119,46
1762227419419,120,46
1762227419425,121,46
1762227419434,122,46
1762227419454,123,47
1762227419497,124,47
1762227419652,123,47
1762227419660,121,47
1762227419667,120,47
1762227419672,118,47
1762227419679,117,47
1762227419685,116,47
1762227419691,115,47
1762227419698,113,47
1762227419703,112,47
1762227419714,111,47
1762227419735,109,47
1762227419739,108,47
1762227419745,107,47
1762227419751,106,47
1762227420078,107,47
1762227420095,108,47
1762227420103,109,47
1762227420112,111,47
1762227420115,112,47
1762227420123,113,47
1762227420127,115,47
1762227420133,116,47
1762227420139,117,47
1762227420151,118,47
1762227420157,120,47
1762227420166,121,47
1762227420182,122,47
1762227420204,124,47
1762227420217,125,47
1762227420243,126,47
1762227420385,127,47
1762227420504,128,48
1762227421418,114,72
1762227421443,115,73
1762227421493,116,73
1762227421550,117,73
1762227421569,118,73
1762227421588,120,73
1762227421860,118,73
1762227421873,117,73
1762227421881,116,74
1762227421887,115,74
1762227421892,113,74
1762227421902,112,74
1762227421914,111,74
1762227421921,110,74
1762227421968,108,74
1762227421978,107,74
1762227421986,106,74
1762227422067,107,74
1762227422073,108,74
1762227422083,108,73
1762227422091,108,72
1762227422097,109,72
1762227422103,110,71
1762227422131,111,71
1762227422145,112,71
1762227422151,113,71
1762227422160,114,71
1762227422182,115,70
1762227422188,116,70
1762227422198,117,70
1762227422206,118,70
1762227422224,120,70
1762227422243,121,70
1762227422323,121,71
1762227422368,121,72
1762227422378,121,73
1762227422394,121,74
1762227422412,121,76
1762227422419,120,77
1762227422470,119,78
1762227422473,118,79
1762227422485,117,79
1762227422519,116,79
1762227422528,115,79
1762227422545,113,79
1762227422551,112,79
1762227422557,111,79
1762227422575,110,79
1762227422655,109,79
1762227422672,109,78
1762227422691,109,77
1762227422700,110,76
1762227422715,111,76
1762227422755,112,76
1762227422818,113,76
1762227426298,147,51
1762227426395,147,52
1762227426400,147,53
1762227426425,147,54
1762227426430,146,56
1762227426436,146,57
1762227426442,144,58
1762227426448,144,59
1762227426454,144,61
1762227426460,143,61
1762227426466,143,62
1762227426475,143,63
1762227426484,143,64
1762227426490,142,65
1762227426509,142,67
1762227426515,141,67
1762227426534,140,67
1762227426539,139,68
1762227427595,90,54
1762227427650,90,55
1762227427656,90,56
1762227427662,90,58
1762227427668,90,59
1762227427675,90,60
1762227427680,90,62
1762227427686,90,63
1762227427691,90,65
1762227427697,90,66
1762227427703,90,67
1762227427709,91,68
1762227427727,92,68
1762227427745,92,69
1762227432764,52,305
1762227432868,51,306
1762227432878,50,306
1762227432886,50,305
1762227432890,49,304
1762227432896,49,302
1762227432902,48,300
1762227432909,48,298
1762227432915,47,298
1762227432921,47,295
1762227432927,47,294
1762227432933,46,292
1762227432939,46,290
1762227432945,46,289
1762227432994,46,288
1762227433000,46,287
1762227433018,48,287
1762227433025,49,287
1762227433030,50,287
1762227433036,51,288
1762227433042,53,290
1762227433048,54,292
1762227433054,56,294
1762227433060,56,295
1762227433066,56,298
1762227433072,56,299
1762227433078,56,300
1762227433084,56,302
1762227433103,56,303
1762227433112,56,304
1762227433127,56,305
1762227433191,56,306
1762227433212,55,306
1762227433218,54,306
1762227433224,52,306
1762227433230,51,306
1762227433236,50,306
1762227433244,49,306
1762227433249,47,306
1762227433266,45,306
1762227433273,44,305
1762227433279,44,304
1762227433285,43,303
1762227433296,43,302
1762227433302,42,302
1762227433323,42,301
1762227433327,42,299
1762227433333,41,299
1762227433339,41,298
1762227433359,41,297
1762227433406,41,296
1762227433412,41,295
1762227433418,42,295
1762227433425,43,295
1762227433432,44,295
1762227433448,46,295
1762227433457,47,295
1762227433478,48,295
1762227433546,49,295
1762227433552,49,296
1762227433562,49,297
1762227433581,49,298
1762227433599,48,298
1762227433618,47,298
1762227433656,45,298
1762227433672,44,298
1762227433691,42,298
1762227433709,41,297
1762227433715,41,296
1762227433721,41,295
1762227433733,41,293
1762227433751,41,292
1762227433757,41,289
1762227433789,41,288
1762227433818,42,288
1762227433828,43,288
1762227433838,44,288
1762227433842,46,288
1762227433848,47,288
1762227433857,48,288
1762227433861,50,288
1762227433866,51,288
1762227433872,52,289
1762227433948,53,290
1762227433984,53,291
1762227433998,53,292
1762227434134,53,293
1762227434183,52,294
1762227435900,58,285
1762227435955,57,285
1762227436010,56,285
1762227436030,55,285
1762227436036,53,285
1762227436043,52,285
1762227436052,52,284
1762227436054,51,282
1762227436060,50,281
1762227436066,49,278
1762227436073,48,277
1762227436078,47,275
1762227436084,47,272
1762227436097,47,270
1762227436102,47,268
1762227436109,47,267
1762227436115,47,266
1762227436121,47,264
1762227436127,47,262
1762227436135,47,261
1762227436144,47,259
1762227436151,47,258
1762227436157,46,258
1762227436163,46,256
1762227436169,46,254
1762227436175,46,253
1762227436181,46,252
1762227436187,46,251
1762227436193,46,249
1762227436200,46,248
1762227436206,46,247
1762227436212,46,245
1762227436218,46,244
1762227436228,46,243
1762227436248,46,242
1762227436254,46,240
1762227436260,46,239
1762227436270,46,238
1762227436278,46,237
1762227436284,46,235
1762227436302,46,234
1762227436311,46,233
1762227436395,46,232
1762227436406,49,232
1762227436412,50,232
1762227436418,51,233
1762227436425,52,234
1762227436430,52,235
1762227436436,53,236
1762227436442,54,239
1762227436448,54,240
1762227436454,54,242
1762227436460,55,243
1762227436466,55,244
1762227436474,55,245
1762227436496,55,247
1762227436503,55,248
1762227436521,55,249
1762227436527,54,251
1762227436533,53,251
1762227436539,52,252
1762227436545,50,254
1762227436551,49,254
1762227436557,47,255
1762227436563,46,256
1762227436571,45,256
1762227436575,45,257
1762227436594,44,257
1762227436615,42,257
1762227436624,41,257
1762227436630,39,256
1762227436637,38,255
1762227436642,38,254
1762227436648,37,253
1762227436654,36,251
1762227436660,36,250
1762227436666,35,249
1762227436672,35,248
1762227436678,35,245
1762227436684,35,244
1762227436690,35,243
1762227436696,35,242
1762227436702,35,240
1762227436708,35,239
1762227436715,35,238
1762227436721,35,237
1762227436732,35,235
1762227436739,35,234
1762227436746,36,233
1762227436763,36,232
1762227436769,38,231
1762227436775,39,230
1762227436781,40,229
1762227436788,40,228
1762227436794,40,227
1762227436802,40,226
1762227436818,40,224
1762227436872,40,223
1762227436884,40,222
1762227436890,40,221
1762227436908,41,221
1762227436915,41,219
1762227436921,42,218
1762227436928,42,217
1762227436933,43,216
1762227437037,43,214
1762227437043,44,214
1762227437170,44,213
1762227437187,43,213
1762227437193,43,212
1762227437748,103,141
1762227437763,103,142
1762227437771,102,143
1762227437778,101,143
1762227437788,100,143
1762227437809,98,143
1762227437820,98,144
1762227437842,98,146
1762227437848,97,146
1762227437870,96,146
1762227437880,96,147
1762227437884,95,147
1762227437890,93,149
1762227437896,93,151
1762227437915,92,152
1762227437921,92,153
1762227437927,92,154
1762227437933,91,155
1762227437951,91,157
1762227437975,91,158
1762227437981,91,159
1762227437987,91,160
1762227437993,92,161
1762227437999,93,161
1762227438005,94,161
1762227438024,98,161
1762227438032,99,161
1762227438037,101,161
1762227438042,102,161
1762227438048,103,161
1762227438057,104,161
1762227438066,107,161
1762227438077,108,160
1762227438086,109,160
1762227438091,111,160
1762227438100,112,160
1762227438108,114,159
1762227438120,114,158
1762227438127,115,158
1762227438133,116,157
1762227438139,117,157
1762227438204,118,156
1762227438216,118,154
1762227438224,119,153
1762227438230,121,152
1762227438236,122,151
1762227438242,123,150
1762227438248,123,149
1762227438267,123,148
1762227438290,123,147
1762227438298,122,147
1762227438302,121,147
1762227438308,121,146
1762227438315,118,146
1762227438321,116,146
1762227438327,112,146
1762227438333,108,146
1762227438339,104,146
1762227438345,99,146
1762227438351,94,146
1762227438357,91,146
1762227438363,87,146
1762227438369,86,146
1762227438375,83,146
1762227438381,82,146
1762227438389,81,146
1762227438398,80,146
1762227438408,78,147
1762227438412,77,148
1762227438418,76,148
1762227438424,76,149
1762227438439,76,151
1762227438524,77,151
1762227438533,78,151
1762227438539,80,151
1762227438545,82,151
1762227438551,85,151
1762227438557,86,151
1762227438563,88,152
1762227438569,90,154
1762227438575,92,154
1762227438583,93,154
1762227438587,93,155
1762227438593,94,155
1762227438599,96,155
1762227438606,98,155
1762227438616,100,155
1762227438651,101,155
1762227438672,102,155
1762227438679,103,155
1762227438685,104,155
1762227438690,105,154
1762227438696,107,153
1762227438703,108,153
1762227438708,110,150
1762227438715,112,150
1762227438740,113,150
1762227438757,114,149
1762227438801,113,149
1762227438807,112,149
1762227438812,110,149
1762227438823,109,149
1762227438827,108,149
1762227438831,106,149
1762227438842,105,149
1762227438848,103,150
1762227438967,102,151
1762227438980,102,152
1762227438999,102,153
1762227439006,103,154
1762227439107,103,153
1762227439114,103,150
1762227439121,103,149
1762227439127,103,148
1762227439133,103,147
1762227439139,101,147
1762227439145,100,146
1762227439157,99,146
1762227439163,98,146
1762227439216,96,145
1762227439267,95,145
1762227439284,95,146
1762227439290,95,148
1762227439296,93,151
1762227439302,91,154
1762227439321,91,156
1762227439327,91,157
1762227439333,91,158
1762227439363,91,159
1762227439381,91,160
1762227439399,93,160
1762227439418,94,160
1762227439424,95,160
1762227439430,96,160
1762227439436,98,160
1762227439442,99,160
1762227439448,101,158
1762227439454,104,157
1762227439458,107,157
1762227440989,130,140
1762227441034,130,139
1762227441042,130,138
1762227441048,130,137
1762227441149,130,138
1762227441159,129,139
1762227441165,128,140
1762227441169,128,142
1762227441176,128,143
1762227441181,128,146
1762227441187,127,148
1762227441193,127,149
1762227441200,127,151
1762227441206,126,153
1762227441212,126,154
1762227441218,126,155
1762227441224,126,158
1762227441269,126,159
1762227441273,127,160
1762227441284,128,160
1762227441290,129,160
1762227441296,131,160
1762227441305,132,160
1762227441315,133,160
1762227441320,136,160
1762227441332,137,160
1762227441339,138,160
1762227441345,140,160
1762227441351,141,160
1762227441357,142,160
1762227441364,143,160
1762227441374,145,160
1762227441381,146,159
1762227441407,147,159
1762227441418,148,159
1762227441471,149,159
1762227441478,149,158
1762227441484,149,155
1762227441490,149,154
1762227441496,149,153
1762227441502,149,151
1762227441509,149,150
1762227441515,149,149
1762227441521,149,146
1762227441527,149,145
1762227441533,148,144
1762227441539,147,143
1762227441545,147,142
1762227441557,146,141
1762227441563,145,140
1762227441581,142,140
1762227441592,142,139
1762227441597,141,139
1762227441602,140,139
1762227441612,139,139
1762227441617,137,139
1762227441651,136,139
1762227441674,135,139
1762227441686,134,139
1762227441702,133,139
1762227441721,132,139
1762227441748,132,141
1762227441755,131,142
1762227443388,103,277
1762227443400,102,275
1762227443446,101,275
1762227443466,99,275
1762227443475,98,275
1762227443486,97,275
1762227443492,95,275
1762227443514,94,275
1762227443520,93,275
1762227443531,92,275
1762227443551,91,275
1762227443589,89,275
1762227443626,89,276
1762227443636,89,277
1762227443642,91,277
1762227443648,91,278
1762227443654,92,279
1762227443660,93,280
1762227443666,94,282
1762227443672,96,283
1762227443678,97,283
1762227443684,98,284
1762227443691,98,285
1762227443696,99,285
1762227443708,101,286
1762227443714,101,287
1762227443722,102,287
1762227443727,104,287
1762227443733,105,287
1762227443739,106,287
1762227443745,107,287
1762227443751,107,288
1762227443757,110,288
1762227443763,111,288
1762227443769,112,288
1762227443775,114,288
1762227443781,117,288
1762227443789,119,288
1762227443793,120,286
1762227443799,122,286
1762227443805,125,285
1762227443811,126,284
1762227443817,127,282
1762227443823,129,281
1762227443830,130,281
1762227443836,132,280
1762227443842,132,279
1762227443848,133,277
1762227443857,134,276
1762227443866,135,275
1762227443873,136,274
1762227443879,136,273
1762227443886,136,272
1762227443893,136,271
1762227443902,136,269
1762227443909,135,269
1762227443915,134,268
1762227443933,132,267
1762227443939,131,267
1762227443945,130,267
1762227443951,129,265
1762227443957,128,265
1762227443963,126,265
1762227443969,124,264
1762227443975,123,264
1762227443984,121,264
1762227443988,120,264
1762227443993,119,264
1762227443999,118,264
1762227444005,114,264
1762227444012,111,264
1762227444018,109,264
1762227444024,106,264
1762227444030,104,264
1762227444036,102,264
1762227444042,101,264
1762227444048,100,264
1762227444061,99,264
1762227444084,97,264
1762227444091,97,265
1762227444100,96,266
1762227444108,95,268
1762227444118,94,269
1762227444122,94,270
1762227444136,94,271
1762227444140,94,272
1762227444151,94,273
1762227444160,95,274
1762227444169,96,275
1762227444175,96,276
1762227444181,98,277
1762227444187,99,277
1762227444194,100,277
1762227444201,101,277
1762227444211,103,277
1762227444217,104,277
1762227444224,105,278
1762227444231,106,278
1762227444238,107,278
1762227444242,109,278
1762227444248,110,278
1762227444254,111,278
1762227444266,114,278
1762227444272,115,278
1762227444279,116,278
1762227444296,117,278
1762227444304,118,278
1762227444312,119,278
1762227444316,119,277
1762227444322,121,276
1762227444335,121,275
1762227444345,121,274
1762227444351,122,274
1762227444357,122,272
1762227444382,122,271
1762227444391,122,270
1762227444400,122,269
1762227444405,121,267
1762227444430,120,265
1762227444454,118,265
1762227444463,117,265
1762227444484,116,265
1762227444508,115,265
1762227444533,114,265
1762227444544,114,266
1762227444554,114,268
1762227444558,114,269
1762227444569,114,270
1762227444575,114,273
1762227444582,114,274
1762227444589,114,275
1762227444595,115,276
1762227444599,116,277
1762227444606,117,278
1762227444623,118,279
1762227444630,120,280
1762227444636,122,281
1762227444642,124,281
1762227444648,125,282
1762227444654,127,282
1762227444666,128,282
1762227444671,130,282
1762227444676,132,282
1762227444684,134,282
1762227444690,136,282
1762227444696,137,282
1762227444702,139,282
1762227444708,140,282
1762227444714,143,282
1762227444721,144,282
1762227444727,145,282
1762227444734,147,282
1762227444739,148,281
1762227444745,150,281
1762227444757,151,280
1762227444763,153,280
1762227444781,154,280
1762227444824,155,280
1762227444836,155,277
1762227444842,154,276
1762227444848,154,273
1762227444854,152,273
1762227444860,152,272
1762227444866,150,269
1762227444872,149,268
1762227444878,147,268
1762227444884,147,267
1762227444890,146,266
1762227444896,144,266
1762227444908,143,266
1762227444914,142,266
1762227444920,141,266
1762227444928,139,266
1762227444940,138,266
1762227444945,137,266
1762227444951,135,266
1762227444963,134,266
1762227444969,132,267
1762227444975,131,268
1762227444999,130,268
1762227445005,128,269
1762227445012,128,271
1762227445018,126,274
1762227445024,125,275
1762227445030,125,276
1762227445036,125,278
1762227445042,125,279
1762227445060,126,279
1762227445066,127,279
1762227445072,129,281
1762227445078,130,281
1762227445084,131,281
1762227445090,132,281
1762227445099,134,282
1762227445104,135,282
1762227445109,136,282
1762227445115,136,283
1762227445121,137,283
1762227445127,139,283
1762227445139,141,283
1762227445145,143,283
1762227445154,144,283
1762227445168,145,283
1762227445180,146,282
1762227445205,147,281
1762227445211,147,280
1762227445218,148,279
1762227445223,148,277
1762227445230,148,276
1762227445236,148,274
1762227445242,147,274
1762227445248,145,272
1762227445266,144,271
1762227445272,143,271
1762227445278,141,271
1762227445284,139,270
1762227445296,138,270
1762227445303,136,270
1762227445933,142,147
1762227445938,142,148
1762227445948,141,148
1762227445954,141,149
1762227445969,139,150
1762227445975,138,150
1762227445992,136,152
1762227446017,134,152
1762227446023,133,154
1762227446030,132,154
1762227446036,129,154
1762227446042,128,154
1762227446048,127,154
1762227446054,126,153
1762227446066,125,153
1762227446072,123,153
1762227446078,121,151
1762227446084,119,150
1762227446093,118,150
1762227446099,117,149
1762227446104,116,148
1762227446111,115,146
1762227446117,114,145
1762227446123,113,144
1762227446129,112,144
1762227446135,112,143
1762227446141,111,143
1762227446147,111,142
1762227446169,111,140
1762227446193,111,139
1762227446205,111,138
1762227446212,110,137
1762227446266,111,137
1762227446273,112,137
1762227446281,113,136
1762227446287,114,136
1762227446293,115,136
1762227446298,117,136
1762227446305,118,136
1762227446310,119,136
1762227446321,121,136
1762227446330,122,136
1762227446339,123,136
1762227446347,124,136
1762227446352,126,136
1762227446365,127,136
1762227446375,128,137
1762227446381,129,138
1762227446387,129,139
1762227446393,131,141
1762227446399,131,142
1762227446405,132,142
1762227446411,133,143
1762227446417,133,144
1762227446424,133,145
1762227446436,134,145
1762227446454,136,145
1762227446472,137,145
1762227446588,137,146
1762227446596,137,147
1762227446603,132,147
1762227446611,128,148
1762227446618,123,148
1762227446625,120,148
1762227446631,117,149
1762227446637,115,149
1762227446644,114,149
1762227446650,113,149
1762227446665,112,149
1762227446676,110,149
1762227446682,109,149
1762227446688,108,149
1762227446696,106,149
1762227446710,105,149
1762227446716,104,149
1762227446722,103,149
1762227446733,101,149
1762227446745,99,149
1762227446751,98,149
1762227446775,96,149
1762227446815,96,147
1762227446822,96,146
1762227446830,96,145
1762227446838,96,144
1762227446845,96,140
1762227446852,97,139
1762227446858,98,139
1762227446864,98,138
1762227446871,100,136
1762227446877,102,136
1762227446883,103,135
1762227446890,104,135
1762227446896,105,135
1762227446908,108,135
1762227446914,109,135
1762227446921,110,135
1762227446927,114,135
1762227446939,117,135
1762227446945,118,135
1762227446957,121,135
1762227446963,121,134
1762227446989,122,133
1762227446995,122,134
1762227447002,123,135
1762227447008,125,137
1762227447015,127,138
1762227447022,128,140
1762227447028,129,141
1762227447048,131,144
1762227447058,132,145
1762227447064,132,146
1762227447073,132,147
1762227447085,132,149
1762227453439,751,345
1762227453493,751,346
1762227453499,751,347
1762227453507,751,350
1762227453514,751,351
1762227453519,751,353
1762227453526,751,354
1762227453532,751,356
1762227453538,751,359
1762227453544,751,360
1762227453550,751,361
1762227453557,751,365
1762227453563,751,366
1762227453569,751,369
1762227453575,751,372
1762227453581,751,373
1762227453587,751,375
1762227453594,751,378
1762227453600,751,379
1762227453606,751,382
1762227453612,751,384
1762227453623,751,386
1762227453630,751,387
1762227453646,751,388
1762227453673,751,389
1762227453706,751,391
1762227453713,752,391
1762227453857,753,391
1762227453868,754,388
1762227453876,754,384
1762227453882,754,380
1762227453889,754,376
1762227453896,754,373
1762227453903,754,367
1762227453914,754,362
1762227453920,754,360
1762227453926,754,359
1762227453933,754,356
1762227453939,754,355
1762227453945,754,353
1762227453952,754,351
1762227453963,754,350
1762227453969,754,348
1762227453976,754,346
1762227453982,754,345
1762227453989,754,342
1762227453996,753,342
1762227454011,753,341
1762227454138,753,342
1762227454146,753,346
1762227454154,753,349
1762227454161,754,354
1762227454167,754,359
1762227454174,754,363
1762227454181,756,370
1762227454189,756,375
1762227454196,756,380
1762227454203,756,384
1762227454210,756,388
1762227454216,756,390
1762227454223,756,393
1762227454230,756,394
1762227454236,756,397
1762227454242,756,398
1762227454249,756,399
1762227454255,756,401
1762227454262,756,402
1762227454272,756,403
1762227454278,756,405
1762227454410,757,406
1762227454422,758,405
1762227454430,759,401
1762227454436,759,400
1762227454443,759,397
1762227454450,760,393
1762227454457,760,389
1762227454464,760,385
1762227454470,760,381
1762227454477,762,375
1762227454485,762,372
1762227454492,762,368
1762227454500,762,364
1762227454507,762,360
1762227454514,762,357
1762227454521,763,354
1762227454528,763,351
1762227454534,763,348
1762227454541,763,345
1762227454548,763,342
1762227454555,763,339
1762227454562,763,336
1762227454568,763,333
1762227454576,763,330
1762227454583,763,328
1762227454593,763,327
1762227454606,763,325
1762227454720,763,326
1762227454732,763,332
1762227454742,763,339
1762227454749,763,343
1762227454756,763,347
1762227454764,763,352
1762227454771,763,356
1762227454779,763,360
1762227454786,763,364
1762227454793,763,368
1762227454801,763,373
1762227454807,763,377
1762227454815,763,379
1762227454822,763,383
1762227454828,763,384
1762227454835,763,387
1762227454843,763,390
1762227454849,763,392
1762227454860,763,393
1762227454866,763,395
1762227454873,763,396
1762227454879,763,397
1762227454886,763,399
1762227454896,763,400
1762227454908,763,401
1762227454926,763,402
1762227454964,763,404
1762227454991,763,406
1762227455024,764,407
1762227455075,764,408
1762227455086,764,409
1762227455095,765,411
1762227455102,765,412
1762227455109,765,413
1762227455123,765,414
1762227455129,765,415
1762227455166,765,417
1762227455211,764,417
1762227455223,763,417
1762227455235,762,417
1762227455248,761,418
1762227455274,759,418
1762227455296,758,418
1762227455303,757,418
1762227455314,756,418
1762227455345,754,418
1762227455369,752,418
1762227455381,752,417
1762227455388,751,416
1762227455395,751,415
1762227455403,750,411
1762227455410,750,410
1762227455418,749,408
1762227455425,749,407
1762227455432,749,405
1762227455441,748,404
1762227455472,748,403
1762227455484,748,402
1762227455496,748,400
1762227455510,748,399
1762227455520,748,398
1762227455658,748,399
1762227455670,748,403
1762227455678,748,405
1762227455685,748,408
1762227455693,748,411
1762227455700,748,413
1762227455708,749,414
1762227455715,749,415
1762227455722,749,417
1762227455732,749,418
1762227455739,749,419
1762227455746,749,421
1762227455759,749,422
1762227455772,749,423
1762227455778,749,424
1762227455785,749,426
1762227455792,749,427
1762227455798,750,429
1762227455805,750,431
1762227455812,750,432
1762227455819,750,433
1762227455833,750,434
1762227455841,750,436
1762227455854,750,437
1762227455861,750,438
1762227455872,751,439
1762227455896,751,441
1762227455920,752,442
1762227455978,754,443
1762227455993,755,444
1762227456005,756,445
1762227456029,756,446
1762227456046,757,446
1762227456088,757,447
1762227456101,758,447
1762227456114,759,447
1762227456138,761,447
1762227456151,762,447
1762227456175,763,447
1762227456192,764,447
1762227456230,766,447
1762227456239,767,447
1762227456247,768,447
1762227456254,768,446
1762227456262,769,445
1762227456269,769,444
1762227456276,769,442
1762227456284,769,438
1762227456292,770,438
1762227456299,770,435
1762227456320,771,434
1762227456327,771,433
1762227456334,771,432
1762227456344,772,432
1762227456360,772,431
1762227456370,772,429
1762227456377,772,427
1762227456390,772,426
1762227456397,772,423
1762227456405,773,421
1762227456412,773,418
1762227456420,773,414
1762227456428,773,412
1762227456436,773,409
1762227456443,773,407
1762227456452,773,404
1762227456459,772,402
1762227456467,772,400
1762227456475,771,397
1762227456486,771,395
1762227456493,770,393
1762227456501,768,391
1762227456514,768,390
1762227456619,767,392
1762227456631,767,398
1762227456639,765,403
1762227456648,764,407
1762227456656,764,412
1762227456664,764,416
1762227456672,764,421
1762227456680,764,423
1762227456688,764,425
1762227456695,764,427
1762227456703,764,428
1762227456710,764,429
1762227456718,764,430
1762227456726,764,434
1762227456735,764,436
1762227456742,764,437
1762227456750,764,438
1762227456767,764,439
1762227456890,764,438
1762227456902,766,436
1762227456910,766,432
1762227456919,767,428
1762227456927,767,426
1762227456938,767,419
1762227456946,767,416
1762227456954,767,411
1762227456962,767,407
1762227456971,767,403
1762227456978,767,399
1762227456986,767,397
1762227456995,768,391
1762227457003,769,388
1762227457011,769,387
1762227457019,769,385
1762227457027,769,383
1762227457034,769,382
1762227457043,769,381
1762227457051,772,377
1762227457059,772,376
1762227457067,772,375
1762227457075,772,372
1762227457083,772,369
1762227457091,772,368
1762227457099,772,366
1762227457107,772,363
1762227457115,773,361
1762227457122,773,358
1762227457130,773,357
1762227457138,773,356
1762227457146,773,352
1762227457153,773,350
1762227457162,773,349
1762227457169,773,348
1762227457178,773,345
1762227457186,773,344
1762227457195,773,343
1762227457204,773,340
1762227457210,773,339
1762227457218,773,338
1762227457224,773,336
1762227457231,773,335
1762227457239,773,334
1762227457246,773,332
1762227457256,773,331
1762227457329,772,331
1762227457338,771,329
1762227457351,770,329
1762227457360,769,327
1762227457381,768,327
1762227457389,767,326
1762227457433,766,325
1762227457447,765,325
1762227457457,763,324
1762227457478,762,323
1762227457511,761,323
1762227457577,760,323
1762227457591,758,323
1762227457599,756,326
1762227457608,755,331
1762227457616,753,334
1762227457624,752,337
1762227457633,752,341
1762227457643,750,343
1762227457652,749,346
1762227457661,749,347
1762227457669,749,348
1762227457677,749,349
1762227457702,749,351
1762227457776,748,351
1762227457857,748,350
1762227457872,748,345
1762227457881,748,341
1762227457889,746,339
1762227457898,746,335
1762227457907,746,334
1762227457915,744,330
1762227457923,743,327
1762227457931,743,323
1762227457944,742,322
1762227457957,742,320
1762227458631,796,317
1762227458717,795,317
1762227458854,794,317
1762227458867,794,322
1762227458875,794,326
1762227458884,794,331
1762227458893,794,336
1762227458901,794,340
1762227458910,794,344
1762227458919,795,348
1762227458927,795,351
1762227458936,795,353
1762227458946,796,355
1762227458954,796,358
1762227458962,796,359
1762227458971,797,362
1762227458979,797,364
1762227458987,797,368
1762227458996,797,372
1762227459004,797,376
1762227459013,797,379
1762227459021,797,383
1762227459030,798,389
1762227459038,798,390
1762227459046,798,392
1762227459060,798,394
1762227459067,798,395
1762227459076,799,397
1762227459146,799,395
1762227459157,800,390
1762227459167,801,382
1762227459176,801,376
1762227459185,802,371
1762227459193,802,366
1762227459202,802,362
1762227459210,802,357
1762227459219,802,354
1762227459230,802,353
1762227459258,802,352
1762227459352,801,351
1762227459400,800,351
1762227459410,800,353
1762227459422,800,363
1762227459431,800,368
1762227459440,798,375
1762227459449,798,382
1762227459458,797,387
1762227459467,796,395
1762227459476,796,399
1762227459490,796,405
1762227459498,796,408
1762227459506,796,409
1762227459515,796,410
1762227459523,796,412
1762227459531,796,415
1762227459540,796,417
1762227459548,796,419
1762227459557,796,421
1762227459566,796,422
1762227459574,796,424
1762227459583,796,426
1762227459591,796,427
1762227459599,796,428
1762227459608,796,429
1762227459622,796,431
1762227459650,796,432
1762227459660,796,433
1762227459669,797,434
1762227459683,797,436
1762227459708,797,437
1762227459833,796,437
1762227459848,796,435
1762227459858,794,432
1762227459867,793,431
1762227459875,793,429
1762227459884,792,427
1762227459893,792,426
1762227459906,792,425
1762227459985,790,425
1762227459999,789,425
1762227460010,788,425
1762227460023,788,426
1762227460031,788,427
1762227460047,787,427
1762227460065,787,428
1762227460080,787,430
1762227460092,787,431
1762227460103,787,432
1762227460111,788,433
1762227460123,789,433
1762227460131,790,434
1762227460140,791,434
1762227460163,792,435
1762227460171,793,435
1762227460180,794,436
1762227460189,795,436
1762227460200,796,436
1762227460212,797,437
1762227460221,799,437
1762227460241,800,437
1762227460253,801,437
1762227460266,803,437
1762227460305,804,437
1762227460315,805,437
1762227460329,806,437
1762227460340,807,437
1762227460348,810,435
1762227460357,810,434
1762227460366,810,431
1762227460375,811,429
1762227460384,812,426
1762227460393,812,424
1762227460401,812,420
1762227460409,813,417
1762227460418,813,415
1762227460426,813,411
1762227460434,813,406
1762227460442,813,402
1762227460450,813,398
1762227460459,813,394
1762227460467,813,390
1762227460475,813,387
1762227460483,813,384
1762227460491,813,383
1762227460503,813,381
1762227460547,812,381
1762227460560,812,380
1762227460591,811,380
1762227460600,810,381
1762227460609,809,384
1762227460618,809,391
1762227460627,808,397
1762227460636,808,400
1762227460646,808,405
1762227460658,808,409
1762227460668,808,411
1762227460680,808,418
1762227460696,808,419
1762227460704,808,420
1762227460713,808,423
1762227460788,808,424
1762227460830,808,425
1762227460841,806,425
1762227460851,802,423
1762227460861,801,419
1762227460870,801,414
1762227460881,799,410
1762227460890,799,402
1762227460900,798,397
1762227460910,798,392
1762227460920,798,388
1762227460929,798,382
1762227460939,799,377
1762227460948,799,374
1762227460958,799,370
1762227460967,799,369
1762227460976,799,368
1762227460985,799,367
1762227460994,799,364
1762227461006,799,361
1762227461015,799,360
1762227461024,799,358
1762227461033,800,356
1762227461042,801,354
1762227461052,802,351
1762227461061,804,349
1762227461070,804,348
1762227461080,804,346
1762227461089,804,345
1762227461170,805,345
1762227461182,806,345
1762227461192,809,345
1762227461202,812,345
1762227461211,813,348
1762227461221,814,351
1762227461231,815,353
1762227461240,817,357
1762227461250,817,362
1762227461259,817,363
1762227461268,817,364
1762227461290,818,365
1762227461425,819,365
1762227461441,819,360
1762227461451,819,357
1762227461461,819,353
1762227461470,819,350
1762227461479,819,349
1762227461549,818,348
1762227461565,817,348
1762227461576,816,349
1762227461585,814,355
1762227461595,812,361
1762227461605,812,367
1762227461615,809,372
1762227461626,808,376
1762227461635,806,381
1762227461645,806,383
1762227461654,806,384
1762227461764,806,383
1762227461778,806,378
1762227461788,806,374
1762227461798,806,370
1762227461808,807,366
1762227461818,807,362
1762227461827,808,359
1762227461837,808,355
1762227461847,808,352
1762227461857,809,350
1762227461884,809,349
1762227461893,810,348
1762227461903,811,346
1762227461913,811,345
1762227461923,812,341
1762227461938,813,340
1762227461950,813,339
1762227462005,813,338
1762227462021,816,338
1762227462030,817,338
1762227462047,818,338
1762227462135,819,338
1762227462151,818,333
1762227462161,817,329
1762227462170,816,326
1762227462180,816,324
1762227462190,815,324
1762227462199,814,323
1762227462211,814,321
1762227462223,813,321
1762227462252,812,321
1762227462261,811,321
1762227462272,809,321
1762227462282,807,321
1762227462292,806,321
1762227462302,804,321
1762227462312,803,321
1762227462510,802,322
1762227462526,802,328
1762227462536,802,331
1762227462546,803,336
1762227462555,803,341
1762227462565,803,344
1762227462575,803,348
1762227462585,803,350
1762227462596,804,352
1762227462614,804,353
1762227462684,804,352
1762227462699,804,348
1762227462711,803,342
1762227462721,803,341
1762227462731,801,340
1762227462741,801,339
1762227464064,102,531
1762227464178,102,529
1762227464193,101,527
1762227464203,101,526
1762227464213,99,525
1762227464223,98,524
1762227464233,97,524
1762227464253,95,524
1762227464278,94,524
1762227464385,93,523
1762227464401,95,519
1762227464411,97,517
1762227464421,98,516
1762227464431,99,516
1762227464441,101,515
1762227464451,102,514
1762227464478,104,513
1762227464502,106,513
1762227464514,107,513
1762227464524,108,513
1762227464647,107,513
1762227464660,106,515
1762227464672,105,518
1762227464681,105,521
1762227464691,105,522
1762227464701,105,523
1762227464711,105,525
1762227464782,105,526
1762227464877,105,524
1762227464888,105,519
1762227464899,106,516
1762227464910,107,512
1762227464921,109,508
1762227464932,110,505
1762227464944,111,501
1762227464955,112,499
1762227464967,112,497
1762227465054,112,499
1762227465065,112,503
1762227465076,111,505
1762227465090,110,511
1762227465100,110,513
1762227465112,108,514
1762227465123,107,515
1762227465133,107,516
1762227465265,106,515
1762227465277,106,511
1762227465288,106,507
1762227465298,108,504
1762227465308,108,501
1762227465319,109,501
1762227465329,109,498
1762227465339,110,497
1762227465348,110,496
1762227465431,110,497
1762227465444,110,502
1762227465455,109,508
1762227465466,109,509
1762227465476,109,511
1762227465486,108,512
1762227465496,107,512
1762227465575,107,513
1762227465591,105,514
1762227465601,105,515
1762227465666,104,515
1762227465679,104,511
1762227465689,104,508
1762227465700,104,504
1762227465711,104,500
1762227465722,104,495
1762227465732,104,493
1762227465850,104,494
1762227465861,104,495
1762227465873,103,500
1762227465883,101,504
1762227465894,101,507
1762227465905,101,510
1762227465915,100,512
1762227465926,99,512
1762227465959,99,514
1762227465971,99,515
1762227465983,98,516
1762227466014,98,517
1762227466072,98,518
1762227466084,99,516
1762227466098,101,513
1762227466108,102,511
1762227466119,103,510
1762227466480,127,499
1762227466496,127,501
1762227466508,127,502
1762227466525,127,503
1762227466535,127,504
1762227466546,127,506
1762227466557,127,508
1762227466566,127,511
1762227466576,128,513
1762227466586,130,515
1762227466596,131,516
1762227466606,133,516
1762227466615,134,516
1762227466625,135,516
1762227466635,136,517
1762227466689,137,518
1762227466703,138,518
1762227466716,138,519
1762227466773,137,519
1762227466788,134,519
1762227466799,130,516
1762227466810,125,513
1762227466821,123,511
1762227466832,119,508
1762227466842,117,506
1762227466853,115,505
1762227466864,115,504
1762227466878,115,502
1762227466944,116,502
1762227466958,118,502
1762227466970,120,503
1762227466981,124,504
1762227466992,127,509
1762227467003,128,512
1762227467014,128,518
1762227467024,130,521
1762227467035,131,523
1762227467046,131,526
1762227467056,132,527
1762227467072,132,528
1762227467105,133,529
1762227467200,133,528
1762227467211,133,521
1762227467223,133,513
1762227467234,133,505
1762227467245,133,500
1762227467256,133,496
1762227467267,133,495
1762227467296,133,494
1762227467383,134,493
1762227467395,135,493
1762227467406,136,498
1762227467418,137,503
1762227467428,139,506
1762227467439,140,509
1762227467450,140,512
1762227467461,140,513
1762227467472,142,514
1762227467482,142,515
1762227467493,143,518
1762227467508,144,519
1762227467538,145,520
1762227467596,145,521
1762227467613,142,514
1762227467624,140,508
1762227467635,140,500
1762227467646,140,495
1762227467665,140,494
1762227467752,141,494
1762227467767,142,496
1762227467779,144,499
1762227482563,852,290
1762227482599,852,291
1762227482639,852,295
1762227482649,852,297
1762227482665,852,298
1762227482676,852,299
1762227482690,852,300
1762227482838,852,299
1762227482854,852,291
1762227482865,851,287
1762227482877,851,282
1762227482890,851,276
1762227482901,848,272
1762227482911,848,270
1762227482922,848,267
1762227482933,848,266
1762227482983,848,265
1762227483042,848,266
1762227483059,848,273
1762227483071,848,280
1762227483084,848,284
1762227483096,848,288
1762227483108,848,289
1762227483117,847,290
1762227483132,847,292
1762227483175,847,293
1762227483252,847,294
1762227483265,847,295
1762227483278,846,298
1762227483289,845,300
1762227483300,844,301
1762227483310,844,302
1762227483321,843,305
1762227483333,843,306
1762227483349,842,307
1762227483471,843,307
1762227483487,844,307
1762227483498,846,307
1762227483509,847,307
1762227483527,848,307
1762227483538,849,307
1762227483549,850,307
1762227483574,851,307
1762227483590,852,306
1762227483617,853,305
1762227483641,853,303
1762227483652,853,302
1762227483664,853,298
1762227483675,853,294
1762227483686,854,287
1762227483698,854,280
1762227483710,854,274
1762227483721,854,269
1762227483733,854,264
1762227483744,856,260
1762227483755,856,255
1762227483767,856,252
1762227483778,854,250
1762227483789,854,246
1762227483800,852,245
1762227483811,851,243
1762227483822,851,241
1762227483837,850,241
1762227483848,850,240
1762227483920,850,241
1762227483936,851,252
1762227483948,853,260
1762227483960,855,270
1762227483971,857,276
1762227483983,857,281
1762227483995,858,288
1762227484006,858,289
1762227484017,858,292
1762227484086,856,292
1762227484102,853,291
1762227484115,848,286
1762227484128,842,279
1762227484141,842,272
1762227484153,841,267
1762227484164,841,264
1762227484175,840,259
1762227484187,840,255
1762227484206,840,248
1762227484217,840,245
1762227484228,841,242
1762227484240,843,240
1762227484251,844,236
1762227484263,844,233
1762227484274,846,230
1762227484285,847,227
1762227484297,848,223
1762227484309,849,220
1762227484320,849,216
1762227484332,851,213
1762227484343,851,210
1762227484354,853,209
1762227484366,854,207
1762227484377,854,204
1762227484457,855,203
1762227484469,857,203
1762227484480,859,212
1762227484497,860,224
1762227484514,862,238
1762227484530,862,247
1762227484544,862,254
1762227484557,862,256
1762227484671,862,254
1762227484686,861,248
1762227484699,859,240
1762227484712,857,232
1762227484724,854,225
1762227484735,854,220
1762227484747,854,218
1762227484758,853,218
1762227484838,853,216
1762227484893,853,217
1762227484909,855,225
1762227484922,856,234
1762227484934,856,239
1762227484946,856,243
1762227484958,857,247
1762227485035,857,248
1762227485051,857,247
1762227485064,857,237
1762227485077,857,228
1762227485089,857,221
1762227485101,854,213
1762227485113,854,208
1762227485125,853,201
1762227485137,853,199
1762227485149,853,197
1762227485262,853,199
1762227485280,853,211
1762227485292,855,220
1762227485304,855,230
1762227485317,856,238
1762227485328,856,241
1762227485398,856,240
1762227485416,854,233
1762227485429,851,226
1762227485441,848,220
1762227485453,846,212
1762227485465,846,208
1762227485477,846,203
1762227485490,846,198
1762227485502,846,194
1762227485514,846,191
1762227485526,846,186
1762227485537,845,184
1762227485549,845,180
1762227485561,845,179
1762227485606,845,178
1762227485665,845,177
1762227485679,848,178
1762227485691,849,183
1762227485703,850,189
1762227485716,852,197
1762227485727,852,202
1762227485739,852,206
1762227485751,852,208
1762227485856,852,207
1762227485874,852,198
1762227485887,852,187
1762227485900,852,179
1762227485912,852,173
1762227485925,850,168
1762227485939,849,166
1762227485953,849,163
1762227485967,848,162
1762227485979,847,161
1762227485991,845,158
1762227486003,844,157
1762227486016,844,156
1762227486096,844,157
1762227486111,845,165
1762227486123,847,172
1762227486134,847,177
1762227486146,849,184
1762227486157,850,188
1762227486168,851,192
1762227486179,851,195
1762227486190,851,196
1762227486286,852,197
1762227486304,851,198
1762227486316,850,198
1762227486329,846,194
1762227486341,843,188
1762227486354,841,181
1762227486368,839,175
1762227486382,839,168
1762227486393,839,164
1762227486406,839,159
1762227486418,839,155
1762227486430,839,150
1762227486443,839,147
1762227486455,838,143
1762227486467,838,142
1762227486479,838,138
1762227486491,838,137
1762227486527,838,136
1762227486564,838,135
1762227486577,840,135
1762227486590,842,135
1762227486602,845,138
1762227486615,847,143
1762227486628,847,149
1762227486640,847,154
1762227486654,847,159
1762227486666,849,164
1762227486679,850,168
1762227486691,851,170
1762227486795,851,169
1762227486814,849,160
1762227486826,846,150
1762227486839,845,143
1762227486851,845,137
1762227486864,845,133
1762227486876,844,129
1762227486889,844,127
1762227486901,844,124
1762227486914,844,122
1762227486926,843,120
1762227486941,843,119
1762227487017,842,119
1762227487036,841,119
1762227487050,840,119
1762227487090,838,119
1762227487102,837,120
1762227487116,834,124
1762227487129,833,129
1762227487142,833,134
1762227487154,833,139
1762227487166,832,141
1762227487263,832,140
1762227487281,832,136
1762227487294,831,129
1762227487310,831,128
1762227489562,767,319
1762227489590,767,320
1762227489617,764,320
1762227489638,763,320
1762227489650,760,320
1762227489662,758,320
1762227489675,755,320
1762227489687,752,319
1762227489701,748,318
1762227489713,747,317
1762227489726,746,317
1762227489807,745,316
1762227489826,747,312
1762227489841,753,307
1762227489853,755,306
1762227489868,762,302
1762227489880,764,301
1762227489892,766,298
1762227489905,769,298
1762227489917,771,297
1762227489930,773,297
1762227490038,771,297
1762227490055,769,297
1762227490068,766,297
1762227490080,764,298
1762227490093,762,299
1762227490146,760,299
1762227490159,760,300
1762227490174,759,301
1762227490186,758,301
1762227490199,758,302
1762227490217,758,303
1762227490229,758,304
1762227490411,757,305
1762227490435,755,305
1762227490447,753,305
1762227490465,752,305
1762227490488,751,305
1762227490519,749,305
1762227490668,750,305
1762227490686,752,305
1762227490698,755,305
1762227490711,760,305
1762227490723,762,305
1762227490736,765,306
1762227490748,766,306
1762227490761,768,306
1762227490774,770,306
1762227490881,770,305
1762227490900,770,304
1762227490915,766,303
1762227490928,765,302
1762227490940,763,302
1762227490953,762,302
1762227490965,761,302
1762227490978,758,302
1762227490991,757,302
1762227491003,756,302
1762227491016,754,302
1762227491028,753,302
1762227491141,754,302
1762227491161,758,302
1762227491175,761,302
1762227491189,764,301
1762227491202,767,301
1762227491215,770,301
1762227491230,772,301
1762227491242,773,301
1762227491476,774,301
1762227491496,775,303
1762227491509,775,307
1762227491521,775,308
1762227491534,774,309
1762227491547,773,311
1762227491560,773,312
1762227491609,773,313
1762227491627,772,314
1762227491641,771,314
1762227491656,770,314
1762227491671,767,314
1762227491690,762,314
1762227491703,758,312
1762227491716,756,311
1762227491729,754,311
1762227491742,752,310
1762227491755,749,310
1762227491768,749,309
1762227491781,746,307
1762227491794,744,307
1762227491814,743,307
1762227491999,744,307
1762227492018,746,307
1762227492034,748,307
1762227492047,751,307
1762227492061,752,307
1762227492347,799,305
1762227492356,801,305
1762227492370,804,305
1762227492384,807,305
1762227492396,809,305
1762227492409,811,305
1762227492422,812,305
1762227492435,813,305
1762227492458,814,305
1762227492476,816,305
1762227492489,816,306
1762227492504,817,306
1762227492519,818,306
1762227492579,817,306
1762227492595,813,308
1762227492609,808,308
1762227492622,804,310
1762227492636,801,310
1762227492648,800,310
1762227492677,799,310
1762227492713,798,310
1762227492726,798,311
1762227492787,797,312
1762227492803,798,312
1762227492817,801,312
1762227492830,803,312
1762227492843,805,313
1762227492856,809,313
1762227492870,813,313
1762227492883,816,313
1762227492896,817,314
1762227492909,819,315
1762227493025,819,314
1762227493043,818,307
1762227493056,816,303
1762227493070,814,300
1762227493084,811,298
1762227493097,808,295
1762227493110,805,295
1762227493123,804,295
1762227493136,802,295
1762227493149,800,295
1762227493162,798,295
1762227493180,794,296
1762227493193,794,297
1762227493207,793,297
1762227493316,794,298
1762227493332,795,298
1762227493346,798,298
1762227493359,799,298
1762227493373,803,299
1762227493392,804,299
1762227493405,806,300
1762227493419,807,301
1762227493435,808,301
1762227493553,807,301
1762227493572,804,302
1762227493586,802,302
1762227493600,799,302
1762227493614,796,302
1762227493627,796,303
1762227493641,794,303
1762227493654,794,304
1762227493721,793,304
1762227493904,795,304
1762227493923,798,304
1762227493938,802,304
1762227493952,807,303
1762227493965,808,303
1762227493979,811,303
1762227493993,813,303
1762227494006,815,303
1762227494019,820,303
1762227494033,821,303
1762227494047,822,303
1762227494221,823,304
1762227494240,824,307
1762227494254,825,311
1762227494268,825,313
1762227494282,826,317
1762227494296,826,321
1762227494309,828,324
1762227494323,828,326
1762227494337,828,327
1762227494351,828,329
1762227494365,828,333
1762227494379,828,336
1762227494392,827,339
1762227494406,827,341
1762227494420,827,345
1762227494433,827,346
1762227494453,827,348
1762227498861,724,124
1762227498880,724,125
1762227498915,717,139
1762227498929,716,143
1762227498944,714,145
1762227498959,714,148
1762227498973,714,150
1762227498987,714,153
1762227499002,714,158
1762227499016,715,163
1762227499031,715,166
1762227499047,716,166
1762227499148,716,168
1762227499163,717,172
1762227499177,718,175
1762227499198,719,180
1762227499217,719,181
1762227499231,719,183
1762227499245,719,184
1762227499260,719,187
1762227499274,719,189
1762227499290,719,190
1762227499426,719,189
1762227499441,720,188
1762227499456,722,184
1762227499471,723,180
1762227499486,725,178
1762227499501,725,177
1762227499543,725,175
1762227499558,727,173
1762227499572,728,169
1762227499587,729,164
1762227499602,731,162
1762227499617,732,159
1762227499636,733,154
1762227499650,733,152
1762227499665,735,151
1762227499680,735,149
1762227499695,735,146
1762227499710,736,144
1762227499725,737,143
1762227499739,737,141
1762227499753,737,140
1762227499856,737,142
1762227499877,738,150
1762227499891,738,157
1762227499906,738,163
1762227499922,738,169
1762227499936,736,171
1762227499949,736,172
1762227500017,735,172
1762227500031,734,172
1762227500045,733,169
1762227500059,732,166
1762227500073,732,163
1762227500087,732,159
1762227500101,732,156
1762227500116,732,152
1762227500131,732,147
1762227500145,732,142
1762227500160,733,141
1762227500173,734,137
1762227500188,734,134
1762227500201,735,130
1762227500215,735,128
1762227500228,735,127
1762227500242,735,125
1762227500358,736,125
1762227500377,736,132
1762227500393,733,144
1762227500408,731,155
1762227500423,729,165
1762227500438,727,170
1762227500453,727,174
1762227500467,727,175
1762227500611,727,174
1762227500632,727,165
1762227500647,730,156
1762227500663,732,150
1762227500678,734,143
1762227500693,736,139
1762227500708,737,133
1762227500723,738,129
1762227500737,739,127
1762227500754,739,124
1762227500771,739,123
1762227500787,740,122
1762227500889,740,121
1762227500911,738,121
1762227500925,734,122
1762227500940,733,125
1762227500954,732,125
1762227500968,731,125
1762227500982,730,125
1762227500997,730,127
1762227501012,726,128
1762227501026,724,131
1762227501041,722,134
1762227501056,720,139
1762227501070,718,144
1762227501085,717,151
1762227501100,716,157
1762227501115,715,164
1762227501130,714,170
1762227501144,714,172
1762227501159,714,174
1762227501173,714,175
1762227501260,715,175
1762227501279,716,175
1762227501294,717,175
1762227501309,722,173
1762227501325,724,166
1762227501341,728,159
1762227501358,729,153
1762227501374,732,145
1762227501390,733,141
1762227501406,734,138
1762227501423,735,136
1762227501521,735,137
1762227501536,735,143
1762227501553,733,153
1762227501570,730,162
1762227501587,729,168
1762227501602,727,169
1762227501620,724,176
1762227501637,723,180
1762227501653,723,184
1762227501668,723,185
1762227501684,722,186
1762227501955,722,185
1762227501977,722,177
1762227501992,722,173
1762227502007,722,171
1762227502021,722,169
1762227502036,723,166
1762227502051,723,164
1762227502066,723,160
1762227502080,723,157
1762227502095,724,155
1762227502110,724,152
1762227502124,724,150
1762227502139,724,148
1762227502153,725,144
1762227502167,725,143
1762227502180,725,142
1762227502195,725,139
1762227502209,726,138
1762227502222,727,137
1762227502242,727,136
1762227502255,727,134
1762227502384,727,135
1762227502401,726,143
1762227502417,726,150
1762227502439,722,163
1762227502457,721,169
1762227502475,720,174
1762227502489,720,177
1762227502505,720,178
1762227502520,720,179
1762227502534,720,181
1762227502549,719,183
1762227502564,717,185
1762227502578,716,187
1762227502870,716,188
1762227502893,716,195
1762227502909,716,200
1762227502923,716,204
1762227502939,716,209
1762227502997,716,211
1762227503106,717,211
1762227503174,718,210
1762227503253,717,210
1762227503413,716,210
1762227503429,716,208
1762227503444,716,202
1762227503459,716,200
1762227503474,718,197
1762227503488,718,193
1762227503504,718,190
1762227503519,719,185
1762227503533,719,182
1762227503548,719,181
1762227503563,719,178
1762227503577,719,177
1762227503592,719,176
1762227503607,719,175
1762227503622,720,173
1762227503653,720,172
1762227503667,720,171
1762227503683,720,170
1762227503698,720,168
1762227503713,720,167
1762227503728,720,166
1762227503744,720,165
1762227503759,720,163
1762227503774,720,161
1762227503789,720,158
1762227503803,720,157
1762227503818,720,156
1762227503981,720,155
1762227504004,719,158
1762227504024,715,163
1762227504039,715,166
1762227504055,713,168
1762227504069,712,169
1762227504119,712,170
1762227504135,712,172
1762227504150,708,177
1762227504165,708,180
1762227504181,707,183
1762227504196,707,187
1762227504212,707,191
1762227504227,707,195
1762227504242,709,195
1762227504258,709,197
1762227504273,709,199
1762227504361,709,198
1762227504379,709,191
1762227504395,711,183
1762227504411,711,177
1762227504427,712,170
1762227504447,712,166
1762227504463,712,165
1762227504479,712,163
1762227504494,712,160
1762227504510,713,156
1762227504526,714,153
1762227504542,715,149
1762227504558,716,146
1762227504573,717,145
1762227504588,717,143
1762227504603,719,142
1762227504619,721,140
1762227504634,721,138
1762227504649,721,137
1762227504664,723,134
1762227504680,723,132
1762227504696,723,129
1762227504711,723,127
1762227504737,724,127
1762227504752,724,126
1762227504767,723,125
1762227504782,721,123
1762227504797,720,122
1762227504813,720,119
1762227504828,719,119
1762227504844,719,118
1762227504871,719,117
1762227504937,719,116
1762227504957,720,115
1762227504971,720,114
1762227505004,721,114
1762227505034,722,114
1762227505140,723,114
1762227505194,724,113
1762227505214,727,108
1762227505229,728,108
1762227505244,729,108
1762227506507,730,111
1762227506966,730,112
1762227506989,730,116
1762227507005,731,119
1762227507020,731,120
1762227507036,731,121
1762227507051,731,124
1762227507225,733,124
1762227507250,734,122
1762227507265,734,120
1762227507281,738,119
1762227507296,739,116
1762227507311,739,115
1762227507331,739,114
1762227507347,741,114
1762227510037,122,96
1762227510126,121,96
1762227510146,120,96
1762227510168,118,96
1762227510184,117,96
1762227510204,116,96
1762227510220,113,96
1762227510235,112,96
1762227510251,109,96
1762227510267,108,93
1762227510464,110,93
1762227510491,115,93
1762227510506,119,93
1762227510522,124,93
1762227510538,127,93
1762227510554,131,93
1762227510570,135,93
1762227510585,136,93
1762227510718,136,94
1762227510742,130,95
1762227510757,125,95
1762227510773,122,95
1762227510789,120,95
1762227510805,118,94
1762227510821,116,94
1762227510836,115,94
1762227511008,114,94
1762227511029,112,94
1762227511045,111,94
1762227511061,107,94
1762227511076,105,94
1762227511091,103,93
1762227511107,101,92
1762227511123,99,92
1762227511138,99,91
1762227511154,98,91
1762227511252,100,91
1762227511268,101,90
1762227511284,103,90
1762227511300,106,88
1762227511316,107,88
1762227511332,108,88
1762227511347,109,88
1762227511363,112,88
1762227511407,113,87
1762227511499,112,88
1762227511526,109,92
1762227511555,109,93
1762227511571,109,94
1762227511709,108,95
1762227511732,107,97
1762227511748,105,99
1762227511764,104,99
1762227511779,103,99
1762227511796,100,100
1762227511812,99,100
1762227512158,98,100
1762227512182,97,100
1762227512278,98,100
1762227512297,100,100
1762227512313,103,100
1762227512329,106,100
1762227512345,109,100
1762227512370,111,100
1762227512386,112,99
1762227512402,114,97
1762227512419,118,97
1762227512435,121,96
1762227512456,127,96
1762227512474,129,96
1762227512544,130,96
1762227512595,132,96
1762227512656,132,95
1762227512674,132,91
1762227512690,132,87
1762227512708,132,82
1762227512724,132,81
1762227512755,132,79
1762227512896,131,79
1762227512917,131,80
1762227512933,131,81
1762227512950,131,82
1762227513016,131,83
1762227515502,761,198
1762227515569,761,200
1762227515618,759,207
1762227515646,758,207
1762227515662,758,208
1762227515695,757,209
1762227515711,757,211
1762227515728,757,216
1762227515746,757,223
1762227515764,757,230
1762227515780,757,236
1762227515798,756,243
1762227515814,756,249
1762227515832,755,256
1762227515848,754,257
1762227515948,754,256
1762227515966,754,249
1762227515984,757,235
1762227516002,758,219
1762227516020,758,208
1762227516038,760,199
1762227516056,760,195
1762227516127,761,195
1762227516145,762,208
1762227516163,762,220
1762227516182,762,233
1762227516201,762,245
1762227516218,762,248
1762227516235,762,250
1762227516343,762,249
1762227516367,762,242
1762227516384,762,234
1762227516401,762,227
1762227516417,763,222
1762227516524,764,223
1762227516547,766,236
1762227516565,767,247
1762227516581,768,252
1762227516601,768,255
1762227516618,769,256
1762227516683,769,255
1762227516704,771,242
1762227516723,771,228
1762227516741,773,215
1762227516760,773,208
1762227516776,775,204
1762227516792,776,203
1762227516894,776,204
1762227516913,776,214
1762227516930,777,225
1762227516950,778,235
1762227516968,778,243
1762227516998,778,244
1762227517110,778,242
1762227517132,778,234
1762227517149,778,229
1762227517166,778,224
1762227517183,777,218
1762227517200,777,213
1762227517217,777,211
1762227517347,777,212
1762227517365,777,216
1762227517383,778,224
1762227517399,778,228
1762227517416,778,233
1762227517432,778,237
1762227517449,779,240
1762227517533,780,240
1762227517555,780,229
1762227517572,780,216
1762227517589,780,210
1762227517610,780,203
1762227517687,780,201
1762227517708,780,202
1762227517726,781,209
1762227517743,784,220
1762227517760,786,228
1762227517778,787,234
1762227517795,788,239
1762227517811,788,241
1762227517828,788,243
1762227517904,788,242
1762227517927,785,228
1762227517945,781,215
1762227517962,780,206
1762227517980,779,202
1762227517996,778,199
1762227518014,777,198
1762227518030,775,196
1762227518094,775,198
1762227518114,778,208
1762227518132,782,220
1762227518151,786,232
1762227518168,789,237
1762227518184,790,240
1762227518201,792,241
1762227518218,793,241
1762227518322,793,240
1762227518349,793,226
1762227518368,793,215
1762227518386,793,209
1762227518402,793,208
1762227518482,793,210
1762227518504,795,224
1762227518522,795,238
1762227518539,795,246
1762227518555,795,250
1762227518641,795,249
1762227518668,791,234
1762227518685,789,226
1762227518702,789,221
1762227518719,789,217
1762227518735,789,214
1762227518752,789,213
1762227518863,789,214
1762227518887,793,224
1762227518905,796,232
1762227518923,798,239
1762227518940,800,242
1762227518961,800,244
1762227519018,800,243
1762227519037,799,232
1762227519053,797,218
1762227519069,797,208
1762227519087,797,200
1762227519102,797,195
1762227519182,797,196
1762227519200,799,204
1762227519219,802,216
1762227519239,805,227
1762227519258,808,237
1762227519275,808,241
1762227519292,808,243
1762227519376,809,243
1762227519399,807,233
1762227519417,805,220
1762227519434,803,210
1762227519452,802,205
1762227519469,801,203
1762227519506,801,202
1762227519573,801,203
1762227519593,805,212
1762227519611,810,221
1762227519628,813,226
1762227519645,814,230
1762227519732,815,230
1762227519756,814,216
1762227519775,813,203
1762227519794,810,193
1762227519813,808,187
1762227519830,806,186
1762227519846,805,186
1762227519890,805,188
1762227519908,806,198
1762227519926,811,209
1762227519944,814,216
1762227519961,817,221
1762227519978,817,224
1762227519996,817,225
1762227520082,816,225
1762227520103,808,222
1762227520122,801,213
1762227520140,796,205
1762227520157,792,198
1762227520174,791,197
1762227520317,791,199
1762227520336,791,208
1762227520355,791,214
1762227520372,791,218
1762227520390,790,221
1762227520414,790,222
1762227520432,789,222
1762227520452,788,222
1762227520470,787,222
1762227520488,783,222
1762227520505,778,222
1762227520523,770,222
1762227520541,767,220
1762227520559,760,215
1762227520578,754,212
1762227520598,749,208
1762227520614,745,204
1762227520632,744,203
1762227520650,743,201
1762227520691,742,201
1762227520732,742,202
1762227520750,742,210
1762227520776,741,220
1762227520794,741,225
1762227520811,741,228
1762227520828,741,229
-1,-1,-1
1762227417218,,
1762227418818,,
1762227421418,,
1762227426298,,
1762227427595,,
1762227432764,,
1762227435900,,
1762227437748,,
1762227440989,,
1762227443388,,
1762227445933,,
1762227453439,,
1762227458631,,
1762227464064,,
1762227466480,,
1762227482563,,
1762227489562,,
1762227492347,,
1762227498861,,
1762227506507,,
1762227510037,,
1762227515502,,
-1,-1,-1
1762227418312,,
1762227420506,,
1762227422825,,
1762227426785,,
1762227427889,,
1762227435339,,
1762227437234,,
1762227439461,,
1762227441758,,
1762227445388,,
1762227447099,,
1762227458060,,
1762227462829,,
1762227466124,,
1762227467785,,
1762227487316,,
1762227492067,,
1762227494504,,
1762227506202,,
1762227507890,,
1762227513034,,
1762227521036,,
