1767413318921,782,611
1767413318940,781,610
1767413318966,780,608
1767413318972,780,607
1767413318984,779,607
1767413318992,779,606
1767413318998,778,606
1767413319012,778,605
1767413319054,777,603
1767413319076,776,602
1767413319118,776,601
1767413319139,775,601
1767413319175,774,600
1767413319193,774,599
1767413319263,773,598
1767413319414,773,597
1767413319449,772,597
1767413319463,772,596
1767413319486,772,595
1767413319540,771,595
1767413319546,771,594
1767413319554,770,594
1767413319577,770,593
1767413319588,769,593
1767413319601,769,592
1767413319609,769,591
1767413319617,768,591
1767413319623,768,590
1767413319630,767,590
1767413319637,766,589
1767413319643,765,588
1767413319651,764,586
1767413319658,763,585
1767413319665,761,583
1767413319672,759,582
1767413319679,757,579
1767413319685,756,578
1767413319694,753,575
1767413319699,751,573
1767413319706,748,570
1767413319713,745,566
1767413319720,743,562
1767413319728,738,556
1767413319735,737,552
1767413319742,734,546
1767413319748,731,539
1767413319755,728,532
1767413319762,725,523
1767413319769,723,517
1767413319776,720,508
1767413319784,717,501
1767413319790,716,492
1767413319797,713,484
1767413319804,710,474
1767413319810,707,465
1767413319818,704,451
1767413319824,701,438
1767413319832,696,419
1767413319839,694,405
1767413319846,691,391
1767413319852,688,376
1767413319859,685,362
1767413319866,683,350
1767413319874,681,339
1767413319880,681,329
1767413319887,681,323
1767413319894,680,317
1767413319901,680,311
1767413319908,680,307
1767413319915,680,304
1767413319922,681,301
1767413319929,682,298
1767413319936,684,297
1767413319942,684,295
1767413319949,685,294
1767413319956,685,293
1767413319978,686,293
1767413320183,686,292
1767413320186,686,291
1767413320193,687,290
1767413320199,688,286
1767413320207,689,283
1767413320213,690,278
1767413320220,692,273
1767413320228,693,266
1767413320234,695,259
1767413320241,696,252
1767413320249,698,243
1767413320255,700,233
1767413320261,702,222
1767413320269,704,212
1767413320275,706,203
1767413320283,708,191
1767413320290,710,181
1767413320297,712,173
1767413320305,715,161
1767413320311,716,154
1767413320317,718,147
1767413320324,720,141
1767413320332,720,136
1767413320339,721,132
1767413320346,722,129
1767413320353,722,128
1767413320359,722,126
1767413320366,722,125
1767413320417,722,126
1767413320422,722,127
1767413320428,722,130
1767413320429,722,131
1767413320436,722,135
1767413320443,722,141
1767413320449,722,147
1767413320457,722,157
1767413320463,722,165
1767413320470,722,174
1767413320478,722,187
1767413320484,722,197
1767413320492,722,212
1767413320498,721,224
1767413320506,720,237
1767413320513,718,249
1767413320519,717,257
1767413320527,716,268
1767413320534,714,276
1767413320540,714,281
1767413320548,713,285
1767413320555,713,286
1767413320560,713,287
1767413320580,713,286
1767413320588,714,283
1767413320596,716,277
1767413320603,717,269
1767413320609,718,260
1767413320616,720,247
1767413320623,722,233
1767413320630,723,217
1767413320638,726,198
1767413320644,727,186
1767413320652,729,165
1767413320658,730,152
1767413320665,731,138
1767413320672,733,128
1767413320679,733,120
1767413320686,735,115
1767413320693,736,112
1767413320725,736,113
1767413320727,736,114
1767413320735,736,119
1767413320742,736,127
1767413320748,737,135
1767413320755,737,143
1767413320762,737,157
1767413320770,737,172
1767413320777,736,188
1767413320783,734,202
1767413320791,732,216
1767413320797,730,225
1767413320804,729,231
1767413320812,727,238
1767413320818,725,242
1767413320825,724,246
1767413320858,724,245
1767413320860,724,244
1767413320866,724,241
1767413320873,726,236
1767413320880,726,229
1767413320888,727,216
1767413320895,728,203
1767413320902,729,191
1767413320908,731,177
1767413320915,731,164
1767413320921,732,153
1767413320929,733,144
1767413320935,733,140
1767413320943,734,137
1767413320963,734,138
1767413320971,734,141
1767413320979,732,152
1767413320984,731,161
1767413320991,728,181
1767413320998,724,199
1767413321005,720,220
1767413321013,714,245
1767413321019,710,262
1767413321027,703,280
1767413321033,699,291
1767413321040,695,299
1767413321048,691,304
1767413321055,690,306
1767413321060,689,306
1767413321073,689,305
1767413321076,689,304
1767413321082,689,300
1767413321089,689,293
1767413321097,689,281
1767413321104,689,267
1767413321109,689,257
1767413321116,690,242
1767413321123,691,226
1767413321131,693,207
1767413321137,695,195
1767413321145,697,183
1767413321152,699,174
1767413321158,701,168
1767413321165,702,165
1767413321193,703,168
1767413321200,704,177
1767413321207,705,190
1767413321215,706,208
1767413321221,706,227
1767413321228,706,247
1767413321234,706,260
1767413321241,706,280
1767413321249,706,294
1767413321256,705,304
1767413321262,704,308
1767413321269,704,311
1767413321290,704,310
1767413321298,706,306
1767413321305,708,298
1767413321312,710,288
1767413321318,711,275
1767413321326,715,255
1767413321332,717,238
1767413321339,721,216
1767413321347,724,193
1767413321353,727,170
1767413321359,728,153
1767413321366,731,133
1767413321373,734,115
1767413321381,736,104
1767413321388,738,99
1767413321394,739,98
1767413321402,739,97
1767413321410,739,98
1767413321414,740,100
1767413321422,741,108
1767413321429,744,124
1767413321437,745,146
1767413321443,747,165
1767413321449,747,190
1767413321458,747,217
1767413321465,747,240
1767413321470,747,253
1767413321478,747,272
1767413321484,747,283
1767413321493,746,294
1767413321499,746,296
1767413321505,746,298
1767413321526,746,297
1767413321533,746,292
1767413321540,748,285
1767413321547,749,273
1767413321554,751,258
1767413321560,752,240
1767413321568,754,222
1767413321576,756,196
1767413321582,758,175
1767413321589,759,155
1767413321597,761,132
1767413321603,762,121
1767413321610,763,111
1767413321616,764,105
1767413321623,765,104
1767413321644,765,107
1767413321651,767,119
1767413321658,768,133
1767413321665,770,153
1767413321672,771,173
1767413321679,771,197
1767413321686,771,220
1767413321693,771,243
1767413321700,771,262
1767413321707,771,276
1767413321714,770,291
1767413321721,769,296
1767413321728,769,300
1767413321735,768,302
1767413321756,768,301
1767413321762,768,298
1767413321769,768,292
1767413321777,768,281
1767413321783,768,269
1767413321790,768,249
1767413321798,768,223
1767413321804,768,203
1767413321811,768,172
1767413321818,768,145
1767413321825,768,116
1767413321832,768,92
1767413321839,768,73
1767413321846,769,59
1767413321852,770,52
1767413321859,771,49
1767413321866,771,48
1767413321888,771,57
1767413321893,771,69
1767413321901,772,88
1767413321908,772,115
1767413321914,772,142
1767413321922,772,177
1767413321929,771,210
1767413321936,768,244
1767413321943,764,274
1767413321950,759,301
1767413321958,755,323
1767413321965,751,335
1767413321970,749,340
1767413321978,747,343
1767413321999,747,340
1767413322006,747,330
1767413322012,747,319
1767413322019,747,300
1767413322027,747,278
1767413322032,746,253
1767413322040,746,229
1767413322048,746,198
1767413322054,745,171
1767413322061,745,145
1767413322068,745,118
1767413322074,745,98
1767413322082,745,77
1767413322089,747,62
1767413322097,749,53
1767413322103,750,51
1767413322109,750,50
1767413322121,750,51
1767413322124,750,52
1767413322130,752,60
1767413322139,754,82
1767413322145,756,102
1767413322152,756,133
1767413322158,756,165
1767413322165,756,190
1767413322172,754,225
1767413322179,751,252
1767413322187,747,280
1767413322193,743,296
1767413322200,741,308
1767413322208,738,317
1767413322214,737,320
1767413322241,737,316
1767413322248,738,308
1767413322256,738,295
1767413322263,738,277
1767413322270,738,255
1767413322276,738,237
1767413322283,739,209
1767413322290,740,185
1767413322297,742,159
1767413322304,743,131
1767413322312,746,106
1767413322318,749,91
1767413322325,752,78
1767413322332,754,71
1767413322339,756,68
1767413322359,757,70
1767413322366,758,80
1767413322374,760,100
1767413322380,762,120
1767413322388,764,158
1767413322394,764,186
1767413322402,764,226
1767413322408,764,251
1767413322415,763,282
1767413322422,761,305
1767413322429,760,317
1767413322436,760,326
1767413322443,760,330
1767413322464,760,329
1767413322471,760,326
1767413322479,762,315
1767413322485,763,305
1767413322492,764,290
1767413322499,765,268
1767413322507,766,242
1767413322513,768,217
1767413322519,769,197
1767413322527,772,163
1767413322533,773,137
1767413322540,776,110
1767413322547,777,94
1767413322554,780,80
1767413322561,782,73
1767413322568,783,71
1767413322582,784,71
1767413322589,784,76
1767413322598,786,92
1767413322603,786,111
1767413322609,788,142
1767413322617,788,178
1767413322625,788,223
1767413322630,787,250
1767413322639,784,289
1767413322644,782,315
1767413322652,780,336
1767413322659,780,347
1767413322665,779,350
1767413322686,780,347
1767413322693,782,340
1767413322700,783,331
1767413322707,784,318
1767413322714,785,300
1767413322721,786,280
1767413322728,786,256
1767413322734,786,236
1767413322742,786,209
1767413322749,786,184
1767413322756,786,158
1767413322763,786,137
1767413322770,786,122
1767413322777,786,106
1767413322784,786,100
1767413322789,787,99
1767413322811,788,103
1767413322818,788,120
1767413322826,791,145
1767413322832,792,176
1767413322839,794,211
1767413322846,794,250
1767413322853,794,283
1767413322859,794,313
1767413322867,794,336
1767413322874,794,347
1767413322881,794,351
1767413322902,796,348
1767413322909,798,341
1767413322916,799,331
1767413322923,800,315
1767413322929,800,300
1767413322936,800,276
1767413322943,800,249
1767413322950,800,220
1767413322958,800,187
1767413322964,798,160
1767413322971,797,137
1767413322978,796,111
1767413322985,795,95
1767413322992,795,85
1767413322999,795,81
1767413323006,795,80
1767413323026,795,86
1767413323033,795,99
1767413323041,797,122
1767413323047,797,147
1767413323054,797,177
1767413323061,797,211
1767413323068,797,243
1767413323075,797,270
1767413323083,797,293
1767413323089,797,305
1767413323096,797,314
1767413323102,797,316
1767413323124,798,313
1767413323130,799,308
1767413323138,799,296
1767413323144,799,284
1767413323152,799,263
1767413323158,799,241
1767413323166,798,218
1767413323171,797,190
1767413323179,795,164
1767413323186,792,132
1767413323193,792,106
1767413323202,790,79
1767413323207,790,69
1767413323215,790,59
1767413323221,790,54
1767413323241,790,55
1767413323249,791,64
1767413323256,793,83
1767413323263,794,107
1767413323269,796,136
1767413323276,797,172
1767413323283,798,205
1767413323290,798,235
1767413323297,798,262
1767413323304,799,284
1767413323311,800,295
1767413323318,801,299
1767413323339,803,299
1767413323347,805,294
1767413323352,805,288
1767413323359,806,277
1767413323367,807,260
1767413323373,807,242
1767413323381,807,216
1767413323387,807,188
1767413323396,807,145
1767413323402,807,120
1767413323409,807,93
1767413323416,806,64
1767413323423,806,42
1767413323429,806,30
1767413323437,806,22
1767413323443,807,20
1767413323461,807,21
1767413323466,808,24
1767413323472,808,35
1767413323480,811,54
1767413323485,813,74
1767413323492,816,109
1767413323499,818,137
1767413323507,820,184
1767413323512,821,209
1767413323519,823,242
1767413323526,824,266
1767413323533,826,286
1767413323541,827,301
1767413323547,829,308
1767413323554,829,312
1767413323561,830,312
1767413323576,830,311
1767413323582,831,308
1767413323589,832,300
1767413323596,833,289
1767413323603,833,275
1767413323613,833,244
1767413323618,833,229
1767413323623,833,210
1767413323630,832,177
1767413323637,832,151
1767413323644,831,128
1767413323653,831,106
1767413323658,831,98
1767413323665,831,92
1767413323672,831,91
1767413323686,831,92
1767413323694,832,103
1767413323701,835,121
1767413323708,836,147
1767413323714,838,170
1767413323721,840,200
1767413323728,840,230
1767413323735,841,260
1767413323742,842,285
1767413323750,843,305
1767413323755,844,318
1767413323762,845,328
1767413323769,846,334
1767413323777,847,335
1767413323794,847,334
1767413323798,848,332
1767413323804,849,327
1767413323811,849,318
1767413323818,849,302
1767413323827,849,283
1767413323832,849,266
1767413323839,847,245
1767413323847,845,220
1767413323854,843,200
1767413323860,842,191
1767413323867,841,177
1767413323873,841,172
1767413323881,841,170
1767413323896,841,171
1767413323902,841,177
1767413323909,841,190
1767413323915,841,209
1767413323922,842,235
1767413323929,843,263
1767413323936,843,292
1767413323943,844,316
1767413323952,845,338
1767413323956,845,344
1767413323965,846,350
1767413323978,847,350
1767413323985,848,350
1767413323992,848,347
1767413323999,849,342
1767413324006,850,333
1767413324012,850,320
1767413324020,850,304
1767413324027,848,283
1767413324033,847,267
1767413324040,843,243
1767413324047,841,219
1767413324054,838,198
1767413324062,836,179
1767413324068,835,171
1767413324074,835,167
1767413324096,835,169
1767413324103,836,178
1767413324109,837,192
1767413324116,840,214
1767413324125,843,239
1767413324131,844,256
1767413324137,845,276
1767413324145,846,297
1767413324151,847,307
1767413324158,849,314
1767413324165,850,317
1767413324177,851,317
1767413324185,852,316
1767413324193,853,313
1767413324202,855,304
1767413324206,855,301
1767413324214,855,284
1767413324221,855,266
1767413324228,855,246
1767413324235,853,225
1767413324243,850,195
1767413324249,848,178
1767413324257,845,162
1767413324263,845,155
1767413324270,845,153
1767413324290,845,159
1767413324296,845,173
1767413324304,846,191
1767413324311,848,215
1767413324318,849,238
1767413324325,851,262
1767413324332,852,279
1767413324340,853,292
1767413324345,854,299
1767413324353,855,302
1767413324362,856,302
1767413324374,857,302
1767413324381,857,298
1767413324387,858,293
1767413324394,858,286
1767413324402,858,274
1767413324408,858,262
1767413324415,858,248
1767413324423,857,234
1767413324429,855,216
1767413324436,853,200
1767413324443,852,188
1767413324450,851,178
1767413324457,850,175
1767413324474,850,176
1767413324478,850,178
1767413324485,850,189
1767413324492,850,206
1767413324498,851,227
1767413324507,852,256
1767413324513,852,274
1767413324520,853,292
1767413324527,854,307
1767413324533,854,314
1767413324540,855,318
1767413324555,856,318
1767413324560,858,316
1767413324568,859,310
1767413324575,860,301
1767413324582,860,281
1767413324589,860,262
1767413324596,858,236
1767413324603,855,207
1767413324610,850,179
1767413324617,844,150
1767413324623,839,126
1767413324630,831,97
1767413324637,827,84
1767413324645,823,74
1767413324651,822,71
1767413324669,821,71
1767413324675,821,75
1767413324679,821,82
1767413324688,819,100
1767413324694,819,117
1767413324702,818,148
1767413324709,816,176
1767413324717,813,210
1767413324723,811,239
1767413324729,810,259
1767413324736,807,285
1767413324744,805,301
1767413324749,804,306
1767413324756,803,309
1767413324772,803,308
1767413324778,803,304
1767413324783,803,298
1767413324790,803,285
1767413324798,801,257
1767413324805,799,237
1767413324812,795,204
1767413324818,791,172
1767413324826,786,134
1767413324831,783,103
1767413324840,780,78
1767413324846,778,52
1767413324853,777,33
1767413324859,776,24
1767413324867,776,17
1767413324887,776,19
1767413324896,777,30
1767413324902,778,42
1767413324908,779,62
1767413324916,780,93
1767413324922,780,120
1767413324929,780,153
1767413324937,780,179
1767413324943,781,201
1767413324950,782,214
1767413324958,783,219
1767413324964,783,220
1767413324979,784,220
1767413324984,785,216
1767413324992,786,205
1767413324998,786,194
1767413325006,786,171
1767413325013,784,146
1767413325020,781,119
1767413325027,775,85
1767413325033,771,63
1767413325041,764,36
1767413325048,760,19
1767413325055,757,11
1767413325061,757,10
1767413325074,756,13
1767413325083,756,26
1767413325090,755,54
1767413325097,755,87
1767413325104,755,124
1767413325110,754,167
1767413325117,754,209
1767413325124,753,262
1767413325131,752,304
1767413325138,751,332
1767413325144,750,357
1767413325152,750,376
1767413325158,749,387
1767413325166,749,393
1767413325172,749,394
1767413325186,749,392
1767413325194,750,383
1767413325199,750,371
1767413325206,751,354
1767413325214,751,331
1767413325220,751,310
1767413325228,751,282
1767413325236,751,252
1767413325242,751,231
1767413325249,751,208
1767413325257,751,193
1767413325262,751,185
1767413325270,751,183
1767413325283,751,184
1767413325290,752,194
1767413325297,754,213
1767413325304,755,238
1767413325311,756,279
1767413325318,757,320
1767413325327,757,366
1767413325332,757,401
1767413325340,757,441
1767413325346,757,474
1767413325354,757,497
1767413325360,757,510
1767413325368,757,517
1767413325374,758,518
1767413325388,760,515
1767413325396,762,502
1767413325402,762,492
1767413325410,762,466
1767413325415,762,444
1767413325423,759,407
1767413325429,757,383
1767413325436,752,348
1767413325443,749,320
1767413325451,746,296
1767413325457,744,281
1767413325465,743,272
1767413325472,743,269
1767413325489,743,270
1767413325493,743,272
1767413325499,743,278
1767413325506,745,292
1767413325513,747,311
1767413325521,749,338
1767413325527,751,359
1767413325534,753,385
1767413325540,755,406
1767413325549,758,433
1767413325556,760,447
1767413325563,761,456
1767413325569,761,460
1767413325575,762,460
1767413325589,763,460
1767413325596,765,456
1767413325603,766,450
1767413325610,766,440
1767413325618,766,424
1767413325625,766,402
1767413325633,766,379
1767413325639,766,359
1767413325647,764,328
1767413325656,761,297
1767413325665,759,280
1767413325671,759,276
1767413325676,759,275
1767413325686,759,276
1767413325694,759,289
1767413325701,759,304
1767413325709,759,337
1767413325714,760,363
1767413325722,762,403
1767413325729,763,433
1767413325735,763,450
1767413325742,764,472
1767413325750,765,481
1767413325755,766,487
1767413325763,766,488
1767413325776,767,488
1767413325784,768,487
1767413325791,769,483
1767413325798,769,477
1767413325804,770,470
1767413325812,770,460
1767413325819,770,446
1767413325826,770,433
1767413325833,770,420
1767413325840,770,409
1767413325846,770,399
1767413325853,770,394
1767413325860,770,393
1767413325874,770,394
1767413325881,769,402
1767413325888,769,416
1767413325895,768,435
1767413325901,768,452
1767413325909,768,476
1767413325915,768,490
1767413325923,768,506
1767413325931,768,512
1767413325938,768,514
1767413325952,770,514
1767413325957,770,512
1767413325964,771,506
1767413325973,771,497
1767413325978,771,489
1767413325985,771,474
1767413325992,771,460
1767413325999,770,444
1767413326006,769,429
1767413326013,767,413
1767413326020,766,399
1767413326027,764,385
1767413326034,763,376
1767413326040,762,373
1767413326060,762,374
1767413326066,762,379
1767413326072,762,389
1767413326077,762,401
1767413326086,762,426
1767413326092,763,443
1767413326098,765,458
1767413326104,766,471
1767413326110,768,481
1767413326118,771,489
1767413326124,772,490
1767413326132,774,490
1767413326138,777,486
1767413326146,779,480
1767413326153,781,470
1767413326160,782,458
1767413326167,783,438
1767413326173,783,418
1767413326182,783,394
1767413326189,781,372
1767413326195,779,353
1767413326202,775,328
1767413326209,772,308
1767413326217,769,296
1767413326222,768,292
1767413326239,768,293
1767413326245,768,301
1767413326252,767,317
1767413326258,766,337
1767413326265,766,369
1767413326270,765,394
1767413326278,765,431
1767413326285,765,458
1767413326291,765,483
1767413326298,765,501
1767413326304,765,512
1767413326312,765,518
1767413326319,765,520
1767413326332,766,518
1767413326339,768,513
1767413326346,770,503
1767413326353,770,490
1767413326360,770,470
1767413326368,770,447
1767413326374,770,428
1767413326381,770,408
1767413326389,769,381
1767413326397,767,362
1767413326402,765,345
1767413326409,765,330
1767413326416,765,320
1767413326423,765,316
1767413326430,765,315
1767413326444,766,315
1767413326450,766,320
1767413326458,768,335
1767413326467,771,354
1767413326472,773,373
1767413326481,775,400
1767413326488,777,423
1767413326495,779,439
1767413326501,781,454
1767413326506,783,462
1767413326514,785,470
1767413326520,788,476
1767413326527,789,477
1767413326534,790,477
1767413326541,792,476
1767413326548,794,473
1767413326554,796,466
1767413326562,800,454
1767413326570,803,441
1767413326578,806,422
1767413326585,808,403
1767413326591,809,386
1767413326598,810,363
1767413326604,810,351
1767413326612,810,333
1767413326620,811,319
1767413326625,811,315
1767413326632,811,314
1767413326645,811,315
1767413326652,811,323
1767413326659,811,339
1767413326666,811,363
1767413326673,811,387
1767413326682,811,414
1767413326688,811,436
1767413326696,811,461
1767413326702,811,475
1767413326709,812,483
1767413326716,813,487
1767413326721,813,488
1767413326729,814,488
1767413326735,815,487
1767413326742,816,483
1767413326751,818,476
1767413326758,819,464
1767413326765,820,450
1767413326772,820,437
1767413326780,820,416
1767413326787,820,397
1767413326797,818,379
1767413326803,816,365
1767413326812,815,356
1767413326820,814,353
1767413326835,814,354
1767413326841,814,359
1767413326848,812,373
1767413326855,811,388
1767413326862,811,412
1767413326868,809,433
1767413326876,807,457
1767413326882,806,475
1767413326889,806,486
1767413326897,806,497
1767413326902,806,500
1767413326910,806,501
1767413326923,807,501
1767413326930,808,498
1767413326937,809,493
1767413326944,810,483
1767413326951,810,473
1767413326959,810,459
1767413326965,810,443
1767413326975,810,425
1767413326981,810,409
1767413326989,809,397
1767413326996,807,384
1767413327004,806,380
1767413327013,806,379
1767413327023,806,380
1767413327030,804,387
1767413327036,804,399
1767413327045,802,419
1767413327052,800,439
1767413327061,799,463
1767413327067,797,477
1767413327078,796,492
1767413327087,796,501
1767413327096,796,503
1767413327110,797,502
1767413327117,798,499
1767413327124,799,495
1767413327132,800,483
1767413327139,801,471
1767413327149,801,453
1767413327157,801,439
1767413327163,801,425
1767413327170,801,414
1767413327179,801,406
1767413327186,801,402
1767413327200,801,403
1767413327209,801,413
1767413327215,800,425
1767413327222,798,443
1767413327229,798,461
1767413327236,797,475
1767413327245,795,491
1767413327253,795,497
1767413327277,796,494
1767413327284,798,488
1767413327290,799,478
1767413327298,800,465
1767413327306,801,448
1767413327313,802,427
1767413327321,802,409
1767413327329,802,389
1767413327338,802,369
1767413327350,800,345
1767413327357,800,340
1767413327381,799,347
1767413327389,796,359
1767413327396,795,379
1767413327404,793,399
1767413327413,790,428
1767413327422,788,446
1767413327429,788,456
1767413327437,788,459
1767413327451,789,458
1767413327459,792,449
1767413327465,795,438
1767413327474,798,420
1767413327481,802,389
1767413327489,805,358
1767413327497,809,318
1767413327505,810,283
1767413327513,811,240
1767413327522,812,209
1767413327530,813,178
1767413327537,814,164
1767413327546,815,156
1767413327555,815,155
1767413327569,815,156
1767413327577,815,166
1767413327583,815,173
1767413327593,814,193
1767413327600,814,211
1767413327611,812,243
1767413327619,810,265
1767413327627,809,285
1767413327634,807,304
1767413327642,805,323
1767413327650,804,332
1767413327659,803,338
1767413327676,803,337
1767413327683,803,333
1767413327691,804,317
1767413327698,804,297
1767413327708,804,273
1767413327715,804,249
1767413327725,804,214
1767413327731,804,191
1767413327740,804,168
1767413327747,804,151
1767413327755,804,142
1767413327762,804,141
1767413327776,804,143
1767413327784,805,153
1767413327793,806,177
1767413327800,806,202
1767413327809,807,248
1767413327819,807,301
1767413327827,807,334
1767413327835,807,358
1767413327844,808,382
1767413327852,808,388
1767413327859,809,390
1767413327881,810,387
1767413327891,813,372
1767413327899,815,354
1767413327908,817,327
1767413327916,818,299
1767413327925,819,269
1767413327934,819,235
1767413327943,819,197
1767413327950,819,179
1767413327960,819,163
1767413327967,819,157
1767413327975,819,156
1767413327988,819,157
1767413327994,819,163
1767413328001,819,171
1767413328009,821,193
1767413328021,822,228
1767413328028,823,251
1767413328034,823,269
1767413328044,823,294
1767413328052,823,310
1767413328060,824,321
1767413328067,824,325
1767413328077,825,326
1767413328090,826,324
1767413328097,827,318
1767413328105,828,306
1767413328112,828,291
1767413328122,829,269
1767413328129,829,248
1767413328138,829,222
1767413328146,828,199
1767413328156,827,171
1767413328162,827,156
1767413328172,827,146
1767413328178,827,144
1767413328193,827,145
1767413328202,826,153
1767413328209,826,169
1767413328218,826,188
1767413328225,825,218
1767413328232,824,247
1767413328241,823,277
1767413328249,823,304
1767413328256,822,324
1767413328264,822,335
1767413328272,822,341
1767413328281,822,342
1767413328304,823,337
1767413328314,823,326
1767413328326,823,307
1767413328336,824,288
1767413328347,824,260
1767413328355,822,233
1767413328364,820,211
1767413328378,819,196
1767413328387,819,195
1767413328402,818,199
1767413328409,818,209
1767413328418,818,234
1767413328424,818,253
1767413328433,818,271
1767413328443,818,305
1767413328453,818,325
1767413328460,818,338
1767413328469,819,343
1767413328480,820,343
1767413328488,821,341
1767413328494,822,334
1767413328503,823,322
1767413328510,823,306
1767413328519,823,280
1767413328525,823,262
1767413328533,820,235
1767413328541,816,211
1767413328549,812,190
1767413328557,807,165
1767413328565,805,155
1767413328573,805,151
1767413328597,804,156
1767413328603,804,163
1767413328610,803,176
1767413328621,803,199
1767413328628,803,217
1767413328637,803,244
1767413328644,803,262
1767413328654,803,282
1767413328661,803,292
1767413328670,803,299
1767413328677,803,300
1767413328691,803,299
1767413328700,805,291
1767413328708,807,278
1767413328720,809,244
1767413328729,809,226
1767413328738,809,194
1767413328747,809,172
1767413328756,809,150
1767413328763,809,138
1767413328773,809,133
1767413328790,809,134
1767413328798,809,143
1767413328805,809,159
1767413328813,809,181
1767413328822,808,212
1767413328830,806,237
1767413328839,805,270
1767413328847,804,290
1767413328856,803,304
1767413328865,803,310
1767413328873,802,312
1767413328889,802,311
1767413328897,802,307
1767413328905,803,298
1767413328913,804,286
1767413328922,805,266
1767413328931,807,245
1767413328938,808,228
1767413328951,810,204
1767413328959,811,193
1767413328968,812,186
1767413328992,812,190
1767413328999,812,203
1767413329008,812,219
1767413329020,810,253
1767413329028,809,276
1767413329036,807,295
1767413329043,807,311
1767413329053,807,323
1767413329061,807,327
1767413329078,807,326
1767413329086,809,319
1767413329094,811,310
1767413329103,813,292
1767413329111,814,274
1767413329120,815,257
1767413329128,815,236
1767413329138,815,215
1767413329147,815,199
1767413329155,815,193
1767413329180,815,200
1767413329187,814,215
1767413329195,813,234
1767413329202,811,256
1767413329210,806,284
1767413329218,802,311
1767413329228,797,330
1767413329236,795,343
1767413329246,793,349
1767413329254,793,350
1767413329269,793,348
1767413329278,793,341
1767413329286,793,330
1767413329296,793,314
1767413329304,792,291
1767413329314,791,266
1767413329322,789,245
1767413329331,788,222
1767413329339,786,205
1767413329349,786,192
1767413329357,786,187
1767413329381,785,190
1767413329388,784,200
1767413329397,784,216
1767413329405,782,235
1767413329415,780,259
1767413329424,778,283
1767413329433,775,304
1767413329441,773,318
1767413329450,772,327
1767413329457,772,331
1767413329474,772,330
1767413329483,773,325
1767413329491,774,314
1767413329500,775,298
1767413329508,775,279
1767413329518,776,253
1767413329529,776,231
1767413329536,776,210
1767413329546,774,189
1767413329557,774,180
1767413329566,773,177
1767413329579,773,178
1767413329587,772,187
1767413329596,772,208
1767413329603,772,226
1767413329614,770,263
1767413329624,769,292
1767413329632,768,317
1767413329640,768,330
1767413329650,768,337
1767413329667,769,336
1767413329676,771,329
1767413329684,772,315
1767413329693,774,297
1767413329702,775,273
1767413329713,776,242
1767413329722,776,211
1767413329731,776,186
1767413329739,776,167
1767413329749,774,146
1767413329759,774,138
1767413329776,774,139
1767413329784,773,147
1767413329793,773,168
1767413329803,772,196
1767413329816,770,235
1767413329828,768,276
1767413329836,767,298
1767413329846,767,308
1767413329854,767,311
1767413329869,767,310
1767413329879,769,304
1767413329887,770,295
1767413329895,771,281
1767413329903,771,263
1767413329914,772,235
1767413329925,772,209
1767413329936,772,176
1767413329946,771,152
1767413329957,770,138
1767413329965,770,136
1767413329979,770,138
1767413329988,770,151
1767413329997,769,174
1767413330006,768,200
1767413330015,767,222
1767413330027,765,258
1767413330035,764,271
1767413330045,763,284
1767413330054,763,287
1767413330069,764,287
1767413330079,765,281
1767413330090,767,269
1767413330099,768,251
1767413330111,769,222
1767413330120,769,204
1767413330132,769,176
1767413330146,768,158
1767413330159,767,156
1767413330167,767,158
1767413330182,761,186
1767413330193,754,227
1767413330203,748,258
1767413330215,743,299
1767413330229,739,325
1767413330245,738,331
1767413330262,738,330
1767413330271,738,324
1767413330282,739,311
1767413330297,742,280
1767413330309,745,256
1767413330321,747,235
1767413330330,749,219
1767413330339,751,202
1767413330348,752,195
1767413330358,753,192
1767413330380,753,193
1767413330390,753,201
1767413330398,752,216
1767413330408,749,234
1767413330417,746,250
1767413330428,743,270
1767413330438,740,282
1767413330447,739,289
1767413330457,739,290
1767413330472,739,289
1767413330481,740,283
1767413330493,740,266
1767413330502,740,251
1767413330513,740,227
1767413330525,740,201
1767413330533,739,181
1767413330544,738,159
1767413330556,737,149
1767413330564,737,145
1767413330577,736,145
1767413330585,736,148
1767413330594,734,160
1767413330606,731,183
1767413330616,727,203
1767413330628,723,232
1767413330638,720,251
1767413330649,718,262
1767413330659,717,266
1767413330677,717,265
1767413330687,718,261
1767413330696,718,252
1767413330706,718,237
1767413330716,719,222
1767413330726,719,202
1767413330737,719,183
1767413330746,719,164
1767413330758,718,153
1767413330766,718,151
1767413330778,717,151
1767413330788,717,160
1767413330797,716,176
1767413330807,715,205
1767413330817,714,227
1767413330827,713,255
1767413330836,712,270
1767413330846,712,278
1767413330856,712,281
1767413330875,712,280
1767413330883,712,276
1767413330893,713,267
1767413330903,713,257
1767413330912,714,245
1767413330923,715,226
1767413330933,716,215
1767413330943,718,199
1767413330953,719,189
1767413330962,719,183
1767413330972,719,180
1767413330990,719,181
1767413330998,719,186
1767413331007,719,200
1767413331017,719,217
1767413331034,718,252
1767413331042,717,266
1767413331052,715,274
1767413331060,715,278
1767413331070,715,279
1767413331086,715,278
1767413331094,716,275
1767413331103,716,267
1767413331113,716,256
1767413331123,717,242
1767413331132,717,230
1767413331142,717,219
1767413331153,716,208
1767413331161,715,204
1767413331176,714,204
1767413331186,713,212
1767413331194,710,226
1767413331205,706,245
1767413331216,702,268
1767413331225,700,289
1767413331237,698,299
1767413331245,698,303
1767413331270,698,299
1767413331279,698,293
1767413331290,700,281
1767413331301,700,262
1767413331311,700,247
1767413331324,701,225
1767413331337,702,207
1767413331350,702,199
1767413331359,702,198
1767413331375,702,202
1767413331385,702,218
1767413331396,702,238
1767413331405,702,259
1767413331415,701,283
1767413331424,700,296
1767413331434,700,306
1767413331444,700,309
1767413331454,700,310
1767413331462,700,309
1767413331472,702,302
1767413331482,703,292
1767413331491,705,277
1767413331503,707,254
1767413331513,707,236
1767413331522,707,218
1767413331532,707,199
1767413331542,707,187
1767413331553,707,181
1767413331561,707,180
1767413331575,707,184
1767413331586,707,199
1767413331598,707,216
1767413331606,707,236
1767413331618,707,258
1767413331626,708,268
1767413331636,709,273
1767413331647,710,275
1767413331657,711,275
1767413331666,713,272
1767413331675,715,266
1767413331686,719,253
1767413331696,722,240
1767413331708,727,222
1767413331718,732,204
1767413331728,738,189
1767413331738,742,176
1767413331749,747,164
1767413331759,750,156
1767413331768,753,152
1767413331788,753,153
1767413331798,753,161
1767413331808,754,178
1767413331819,754,200
1767413331829,753,224
1767413331840,751,249
1767413331851,749,265
1767413331862,748,275
1767413331871,748,278
1767413331896,749,274
1767413331904,751,267
1767413331914,753,249
1767413331924,755,228
1767413331934,758,206
1767413331944,759,182
1767413331955,761,157
1767413331967,762,140
1767413331975,762,123
1767413331982,762,119
1767413331987,762,118
1767413332002,762,119
1767413332012,762,129
1767413332021,762,153
1767413332036,762,190
1767413332048,760,218
1767413332059,759,246
1767413332069,759,259
1767413332081,759,265
1767413332100,759,264
1767413332111,760,259
1767413332123,762,244
1767413332134,764,228
1767413332147,766,202
1767413332158,767,184
1767413332168,769,165
1767413332181,769,147
1767413332191,769,144
1767413332198,771,131
1767413332203,771,129
1767413332223,772,130
1767413332227,772,133
1767413332233,773,141
1767413332241,774,154
1767413332252,775,180
1767413332266,776,207
1767413332285,777,232
1767413332302,777,240
1767413332332,778,240
1767413332341,778,238
1767413332351,779,230
1767413332362,779,218
1767413332372,780,206
1767413332383,780,196
1767413332388,781,181
1767413332395,781,176
1767413332396,781,173
1767413332403,781,164
1767413332410,781,158
1767413332417,782,154
1767413332425,782,151
1767413332453,782,152
1767413332459,782,154
1767413332466,781,158
1767413332472,780,162
1767413332479,780,166
1767413332486,780,171
1767413332493,780,176
1767413332500,780,180
1767413332507,782,184
1767413332515,785,188
1767413332521,788,192
1767413332528,791,196
1767413332535,794,200
1767413332542,796,204
1767413332549,800,211
1767413332556,802,216
1767413332563,804,222
1767413332569,806,226
1767413332819,806,225
1767413332827,803,222
1767413332835,800,217
1767413332840,799,216
1767413332848,798,214
1767413332879,798,215
1767413332882,798,216
1767413332889,797,219
1767413332896,797,226
1767413332904,796,235
1767413332917,794,255
1767413332927,792,271
1767413332938,790,288
1767413332949,788,301
1767413332962,786,311
1767413332974,786,314
1767413333000,786,312
1767413333011,786,306
1767413333021,786,296
1767413333032,785,284
1767413333048,782,252
1767413333061,781,229
1767413333071,779,215
1767413333082,778,199
1767413333093,778,193
1767413333102,778,191
1767413333122,778,192
1767413333131,778,198
1767413333141,779,213
1767413333152,780,231
1767413333163,780,261
1767413333175,780,285
1767413333186,780,300
1767413333197,780,310
1767413333208,780,313
1767413333217,781,313
1767413333229,783,312
1767413333244,786,297
1767413333257,788,277
1767413333267,789,248
1767413333279,792,210
1767413333292,796,165
1767413333306,800,126
1767413333321,805,92
1767413333331,808,85
1767413333348,809,85
1767413333360,812,102
1767413333371,815,131
1767413333382,816,160
1767413333394,816,199
1767413333407,816,230
1767413333419,816,251
1767413333430,815,261
1767413333442,815,265
1767413333460,815,264
1767413333471,815,256
1767413333482,814,239
1767413333494,813,203
1767413333509,812,159
1767413333524,812,112
1767413333538,812,72
1767413333554,815,46
1767413333566,816,43
1767413333578,817,44
1767413333594,819,67
1767413333609,820,104
1767413333625,820,146
1767413333637,822,171
1767413333649,823,186
1767413333661,824,195
1767413333673,824,196
1767413333688,825,195
1767413333699,826,189
1767413333711,827,175
1767413333726,828,145
1767413333739,829,115
1767413333751,829,95
1767413333762,829,79
1767413333773,829,77
1767413333792,830,83
1767413333803,832,105
1767413333815,835,140
1767413333827,835,173
1767413333839,836,201
1767413333851,837,223
1767413333861,837,233
1767413333872,838,237
1767413333889,839,237
1767413333899,839,234
1767413333910,840,220
1767413333923,840,198
1767413333934,840,174
1767413333943,838,142
1767413333956,835,111
1767413333968,835,88
1767413333978,835,80
1767413333990,835,79
1767413334007,835,82
1767413334017,835,99
1767413334028,836,120
1767413334039,838,149
1767413334056,839,196
1767413334067,840,214
1767413334078,841,227
1767413334090,841,234
1767413334101,842,235
1767413334118,843,232
1767413334127,843,224
1767413334139,843,206
1767413334151,843,178
1767413334161,840,148
1767413334173,837,115
1767413334184,835,94
1767413334194,835,84
1767413334204,835,83
1767413334222,835,87
1767413334234,837,111
1767413334245,839,132
1767413334257,842,160
1767413334268,844,184
1767413334281,847,199
1767413334292,848,208
1767413334302,849,209
1767413334324,850,209
1767413334335,851,202
1767413334350,851,189
1767413334362,851,168
1767413334374,849,146
1767413334387,848,131
1767413334398,848,128
1767413334410,848,129
1767413334421,848,141
1767413334433,851,166
1767413334443,853,187
1767413334455,854,217
1767413334467,856,235
1767413334480,856,245
1767413334491,858,249
1767413334502,858,250
1767413334522,858,246
1767413334533,858,237
1767413334544,856,220
1767413334555,853,198
1767413334566,848,174
1767413334578,842,146
1767413334589,837,125
1767413334601,834,115
1767413334620,833,116
1767413334630,832,128
1767413334641,831,148
1767413334653,829,175
1767413334665,827,201
1767413334677,825,219
1767413334688,825,227
1767413334700,824,230
1767413334718,824,229
1767413334729,823,222
1767413334739,819,206
1767413334751,811,180
1767413334761,803,153
1767413334773,792,116
1767413334786,780,80
1767413334799,770,51
1767413334810,764,35
1767413334821,764,33
1767413334833,764,34
1767413334845,764,43
1767413334857,764,69
1767413334869,764,98
1767413334882,764,125
1767413334893,764,146
1767413334904,764,158
1767413334916,764,166
1767413334926,764,167
1767413334951,764,162
1767413334962,764,152
1767413334973,762,136
1767413334988,758,107
1767413335003,753,72
1767413335018,750,49
1767413335033,750,43
1767413335049,750,44
1767413335065,750,62
1767413335079,752,83
1767413335092,753,102
1767413335104,754,118
1767413335117,757,125
1767413335129,757,126
1767413335141,758,126
1767413335153,760,125
1767413335166,762,116
1767413335179,765,98
1767413335193,767,82
1767413335204,769,57
1767413335217,770,45
1767413335230,771,43
1767413335240,772,43
1767413335253,773,53
1767413335267,776,74
1767413335282,778,103
1767413335298,781,128
1767413335311,783,136
1767413335324,784,136
1767413335335,786,133
1767413335348,789,119
1767413335362,790,94
1767413335377,790,68
1767413335391,788,38
1767413335406,784,16
1767413335417,784,14
1767413335431,784,15
1767413335445,784,28
1767413335458,784,47
1767413335470,784,70
1767413335483,784,87
1767413335497,784,97
1767413335509,784,99
1767413335535,786,96
1767413335546,786,88
1767413335560,786,73
1767413335573,786,58
1767413335584,786,45
1767413335596,786,39
1767413335608,786,38
1767413335626,786,43
1767413335637,787,53
1767413335648,789,67
1767413335661,791,77
1767413335672,792,80
1767413335684,793,80
1767413335699,795,77
1767413335721,796,63
1767413335738,796,48
1767413335757,794,39
1767413335778,793,43
1767413335795,793,65
1767413335814,794,90
1767413335828,795,98
1767413335842,795,99
1767413335857,798,96
1767413335873,799,85
1767413335894,800,55
1767413335909,800,38
1767413335927,800,32
1767413335948,800,33
1767413335964,800,43
1767413335980,799,53
1767413335997,799,61
1767413336013,799,62
1767413336027,800,61
1767413336042,800,53
1767413336056,800,44
1767413336076,800,35
1767413336098,800,36
1767413336112,800,46
1767413336126,800,58
1767413336142,800,67
1767413336156,800,69
1767413336168,800,68
1767413336181,801,62
1767413336196,801,49
1767413336211,799,36
1767413336226,796,29
1767413336245,796,30
1767413336259,794,40
1767413336275,793,58
1767413336290,792,70
1767413336302,792,75
1767413336324,792,74
1767413336339,792,65
1767413336358,792,44
1767413336375,785,23
1767413336392,781,15
1767413336409,780,14
1767413336426,778,22
1767413336443,777,33
1767413336458,777,41
1767413336479,778,41
1767413336495,779,38
1767413336509,780,30
1767413336525,780,22
1767413336541,779,19
1767413336565,778,20
1767413336579,778,27
1767413336594,778,38
1767413336610,778,48
1767413336626,778,52
1767413336650,778,51
1767413336664,778,44
1767413336679,777,35
1767413336694,776,30
1767413336718,776,31
1767413336732,774,37
1767413336748,773,46
1767413336762,772,51
1767413336776,772,52
1767413336790,772,51
1767413336803,772,45
1767413336817,770,35
1767413336833,769,25
1767413336851,768,19
1767413336868,767,19
1767413336881,766,23
1767413336894,765,36
1767413336908,764,57
1767413336923,764,71
1767413336936,764,77
1767413336959,764,76
1767413336971,765,69
1767413336987,766,54
1767413337002,766,37
1767413337017,766,25
1767413337032,766,14
1767413337045,766,10
1767413337057,766,9
1767413337077,767,13
1767413337098,769,35
1767413337110,769,49
1767413337124,771,59
1767413337138,772,65
1767413337152,773,66
1767413337165,775,65
1767413337179,777,57
1767413337192,779,47
1767413337205,780,33
1767413337220,781,20
1767413337235,781,9
1767413337250,782,5
1767413337272,782,6
1767413337285,782,15
1767413337300,782,29
1767413337313,782,41
1767413337327,784,49
1767413337342,784,50
1767413337356,785,50
1767413337372,788,46
1767413337387,790,33
1767413337401,790,23
1767413337417,790,11
1767413337430,790,7
1767413337443,790,5
1767413337463,790,6
1767413337475,790,13
1767413337488,789,26
1767413337504,787,44
1767413337523,785,59
1767413337537,785,62
1767413337560,785,61
1767413337570,785,57
1767413337584,786,47
1767413337595,787,38
1767413337607,788,32
1767413337619,788,29
1767413337642,788,30
1767413337654,788,38
1767413337667,788,53
1767413337681,788,68
1767413337692,788,77
1767413337704,788,83
1767413337717,787,87
1767413337744,787,86
1767413337754,787,81
1767413337767,785,71
1767413337780,782,62
1767413337792,779,51
1767413337803,776,45
1767413337817,774,41
1767413337829,773,41
1767413337847,772,42
1767413337859,772,45
1767413337870,772,48
1767413337883,772,49
1767413337906,772,48
1767413337918,772,46
1767413337930,772,42
1767413337942,772,39
1767413337954,771,38
1767413337966,770,37
1767413337980,769,38
1767413337994,767,47
1767413338006,765,64
1767413338026,762,89
1767413338040,762,95
1767413338064,762,92
1767413338085,762,68
1767413338106,762,38
1767413338118,762,25
1767413338131,762,17
1767413338144,762,14
1767413338161,762,15
1767413338173,762,24
1767413338186,765,45
1767413338200,768,74
1767413338214,769,99
1767413338228,769,118
1767413338241,769,132
1767413338253,769,141
1767413338265,769,143
1767413338287,770,141
1767413338298,771,134
1767413338312,771,124
1767413338324,771,116
1767413338336,771,115
1767413338356,769,119
1767413338367,766,130
1767413338381,761,150
1767413338396,755,171
1767413338409,752,184
1767413338422,750,188
1767413338439,750,187
1767413338452,751,179
1767413338465,754,161
1767413338480,756,141
1767413338494,760,116
1767413338508,763,103
1767413338520,765,96
1767413338541,765,97
1767413338554,766,109
1767413338567,767,131
1767413338581,767,160
1767413338595,767,178
1767413338609,767,188
1767413338631,768,187
1767413338644,770,179
1767413338658,772,163
1767413338672,774,139
1767413338684,775,121
1767413338697,775,102
1767413338714,775,94
1767413338728,774,94
1767413338742,772,106
1767413338756,769,137
1767413338768,766,168
1767413338784,763,199
1767413338797,761,216
1767413338813,761,220
1767413338827,762,220
1767413338842,765,212
1767413338856,768,192
1767413338871,771,172
1767413338886,774,149
1767413338898,775,140
1767413338911,775,137
1767413338932,775,142
1767413338945,775,158
1767413338959,775,184
1767413338974,775,201
1767413338988,775,210
1767413338999,776,211
1767413339012,778,210
1767413339026,781,200
1767413339040,785,182
1767413339055,788,159
1767413339067,789,140
1767413339085,789,125
1767413339097,789,124
1767413339112,789,127
1767413339125,786,140
1767413339138,783,158
1767413339152,779,182
1767413339163,777,199
1767413339177,776,207
1767413339190,776,208
1767413339203,776,207
1767413339215,777,201
1767413339228,778,192
1767413339242,779,179
1767413339256,779,169
1767413339269,779,167
1767413339285,779,168
1767413339299,779,179
1767413339313,777,195
1767413339328,776,212
1767413339342,776,217
1767413339363,776,216
1767413339377,779,207
1767413339391,782,189
1767413339405,785,169
1767413339421,786,148
1767413339434,786,139
1767413339447,786,138
1767413339459,786,140
1767413339473,786,155
1767413339487,785,186
1767413339500,785,205
1767413339515,784,225
1767413339529,784,232
1767413339542,785,232
1767413339558,789,229
1767413339574,794,214
1767413339589,798,198
1767413339604,801,181
1767413339620,802,171
1767413339632,802,168
1767413339648,802,169
1767413339660,802,178
1767413339674,802,197
1767413339689,802,217
1767413339704,803,229
1767413339718,804,232
1767413339738,805,231
1767413339751,806,225
1767413339766,808,213
1767413339781,810,196
1767413339794,810,178
1767413339808,810,161
1767413339822,810,149
1767413339836,810,144
1767413339856,810,145
1767413339869,812,161
1767413339884,815,188
1767413339899,817,216
1767413339914,819,234
1767413339926,820,238
1767413339939,822,238
1767413339953,824,231
1767413339968,827,212
1767413339982,828,189
1767413339996,828,162
1767413340010,828,142
1767413340029,828,119
1767413340046,828,105
1767413340059,828,104
1767413340071,828,108
1767413340091,828,152
1767413340107,826,204
1767413340126,820,267
1767413340140,815,295
1767413340156,808,319
1767413340171,803,334
1767413340185,799,343
1767413340198,797,344
1767413340216,797,343
1767413340230,796,334
1767413340244,793,319
1767413340260,790,298
1767413340273,789,287
1767413340288,789,286
1767413340302,786,297
1767413340319,784,330
1767413340336,780,375
1767413340354,773,420
1767413340370,771,435
1767413340387,770,440
1767413340406,770,439
1767413340420,770,433
1767413340434,769,418
1767413340451,767,394
1767413340468,766,378
1767413340484,766,371
1767413340502,765,374
1767413340516,763,391
1767413340532,758,422
1767413340549,753,447
1767413340566,749,463
1767413340580,748,464
1767413340596,748,459
1767413340609,748,448
1767413340625,747,427
1767413340639,745,406
1767413340655,742,387
1767413340669,741,379
1767413340688,740,379
1767413340707,739,394
1767413340724,739,424
1767413340745,740,446
1767413340759,741,449
1767413340774,743,449
1767413340790,745,441
1767413340803,746,426
1767413340817,747,411
1767413340833,748,399
1767413340848,749,395
1767413340872,749,396
1767413340884,749,404
1767413340898,751,414
1767413340914,752,421
1767413340928,753,424
1767413340941,755,424
1767413340956,757,421
1767413340970,760,415
1767413340985,762,406
1767413340998,763,397
1767413341013,763,394
1767413341034,763,395
1767413341048,763,404
1767413341064,762,420
1767413341081,760,432
1767413341098,759,435
1767413341122,759,434
1767413341142,759,425
1767413341154,759,416
1767413341168,759,406
1767413341182,759,400
1767413341196,758,398
1767413341210,758,399
1767413341224,757,407
1767413341239,757,427
1767413341253,756,445
1767413341273,755,458
1767413341290,755,461
1767413341303,756,461
1767413341320,758,453
1767413341336,758,437
1767413341357,758,420
1767413341377,758,417
1767413341392,758,420
1767413341407,759,432
1767413341421,762,448
1767413341435,765,463
1767413341450,768,471
1767413341463,771,476
1767413341478,774,479
1767413341493,775,480
1767413341507,776,482
1767413341520,776,483
1767413341534,776,488
1767413341549,776,495
1767413341564,776,506
1767413341581,774,514
1767413341595,773,517
1767413341626,773,516
1767413341641,773,512
1767413341656,775,505
1767413341671,778,496
1767413341685,780,491
1767413341699,783,487
1767413341713,784,487
1767413341728,784,489
1767413341744,786,497
1767413341761,788,508
1767413341778,788,519
1767413341793,789,523
1767413341844,789,522
1767413341858,789,518
1767413341874,788,511
1767413341889,787,508
1767413341912,786,508
1767413341943,779,519
1767413341980,769,527
1767413341994,767,527
1767413342008,764,527
1767413342022,762,527
1767413342036,761,526
1767413342051,760,525
1767413342176,760,524
1767413342195,760,521
1767413342208,760,520
1767413342273,760,519
1767413342288,760,518
1767413342301,756,516
1767413342317,755,515
1767413342331,754,515
1767413342344,754,514
1767413342376,754,513
1767413342511,754,514
1767413342529,754,515
1767413342543,756,516
1767413342557,758,517
1767413342569,761,519
1767413342585,765,521
1767413342599,767,523
1767413342614,769,523
1767413342701,770,523
1767413342716,770,524
1767413342730,773,524
1767413342746,777,527
1767413342763,784,530
1767413342780,791,531
1767413342795,794,532
1767413342811,795,532
1767413342826,796,532
1767413342900,797,532
1767413342955,798,532
1767413342966,798,531
1767413342982,800,529
1767413342997,803,526
1767413343013,806,524
1767413343029,808,522
1767413343044,809,521
1767413343101,808,521
1767413343115,806,521
1767413343129,800,521
1767413343145,795,521
1767413343160,793,521
1767413343194,794,521
1767413343216,798,520
1767413343230,803,519
1767413343246,808,518
1767413343261,812,518
1767413343276,813,518
1767413343336,812,518
1767413343349,810,518
1767413343365,805,520
1767413343380,800,521
1767413343396,799,522
1767413343414,798,522
1767413343468,798,521
1767413343480,800,521
1767413343495,802,520
1767413343554,801,520
1767413343569,799,520
1767413343586,797,520
1767413343637,798,520
1767413343651,799,519
1767413343665,803,518
1767413343681,806,518
1767413343725,805,518
1767413343744,801,517
1767413343763,793,516
1767413343780,789,515
1767413343829,789,514
1767413343844,790,512
1767413343860,791,511
1767413343876,792,510
1767413343925,791,510
1767413343941,790,510
1767413343958,789,510
1767413343995,791,509
1767413344010,794,508
1767413344028,799,508
1767413344045,800,508
1767413344097,800,507
1767413344114,799,507
1767413344130,797,507
1767413344146,796,507
1767413344168,796,506
1767413344189,797,506
1767413344204,800,506
1767413344226,801,505
1767413344274,800,505
1767413344289,798,505
1767413344305,795,505
1767413344322,794,506
1767413344343,795,506
1767413344362,799,506
1767413344380,804,506
1767413344395,807,506
1767413344447,806,506
1767413344461,804,506
1767413344478,799,505
1767413344494,796,504
1767413344529,796,503
1767413344544,796,502
1767413344561,801,498
1767413344577,804,496
1767413344592,806,495
1767413344628,805,495
1767413344640,801,494
1767413344655,796,494
1767413344670,792,494
1767413344685,791,494
1767413344706,792,494
1767413344720,796,493
1767413344735,805,492
1767413344752,813,492
1767413344767,815,491
1767413344790,814,491
1767413344809,808,491
1767413344824,800,491
1767413344838,794,491
1767413344854,793,490
1767413344883,794,490
1767413344897,796,489
1767413344913,800,487
1767413344929,804,484
1767413344944,804,482
1767413344961,803,481
1767413344976,799,479
1767413344993,789,475
1767413345008,779,471
1767413345025,778,468
1767413345039,779,463
1767413345058,789,453
1767413345074,805,437
1767413345092,823,412
1767413345109,835,384
1767413345125,842,354
1767413345141,842,336
1767413345159,841,325
1767413345172,838,321
1767413345187,835,321
1767413345203,829,325
1767413345220,818,340
1767413345239,803,363
1767413345256,796,371
1767413345270,793,373
1767413345286,793,371
1767413345302,793,357
1767413345317,793,330
1767413345334,793,306
1767413345350,793,286
1767413345366,790,270
1767413345382,788,266
1767413345399,785,269
1767413345416,777,289
1767413345433,765,324
1767413345449,755,353
1767413345466,746,369
1767413345482,744,371
1767413345497,744,368
1767413345515,743,354
1767413345532,740,333
1767413345550,736,310
1767413345567,732,292
1767413345584,729,284
1767413345599,729,283
1767413345617,728,290
1767413345634,728,308
1767413345653,726,325
1767413345674,726,339
1767413345690,726,341
1767413345714,726,340
1767413345729,726,334
1767413345745,725,324
1767413345762,724,308
1767413345779,723,294
1767413345796,723,287
1767413345832,722,287
1767413345847,722,291
1767413345864,721,298
1767413345880,721,300
1767413345949,721,299
1767413345964,721,296
1767413345979,721,291
1767413345995,723,287
1767413346011,724,287
1767413346027,725,297
1767413346043,725,314
1767413346060,725,327
1767413346078,725,328
1767413346096,726,328
1767413346111,727,320
1767413346128,728,307
1767413346143,728,296
1767413346162,727,283
1767413346181,726,277
1767413346196,725,277
1767413346213,723,289
1767413346229,719,305
1767413346255,713,323
1767413346270,711,327
1767413346300,711,326
1767413346315,711,319
1767413346333,710,311
1767413346351,709,298
1767413346366,707,290
1767413346380,707,289
1767413346398,707,290
1767413346418,707,301
1767413346437,707,310
1767413346457,709,314
1767413346476,711,314
1767413346495,714,311
1767413346515,722,301
1767413346530,731,285
1767413346547,743,262
1767413346564,756,236
1767413346581,774,201
1767413346603,800,152
1767413346621,814,129
1767413346638,819,122
1767413346654,820,122
1767413346672,822,131
1767413346689,824,152
1767413346706,826,174
1767413346724,829,189
1767413346741,830,194
1767413346757,831,194
1767413346773,831,191
1767413346790,833,177
1767413346807,835,157
1767413346825,836,133
1767413346843,837,118
1767413346858,837,116
1767413346874,837,118
1767413346892,836,141
1767413346909,835,167
1767413346925,834,186
1767413346940,834,191
1767413346966,834,190
1767413346981,832,184
1767413346997,827,170
1767413347013,821,153
1767413347032,816,139
1767413347050,809,123
1767413347067,806,115
1767413347083,805,115
1767413347099,804,117
1767413347117,802,129
1767413347134,801,141
1767413347151,801,146
1767413347183,802,146
1767413347198,802,140
1767413347214,803,134
1767413347229,803,126
1767413347244,804,122
1767413347267,804,121
1767413347318,805,121
1767413347334,806,118
1767413347351,807,114
1767413347367,808,111
1767413347440,808,110
1767413347455,808,106
1767413347471,806,97
1767413347488,805,87
1767413347504,805,81
1767413347520,805,78
1767413347539,805,79
1767413347556,805,94
1767413347571,805,114
1767413347588,803,138
1767413347604,800,150
1767413347620,799,157
1767413347636,798,157
1767413347655,798,156
1767413347670,797,149
1767413347687,792,136
1767413347703,787,125
1767413347721,776,108
1767413347737,765,98
1767413347756,751,95
1767413347773,731,98
1767413347791,711,110
1767413347809,691,128
1767413347828,682,139
1767413347844,682,140
1767413347867,682,139
1767413347887,686,133
1767413347903,695,124
1767413347921,704,116
1767413347936,712,113
1767413347953,716,112
1767413347969,719,117
1767413347991,721,128
1767413348008,722,135
1767413348024,722,139
1767413348041,723,140
1767413348057,724,140
1767413348071,725,140
1767413348088,727,138
1767413348117,731,130
1767413348148,732,124
1767413348177,723,146
1767413348212,709,171
1767413348232,707,173
1767413348267,710,148
1767413348285,712,133
1767413348301,717,119
1767413348317,720,112
1767413348335,723,111
1767413348353,724,118
1767413348369,725,137
1767413348387,725,153
1767413348403,724,162
1767413348419,725,163
1767413348434,727,163
1767413348450,731,157
1767413348467,735,145
1767413348485,739,136
1767413348502,742,127
1767413348518,744,123
1767413348542,744,124
1767413348559,744,130
1767413348576,741,137
1767413348593,740,141
1767413348613,739,141
1767413348669,738,141
1767413348685,735,142
1767413348689,735,143
1767413348696,733,144
1767413348703,731,144
1767413348710,730,145
1767413348717,728,146
1767413348723,726,147
1767413348731,724,149
1767413348739,721,151
1767413348746,719,154
1767413348753,716,157
1767413348760,712,161
1767413348766,708,166
1767413348773,702,172
1767413348782,697,179
1767413348789,692,187
1767413348796,682,199
1767413348805,675,208
1767413348810,662,225
1767413348818,652,238
1767413348823,641,255
1767413348831,625,276
1767413348839,608,297
1767413348845,595,312
1767413348853,577,330
1767413348859,560,343
1767413348865,537,359
1767413348873,517,369
1767413348880,495,375
1767413348887,478,378
1767413348894,455,379
1767413348901,438,379
1767413348907,420,379
1767413348914,401,377
1767413348921,386,376
1767413348928,371,375
1767413348935,361,375
1767413348942,350,376
1767413348951,338,379
1767413348955,332,381
1767413348962,324,384
1767413348970,317,386
1767413348976,310,390
1767413348984,305,391
1767413348990,299,394
1767413348997,293,396
1767413349005,287,397
1767413349011,283,398
1767413349019,277,399
1767413349025,269,400
1767413349032,263,400
1767413349039,257,400
1767413349046,249,400
1767413349054,243,400
1767413349060,236,399
1767413349068,228,398
1767413349074,221,396
1767413349082,213,394
1767413349088,206,392
1767413349094,198,389
1767413349102,189,386
1767413349107,179,381
1767413349115,168,376
1767413349122,158,370
1767413349129,143,361
1767413349137,133,354
1767413349143,122,345
1767413349150,111,336
1767413349157,102,327
1767413349164,92,316
1767413349170,86,308
1767413349177,80,297
1767413349184,78,287
1767413349192,76,280
1767413349198,76,272
1767413349205,76,265
1767413349212,76,259
1767413349220,79,253
1767413349226,82,248
1767413349234,85,242
1767413349241,88,236
1767413349247,91,232
1767413349254,94,227
1767413349261,97,223
1767413349267,100,220
1767413349275,104,216
1767413349282,107,213
1767413349289,110,210
1767413349295,113,207
1767413349302,115,205
1767413349309,116,203
1767413349317,117,200
1767413349324,118,199
1767413349330,120,196
1767413349338,121,192
1767413349344,121,191
1767413349352,122,189
1767413349357,124,186
1767413349365,125,185
1767413349372,125,183
1767413349380,126,181
1767413349386,127,179
1767413349392,128,177
1767413349400,128,175
1767413349407,129,173
1767413349414,129,171
1767413349421,129,169
1767413349427,130,166
1767413349434,130,165
1767413349442,130,163
1767413349448,131,161
1767413349455,131,159
1767413349463,131,158
1767413349468,132,158
1767413349476,132,157
1767413349486,132,156
1767413349490,133,156
1767413349511,133,154
1767413349520,133,153
1767413349525,134,153
1767413349533,134,152
1767413349539,134,151
1767413349547,134,149
1767413349552,135,149
1767413349559,135,147
1767413349566,135,146
1767413349574,135,145
1767413349580,136,145
1767413349587,136,144
1767413349597,136,143
1767413349615,136,142
1767413349636,136,141
1767413349656,136,140
1767413349668,136,139
1767413349684,136,138
1767413349734,135,138
1767413349754,134,139
1767413349762,134,140
1767413349769,133,140
1767413349775,132,141
1767413349783,131,142
1767413349788,131,143
1767413349796,130,143
1767413349897,130,142
1767413349914,131,142
1767413349920,131,141
1767413349984,132,141
1767413350009,132,140
1767413350015,133,140
1767413350045,134,140
1767413350083,135,140
1767413350120,135,141
1767413350148,135,142
1767413350160,135,143
1767413350179,135,144
1767413350188,135,145
1767413350272,135,146
1767413350280,135,147
1767413350303,135,148
1767413350518,134,148
1767413350576,134,149
1767413350583,134,150
1767413350586,134,151
1767413350593,134,152
1767413350599,135,152
1767413350607,137,154
1767413350616,139,156
1767413350622,142,157
1767413350629,145,159
1767413350636,150,161
1767413350644,157,165
1767413350649,166,169
1767413350657,175,172
1767413350663,187,176
1767413350672,200,180
1767413350678,214,185
1767413350685,225,189
1767413350693,240,194
1767413350699,257,200
1767413350706,268,205
1767413350713,282,210
1767413350720,297,216
1767413350726,310,222
1767413350734,325,227
1767413350741,337,233
1767413350749,355,241
1767413350755,362,245
1767413350762,376,252
1767413350769,386,257
1767413350776,395,262
1767413350783,404,266
1767413350791,409,270
1767413350796,414,274
1767413350804,418,278
1767413350810,421,280
1767413350817,424,285
1767413350825,427,288
1767413350830,430,293
1767413350838,433,298
1767413350845,437,304
1767413350852,440,310
1767413350859,444,317
1767413350866,449,328
1767413350873,453,335
1767413350880,457,344
1767413350888,461,355
1767413350893,464,361
1767413350900,467,369
1767413350908,470,376
1767413350915,473,383
1767413350922,475,389
1767413350929,478,395
1767413350935,481,401
1767413350942,482,406
1767413350949,484,413
1767413350956,485,418
1767413350963,486,423
1767413350971,486,430
1767413350979,486,434
1767413350984,486,439
1767413350991,485,443
1767413350998,482,448
1767413351008,480,451
1767413351014,477,455
1767413351020,473,459
1767413351027,468,462
1767413351032,463,465
1767413351042,457,468
1767413351047,449,471
1767413351054,442,473
1767413351061,431,477
1767413351067,425,479
1767413351075,418,482
1767413351080,411,485
1767413351088,403,489
1767413351095,398,493
1767413351103,393,496
1767413351109,390,499
1767413351116,388,501
1767413351124,386,504
1767413351130,385,505
1767413351137,385,506
1767413351147,385,507
1767413351154,385,508
1767413351158,387,508
1767413351164,390,509
1767413351173,394,509
1767413351178,399,509
1767413351186,405,509
1767413351193,410,509
1767413351199,417,509
1767413351207,423,508
1767413351214,429,507
1767413351220,433,505
1767413351227,437,503
1767413351234,439,501
1767413351241,442,498
1767413351247,443,495
1767413351255,444,492
1767413351261,445,488
1767413351269,445,483
1767413351276,443,475
1767413351284,439,464
1767413351291,435,455
1767413351297,427,440
1767413351303,421,428
1767413351310,406,403
1767413351318,392,383
1767413351324,379,363
1767413351332,360,337
1767413351339,340,311
1767413351344,328,297
1767413351353,311,278
1767413351359,291,256
1767413351365,279,243
1767413351373,264,230
1767413351380,251,219
1767413351387,241,212
1767413351394,229,204
1767413351400,220,198
1767413351408,211,192
1767413351414,202,187
1767413351422,194,182
1767413351428,189,179
1767413351436,186,177
1767413351442,182,175
1767413351449,178,173
1767413351456,175,172
1767413351462,174,171
1767413351469,172,171
1767413351476,170,169
1767413351484,169,169
1767413351490,168,169
1767413351496,167,168
1767413351504,165,168
1767413351511,163,168
1767413351518,162,167
1767413351525,160,167
1767413351532,158,167
1767413351539,157,166
1767413351546,155,166
1767413351554,153,166
1767413351560,152,165
1767413351567,148,164
1767413351574,146,163
1767413351581,142,162
1767413351588,139,160
1767413351594,136,159
1767413351601,133,157
1767413351609,129,154
1767413351616,126,152
1767413351623,124,151
1767413351629,121,148
1767413351636,119,147
1767413351644,118,145
1767413351651,117,144
1767413351657,117,143
1767413351669,117,142
1767413351691,117,141
1767413351713,117,140
1767413351720,118,140
1767413351727,119,140
1767413351734,120,140
1767413351742,121,140
1767413351761,122,140
1767413351768,123,140
1767413351775,124,140
1767413351784,125,140
1767413351789,126,140
1767413351796,127,141
1767413351804,128,141
1767413351810,130,143
1767413351816,132,143
1767413351822,134,144
1767413351829,135,146
1767413351836,137,147
1767413351843,138,147
1767413351849,138,148
1767413351856,139,148
1767413352009,139,149
1767413352073,139,149
1767413352321,139,148
1767413352336,139,147
1767413352357,139,146
1767413352378,139,145
1767413352741,138,145
1767413352748,138,146
1767413352797,137,146
1767413352963,137,147
1767413352982,136,147
1767413353500,136,148
1767413353505,137,148
1767413353510,138,149
1767413353516,140,150
1767413353524,144,152
1767413353532,147,154
1767413353540,154,158
1767413353547,160,162
1767413353554,165,164
1767413353561,174,168
1767413353567,184,174
1767413353575,195,181
1767413353583,208,188
1767413353589,220,195
1767413353595,235,204
1767413353602,250,214
1767413353610,266,224
1767413353616,277,232
1767413353623,299,247
1767413353631,321,262
1767413353637,334,273
1767413353645,352,285
1767413353651,368,298
1767413353659,388,314
1767413353665,404,327
1767413353672,417,338
1767413353680,432,351
1767413353685,443,361
1767413353693,453,370
1767413353698,465,381
1767413353708,474,390
1767413353714,481,398
1767413353721,488,406
1767413353728,494,414
1767413353735,501,424
1767413353743,505,429
1767413353748,510,437
1767413353755,514,443
1767413353762,517,448
1767413353769,522,455
1767413353776,526,461
1767413353784,530,467
1767413353791,534,472
1767413353798,538,477
1767413353804,541,480
1767413353811,544,484
1767413353818,547,488
1767413353825,550,491
1767413353833,552,495
1767413353840,554,498
1767413353846,555,501
1767413353853,556,504
1767413353861,557,507
1767413353868,558,510
1767413353876,558,511
1767413353881,559,514
1767413353889,559,517
1767413353894,559,519
1767413353903,560,523
1767413353909,560,526
1767413353916,560,530
1767413353923,561,534
1767413353928,562,539
1767413353936,562,544
1767413353944,563,549
1767413353951,564,553
1767413353957,565,557
1767413353963,566,562
1767413353971,566,565
1767413353977,566,569
1767413353985,567,571
1767413353992,567,574
1767413353998,568,577
1767413354006,568,579
1767413354013,569,581
1767413354020,569,584
1767413354026,569,586
1767413354033,569,589
1767413354041,570,592
1767413354047,570,594
1767413354054,570,596
1767413354062,570,599
-1,-1,-1
1767413320428,722,130
1767413320429,722,131
1767413320436,722,135
1767413320443,722,141
1767413320449,722,147
1767413320457,722,157
1767413320463,722,165
1767413320470,722,174
1767413320478,722,187
1767413320484,722,197
1767413320492,722,212
1767413320498,721,224
1767413320506,720,237
1767413320513,718,249
1767413320519,717,257
1767413320527,716,268
1767413320534,714,276
1767413320540,714,281
1767413320548,713,285
1767413320555,713,286
1767413320560,713,287
1767413320580,713,286
1767413320588,714,283
1767413320596,716,277
1767413320603,717,269
1767413320609,718,260
1767413320616,720,247
1767413320623,722,233
1767413320630,723,217
1767413320638,726,198
1767413320644,727,186
1767413320652,729,165
1767413320658,730,152
1767413320665,731,138
1767413320672,733,128
1767413320679,733,120
1767413320686,735,115
1767413320693,736,112
1767413320725,736,113
1767413320727,736,114
1767413320735,736,119
1767413320742,736,127
1767413320748,737,135
1767413320755,737,143
1767413320762,737,157
1767413320770,737,172
1767413320777,736,188
1767413320783,734,202
1767413320791,732,216
1767413320797,730,225
1767413320804,729,231
1767413320812,727,238
1767413320818,725,242
1767413320825,724,246
1767413320858,724,245
1767413320860,724,244
1767413320866,724,241
1767413320873,726,236
1767413320880,726,229
1767413320888,727,216
1767413320895,728,203
1767413320902,729,191
1767413320908,731,177
1767413320915,731,164
1767413320921,732,153
1767413320929,733,144
1767413320935,733,140
1767413320943,734,137
1767413320963,734,138
1767413320971,734,141
1767413320979,732,152
1767413320984,731,161
1767413320991,728,181
1767413320998,724,199
1767413321005,720,220
1767413321013,714,245
1767413321019,710,262
1767413321027,703,280
1767413321033,699,291
1767413321040,695,299
1767413321048,691,304
1767413321055,690,306
1767413321060,689,306
1767413321073,689,305
1767413321076,689,304
1767413321082,689,300
1767413321089,689,293
1767413321097,689,281
1767413321104,689,267
1767413321109,689,257
1767413321116,690,242
1767413321123,691,226
1767413321131,693,207
1767413321137,695,195
1767413321145,697,183
1767413321152,699,174
1767413321158,701,168
1767413321165,702,165
1767413321193,703,168
1767413321200,704,177
1767413321207,705,190
1767413321215,706,208
1767413321221,706,227
1767413321228,706,247
1767413321234,706,260
1767413321241,706,280
1767413321249,706,294
1767413321256,705,304
1767413321262,704,308
1767413321269,704,311
1767413321290,704,310
1767413321298,706,306
1767413321305,708,298
1767413321312,710,288
1767413321318,711,275
1767413321326,715,255
1767413321332,717,238
1767413321339,721,216
1767413321347,724,193
1767413321353,727,170
1767413321359,728,153
1767413321366,731,133
1767413321373,734,115
1767413321381,736,104
1767413321388,738,99
1767413321394,739,98
1767413321402,739,97
1767413321410,739,98
1767413321414,740,100
1767413321422,741,108
1767413321429,744,124
1767413321437,745,146
1767413321443,747,165
1767413321449,747,190
1767413321458,747,217
1767413321465,747,240
1767413321470,747,253
1767413321478,747,272
1767413321484,747,283
1767413321493,746,294
1767413321499,746,296
1767413321505,746,298
1767413321526,746,297
1767413321533,746,292
1767413321540,748,285
1767413321547,749,273
1767413321554,751,258
1767413321560,752,240
1767413321568,754,222
1767413321576,756,196
1767413321582,758,175
1767413321589,759,155
1767413321597,761,132
1767413321603,762,121
1767413321610,763,111
1767413321616,764,105
1767413321623,765,104
1767413321644,765,107
1767413321651,767,119
1767413321658,768,133
1767413321665,770,153
1767413321672,771,173
1767413321679,771,197
1767413321686,771,220
1767413321693,771,243
1767413321700,771,262
1767413321707,771,276
1767413321714,770,291
1767413321721,769,296
1767413321728,769,300
1767413321735,768,302
1767413321756,768,301
1767413321762,768,298
1767413321769,768,292
1767413321777,768,281
1767413321783,768,269
1767413321790,768,249
1767413321798,768,223
1767413321804,768,203
1767413321811,768,172
1767413321818,768,145
1767413321825,768,116
1767413321832,768,92
1767413321839,768,73
1767413321846,769,59
1767413321852,770,52
1767413321859,771,49
1767413321866,771,48
1767413321888,771,57
1767413321893,771,69
1767413321901,772,88
1767413321908,772,115
1767413321914,772,142
1767413321922,772,177
1767413321929,771,210
1767413321936,768,244
1767413321943,764,274
1767413321950,759,301
1767413321958,755,323
1767413321965,751,335
1767413321970,749,340
1767413321978,747,343
1767413321999,747,340
1767413322006,747,330
1767413322012,747,319
1767413322019,747,300
1767413322027,747,278
1767413322032,746,253
1767413322040,746,229
1767413322048,746,198
1767413322054,745,171
1767413322061,745,145
1767413322068,745,118
1767413322074,745,98
1767413322082,745,77
1767413322089,747,62
1767413322097,749,53
1767413322103,750,51
1767413322109,750,50
1767413322121,750,51
1767413322124,750,52
1767413322130,752,60
1767413322139,754,82
1767413322145,756,102
1767413322152,756,133
1767413322158,756,165
1767413322165,756,190
1767413322172,754,225
1767413322179,751,252
1767413322187,747,280
1767413322193,743,296
1767413322200,741,308
1767413322208,738,317
1767413322214,737,320
1767413322241,737,316
1767413322248,738,308
1767413322256,738,295
1767413322263,738,277
1767413322270,738,255
1767413322276,738,237
1767413322283,739,209
1767413322290,740,185
1767413322297,742,159
1767413322304,743,131
1767413322312,746,106
1767413322318,749,91
1767413322325,752,78
1767413322332,754,71
1767413322339,756,68
1767413322359,757,70
1767413322366,758,80
1767413322374,760,100
1767413322380,762,120
1767413322388,764,158
1767413322394,764,186
1767413322402,764,226
1767413322408,764,251
1767413322415,763,282
1767413322422,761,305
1767413322429,760,317
1767413322436,760,326
1767413322443,760,330
1767413322464,760,329
1767413322471,760,326
1767413322479,762,315
1767413322485,763,305
1767413322492,764,290
1767413322499,765,268
1767413322507,766,242
1767413322513,768,217
1767413322519,769,197
1767413322527,772,163
1767413322533,773,137
1767413322540,776,110
1767413322547,777,94
1767413322554,780,80
1767413322561,782,73
1767413322568,783,71
1767413322582,784,71
1767413322589,784,76
1767413322598,786,92
1767413322603,786,111
1767413322609,788,142
1767413322617,788,178
1767413322625,788,223
1767413322630,787,250
1767413322639,784,289
1767413322644,782,315
1767413322652,780,336
1767413322659,780,347
1767413322665,779,350
1767413322686,780,347
1767413322693,782,340
1767413322700,783,331
1767413322707,784,318
1767413322714,785,300
1767413322721,786,280
1767413322728,786,256
1767413322734,786,236
1767413322742,786,209
1767413322749,786,184
1767413322756,786,158
1767413322763,786,137
1767413322770,786,122
1767413322777,786,106
1767413322784,786,100
1767413322789,787,99
1767413322811,788,103
1767413322818,788,120
1767413322826,791,145
1767413322832,792,176
1767413322839,794,211
1767413322846,794,250
1767413322853,794,283
1767413322859,794,313
1767413322867,794,336
1767413322874,794,347
1767413322881,794,351
1767413322902,796,348
1767413322909,798,341
1767413322916,799,331
1767413322923,800,315
1767413322929,800,300
1767413322936,800,276
1767413322943,800,249
1767413322950,800,220
1767413322958,800,187
1767413322964,798,160
1767413322971,797,137
1767413322978,796,111
1767413322985,795,95
1767413322992,795,85
1767413322999,795,81
1767413323006,795,80
1767413323026,795,86
1767413323033,795,99
1767413323041,797,122
1767413323047,797,147
1767413323054,797,177
1767413323061,797,211
1767413323068,797,243
1767413323075,797,270
1767413323083,797,293
1767413323089,797,305
1767413323096,797,314
1767413323102,797,316
1767413323124,798,313
1767413323130,799,308
1767413323138,799,296
1767413323144,799,284
1767413323152,799,263
1767413323158,799,241
1767413323166,798,218
1767413323171,797,190
1767413323179,795,164
1767413323186,792,132
1767413323193,792,106
1767413323202,790,79
1767413323207,790,69
1767413323215,790,59
1767413323221,790,54
1767413323241,790,55
1767413323249,791,64
1767413323256,793,83
1767413323263,794,107
1767413323269,796,136
1767413323276,797,172
1767413323283,798,205
1767413323290,798,235
1767413323297,798,262
1767413323304,799,284
1767413323311,800,295
1767413323318,801,299
1767413323339,803,299
1767413323347,805,294
1767413323352,805,288
1767413323359,806,277
1767413323367,807,260
1767413323373,807,242
1767413323381,807,216
1767413323387,807,188
1767413323396,807,145
1767413323402,807,120
1767413323409,807,93
1767413323416,806,64
1767413323423,806,42
1767413323429,806,30
1767413323437,806,22
1767413323443,807,20
1767413323461,807,21
1767413323466,808,24
1767413323472,808,35
1767413323480,811,54
1767413323485,813,74
1767413323492,816,109
1767413323499,818,137
1767413323507,820,184
1767413323512,821,209
1767413323519,823,242
1767413323526,824,266
1767413323533,826,286
1767413323541,827,301
1767413323547,829,308
1767413323554,829,312
1767413323561,830,312
1767413323576,830,311
1767413323582,831,308
1767413323589,832,300
1767413323596,833,289
1767413323603,833,275
1767413323613,833,244
1767413323618,833,229
1767413323623,833,210
1767413323630,832,177
1767413323637,832,151
1767413323644,831,128
1767413323653,831,106
1767413323658,831,98
1767413323665,831,92
1767413323672,831,91
1767413323686,831,92
1767413323694,832,103
1767413323701,835,121
1767413323708,836,147
1767413323714,838,170
1767413323721,840,200
1767413323728,840,230
1767413323735,841,260
1767413323742,842,285
1767413323750,843,305
1767413323755,844,318
1767413323762,845,328
1767413323769,846,334
1767413323777,847,335
1767413323794,847,334
1767413323798,848,332
1767413323804,849,327
1767413323811,849,318
1767413323818,849,302
1767413323827,849,283
1767413323832,849,266
1767413323839,847,245
1767413323847,845,220
1767413323854,843,200
1767413323860,842,191
1767413323867,841,177
1767413323873,841,172
1767413323881,841,170
1767413323896,841,171
1767413323902,841,177
1767413323909,841,190
1767413323915,841,209
1767413323922,842,235
1767413323929,843,263
1767413323936,843,292
1767413323943,844,316
1767413323952,845,338
1767413323956,845,344
1767413323965,846,350
1767413323978,847,350
1767413323985,848,350
1767413323992,848,347
1767413323999,849,342
1767413324006,850,333
1767413324012,850,320
1767413324020,850,304
1767413324027,848,283
1767413324033,847,267
1767413324040,843,243
1767413324047,841,219
1767413324054,838,198
1767413324062,836,179
1767413324068,835,171
1767413324074,835,167
1767413324096,835,169
1767413324103,836,178
1767413324109,837,192
1767413324116,840,214
1767413324125,843,239
1767413324131,844,256
1767413324137,845,276
1767413324145,846,297
1767413324151,847,307
1767413324158,849,314
1767413324165,850,317
1767413324177,851,317
1767413324185,852,316
1767413324193,853,313
1767413324202,855,304
1767413324206,855,301
1767413324214,855,284
1767413324221,855,266
1767413324228,855,246
1767413324235,853,225
1767413324243,850,195
1767413324249,848,178
1767413324257,845,162
1767413324263,845,155
1767413324270,845,153
1767413324290,845,159
1767413324296,845,173
1767413324304,846,191
1767413324311,848,215
1767413324318,849,238
1767413324325,851,262
1767413324332,852,279
1767413324340,853,292
1767413324345,854,299
1767413324353,855,302
1767413324362,856,302
1767413324374,857,302
1767413324381,857,298
1767413324387,858,293
1767413324394,858,286
1767413324402,858,274
1767413324408,858,262
1767413324415,858,248
1767413324423,857,234
1767413324429,855,216
1767413324436,853,200
1767413324443,852,188
1767413324450,851,178
1767413324457,850,175
1767413324474,850,176
1767413324478,850,178
1767413324485,850,189
1767413324492,850,206
1767413324498,851,227
1767413324507,852,256
1767413324513,852,274
1767413324520,853,292
1767413324527,854,307
1767413324533,854,314
1767413324540,855,318
1767413324555,856,318
1767413324560,858,316
1767413324568,859,310
1767413324575,860,301
1767413324582,860,281
1767413324589,860,262
1767413324596,858,236
1767413324603,855,207
1767413324610,850,179
1767413324617,844,150
1767413324623,839,126
1767413324630,831,97
1767413324637,827,84
1767413324645,823,74
1767413324651,822,71
1767413324669,821,71
1767413324675,821,75
1767413324679,821,82
1767413324688,819,100
1767413324694,819,117
1767413324702,818,148
1767413324709,816,176
1767413324717,813,210
1767413324723,811,239
1767413324729,810,259
1767413324736,807,285
1767413324744,805,301
1767413324749,804,306
1767413324756,803,309
1767413324772,803,308
1767413324778,803,304
1767413324783,803,298
1767413324790,803,285
1767413324798,801,257
1767413324805,799,237
1767413324812,795,204
1767413324818,791,172
1767413324826,786,134
1767413324831,783,103
1767413324840,780,78
1767413324846,778,52
1767413324853,777,33
1767413324859,776,24
1767413324867,776,17
1767413324887,776,19
1767413324896,777,30
1767413324902,778,42
1767413324908,779,62
1767413324916,780,93
1767413324922,780,120
1767413324929,780,153
1767413324937,780,179
1767413324943,781,201
1767413324950,782,214
1767413324958,783,219
1767413324964,783,220
1767413324979,784,220
1767413324984,785,216
1767413324992,786,205
1767413324998,786,194
1767413325006,786,171
1767413325013,784,146
1767413325020,781,119
1767413325027,775,85
1767413325033,771,63
1767413325041,764,36
1767413325048,760,19
1767413325055,757,11
1767413325061,757,10
1767413325074,756,13
1767413325083,756,26
1767413325090,755,54
1767413325097,755,87
1767413325104,755,124
1767413325110,754,167
1767413325117,754,209
1767413325124,753,262
1767413325131,752,304
1767413325138,751,332
1767413325144,750,357
1767413325152,750,376
1767413325158,749,387
1767413325166,749,393
1767413325172,749,394
1767413325186,749,392
1767413325194,750,383
1767413325199,750,371
1767413325206,751,354
1767413325214,751,331
1767413325220,751,310
1767413325228,751,282
1767413325236,751,252
1767413325242,751,231
1767413325249,751,208
1767413325257,751,193
1767413325262,751,185
1767413325270,751,183
1767413325283,751,184
1767413325290,752,194
1767413325297,754,213
1767413325304,755,238
1767413325311,756,279
1767413325318,757,320
1767413325327,757,366
1767413325332,757,401
1767413325340,757,441
1767413325346,757,474
1767413325354,757,497
1767413325360,757,510
1767413325368,757,517
1767413325374,758,518
1767413325388,760,515
1767413325396,762,502
1767413325402,762,492
1767413325410,762,466
1767413325415,762,444
1767413325423,759,407
1767413325429,757,383
1767413325436,752,348
1767413325443,749,320
1767413325451,746,296
1767413325457,744,281
1767413325465,743,272
1767413325472,743,269
1767413325489,743,270
1767413325493,743,272
1767413325499,743,278
1767413325506,745,292
1767413325513,747,311
1767413325521,749,338
1767413325527,751,359
1767413325534,753,385
1767413325540,755,406
1767413325549,758,433
1767413325556,760,447
1767413325563,761,456
1767413325569,761,460
1767413325575,762,460
1767413325589,763,460
1767413325596,765,456
1767413325603,766,450
1767413325610,766,440
1767413325618,766,424
1767413325625,766,402
1767413325633,766,379
1767413325639,766,359
1767413325647,764,328
1767413325656,761,297
1767413325665,759,280
1767413325671,759,276
1767413325676,759,275
1767413325686,759,276
1767413325694,759,289
1767413325701,759,304
1767413325709,759,337
1767413325714,760,363
1767413325722,762,403
1767413325729,763,433
1767413325735,763,450
1767413325742,764,472
1767413325750,765,481
1767413325755,766,487
1767413325763,766,488
1767413325776,767,488
1767413325784,768,487
1767413325791,769,483
1767413325798,769,477
1767413325804,770,470
1767413325812,770,460
1767413325819,770,446
1767413325826,770,433
1767413325833,770,420
1767413325840,770,409
1767413325846,770,399
1767413325853,770,394
1767413325860,770,393
1767413325874,770,394
1767413325881,769,402
1767413325888,769,416
1767413325895,768,435
1767413325901,768,452
1767413325909,768,476
1767413325915,768,490
1767413325923,768,506
1767413325931,768,512
1767413325938,768,514
1767413325952,770,514
1767413325957,770,512
1767413325964,771,506
1767413325973,771,497
1767413325978,771,489
1767413325985,771,474
1767413325992,771,460
1767413325999,770,444
1767413326006,769,429
1767413326013,767,413
1767413326020,766,399
1767413326027,764,385
1767413326034,763,376
1767413326040,762,373
1767413326060,762,374
1767413326066,762,379
1767413326072,762,389
1767413326077,762,401
1767413326086,762,426
1767413326092,763,443
1767413326098,765,458
1767413326104,766,471
1767413326110,768,481
1767413326118,771,489
1767413326124,772,490
1767413326132,774,490
1767413326138,777,486
1767413326146,779,480
1767413326153,781,470
1767413326160,782,458
1767413326167,783,438
1767413326173,783,418
1767413326182,783,394
1767413326189,781,372
1767413326195,779,353
1767413326202,775,328
1767413326209,772,308
1767413326217,769,296
1767413326222,768,292
1767413326239,768,293
1767413326245,768,301
1767413326252,767,317
1767413326258,766,337
1767413326265,766,369
1767413326270,765,394
1767413326278,765,431
1767413326285,765,458
1767413326291,765,483
1767413326298,765,501
1767413326304,765,512
1767413326312,765,518
1767413326319,765,520
1767413326332,766,518
1767413326339,768,513
1767413326346,770,503
1767413326353,770,490
1767413326360,770,470
1767413326368,770,447
1767413326374,770,428
1767413326381,770,408
1767413326389,769,381
1767413326397,767,362
1767413326402,765,345
1767413326409,765,330
1767413326416,765,320
1767413326423,765,316
1767413326430,765,315
1767413326444,766,315
1767413326450,766,320
1767413326458,768,335
1767413326467,771,354
1767413326472,773,373
1767413326481,775,400
1767413326488,777,423
1767413326495,779,439
1767413326501,781,454
1767413326506,783,462
1767413326514,785,470
1767413326520,788,476
1767413326527,789,477
1767413326534,790,477
1767413326541,792,476
1767413326548,794,473
1767413326554,796,466
1767413326562,800,454
1767413326570,803,441
1767413326578,806,422
1767413326585,808,403
1767413326591,809,386
1767413326598,810,363
1767413326604,810,351
1767413326612,810,333
1767413326620,811,319
1767413326625,811,315
1767413326632,811,314
1767413326645,811,315
1767413326652,811,323
1767413326659,811,339
1767413326666,811,363
1767413326673,811,387
1767413326682,811,414
1767413326688,811,436
1767413326696,811,461
1767413326702,811,475
1767413326709,812,483
1767413326716,813,487
1767413326721,813,488
1767413326729,814,488
1767413326735,815,487
1767413326742,816,483
1767413326751,818,476
1767413326758,819,464
1767413326765,820,450
1767413326772,820,437
1767413326780,820,416
1767413326787,820,397
1767413326797,818,379
1767413326803,816,365
1767413326812,815,356
1767413326820,814,353
1767413326835,814,354
1767413326841,814,359
1767413326848,812,373
1767413326855,811,388
1767413326862,811,412
1767413326868,809,433
1767413326876,807,457
1767413326882,806,475
1767413326889,806,486
1767413326897,806,497
1767413326902,806,500
1767413326910,806,501
1767413326923,807,501
1767413326930,808,498
1767413326937,809,493
1767413326944,810,483
1767413326951,810,473
1767413326959,810,459
1767413326965,810,443
1767413326975,810,425
1767413326981,810,409
1767413326989,809,397
1767413326996,807,384
1767413327004,806,380
1767413327013,806,379
1767413327023,806,380
1767413327030,804,387
1767413327036,804,399
1767413327045,802,419
1767413327052,800,439
1767413327061,799,463
1767413327067,797,477
1767413327078,796,492
1767413327087,796,501
1767413327096,796,503
1767413327110,797,502
1767413327117,798,499
1767413327124,799,495
1767413327132,800,483
1767413327139,801,471
1767413327149,801,453
1767413327157,801,439
1767413327163,801,425
1767413327170,801,414
1767413327179,801,406
1767413327186,801,402
1767413327200,801,403
1767413327209,801,413
1767413327215,800,425
1767413327222,798,443
1767413327229,798,461
1767413327236,797,475
1767413327245,795,491
1767413327253,795,497
1767413327277,796,494
1767413327284,798,488
1767413327290,799,478
1767413327298,800,465
1767413327306,801,448
1767413327313,802,427
1767413327321,802,409
1767413327329,802,389
1767413327338,802,369
1767413327350,800,345
1767413327357,800,340
1767413327381,799,347
1767413327389,796,359
1767413327396,795,379
1767413327404,793,399
1767413327413,790,428
1767413327422,788,446
1767413327429,788,456
1767413327437,788,459
1767413327451,789,458
1767413327459,792,449
1767413327465,795,438
1767413327474,798,420
1767413327481,802,389
1767413327489,805,358
1767413327497,809,318
1767413327505,810,283
1767413327513,811,240
1767413327522,812,209
1767413327530,813,178
1767413327537,814,164
1767413327546,815,156
1767413327555,815,155
1767413327569,815,156
1767413327577,815,166
1767413327583,815,173
1767413327593,814,193
1767413327600,814,211
1767413327611,812,243
1767413327619,810,265
1767413327627,809,285
1767413327634,807,304
1767413327642,805,323
1767413327650,804,332
1767413327659,803,338
1767413327676,803,337
1767413327683,803,333
1767413327691,804,317
1767413327698,804,297
1767413327708,804,273
1767413327715,804,249
1767413327725,804,214
1767413327731,804,191
1767413327740,804,168
1767413327747,804,151
1767413327755,804,142
1767413327762,804,141
1767413327776,804,143
1767413327784,805,153
1767413327793,806,177
1767413327800,806,202
1767413327809,807,248
1767413327819,807,301
1767413327827,807,334
1767413327835,807,358
1767413327844,808,382
1767413327852,808,388
1767413327859,809,390
1767413327881,810,387
1767413327891,813,372
1767413327899,815,354
1767413327908,817,327
1767413327916,818,299
1767413327925,819,269
1767413327934,819,235
1767413327943,819,197
1767413327950,819,179
1767413327960,819,163
1767413327967,819,157
1767413327975,819,156
1767413327988,819,157
1767413327994,819,163
1767413328001,819,171
1767413328009,821,193
1767413328021,822,228
1767413328028,823,251
1767413328034,823,269
1767413328044,823,294
1767413328052,823,310
1767413328060,824,321
1767413328067,824,325
1767413328077,825,326
1767413328090,826,324
1767413328097,827,318
1767413328105,828,306
1767413328112,828,291
1767413328122,829,269
1767413328129,829,248
1767413328138,829,222
1767413328146,828,199
1767413328156,827,171
1767413328162,827,156
1767413328172,827,146
1767413328178,827,144
1767413328193,827,145
1767413328202,826,153
1767413328209,826,169
1767413328218,826,188
1767413328225,825,218
1767413328232,824,247
1767413328241,823,277
1767413328249,823,304
1767413328256,822,324
1767413328264,822,335
1767413328272,822,341
1767413328281,822,342
1767413328304,823,337
1767413328314,823,326
1767413328326,823,307
1767413328336,824,288
1767413328347,824,260
1767413328355,822,233
1767413328364,820,211
1767413328378,819,196
1767413328387,819,195
1767413328402,818,199
1767413328409,818,209
1767413328418,818,234
1767413328424,818,253
1767413328433,818,271
1767413328443,818,305
1767413328453,818,325
1767413328460,818,338
1767413328469,819,343
1767413328480,820,343
1767413328488,821,341
1767413328494,822,334
1767413328503,823,322
1767413328510,823,306
1767413328519,823,280
1767413328525,823,262
1767413328533,820,235
1767413328541,816,211
1767413328549,812,190
1767413328557,807,165
1767413328565,805,155
1767413328573,805,151
1767413328597,804,156
1767413328603,804,163
1767413328610,803,176
1767413328621,803,199
1767413328628,803,217
1767413328637,803,244
1767413328644,803,262
1767413328654,803,282
1767413328661,803,292
1767413328670,803,299
1767413328677,803,300
1767413328691,803,299
1767413328700,805,291
1767413328708,807,278
1767413328720,809,244
1767413328729,809,226
1767413328738,809,194
1767413328747,809,172
1767413328756,809,150
1767413328763,809,138
1767413328773,809,133
1767413328790,809,134
1767413328798,809,143
1767413328805,809,159
1767413328813,809,181
1767413328822,808,212
1767413328830,806,237
1767413328839,805,270
1767413328847,804,290
1767413328856,803,304
1767413328865,803,310
1767413328873,802,312
1767413328889,802,311
1767413328897,802,307
1767413328905,803,298
1767413328913,804,286
1767413328922,805,266
1767413328931,807,245
1767413328938,808,228
1767413328951,810,204
1767413328959,811,193
1767413328968,812,186
1767413328992,812,190
1767413328999,812,203
1767413329008,812,219
1767413329020,810,253
1767413329028,809,276
1767413329036,807,295
1767413329043,807,311
1767413329053,807,323
1767413329061,807,327
1767413329078,807,326
1767413329086,809,319
1767413329094,811,310
1767413329103,813,292
1767413329111,814,274
1767413329120,815,257
1767413329128,815,236
1767413329138,815,215
1767413329147,815,199
1767413329155,815,193
1767413329180,815,200
1767413329187,814,215
1767413329195,813,234
1767413329202,811,256
1767413329210,806,284
1767413329218,802,311
1767413329228,797,330
1767413329236,795,343
1767413329246,793,349
1767413329254,793,350
1767413329269,793,348
1767413329278,793,341
1767413329286,793,330
1767413329296,793,314
1767413329304,792,291
1767413329314,791,266
1767413329322,789,245
1767413329331,788,222
1767413329339,786,205
1767413329349,786,192
1767413329357,786,187
1767413329381,785,190
1767413329388,784,200
1767413329397,784,216
1767413329405,782,235
1767413329415,780,259
1767413329424,778,283
1767413329433,775,304
1767413329441,773,318
1767413329450,772,327
1767413329457,772,331
1767413329474,772,330
1767413329483,773,325
1767413329491,774,314
1767413329500,775,298
1767413329508,775,279
1767413329518,776,253
1767413329529,776,231
1767413329536,776,210
1767413329546,774,189
1767413329557,774,180
1767413329566,773,177
1767413329579,773,178
1767413329587,772,187
1767413329596,772,208
1767413329603,772,226
1767413329614,770,263
1767413329624,769,292
1767413329632,768,317
1767413329640,768,330
1767413329650,768,337
1767413329667,769,336
1767413329676,771,329
1767413329684,772,315
1767413329693,774,297
1767413329702,775,273
1767413329713,776,242
1767413329722,776,211
1767413329731,776,186
1767413329739,776,167
1767413329749,774,146
1767413329759,774,138
1767413329776,774,139
1767413329784,773,147
1767413329793,773,168
1767413329803,772,196
1767413329816,770,235
1767413329828,768,276
1767413329836,767,298
1767413329846,767,308
1767413329854,767,311
1767413329869,767,310
1767413329879,769,304
1767413329887,770,295
1767413329895,771,281
1767413329903,771,263
1767413329914,772,235
1767413329925,772,209
1767413329936,772,176
1767413329946,771,152
1767413329957,770,138
1767413329965,770,136
1767413329979,770,138
1767413329988,770,151
1767413329997,769,174
1767413330006,768,200
1767413330015,767,222
1767413330027,765,258
1767413330035,764,271
1767413330045,763,284
1767413330054,763,287
1767413330069,764,287
1767413330079,765,281
1767413330090,767,269
1767413330099,768,251
1767413330111,769,222
1767413330120,769,204
1767413330132,769,176
1767413330146,768,158
1767413330159,767,156
1767413330167,767,158
1767413330182,761,186
1767413330193,754,227
1767413330203,748,258
1767413330215,743,299
1767413330229,739,325
1767413330245,738,331
1767413330262,738,330
1767413330271,738,324
1767413330282,739,311
1767413330297,742,280
1767413330309,745,256
1767413330321,747,235
1767413330330,749,219
1767413330339,751,202
1767413330348,752,195
1767413330358,753,192
1767413330380,753,193
1767413330390,753,201
1767413330398,752,216
1767413330408,749,234
1767413330417,746,250
1767413330428,743,270
1767413330438,740,282
1767413330447,739,289
1767413330457,739,290
1767413330472,739,289
1767413330481,740,283
1767413330493,740,266
1767413330502,740,251
1767413330513,740,227
1767413330525,740,201
1767413330533,739,181
1767413330544,738,159
1767413330556,737,149
1767413330564,737,145
1767413330577,736,145
1767413330585,736,148
1767413330594,734,160
1767413330606,731,183
1767413330616,727,203
1767413330628,723,232
1767413330638,720,251
1767413330649,718,262
1767413330659,717,266
1767413330677,717,265
1767413330687,718,261
1767413330696,718,252
1767413330706,718,237
1767413330716,719,222
1767413330726,719,202
1767413330737,719,183
1767413330746,719,164
1767413330758,718,153
1767413330766,718,151
1767413330778,717,151
1767413330788,717,160
1767413330797,716,176
1767413330807,715,205
1767413330817,714,227
1767413330827,713,255
1767413330836,712,270
1767413330846,712,278
1767413330856,712,281
1767413330875,712,280
1767413330883,712,276
1767413330893,713,267
1767413330903,713,257
1767413330912,714,245
1767413330923,715,226
1767413330933,716,215
1767413330943,718,199
1767413330953,719,189
1767413330962,719,183
1767413330972,719,180
1767413330990,719,181
1767413330998,719,186
1767413331007,719,200
1767413331017,719,217
1767413331034,718,252
1767413331042,717,266
1767413331052,715,274
1767413331060,715,278
1767413331070,715,279
1767413331086,715,278
1767413331094,716,275
1767413331103,716,267
1767413331113,716,256
1767413331123,717,242
1767413331132,717,230
1767413331142,717,219
1767413331153,716,208
1767413331161,715,204
1767413331176,714,204
1767413331186,713,212
1767413331194,710,226
1767413331205,706,245
1767413331216,702,268
1767413331225,700,289
1767413331237,698,299
1767413331245,698,303
1767413331270,698,299
1767413331279,698,293
1767413331290,700,281
1767413331301,700,262
1767413331311,700,247
1767413331324,701,225
1767413331337,702,207
1767413331350,702,199
1767413331359,702,198
1767413331375,702,202
1767413331385,702,218
1767413331396,702,238
1767413331405,702,259
1767413331415,701,283
1767413331424,700,296
1767413331434,700,306
1767413331444,700,309
1767413331454,700,310
1767413331462,700,309
1767413331472,702,302
1767413331482,703,292
1767413331491,705,277
1767413331503,707,254
1767413331513,707,236
1767413331522,707,218
1767413331532,707,199
1767413331542,707,187
1767413331553,707,181
1767413331561,707,180
1767413331575,707,184
1767413331586,707,199
1767413331598,707,216
1767413331606,707,236
1767413331618,707,258
1767413331626,708,268
1767413331636,709,273
1767413331647,710,275
1767413331657,711,275
1767413331666,713,272
1767413331675,715,266
1767413331686,719,253
1767413331696,722,240
1767413331708,727,222
1767413331718,732,204
1767413331728,738,189
1767413331738,742,176
1767413331749,747,164
1767413331759,750,156
1767413331768,753,152
1767413331788,753,153
1767413331798,753,161
1767413331808,754,178
1767413331819,754,200
1767413331829,753,224
1767413331840,751,249
1767413331851,749,265
1767413331862,748,275
1767413331871,748,278
1767413331896,749,274
1767413331904,751,267
1767413331914,753,249
1767413331924,755,228
1767413331934,758,206
1767413331944,759,182
1767413331955,761,157
1767413331967,762,140
1767413331996,762,118
1767413332002,762,119
1767413332012,762,129
1767413332021,762,153
1767413332036,762,190
1767413332048,760,218
1767413332059,759,246
1767413332069,759,259
1767413332081,759,265
1767413332100,759,264
1767413332111,760,259
1767413332123,762,244
1767413332134,764,228
1767413332147,766,202
1767413332158,767,184
1767413332168,769,165
1767413332181,769,147
1767413332191,769,144
1767413332228,772,133
1767413332233,773,141
1767413332241,774,154
1767413332252,775,180
1767413332266,776,207
1767413332285,777,232
1767413332302,777,240
1767413332332,778,240
1767413332341,778,238
1767413332351,779,230
1767413332362,779,218
1767413332372,780,206
1767413332383,780,196
1767413332890,797,219
1767413332896,797,226
1767413332904,796,235
1767413332917,794,255
1767413332927,792,271
1767413332938,790,288
1767413332949,788,301
1767413332962,786,311
1767413332974,786,314
1767413333000,786,312
1767413333011,786,306
1767413333021,786,296
1767413333032,785,284
1767413333048,782,252
1767413333061,781,229
1767413333071,779,215
1767413333082,778,199
1767413333093,778,193
1767413333102,778,191
1767413333122,778,192
1767413333131,778,198
1767413333141,779,213
1767413333152,780,231
1767413333163,780,261
1767413333175,780,285
1767413333186,780,300
1767413333197,780,310
1767413333208,780,313
1767413333217,781,313
1767413333229,783,312
1767413333244,786,297
1767413333257,788,277
1767413333267,789,248
1767413333279,792,210
1767413333292,796,165
1767413333306,800,126
1767413333321,805,92
1767413333331,808,85
1767413333348,809,85
1767413333360,812,102
1767413333371,815,131
1767413333382,816,160
1767413333394,816,199
1767413333407,816,230
1767413333419,816,251
1767413333430,815,261
1767413333442,815,265
1767413333460,815,264
1767413333471,815,256
1767413333482,814,239
1767413333494,813,203
1767413333509,812,159
1767413333524,812,112
1767413333538,812,72
1767413333554,815,46
1767413333566,816,43
1767413333578,817,44
1767413333594,819,67
1767413333609,820,104
1767413333625,820,146
1767413333637,822,171
1767413333649,823,186
1767413333661,824,195
1767413333673,824,196
1767413333688,825,195
1767413333699,826,189
1767413333711,827,175
1767413333726,828,145
1767413333739,829,115
1767413333751,829,95
1767413333762,829,79
1767413333773,829,77
1767413333792,830,83
1767413333803,832,105
1767413333815,835,140
1767413333827,835,173
1767413333839,836,201
1767413333851,837,223
1767413333861,837,233
1767413333872,838,237
1767413333889,839,237
1767413333899,839,234
1767413333910,840,220
1767413333923,840,198
1767413333934,840,174
1767413333943,838,142
1767413333956,835,111
1767413333968,835,88
1767413333978,835,80
1767413333990,835,79
1767413334007,835,82
1767413334017,835,99
1767413334028,836,120
1767413334039,838,149
1767413334056,839,196
1767413334067,840,214
1767413334078,841,227
1767413334090,841,234
1767413334101,842,235
1767413334118,843,232
1767413334127,843,224
1767413334139,843,206
1767413334151,843,178
1767413334161,840,148
1767413334173,837,115
1767413334184,835,94
1767413334194,835,84
1767413334204,835,83
1767413334222,835,87
1767413334234,837,111
1767413334245,839,132
1767413334257,842,160
1767413334268,844,184
1767413334281,847,199
1767413334292,848,208
1767413334302,849,209
1767413334324,850,209
1767413334335,851,202
1767413334350,851,189
1767413334362,851,168
1767413334374,849,146
1767413334387,848,131
1767413334398,848,128
1767413334410,848,129
1767413334421,848,141
1767413334433,851,166
1767413334443,853,187
1767413334455,854,217
1767413334467,856,235
1767413334480,856,245
1767413334491,858,249
1767413334502,858,250
1767413334522,858,246
1767413334533,858,237
1767413334544,856,220
1767413334555,853,198
1767413334566,848,174
1767413334578,842,146
1767413334589,837,125
1767413334601,834,115
1767413334620,833,116
1767413334630,832,128
1767413334641,831,148
1767413334653,829,175
1767413334665,827,201
1767413334677,825,219
1767413334688,825,227
1767413334700,824,230
1767413334718,824,229
1767413334729,823,222
1767413334739,819,206
1767413334751,811,180
1767413334761,803,153
1767413334773,792,116
1767413334786,780,80
1767413334799,770,51
1767413334810,764,35
1767413334821,764,33
1767413334833,764,34
1767413334845,764,43
1767413334857,764,69
1767413334869,764,98
1767413334882,764,125
1767413334893,764,146
1767413334904,764,158
1767413334916,764,166
1767413334926,764,167
1767413334951,764,162
1767413334962,764,152
1767413334973,762,136
1767413334988,758,107
1767413335003,753,72
1767413335018,750,49
1767413335033,750,43
1767413335049,750,44
1767413335065,750,62
1767413335079,752,83
1767413335092,753,102
1767413335104,754,118
1767413335117,757,125
1767413335129,757,126
1767413335141,758,126
1767413335153,760,125
1767413335166,762,116
1767413335179,765,98
1767413335193,767,82
1767413335204,769,57
1767413335217,770,45
1767413335230,771,43
1767413335240,772,43
1767413335253,773,53
1767413335267,776,74
1767413335282,778,103
1767413335298,781,128
1767413335311,783,136
1767413335324,784,136
1767413335335,786,133
1767413335348,789,119
1767413335362,790,94
1767413335377,790,68
1767413335391,788,38
1767413335406,784,16
1767413335417,784,14
1767413335431,784,15
1767413335445,784,28
1767413335458,784,47
1767413335470,784,70
1767413335483,784,87
1767413335497,784,97
1767413335509,784,99
1767413335535,786,96
1767413335546,786,88
1767413335560,786,73
1767413335573,786,58
1767413335584,786,45
1767413335596,786,39
1767413335608,786,38
1767413335626,786,43
1767413335637,787,53
1767413335648,789,67
1767413335661,791,77
1767413335672,792,80
1767413335684,793,80
1767413335699,795,77
1767413335721,796,63
1767413335738,796,48
1767413335757,794,39
1767413335778,793,43
1767413335795,793,65
1767413335814,794,90
1767413335828,795,98
1767413335842,795,99
1767413335857,798,96
1767413335873,799,85
1767413335894,800,55
1767413335909,800,38
1767413335927,800,32
1767413335948,800,33
1767413335964,800,43
1767413335980,799,53
1767413335997,799,61
1767413336013,799,62
1767413336027,800,61
1767413336042,800,53
1767413336056,800,44
1767413336076,800,35
1767413336098,800,36
1767413336112,800,46
1767413336126,800,58
1767413336142,800,67
1767413336156,800,69
1767413336168,800,68
1767413336181,801,62
1767413336196,801,49
1767413336211,799,36
1767413336226,796,29
1767413336245,796,30
1767413336259,794,40
1767413336275,793,58
1767413336290,792,70
1767413336302,792,75
1767413336324,792,74
1767413336339,792,65
1767413336358,792,44
1767413336375,785,23
1767413336392,781,15
1767413336409,780,14
1767413336426,778,22
1767413336443,777,33
1767413336458,777,41
1767413336479,778,41
1767413336495,779,38
1767413336509,780,30
1767413336525,780,22
1767413336541,779,19
1767413336565,778,20
1767413336579,778,27
1767413336594,778,38
1767413336610,778,48
1767413336626,778,52
1767413336650,778,51
1767413336664,778,44
1767413336679,777,35
1767413336694,776,30
1767413336718,776,31
1767413336732,774,37
1767413336748,773,46
1767413336762,772,51
1767413336776,772,52
1767413336790,772,51
1767413336803,772,45
1767413336817,770,35
1767413336833,769,25
1767413336851,768,19
1767413336868,767,19
1767413336881,766,23
1767413336894,765,36
1767413336908,764,57
1767413336923,764,71
1767413336936,764,77
1767413336959,764,76
1767413336971,765,69
1767413336987,766,54
1767413337002,766,37
1767413337017,766,25
1767413337032,766,14
1767413337045,766,10
1767413337057,766,9
1767413337077,767,13
1767413337098,769,35
1767413337110,769,49
1767413337124,771,59
1767413337138,772,65
1767413337152,773,66
1767413337165,775,65
1767413337179,777,57
1767413337192,779,47
1767413337205,780,33
1767413337220,781,20
1767413337235,781,9
1767413337250,782,5
1767413337272,782,6
1767413337285,782,15
1767413337300,782,29
1767413337313,782,41
1767413337327,784,49
1767413337342,784,50
1767413337356,785,50
1767413337372,788,46
1767413337387,790,33
1767413337401,790,23
1767413337417,790,11
1767413337430,790,7
1767413337443,790,5
1767413337463,790,6
1767413337475,790,13
1767413337488,789,26
1767413337504,787,44
1767413337523,785,59
1767413337537,785,62
1767413337560,785,61
1767413337570,785,57
1767413337584,786,47
1767413337595,787,38
1767413337607,788,32
1767413337619,788,29
1767413337642,788,30
1767413337654,788,38
1767413337667,788,53
1767413337681,788,68
1767413337692,788,77
1767413337704,788,83
1767413337717,787,87
1767413337744,787,86
1767413337754,787,81
1767413337767,785,71
1767413337780,782,62
1767413337792,779,51
1767413337803,776,45
1767413337817,774,41
1767413337829,773,41
1767413337847,772,42
1767413337859,772,45
1767413337870,772,48
1767413337883,772,49
1767413337906,772,48
1767413337918,772,46
1767413337930,772,42
1767413337942,772,39
1767413337954,771,38
1767413337966,770,37
1767413337980,769,38
1767413337994,767,47
1767413338006,765,64
1767413338026,762,89
1767413338040,762,95
1767413338064,762,92
1767413338085,762,68
1767413338106,762,38
1767413338118,762,25
1767413338131,762,17
1767413338144,762,14
1767413338161,762,15
1767413338173,762,24
1767413338186,765,45
1767413338200,768,74
1767413338214,769,99
1767413338228,769,118
1767413338241,769,132
1767413338253,769,141
1767413338265,769,143
1767413338287,770,141
1767413338298,771,134
1767413338312,771,124
1767413338324,771,116
1767413338336,771,115
1767413338356,769,119
1767413338367,766,130
1767413338381,761,150
1767413338396,755,171
1767413338409,752,184
1767413338422,750,188
1767413338439,750,187
1767413338452,751,179
1767413338465,754,161
1767413338480,756,141
1767413338494,760,116
1767413338508,763,103
1767413338520,765,96
1767413338541,765,97
1767413338554,766,109
1767413338567,767,131
1767413338581,767,160
1767413338595,767,178
1767413338609,767,188
1767413338631,768,187
1767413338644,770,179
1767413338658,772,163
1767413338672,774,139
1767413338684,775,121
1767413338697,775,102
1767413338714,775,94
1767413338728,774,94
1767413338742,772,106
1767413338756,769,137
1767413338768,766,168
1767413338784,763,199
1767413338797,761,216
1767413338813,761,220
1767413338827,762,220
1767413338842,765,212
1767413338856,768,192
1767413338871,771,172
1767413338886,774,149
1767413338898,775,140
1767413338911,775,137
1767413338932,775,142
1767413338945,775,158
1767413338959,775,184
1767413338974,775,201
1767413338988,775,210
1767413338999,776,211
1767413339012,778,210
1767413339026,781,200
1767413339040,785,182
1767413339055,788,159
1767413339067,789,140
1767413339085,789,125
1767413339097,789,124
1767413339112,789,127
1767413339125,786,140
1767413339138,783,158
1767413339152,779,182
1767413339163,777,199
1767413339177,776,207
1767413339190,776,208
1767413339203,776,207
1767413339215,777,201
1767413339228,778,192
1767413339242,779,179
1767413339256,779,169
1767413339269,779,167
1767413339285,779,168
1767413339299,779,179
1767413339313,777,195
1767413339328,776,212
1767413339342,776,217
1767413339363,776,216
1767413339377,779,207
1767413339391,782,189
1767413339405,785,169
1767413339421,786,148
1767413339434,786,139
1767413339447,786,138
1767413339459,786,140
1767413339473,786,155
1767413339487,785,186
1767413339500,785,205
1767413339515,784,225
1767413339529,784,232
1767413339542,785,232
1767413339558,789,229
1767413339574,794,214
1767413339589,798,198
1767413339604,801,181
1767413339620,802,171
1767413339632,802,168
1767413339648,802,169
1767413339660,802,178
1767413339674,802,197
1767413339689,802,217
1767413339704,803,229
1767413339718,804,232
1767413339738,805,231
1767413339751,806,225
1767413339766,808,213
1767413339781,810,196
1767413339794,810,178
1767413339808,810,161
1767413339822,810,149
1767413339836,810,144
1767413339856,810,145
1767413339869,812,161
1767413339884,815,188
1767413339899,817,216
1767413339914,819,234
1767413339926,820,238
1767413339939,822,238
1767413339953,824,231
1767413339968,827,212
1767413339982,828,189
1767413339996,828,162
1767413340010,828,142
1767413340029,828,119
1767413340046,828,105
1767413340059,828,104
1767413340071,828,108
1767413340091,828,152
1767413340107,826,204
1767413340126,820,267
1767413340140,815,295
1767413340156,808,319
1767413340171,803,334
1767413340185,799,343
1767413340198,797,344
1767413340216,797,343
1767413340230,796,334
1767413340244,793,319
1767413340260,790,298
1767413340273,789,287
1767413340288,789,286
1767413340302,786,297
1767413340319,784,330
1767413340336,780,375
1767413340354,773,420
1767413340370,771,435
1767413340387,770,440
1767413340406,770,439
1767413340420,770,433
1767413340434,769,418
1767413340451,767,394
1767413340468,766,378
1767413340484,766,371
1767413340502,765,374
1767413340516,763,391
1767413340532,758,422
1767413340549,753,447
1767413340566,749,463
1767413340580,748,464
1767413340596,748,459
1767413340609,748,448
1767413340625,747,427
1767413340639,745,406
1767413340655,742,387
1767413340669,741,379
1767413340688,740,379
1767413340707,739,394
1767413340724,739,424
1767413340745,740,446
1767413340759,741,449
1767413340774,743,449
1767413340790,745,441
1767413340803,746,426
1767413340817,747,411
1767413340833,748,399
1767413340848,749,395
1767413340872,749,396
1767413340884,749,404
1767413340898,751,414
1767413340914,752,421
1767413340928,753,424
1767413340941,755,424
1767413340956,757,421
1767413340970,760,415
1767413340985,762,406
1767413340998,763,397
1767413341013,763,394
1767413341034,763,395
1767413341048,763,404
1767413341064,762,420
1767413341081,760,432
1767413341098,759,435
1767413341122,759,434
1767413341142,759,425
1767413341154,759,416
1767413341168,759,406
1767413341182,759,400
1767413341196,758,398
1767413341210,758,399
1767413341224,757,407
1767413341239,757,427
1767413341253,756,445
1767413341273,755,458
1767413341290,755,461
1767413341303,756,461
1767413341320,758,453
1767413341336,758,437
1767413341357,758,420
1767413341377,758,417
1767413341392,758,420
1767413341407,759,432
1767413341421,762,448
1767413341435,765,463
1767413341450,768,471
1767413341463,771,476
1767413341478,774,479
1767413341493,775,480
1767413341507,776,482
1767413341520,776,483
1767413341534,776,488
1767413341549,776,495
1767413341564,776,506
1767413341581,774,514
1767413341595,773,517
1767413341626,773,516
1767413341641,773,512
1767413341656,775,505
1767413341671,778,496
1767413341685,780,491
1767413341699,783,487
1767413341713,784,487
1767413341728,784,489
1767413341744,786,497
1767413341761,788,508
1767413341778,788,519
1767413341793,789,523
1767413341844,789,522
1767413341858,789,518
1767413341874,788,511
1767413341889,787,508
1767413341912,786,508
1767413341943,779,519
1767413341980,769,527
1767413341994,767,527
1767413342008,764,527
1767413342022,762,527
1767413342036,761,526
1767413342051,760,525
1767413342176,760,524
1767413342195,760,521
1767413342208,760,520
1767413342273,760,519
1767413342288,760,518
1767413342301,756,516
1767413342317,755,515
1767413342331,754,515
1767413342344,754,514
1767413342376,754,513
1767413342511,754,514
1767413342529,754,515
1767413342543,756,516
1767413342557,758,517
1767413342569,761,519
1767413342585,765,521
1767413342599,767,523
1767413342614,769,523
1767413342701,770,523
1767413342716,770,524
1767413342730,773,524
1767413342746,777,527
1767413342763,784,530
1767413342780,791,531
1767413342795,794,532
1767413342811,795,532
1767413342826,796,532
1767413342900,797,532
1767413342955,798,532
1767413342966,798,531
1767413342982,800,529
1767413342997,803,526
1767413343013,806,524
1767413343029,808,522
1767413343044,809,521
1767413343101,808,521
1767413343115,806,521
1767413343129,800,521
1767413343145,795,521
1767413343160,793,521
1767413343194,794,521
1767413343216,798,520
1767413343230,803,519
1767413343246,808,518
1767413343261,812,518
1767413343276,813,518
1767413343336,812,518
1767413343349,810,518
1767413343365,805,520
1767413343380,800,521
1767413343396,799,522
1767413343414,798,522
1767413343468,798,521
1767413343480,800,521
1767413343495,802,520
1767413343554,801,520
1767413343569,799,520
1767413343586,797,520
1767413343637,798,520
1767413343651,799,519
1767413343665,803,518
1767413343681,806,518
1767413343725,805,518
1767413343744,801,517
1767413343763,793,516
1767413343780,789,515
1767413343829,789,514
1767413343844,790,512
1767413343860,791,511
1767413343876,792,510
1767413343925,791,510
1767413343941,790,510
1767413343958,789,510
1767413343995,791,509
1767413344010,794,508
1767413344028,799,508
1767413344045,800,508
1767413344097,800,507
1767413344114,799,507
1767413344130,797,507
1767413344146,796,507
1767413344168,796,506
1767413344189,797,506
1767413344204,800,506
1767413344226,801,505
1767413344274,800,505
1767413344289,798,505
1767413344305,795,505
1767413344322,794,506
1767413344343,795,506
1767413344362,799,506
1767413344380,804,506
1767413344395,807,506
1767413344447,806,506
1767413344461,804,506
1767413344478,799,505
1767413344494,796,504
1767413344529,796,503
1767413344544,796,502
1767413344561,801,498
1767413344577,804,496
1767413344592,806,495
1767413344628,805,495
1767413344640,801,494
1767413344655,796,494
1767413344670,792,494
1767413344685,791,494
1767413344706,792,494
1767413344720,796,493
1767413344735,805,492
1767413344752,813,492
1767413344767,815,491
1767413344790,814,491
1767413344809,808,491
1767413344824,800,491
1767413344838,794,491
1767413344854,793,490
1767413344883,794,490
1767413344897,796,489
1767413344913,800,487
1767413344929,804,484
1767413344944,804,482
1767413344961,803,481
1767413344976,799,479
1767413344993,789,475
1767413345008,779,471
1767413345025,778,468
1767413345039,779,463
1767413345058,789,453
1767413345074,805,437
1767413345092,823,412
1767413345109,835,384
1767413345125,842,354
1767413345141,842,336
1767413345159,841,325
1767413345172,838,321
1767413345187,835,321
1767413345203,829,325
1767413345220,818,340
1767413345239,803,363
1767413345256,796,371
1767413345270,793,373
1767413345286,793,371
1767413345302,793,357
1767413345317,793,330
1767413345334,793,306
1767413345350,793,286
1767413345366,790,270
1767413345382,788,266
1767413345399,785,269
1767413345416,777,289
1767413345433,765,324
1767413345449,755,353
1767413345466,746,369
1767413345482,744,371
1767413345497,744,368
1767413345515,743,354
1767413345532,740,333
1767413345550,736,310
1767413345567,732,292
1767413345584,729,284
1767413345599,729,283
1767413345617,728,290
1767413345634,728,308
1767413345653,726,325
1767413345674,726,339
1767413345690,726,341
1767413345714,726,340
1767413345729,726,334
1767413345745,725,324
1767413345762,724,308
1767413345779,723,294
1767413345796,723,287
1767413345832,722,287
1767413345847,722,291
1767413345864,721,298
1767413345880,721,300
1767413345949,721,299
1767413345964,721,296
1767413345979,721,291
1767413345995,723,287
1767413346011,724,287
1767413346027,725,297
1767413346043,725,314
1767413346060,725,327
1767413346078,725,328
1767413346096,726,328
1767413346111,727,320
1767413346128,728,307
1767413346143,728,296
1767413346162,727,283
1767413346181,726,277
1767413346196,725,277
1767413346213,723,289
1767413346229,719,305
1767413346255,713,323
1767413346270,711,327
1767413346300,711,326
1767413346315,711,319
1767413346333,710,311
1767413346351,709,298
1767413346366,707,290
1767413346380,707,289
1767413346398,707,290
1767413346418,707,301
1767413346437,707,310
1767413346457,709,314
1767413346476,711,314
1767413346495,714,311
1767413346515,722,301
1767413346530,731,285
1767413346547,743,262
1767413346564,756,236
1767413346581,774,201
1767413346603,800,152
1767413346621,814,129
1767413346638,819,122
1767413346654,820,122
1767413346672,822,131
1767413346689,824,152
1767413346706,826,174
1767413346724,829,189
1767413346741,830,194
1767413346757,831,194
1767413346773,831,191
1767413346790,833,177
1767413346807,835,157
1767413346825,836,133
1767413346843,837,118
1767413346858,837,116
1767413346874,837,118
1767413346892,836,141
1767413346909,835,167
1767413346925,834,186
1767413346940,834,191
1767413346966,834,190
1767413346981,832,184
1767413346997,827,170
1767413347013,821,153
1767413347032,816,139
1767413347050,809,123
1767413347067,806,115
1767413347083,805,115
1767413347099,804,117
1767413347117,802,129
1767413347134,801,141
1767413347151,801,146
1767413347183,802,146
1767413347198,802,140
1767413347214,803,134
1767413347229,803,126
1767413347244,804,122
1767413347267,804,121
1767413347318,805,121
1767413347334,806,118
1767413347351,807,114
1767413347367,808,111
1767413347440,808,110
1767413347455,808,106
1767413347471,806,97
1767413347488,805,87
1767413347504,805,81
1767413347520,805,78
1767413347539,805,79
1767413347556,805,94
1767413347571,805,114
1767413347588,803,138
1767413347604,800,150
1767413347620,799,157
1767413347636,798,157
1767413347655,798,156
1767413347670,797,149
1767413347687,792,136
1767413347703,787,125
1767413347721,776,108
1767413347737,765,98
1767413347756,751,95
1767413347773,731,98
1767413347791,711,110
1767413347809,691,128
1767413347828,682,139
1767413347844,682,140
1767413347867,682,139
1767413347887,686,133
1767413347903,695,124
1767413347921,704,116
1767413347936,712,113
1767413347953,716,112
1767413347969,719,117
1767413347991,721,128
1767413348008,722,135
1767413348024,722,139
1767413348041,723,140
1767413348057,724,140
1767413348071,725,140
1767413348088,727,138
1767413348117,731,130
1767413348148,732,124
1767413348177,723,146
1767413348212,709,171
1767413348232,707,173
1767413348267,710,148
1767413348285,712,133
1767413348301,717,119
1767413348317,720,112
1767413348335,723,111
1767413348353,724,118
1767413348369,725,137
1767413348387,725,153
1767413348403,724,162
1767413348419,725,163
1767413348434,727,163
1767413348450,731,157
1767413348467,735,145
1767413348485,739,136
1767413348502,742,127
1767413348518,744,123
1767413348542,744,124
1767413348559,744,130
1767413348576,741,137
1767413348593,740,141
1767413348613,739,141
1767413348669,738,141
1767413350406,135,148
1767413351974,139,148
1767413352009,139,149
1767413352209,139,149
1767413352433,139,145
1767413352648,139,145
1767413352828,137,146
1767413353017,136,147
1767413353216,136,147
-1,-1,-1
1767413320428,,
1767413331996,,
1767413332228,,
1767413332890,,
1767413350406,,
1767413351974,,
1767413352209,,
1767413352433,,
1767413352648,,
1767413352828,,
1767413353017,,
1767413353216,,
-1,-1,-1
1767413331972,,
1767413332197,,
1767413332388,,
1767413348685,,
1767413350492,,
1767413352069,,
1767413352309,,
1767413352538,,
1767413352733,,
1767413352927,,
1767413353130,,
1767413353326,,
