1762227919293,50,592
1762227919307,58,565
1762227919314,65,542
1762227919321,69,530
1762227919328,72,517
1762227919335,77,501
1762227919342,80,490
1762227919349,82,481
1762227919356,84,475
1762227919362,87,468
1762227919369,89,461
1762227919376,90,454
1762227919383,91,446
1762227919390,92,437
1762227919397,92,432
1762227919404,92,425
1762227919411,92,419
1762227919418,92,408
1762227919425,94,391
1762227919432,95,378
1762227919439,96,369
1762227919453,97,359
1762227919460,100,344
1762227919467,102,324
1762227919473,102,315
1762227919481,102,309
1762227919488,101,305
1762227919494,99,299
1762227919501,98,292
1762227919508,97,284
1762227919515,97,277
1762227919522,96,270
1762227919529,95,265
1762227919536,95,262
1762227919543,94,260
1762227919550,94,259
1762227919557,94,257
1762227919571,94,256
1762227919579,94,255
1762227919806,94,250
1762227919813,94,243
1762227919820,94,240
1762227919827,94,237
1762227919834,94,235
1762227919841,94,234
1762227919855,94,232
1762227919862,94,230
1762227919869,94,229
1762227919876,94,227
1762227919883,94,224
1762227919890,93,220
1762227919897,93,216
1762227919904,93,209
1762227919910,93,205
1762227919917,93,203
1762227919924,93,202
1762227919931,93,201
1762227919939,93,200
1762227919945,93,199
1762227919966,93,198
1762227919973,92,198
1762227919981,91,198
1762227919988,91,197
1762227919995,90,197
1762227920002,89,196
1762227920009,89,195
1762227920017,88,195
1762227920024,87,195
1762227920042,86,195
1762227920049,85,194
1762227920061,84,194
1762227920068,84,193
1762227920075,83,193
1762227920082,82,192
1762227920098,81,191
1762227920105,80,189
1762227920126,79,188
1762227920133,79,186
1762227920141,79,185
1762227920160,78,184
1762227920168,78,183
1762227920178,78,182
1762227920195,78,181
1762227920202,78,180
1762227920282,77,180
1762227920326,76,180
1762227920332,76,181
1762227920348,75,182
1762227920355,75,183
1762227920368,74,184
1762227920382,74,185
1762227920390,73,185
1762227920397,73,187
1762227920417,73,188
1762227920449,73,189
1762227920456,72,189
1762227920560,72,190
1762227920625,72,191
1762227921357,72,190
1762227921437,72,189
1762227921450,72,188
1762227921469,72,186
1762227921480,72,185
1762227921488,72,184
1762227921494,72,183
1762227921512,72,182
1762227921561,72,181
1762227921568,72,180
1762227921575,72,179
1762227921582,72,177
1762227921601,72,176
1762227921608,72,175
1762227921615,72,174
1762227921621,72,173
1762227921633,72,172
1762227921677,72,171
1762227921684,72,170
1762227921692,72,169
1762227921712,72,167
1762227921721,72,166
1762227921728,72,165
1762227921746,72,164
1762227921780,72,163
1762227921824,72,162
1762227921830,71,161
1762227921838,71,160
1762227921861,71,159
1762227921882,70,159
1762227921889,70,158
1762227921962,70,158
1762227922000,70,157
1762227922006,69,156
1762227922013,69,155
1762227922095,69,154
1762227922293,69,153
1762227922366,70,153
1762227922378,72,153
1762227922386,73,153
1762227922393,74,153
1762227922413,75,153
1762227922420,76,153
1762227922426,77,153
1762227922437,78,153
1762227922460,79,153
1762227922468,80,153
1762227922496,81,153
1762227922541,83,153
1762227922558,84,153
1762227922569,85,153
1762227922586,86,153
1762227922593,87,153
1762227922606,88,153
1762227922613,89,153
1762227922635,91,153
1762227922655,92,153
1762227922664,93,153
1762227922671,96,153
1762227922690,97,153
1762227922697,99,153
1762227922708,100,153
1762227922715,102,153
1762227922732,103,153
1762227922739,104,153
1762227922746,105,153
1762227922752,106,153
1762227922759,108,153
1762227922766,109,153
1762227922773,111,153
1762227922781,112,153
1762227922788,113,153
1762227922795,116,153
1762227922803,117,152
1762227922810,119,152
1762227922817,120,152
1762227922825,122,152
1762227922832,123,152
1762227922839,124,152
1762227922846,125,152
1762227922864,126,152
1762227922876,127,152
1762227922884,128,152
1762227922891,129,152
1762227922898,130,152
1762227922919,131,152
1762227922927,132,152
1762227922934,133,152
1762227922941,134,152
1762227922961,135,152
1762227922968,136,152
1762227922978,137,152
1762227923000,138,152
1762227923007,139,152
1762227923023,140,152
1762227923044,141,152
1762227923052,141,153
1762227923072,142,153
1762227923093,143,153
1762227923103,144,153
1762227923110,145,153
1762227923127,146,153
1762227923134,146,154
1762227923146,147,154
1762227923192,148,154
1762227923211,149,154
1762227923219,151,154
1762227923238,152,154
1762227923249,153,154
1762227923323,154,154
1762227923329,155,154
1762227923348,156,154
1762227923355,157,154
1762227923455,158,154
1762227923520,159,154
1762227923534,160,154
1762227923556,161,154
1762227923689,161,155
1762227923719,161,156
1762227923734,161,157
1762227923741,161,158
1762227923754,161,159
1762227923769,161,161
1762227923776,161,163
1762227923790,161,164
1762227923811,161,165
1762227923818,161,166
1762227923826,161,167
1762227923834,161,168
1762227923853,161,169
1762227923859,161,170
1762227923870,161,171
1762227923892,161,172
1762227923959,161,174
1762227924025,161,175
1762227924045,161,176
1762227924143,161,177
1762227924230,161,178
1762227924272,161,179
1762227924303,161,180
1762227924310,161,181
1762227924324,161,182
1762227924338,161,183
1762227924346,161,184
1762227924353,161,185
1762227924373,161,186
1762227924379,161,187
1762227924389,161,188
1762227924396,161,189
1762227924815,160,189
1762227924833,159,189
1762227924839,158,189
1762227924851,157,189
1762227924857,156,189
1762227924874,155,189
1762227924881,154,189
1762227924893,153,189
1762227924909,152,189
1762227924916,150,189
1762227924937,148,189
1762227924943,147,189
1762227924950,146,189
1762227924957,144,189
1762227924964,142,189
1762227924971,141,189
1762227924978,140,189
1762227924985,137,189
1762227924992,136,189
1762227924999,133,189
1762227925006,132,189
1762227925013,130,189
1762227925020,129,189
1762227925027,127,189
1762227925040,126,189
1762227925048,125,189
1762227925054,124,189
1762227925062,123,189
1762227925069,122,189
1762227925089,121,189
1762227925096,120,189
1762227925103,119,189
1762227925110,117,189
1762227925117,117,190
1762227925124,116,190
1762227925131,115,190
1762227925138,114,190
1762227925145,113,190
1762227925152,112,190
1762227925158,111,190
1762227925172,109,190
1762227925186,108,190
1762227925207,107,190
1762227925216,105,190
1762227925223,104,190
1762227925242,103,190
1762227925249,102,190
1762227925256,101,190
1762227925266,100,190
1762227925274,99,190
1762227925281,98,190
1762227925297,97,190
1762227925310,96,190
1762227925318,95,190
1762227925339,94,190
1762227925346,93,190
1762227925354,92,190
1762227925362,91,191
1762227925398,90,191
1762227925415,89,191
1762227925428,87,192
1762227925442,86,192
1762227925471,85,192
1762227925553,84,192
1762227925566,83,192
1762227925585,82,192
1762227925700,81,192
1762227925705,80,192
1762227925724,79,192
1762227925794,78,192
1762227925806,77,192
1762227925815,76,192
1762227925874,75,192
1762227925882,75,191
1762227925895,75,190
1762227925917,75,189
1762227925924,74,189
1762227925930,74,188
1762227925937,74,187
1762227925946,74,186
1762227925983,74,185
1762227926000,74,184
1762227926007,74,183
1762227926019,74,182
1762227926034,74,181
1762227926094,74,180
1762227926122,74,179
1762227926151,74,178
1762227926197,75,177
1762227926215,77,177
1762227926222,79,177
1762227926231,80,177
1762227926239,81,177
1762227926247,82,177
1762227926253,84,177
1762227926271,85,177
1762227926277,87,177
1762227926284,89,177
1762227926291,90,177
1762227926298,91,177
1762227926305,93,177
1762227926312,94,177
1762227926319,95,177
1762227926327,96,177
1762227926334,97,177
1762227926354,99,177
1762227926361,100,177
1762227926368,102,177
1762227926374,104,177
1762227926382,105,177
1762227926388,106,177
1762227926395,109,177
1762227926402,111,177
1762227926409,113,178
1762227926416,114,178
1762227926423,116,178
1762227926430,117,178
1762227926437,119,178
1762227926458,120,179
1762227926465,121,179
1762227926472,123,179
1762227926479,124,179
1762227926485,125,179
1762227926492,127,179
1762227926499,128,179
1762227926506,130,179
1762227926513,132,179
1762227926520,134,179
1762227926527,135,179
1762227926534,136,179
1762227926541,137,179
1762227926553,138,179
1762227926560,139,179
1762227926569,140,179
1762227926582,141,179
1762227926590,142,179
1762227926598,143,179
1762227926617,144,179
1762227926831,144,179
1762227932187,143,179
1762227932194,142,179
1762227932201,141,179
1762227932208,138,180
1762227932215,136,180
1762227932222,133,180
1762227932229,130,181
1762227932236,128,182
1762227932243,126,183
1762227932250,123,183
1762227932257,121,183
1762227932264,119,184
1762227932271,117,184
1762227932278,115,184
1762227932285,114,184
1762227932292,113,184
1762227932299,111,185
1762227932319,110,185
1762227932326,109,185
1762227932333,108,185
1762227932343,107,185
1762227932361,106,185
1762227932372,105,185
1762227932381,104,185
1762227932416,103,185
1762227932437,102,185
1762227932444,101,185
1762227932453,100,185
1762227933186,99,185
1762227933204,98,185
1762227933211,97,185
1762227933231,96,185
1762227933243,95,185
1762227933259,94,185
1762227933317,93,185
1762227933335,92,185
1762227933356,91,185
1762227933478,90,185
1762227933485,89,185
1762227933491,88,185
1762227933510,87,185
1762227933521,86,185
1762227933538,85,185
1762227933550,84,185
1762227933609,82,185
1762227933628,81,185
1762227933638,80,185
1762227933656,79,185
1762227933837,80,185
1762227933854,81,185
1762227933864,83,185
1762227933882,84,185
1762227933893,85,185
1762227933901,86,185
1762227933953,87,185
1762227934011,88,185
1762227934018,89,185
1762227934025,90,185
1762227934049,91,185
1762227934062,92,185
1762227934084,93,185
1762227934091,94,185
1762227934111,95,185
1762227934120,96,185
1762227934146,97,185
1762227934153,98,185
1762227934173,99,185
1762227934186,100,185
1762227934201,101,185
1762227934208,102,185
1762227934229,103,185
1762227934237,105,185
1762227934244,106,185
1762227934263,107,185
1762227934271,108,185
1762227934281,109,185
1762227934298,110,185
1762227934305,111,185
1762227934312,112,185
1762227934324,113,185
1762227934333,114,185
1762227934340,115,185
1762227934347,117,185
1762227934354,118,185
1762227934375,120,185
1762227934383,121,185
1762227934402,122,185
1762227934409,123,185
1762227934416,124,185
1762227934428,125,185
1762227934444,126,185
1762227934451,127,185
1762227934472,128,185
1762227934493,129,185
1762227934499,130,185
1762227934506,131,185
1762227934513,132,185
1762227934522,133,185
1762227934530,134,185
1762227934548,135,185
1762227934555,136,185
1762227934566,137,185
1762227934573,138,185
1762227934590,139,185
1762227934596,140,185
1762227934603,141,184
1762227934610,142,184
1762227934618,143,184
1762227934625,144,184
1762227934645,145,184
1762227934655,146,184
1762227934661,147,184
1762227934669,148,184
1762227934687,149,184
1762227934713,150,184
1762227934742,151,184
1762227934749,152,184
1762227934770,153,184
1762227934838,153,183
1762227934866,154,183
1762227934992,154,182
1762227935020,154,181
1762227935027,154,180
1762227935044,154,179
1762227935056,154,178
1762227935071,154,177
1762227935093,154,175
1762227935114,154,174
1762227935120,154,173
1762227935127,154,172
1762227935136,154,171
1762227935155,154,170
1762227935166,154,169
1762227935173,154,168
1762227935180,154,167
1762227935204,154,166
1762227935254,154,165
1762227935261,154,164
1762227935280,154,163
1762227935301,154,162
1762227935308,154,161
1762227935585,153,161
1762227935595,152,161
1762227935602,151,161
1762227935612,150,161
1762227935629,149,161
1762227935641,148,161
1762227935650,147,161
1762227935657,146,161
1762227935670,145,161
1762227935685,144,161
1762227935692,143,161
1762227935713,142,161
1762227935720,141,161
1762227935729,139,161
1762227935736,138,161
1762227935744,137,161
1762227935750,136,161
1762227935758,135,161
1762227935765,134,161
1762227935772,133,161
1762227935789,132,161
1762227935796,131,161
1762227935809,130,161
1762227935817,129,161
1762227935838,128,161
1762227935844,127,161
1762227935853,126,161
1762227935872,124,161
1762227935882,122,161
1762227935890,121,161
1762227935897,120,161
1762227935904,119,161
1762227935911,118,161
1762227935921,116,161
1762227935933,115,161
1762227935941,114,161
1762227935962,112,161
1762227935970,111,161
1762227935977,109,161
1762227935997,108,161
1762227936006,106,161
1762227936025,105,161
1762227936032,104,161
1762227936039,103,161
1762227936050,102,161
1762227936066,101,161
1762227936079,100,161
1762227936087,99,161
1762227936108,98,161
1762227936116,97,161
1762227936136,96,161
1762227936143,95,161
1762227936153,94,161
1762227936160,93,160
1762227936177,91,160
1762227936189,90,160
1762227936204,89,160
1762227936212,88,160
1762227936219,87,160
1762227936240,86,160
1762227936248,85,160
1762227936255,84,160
1762227936262,83,160
1762227936270,82,160
1762227936277,81,160
1762227936295,80,160
1762227936306,79,159
1762227936323,78,159
1762227936330,77,159
1762227936337,76,159
1762227936350,75,159
1762227936365,74,159
1762227936372,73,159
1762227936393,72,159
1762227936914,72,160
1762227936920,73,161
1762227936939,73,162
1762227936946,74,163
1762227936953,74,164
1762227936964,74,165
1762227937024,74,166
1762227937043,74,167
1762227937050,74,168
1762227937059,75,169
1762227937066,75,170
1762227937119,75,171
1762227937127,75,172
1762227937192,76,172
1762227937221,77,172
1762227937265,78,172
1762227937279,79,172
1762227937300,80,172
1762227937331,81,172
1762227937367,82,172
1762227937404,83,171
1762227937411,84,171
1762227937418,85,171
1762227937446,86,171
1762227937454,87,171
1762227937473,88,171
1762227937494,89,171
1762227937505,90,171
1762227937513,91,171
1762227937527,92,171
1762227937550,93,171
1762227937571,94,171
1762227937591,95,171
1762227937598,96,171
1762227937607,97,171
1762227937626,98,171
1762227937638,99,171
1762227937647,100,171
1762227937654,101,171
1762227937666,102,171
1762227937681,103,171
1762227937688,104,171
1762227937709,105,171
1762227937716,106,171
1762227937723,107,171
1762227937730,108,171
1762227937739,110,171
1762227937746,111,171
1762227937765,113,171
1762227937772,114,171
1762227937783,116,171
1762227937798,117,171
1762227937812,118,171
1762227937820,119,171
1762227937827,120,171
1762227937848,121,171
1762227937856,122,171
1762227937863,123,171
1762227937883,124,171
1762227937893,125,171
1762227937900,126,171
1762227937907,127,171
1762227937924,128,171
1762227937931,129,171
1762227937938,130,171
1762227937945,132,171
1762227937958,133,171
1762227937967,134,171
1762227937987,135,171
1762227937994,136,171
1762227938001,137,171
1762227938007,138,171
1762227938014,139,171
1762227938021,140,171
1762227938031,142,172
1762227938049,143,172
1762227938056,144,172
1762227938063,145,172
1762227938075,146,172
1762227938091,147,172
1762227938150,148,173
1762227938157,149,173
1762227938163,150,173
1762227938370,150,174
1762227938405,150,175
1762227938749,150,175
1762227938990,150,176
1762227938997,148,180
1762227939003,148,184
1762227939010,147,188
1762227939018,146,195
1762227939025,146,199
1762227939032,146,205
1762227939040,146,208
1762227939047,146,211
1762227939054,148,213
1762227939062,150,216
1762227939070,153,219
1762227939076,156,222
1762227939084,162,224
1762227939091,169,226
1762227939099,180,229
1762227939106,192,230
1762227939113,204,230
1762227939120,214,230
1762227939128,229,230
1762227939135,253,230
1762227939142,271,228
1762227939149,286,226
1762227939157,316,224
1762227939165,339,223
1762227939171,352,222
1762227939178,375,219
1762227939186,400,218
1762227939193,416,215
1762227939200,431,213
1762227939208,457,210
1762227939215,477,207
1762227939222,487,204
1762227939229,498,201
1762227939244,511,197
1762227939251,523,194
1762227939258,533,192
1762227939265,541,189
1762227939271,545,187
1762227939278,549,185
1762227939285,551,185
1762227939295,552,185
1762227939590,563,183
1762227939595,575,181
1762227939603,585,178
1762227939610,597,176
1762227939617,613,171
1762227939625,626,168
1762227939632,636,165
1762227939639,643,161
1762227939646,650,158
1762227939654,656,151
1762227939661,664,146
1762227939668,671,141
1762227939676,677,137
1762227939683,682,135
1762227939690,684,132
1762227939698,686,130
1762227939705,689,129
1762227939725,690,128
1762227939764,691,127
1762227939781,691,126
1762227939788,691,125
1762227939795,691,124
1762227939807,691,123
1762227939847,691,122
1762227939851,692,121
1762227939859,693,121
1762227939866,696,120
1762227939873,697,119
1762227939881,700,118
1762227939888,708,116
1762227939895,718,114
1762227939902,729,111
1762227939909,737,108
1762227939917,743,107
1762227939924,750,106
1762227939931,757,104
1762227939939,762,102
1762227939946,769,101
1762227939954,772,101
1762227939961,777,99
1762227939975,779,98
1762227939982,781,98
1762227939989,783,98
1762227939996,785,98
1762227940005,786,98
1762227940024,787,98
1762227940093,787,97
1762227940105,787,96
1762227940114,787,95
1762227940133,787,94
1762227940140,787,93
1762227940151,787,92
1762227940173,787,91
1762227940180,786,91
1762227940195,785,91
1762227940202,784,91
1762227940209,782,91
1762227940217,781,90
1762227940224,780,90
1762227940231,779,90
1762227940238,778,90
1762227940246,776,89
1762227940253,775,89
1762227940260,773,89
1762227940279,772,89
1762227940290,771,89
1762227940297,770,89
1762227940305,769,89
1762227940349,768,89
1762227940369,767,89
1762227940972,767,88
1762227940977,767,87
1762227940984,767,86
1762227941003,767,85
1762227941024,767,84
1762227941125,766,84
1762227941153,766,85
1762227941212,766,86
1762227941234,766,87
1762227941403,767,87
1762227941512,768,87
1762227941542,769,87
1762227941673,771,87
1762227942141,770,87
1762227942279,769,87
1762227942499,768,87
1762227942550,767,87
1762227943012,766,87
1762227943018,765,86
1762227943036,764,85
1762227943047,763,84
1762227943057,762,83
1762227943064,761,83
1762227943071,760,81
1762227943082,759,80
1762227943098,758,80
1762227943105,758,79
1762227943113,757,79
1762227943133,756,78
1762227943140,756,77
1762227943161,756,76
1762227943168,755,76
1762227943175,755,75
1762227943182,754,74
1762227943216,754,73
1762227943237,754,72
1762227943258,753,72
1762227943280,753,71
1762227943311,753,70
1762227943325,753,69
1762227943339,753,68
1762227943362,753,67
1762227943369,753,66
1762227943390,753,65
1762227943434,753,64
1762227943441,753,63
1762227943448,753,62
1762227943455,753,61
1762227943473,753,60
1762227943480,753,59
1762227943487,753,58
1762227943494,753,56
1762227943501,753,55
1762227943508,753,54
1762227943522,753,53
1762227943542,753,52
1762227943549,753,51
1762227943556,753,50
1762227943577,753,49
1762227943610,753,48
1762227943624,753,46
1762227943633,754,45
1762227943640,755,44
1762227943653,756,43
1762227943660,756,42
1762227943668,756,41
1762227943713,756,40
1762227943726,756,39
1762227943734,756,38
1762227943741,757,38
1762227943750,758,37
1762227943763,759,36
1762227943777,759,35
1762227943815,759,34
1762227943852,760,32
1762227943862,760,31
1762227943868,762,31
1762227943875,762,30
1762227943882,763,29
1762227943889,763,28
1762227943896,764,28
1762227943903,764,27
1762227943916,764,26
1762227943938,765,26
1762227943961,765,25
1762227943968,766,25
1762227943975,766,24
1762227943982,767,24
1762227943990,767,23
1762227943997,768,23
1762227944005,769,21
1762227944014,769,20
1762227944021,770,19
1762227944049,771,19
1762227944085,772,18
1762227944092,773,18
1762227944099,773,17
1762227944106,774,17
1762227944128,775,17
1762227944136,775,16
1762227944143,776,16
1762227944180,777,16
1762227944188,778,16
1762227944194,779,16
1762227944222,780,16
1762227944231,781,16
1762227944320,782,15
1762227944326,783,15
1762227944333,784,15
1762227944355,785,15
1762227944365,786,14
1762227944377,787,14
1762227944400,788,14
1762227944458,790,14
1762227944476,791,14
1762227944487,793,14
1762227944504,794,14
1762227944516,795,14
1762227944525,796,14
1762227944532,797,14
1762227944545,798,14
1762227944590,799,14
1762227944608,800,14
1762227944615,801,14
1762227944622,802,15
1762227944629,802,16
1762227944636,803,16
1762227944643,804,16
1762227944707,805,16
1762227944713,805,17
1762227944758,805,18
1762227944787,806,18
1762227944794,806,19
1762227944801,806,20
1762227944808,806,21
1762227944854,808,22
1762227944863,808,23
1762227944874,808,24
1762227944889,808,25
1762227944903,808,27
1762227944912,809,27
1762227944926,809,28
1762227944970,809,29
1762227944988,809,30
1762227944995,809,31
1762227945006,809,32
1762227945016,809,33
1762227945080,809,34
1762227945086,810,35
1762227945101,810,36
1762227945118,810,37
1762227945160,810,39
1762227945181,810,40
1762227945189,810,41
1762227945195,810,42
1762227945215,810,43
1762227945225,810,44
1762227945232,810,45
1762227945239,810,46
1762227945257,810,47
1762227945269,810,48
1762227945283,810,49
1762227945292,810,50
1762227945299,810,51
1762227945319,810,52
1762227945328,810,53
1762227945334,810,54
1762227945354,810,55
1762227945361,810,56
1762227945368,810,57
1762227945378,810,58
1762227945386,810,60
1762227945403,809,61
1762227945410,809,62
1762227945416,809,63
1762227945430,809,64
1762227945444,809,65
1762227945452,807,65
1762227945459,807,66
1762227945466,806,67
1762227945486,805,68
1762227945493,805,69
1762227945500,805,70
1762227945510,804,71
1762227945525,804,72
1762227945599,804,73
1762227945649,803,73
1762227945659,803,74
1762227945665,801,75
1762227945678,800,75
1762227945693,799,75
1762227945700,798,75
1762227945721,797,75
1762227945730,796,75
1762227945737,795,75
1762227945744,794,75
1762227945763,793,75
1762227945773,792,75
1762227945784,792,76
1762227945790,791,76
1762227945797,790,77
1762227945804,789,77
1762227945817,788,77
1762227945840,788,78
1762227945861,787,78
1762227945881,786,79
1762227945888,786,80
1762227945898,786,81
1762227945905,785,81
1762227945922,783,82
1762227945971,782,82
1762227945978,782,83
1762227945986,781,83
1762227945992,780,84
1762227946012,779,85
1762227946022,778,85
1762227946044,777,85
1762227946054,776,85
1762227946066,775,85
1762227946081,774,85
1762227946147,773,85
1762227946163,771,85
1762227946287,770,84
1762227946300,770,83
1762227946318,770,82
1762227946329,770,81
1762227946339,770,80
1762227946351,770,79
1762227946360,770,78
1762227946373,770,77
1762227946394,770,76
1762227946402,770,74
1762227946422,770,73
1762227946443,770,72
1762227946453,770,71
1762227946483,770,70
1762227946492,771,70
1762227946498,772,70
1762227946511,773,68
1762227946556,774,67
1762227946575,775,66
1762227946582,776,66
1762227946589,778,65
1762227946596,780,64
1762227946607,781,63
1762227946621,782,63
1762227946630,783,63
1762227946644,784,63
1762227946651,785,63
1762227946658,786,63
1762227946679,787,63
1762227946687,788,63
1762227946725,789,63
1762227946734,790,63
1762227946741,791,63
1762227946753,792,63
1762227946776,793,63
1762227946783,794,63
1762227946834,795,63
1762227946841,796,63
1762227946859,797,63
1762227946866,798,62
1762227946873,798,60
1762227946880,799,59
1762227946887,800,58
1762227946894,800,56
1762227946901,801,55
1762227946908,801,54
1762227946921,801,53
1762227946942,801,52
1762227946949,801,51
1762227946958,801,50
1762227946965,800,49
1762227946984,799,49
1762227946994,797,49
1762227947001,795,49
1762227947012,794,49
1762227947019,793,49
1762227947026,792,49
1762227947033,791,49
1762227947040,789,50
1762227947047,789,51
1762227947053,788,51
1762227947060,788,52
1762227947067,787,52
1762227947075,787,54
1762227947082,786,56
1762227947090,785,57
1762227947097,784,58
1762227947104,783,60
1762227947111,782,60
1762227947118,782,61
1762227947126,782,62
1762227947133,782,63
1762227947148,782,64
1762227947158,782,65
1762227947178,782,66
1762227947206,783,66
1762227947220,784,66
1762227947228,785,66
1762227947255,786,66
1762227947280,787,66
1762227947294,788,66
1762227947303,789,64
1762227947310,789,63
1762227947317,789,62
1762227947324,789,61
1762227947338,789,60
1762227947346,789,59
1762227947366,789,58
1762227947404,788,58
1762227947428,787,58
1762227947440,786,58
1762227947449,785,59
1762227947456,785,60
1762227947463,784,60
1762227947470,783,61
1762227947477,782,63
1762227947484,782,64
1762227947491,781,65
1762227947511,780,66
1762227947521,780,67
1762227947528,780,68
1762227947536,780,69
1762227947550,780,70
1762227947560,780,71
1762227947572,780,72
1762227947586,780,73
1762227947682,780,75
1762227947734,781,75
1762227947785,782,75
1762227947813,783,75
1762227947821,784,75
1762227947839,785,75
1762227947850,786,75
1762227947860,787,74
1762227947939,788,73
1762227947949,789,73
1762227947977,790,73
1762227947984,791,73
1762227948064,792,73
1762227948151,792,75
1762227948231,792,76
1762227948259,792,77
1762227948328,792,78
1762227948332,792,79
1762227948384,793,80
1762227948398,793,81
1762227948412,795,82
1762227948442,795,83
1762227948450,796,83
1762227948516,797,84
1762227948537,797,85
1762227948545,797,86
1762227948559,797,87
1762227948595,798,87
1762227948625,798,88
1762227948661,799,89
1762227948713,799,90
1762227948859,798,90
1762227948878,797,90
1762227948884,796,90
1762227948895,795,90
1762227948905,794,90
1762227948917,793,90
1762227948926,792,90
1762227948939,791,90
1762227948983,790,90
1762227948990,789,89
1762227949050,789,88
1762227949108,789,87
1762227949115,788,87
1762227949122,788,86
1762227949129,787,85
1762227949136,787,84
1762227949155,787,83
1762227949162,787,82
1762227949173,787,81
1762227949183,787,80
1762227949190,786,80
1762227949197,786,79
1762227949203,786,78
1762227949217,786,77
1762227949238,785,76
1762227949246,785,74
1762227949253,785,73
1762227949273,785,72
1762227949280,785,71
1762227949290,785,70
1762227949305,785,68
1762227949314,785,66
1762227949322,785,65
1762227949328,785,64
1762227949335,785,63
1762227949342,785,60
1762227949349,786,59
1762227949356,786,58
1762227949363,787,56
1762227949370,787,54
1762227949377,788,53
1762227949385,789,51
1762227949392,790,50
1762227949399,791,49
1762227949406,793,47
1762227949414,794,46
1762227949422,796,46
1762227949429,798,45
1762227949439,799,45
1762227949446,800,45
1762227949453,802,45
1762227949460,803,45
1762227949467,804,45
1762227949474,805,45
1762227949524,806,45
1762227949569,806,44
1762227949582,806,43
1762227949597,806,42
1762227949606,806,41
1762227949613,806,40
1762227949620,805,40
1762227949627,804,39
1762227949634,803,39
1762227949655,802,39
1762227949663,801,39
1762227949682,800,39
1762227949689,799,39
1762227949699,798,39
1762227949710,796,39
1762227949717,795,40
1762227949724,793,44
1762227949731,792,46
1762227949738,790,50
1762227949745,789,52
1762227949752,789,54
1762227949758,788,56
1762227949765,788,58
1762227949773,788,59
1762227949780,788,60
1762227949800,788,61
1762227949809,788,62
1762227949817,788,63
1762227949831,790,63
1762227949842,791,63
1762227949849,794,61
1762227949856,796,59
1762227949863,800,54
1762227949869,802,51
1762227949876,805,47
1762227949883,808,44
1762227949890,808,42
1762227949897,809,39
1762227949904,810,37
1762227949911,810,36
1762227949918,810,35
1762227949926,810,34
1762227949946,810,33
1762227949953,809,32
1762227949960,808,31
1762227949967,807,30
1762227949977,805,30
1762227949992,804,30
1762227950001,802,30
1762227950008,800,30
1762227950015,798,30
1762227950022,796,31
1762227950029,793,33
1762227950036,792,35
1762227950043,791,37
1762227950050,789,40
1762227950057,787,42
1762227950065,786,46
1762227950072,785,49
1762227950079,784,50
1762227950087,784,51
1762227950094,784,52
1762227950112,784,53
1762227950119,784,54
1762227950140,785,54
1762227950147,787,53
1762227950154,788,51
1762227950161,791,49
1762227950168,794,44
1762227950175,796,41
1762227950182,798,37
1762227950189,799,35
1762227950196,800,34
1762227950203,801,32
1762227950211,802,30
1762227950218,802,29
1762227950237,802,28
1762227950247,801,27
1762227950262,800,27
1762227950276,799,27
1762227950286,798,27
1762227950293,796,27
1762227950300,794,27
1762227950307,793,27
1762227950314,791,27
1762227950321,788,28
1762227950328,786,28
1762227950335,783,30
1762227950342,781,32
1762227950350,780,34
1762227950357,778,37
1762227950365,776,41
1762227950371,776,44
1762227950379,775,48
1762227950390,773,51
1762227950397,773,53
1762227950408,773,55
1762227950418,773,56
1762227950431,773,57
1762227950438,775,58
1762227950445,776,58
1762227950452,777,58
1762227950460,779,58
1762227950467,781,57
1762227950474,782,56
1762227950481,784,54
1762227950489,785,51
1762227950496,788,49
1762227950503,789,44
1762227950515,791,42
1762227950522,792,40
1762227950529,793,37
1762227950536,794,36
1762227950542,794,34
1762227950549,794,33
1762227950556,794,31
1762227950563,794,30
1762227950577,794,29
1762227950605,794,28
1762227950612,793,28
1762227950620,792,28
1762227950640,791,28
1762227950647,790,28
1762227950653,789,28
1762227950660,788,28
1762227950667,786,30
1762227950674,785,32
1762227950681,783,33
1762227950688,781,35
1762227950695,780,37
1762227950702,778,40
1762227950709,776,44
1762227950716,776,48
1762227950723,774,50
1762227950730,773,52
1762227950737,773,55
1762227950744,773,57
1762227950752,773,58
1762227950759,773,59
1762227950766,773,61
1762227950774,773,62
1762227950792,773,63
1762227950813,775,63
1762227950820,776,63
1762227950827,778,63
1762227950834,782,62
1762227950841,784,57
1762227950848,787,50
1762227950855,791,46
1762227950861,793,41
1762227950869,795,38
1762227950876,795,36
1762227950883,795,33
1762227950903,795,32
1762227950913,795,31
1762227950942,795,30
1762227950956,794,30
1762227950971,792,30
1762227950986,791,30
1762227951007,789,30
1762227951014,787,30
1762227951021,784,30
1762227951028,782,31
1762227951035,780,33
1762227951042,776,36
1762227951049,774,40
1762227951056,772,44
1762227951063,770,46
1762227951070,770,49
1762227951077,769,50
1762227951084,768,52
1762227951090,768,53
1762227951097,768,54
1762227951104,768,55
1762227951117,768,56
1762227951125,768,58
1762227951139,768,59
1762227951160,768,60
1762227951168,768,61
1762227951254,768,62
1762227951294,768,63
1762227951303,768,64
1762227951310,768,65
1762227951322,768,66
1762227951337,768,67
1762227951396,768,68
1762227951407,768,69
1762227951414,768,70
1762227951421,767,70
1762227951428,767,72
1762227951439,767,73
1762227951454,767,74
1762227951468,767,75
1762227951646,766,75
1762227951688,765,75
1762227951698,764,74
1762227951709,763,73
1762227951724,763,72
1762227951739,763,71
1762227951791,763,70
1762227951802,762,69
1762227951809,762,68
1762227951819,762,67
1762227951834,762,66
1762227951870,762,65
1762227951878,762,64
1762227951885,762,63
1762227951900,762,62
1762227951920,762,61
1762227951927,762,60
1762227951958,762,59
1762227951973,762,57
1762227951987,762,56
1762227952010,762,55
1762227952046,762,54
1762227952053,762,53
1762227952061,763,50
1762227952068,763,49
1762227952075,763,48
1762227952082,764,46
1762227952093,764,44
1762227952104,764,43
1762227952171,764,42
1762227952178,765,41
1762227952189,766,40
1762227952195,766,39
1762227952202,766,38
1762227952267,767,38
1762227952284,768,37
1762227952291,768,36
1762227952298,769,35
1762227952309,770,34
1762227952319,771,34
1762227952339,772,32
1762227952390,774,31
1762227952402,775,31
1762227952409,776,30
1762227952416,778,29
1762227952426,779,28
1762227952441,780,28
1762227952470,781,28
1762227952484,782,28
1762227952492,783,28
1762227952514,784,28
1762227952521,785,27
1762227952610,786,27
1762227952668,787,27
1762227952677,788,27
1762227952684,789,27
1762227952704,790,27
1762227952725,791,26
1762227952732,792,26
1762227952740,792,25
1762227952792,793,25
1762227952801,794,24
1762227952808,795,23
1762227952821,796,22
1762227952829,797,22
1762227952836,798,22
1762227952843,799,21
1762227952850,800,21
1762227952871,801,21
1762227952878,802,21
1762227952899,803,21
1762227952939,803,20
1762227952947,803,19
1762227952954,804,19
1762227952967,805,19
1762227952981,806,19
1762227952989,807,19
1762227953085,807,20
1762227953096,807,21
1762227953103,807,22
1762227953110,806,23
1762227953117,805,25
1762227953124,804,27
1762227953131,803,28
1762227953138,802,30
1762227953145,801,31
1762227953152,799,32
1762227953159,798,35
1762227953166,797,35
1762227953173,797,37
1762227953180,796,37
1762227953187,796,38
1762227953194,795,38
1762227953201,794,39
1762227953221,793,41
1762227953228,792,41
1762227953235,792,43
1762227953242,791,44
1762227953249,791,45
1762227953256,790,47
1762227953263,790,49
1762227953270,790,50
1762227953277,790,51
1762227953284,790,52
1762227953291,789,52
1762227953298,789,54
1762227953311,789,55
1762227953339,789,56
1762227953347,789,57
1762227953360,788,58
1762227953369,788,59
1762227953377,788,60
1762227953388,788,61
1762227953398,788,62
1762227953413,788,63
1762227953428,788,64
1762227953436,788,65
1762227953443,788,66
1762227953457,788,67
1762227953478,788,68
1762227953485,788,69
1762227953506,788,70
1762227953537,789,70
1762227953552,790,70
1762227953567,792,70
1762227953589,793,70
1762227953610,794,70
1762227953617,795,70
1762227953624,796,69
1762227953631,796,68
1762227953638,798,67
1762227953644,799,65
1762227953651,800,64
1762227953658,800,62
1762227953665,801,62
1762227953672,802,61
1762227953679,802,60
1762227953691,802,58
1762227953700,802,57
1762227953707,802,55
1762227953714,802,54
1762227953721,802,53
1762227953728,802,51
1762227953735,802,49
1762227953742,801,48
1762227953749,801,46
1762227953756,800,44
1762227953764,800,43
1762227953783,800,42
1762227953790,800,41
1762227953797,799,41
1762227953804,799,40
1762227953811,797,40
1762227953818,797,38
1762227953829,797,37
1762227953844,797,36
1762227953853,796,36
1762227953859,796,35
1762227953866,796,34
1762227953894,796,33
1762227953901,795,33
1762227953908,795,32
1762227953915,795,31
1762227953936,795,30
1762227953947,795,29
1762227953957,794,29
1762227953991,793,29
1762227954019,793,28
1762227954026,792,27
1762227954033,791,26
1762227954071,790,26
1762227954102,789,25
1762227954109,789,24
1762227954122,788,23
1762227954159,787,23
1762227954188,786,22
1762227954200,785,22
1762227954210,784,22
1762227954220,783,22
1762227954227,783,21
1762227954261,782,21
1762227954313,781,21
1762227954324,780,21
1762227954331,779,21
1762227954341,778,22
1762227954356,776,23
1762227954370,775,24
1762227954380,774,25
1762227954387,773,25
1762227954394,773,26
1762227954401,772,28
1762227954421,772,30
1762227954428,772,31
1762227954436,772,32
1762227954444,772,34
1762227954454,772,37
1762227954459,773,38
1762227954470,773,41
1762227954477,775,42
1762227954484,775,43
1762227954491,776,45
1762227954498,778,45
1762227954505,779,46
1762227954512,780,46
1762227954519,782,46
1762227954525,783,46
1762227954539,784,46
1762227954546,785,46
1762227954567,786,45
1762227954575,788,43
1762227954582,789,42
1762227954590,790,40
1762227954597,790,38
1762227954609,791,37
1762227954616,792,36
1762227954623,793,34
1762227954630,793,33
1762227954636,793,32
1762227954752,792,32
1762227954758,792,33
1762227954770,791,34
1762227954777,790,35
1762227954784,788,36
1762227954791,786,37
1762227954798,785,39
1762227954805,785,41
1762227954812,784,42
1762227954819,783,44
1762227954825,783,45
1762227954832,783,46
1762227954846,783,47
1762227954853,783,48
1762227954874,783,49
1762227954881,783,50
1762227954890,784,50
1762227954897,785,50
1762227954916,786,50
1762227954923,788,50
1762227954933,789,49
1762227954943,789,48
1762227954950,790,46
1762227954957,791,45
1762227954970,792,44
1762227954978,792,42
1762227954992,792,41
1762227954999,792,40
1762227955006,792,39
1762227955051,791,39
1762227955065,790,39
1762227955080,789,39
1762227955089,788,40
1762227955096,787,41
1762227955103,786,42
1762227955110,785,44
1762227955117,784,46
1762227955124,782,49
1762227955131,780,51
1762227955138,779,53
1762227955145,778,54
1762227955153,778,55
1762227955160,777,56
1762227955167,776,57
1762227955186,776,58
1762227955197,775,59
1762227955211,775,60
1762227955221,775,61
1762227955228,775,62
1762227955240,773,63
1762227955249,773,64
1762227955262,773,65
1762227955301,773,66
1762227955315,773,68
1762227955402,773,69
1762227955438,773,70
1762227955571,774,70
1762227955584,775,70
1762227955596,775,71
1762227955643,776,72
1762227955651,777,72
1762227955665,777,73
1762227955672,777,74
1762227955680,778,74
1762227955700,778,75
1762227955739,780,76
1762227955753,780,77
1762227955767,781,78
1762227955776,781,79
1762227955804,781,80
1762227955870,782,81
1762227955884,782,82
1762227955894,782,83
1762227955906,782,84
1762227955920,782,85
1762227955935,782,86
1762227955943,783,87
1762227956161,783,87
1762227956331,782,93
1762227956338,778,105
1762227956344,773,121
1762227956351,771,130
1762227956360,769,140
1762227956366,767,149
1762227956373,765,160
1762227956380,762,172
1762227956388,761,181
1762227956395,760,186
1762227956403,759,191
1762227956410,759,195
1762227956417,759,198
1762227956424,758,201
1762227956432,758,205
1762227956439,758,208
1762227956446,758,213
1762227956453,758,216
1762227956461,757,219
1762227956468,757,221
1762227956475,757,222
1762227956483,757,223
1762227956501,757,224
1762227956508,757,225
1762227956515,757,226
1762227956527,757,227
1762227956534,757,228
1762227956550,757,229
1762227956563,757,230
1762227956611,756,230
1762227956627,756,231
1762227956634,755,232
1762227956640,754,232
1762227956647,754,233
1762227956658,753,235
1762227956666,752,235
1762227956673,752,236
1762227956680,752,237
1762227956687,752,238
1762227956702,752,239
1762227956710,751,239
1762227956717,751,240
1762227956724,750,240
1762227956732,750,241
1762227956738,749,242
1762227956746,749,244
1762227956765,749,245
1762227956775,749,246
1762227956793,749,247
1762227956800,749,248
1762227956807,748,248
1762227956820,748,249
1762227956826,747,250
1762227956833,746,250
1762227956841,746,251
1762227956855,745,252
1762227956863,745,253
1762227956916,744,253
1762227956922,744,254
1762227956928,742,255
1762227956936,742,256
1762227956952,742,257
1762227957010,742,258
1762227957088,741,258
1762227957127,740,258
1762227957134,739,258
1762227957208,739,257
1762227957215,738,257
1762227957221,738,256
1762227957228,738,255
1762227957235,738,254
1762227957266,738,253
1762227957272,737,253
1762227957332,737,252
1762227957346,737,251
1762227957354,737,250
1762227957360,737,249
1762227957377,737,248
1762227957384,736,248
1762227957391,736,247
1762227957398,736,246
1762227957419,736,245
1762227957516,735,245
1762227957713,734,245
1762227958123,733,236
1762227958166,733,237
1762227958180,734,237
1762227958189,735,237
1762227958196,736,237
1762227958202,738,237
1762227958209,741,237
1762227958216,743,237
1762227958223,746,237
1762227958230,748,237
1762227958238,749,237
1762227958245,750,237
1762227958252,752,238
1762227958259,754,238
1762227958267,755,238
1762227958274,756,238
1762227958281,758,238
1762227958293,759,238
1762227958300,761,238
1762227958307,763,238
1762227958314,764,238
1762227958320,767,238
1762227958327,769,238
1762227958334,770,238
1762227958341,771,238
1762227958348,773,238
1762227958355,774,238
1762227958362,775,238
1762227958369,776,238
1762227958377,777,238
1762227958384,778,238
1762227958392,779,238
1762227958404,782,238
1762227958411,783,238
1762227958421,785,238
1762227958435,786,238
1762227958450,788,238
1762227958464,789,238
1762227958479,790,238
1762227958494,792,238
1762227958501,794,238
1762227958508,795,238
1762227958515,796,238
1762227958523,798,238
1762227958530,799,238
1762227958537,801,238
1762227958545,802,238
1762227958582,803,238
1762227958596,804,238
1762227958605,805,238
1762227958612,807,238
1762227958619,808,238
1762227958632,809,238
1762227958653,810,238
1762227958677,811,238
1762227958691,812,238
1762227958702,813,238
1762227958713,814,238
1762227958824,815,238
1762227958852,816,238
1762227958910,817,238
1762227958919,818,238
1762227958932,819,238
1762227958953,820,238
1762227959028,821,238
1762227959040,822,238
1762227959117,823,238
1762227959555,823,237
1762227959569,823,236
1762227959580,823,235
1762227959590,823,234
1762227959605,823,233
1762227959615,823,232
1762227959627,823,231
1762227959636,823,230
1762227959642,823,229
1762227959656,823,228
1762227959715,823,227
1762227959726,823,226
1762227959759,823,225
1762227959840,823,224
1762227959851,823,223
1762227959861,823,222
1762227959875,823,221
1762227959890,823,220
1762227959900,823,219
1762227959906,823,218
1762227959919,823,217
1762227959979,823,216
1762227959990,823,215
1762227960000,823,214
1762227960024,823,213
1762227960031,823,212
1762227960043,823,211
1762227960199,822,211
1762227960211,821,211
1762227960226,820,211
1762227960241,819,211
1762227960251,818,211
1762227960263,817,211
1762227960272,816,211
1762227960285,815,211
1762227960293,814,211
1762227960313,813,211
1762227960320,811,211
1762227960328,809,211
1762227960334,808,211
1762227960341,807,211
1762227960350,806,211
1762227960362,803,211
1762227960373,802,211
1762227960383,800,211
1762227960390,799,211
1762227960397,797,211
1762227960404,796,211
1762227960411,794,211
1762227960418,793,211
1762227960431,791,211
1762227960438,790,211
1762227960446,789,211
1762227960453,788,211
1762227960466,787,211
1762227960475,785,211
1762227960482,783,211
1762227960497,782,211
1762227960508,780,211
1762227960515,778,211
1762227960526,776,211
1762227960536,775,211
1762227960542,774,211
1762227960549,772,211
1762227960556,771,211
1762227960570,770,211
1762227960577,769,211
1762227960585,768,211
1762227960605,767,211
1762227960612,766,211
1762227960619,765,211
1762227960628,764,211
1762227960643,763,211
1762227960653,762,211
1762227960660,761,211
1762227960667,760,211
1762227960674,759,211
1762227960687,758,211
1762227960702,757,211
1762227960723,756,211
1762227960730,755,211
1762227960738,754,211
1762227960745,753,211
1762227960760,752,211
1762227960771,751,211
1762227960792,750,211
1762227960871,749,211
1762227960878,748,211
1762227960889,747,212
1762227960896,747,213
1762227960903,746,213
1762227960910,746,214
1762227960917,745,215
1762227960958,744,216
1762227961018,744,217
1762227961024,743,217
1762227961035,742,219
1762227961041,741,219
1762227961112,741,220
1762227961123,740,220
1762227961130,740,221
1762227961137,740,222
1762227961151,740,223
1762227961158,739,223
1762227961165,739,224
1762227961172,739,225
1762227961178,739,226
1762227961199,739,227
1762227961258,740,227
1762227961265,741,227
1762227961276,743,227
1762227961283,745,227
1762227961290,746,227
1762227961301,747,227
1762227961310,748,227
1762227961338,749,227
1762227961352,751,227
1762227961359,752,227
1762227961373,753,227
1762227961380,756,227
1762227961387,758,227
1762227961394,760,227
1762227961401,764,227
1762227961407,767,227
1762227961414,769,227
1762227961421,772,227
1762227961428,773,227
1762227961435,774,227
1762227961442,776,227
1762227961449,777,227
1762227961456,779,227
1762227961463,780,227
1762227961470,782,227
1762227961477,783,227
1762227961491,785,227
1762227961498,786,227
1762227961505,788,227
1762227961512,789,227
1762227961519,790,227
1762227961525,792,227
1762227961532,793,227
1762227961539,794,227
1762227961546,795,227
1762227961553,798,227
1762227961560,800,227
1762227961568,803,227
1762227961574,804,227
1762227961581,806,227
1762227961588,807,227
1762227961595,808,227
1762227961609,809,227
1762227961616,810,227
1762227961645,812,227
1762227961657,813,227
1762227961664,814,227
1762227961674,815,227
1762227961689,816,227
1762227961699,817,227
1762227961706,818,227
1762227961717,819,227
1762227961727,820,227
1762227961740,821,227
1762227961748,821,226
1762227961754,822,226
1762227961762,823,226
1762227961769,824,226
1762227961902,823,226
1762227961909,822,226
1762227961915,821,226
1762227961927,819,225
1762227961934,816,223
1762227961941,813,223
1762227961947,811,223
1762227961954,808,223
1762227961961,806,223
1762227961968,804,223
1762227961975,801,223
1762227961982,799,223
1762227961989,798,223
1762227961996,796,223
1762227962003,794,223
1762227962010,793,223
1762227962018,791,223
1762227962025,789,223
1762227962032,787,223
1762227962039,785,223
1762227962051,784,223
1762227962058,783,223
1762227962065,781,223
1762227962072,779,223
1762227962079,778,223
1762227962086,777,223
1762227962093,776,223
1762227962105,774,223
1762227962114,772,223
1762227962121,771,223
1762227962134,769,223
1762227962142,767,223
1762227962163,765,223
1762227962170,764,223
1762227962176,763,223
1762227962183,761,223
1762227962190,760,223
1762227962197,759,223
1762227962204,758,223
1762227962211,756,223
1762227962225,755,223
1762227962232,754,223
1762227962239,753,223
1762227962251,752,223
1762227962341,752,222
1762227962349,753,222
1762227962356,755,221
1762227962362,757,221
1762227962372,759,221
1762227962379,763,221
1762227962386,767,221
1762227962393,771,221
1762227962400,774,221
1762227962407,777,221
1762227962414,780,221
1762227962421,782,221
1762227962428,784,221
1762227962435,785,220
1762227962442,787,220
1762227962456,789,220
1762227962463,790,220
1762227962470,791,219
1762227962476,793,219
1762227962483,795,219
1762227962490,796,219
1762227962504,797,219
1762227962511,798,219
1762227962532,799,219
1762227962539,801,219
1762227962546,802,219
1762227962553,803,219
1762227962560,804,219
1762227962567,807,219
1762227962580,808,219
1762227962601,809,219
1762227962672,810,219
1762227962679,811,219
1762227962685,812,219
1762227962698,814,219
1762227962712,815,219
1762227962720,816,219
1762227962734,818,219
1762227962747,819,219
1762227962754,820,219
1762227962763,821,219
1762227962822,822,219
1762227962896,824,219
1762227962985,823,219
1762227962997,822,219
1762227963011,820,219
1762227963022,819,219
1762227963029,816,219
1762227963036,814,219
1762227963043,812,219
1762227963050,810,219
1762227963057,808,219
1762227963064,805,219
1762227963071,802,219
1762227963078,800,219
1762227963085,798,219
1762227963093,795,219
1762227963099,793,219
1762227963107,792,219
1762227963114,790,219
1762227963126,787,219
1762227963133,784,219
1762227963140,782,220
1762227963147,779,220
1762227963154,777,220
1762227963161,775,220
1762227963168,772,221
1762227963175,771,221
1762227963182,769,221
1762227963189,768,221
1762227963196,766,221
1762227963203,764,221
1762227963217,763,221
1762227963224,762,221
1762227963238,761,222
1762227963251,759,222
1762227963258,758,222
1762227963272,757,222
1762227963282,756,222
1762227963297,755,222
1762227963307,754,222
1762227963334,753,222
1762227963348,752,222
1762227963369,751,222
1762227963444,750,224
1762227963465,749,225
1762227963479,747,226
1762227963486,747,227
1762227963554,747,228
1762227963569,747,229
1762227963635,748,229
1762227963645,748,230
1762227963652,749,230
1762227963662,750,230
1762227963673,751,230
1762227963680,752,230
1762227963694,754,230
1762227963706,755,230
1762227963715,757,230
1762227963728,759,230
1762227963736,761,230
1762227963743,763,230
1762227963756,764,230
1762227963763,765,231
1762227963770,767,231
1762227963777,768,231
1762227963784,769,231
1762227963791,770,231
1762227963798,772,231
1762227963805,773,231
1762227963812,775,231
1762227963819,777,232
1762227963825,779,232
1762227963832,780,232
1762227963839,782,232
1762227963846,783,232
1762227963853,785,233
1762227963867,787,233
1762227963875,788,234
1762227963888,789,235
1762227963895,791,235
1762227963902,792,235
1762227963909,793,236
1762227963916,795,236
1762227963923,797,237
1762227963930,798,237
1762227963937,799,237
1762227963943,802,238
1762227963951,803,238
1762227963964,804,238
1762227963971,805,238
1762227964044,805,239
1762227964064,805,240
1762227964162,805,240
1762227969702,806,240
1762227969708,808,240
1762227969716,811,240
1762227969722,815,240
1762227969730,817,240
1762227969737,821,240
1762227969746,824,240
1762227969752,826,240
1762227969759,829,241
1762227969767,831,241
1762227969783,836,243
1762227969790,837,244
1762227969797,838,246
1762227969804,838,247
1762227969811,839,248
1762227969818,840,250
1762227969838,840,251
1762227969847,841,252
1762227969870,842,252
1762227969906,843,252
1762227969913,843,250
1762227969920,843,249
1762227969928,843,248
1762227969935,842,245
1762227969942,840,244
1762227969950,839,243
1762227969957,837,242
1762227969964,833,241
1762227969971,831,240
1762227969978,829,239
1762227969986,826,238
1762227969993,824,237
1762227970000,822,237
1762227970008,819,236
1762227970015,817,235
1762227970022,816,235
1762227970029,814,234
1762227970037,811,234
1762227970044,808,232
1762227970051,805,231
1762227970059,802,231
1762227970066,797,231
1762227970073,794,231
1762227970081,791,231
1762227970088,787,231
1762227970095,784,231
1762227970103,780,231
1762227970110,777,231
1762227970118,773,231
1762227970124,771,231
1762227970132,769,231
1762227970140,768,231
1762227970147,766,231
1762227970154,764,231
1762227970161,763,231
1762227970169,762,231
1762227970176,760,231
1762227970183,759,231
1762227970199,758,231
1762227970206,757,231
1762227970227,756,231
1762227970235,755,231
1762227970254,753,231
1762227970264,752,231
1762227970282,751,231
1762227970293,750,231
1762227970300,749,231
1762227970317,748,231
1762227970324,747,231
1762227970330,746,231
1762227970344,745,231
1762227970359,745,232
1762227970381,745,233
1762227970455,745,234
1762227970514,745,235
1762227970529,745,236
1762227970542,745,237
1762227970564,745,238
1762227970594,745,239
1762227970616,745,240
1762227970633,745,241
1762227970654,745,242
1762227970661,744,243
1762227970668,744,244
1762227970675,742,244
1762227970681,740,245
1762227970688,739,246
1762227970695,738,246
1762227970702,738,247
1762227970710,737,247
1762227970730,735,247
1762227970739,734,247
1762227971186,734,246
1762227971192,734,245
1762227971245,734,244
1762227971273,735,244
1762227971319,736,244
1762227971324,736,243
1762227971368,736,241
1762227971523,736,240
1762227972577,737,240
1762227972583,738,240
1762227972589,739,241
1762227972608,740,241
1762227972643,741,241
1762227972663,742,241
1762227972670,743,241
1762227972677,743,242
1762227972698,744,242
1762227972744,745,242
1762227972772,746,242
1762227972779,747,242
1762227972801,748,242
1762227973000,747,242
1762227973006,746,242
1762227973044,745,242
1762227973087,744,242
1762227973108,743,242
1762227973160,742,242
1762227973167,741,242
1762227973184,740,241
1762227973197,739,241
1762227973203,738,241
1762227973234,738,240
1762227973299,738,239
1762227973306,738,238
1762227973320,738,237
1762227973342,738,236
1762227973350,737,234
1762227973370,737,233
1762227973391,737,232
1762227973411,737,231
1762227973418,737,230
1762227973429,737,229
1762227973446,737,228
1762227973504,737,227
1762227973510,737,226
1762227973629,737,225
1762227973647,737,224
1762227973709,737,222
1762227973722,737,221
1762227973737,737,220
1762227973744,737,219
1762227973764,737,218
1762227973774,737,217
1762227973818,737,216
1762227973892,737,215
1762227973910,737,214
1762227973918,737,213
1762227973927,737,212
1762227973934,737,211
1762227973942,737,210
1762227973958,737,209
1762227973965,737,208
1762227974039,738,208
1762227974105,739,207
1762227974112,740,207
1762227974131,741,207
1762227974162,742,207
1762227974169,743,207
1762227974186,744,207
1762227974207,745,207
1762227974279,746,207
1762227974285,747,207
1762227974304,748,207
1762227974344,749,207
1762227974411,750,207
1762227974429,751,207
1762227974454,752,207
1762227974973,752,208
1762227974979,752,210
1762227974986,752,213
1762227974993,752,214
1762227975000,752,215
1762227975008,752,216
1762227975015,752,218
1762227975022,752,220
1762227975039,752,221
1762227975051,752,222
1762227975059,752,223
1762227975134,752,222
1762227975139,752,221
1762227975158,752,220
1762227975165,752,218
1762227975176,752,216
1762227975193,752,215
1762227975200,752,214
1762227975207,752,213
1762227975214,752,212
1762227975227,752,211
1762227975464,751,211
1762227975953,750,211
1762227975967,749,211
1762227976003,748,211
1762227976018,747,211
1762227976027,746,211
1762227976034,745,211
1762227976046,744,211
1762227976061,743,211
1762227976069,742,211
1762227976083,741,211
1762227976150,739,211
1762227976165,738,211
1762227976179,737,211
1762227976348,736,211
1762227976516,736,212
1762227976541,736,213
1762227976555,736,214
1762227976562,736,215
1762227976569,735,216
1762227976602,735,217
1762227976816,735,218
1762227976859,735,219
1762227976873,735,220
1762227976882,735,221
1762227976895,735,222
1762227976917,735,223
1762227976968,735,224
1762227977005,735,225
1762227977181,735,226
1762227977194,736,227
1762227977209,736,229
1762227977223,736,230
1762227977238,736,231
1762227977269,736,232
1762227977304,736,233
1762227977318,736,234
1762227977326,736,235
1762227977338,736,236
1762227977348,736,237
1762227977437,737,237
1762227977502,738,237
1762227977531,740,237
1762227977545,741,237
1762227977560,743,237
1762227977574,744,237
1762227977586,746,237
1762227977597,747,237
1762227977611,748,237
1762227977625,749,237
1762227977635,750,237
1762227977647,751,237
1762227977662,752,237
1762227977677,753,237
1762227977684,754,237
1762227977697,755,237
1762227977706,757,237
1762227977718,758,237
1762227977725,760,237
1762227977735,761,237
1762227977743,763,237
1762227977757,764,237
1762227977765,765,237
1762227977779,766,237
1762227977793,767,237
1762227977802,768,237
1762227977809,769,237
1762227977823,770,237
1762227977836,771,237
1762227977843,772,237
1762227977850,774,237
1762227977857,775,237
1762227977864,776,237
1762227977871,777,237
1762227977878,779,237
1762227977885,780,237
1762227977892,781,237
1762227977899,783,237
1762227977913,784,237
1762227977920,785,238
1762227977927,786,238
1762227977933,787,238
1762227977940,789,238
1762227977947,790,238
1762227977961,791,238
1762227977975,792,238
1762227977983,794,238
1762227977996,795,238
1762227978010,796,238
1762227978024,797,238
1762227978032,798,238
1762227978044,799,238
1762227978052,800,238
1762227978058,801,238
1762227978072,802,238
1762227978086,803,238
1762227978100,804,238
1762227978114,805,238
1762227978121,806,238
1762227978128,807,238
1762227978135,808,238
1762227978141,809,238
1762227978155,810,238
1762227978162,812,238
1762227978174,813,238
1762227978183,814,238
1762227978785,814,238
1762227979007,816,232
1762227979013,818,224
1762227979021,819,215
1762227979029,821,204
1762227979036,822,191
1762227979043,824,181
1762227979050,824,173
1762227979059,825,165
1762227979065,826,157
1762227979073,826,145
1762227979080,826,133
1762227979087,826,123
1762227979094,826,115
1762227979101,826,107
1762227979109,826,99
1762227979116,826,87
1762227979123,825,78
1762227979131,823,73
1762227979138,823,70
1762227979145,822,68
1762227979153,822,67
1762227979160,821,65
1762227979178,821,64
1762227979185,820,61
1762227979192,819,61
1762227979200,819,60
1762227979206,818,60
1762227979213,818,59
1762227979220,817,59
1762227979227,816,58
1762227979278,815,58
1762227979284,811,58
1762227979291,809,60
1762227979299,807,62
1762227979306,803,66
1762227979313,801,69
1762227979320,799,73
1762227979328,798,75
1762227979335,797,76
1762227979343,795,78
1762227979359,795,79
1762227979365,795,80
1762227979372,795,81
1762227979394,795,82
1762227979402,795,83
1762227979476,794,83
1762227979482,794,84
1762227979550,794,85
1762227981003,795,85
1762227981009,796,85
1762227981028,797,85
1762227981172,798,85
1762227982064,798,89
1762227982070,798,95
1762227982077,798,99
1762227982084,798,103
1762227982092,797,105
1762227982099,797,107
1762227982106,796,109
1762227982113,795,112
1762227982121,794,114
1762227982128,794,119
1762227982136,793,122
1762227982143,791,127
1762227982150,790,132
1762227982157,789,136
1762227982164,788,139
1762227982172,788,141
1762227982179,787,144
1762227982187,787,146
1762227982206,787,147
1762227982216,787,148
1762227982223,787,149
1762227982230,787,150
1762227982248,788,150
1762227982255,792,150
1762227982262,795,150
1762227982269,799,150
1762227982276,802,150
1762227982283,806,149
1762227982289,808,148
1762227982296,810,147
1762227982304,812,147
1762227982311,814,145
1762227982318,815,144
1762227982326,817,141
1762227982333,818,137
1762227982340,821,133
1762227982347,822,130
1762227982354,823,127
1762227982361,824,122
1762227982369,824,119
1762227982376,824,115
1762227982383,824,110
1762227982391,824,103
1762227982398,824,100
1762227982405,824,96
1762227982413,823,94
1762227982420,822,92
1762227982427,822,90
1762227982443,822,89
1762227982473,821,89
1762227982479,820,88
1762227982498,819,87
1762227982508,818,87
1762227982515,818,86
1762227982577,817,86
1762227982595,816,86
1762227982641,816,85
1762227982647,815,85
1762227982654,814,84
1762227982671,813,84
1762227982699,812,84
1762227982728,811,84
1762227982747,810,83
1762227982754,809,83
1762227982764,808,83
1762227982771,807,82
1762227982789,806,82
1762227982816,805,82
1762227984250,790,88
1762227984256,756,104
1762227984263,730,119
1762227984270,692,146
1762227984277,661,173
1762227984284,630,197
1762227984292,605,227
1762227984299,577,261
1762227984306,564,278
1762227984314,548,305
1762227984321,536,333
1762227984329,529,346
1762227984336,525,357
1762227984344,521,369
1762227984350,517,392
1762227984357,516,403
1762227984365,515,410
1762227984372,514,417
1762227984380,514,425
1762227984388,514,435
1762227984394,515,446
1762227984401,518,454
1762227984409,519,463
1762227984416,521,468
1762227984423,523,473
1762227984431,526,480
1762227984438,531,487
1762227984445,537,494
1762227984452,544,501
1762227984460,550,506
1762227984468,556,511
1762227984475,566,514
1762227984482,579,518
1762227984489,593,520
1762227984496,606,519
1762227984504,618,517
1762227984511,638,510
1762227984518,661,501
1762227984525,672,497
1762227984533,685,490
1762227984540,705,481
1762227984548,722,474
1762227984555,734,469
1762227984562,743,462
1762227984569,764,450
1762227984577,786,434
1762227984584,801,422
1762227984591,811,415
1762227984598,822,405
1762227984606,835,394
1762227984613,851,376
1762227984621,866,360
1762227984628,877,350
1762227984636,885,340
1762227984643,897,325
1762227984767,873,161
1762227984775,851,155
1762227984781,828,151
1762227984789,809,147
1762227984796,792,145
1762227984803,775,145
1762227984811,762,145
1762227984818,749,146
1762227984825,733,149
1762227984833,720,151
1762227984840,708,155
1762227984847,692,161
1762227984855,675,167
1762227984862,656,179
1762227984869,642,188
1762227984877,624,197
1762227984884,609,205
1762227984891,594,211
1762227984898,581,218
1762227984906,565,228
1762227984913,554,233
1762227984921,543,241
1762227984928,531,248
1762227984935,520,254
1762227984943,510,260
1762227984950,503,264
1762227984957,497,267
1762227984964,493,269
1762227984971,488,272
1762227984979,486,273
1762227984986,483,275
1762227984993,481,275
1762227985001,478,277
1762227985008,473,280
1762227985015,470,281
1762227985023,468,283
1762227985030,465,285
1762227985037,463,285
1762227985051,463,286
1762227985058,462,287
1762227985065,462,288
1762227985072,461,288
1762227985457,467,293
1762227985462,477,301
1762227985469,486,306
1762227985476,496,314
1762227985484,509,322
1762227985491,520,328
1762227985498,533,335
1762227985505,546,341
1762227985512,560,346
1762227985520,574,351
1762227985527,585,357
1762227985534,601,363
1762227985542,622,373
1762227985549,644,381
1762227985557,656,386
1762227985564,674,391
1762227985571,699,399
1762227985578,715,403
1762227985586,726,405
1762227985593,741,408
1762227985600,757,412
1762227985607,770,414
1762227985614,780,417
1762227985622,789,419
1762227985629,800,422
1762227985637,810,424
1762227985644,820,426
1762227985651,827,428
1762227985658,830,430
1762227985666,833,432
1762227985673,835,434
1762227985680,836,435
1762227985687,838,437
1762227985695,838,438
1762227985703,840,440
1762227985711,841,443
1762227985717,841,448
1762227985725,841,450
1762227985731,841,454
1762227985739,838,460
1762227985746,834,471
1762227985754,831,480
1762227985761,826,489
1762227985768,822,494
1762227985776,817,500
1762227985783,812,505
1762227985790,804,513
1762227985798,799,525
1762227985805,792,536
1762227985812,786,544
1762227985819,781,551
1762227985827,777,557
1762227985841,772,560
1762227985848,768,565
1762227985855,763,569
1762227985862,759,575
1762227985869,756,580
1762227985876,752,585
1762227985883,751,588
1762227985890,749,591
1762227985898,747,594
1762227985904,745,597
1762227985911,744,599
-1,-1,-1
1762227920969,72,191
1762227921357,72,190
1762227921437,72,189
1762227921450,72,188
1762227921469,72,186
1762227921480,72,185
1762227921488,72,184
1762227921494,72,183
1762227921512,72,182
1762227921561,72,181
1762227921568,72,180
1762227921575,72,179
1762227921582,72,177
1762227921601,72,176
1762227921608,72,175
1762227921615,72,174
1762227921621,72,173
1762227921633,72,172
1762227921677,72,171
1762227921684,72,170
1762227921692,72,169
1762227921712,72,167
1762227921721,72,166
1762227921728,72,165
1762227921746,72,164
1762227921780,72,163
1762227921824,72,162
1762227921830,71,161
1762227921838,71,160
1762227921861,71,159
1762227921882,70,159
1762227921889,70,158
1762227921962,70,158
1762227922000,70,157
1762227922006,69,156
1762227922013,69,155
1762227922095,69,154
1762227922293,69,153
1762227922366,70,153
1762227922378,72,153
1762227922386,73,153
1762227922393,74,153
1762227922413,75,153
1762227922420,76,153
1762227922426,77,153
1762227922437,78,153
1762227922460,79,153
1762227922468,80,153
1762227922496,81,153
1762227922541,83,153
1762227922558,84,153
1762227922569,85,153
1762227922586,86,153
1762227922593,87,153
1762227922606,88,153
1762227922613,89,153
1762227922635,91,153
1762227922655,92,153
1762227922664,93,153
1762227922671,96,153
1762227922690,97,153
1762227922697,99,153
1762227922708,100,153
1762227922715,102,153
1762227922732,103,153
1762227922739,104,153
1762227922746,105,153
1762227922752,106,153
1762227922759,108,153
1762227922766,109,153
1762227922773,111,153
1762227922781,112,153
1762227922788,113,153
1762227922795,116,153
1762227922803,117,152
1762227922810,119,152
1762227922817,120,152
1762227922825,122,152
1762227922832,123,152
1762227922839,124,152
1762227922846,125,152
1762227922864,126,152
1762227922876,127,152
1762227922884,128,152
1762227922891,129,152
1762227922898,130,152
1762227922919,131,152
1762227922927,132,152
1762227922934,133,152
1762227922941,134,152
1762227922961,135,152
1762227922968,136,152
1762227922978,137,152
1762227923000,138,152
1762227923007,139,152
1762227923023,140,152
1762227923044,141,152
1762227923052,141,153
1762227923072,142,153
1762227923093,143,153
1762227923103,144,153
1762227923110,145,153
1762227923127,146,153
1762227923134,146,154
1762227923146,147,154
1762227923192,148,154
1762227923211,149,154
1762227923219,151,154
1762227923238,152,154
1762227923249,153,154
1762227923323,154,154
1762227923329,155,154
1762227923348,156,154
1762227923355,157,154
1762227923455,158,154
1762227923520,159,154
1762227923534,160,154
1762227923556,161,154
1762227923689,161,155
1762227923719,161,156
1762227923734,161,157
1762227923741,161,158
1762227923754,161,159
1762227923769,161,161
1762227923776,161,163
1762227923790,161,164
1762227923811,161,165
1762227923818,161,166
1762227923826,161,167
1762227923834,161,168
1762227923853,161,169
1762227923859,161,170
1762227923870,161,171
1762227923892,161,172
1762227923959,161,174
1762227924025,161,175
1762227924045,161,176
1762227924143,161,177
1762227924230,161,178
1762227924272,161,179
1762227924303,161,180
1762227924310,161,181
1762227924324,161,182
1762227924338,161,183
1762227924346,161,184
1762227924353,161,185
1762227924373,161,186
1762227924379,161,187
1762227924389,161,188
1762227924396,161,189
1762227924815,160,189
1762227924833,159,189
1762227924839,158,189
1762227924851,157,189
1762227924857,156,189
1762227924874,155,189
1762227924881,154,189
1762227924893,153,189
1762227924909,152,189
1762227924916,150,189
1762227924937,148,189
1762227924943,147,189
1762227924950,146,189
1762227924957,144,189
1762227924964,142,189
1762227924971,141,189
1762227924978,140,189
1762227924985,137,189
1762227924992,136,189
1762227924999,133,189
1762227925006,132,189
1762227925013,130,189
1762227925020,129,189
1762227925027,127,189
1762227925040,126,189
1762227925048,125,189
1762227925054,124,189
1762227925062,123,189
1762227925069,122,189
1762227925089,121,189
1762227925096,120,189
1762227925103,119,189
1762227925110,117,189
1762227925117,117,190
1762227925124,116,190
1762227925131,115,190
1762227925138,114,190
1762227925145,113,190
1762227925152,112,190
1762227925158,111,190
1762227925172,109,190
1762227925186,108,190
1762227925207,107,190
1762227925216,105,190
1762227925223,104,190
1762227925242,103,190
1762227925249,102,190
1762227925256,101,190
1762227925266,100,190
1762227925274,99,190
1762227925281,98,190
1762227925297,97,190
1762227925310,96,190
1762227925318,95,190
1762227925339,94,190
1762227925346,93,190
1762227925354,92,190
1762227925362,91,191
1762227925398,90,191
1762227925415,89,191
1762227925428,87,192
1762227925442,86,192
1762227925471,85,192
1762227925553,84,192
1762227925566,83,192
1762227925585,82,192
1762227925700,81,192
1762227925705,80,192
1762227925724,79,192
1762227925794,78,192
1762227925806,77,192
1762227925815,76,192
1762227925874,75,192
1762227925882,75,191
1762227925895,75,190
1762227925917,75,189
1762227925924,74,189
1762227925930,74,188
1762227925937,74,187
1762227925946,74,186
1762227925983,74,185
1762227926000,74,184
1762227926007,74,183
1762227926019,74,182
1762227926034,74,181
1762227926094,74,180
1762227926122,74,179
1762227926151,74,178
1762227926197,75,177
1762227926215,77,177
1762227926222,79,177
1762227926231,80,177
1762227926239,81,177
1762227926247,82,177
1762227926253,84,177
1762227926271,85,177
1762227926277,87,177
1762227926284,89,177
1762227926291,90,177
1762227926298,91,177
1762227926305,93,177
1762227926312,94,177
1762227926319,95,177
1762227926327,96,177
1762227926334,97,177
1762227926354,99,177
1762227926361,100,177
1762227926368,102,177
1762227926374,104,177
1762227926382,105,177
1762227926388,106,177
1762227926395,109,177
1762227926402,111,177
1762227926409,113,178
1762227926416,114,178
1762227926423,116,178
1762227926430,117,178
1762227926437,119,178
1762227926458,120,179
1762227926465,121,179
1762227926472,123,179
1762227926479,124,179
1762227926485,125,179
1762227926492,127,179
1762227926499,128,179
1762227926506,130,179
1762227926513,132,179
1762227926520,134,179
1762227926527,135,179
1762227926534,136,179
1762227926541,137,179
1762227926553,138,179
1762227926560,139,179
1762227926569,140,179
1762227926582,141,179
1762227926590,142,179
1762227926598,143,179
1762227926617,144,179
1762227932761,100,185
1762227933186,99,185
1762227933204,98,185
1762227933211,97,185
1762227933231,96,185
1762227933243,95,185
1762227933259,94,185
1762227933317,93,185
1762227933335,92,185
1762227933356,91,185
1762227933478,90,185
1762227933485,89,185
1762227933491,88,185
1762227933510,87,185
1762227933521,86,185
1762227933538,85,185
1762227933550,84,185
1762227933609,82,185
1762227933628,81,185
1762227933638,80,185
1762227933656,79,185
1762227933837,80,185
1762227933854,81,185
1762227933864,83,185
1762227933882,84,185
1762227933893,85,185
1762227933901,86,185
1762227933953,87,185
1762227934011,88,185
1762227934018,89,185
1762227934025,90,185
1762227934049,91,185
1762227934062,92,185
1762227934084,93,185
1762227934091,94,185
1762227934111,95,185
1762227934120,96,185
1762227934146,97,185
1762227934153,98,185
1762227934173,99,185
1762227934186,100,185
1762227934201,101,185
1762227934208,102,185
1762227934229,103,185
1762227934237,105,185
1762227934244,106,185
1762227934263,107,185
1762227934271,108,185
1762227934281,109,185
1762227934298,110,185
1762227934305,111,185
1762227934312,112,185
1762227934324,113,185
1762227934333,114,185
1762227934340,115,185
1762227934347,117,185
1762227934354,118,185
1762227934375,120,185
1762227934383,121,185
1762227934402,122,185
1762227934409,123,185
1762227934416,124,185
1762227934428,125,185
1762227934444,126,185
1762227934451,127,185
1762227934472,128,185
1762227934493,129,185
1762227934499,130,185
1762227934506,131,185
1762227934513,132,185
1762227934522,133,185
1762227934530,134,185
1762227934548,135,185
1762227934555,136,185
1762227934566,137,185
1762227934573,138,185
1762227934590,139,185
1762227934596,140,185
1762227934603,141,184
1762227934610,142,184
1762227934618,143,184
1762227934625,144,184
1762227934645,145,184
1762227934655,146,184
1762227934661,147,184
1762227934669,148,184
1762227934687,149,184
1762227934713,150,184
1762227934742,151,184
1762227934749,152,184
1762227934770,153,184
1762227934838,153,183
1762227934866,154,183
1762227934992,154,182
1762227935020,154,181
1762227935027,154,180
1762227935044,154,179
1762227935056,154,178
1762227935071,154,177
1762227935093,154,175
1762227935114,154,174
1762227935120,154,173
1762227935127,154,172
1762227935136,154,171
1762227935155,154,170
1762227935166,154,169
1762227935173,154,168
1762227935180,154,167
1762227935204,154,166
1762227935254,154,165
1762227935261,154,164
1762227935280,154,163
1762227935301,154,162
1762227935308,154,161
1762227935585,153,161
1762227935595,152,161
1762227935602,151,161
1762227935612,150,161
1762227935629,149,161
1762227935641,148,161
1762227935650,147,161
1762227935657,146,161
1762227935670,145,161
1762227935685,144,161
1762227935692,143,161
1762227935713,142,161
1762227935720,141,161
1762227935729,139,161
1762227935736,138,161
1762227935744,137,161
1762227935750,136,161
1762227935758,135,161
1762227935765,134,161
1762227935772,133,161
1762227935789,132,161
1762227935796,131,161
1762227935809,130,161
1762227935817,129,161
1762227935838,128,161
1762227935844,127,161
1762227935853,126,161
1762227935872,124,161
1762227935882,122,161
1762227935890,121,161
1762227935897,120,161
1762227935904,119,161
1762227935911,118,161
1762227935921,116,161
1762227935933,115,161
1762227935941,114,161
1762227935962,112,161
1762227935970,111,161
1762227935977,109,161
1762227935997,108,161
1762227936006,106,161
1762227936025,105,161
1762227936032,104,161
1762227936039,103,161
1762227936050,102,161
1762227936066,101,161
1762227936079,100,161
1762227936087,99,161
1762227936108,98,161
1762227936116,97,161
1762227936136,96,161
1762227936143,95,161
1762227936153,94,161
1762227936160,93,160
1762227936177,91,160
1762227936189,90,160
1762227936204,89,160
1762227936212,88,160
1762227936219,87,160
1762227936240,86,160
1762227936248,85,160
1762227936255,84,160
1762227936262,83,160
1762227936270,82,160
1762227936277,81,160
1762227936295,80,160
1762227936306,79,159
1762227936323,78,159
1762227936330,77,159
1762227936337,76,159
1762227936350,75,159
1762227936365,74,159
1762227936372,73,159
1762227936393,72,159
1762227936914,72,160
1762227936920,73,161
1762227936939,73,162
1762227936946,74,163
1762227936953,74,164
1762227936964,74,165
1762227937024,74,166
1762227937043,74,167
1762227937050,74,168
1762227937059,75,169
1762227937066,75,170
1762227937119,75,171
1762227937127,75,172
1762227937192,76,172
1762227937221,77,172
1762227937265,78,172
1762227937279,79,172
1762227937300,80,172
1762227937331,81,172
1762227937367,82,172
1762227937404,83,171
1762227937411,84,171
1762227937418,85,171
1762227937446,86,171
1762227937454,87,171
1762227937473,88,171
1762227937494,89,171
1762227937505,90,171
1762227937513,91,171
1762227937527,92,171
1762227937550,93,171
1762227937571,94,171
1762227937591,95,171
1762227937598,96,171
1762227937607,97,171
1762227937626,98,171
1762227937638,99,171
1762227937647,100,171
1762227937654,101,171
1762227937666,102,171
1762227937681,103,171
1762227937688,104,171
1762227937709,105,171
1762227937716,106,171
1762227937723,107,171
1762227937730,108,171
1762227937739,110,171
1762227937746,111,171
1762227937765,113,171
1762227937772,114,171
1762227937783,116,171
1762227937798,117,171
1762227937812,118,171
1762227937820,119,171
1762227937827,120,171
1762227937848,121,171
1762227937856,122,171
1762227937863,123,171
1762227937883,124,171
1762227937893,125,171
1762227937900,126,171
1762227937907,127,171
1762227937924,128,171
1762227937931,129,171
1762227937938,130,171
1762227937945,132,171
1762227937958,133,171
1762227937967,134,171
1762227937987,135,171
1762227937994,136,171
1762227938001,137,171
1762227938007,138,171
1762227938014,139,171
1762227938021,140,171
1762227938031,142,172
1762227938049,143,172
1762227938056,144,172
1762227938063,145,172
1762227938075,146,172
1762227938091,147,172
1762227938150,148,173
1762227938157,149,173
1762227938163,150,173
1762227938370,150,174
1762227938405,150,175
1762227942747,767,87
1762227943012,766,87
1762227943018,765,86
1762227943036,764,85
1762227943047,763,84
1762227943057,762,83
1762227943064,761,83
1762227943071,760,81
1762227943082,759,80
1762227943098,758,80
1762227943105,758,79
1762227943113,757,79
1762227943133,756,78
1762227943140,756,77
1762227943161,756,76
1762227943168,755,76
1762227943175,755,75
1762227943182,754,74
1762227943216,754,73
1762227943237,754,72
1762227943258,753,72
1762227943280,753,71
1762227943311,753,70
1762227943325,753,69
1762227943339,753,68
1762227943362,753,67
1762227943369,753,66
1762227943390,753,65
1762227943434,753,64
1762227943441,753,63
1762227943448,753,62
1762227943455,753,61
1762227943473,753,60
1762227943480,753,59
1762227943487,753,58
1762227943494,753,56
1762227943501,753,55
1762227943508,753,54
1762227943522,753,53
1762227943542,753,52
1762227943549,753,51
1762227943556,753,50
1762227943577,753,49
1762227943610,753,48
1762227943624,753,46
1762227943633,754,45
1762227943640,755,44
1762227943653,756,43
1762227943660,756,42
1762227943668,756,41
1762227943713,756,40
1762227943726,756,39
1762227943734,756,38
1762227943741,757,38
1762227943750,758,37
1762227943763,759,36
1762227943777,759,35
1762227943815,759,34
1762227943852,760,32
1762227943862,760,31
1762227943868,762,31
1762227943875,762,30
1762227943882,763,29
1762227943889,763,28
1762227943896,764,28
1762227943903,764,27
1762227943916,764,26
1762227943938,765,26
1762227943961,765,25
1762227943968,766,25
1762227943975,766,24
1762227943982,767,24
1762227943990,767,23
1762227943997,768,23
1762227944005,769,21
1762227944014,769,20
1762227944021,770,19
1762227944049,771,19
1762227944085,772,18
1762227944092,773,18
1762227944099,773,17
1762227944106,774,17
1762227944128,775,17
1762227944136,775,16
1762227944143,776,16
1762227944180,777,16
1762227944188,778,16
1762227944194,779,16
1762227944222,780,16
1762227944231,781,16
1762227944320,782,15
1762227944326,783,15
1762227944333,784,15
1762227944355,785,15
1762227944365,786,14
1762227944377,787,14
1762227944400,788,14
1762227944458,790,14
1762227944476,791,14
1762227944487,793,14
1762227944504,794,14
1762227944516,795,14
1762227944525,796,14
1762227944532,797,14
1762227944545,798,14
1762227944590,799,14
1762227944608,800,14
1762227944615,801,14
1762227944622,802,15
1762227944629,802,16
1762227944636,803,16
1762227944643,804,16
1762227944707,805,16
1762227944713,805,17
1762227944758,805,18
1762227944787,806,18
1762227944794,806,19
1762227944801,806,20
1762227944808,806,21
1762227944854,808,22
1762227944863,808,23
1762227944874,808,24
1762227944889,808,25
1762227944903,808,27
1762227944912,809,27
1762227944926,809,28
1762227944970,809,29
1762227944988,809,30
1762227944995,809,31
1762227945006,809,32
1762227945016,809,33
1762227945080,809,34
1762227945086,810,35
1762227945101,810,36
1762227945118,810,37
1762227945160,810,39
1762227945181,810,40
1762227945189,810,41
1762227945195,810,42
1762227945215,810,43
1762227945225,810,44
1762227945232,810,45
1762227945239,810,46
1762227945257,810,47
1762227945269,810,48
1762227945283,810,49
1762227945292,810,50
1762227945299,810,51
1762227945319,810,52
1762227945328,810,53
1762227945334,810,54
1762227945354,810,55
1762227945361,810,56
1762227945368,810,57
1762227945378,810,58
1762227945386,810,60
1762227945403,809,61
1762227945410,809,62
1762227945416,809,63
1762227945430,809,64
1762227945444,809,65
1762227945452,807,65
1762227945459,807,66
1762227945466,806,67
1762227945486,805,68
1762227945493,805,69
1762227945500,805,70
1762227945510,804,71
1762227945525,804,72
1762227945599,804,73
1762227945649,803,73
1762227945659,803,74
1762227945665,801,75
1762227945678,800,75
1762227945693,799,75
1762227945700,798,75
1762227945721,797,75
1762227945730,796,75
1762227945737,795,75
1762227945744,794,75
1762227945763,793,75
1762227945773,792,75
1762227945784,792,76
1762227945790,791,76
1762227945797,790,77
1762227945804,789,77
1762227945817,788,77
1762227945840,788,78
1762227945861,787,78
1762227945881,786,79
1762227945888,786,80
1762227945898,786,81
1762227945905,785,81
1762227945922,783,82
1762227945971,782,82
1762227945978,782,83
1762227945986,781,83
1762227945992,780,84
1762227946012,779,85
1762227946022,778,85
1762227946044,777,85
1762227946054,776,85
1762227946066,775,85
1762227946081,774,85
1762227946147,773,85
1762227946163,771,85
1762227946287,770,84
1762227946300,770,83
1762227946318,770,82
1762227946329,770,81
1762227946339,770,80
1762227946351,770,79
1762227946360,770,78
1762227946373,770,77
1762227946394,770,76
1762227946402,770,74
1762227946422,770,73
1762227946443,770,72
1762227946453,770,71
1762227946483,770,70
1762227946492,771,70
1762227946498,772,70
1762227946511,773,68
1762227946556,774,67
1762227946575,775,66
1762227946582,776,66
1762227946589,778,65
1762227946596,780,64
1762227946607,781,63
1762227946621,782,63
1762227946630,783,63
1762227946644,784,63
1762227946651,785,63
1762227946658,786,63
1762227946679,787,63
1762227946687,788,63
1762227946725,789,63
1762227946734,790,63
1762227946741,791,63
1762227946753,792,63
1762227946776,793,63
1762227946783,794,63
1762227946834,795,63
1762227946841,796,63
1762227946859,797,63
1762227946866,798,62
1762227946873,798,60
1762227946880,799,59
1762227946887,800,58
1762227946894,800,56
1762227946901,801,55
1762227946908,801,54
1762227946921,801,53
1762227946942,801,52
1762227946949,801,51
1762227946958,801,50
1762227946965,800,49
1762227946984,799,49
1762227946994,797,49
1762227947001,795,49
1762227947012,794,49
1762227947019,793,49
1762227947026,792,49
1762227947033,791,49
1762227947040,789,50
1762227947047,789,51
1762227947053,788,51
1762227947060,788,52
1762227947067,787,52
1762227947075,787,54
1762227947082,786,56
1762227947090,785,57
1762227947097,784,58
1762227947104,783,60
1762227947111,782,60
1762227947118,782,61
1762227947126,782,62
1762227947133,782,63
1762227947148,782,64
1762227947158,782,65
1762227947178,782,66
1762227947206,783,66
1762227947220,784,66
1762227947228,785,66
1762227947255,786,66
1762227947280,787,66
1762227947294,788,66
1762227947303,789,64
1762227947310,789,63
1762227947317,789,62
1762227947324,789,61
1762227947338,789,60
1762227947346,789,59
1762227947366,789,58
1762227947404,788,58
1762227947428,787,58
1762227947440,786,58
1762227947449,785,59
1762227947456,785,60
1762227947463,784,60
1762227947470,783,61
1762227947477,782,63
1762227947484,782,64
1762227947491,781,65
1762227947511,780,66
1762227947521,780,67
1762227947528,780,68
1762227947536,780,69
1762227947550,780,70
1762227947560,780,71
1762227947572,780,72
1762227947586,780,73
1762227947682,780,75
1762227947734,781,75
1762227947785,782,75
1762227947813,783,75
1762227947821,784,75
1762227947839,785,75
1762227947850,786,75
1762227947860,787,74
1762227947939,788,73
1762227947949,789,73
1762227947977,790,73
1762227947984,791,73
1762227948064,792,73
1762227948151,792,75
1762227948231,792,76
1762227948259,792,77
1762227948328,792,78
1762227948332,792,79
1762227948384,793,80
1762227948398,793,81
1762227948412,795,82
1762227948442,795,83
1762227948450,796,83
1762227948516,797,84
1762227948537,797,85
1762227948545,797,86
1762227948559,797,87
1762227948595,798,87
1762227948625,798,88
1762227948661,799,89
1762227948713,799,90
1762227948859,798,90
1762227948878,797,90
1762227948884,796,90
1762227948895,795,90
1762227948905,794,90
1762227948917,793,90
1762227948926,792,90
1762227948939,791,90
1762227948983,790,90
1762227948990,789,89
1762227949050,789,88
1762227949108,789,87
1762227949115,788,87
1762227949122,788,86
1762227949129,787,85
1762227949136,787,84
1762227949155,787,83
1762227949162,787,82
1762227949173,787,81
1762227949183,787,80
1762227949190,786,80
1762227949197,786,79
1762227949203,786,78
1762227949217,786,77
1762227949238,785,76
1762227949246,785,74
1762227949253,785,73
1762227949273,785,72
1762227949280,785,71
1762227949290,785,70
1762227949305,785,68
1762227949314,785,66
1762227949322,785,65
1762227949328,785,64
1762227949335,785,63
1762227949342,785,60
1762227949349,786,59
1762227949356,786,58
1762227949363,787,56
1762227949370,787,54
1762227949377,788,53
1762227949385,789,51
1762227949392,790,50
1762227949399,791,49
1762227949406,793,47
1762227949414,794,46
1762227949422,796,46
1762227949429,798,45
1762227949439,799,45
1762227949446,800,45
1762227949453,802,45
1762227949460,803,45
1762227949467,804,45
1762227949474,805,45
1762227949524,806,45
1762227949569,806,44
1762227949582,806,43
1762227949597,806,42
1762227949606,806,41
1762227949613,806,40
1762227949620,805,40
1762227949627,804,39
1762227949634,803,39
1762227949655,802,39
1762227949663,801,39
1762227949682,800,39
1762227949689,799,39
1762227949699,798,39
1762227949710,796,39
1762227949717,795,40
1762227949724,793,44
1762227949731,792,46
1762227949738,790,50
1762227949745,789,52
1762227949752,789,54
1762227949758,788,56
1762227949765,788,58
1762227949773,788,59
1762227949780,788,60
1762227949800,788,61
1762227949809,788,62
1762227949817,788,63
1762227949831,790,63
1762227949842,791,63
1762227949849,794,61
1762227949856,796,59
1762227949863,800,54
1762227949869,802,51
1762227949876,805,47
1762227949883,808,44
1762227949890,808,42
1762227949897,809,39
1762227949904,810,37
1762227949911,810,36
1762227949918,810,35
1762227949926,810,34
1762227949946,810,33
1762227949953,809,32
1762227949960,808,31
1762227949967,807,30
1762227949977,805,30
1762227949992,804,30
1762227950001,802,30
1762227950008,800,30
1762227950015,798,30
1762227950022,796,31
1762227950029,793,33
1762227950036,792,35
1762227950043,791,37
1762227950050,789,40
1762227950057,787,42
1762227950065,786,46
1762227950072,785,49
1762227950079,784,50
1762227950087,784,51
1762227950094,784,52
1762227950112,784,53
1762227950119,784,54
1762227950140,785,54
1762227950147,787,53
1762227950154,788,51
1762227950161,791,49
1762227950168,794,44
1762227950175,796,41
1762227950182,798,37
1762227950189,799,35
1762227950196,800,34
1762227950203,801,32
1762227950211,802,30
1762227950218,802,29
1762227950237,802,28
1762227950247,801,27
1762227950262,800,27
1762227950276,799,27
1762227950286,798,27
1762227950293,796,27
1762227950300,794,27
1762227950307,793,27
1762227950314,791,27
1762227950321,788,28
1762227950328,786,28
1762227950335,783,30
1762227950342,781,32
1762227950350,780,34
1762227950357,778,37
1762227950365,776,41
1762227950371,776,44
1762227950379,775,48
1762227950390,773,51
1762227950397,773,53
1762227950408,773,55
1762227950418,773,56
1762227950431,773,57
1762227950438,775,58
1762227950445,776,58
1762227950452,777,58
1762227950460,779,58
1762227950467,781,57
1762227950474,782,56
1762227950481,784,54
1762227950489,785,51
1762227950496,788,49
1762227950503,789,44
1762227950515,791,42
1762227950522,792,40
1762227950529,793,37
1762227950536,794,36
1762227950542,794,34
1762227950549,794,33
1762227950556,794,31
1762227950563,794,30
1762227950577,794,29
1762227950605,794,28
1762227950612,793,28
1762227950620,792,28
1762227950640,791,28
1762227950647,790,28
1762227950653,789,28
1762227950660,788,28
1762227950667,786,30
1762227950674,785,32
1762227950681,783,33
1762227950688,781,35
1762227950695,780,37
1762227950702,778,40
1762227950709,776,44
1762227950716,776,48
1762227950723,774,50
1762227950730,773,52
1762227950737,773,55
1762227950744,773,57
1762227950752,773,58
1762227950759,773,59
1762227950766,773,61
1762227950774,773,62
1762227950792,773,63
1762227950813,775,63
1762227950820,776,63
1762227950827,778,63
1762227950834,782,62
1762227950841,784,57
1762227950848,787,50
1762227950855,791,46
1762227950861,793,41
1762227950869,795,38
1762227950876,795,36
1762227950883,795,33
1762227950903,795,32
1762227950913,795,31
1762227950942,795,30
1762227950956,794,30
1762227950971,792,30
1762227950986,791,30
1762227951007,789,30
1762227951014,787,30
1762227951021,784,30
1762227951028,782,31
1762227951035,780,33
1762227951042,776,36
1762227951049,774,40
1762227951056,772,44
1762227951063,770,46
1762227951070,770,49
1762227951077,769,50
1762227951084,768,52
1762227951090,768,53
1762227951097,768,54
1762227951104,768,55
1762227951117,768,56
1762227951125,768,58
1762227951139,768,59
1762227951160,768,60
1762227951168,768,61
1762227951254,768,62
1762227951294,768,63
1762227951303,768,64
1762227951310,768,65
1762227951322,768,66
1762227951337,768,67
1762227951396,768,68
1762227951407,768,69
1762227951414,768,70
1762227951421,767,70
1762227951428,767,72
1762227951439,767,73
1762227951454,767,74
1762227951468,767,75
1762227951646,766,75
1762227951688,765,75
1762227951698,764,74
1762227951709,763,73
1762227951724,763,72
1762227951739,763,71
1762227951791,763,70
1762227951802,762,69
1762227951809,762,68
1762227951819,762,67
1762227951834,762,66
1762227951870,762,65
1762227951878,762,64
1762227951885,762,63
1762227951900,762,62
1762227951920,762,61
1762227951927,762,60
1762227951958,762,59
1762227951973,762,57
1762227951987,762,56
1762227952010,762,55
1762227952046,762,54
1762227952053,762,53
1762227952061,763,50
1762227952068,763,49
1762227952075,763,48
1762227952082,764,46
1762227952093,764,44
1762227952104,764,43
1762227952171,764,42
1762227952178,765,41
1762227952189,766,40
1762227952195,766,39
1762227952202,766,38
1762227952267,767,38
1762227952284,768,37
1762227952291,768,36
1762227952298,769,35
1762227952309,770,34
1762227952319,771,34
1762227952339,772,32
1762227952390,774,31
1762227952402,775,31
1762227952409,776,30
1762227952416,778,29
1762227952426,779,28
1762227952441,780,28
1762227952470,781,28
1762227952484,782,28
1762227952492,783,28
1762227952514,784,28
1762227952521,785,27
1762227952610,786,27
1762227952668,787,27
1762227952677,788,27
1762227952684,789,27
1762227952704,790,27
1762227952725,791,26
1762227952732,792,26
1762227952740,792,25
1762227952792,793,25
1762227952801,794,24
1762227952808,795,23
1762227952821,796,22
1762227952829,797,22
1762227952836,798,22
1762227952843,799,21
1762227952850,800,21
1762227952871,801,21
1762227952878,802,21
1762227952899,803,21
1762227952939,803,20
1762227952947,803,19
1762227952954,804,19
1762227952967,805,19
1762227952981,806,19
1762227952989,807,19
1762227953085,807,20
1762227953096,807,21
1762227953103,807,22
1762227953110,806,23
1762227953117,805,25
1762227953124,804,27
1762227953131,803,28
1762227953138,802,30
1762227953145,801,31
1762227953152,799,32
1762227953159,798,35
1762227953166,797,35
1762227953173,797,37
1762227953180,796,37
1762227953187,796,38
1762227953194,795,38
1762227953201,794,39
1762227953221,793,41
1762227953228,792,41
1762227953235,792,43
1762227953242,791,44
1762227953249,791,45
1762227953256,790,47
1762227953263,790,49
1762227953270,790,50
1762227953277,790,51
1762227953284,790,52
1762227953291,789,52
1762227953298,789,54
1762227953311,789,55
1762227953339,789,56
1762227953347,789,57
1762227953360,788,58
1762227953369,788,59
1762227953377,788,60
1762227953388,788,61
1762227953398,788,62
1762227953413,788,63
1762227953428,788,64
1762227953436,788,65
1762227953443,788,66
1762227953457,788,67
1762227953478,788,68
1762227953485,788,69
1762227953506,788,70
1762227953537,789,70
1762227953552,790,70
1762227953567,792,70
1762227953589,793,70
1762227953610,794,70
1762227953617,795,70
1762227953624,796,69
1762227953631,796,68
1762227953638,798,67
1762227953644,799,65
1762227953651,800,64
1762227953658,800,62
1762227953665,801,62
1762227953672,802,61
1762227953679,802,60
1762227953691,802,58
1762227953700,802,57
1762227953707,802,55
1762227953714,802,54
1762227953721,802,53
1762227953728,802,51
1762227953735,802,49
1762227953742,801,48
1762227953749,801,46
1762227953756,800,44
1762227953764,800,43
1762227953783,800,42
1762227953790,800,41
1762227953797,799,41
1762227953804,799,40
1762227953811,797,40
1762227953818,797,38
1762227953829,797,37
1762227953844,797,36
1762227953853,796,36
1762227953859,796,35
1762227953866,796,34
1762227953894,796,33
1762227953901,795,33
1762227953908,795,32
1762227953915,795,31
1762227953936,795,30
1762227953947,795,29
1762227953957,794,29
1762227953991,793,29
1762227954019,793,28
1762227954026,792,27
1762227954033,791,26
1762227954071,790,26
1762227954102,789,25
1762227954109,789,24
1762227954122,788,23
1762227954159,787,23
1762227954188,786,22
1762227954200,785,22
1762227954210,784,22
1762227954220,783,22
1762227954227,783,21
1762227954261,782,21
1762227954313,781,21
1762227954324,780,21
1762227954331,779,21
1762227954341,778,22
1762227954356,776,23
1762227954370,775,24
1762227954380,774,25
1762227954387,773,25
1762227954394,773,26
1762227954401,772,28
1762227954421,772,30
1762227954428,772,31
1762227954436,772,32
1762227954444,772,34
1762227954454,772,37
1762227954459,773,38
1762227954470,773,41
1762227954477,775,42
1762227954484,775,43
1762227954491,776,45
1762227954498,778,45
1762227954505,779,46
1762227954512,780,46
1762227954519,782,46
1762227954525,783,46
1762227954539,784,46
1762227954546,785,46
1762227954567,786,45
1762227954575,788,43
1762227954582,789,42
1762227954590,790,40
1762227954597,790,38
1762227954609,791,37
1762227954616,792,36
1762227954623,793,34
1762227954630,793,33
1762227954636,793,32
1762227954752,792,32
1762227954758,792,33
1762227954770,791,34
1762227954777,790,35
1762227954784,788,36
1762227954791,786,37
1762227954798,785,39
1762227954805,785,41
1762227954812,784,42
1762227954819,783,44
1762227954825,783,45
1762227954832,783,46
1762227954846,783,47
1762227954853,783,48
1762227954874,783,49
1762227954881,783,50
1762227954890,784,50
1762227954897,785,50
1762227954916,786,50
1762227954923,788,50
1762227954933,789,49
1762227954943,789,48
1762227954950,790,46
1762227954957,791,45
1762227954970,792,44
1762227954978,792,42
1762227954992,792,41
1762227954999,792,40
1762227955006,792,39
1762227955051,791,39
1762227955065,790,39
1762227955080,789,39
1762227955089,788,40
1762227955096,787,41
1762227955103,786,42
1762227955110,785,44
1762227955117,784,46
1762227955124,782,49
1762227955131,780,51
1762227955138,779,53
1762227955145,778,54
1762227955153,778,55
1762227955160,777,56
1762227955167,776,57
1762227955186,776,58
1762227955197,775,59
1762227955211,775,60
1762227955221,775,61
1762227955228,775,62
1762227955240,773,63
1762227955249,773,64
1762227955262,773,65
1762227955301,773,66
1762227955315,773,68
1762227955402,773,69
1762227955438,773,70
1762227955571,774,70
1762227955584,775,70
1762227955596,775,71
1762227955643,776,72
1762227955651,777,72
1762227955665,777,73
1762227955672,777,74
1762227955680,778,74
1762227955700,778,75
1762227955739,780,76
1762227955753,780,77
1762227955767,781,78
1762227955776,781,79
1762227955804,781,80
1762227955870,782,81
1762227955884,782,82
1762227955894,782,83
1762227955906,782,84
1762227955920,782,85
1762227955935,782,86
1762227955943,783,87
1762227958026,734,245
1762227958123,733,236
1762227958166,733,237
1762227958180,734,237
1762227958189,735,237
1762227958196,736,237
1762227958202,738,237
1762227958209,741,237
1762227958216,743,237
1762227958223,746,237
1762227958230,748,237
1762227958238,749,237
1762227958245,750,237
1762227958252,752,238
1762227958259,754,238
1762227958267,755,238
1762227958274,756,238
1762227958281,758,238
1762227958293,759,238
1762227958300,761,238
1762227958307,763,238
1762227958314,764,238
1762227958320,767,238
1762227958327,769,238
1762227958334,770,238
1762227958341,771,238
1762227958348,773,238
1762227958355,774,238
1762227958362,775,238
1762227958369,776,238
1762227958377,777,238
1762227958384,778,238
1762227958392,779,238
1762227958404,782,238
1762227958411,783,238
1762227958421,785,238
1762227958435,786,238
1762227958450,788,238
1762227958464,789,238
1762227958479,790,238
1762227958494,792,238
1762227958501,794,238
1762227958508,795,238
1762227958515,796,238
1762227958523,798,238
1762227958530,799,238
1762227958537,801,238
1762227958545,802,238
1762227958582,803,238
1762227958596,804,238
1762227958605,805,238
1762227958612,807,238
1762227958619,808,238
1762227958632,809,238
1762227958653,810,238
1762227958677,811,238
1762227958691,812,238
1762227958702,813,238
1762227958713,814,238
1762227958824,815,238
1762227958852,816,238
1762227958910,817,238
1762227958919,818,238
1762227958932,819,238
1762227958953,820,238
1762227959028,821,238
1762227959040,822,238
1762227959117,823,238
1762227959555,823,237
1762227959569,823,236
1762227959580,823,235
1762227959590,823,234
1762227959605,823,233
1762227959615,823,232
1762227959627,823,231
1762227959636,823,230
1762227959642,823,229
1762227959656,823,228
1762227959715,823,227
1762227959726,823,226
1762227959759,823,225
1762227959840,823,224
1762227959851,823,223
1762227959861,823,222
1762227959875,823,221
1762227959890,823,220
1762227959900,823,219
1762227959906,823,218
1762227959919,823,217
1762227959979,823,216
1762227959990,823,215
1762227960000,823,214
1762227960024,823,213
1762227960031,823,212
1762227960043,823,211
1762227960199,822,211
1762227960211,821,211
1762227960226,820,211
1762227960241,819,211
1762227960251,818,211
1762227960263,817,211
1762227960272,816,211
1762227960285,815,211
1762227960293,814,211
1762227960313,813,211
1762227960320,811,211
1762227960328,809,211
1762227960334,808,211
1762227960341,807,211
1762227960350,806,211
1762227960362,803,211
1762227960373,802,211
1762227960383,800,211
1762227960390,799,211
1762227960397,797,211
1762227960404,796,211
1762227960411,794,211
1762227960418,793,211
1762227960431,791,211
1762227960438,790,211
1762227960446,789,211
1762227960453,788,211
1762227960466,787,211
1762227960475,785,211
1762227960482,783,211
1762227960497,782,211
1762227960508,780,211
1762227960515,778,211
1762227960526,776,211
1762227960536,775,211
1762227960542,774,211
1762227960549,772,211
1762227960556,771,211
1762227960570,770,211
1762227960577,769,211
1762227960585,768,211
1762227960605,767,211
1762227960612,766,211
1762227960619,765,211
1762227960628,764,211
1762227960643,763,211
1762227960653,762,211
1762227960660,761,211
1762227960667,760,211
1762227960674,759,211
1762227960687,758,211
1762227960702,757,211
1762227960723,756,211
1762227960730,755,211
1762227960738,754,211
1762227960745,753,211
1762227960760,752,211
1762227960771,751,211
1762227960792,750,211
1762227960871,749,211
1762227960878,748,211
1762227960889,747,212
1762227960896,747,213
1762227960903,746,213
1762227960910,746,214
1762227960917,745,215
1762227960958,744,216
1762227961018,744,217
1762227961024,743,217
1762227961035,742,219
1762227961041,741,219
1762227961112,741,220
1762227961123,740,220
1762227961130,740,221
1762227961137,740,222
1762227961151,740,223
1762227961158,739,223
1762227961165,739,224
1762227961172,739,225
1762227961178,739,226
1762227961199,739,227
1762227961258,740,227
1762227961265,741,227
1762227961276,743,227
1762227961283,745,227
1762227961290,746,227
1762227961301,747,227
1762227961310,748,227
1762227961338,749,227
1762227961352,751,227
1762227961359,752,227
1762227961373,753,227
1762227961380,756,227
1762227961387,758,227
1762227961394,760,227
1762227961401,764,227
1762227961407,767,227
1762227961414,769,227
1762227961421,772,227
1762227961428,773,227
1762227961435,774,227
1762227961442,776,227
1762227961449,777,227
1762227961456,779,227
1762227961463,780,227
1762227961470,782,227
1762227961477,783,227
1762227961491,785,227
1762227961498,786,227
1762227961505,788,227
1762227961512,789,227
1762227961519,790,227
1762227961525,792,227
1762227961532,793,227
1762227961539,794,227
1762227961546,795,227
1762227961553,798,227
1762227961560,800,227
1762227961568,803,227
1762227961574,804,227
1762227961581,806,227
1762227961588,807,227
1762227961595,808,227
1762227961609,809,227
1762227961616,810,227
1762227961645,812,227
1762227961657,813,227
1762227961664,814,227
1762227961674,815,227
1762227961689,816,227
1762227961699,817,227
1762227961706,818,227
1762227961717,819,227
1762227961727,820,227
1762227961740,821,227
1762227961748,821,226
1762227961754,822,226
1762227961762,823,226
1762227961769,824,226
1762227961902,823,226
1762227961909,822,226
1762227961915,821,226
1762227961927,819,225
1762227961934,816,223
1762227961941,813,223
1762227961947,811,223
1762227961954,808,223
1762227961961,806,223
1762227961968,804,223
1762227961975,801,223
1762227961982,799,223
1762227961989,798,223
1762227961996,796,223
1762227962003,794,223
1762227962010,793,223
1762227962018,791,223
1762227962025,789,223
1762227962032,787,223
1762227962039,785,223
1762227962051,784,223
1762227962058,783,223
1762227962065,781,223
1762227962072,779,223
1762227962079,778,223
1762227962086,777,223
1762227962093,776,223
1762227962105,774,223
1762227962114,772,223
1762227962121,771,223
1762227962134,769,223
1762227962142,767,223
1762227962163,765,223
1762227962170,764,223
1762227962176,763,223
1762227962183,761,223
1762227962190,760,223
1762227962197,759,223
1762227962204,758,223
1762227962211,756,223
1762227962225,755,223
1762227962232,754,223
1762227962239,753,223
1762227962251,752,223
1762227962341,752,222
1762227962349,753,222
1762227962356,755,221
1762227962362,757,221
1762227962372,759,221
1762227962379,763,221
1762227962386,767,221
1762227962393,771,221
1762227962400,774,221
1762227962407,777,221
1762227962414,780,221
1762227962421,782,221
1762227962428,784,221
1762227962435,785,220
1762227962442,787,220
1762227962456,789,220
1762227962463,790,220
1762227962470,791,219
1762227962476,793,219
1762227962483,795,219
1762227962490,796,219
1762227962504,797,219
1762227962511,798,219
1762227962532,799,219
1762227962539,801,219
1762227962546,802,219
1762227962553,803,219
1762227962560,804,219
1762227962567,807,219
1762227962580,808,219
1762227962601,809,219
1762227962672,810,219
1762227962679,811,219
1762227962685,812,219
1762227962698,814,219
1762227962712,815,219
1762227962720,816,219
1762227962734,818,219
1762227962747,819,219
1762227962754,820,219
1762227962763,821,219
1762227962822,822,219
1762227962896,824,219
1762227962985,823,219
1762227962997,822,219
1762227963011,820,219
1762227963022,819,219
1762227963029,816,219
1762227963036,814,219
1762227963043,812,219
1762227963050,810,219
1762227963057,808,219
1762227963064,805,219
1762227963071,802,219
1762227963078,800,219
1762227963085,798,219
1762227963093,795,219
1762227963099,793,219
1762227963107,792,219
1762227963114,790,219
1762227963126,787,219
1762227963133,784,219
1762227963140,782,220
1762227963147,779,220
1762227963154,777,220
1762227963161,775,220
1762227963168,772,221
1762227963175,771,221
1762227963182,769,221
1762227963189,768,221
1762227963196,766,221
1762227963203,764,221
1762227963217,763,221
1762227963224,762,221
1762227963238,761,222
1762227963251,759,222
1762227963258,758,222
1762227963272,757,222
1762227963282,756,222
1762227963297,755,222
1762227963307,754,222
1762227963334,753,222
1762227963348,752,222
1762227963369,751,222
1762227963444,750,224
1762227963465,749,225
1762227963479,747,226
1762227963486,747,227
1762227963554,747,228
1762227963569,747,229
1762227963635,748,229
1762227963645,748,230
1762227963652,749,230
1762227963662,750,230
1762227963673,751,230
1762227963680,752,230
1762227963694,754,230
1762227963706,755,230
1762227963715,757,230
1762227963728,759,230
1762227963736,761,230
1762227963743,763,230
1762227963756,764,230
1762227963763,765,231
1762227963770,767,231
1762227963777,768,231
1762227963784,769,231
1762227963791,770,231
1762227963798,772,231
1762227963805,773,231
1762227963812,775,231
1762227963819,777,232
1762227963825,779,232
1762227963832,780,232
1762227963839,782,232
1762227963846,783,232
1762227963853,785,233
1762227963867,787,233
1762227963875,788,234
1762227963888,789,235
1762227963895,791,235
1762227963902,792,235
1762227963909,793,236
1762227963916,795,236
1762227963923,797,237
1762227963930,798,237
1762227963937,799,237
1762227963943,802,238
1762227963951,803,238
1762227963964,804,238
1762227963971,805,238
1762227964044,805,239
1762227964064,805,240
1762227971639,736,240
1762227975500,751,211
1762227975953,750,211
1762227975967,749,211
1762227976003,748,211
1762227976018,747,211
1762227976027,746,211
1762227976034,745,211
1762227976046,744,211
1762227976061,743,211
1762227976069,742,211
1762227976083,741,211
1762227976150,739,211
1762227976165,738,211
1762227976179,737,211
1762227976348,736,211
1762227976516,736,212
1762227976541,736,213
1762227976555,736,214
1762227976562,736,215
1762227976569,735,216
1762227976602,735,217
1762227976816,735,218
1762227976859,735,219
1762227976873,735,220
1762227976882,735,221
1762227976895,735,222
1762227976917,735,223
1762227976968,735,224
1762227977005,735,225
1762227977181,735,226
1762227977194,736,227
1762227977209,736,229
1762227977223,736,230
1762227977238,736,231
1762227977269,736,232
1762227977304,736,233
1762227977318,736,234
1762227977326,736,235
1762227977338,736,236
1762227977348,736,237
1762227977437,737,237
1762227977502,738,237
1762227977531,740,237
1762227977545,741,237
1762227977560,743,237
1762227977574,744,237
1762227977586,746,237
1762227977597,747,237
1762227977611,748,237
1762227977625,749,237
1762227977635,750,237
1762227977647,751,237
1762227977662,752,237
1762227977677,753,237
1762227977684,754,237
1762227977697,755,237
1762227977706,757,237
1762227977718,758,237
1762227977725,760,237
1762227977735,761,237
1762227977743,763,237
1762227977757,764,237
1762227977765,765,237
1762227977779,766,237
1762227977793,767,237
1762227977802,768,237
1762227977809,769,237
1762227977823,770,237
1762227977836,771,237
1762227977843,772,237
1762227977850,774,237
1762227977857,775,237
1762227977864,776,237
1762227977871,777,237
1762227977878,779,237
1762227977885,780,237
1762227977892,781,237
1762227977899,783,237
1762227977913,784,237
1762227977920,785,238
1762227977927,786,238
1762227977933,787,238
1762227977940,789,238
1762227977947,790,238
1762227977961,791,238
1762227977975,792,238
1762227977983,794,238
1762227977996,795,238
1762227978010,796,238
1762227978024,797,238
1762227978032,798,238
1762227978044,799,238
1762227978052,800,238
1762227978058,801,238
1762227978072,802,238
1762227978086,803,238
1762227978100,804,238
1762227978114,805,238
1762227978121,806,238
1762227978128,807,238
1762227978135,808,238
1762227978141,809,238
1762227978155,810,238
1762227978162,812,238
1762227978174,813,238
1762227978183,814,238
1762227979805,794,85
1762227981339,798,85
1762227983182,805,82
-1,-1,-1
1762227920969,,
1762227932761,,
1762227942747,,
1762227958026,,
1762227971639,,
1762227975500,,
1762227979805,,
1762227981339,,
1762227983182,,
-1,-1,-1
1762227926823,,
1762227938748,,
1762227956154,,
1762227964159,,
1762227972019,,
1762227978780,,
1762227980717,,
1762227981560,,
1762227983971,,
