1762230557266,811.6000061035156,583.3999977111816
1762230559959,810.6000061035156,583.3999977111816
1762230559974,809.6000061035156,583.3999977111816
1762230559984,809.6000061035156,584.3999977111816
1762230559990,808.6000061035156,584.3999977111816
1762230559997,807.6000061035156,585.3999977111816
1762230560004,806.6000061035156,585.3999977111816
1762230560022,805.6000061035156,586.3999977111816
1762230560032,805.6000061035156,587.3999977111816
1762230560039,804.6000061035156,587.3999977111816
1762230560057,803.6000061035156,587.3999977111816
1762230560077,802.6000061035156,588.3999977111816
1762230560098,801.6000061035156,589.3999977111816
1762230560107,801.6000061035156,590.3999977111816
1762230560134,801.6000061035156,591.3999977111816
1762230560438,802.6000061035156,591.3999977111816
1762230560485,803.6000061035156,591.3999977111816
1762230560519,804.6000061035156,591.3999977111816
1762230560547,805.6000061035156,590.3999977111816
1762230560564,805.6000061035156,589.3999977111816
1762230560571,806.6000061035156,589.3999977111816
1762230560580,807.6000061035156,589.3999977111816
1762230560598,807.6000061035156,588.3999977111816
1762230560619,808.6000061035156,588.3999977111816
1762230560649,809.6000061035156,588.3999977111816
1762230560677,809.6000061035156,587.3999977111816
1762230560698,810.6000061035156,587.3999977111816
1762230560718,811.6000061035156,586.3999977111816
1762230560737,812.6000061035156,586.3999977111816
1762230560744,813.6000061035156,585.3999977111816
1762230560752,813.6000061035156,584.3999977111816
1762230560759,814.6000061035156,584.3999977111816
1762230560766,814.6000061035156,583.3999977111816
1762230560773,815.6000061035156,583.3999977111816
1762230560780,816.6000061035156,583.3999977111816
1762230560800,817.6000061035156,583.3999977111816
1762230560821,818.6000061035156,583.3999977111816
1762230560827,819.6000061035156,582.3999977111816
1762230560834,820.6000061035156,582.3999977111816
1762230560842,821.6000061035156,581.3999977111816
1762230560848,821.6000061035156,580.3999977111816
1762230560855,822.6000061035156,580.3999977111816
1762230560862,824.6000061035156,579.3999977111816
1762230560869,826.6000061035156,579.3999977111816
1762230560876,828.6000061035156,579.3999977111816
1762230560883,829.6000061035156,578.3999977111816
1762230560890,830.6000061035156,576.3999977111816
1762230560897,833.6000061035156,576.3999977111816
1762230560904,834.6000061035156,575.3999977111816
1762230560911,836.6000061035156,574.3999977111816
1762230560917,837.6000061035156,574.3999977111816
1762230560924,838.6000061035156,573.3999977111816
1762230560931,839.6000061035156,572.3999977111816
1762230560938,840.6000061035156,572.3999977111816
1762230560945,841.6000061035156,571.3999977111816
1762230560966,842.6000061035156,570.3999977111816
1762230560973,843.6000061035156,570.3999977111816
1762230560985,844.6000061035156,570.3999977111816
1762230561001,845.6000061035156,569.3999977111816
1762230561020,845.6000061035156,568.3999977111816
1762230561026,846.6000061035156,567.3999977111816
1762230561033,847.6000061035156,567.3999977111816
1762230561040,849.6000061035156,566.3999977111816
1762230561047,850.6000061035156,564.3999977111816
1762230561054,853.6000061035156,563.3999977111816
1762230561061,856.6000061035156,560.3999977111816
1762230561068,861.6000061035156,558.3999977111816
1762230561074,866.6000061035156,555.3999977111816
1762230561081,873.6000061035156,551.3999977111816
1762230561088,881.6000061035156,549.3999977111816
1762230561095,888.6000061035156,545.3999977111816
1762230561102,894.6000061035156,542.3999977111816
1762230561876,891.6000061035156,400.39999771118164
1762230561883,853.6000061035156,386.39999771118164
1762230561890,818.6000061035156,374.39999771118164
1762230561897,792.6000061035156,364.39999771118164
1762230561904,761.6000061035156,354.39999771118164
1762230561911,735.6000061035156,344.39999771118164
1762230561918,716.6000061035156,334.39999771118164
1762230561925,699.6000061035156,324.39999771118164
1762230561932,684.6000061035156,314.39999771118164
1762230561939,672.6000061035156,304.39999771118164
1762230561945,664.6000061035156,296.39999771118164
1762230562331,647.6000061035156,295.39999771118164
1762230562348,579.6000061035156,280.39999771118164
1762230562355,548.6000061035156,268.39999771118164
1762230562362,515.6000061035156,258.39999771118164
1762230562369,482.6000061035156,247.39999771118164
1762230562376,454.6000061035156,239.39999771118164
1762230562383,421.6000061035156,227.39999771118164
1762230562390,389.6000061035156,212.39999771118164
1762230562397,365.6000061035156,199.39999771118164
1762230562404,341.6000061035156,186.39999771118164
1762230562411,321.6000061035156,177.39999771118164
1762230562418,304.6000061035156,168.39999771118164
1762230562425,296.6000061035156,164.39999771118164
1762230562431,290.6000061035156,159.39999771118164
1762230562439,287.6000061035156,157.39999771118164
1762230562446,285.6000061035156,154.39999771118164
1762230562452,282.6000061035156,151.39999771118164
1762230562459,281.6000061035156,148.39999771118164
1762230562466,281.6000061035156,147.39999771118164
1762230562874,273.6000061035156,151.39999771118164
1762230562890,261.6000061035156,159.39999771118164
1762230562897,258.6000061035156,162.39999771118164
1762230562904,256.6000061035156,163.39999771118164
1762230562911,253.60000610351562,165.39999771118164
1762230562918,251.60000610351562,167.39999771118164
1762230562925,248.60000610351562,169.39999771118164
1762230562932,245.60000610351562,170.39999771118164
1762230562939,243.60000610351562,171.39999771118164
1762230562946,239.60000610351562,173.39999771118164
1762230562952,236.60000610351562,174.39999771118164
1762230562960,233.60000610351562,174.39999771118164
1762230562966,229.60000610351562,175.39999771118164
1762230562973,226.60000610351562,175.39999771118164
1762230562980,223.60000610351562,176.39999771118164
1762230562987,221.60000610351562,177.39999771118164
1762230562994,217.60000610351562,177.39999771118164
1762230563001,215.60000610351562,177.39999771118164
1762230563008,213.60000610351562,177.39999771118164
1762230563015,211.60000610351562,178.39999771118164
1762230563022,209.60000610351562,178.39999771118164
1762230563029,207.60000610351562,178.39999771118164
1762230563036,204.60000610351562,178.39999771118164
1762230563043,201.60000610351562,178.39999771118164
1762230563050,199.60000610351562,178.39999771118164
1762230563057,197.60000610351562,178.39999771118164
1762230563064,193.60000610351562,178.39999771118164
1762230563071,191.60000610351562,177.39999771118164
1762230563078,189.60000610351562,176.39999771118164
1762230563084,187.60000610351562,175.39999771118164
1762230563092,184.60000610351562,175.39999771118164
1762230563098,183.60000610351562,175.39999771118164
1762230563105,182.60000610351562,174.39999771118164
1762230563112,181.60000610351562,174.39999771118164
1762230563119,180.60000610351562,174.39999771118164
1762230563129,180.60000610351562,173.39999771118164
1762230563140,178.60000610351562,172.39999771118164
1762230563141,177.60000610351562,171.39999771118164
1762230563147,176.60000610351562,171.39999771118164
1762230563154,175.60000610351562,170.39999771118164
1762230563161,174.60000610351562,170.39999771118164
1762230563167,173.60000610351562,169.39999771118164
1762230563174,172.60000610351562,168.39999771118164
1762230563181,171.60000610351562,167.39999771118164
1762230563188,170.60000610351562,167.39999771118164
1762230563195,169.60000610351562,166.39999771118164
1762230563202,168.60000610351562,165.39999771118164
1762230563209,167.60000610351562,164.39999771118164
1762230563216,166.60000610351562,163.39999771118164
1762230563223,165.60000610351562,163.39999771118164
1762230563230,164.60000610351562,163.39999771118164
1762230563240,163.60000610351562,162.39999771118164
1762230563248,162.60000610351562,161.39999771118164
1762230563251,161.60000610351562,160.39999771118164
1762230563263,159.60000610351562,159.39999771118164
1762230563270,156.60000610351562,157.39999771118164
1762230563276,154.60000610351562,156.39999771118164
1762230563284,153.60000610351562,155.39999771118164
1762230563291,152.60000610351562,155.39999771118164
1762230563307,151.60000610351562,155.39999771118164
1762230563314,150.60000610351562,154.39999771118164
1762230563320,149.60000610351562,154.39999771118164
1762230563331,149.60000610351562,153.39999771118164
1762230563348,149.60000610351562,151.39999771118164
1762230563355,147.60000610351562,151.39999771118164
1762230563362,147.60000610351562,150.39999771118164
1762230563369,146.60000610351562,149.39999771118164
1762230563376,145.60000610351562,148.39999771118164
1762230563383,145.60000610351562,147.39999771118164
1762230563407,145.60000610351562,146.39999771118164
1762230563414,145.60000610351562,145.39999771118164
1762230563421,144.60000610351562,145.39999771118164
1762230563442,144.60000610351562,144.39999771118164
1762230564458,142.60000610351562,144.39999771118164
1762230564467,139.60000610351562,147.39999771118164
1762230564473,135.60000610351562,148.39999771118164
1762230564480,131.60000610351562,151.39999771118164
1762230564487,128.60000610351562,153.39999771118164
1762230564494,125.60000610351562,155.39999771118164
1762230564501,124.60000610351562,156.39999771118164
1762230564509,122.60000610351562,157.39999771118164
1762230564515,121.60000610351562,158.39999771118164
1762230564522,121.60000610351562,159.39999771118164
1762230564529,120.60000610351562,159.39999771118164
1762230564539,119.60000610351562,160.39999771118164
1762230564546,119.60000610351562,161.39999771118164
1762230564553,118.60000610351562,162.39999771118164
1762230564560,117.60000610351562,163.39999771118164
1762230564566,117.60000610351562,163.39999771118164
1762230564573,117.60000610351562,164.39999771118164
1762230564580,116.60000610351562,165.39999771118164
1762230564587,116.60000610351562,166.39999771118164
1762230564595,116.60000610351562,167.39999771118164
1762230564601,116.60000610351562,167.39999771118164
1762230564608,115.60000610351562,167.39999771118164
1762230564619,115.60000610351562,169.39999771118164
1762230564640,115.60000610351562,170.39999771118164
1762230564649,115.60000610351562,171.39999771118164
1762230564668,115.60000610351562,171.39999771118164
1762230564675,115.60000610351562,172.39999771118164
1762230564683,115.60000610351562,173.39999771118164
1762230564690,115.60000610351562,175.39999771118164
1762230564697,115.60000610351562,175.39999771118164
1762230564704,115.60000610351562,176.39999771118164
1762230564711,116.60000610351562,178.39999771118164
1762230564718,116.60000610351562,179.39999771118164
1762230564725,117.60000610351562,179.39999771118164
1762230564731,117.60000610351562,180.39999771118164
1762230564738,118.60000610351562,181.39999771118164
1762230564745,120.60000610351562,182.39999771118164
1762230564752,121.60000610351562,183.39999771118164
1762230564759,123.60000610351562,184.39999771118164
1762230564766,125.60000610351562,185.39999771118164
1762230564779,127.60000610351562,186.39999771118164
1762230564786,129.60000610351562,187.39999771118164
1762230564793,129.60000610351562,187.39999771118164
1762230564800,130.60000610351562,187.39999771118164
1762230564806,132.60000610351562,187.39999771118164
1762230564815,133.60000610351562,187.39999771118164
1762230564821,133.60000610351562,188.39999771118164
1762230564828,134.60000610351562,188.39999771118164
1762230564835,134.60000610351562,189.39999771118164
1762230564855,135.60000610351562,189.39999771118164
1762230564862,136.60000610351562,189.39999771118164
1762230564869,137.60000610351562,189.39999771118164
1762230564891,137.60000610351562,189.39999771118164
1762230564904,138.60000610351562,189.39999771118164
1762230564918,139.60000610351562,189.39999771118164
1762230564945,140.60000610351562,189.39999771118164
1762230564958,141.60000610351562,189.39999771118164
1762230564980,141.60000610351562,188.39999771118164
1762230564987,142.60000610351562,188.39999771118164
1762230564994,143.60000610351562,187.39999771118164
1762230565015,144.60000610351562,187.39999771118164
1762230565036,145.60000610351562,186.39999771118164
1762230565061,145.60000610351562,186.39999771118164
1762230565070,145.60000610351562,185.39999771118164
1762230565091,145.60000610351562,184.39999771118164
1762230565119,145.60000610351562,183.39999771118164
1762230565126,145.60000610351562,183.39999771118164
1762230565133,145.60000610351562,182.39999771118164
1762230565140,145.60000610351562,181.39999771118164
1762230565147,145.60000610351562,180.39999771118164
1762230565154,145.60000610351562,179.39999771118164
1762230565161,145.60000610351562,178.39999771118164
1762230565168,145.60000610351562,177.39999771118164
1762230565174,145.60000610351562,176.39999771118164
1762230565181,145.60000610351562,175.39999771118164
1762230565189,145.60000610351562,174.39999771118164
1762230565195,145.60000610351562,173.39999771118164
1762230565202,145.60000610351562,172.39999771118164
1762230565211,145.60000610351562,171.39999771118164
1762230565218,145.60000610351562,171.39999771118164
1762230565240,145.60000610351562,170.39999771118164
1762230565246,145.60000610351562,169.39999771118164
1762230565258,145.60000610351562,168.39999771118164
1762230565267,145.60000610351562,167.39999771118164
1762230565273,145.60000610351562,167.39999771118164
1762230565280,145.60000610351562,166.39999771118164
1762230565300,145.60000610351562,164.39999771118164
1762230565306,145.60000610351562,164.39999771118164
1762230565313,145.60000610351562,163.39999771118164
1762230565321,144.60000610351562,163.39999771118164
1762230565327,144.60000610351562,163.39999771118164
1762230565335,143.60000610351562,162.39999771118164
1762230565342,142.60000610351562,161.39999771118164
1762230565364,141.60000610351562,160.39999771118164
1762230565383,141.60000610351562,160.39999771118164
1762230565390,140.60000610351562,159.39999771118164
1762230565412,139.60000610351562,159.39999771118164
1762230565432,138.60000610351562,159.39999771118164
1762230565438,137.60000610351562,159.39999771118164
1762230565459,137.60000610351562,159.39999771118164
1762230565466,135.60000610351562,159.39999771118164
1762230565487,134.60000610351562,159.39999771118164
1762230565494,133.60000610351562,160.39999771118164
1762230565501,133.60000610351562,161.39999771118164
1762230565514,133.60000610351562,162.39999771118164
1762230565522,132.60000610351562,163.39999771118164
1762230565529,131.60000610351562,163.39999771118164
1762230565536,131.60000610351562,165.39999771118164
1762230565543,131.60000610351562,167.39999771118164
1762230565550,131.60000610351562,169.39999771118164
1762230565557,132.60000610351562,171.39999771118164
1762230565563,133.60000610351562,174.39999771118164
1762230565570,133.60000610351562,176.39999771118164
1762230565577,135.60000610351562,178.39999771118164
1762230565584,136.60000610351562,179.39999771118164
1762230565591,137.60000610351562,181.39999771118164
1762230565598,137.60000610351562,182.39999771118164
1762230565605,137.60000610351562,183.39999771118164
1762230565612,138.60000610351562,183.39999771118164
1762230565619,139.60000610351562,184.39999771118164
1762230565631,140.60000610351562,185.39999771118164
1762230565643,141.60000610351562,186.39999771118164
1762230565661,141.60000610351562,186.39999771118164
1762230565668,142.60000610351562,186.39999771118164
1762230565675,143.60000610351562,186.39999771118164
1762230565681,144.60000610351562,185.39999771118164
1762230565688,145.60000610351562,184.39999771118164
1762230565695,146.60000610351562,183.39999771118164
1762230565702,148.60000610351562,181.39999771118164
1762230565709,149.60000610351562,179.39999771118164
1762230565716,150.60000610351562,178.39999771118164
1762230565723,150.60000610351562,176.39999771118164
1762230565730,151.60000610351562,175.39999771118164
1762230565737,151.60000610351562,175.39999771118164
1762230565744,152.60000610351562,173.39999771118164
1762230565754,152.60000610351562,172.39999771118164
1762230565760,152.60000610351562,171.39999771118164
1762230565767,152.60000610351562,171.39999771118164
1762230565786,152.60000610351562,170.39999771118164
1762230565793,152.60000610351562,169.39999771118164
1762230565800,152.60000610351562,168.39999771118164
1762230565806,152.60000610351562,167.39999771118164
1762230565815,151.60000610351562,167.39999771118164
1762230565822,151.60000610351562,166.39999771118164
1762230565837,149.60000610351562,164.39999771118164
1762230565855,149.60000610351562,164.39999771118164
1762230565862,147.60000610351562,163.39999771118164
1762230565869,146.60000610351562,163.39999771118164
1762230565876,145.60000610351562,163.39999771118164
1762230565890,145.60000610351562,163.39999771118164
1762230565897,144.60000610351562,163.39999771118164
1762230565918,143.60000610351562,163.39999771118164
1762230565924,142.60000610351562,163.39999771118164
1762230565931,142.60000610351562,163.39999771118164
1762230565938,141.60000610351562,165.39999771118164
1762230565945,141.60000610351562,167.39999771118164
1762230565952,139.60000610351562,170.39999771118164
1762230565959,138.60000610351562,175.39999771118164
1762230565966,138.60000610351562,177.39999771118164
1762230565973,138.60000610351562,179.39999771118164
1762230565981,138.60000610351562,181.39999771118164
1762230565987,138.60000610351562,183.39999771118164
1762230565994,138.60000610351562,183.39999771118164
1762230566015,138.60000610351562,184.39999771118164
1762230566022,140.60000610351562,184.39999771118164
1762230566037,141.60000610351562,184.39999771118164
1762230566043,141.60000610351562,184.39999771118164
1762230566050,142.60000610351562,184.39999771118164
1762230566056,144.60000610351562,183.39999771118164
1762230566063,145.60000610351562,181.39999771118164
1762230566070,146.60000610351562,179.39999771118164
1762230566077,147.60000610351562,178.39999771118164
1762230566084,148.60000610351562,176.39999771118164
1762230566091,149.60000610351562,174.39999771118164
1762230566098,149.60000610351562,172.39999771118164
1762230566105,149.60000610351562,171.39999771118164
1762230566112,149.60000610351562,171.39999771118164
1762230566119,149.60000610351562,169.39999771118164
1762230566131,149.60000610351562,168.39999771118164
1762230566140,149.60000610351562,167.39999771118164
1762230566161,149.60000610351562,167.39999771118164
1762230566168,149.60000610351562,166.39999771118164
1762230566180,149.60000610351562,165.39999771118164
1762230566207,147.60000610351562,163.39999771118164
1762230566216,146.60000610351562,163.39999771118164
1762230566223,145.60000610351562,163.39999771118164
1762230566230,145.60000610351562,163.39999771118164
1762230566238,144.60000610351562,162.39999771118164
1762230566244,143.60000610351562,162.39999771118164
1762230566251,142.60000610351562,162.39999771118164
1762230566258,142.60000610351562,161.39999771118164
1762230566265,141.60000610351562,161.39999771118164
1762230566275,141.60000610351562,161.39999771118164
1762230566293,140.60000610351562,161.39999771118164
1762230566303,139.60000610351562,161.39999771118164
1762230566338,138.60000610351562,161.39999771118164
1762230566344,138.60000610351562,162.39999771118164
1762230566357,138.60000610351562,163.39999771118164
1762230566376,138.60000610351562,164.39999771118164
1762230566385,138.60000610351562,165.39999771118164
1762230566392,138.60000610351562,166.39999771118164
1762230566411,138.60000610351562,167.39999771118164
1762230566417,138.60000610351562,167.39999771118164
1762230566426,138.60000610351562,168.39999771118164
1762230566433,139.60000610351562,168.39999771118164
1762230566440,139.60000610351562,169.39999771118164
1762230566536,139.60000610351562,167.39999771118164
1762230566543,138.60000610351562,167.39999771118164
1762230566549,137.60000610351562,167.39999771118164
1762230566556,137.60000610351562,166.39999771118164
1762230566578,137.60000610351562,166.39999771118164
1762230566584,136.60000610351562,165.39999771118164
1762230566591,135.60000610351562,165.39999771118164
1762230566619,134.60000610351562,165.39999771118164
1762230566626,133.60000610351562,165.39999771118164
1762230566633,133.60000610351562,165.39999771118164
1762230566646,132.60000610351562,165.39999771118164
1762230566660,130.60000610351562,167.39999771118164
1762230566668,129.60000610351562,168.39999771118164
1762230566674,129.60000610351562,170.39999771118164
1762230566682,128.60000610351562,172.39999771118164
1762230566688,128.60000610351562,175.39999771118164
1762230566695,128.60000610351562,178.39999771118164
1762230566702,127.60000610351562,180.39999771118164
1762230566710,127.60000610351562,182.39999771118164
1762230566716,127.60000610351562,183.39999771118164
1762230566723,127.60000610351562,185.39999771118164
1762230566730,127.60000610351562,186.39999771118164
1762230566737,127.60000610351562,187.39999771118164
1762230566749,128.60000610351562,188.39999771118164
1762230566762,129.60000610351562,189.39999771118164
1762230566772,129.60000610351562,189.39999771118164
1762230566779,130.60000610351562,190.39999771118164
1762230566786,131.60000610351562,190.39999771118164
1762230566793,132.60000610351562,190.39999771118164
1762230566800,133.60000610351562,190.39999771118164
1762230566806,133.60000610351562,190.39999771118164
1762230566817,135.60000610351562,190.39999771118164
1762230566835,136.60000610351562,190.39999771118164
1762230566845,136.60000610351562,189.39999771118164
1762230566852,137.60000610351562,188.39999771118164
1762230566862,137.60000610351562,187.39999771118164
1762230566869,137.60000610351562,186.39999771118164
1762230566876,137.60000610351562,183.39999771118164
1762230566883,137.60000610351562,182.39999771118164
1762230566890,137.60000610351562,179.39999771118164
1762230566897,137.60000610351562,178.39999771118164
1762230566904,137.60000610351562,175.39999771118164
1762230566911,137.60000610351562,174.39999771118164
1762230566917,137.60000610351562,173.39999771118164
1762230566925,136.60000610351562,171.39999771118164
1762230566932,136.60000610351562,171.39999771118164
1762230566938,135.60000610351562,170.39999771118164
1762230566945,135.60000610351562,169.39999771118164
1762230566954,134.60000610351562,167.39999771118164
1762230566961,133.60000610351562,167.39999771118164
1762230566968,133.60000610351562,167.39999771118164
1762230566975,133.60000610351562,167.39999771118164
1762230566987,133.60000610351562,166.39999771118164
1762230566996,132.60000610351562,166.39999771118164
1762230567003,132.60000610351562,165.39999771118164
1762230567022,132.60000610351562,164.39999771118164
1762230567029,131.60000610351562,164.39999771118164
1762230567037,130.60000610351562,164.39999771118164
1762230567073,129.60000610351562,165.39999771118164
1762230567098,129.60000610351562,166.39999771118164
1762230567106,129.60000610351562,167.39999771118164
1762230567133,129.60000610351562,167.39999771118164
1762230567140,131.60000610351562,168.39999771118164
1762230567147,132.60000610351562,168.39999771118164
1762230567154,133.60000610351562,169.39999771118164
1762230567175,134.60000610351562,169.39999771118164
1762230567181,135.60000610351562,169.39999771118164
1762230567188,136.60000610351562,169.39999771118164
1762230567209,137.60000610351562,169.39999771118164
1762230567222,137.60000610351562,168.39999771118164
1762230567230,137.60000610351562,167.39999771118164
1762230567237,137.60000610351562,167.39999771118164
1762230567244,137.60000610351562,166.39999771118164
1762230567251,137.60000610351562,165.39999771118164
1762230567258,137.60000610351562,164.39999771118164
1762230567266,137.60000610351562,163.39999771118164
1762230567273,137.60000610351562,163.39999771118164
1762230567281,137.60000610351562,162.39999771118164
1762230567288,137.60000610351562,161.39999771118164
1762230567295,137.60000610351562,160.39999771118164
1762230567300,135.60000610351562,160.39999771118164
1762230567306,135.60000610351562,159.39999771118164
1762230567313,134.60000610351562,159.39999771118164
1762230567331,133.60000610351562,159.39999771118164
1762230567338,132.60000610351562,158.39999771118164
1762230567345,130.60000610351562,158.39999771118164
1762230567356,129.60000610351562,158.39999771118164
1762230567362,129.60000610351562,158.39999771118164
1762230567369,127.60000610351562,158.39999771118164
1762230567376,127.60000610351562,159.39999771118164
1762230567383,125.60000610351562,159.39999771118164
1762230567390,125.60000610351562,160.39999771118164
1762230567397,124.60000610351562,161.39999771118164
1762230567404,124.60000610351562,162.39999771118164
1762230567411,122.60000610351562,163.39999771118164
1762230567418,122.60000610351562,164.39999771118164
1762230567425,122.60000610351562,165.39999771118164
1762230567431,121.60000610351562,167.39999771118164
1762230567439,121.60000610351562,167.39999771118164
1762230567445,121.60000610351562,169.39999771118164
1762230567453,121.60000610351562,170.39999771118164
1762230567459,121.60000610351562,171.39999771118164
1762230567466,121.60000610351562,171.39999771118164
1762230567473,121.60000610351562,172.39999771118164
1762230567481,121.60000610351562,173.39999771118164
1762230567487,121.60000610351562,173.39999771118164
1762230567495,123.60000610351562,173.39999771118164
1762230567501,125.60000610351562,173.39999771118164
1762230567508,129.60000610351562,173.39999771118164
1762230567515,133.60000610351562,171.39999771118164
1762230567522,136.60000610351562,170.39999771118164
1762230567529,138.60000610351562,169.39999771118164
1762230567536,139.60000610351562,168.39999771118164
1762230567544,141.60000610351562,167.39999771118164
1762230567558,141.60000610351562,166.39999771118164
1762230567567,143.60000610351562,165.39999771118164
1762230567591,143.60000610351562,164.39999771118164
1762230567600,143.60000610351562,163.39999771118164
1762230567684,142.60000610351562,163.39999771118164
1762230567689,141.60000610351562,164.39999771118164
1762230567697,141.60000610351562,165.39999771118164
1762230567702,140.60000610351562,166.39999771118164
1762230567716,137.60000610351562,171.39999771118164
1762230567724,135.60000610351562,174.39999771118164
1762230567730,135.60000610351562,175.39999771118164
1762230567737,134.60000610351562,178.39999771118164
1762230567745,133.60000610351562,179.39999771118164
1762230567765,133.60000610351562,181.39999771118164
1762230567775,133.60000610351562,182.39999771118164
1762230567805,133.60000610351562,182.39999771118164
1762230567813,135.60000610351562,182.39999771118164
1762230567820,137.60000610351562,180.39999771118164
1762230567827,141.60000610351562,178.39999771118164
1762230567834,143.60000610351562,175.39999771118164
1762230567841,145.60000610351562,172.39999771118164
1762230567850,147.60000610351562,171.39999771118164
1762230567860,149.60000610351562,166.39999771118164
1762230567870,149.60000610351562,165.39999771118164
1762230567878,150.60000610351562,164.39999771118164
1762230567883,150.60000610351562,163.39999771118164
1762230567890,150.60000610351562,162.39999771118164
1762230567897,150.60000610351562,161.39999771118164
1762230567911,150.60000610351562,160.39999771118164
1762230567922,150.60000610351562,159.39999771118164
1762230567936,150.60000610351562,159.39999771118164
1762230567967,149.60000610351562,159.39999771118164
1762230567977,149.60000610351562,159.39999771118164
1762230567987,148.60000610351562,159.39999771118164
1762230567997,147.60000610351562,159.39999771118164
1762230568008,145.60000610351562,159.39999771118164
1762230568015,145.60000610351562,159.39999771118164
1762230568022,144.60000610351562,160.39999771118164
1762230568029,143.60000610351562,161.39999771118164
1762230568036,142.60000610351562,162.39999771118164
1762230568043,141.60000610351562,163.39999771118164
1762230568052,141.60000610351562,164.39999771118164
1762230568056,141.60000610351562,165.39999771118164
1762230568063,140.60000610351562,166.39999771118164
1762230568071,140.60000610351562,167.39999771118164
1762230568085,139.60000610351562,168.39999771118164
1762230568095,139.60000610351562,169.39999771118164
1762230568105,139.60000610351562,170.39999771118164
1762230568122,139.60000610351562,171.39999771118164
1762230568177,139.60000610351562,170.39999771118164
1762230568183,139.60000610351562,169.39999771118164
1762230568193,139.60000610351562,168.39999771118164
1762230568197,139.60000610351562,167.39999771118164
1762230568205,139.60000610351562,167.39999771118164
1762230568215,139.60000610351562,166.39999771118164
1762230568226,139.60000610351562,164.39999771118164
1762230568244,139.60000610351562,163.39999771118164
1762230568249,138.60000610351562,163.39999771118164
1762230568258,138.60000610351562,163.39999771118164
1762230568266,138.60000610351562,162.39999771118164
1762230568292,137.60000610351562,161.39999771118164
1762230568321,137.60000610351562,161.39999771118164
1762230568348,136.60000610351562,161.39999771118164
1762230568383,135.60000610351562,161.39999771118164
1762230568403,134.60000610351562,161.39999771118164
1762230568411,133.60000610351562,161.39999771118164
1762230568425,133.60000610351562,161.39999771118164
1762230568432,132.60000610351562,161.39999771118164
1762230568444,131.60000610351562,161.39999771118164
1762230568453,130.60000610351562,161.39999771118164
1762230568464,129.60000610351562,161.39999771118164
1762230568499,129.60000610351562,161.39999771118164
1762230568540,129.60000610351562,160.39999771118164
1762230568549,129.60000610351562,159.39999771118164
1762230568556,129.60000610351562,159.39999771118164
1762230568563,129.60000610351562,158.39999771118164
1762230568571,129.60000610351562,157.39999771118164
1762230568578,129.60000610351562,156.39999771118164
1762230568590,129.60000610351562,155.39999771118164
1762230568595,129.60000610351562,154.39999771118164
1762230568608,129.60000610351562,153.39999771118164
1762230568619,129.60000610351562,153.39999771118164
1762230568626,129.60000610351562,151.39999771118164
1762230568636,130.60000610351562,151.39999771118164
1762230568647,131.60000610351562,151.39999771118164
1762230568656,132.60000610351562,150.39999771118164
1762230568663,133.60000610351562,149.39999771118164
1762230568670,133.60000610351562,149.39999771118164
1762230568689,134.60000610351562,149.39999771118164
1762230568695,135.60000610351562,149.39999771118164
1762230568702,136.60000610351562,149.39999771118164
1762230568709,137.60000610351562,149.39999771118164
1762230568716,137.60000610351562,149.39999771118164
1762230568723,138.60000610351562,150.39999771118164
1762230568730,140.60000610351562,150.39999771118164
1762230568737,140.60000610351562,151.39999771118164
1762230568744,141.60000610351562,151.39999771118164
1762230568752,141.60000610351562,151.39999771118164
1762230568759,142.60000610351562,152.39999771118164
1762230568779,142.60000610351562,153.39999771118164
1762230568786,142.60000610351562,154.39999771118164
1762230568807,142.60000610351562,155.39999771118164
1762230568813,142.60000610351562,155.39999771118164
1762230568820,142.60000610351562,156.39999771118164
1762230568828,141.60000610351562,157.39999771118164
1762230568837,141.60000610351562,158.39999771118164
1762230568842,140.60000610351562,158.39999771118164
1762230568850,139.60000610351562,159.39999771118164
1762230568876,138.60000610351562,159.39999771118164
1762230568886,137.60000610351562,159.39999771118164
1762230568897,137.60000610351562,160.39999771118164
1762230568911,136.60000610351562,160.39999771118164
1762230568931,135.60000610351562,160.39999771118164
1762230568952,134.60000610351562,160.39999771118164
1762230568959,134.60000610351562,159.39999771118164
1762230568966,134.60000610351562,159.39999771118164
1762230568975,133.60000610351562,158.39999771118164
1762230568984,133.60000610351562,156.39999771118164
1762230568990,133.60000610351562,155.39999771118164
1762230568999,133.60000610351562,155.39999771118164
1762230569013,133.60000610351562,152.39999771118164
1762230569036,135.60000610351562,147.39999771118164
1762230569048,137.60000610351562,144.39999771118164
1762230569057,138.60000610351562,143.39999771118164
1762230569066,140.60000610351562,142.39999771118164
1762230569070,141.60000610351562,141.39999771118164
1762230569078,143.60000610351562,140.39999771118164
1762230569085,145.60000610351562,139.39999771118164
1762230569091,145.60000610351562,139.39999771118164
1762230569099,146.60000610351562,139.39999771118164
1762230569112,147.60000610351562,139.39999771118164
1762230569123,149.60000610351562,139.39999771118164
1762230569133,149.60000610351562,139.39999771118164
1762230569140,149.60000610351562,140.39999771118164
1762230569147,150.60000610351562,142.39999771118164
1762230569154,150.60000610351562,145.39999771118164
1762230569161,151.60000610351562,147.39999771118164
1762230569167,151.60000610351562,151.39999771118164
1762230569174,151.60000610351562,155.39999771118164
1762230569181,151.60000610351562,156.39999771118164
1762230569188,151.60000610351562,158.39999771118164
1762230569195,150.60000610351562,159.39999771118164
1762230569202,149.60000610351562,160.39999771118164
1762230569209,149.60000610351562,161.39999771118164
1762230569216,149.60000610351562,162.39999771118164
1762230569230,149.60000610351562,163.39999771118164
1762230569237,149.60000610351562,163.39999771118164
1762230569246,149.60000610351562,163.39999771118164
1762230569272,148.60000610351562,164.39999771118164
1762230569279,147.60000610351562,164.39999771118164
1762230569286,146.60000610351562,164.39999771118164
1762230569294,145.60000610351562,165.39999771118164
1762230569303,144.60000610351562,165.39999771118164
1762230569314,142.60000610351562,165.39999771118164
1762230569323,140.60000610351562,165.39999771118164
1762230569334,139.60000610351562,165.39999771118164
1762230569347,137.60000610351562,165.39999771118164
1762230569360,137.60000610351562,165.39999771118164
1762230569364,136.60000610351562,165.39999771118164
1762230569385,134.60000610351562,165.39999771118164
1762230569401,133.60000610351562,165.39999771118164
1762230569425,133.60000610351562,165.39999771118164
1762230569445,132.60000610351562,165.39999771118164
1762230569452,132.60000610351562,166.39999771118164
1762230569473,131.60000610351562,166.39999771118164
1762230569501,130.60000610351562,167.39999771118164
1762230569508,130.60000610351562,167.39999771118164
1762230569529,130.60000610351562,168.39999771118164
1762230569543,130.60000610351562,169.39999771118164
1762230569563,130.60000610351562,170.39999771118164
1762230569570,130.60000610351562,171.39999771118164
1762230569591,131.60000610351562,171.39999771118164
1762230569598,131.60000610351562,171.39999771118164
1762230569605,132.60000610351562,171.39999771118164
1762230569617,133.60000610351562,171.39999771118164
1762230569630,133.60000610351562,171.39999771118164
1762230569644,134.60000610351562,171.39999771118164
1762230569654,135.60000610351562,171.39999771118164
1762230569675,136.60000610351562,171.39999771118164
1762230569702,137.60000610351562,171.39999771118164
1762230569719,137.60000610351562,171.39999771118164
1762230569730,137.60000610351562,170.39999771118164
1762230569740,138.60000610351562,169.39999771118164
1762230569754,138.60000610351562,167.39999771118164
1762230569779,138.60000610351562,167.39999771118164
1762230569788,138.60000610351562,166.39999771118164
1762230569821,138.60000610351562,165.39999771118164
1762230569864,138.60000610351562,166.39999771118164
1762230569870,137.60000610351562,167.39999771118164
1762230569885,137.60000610351562,170.39999771118164
1762230569899,137.60000610351562,175.39999771118164
1762230569913,137.60000610351562,179.39999771118164
1762230569919,137.60000610351562,179.39999771118164
1762230569932,137.60000610351562,180.39999771118164
1762230569946,137.60000610351562,182.39999771118164
1762230569963,137.60000610351562,183.39999771118164
1762230569987,137.60000610351562,184.39999771118164
1762230570015,137.60000610351562,185.39999771118164
1762230570341,137.60000610351562,185.39999771118164
1762230570627,133.60000610351562,183.39999771118164
1762230570647,124.60000610351562,171.39999771118164
1762230570654,120.60000610351562,163.39999771118164
1762230570661,113.60000610351562,144.39999771118164
1762230570668,111.60000610351562,138.39999771118164
1762230570674,110.60000610351562,133.39999771118164
1762230570681,109.60000610351562,130.39999771118164
1762230570689,109.60000610351562,127.39999771118164
1762230570695,109.60000610351562,126.39999771118164
1762230570702,109.60000610351562,124.39999771118164
1762230570709,109.60000610351562,122.39999771118164
1762230570716,109.60000610351562,120.39999771118164
1762230570723,109.60000610351562,118.39999771118164
1762230570730,109.60000610351562,114.39999771118164
1762230570738,109.60000610351562,111.39999771118164
1762230570744,109.60000610351562,105.39999771118164
1762230570751,110.60000610351562,99.39999771118164
1762230570758,110.60000610351562,94.39999771118164
1762230570765,111.60000610351562,90.39999771118164
1762230570772,111.60000610351562,87.39999771118164
1762230570779,111.60000610351562,86.39999771118164
1762230570786,111.60000610351562,84.39999771118164
1762230570793,111.60000610351562,83.39999771118164
1762230570804,111.60000610351562,82.39999771118164
1762230570821,111.60000610351562,81.39999771118164
1762230570828,111.60000610351562,80.39999771118164
1762230570852,111.60000610351562,79.39999771118164
1762230570936,112.60000610351562,79.39999771118164
1762230570974,113.60000610351562,77.39999771118164
1762230570981,113.60000610351562,76.39999771118164
1762230570988,113.60000610351562,75.39999771118164
1762230570996,113.60000610351562,73.39999771118164
1762230571003,113.60000610351562,72.39999771118164
1762230571010,113.60000610351562,71.39999771118164
1762230571017,113.60000610351562,70.39999771118164
1762230571024,113.60000610351562,69.39999771118164
1762230571031,113.60000610351562,68.39999771118164
1762230571050,113.60000610351562,67.39999771118164
1762230571059,113.60000610351562,66.39999771118164
1762230571078,113.60000610351562,65.39999771118164
1762230571086,113.60000610351562,64.39999771118164
1762230571093,113.60000610351562,63.39999771118164
1762230571100,114.60000610351562,62.39999771118164
1762230571107,114.60000610351562,61.39999771118164
1762230571113,114.60000610351562,59.39999771118164
1762230571120,115.60000610351562,58.39999771118164
1762230571127,116.60000610351562,56.39999771118164
1762230571134,117.60000610351562,55.39999771118164
1762230571141,117.60000610351562,53.39999771118164
1762230571148,117.60000610351562,52.39999771118164
1762230571155,117.60000610351562,51.39999771118164
1762230571162,117.60000610351562,50.39999771118164
1762230571182,117.60000610351562,49.39999771118164
1762230571189,117.60000610351562,48.39999771118164
1762230571209,117.60000610351562,47.39999771118164
1762230571223,117.60000610351562,46.39999771118164
1762230571258,117.60000610351562,45.39999771118164
1762230571382,117.60000610351562,44.39999771118164
1762230571411,117.60000610351562,43.39999771118164
1762230571471,117.60000610351562,42.39999771118164
1762230571568,117.60000610351562,41.39999771118164
1762230571622,117.60000610351562,40.39999771118164
1762230571712,117.60000610351562,39.39999771118164
1762230571773,117.60000610351562,38.39999771118164
1762230571793,117.60000610351562,37.39999771118164
1762230571820,117.60000610351562,36.39999771118164
1762230571854,117.60000610351562,35.39999771118164
1762230571973,117.60000610351562,34.39999771118164
1762230572006,117.60000610351562,33.39999771118164
1762230572076,117.60000610351562,32.39999771118164
1762230572080,116.60000610351562,32.39999771118164
1762230572177,115.60000610351562,32.39999771118164
1762230572809,115.60000610351562,33.39999771118164
1762230572828,116.60000610351562,33.39999771118164
1762230572834,116.60000610351562,34.39999771118164
1762230572848,117.60000610351562,34.39999771118164
1762230572855,117.60000610351562,35.39999771118164
1762230572862,117.60000610351562,35.39999771118164
1762230572869,118.60000610351562,35.39999771118164
1762230572876,119.60000610351562,35.39999771118164
1762230572883,121.60000610351562,35.39999771118164
1762230572890,122.60000610351562,35.39999771118164
1762230572897,123.60000610351562,35.39999771118164
1762230572904,124.60000610351562,35.39999771118164
1762230572911,126.60000610351562,35.39999771118164
1762230572918,126.60000610351562,34.39999771118164
1762230572925,127.60000610351562,34.39999771118164
1762230572932,128.60000610351562,34.39999771118164
1762230572938,129.60000610351562,34.39999771118164
1762230572959,129.60000610351562,33.39999771118164
1762230572975,130.60000610351562,33.39999771118164
1762230573001,130.60000610351562,32.39999771118164
1762230573014,130.60000610351562,31.39999771118164
1762230573036,130.60000610351562,31.39999771118164
1762230573048,130.60000610351562,30.39999771118164
1762230573071,129.60000610351562,29.39999771118164
1762230573082,129.60000610351562,28.39999771118164
1762230573091,129.60000610351562,27.39999771118164
1762230573098,128.60000610351562,27.39999771118164
1762230573105,127.60000610351562,27.39999771118164
1762230573112,127.60000610351562,26.39999771118164
1762230573119,126.60000610351562,26.39999771118164
1762230573126,125.60000610351562,25.39999771118164
1762230573133,125.60000610351562,25.39999771118164
1762230573147,124.60000610351562,24.39999771118164
1762230573157,123.60000610351562,24.39999771118164
1762230573168,123.60000610351562,23.39999771118164
1762230573174,122.60000610351562,23.39999771118164
1762230573185,121.60000610351562,23.39999771118164
1762230573199,120.60000610351562,23.39999771118164
1762230573209,120.60000610351562,22.39999771118164
1762230573216,119.60000610351562,22.39999771118164
1762230573223,117.60000610351562,21.39999771118164
1762230573233,116.60000610351562,20.39999771118164
1762230573247,115.60000610351562,20.39999771118164
1762230573258,114.60000610351562,20.39999771118164
1762230573265,114.60000610351562,19.39999771118164
1762230573272,113.60000610351562,19.39999771118164
1762230573300,113.60000610351562,19.39999771118164
1762230573330,112.60000610351562,19.39999771118164
1762230573494,111.60000610351562,20.39999771118164
1762230573522,111.60000610351562,21.39999771118164
1762230573529,110.60000610351562,21.39999771118164
1762230573549,110.60000610351562,22.39999771118164
1762230573563,110.60000610351562,23.39999771118164
1762230573612,109.60000610351562,23.39999771118164
1762230573647,109.60000610351562,23.39999771118164
1762230573680,109.60000610351562,24.39999771118164
1762230573693,109.60000610351562,24.39999771118164
1762230573717,109.60000610351562,25.39999771118164
1762230573803,108.60000610351562,25.39999771118164
1762230573879,107.60000610351562,25.39999771118164
1762230573913,106.60000610351562,25.39999771118164
1762230573947,105.60000610351562,25.39999771118164
1762230573960,105.60000610351562,25.39999771118164
1762230574009,104.60000610351562,25.39999771118164
1762230574057,103.60000610351562,25.39999771118164
1762230574077,102.60000610351562,25.39999771118164
1762230574091,101.60000610351562,26.39999771118164
1762230574126,101.60000610351562,26.39999771118164
1762230574279,101.60000610351562,27.39999771118164
1762230574310,101.60000610351562,27.39999771118164
1762230574358,102.60000610351562,27.39999771118164
1762230574414,102.60000610351562,27.39999771118164
1762230574424,103.60000610351562,27.39999771118164
1762230574482,104.60000610351562,27.39999771118164
1762230574524,104.60000610351562,28.39999771118164
1762230574529,105.60000610351562,28.39999771118164
1762230574544,105.60000610351562,28.39999771118164
1762230574571,105.60000610351562,29.39999771118164
1762230574579,106.60000610351562,29.39999771118164
1762230574661,107.60000610351562,29.39999771118164
1762230574737,108.60000610351562,29.39999771118164
1762230574772,109.60000610351562,29.39999771118164
1762230574881,109.60000610351562,29.39999771118164
1762230574918,110.60000610351562,29.39999771118164
1762230574946,111.60000610351562,29.39999771118164
1762230574955,112.60000610351562,29.39999771118164
1762230575024,113.60000610351562,29.39999771118164
1762230575066,113.60000610351562,29.39999771118164
1762230575085,113.60000610351562,28.39999771118164
1762230575091,114.60000610351562,28.39999771118164
1762230575105,115.60000610351562,28.39999771118164
1762230575299,115.60000610351562,28.39999771118164
1762230576597,115.60000610351562,29.39999771118164
1762230576613,111.60000610351562,35.39999771118164
1762230576620,109.60000610351562,39.39999771118164
1762230576626,107.60000610351562,43.39999771118164
1762230576633,105.60000610351562,49.39999771118164
1762230576641,102.60000610351562,55.39999771118164
1762230576647,100.60000610351562,59.39999771118164
1762230576654,97.60000610351562,66.39999771118164
1762230576661,95.60000610351562,71.39999771118164
1762230576668,93.60000610351562,75.39999771118164
1762230576675,91.60000610351562,78.39999771118164
1762230576682,90.60000610351562,81.39999771118164
1762230576689,89.60000610351562,86.39999771118164
1762230576696,89.60000610351562,90.39999771118164
1762230576703,87.60000610351562,93.39999771118164
1762230576710,87.60000610351562,96.39999771118164
1762230576716,86.60000610351562,99.39999771118164
1762230576724,85.60000610351562,103.39999771118164
1762230576731,85.60000610351562,105.39999771118164
1762230576738,85.60000610351562,107.39999771118164
1762230576745,85.60000610351562,110.39999771118164
1762230576751,85.60000610351562,111.39999771118164
1762230576760,85.60000610351562,113.39999771118164
1762230576767,85.60000610351562,114.39999771118164
1762230576774,84.60000610351562,114.39999771118164
1762230576781,84.60000610351562,115.39999771118164
1762230576788,84.60000610351562,116.39999771118164
1762230576794,83.60000610351562,117.39999771118164
1762230576802,83.60000610351562,118.39999771118164
1762230576808,83.60000610351562,119.39999771118164
1762230576816,82.60000610351562,121.39999771118164
1762230576822,81.60000610351562,123.39999771118164
1762230576829,81.60000610351562,126.39999771118164
1762230576836,81.60000610351562,127.39999771118164
1762230576843,79.60000610351562,131.39999771118164
1762230576850,78.60000610351562,133.39999771118164
1762230576856,78.60000610351562,135.39999771118164
1762230576863,77.60000610351562,137.39999771118164
1762230576870,76.60000610351562,139.39999771118164
1762230576877,76.60000610351562,140.39999771118164
1762230576884,76.60000610351562,141.39999771118164
1762230576891,75.60000610351562,142.39999771118164
1762230576898,74.60000610351562,143.39999771118164
1762230576918,74.60000610351562,144.39999771118164
1762230576925,73.60000610351562,145.39999771118164
1762230576932,73.60000610351562,147.39999771118164
1762230576946,72.60000610351562,147.39999771118164
1762230576959,71.60000610351562,149.39999771118164
1762230576973,71.60000610351562,150.39999771118164
1762230576980,70.60000610351562,150.39999771118164
1762230576987,70.60000610351562,151.39999771118164
1762230577015,69.60000610351562,151.39999771118164
1762230577028,69.60000610351562,152.39999771118164
1762230577056,69.60000610351562,153.39999771118164
1762230577613,69.60000610351562,152.39999771118164
1762230577633,69.60000610351562,150.39999771118164
1762230577640,68.60000610351562,149.39999771118164
1762230577647,68.60000610351562,147.39999771118164
1762230577654,68.60000610351562,146.39999771118164
1762230577661,68.60000610351562,145.39999771118164
1762230577668,68.60000610351562,144.39999771118164
1762230577675,68.60000610351562,143.39999771118164
1762230577682,68.60000610351562,142.39999771118164
1762230577689,68.60000610351562,141.39999771118164
1762230577696,68.60000610351562,140.39999771118164
1762230577703,68.60000610351562,139.39999771118164
1762230577713,68.60000610351562,138.39999771118164
1762230577735,68.60000610351562,137.39999771118164
1762230577741,68.60000610351562,136.39999771118164
1762230577769,68.60000610351562,135.39999771118164
1762230577810,67.60000610351562,135.39999771118164
1762230577833,66.60000610351562,135.39999771118164
1762230577872,65.60000610351562,135.39999771118164
1762230578175,65.60000610351562,134.39999771118164
1762230578183,67.60000610351562,133.39999771118164
1762230578191,68.60000610351562,133.39999771118164
1762230578196,69.60000610351562,131.39999771118164
1762230578202,73.60000610351562,130.39999771118164
1762230578210,76.60000610351562,127.39999771118164
1762230578216,80.60000610351562,123.39999771118164
1762230578223,84.60000610351562,120.39999771118164
1762230578231,88.60000610351562,117.39999771118164
1762230578237,90.60000610351562,115.39999771118164
1762230578244,93.60000610351562,113.39999771118164
1762230578251,94.60000610351562,111.39999771118164
1762230578258,95.60000610351562,111.39999771118164
1762230578265,96.60000610351562,110.39999771118164
1762230578276,97.60000610351562,109.39999771118164
1762230578283,97.60000610351562,108.39999771118164
1762230578311,98.60000610351562,107.39999771118164
1762230578491,98.60000610351562,108.39999771118164
1762230578526,97.60000610351562,108.39999771118164
1762230579247,97.60000610351562,109.39999771118164
1762230579265,97.60000610351562,110.39999771118164
1762230579286,98.60000610351562,111.39999771118164
1762230579299,98.60000610351562,112.39999771118164
1762230579306,99.60000610351562,112.39999771118164
1762230579320,100.60000610351562,113.39999771118164
1762230579341,101.60000610351562,113.39999771118164
1762230579354,101.60000610351562,114.39999771118164
1762230579361,102.60000610351562,114.39999771118164
1762230579382,102.60000610351562,115.39999771118164
1762230579395,103.60000610351562,115.39999771118164
1762230579416,104.60000610351562,115.39999771118164
1762230579507,105.60000610351562,115.39999771118164
1762230579822,105.60000610351562,116.39999771118164
1762230580590,102.60000610351562,116.39999771118164
1762230580606,100.60000610351562,118.39999771118164
1762230580613,98.60000610351562,119.39999771118164
1762230580619,97.60000610351562,119.39999771118164
1762230580626,95.60000610351562,119.39999771118164
1762230580634,94.60000610351562,119.39999771118164
1762230580640,93.60000610351562,119.39999771118164
1762230580647,92.60000610351562,119.39999771118164
1762230580654,91.60000610351562,119.39999771118164
1762230580661,90.60000610351562,120.39999771118164
1762230580668,89.60000610351562,120.39999771118164
1762230580678,88.60000610351562,120.39999771118164
1762230580696,87.60000610351562,121.39999771118164
1762230580717,86.60000610351562,121.39999771118164
1762230580738,85.60000610351562,121.39999771118164
1762230580928,85.60000610351562,122.39999771118164
1762230580946,85.60000610351562,123.39999771118164
1762230580953,84.60000610351562,123.39999771118164
1762230580973,84.60000610351562,124.39999771118164
1762230580980,83.60000610351562,124.39999771118164
1762230581001,82.60000610351562,125.39999771118164
1762230581015,81.60000610351562,125.39999771118164
1762230581064,81.60000610351562,126.39999771118164
1762230581091,80.60000610351562,126.39999771118164
1762230581099,80.60000610351562,127.39999771118164
1762230581110,79.60000610351562,127.39999771118164
1762230581131,78.60000610351562,127.39999771118164
1762230581138,77.60000610351562,127.39999771118164
1762230581970,77.60000610351562,128.39999771118164
1762230581988,78.60000610351562,128.39999771118164
1762230581996,78.60000610351562,129.39999771118164
1762230582003,78.60000610351562,130.39999771118164
1762230582009,79.60000610351562,130.39999771118164
1762230582030,79.60000610351562,131.39999771118164
1762230582050,80.60000610351562,131.39999771118164
1762230582135,80.60000610351562,132.39999771118164
1762230582307,81.60000610351562,133.39999771118164
1762230582328,81.60000610351562,134.39999771118164
1762230582338,81.60000610351562,135.39999771118164
1762230582359,82.60000610351562,136.39999771118164
1762230582376,82.60000610351562,137.39999771118164
1762230582383,82.60000610351562,138.39999771118164
1762230582390,83.60000610351562,138.39999771118164
1762230582397,83.60000610351562,139.39999771118164
1762230582407,84.60000610351562,140.39999771118164
1762230582413,85.60000610351562,140.39999771118164
1762230582421,85.60000610351562,141.39999771118164
1762230582427,85.60000610351562,142.39999771118164
1762230582446,85.60000610351562,143.39999771118164
1762230582455,86.60000610351562,143.39999771118164
1762230582474,87.60000610351562,144.39999771118164
1762230582480,88.60000610351562,145.39999771118164
1762230582488,88.60000610351562,146.39999771118164
1762230582496,89.60000610351562,147.39999771118164
1762230582503,89.60000610351562,148.39999771118164
1762230582510,90.60000610351562,149.39999771118164
1762230582516,91.60000610351562,151.39999771118164
1762230582523,92.60000610351562,151.39999771118164
1762230582531,93.60000610351562,153.39999771118164
1762230582538,93.60000610351562,155.39999771118164
1762230582545,94.60000610351562,155.39999771118164
1762230582552,95.60000610351562,157.39999771118164
1762230582558,95.60000610351562,159.39999771118164
1762230582565,97.60000610351562,160.39999771118164
1762230582572,97.60000610351562,161.39999771118164
1762230582579,97.60000610351562,163.39999771118164
1762230582586,98.60000610351562,164.39999771118164
1762230582592,98.60000610351562,165.39999771118164
1762230582600,100.60000610351562,167.39999771118164
1762230582619,101.60000610351562,168.39999771118164
1762230582627,101.60000610351562,169.39999771118164
1762230582633,101.60000610351562,170.39999771118164
1762230582640,102.60000610351562,171.39999771118164
1762230582647,103.60000610351562,171.39999771118164
1762230582654,103.60000610351562,172.39999771118164
1762230582662,104.60000610351562,172.39999771118164
1762230582668,104.60000610351562,173.39999771118164
1762230582688,105.60000610351562,174.39999771118164
1762230582696,105.60000610351562,175.39999771118164
1762230582743,106.60000610351562,175.39999771118164
1762230582772,107.60000610351562,175.39999771118164
1762230582793,108.60000610351562,175.39999771118164
1762230582805,109.60000610351562,175.39999771118164
1762230582813,109.60000610351562,174.39999771118164
1762230582818,110.60000610351562,173.39999771118164
1762230582826,111.60000610351562,172.39999771118164
1762230582832,112.60000610351562,171.39999771118164
1762230582839,113.60000610351562,170.39999771118164
1762230582846,113.60000610351562,168.39999771118164
1762230582853,114.60000610351562,167.39999771118164
1762230582860,115.60000610351562,167.39999771118164
1762230582876,116.60000610351562,166.39999771118164
1762230582887,117.60000610351562,165.39999771118164
1762230582894,117.60000610351562,164.39999771118164
1762230582929,118.60000610351562,163.39999771118164
1762230582963,119.60000610351562,163.39999771118164
1762230582999,120.60000610351562,163.39999771118164
1762230583015,121.60000610351562,163.39999771118164
1762230583198,120.60000610351562,163.39999771118164
1762230583774,121.60000610351562,163.39999771118164
1762230583793,121.60000610351562,163.39999771118164
1762230583800,123.60000610351562,163.39999771118164
1762230583807,124.60000610351562,164.39999771118164
1762230583820,125.60000610351562,164.39999771118164
1762230583830,125.60000610351562,165.39999771118164
1762230583837,126.60000610351562,165.39999771118164
1762230583843,127.60000610351562,165.39999771118164
1762230583877,129.60000610351562,166.39999771118164
1762230583886,129.60000610351562,166.39999771118164
1762230583903,130.60000610351562,166.39999771118164
1762230583931,131.60000610351562,166.39999771118164
1762230583951,132.60000610351562,166.39999771118164
1762230583980,133.60000610351562,166.39999771118164
1762230584013,133.60000610351562,166.39999771118164
1762230584020,133.60000610351562,165.39999771118164
1762230584035,135.60000610351562,164.39999771118164
1762230584040,135.60000610351562,163.39999771118164
1762230584050,137.60000610351562,163.39999771118164
1762230584064,137.60000610351562,163.39999771118164
1762230584079,139.60000610351562,161.39999771118164
1762230584094,140.60000610351562,160.39999771118164
1762230584108,140.60000610351562,159.39999771118164
1762230584123,141.60000610351562,159.39999771118164
1762230584141,141.60000610351562,158.39999771118164
1762230584156,141.60000610351562,157.39999771118164
1762230584254,140.60000610351562,157.39999771118164
1762230584293,139.60000610351562,157.39999771118164
1762230584300,139.60000610351562,156.39999771118164
1762230584316,137.60000610351562,156.39999771118164
1762230584329,137.60000610351562,156.39999771118164
1762230584343,136.60000610351562,156.39999771118164
1762230584349,135.60000610351562,156.39999771118164
1762230584360,134.60000610351562,156.39999771118164
1762230584376,133.60000610351562,155.39999771118164
1762230584411,130.60000610351562,155.39999771118164
1762230584426,129.60000610351562,155.39999771118164
1762230584441,128.60000610351562,155.39999771118164
1762230584458,126.60000610351562,155.39999771118164
1762230584470,125.60000610351562,155.39999771118164
1762230584481,125.60000610351562,155.39999771118164
1762230584502,123.60000610351562,155.39999771118164
1762230584529,122.60000610351562,155.39999771118164
1762230584557,121.60000610351562,155.39999771118164
1762230584727,121.60000610351562,156.39999771118164
1762230584737,121.60000610351562,156.39999771118164
1762230584746,121.60000610351562,157.39999771118164
1762230584753,120.60000610351562,158.39999771118164
1762230584763,119.60000610351562,158.39999771118164
1762230584771,119.60000610351562,159.39999771118164
1762230584781,118.60000610351562,159.39999771118164
1762230584794,117.60000610351562,160.39999771118164
1762230584808,117.60000610351562,161.39999771118164
1762230584837,117.60000610351562,162.39999771118164
1762230584886,117.60000610351562,163.39999771118164
1762230584919,117.60000610351562,163.39999771118164
1762230584925,117.60000610351562,164.39999771118164
1762230584939,117.60000610351562,165.39999771118164
1762230584967,117.60000610351562,166.39999771118164
1762230584974,117.60000610351562,167.39999771118164
1762230584980,117.60000610351562,167.39999771118164
1762230584987,117.60000610351562,167.39999771118164
1762230585001,117.60000610351562,168.39999771118164
1762230585014,118.60000610351562,169.39999771118164
1762230585028,118.60000610351562,170.39999771118164
1762230585036,119.60000610351562,170.39999771118164
1762230585048,120.60000610351562,171.39999771118164
1762230585063,121.60000610351562,171.39999771118164
1762230585084,121.60000610351562,171.39999771118164
1762230585091,121.60000610351562,172.39999771118164
1762230585099,122.60000610351562,172.39999771118164
1762230585112,123.60000610351562,172.39999771118164
1762230585120,124.60000610351562,172.39999771118164
1762230585127,124.60000610351562,173.39999771118164
1762230585140,125.60000610351562,173.39999771118164
1762230585154,125.60000610351562,174.39999771118164
1762230585172,125.60000610351562,174.39999771118164
1762230585202,126.60000610351562,174.39999771118164
1762230585213,127.60000610351562,174.39999771118164
1762230585233,128.60000610351562,174.39999771118164
1762230585240,129.60000610351562,174.39999771118164
1762230585249,129.60000610351562,173.39999771118164
1762230585259,130.60000610351562,173.39999771118164
1762230585273,132.60000610351562,172.39999771118164
1762230585285,133.60000610351562,171.39999771118164
1762230585307,134.60000610351562,171.39999771118164
1762230585320,135.60000610351562,171.39999771118164
1762230585337,137.60000610351562,170.39999771118164
1762230585382,137.60000610351562,169.39999771118164
1762230585391,137.60000610351562,168.39999771118164
1762230585407,138.60000610351562,168.39999771118164
1762230585416,138.60000610351562,167.39999771118164
1762230585443,138.60000610351562,167.39999771118164
1762230585475,138.60000610351562,166.39999771118164
1762230585487,138.60000610351562,165.39999771118164
1762230585515,138.60000610351562,164.39999771118164
1762230585550,138.60000610351562,163.39999771118164
1762230585563,137.60000610351562,163.39999771118164
1762230585598,137.60000610351562,163.39999771118164
1762230585612,136.60000610351562,163.39999771118164
1762230585660,135.60000610351562,163.39999771118164
1762230585668,135.60000610351562,162.39999771118164
1762230585686,134.60000610351562,162.39999771118164
1762230585702,133.60000610351562,162.39999771118164
1762230585719,133.60000610351562,162.39999771118164
1762230585737,132.60000610351562,162.39999771118164
1762230585745,131.60000610351562,162.39999771118164
1762230585772,130.60000610351562,162.39999771118164
1762230585789,129.60000610351562,162.39999771118164
1762230586022,129.60000610351562,162.39999771118164
1762230586347,127.60000610351562,162.39999771118164
1762230586362,122.60000610351562,163.39999771118164
1762230586369,121.60000610351562,163.39999771118164
1762230586376,117.60000610351562,164.39999771118164
1762230586383,117.60000610351562,165.39999771118164
1762230586390,115.60000610351562,165.39999771118164
1762230586397,114.60000610351562,166.39999771118164
1762230586404,113.60000610351562,166.39999771118164
1762230586411,112.60000610351562,166.39999771118164
1762230586419,110.60000610351562,166.39999771118164
1762230586425,109.60000610351562,166.39999771118164
1762230586432,107.60000610351562,167.39999771118164
1762230586439,105.60000610351562,167.39999771118164
1762230586446,104.60000610351562,167.39999771118164
1762230586453,101.60000610351562,167.39999771118164
1762230586460,99.60000610351562,167.39999771118164
1762230586467,97.60000610351562,167.39999771118164
1762230586474,96.60000610351562,167.39999771118164
1762230586481,93.60000610351562,168.39999771118164
1762230586489,92.60000610351562,169.39999771118164
1762230586496,91.60000610351562,169.39999771118164
1762230586503,89.60000610351562,170.39999771118164
1762230586523,88.60000610351562,170.39999771118164
1762230586530,86.60000610351562,171.39999771118164
1762230586536,85.60000610351562,171.39999771118164
1762230586545,84.60000610351562,172.39999771118164
1762230586551,83.60000610351562,173.39999771118164
1762230586558,82.60000610351562,174.39999771118164
1762230586565,81.60000610351562,174.39999771118164
1762230586572,80.60000610351562,175.39999771118164
1762230586579,79.60000610351562,176.39999771118164
1762230586586,78.60000610351562,177.39999771118164
1762230586593,77.60000610351562,178.39999771118164
1762230586600,76.60000610351562,179.39999771118164
1762230586607,74.60000610351562,180.39999771118164
1762230586613,73.60000610351562,182.39999771118164
1762230586620,72.60000610351562,183.39999771118164
1762230586627,71.60000610351562,183.39999771118164
1762230586634,70.60000610351562,185.39999771118164
1762230586641,69.60000610351562,186.39999771118164
1762230586648,69.60000610351562,187.39999771118164
1762230586654,67.60000610351562,187.39999771118164
1762230586661,66.60000610351562,189.39999771118164
1762230586668,65.60000610351562,189.39999771118164
1762230586675,64.60000610351562,191.39999771118164
1762230586683,63.600006103515625,191.39999771118164
1762230586689,62.600006103515625,192.39999771118164
1762230586696,61.600006103515625,192.39999771118164
1762230586703,61.600006103515625,193.39999771118164
1762230586709,61.600006103515625,194.39999771118164
1762230586716,59.600006103515625,194.39999771118164
1762230586723,59.600006103515625,195.39999771118164
1762230586730,58.600006103515625,195.39999771118164
1762230586751,57.600006103515625,195.39999771118164
1762230586778,57.600006103515625,196.39999771118164
1762230586787,56.600006103515625,196.39999771118164
1762230586798,56.600006103515625,197.39999771118164
1762230586819,55.600006103515625,197.39999771118164
1762230586847,54.600006103515625,197.39999771118164
1762230586862,53.600006103515625,197.39999771118164
1762230587068,53.600006103515625,198.39999771118164
1762230587086,52.600006103515625,198.39999771118164
1762230587108,52.600006103515625,199.39999771118164
1762230587114,51.600006103515625,199.39999771118164
1762230587280,50.600006103515625,199.39999771118164
1762230587300,50.600006103515625,198.39999771118164
1762230587307,50.600006103515625,197.39999771118164
1762230587315,50.600006103515625,196.39999771118164
1762230587328,50.600006103515625,195.39999771118164
1762230587355,50.600006103515625,194.39999771118164
1762230587363,50.600006103515625,193.39999771118164
1762230587375,50.600006103515625,192.39999771118164
1762230587395,50.600006103515625,191.39999771118164
1762230588158,49.600006103515625,191.39999771118164
1762230588175,49.600006103515625,193.39999771118164
1762230588182,49.600006103515625,194.39999771118164
1762230588189,49.600006103515625,195.39999771118164
1762230588195,48.600006103515625,195.39999771118164
1762230588202,48.600006103515625,195.39999771118164
1762230588209,48.600006103515625,196.39999771118164
1762230588216,48.600006103515625,197.39999771118164
1762230588224,47.600006103515625,197.39999771118164
1762230588230,47.600006103515625,198.39999771118164
1762230588245,47.600006103515625,199.39999771118164
1762230588260,47.600006103515625,199.39999771118164
1762230588288,47.600006103515625,200.39999771118164
1762230588295,46.600006103515625,200.39999771118164
1762230588308,46.600006103515625,201.39999771118164
1762230588348,46.600006103515625,202.39999771118164
1762230588376,46.600006103515625,203.39999771118164
1762230588405,46.600006103515625,203.39999771118164
1762230588439,45.600006103515625,203.39999771118164
1762230588467,45.600006103515625,204.39999771118164
1762230588542,45.600006103515625,205.39999771118164
1762230588576,45.600006103515625,206.39999771118164
1762230588612,45.600006103515625,207.39999771118164
1762230588633,45.600006103515625,207.39999771118164
1762230588654,45.600006103515625,207.39999771118164
1762230588768,45.600006103515625,208.39999771118164
1762230588800,45.600006103515625,209.39999771118164
1762230588877,45.600006103515625,210.39999771118164
1762230588891,45.600006103515625,211.39999771118164
1762230588926,45.600006103515625,211.39999771118164
1762230588966,45.600006103515625,212.39999771118164
1762230589029,45.600006103515625,213.39999771118164
1762230589043,45.600006103515625,214.39999771118164
1762230589083,45.600006103515625,215.39999771118164
1762230589112,45.600006103515625,215.39999771118164
1762230589147,45.600006103515625,216.39999771118164
1762230589161,45.600006103515625,217.39999771118164
1762230589207,45.600006103515625,218.39999771118164
1762230589321,45.600006103515625,219.39999771118164
1762230589328,45.600006103515625,219.39999771118164
1762230589355,45.600006103515625,219.39999771118164
1762230589383,45.600006103515625,220.39999771118164
1762230589469,45.600006103515625,221.39999771118164
1762230589530,45.600006103515625,222.39999771118164
1762230589646,45.600006103515625,223.39999771118164
1762230590875,45.600006103515625,223.39999771118164
1762230590918,45.600006103515625,224.39999771118164
1762230590949,45.600006103515625,225.39999771118164
1762230590984,45.600006103515625,226.39999771118164
1762230591012,45.600006103515625,227.39999771118164
1762230591018,45.600006103515625,227.39999771118164
1762230591031,45.600006103515625,227.39999771118164
1762230591042,45.600006103515625,228.39999771118164
1762230591052,45.600006103515625,229.39999771118164
1762230591066,45.600006103515625,230.39999771118164
1762230591078,45.600006103515625,231.39999771118164
1762230591093,45.600006103515625,231.39999771118164
1762230591107,45.600006103515625,232.39999771118164
1762230591136,45.600006103515625,233.39999771118164
1762230591148,45.600006103515625,234.39999771118164
1762230591175,45.600006103515625,235.39999771118164
1762230591202,45.600006103515625,235.39999771118164
1762230591216,45.600006103515625,236.39999771118164
1762230591230,45.600006103515625,237.39999771118164
1762230591258,45.600006103515625,238.39999771118164
1762230591286,45.600006103515625,239.39999771118164
1762230591355,45.600006103515625,239.39999771118164
1762230591369,45.600006103515625,240.39999771118164
1762230591402,45.600006103515625,241.39999771118164
1762230591436,45.600006103515625,242.39999771118164
1762230591479,45.600006103515625,243.39999771118164
1762230591498,45.600006103515625,243.39999771118164
1762230591557,45.600006103515625,244.39999771118164
1762230591608,45.600006103515625,245.39999771118164
1762230591656,45.600006103515625,246.39999771118164
1762230591682,45.600006103515625,247.39999771118164
1762230591716,45.600006103515625,247.39999771118164
1762230591786,45.600006103515625,248.39999771118164
1762230591855,45.600006103515625,249.39999771118164
1762230591876,45.600006103515625,250.39999771118164
1762230591910,45.600006103515625,251.39999771118164
1762230591958,45.600006103515625,251.39999771118164
1762230591992,45.600006103515625,252.39999771118164
1762230592061,45.600006103515625,253.39999771118164
1762230592091,45.600006103515625,254.39999771118164
1762230592268,45.600006103515625,255.39999771118164
1762230592299,45.600006103515625,255.39999771118164
1762230592328,45.600006103515625,255.39999771118164
1762230592384,45.600006103515625,256.39999771118164
1762230592411,45.600006103515625,257.39999771118164
1762230592529,45.600006103515625,258.39999771118164
1762230592712,45.600006103515625,259.39999771118164
1762230592754,45.600006103515625,259.39999771118164
1762230592767,45.600006103515625,260.39999771118164
1762230592871,45.600006103515625,261.39999771118164
1762230592925,46.600006103515625,261.39999771118164
1762230593154,46.600006103515625,261.39999771118164
1762230593494,46.600006103515625,262.39999771118164
1762230593508,47.600006103515625,263.39999771118164
1762230593515,48.600006103515625,264.39999771118164
1762230593536,49.600006103515625,265.39999771118164
1762230593543,49.600006103515625,266.39999771118164
1762230593563,49.600006103515625,267.39999771118164
1762230593585,49.600006103515625,268.39999771118164
1762230593591,50.600006103515625,269.39999771118164
1762230593612,50.600006103515625,270.39999771118164
1762230593619,51.600006103515625,270.39999771118164
1762230593626,51.600006103515625,271.39999771118164
1762230593653,51.600006103515625,272.39999771118164
1762230593662,51.600006103515625,273.39999771118164
1762230593674,51.600006103515625,274.39999771118164
1762230593680,51.600006103515625,275.39999771118164
1762230593701,51.600006103515625,276.39999771118164
1762230593708,51.600006103515625,277.39999771118164
1762230593715,51.600006103515625,278.39999771118164
1762230593735,51.600006103515625,279.39999771118164
1762230593763,51.600006103515625,280.39999771118164
1762230593783,51.600006103515625,281.39999771118164
1762230593811,51.600006103515625,282.39999771118164
1762230594294,51.600006103515625,283.39999771118164
1762230594341,51.600006103515625,284.39999771118164
1762230594352,51.600006103515625,285.39999771118164
1762230594387,51.600006103515625,286.39999771118164
1762230594421,51.600006103515625,287.39999771118164
1762230594463,51.600006103515625,288.39999771118164
1762230594497,51.600006103515625,289.39999771118164
1762230594545,51.600006103515625,290.39999771118164
1762230594581,51.600006103515625,291.39999771118164
1762230595265,51.600006103515625,290.39999771118164
1762230595286,50.600006103515625,289.39999771118164
1762230595306,50.600006103515625,288.39999771118164
1762230595320,50.600006103515625,287.39999771118164
1762230595354,50.600006103515625,287.39999771118164
1762230595381,49.600006103515625,286.39999771118164
1762230595394,49.600006103515625,285.39999771118164
1762230595418,49.600006103515625,284.39999771118164
1762230595432,49.600006103515625,283.39999771118164
1762230595440,49.600006103515625,283.39999771118164
1762230595471,49.600006103515625,282.39999771118164
1762230595505,49.600006103515625,281.39999771118164
1762230595513,49.600006103515625,280.39999771118164
1762230595543,49.600006103515625,279.39999771118164
1762230595571,49.600006103515625,279.39999771118164
1762230595733,49.600006103515625,278.39999771118164
1762230595765,49.600006103515625,277.39999771118164
1762230595772,48.600006103515625,277.39999771118164
1762230595786,48.600006103515625,276.39999771118164
1762230595884,48.600006103515625,275.39999771118164
1762230596028,47.600006103515625,275.39999771118164
1762230596085,46.600006103515625,275.39999771118164
1762230596106,46.600006103515625,275.39999771118164
1762230596556,47.600006103515625,275.39999771118164
1762230596570,53.600006103515625,278.39999771118164
1762230596577,54.600006103515625,278.39999771118164
1762230596585,57.600006103515625,279.39999771118164
1762230596592,58.600006103515625,280.39999771118164
1762230596599,60.600006103515625,280.39999771118164
1762230596606,61.600006103515625,280.39999771118164
1762230596613,64.60000610351562,281.39999771118164
1762230596620,65.60000610351562,282.39999771118164
1762230596627,67.60000610351562,283.39999771118164
1762230596634,69.60000610351562,283.39999771118164
1762230596641,70.60000610351562,284.39999771118164
1762230596648,73.60000610351562,286.39999771118164
1762230596655,76.60000610351562,287.39999771118164
1762230596662,78.60000610351562,287.39999771118164
1762230596668,82.60000610351562,289.39999771118164
1762230596675,86.60000610351562,291.39999771118164
1762230596682,90.60000610351562,291.39999771118164
1762230596689,94.60000610351562,292.39999771118164
1762230596696,98.60000610351562,294.39999771118164
1762230596703,101.60000610351562,295.39999771118164
1762230596710,102.60000610351562,295.39999771118164
1762230596717,105.60000610351562,296.39999771118164
1762230596724,106.60000610351562,296.39999771118164
1762230596731,108.60000610351562,296.39999771118164
1762230596738,109.60000610351562,296.39999771118164
1762230596747,110.60000610351562,296.39999771118164
1762230596754,112.60000610351562,296.39999771118164
1762230596761,113.60000610351562,296.39999771118164
1762230596768,114.60000610351562,296.39999771118164
1762230596774,116.60000610351562,295.39999771118164
1762230596781,118.60000610351562,295.39999771118164
1762230596788,121.60000610351562,295.39999771118164
1762230596795,124.60000610351562,295.39999771118164
1762230596802,126.60000610351562,294.39999771118164
1762230596809,128.60000610351562,293.39999771118164
1762230596815,130.60000610351562,292.39999771118164
1762230596822,132.60000610351562,292.39999771118164
1762230596830,133.60000610351562,292.39999771118164
1762230596836,135.60000610351562,292.39999771118164
1762230596843,136.60000610351562,292.39999771118164
1762230596850,137.60000610351562,291.39999771118164
1762230596870,139.60000610351562,291.39999771118164
1762230596877,140.60000610351562,291.39999771118164
1762230596884,141.60000610351562,291.39999771118164
1762230596890,143.60000610351562,290.39999771118164
1762230596898,145.60000610351562,290.39999771118164
1762230596905,147.60000610351562,290.39999771118164
1762230596912,149.60000610351562,289.39999771118164
1762230596919,151.60000610351562,289.39999771118164
1762230596926,153.60000610351562,289.39999771118164
1762230596932,154.60000610351562,288.39999771118164
1762230596940,156.60000610351562,288.39999771118164
1762230596947,157.60000610351562,288.39999771118164
1762230596953,159.60000610351562,288.39999771118164
1762230596960,161.60000610351562,288.39999771118164
1762230596967,163.60000610351562,288.39999771118164
1762230596974,165.60000610351562,288.39999771118164
1762230596980,166.60000610351562,288.39999771118164
1762230596987,167.60000610351562,287.39999771118164
1762230596995,169.60000610351562,287.39999771118164
1762230597015,171.60000610351562,287.39999771118164
1762230597029,172.60000610351562,287.39999771118164
1762230597042,173.60000610351562,287.39999771118164
1762230597070,174.60000610351562,287.39999771118164
1762230597103,175.60000610351562,287.39999771118164
1762230597167,176.60000610351562,287.39999771118164
1762230597174,177.60000610351562,287.39999771118164
1762230597207,178.60000610351562,287.39999771118164
1762230597224,179.60000610351562,287.39999771118164
1762230597231,180.60000610351562,288.39999771118164
1762230597262,181.60000610351562,288.39999771118164
1762230597333,181.60000610351562,289.39999771118164
1762230597359,182.60000610351562,289.39999771118164
1762230597364,182.60000610351562,290.39999771118164
1762230597384,183.60000610351562,290.39999771118164
1762230597392,183.60000610351562,291.39999771118164
1762230597413,184.60000610351562,292.39999771118164
1762230597447,184.60000610351562,293.39999771118164
1762230597481,184.60000610351562,294.39999771118164
1762230597502,184.60000610351562,295.39999771118164
1762230597551,184.60000610351562,296.39999771118164
1762230597578,184.60000610351562,297.39999771118164
1762230597591,184.60000610351562,298.39999771118164
1762230597627,184.60000610351562,299.39999771118164
1762230598244,185.60000610351562,299.39999771118164
1762230598265,185.60000610351562,297.39999771118164
1762230598272,185.60000610351562,297.39999771118164
1762230598286,185.60000610351562,296.39999771118164
1762230598301,185.60000610351562,295.39999771118164
1762230598314,185.60000610351562,295.39999771118164
1762230598332,185.60000610351562,294.39999771118164
1762230598355,185.60000610351562,293.39999771118164
1762230598373,185.60000610351562,292.39999771118164
1762230598386,185.60000610351562,291.39999771118164
1762230598393,185.60000610351562,291.39999771118164
1762230598418,185.60000610351562,290.39999771118164
1762230598441,185.60000610351562,289.39999771118164
1762230598466,185.60000610351562,288.39999771118164
1762230598480,185.60000610351562,287.39999771118164
1762230598508,185.60000610351562,287.39999771118164
1762230598538,185.60000610351562,286.39999771118164
1762230598545,186.60000610351562,286.39999771118164
1762230598572,186.60000610351562,285.39999771118164
1762230598584,186.60000610351562,284.39999771118164
1762230598598,187.60000610351562,284.39999771118164
1762230598606,187.60000610351562,283.39999771118164
1762230598613,187.60000610351562,283.39999771118164
1762230598648,187.60000610351562,282.39999771118164
1762230598682,187.60000610351562,281.39999771118164
1762230598695,187.60000610351562,280.39999771118164
1762230598724,187.60000610351562,279.39999771118164
1762230598758,187.60000610351562,279.39999771118164
1762230598792,187.60000610351562,278.39999771118164
1762230598800,187.60000610351562,277.39999771118164
1762230598819,187.60000610351562,276.39999771118164
1762230598841,187.60000610351562,275.39999771118164
1762230598869,187.60000610351562,275.39999771118164
1762230598883,187.60000610351562,274.39999771118164
1762230598917,187.60000610351562,273.39999771118164
1762230598950,187.60000610351562,272.39999771118164
1762230598984,187.60000610351562,271.39999771118164
1762230598997,187.60000610351562,271.39999771118164
1762230599022,187.60000610351562,270.39999771118164
1762230599030,188.60000610351562,270.39999771118164
1762230599038,188.60000610351562,269.39999771118164
1762230599046,188.60000610351562,268.39999771118164
1762230599059,188.60000610351562,267.39999771118164
1762230599077,188.60000610351562,267.39999771118164
1762230599108,188.60000610351562,266.39999771118164
1762230599155,188.60000610351562,265.39999771118164
1762230599169,188.60000610351562,264.39999771118164
1762230599204,188.60000610351562,263.39999771118164
1762230599230,188.60000610351562,263.39999771118164
1762230599245,188.60000610351562,262.39999771118164
1762230599258,189.60000610351562,261.39999771118164
1762230599272,189.60000610351562,260.39999771118164
1762230599286,189.60000610351562,259.39999771118164
1762230599306,189.60000610351562,259.39999771118164
1762230599320,189.60000610351562,258.39999771118164
1762230599334,189.60000610351562,257.39999771118164
1762230599348,189.60000610351562,256.39999771118164
1762230599368,189.60000610351562,255.39999771118164
1762230599383,189.60000610351562,255.39999771118164
1762230599391,189.60000610351562,254.39999771118164
1762230599409,189.60000610351562,253.39999771118164
1762230599423,189.60000610351562,252.39999771118164
1762230599446,189.60000610351562,251.39999771118164
1762230599453,189.60000610351562,251.39999771118164
1762230599471,189.60000610351562,250.39999771118164
1762230599506,189.60000610351562,249.39999771118164
1762230599540,189.60000610351562,248.39999771118164
1762230599550,189.60000610351562,247.39999771118164
1762230599563,189.60000610351562,247.39999771118164
1762230599571,189.60000610351562,247.39999771118164
1762230599584,189.60000610351562,246.39999771118164
1762230599592,190.60000610351562,245.39999771118164
1762230599601,190.60000610351562,244.39999771118164
1762230599609,190.60000610351562,243.39999771118164
1762230599622,190.60000610351562,243.39999771118164
1762230599656,190.60000610351562,242.39999771118164
1762230599682,190.60000610351562,241.39999771118164
1762230599697,191.60000610351562,240.39999771118164
1762230599720,191.60000610351562,239.39999771118164
1762230599753,191.60000610351562,239.39999771118164
1762230599767,191.60000610351562,238.39999771118164
1762230599801,191.60000610351562,237.39999771118164
1762230599828,191.60000610351562,236.39999771118164
1762230599841,191.60000610351562,235.39999771118164
1762230599855,190.60000610351562,235.39999771118164
1762230599863,190.60000610351562,235.39999771118164
1762230599890,190.60000610351562,234.39999771118164
1762230599924,190.60000610351562,233.39999771118164
1762230599939,189.60000610351562,233.39999771118164
1762230599952,189.60000610351562,232.39999771118164
1762230599960,189.60000610351562,231.39999771118164
1762230599969,189.60000610351562,231.39999771118164
1762230599980,189.60000610351562,231.39999771118164
1762230599994,189.60000610351562,230.39999771118164
1762230600008,189.60000610351562,229.39999771118164
1762230600022,188.60000610351562,229.39999771118164
1762230600030,188.60000610351562,228.39999771118164
1762230600043,188.60000610351562,227.39999771118164
1762230600061,187.60000610351562,227.39999771118164
1762230600074,186.60000610351562,226.39999771118164
1762230600092,186.60000610351562,224.39999771118164
1762230600105,186.60000610351562,223.39999771118164
1762230600113,185.60000610351562,223.39999771118164
1762230600127,185.60000610351562,222.39999771118164
1762230600140,185.60000610351562,221.39999771118164
1762230600157,185.60000610351562,220.39999771118164
1762230600171,185.60000610351562,219.39999771118164
1762230600199,185.60000610351562,219.39999771118164
1762230600216,185.60000610351562,218.39999771118164
1762230600232,185.60000610351562,217.39999771118164
1762230600240,185.60000610351562,216.39999771118164
1762230600253,185.60000610351562,215.39999771118164
1762230600266,185.60000610351562,215.39999771118164
1762230600293,185.60000610351562,214.39999771118164
1762230600322,185.60000610351562,213.39999771118164
1762230600335,185.60000610351562,212.39999771118164
1762230600384,185.60000610351562,211.39999771118164
1762230600411,185.60000610351562,211.39999771118164
1762230600439,185.60000610351562,210.39999771118164
1762230600488,185.60000610351562,209.39999771118164
1762230600521,185.60000610351562,208.39999771118164
1762230600543,185.60000610351562,207.39999771118164
1762230600557,185.60000610351562,207.39999771118164
1762230600566,185.60000610351562,206.39999771118164
1762230600582,185.60000610351562,205.39999771118164
1762230600596,185.60000610351562,204.39999771118164
1762230600610,185.60000610351562,203.39999771118164
1762230600620,185.60000610351562,203.39999771118164
1762230600633,185.60000610351562,202.39999771118164
1762230600647,185.60000610351562,201.39999771118164
1762230600655,184.60000610351562,201.39999771118164
1762230600663,184.60000610351562,200.39999771118164
1762230600671,184.60000610351562,199.39999771118164
1762230600680,184.60000610351562,199.39999771118164
1762230600691,184.60000610351562,198.39999771118164
1762230600700,184.60000610351562,197.39999771118164
1762230600708,184.60000610351562,196.39999771118164
1762230600726,184.60000610351562,195.39999771118164
1762230600740,184.60000610351562,195.39999771118164
1762230600754,184.60000610351562,194.39999771118164
1762230600761,184.60000610351562,193.39999771118164
1762230600774,184.60000610351562,192.39999771118164
1762230600788,184.60000610351562,191.39999771118164
1762230600802,184.60000610351562,190.39999771118164
1762230600816,184.60000610351562,189.39999771118164
1762230600829,184.60000610351562,188.39999771118164
1762230600858,184.60000610351562,187.39999771118164
1762230600877,184.60000610351562,187.39999771118164
1762230600906,184.60000610351562,186.39999771118164
1762230600933,184.60000610351562,185.39999771118164
1762230600966,184.60000610351562,184.39999771118164
1762230600980,184.60000610351562,183.39999771118164
1762230601036,184.60000610351562,183.39999771118164
1762230601044,183.60000610351562,183.39999771118164
1762230601062,183.60000610351562,182.39999771118164
1762230601077,182.60000610351562,182.39999771118164
1762230601086,182.60000610351562,181.39999771118164
1762230601096,182.60000610351562,180.39999771118164
1762230601104,182.60000610351562,179.39999771118164
1762230601119,181.60000610351562,179.39999771118164
1762230601128,181.60000610351562,178.39999771118164
1762230601145,181.60000610351562,177.39999771118164
1762230601161,181.60000610351562,176.39999771118164
1762230601179,181.60000610351562,175.39999771118164
1762230601202,181.60000610351562,174.39999771118164
1762230601216,181.60000610351562,173.39999771118164
1762230601225,181.60000610351562,172.39999771118164
1762230601234,181.60000610351562,171.39999771118164
1762230601243,181.60000610351562,171.39999771118164
1762230601253,181.60000610351562,170.39999771118164
1762230601263,181.60000610351562,169.39999771118164
1762230601271,181.60000610351562,168.39999771118164
1762230601280,181.60000610351562,167.39999771118164
1762230601289,181.60000610351562,167.39999771118164
1762230601303,181.60000610351562,166.39999771118164
1762230601316,181.60000610351562,165.39999771118164
1762230601330,181.60000610351562,164.39999771118164
1762230601344,181.60000610351562,163.39999771118164
1762230601352,181.60000610351562,163.39999771118164
1762230601376,181.60000610351562,162.39999771118164
1762230601411,181.60000610351562,161.39999771118164
1762230601524,181.60000610351562,161.39999771118164
1762230601543,180.60000610351562,161.39999771118164
1762230601584,180.60000610351562,161.39999771118164
1762230601956,180.60000610351562,160.39999771118164
1762230601973,179.60000610351562,156.39999771118164
1762230601982,178.60000610351562,154.39999771118164
1762230601988,178.60000610351562,152.39999771118164
1762230601995,177.60000610351562,151.39999771118164
1762230602002,177.60000610351562,149.39999771118164
1762230602009,177.60000610351562,147.39999771118164
1762230602030,177.60000610351562,145.39999771118164
1762230602038,177.60000610351562,144.39999771118164
1762230602044,177.60000610351562,143.39999771118164
1762230602051,176.60000610351562,143.39999771118164
1762230602058,175.60000610351562,141.39999771118164
1762230602065,175.60000610351562,139.39999771118164
1762230602073,174.60000610351562,138.39999771118164
1762230602078,173.60000610351562,136.39999771118164
1762230602086,172.60000610351562,134.39999771118164
1762230602093,170.60000610351562,131.39999771118164
1762230602099,169.60000610351562,130.39999771118164
1762230602106,169.60000610351562,127.39999771118164
1762230602113,167.60000610351562,126.39999771118164
1762230602120,166.60000610351562,124.39999771118164
1762230602127,165.60000610351562,123.39999771118164
1762230602134,165.60000610351562,121.39999771118164
1762230602141,164.60000610351562,120.39999771118164
1762230602147,163.60000610351562,119.39999771118164
1762230602168,162.60000610351562,119.39999771118164
1762230602175,162.60000610351562,118.39999771118164
1762230602188,161.60000610351562,117.39999771118164
1762230602195,161.60000610351562,116.39999771118164
1762230602202,160.60000610351562,116.39999771118164
1762230602209,160.60000610351562,115.39999771118164
1762230602216,159.60000610351562,115.39999771118164
1762230602223,158.60000610351562,114.39999771118164
1762230602230,157.60000610351562,114.39999771118164
1762230602236,157.60000610351562,113.39999771118164
1762230602243,156.60000610351562,113.39999771118164
1762230602250,156.60000610351562,112.39999771118164
1762230602257,155.60000610351562,112.39999771118164
1762230602264,154.60000610351562,111.39999771118164
1762230602271,153.60000610351562,111.39999771118164
1762230602299,152.60000610351562,111.39999771118164
1762230602305,152.60000610351562,110.39999771118164
1762230602321,152.60000610351562,109.39999771118164
1762230602328,151.60000610351562,109.39999771118164
1762230602339,150.60000610351562,109.39999771118164
1762230602369,149.60000610351562,109.39999771118164
1762230602395,148.60000610351562,109.39999771118164
1762230602411,147.60000610351562,109.39999771118164
1762230602422,146.60000610351562,109.39999771118164
1762230602439,145.60000610351562,109.39999771118164
1762230602486,144.60000610351562,109.39999771118164
1762230602504,143.60000610351562,109.39999771118164
1762230602511,142.60000610351562,108.39999771118164
1762230602517,141.60000610351562,108.39999771118164
1762230602524,140.60000610351562,108.39999771118164
1762230602531,138.60000610351562,108.39999771118164
1762230602538,136.60000610351562,108.39999771118164
1762230602545,133.60000610351562,107.39999771118164
1762230602552,132.60000610351562,107.39999771118164
1762230602559,131.60000610351562,107.39999771118164
1762230602565,130.60000610351562,107.39999771118164
1762230602573,129.60000610351562,106.39999771118164
1762230602594,128.60000610351562,106.39999771118164
1762230602613,127.60000610351562,106.39999771118164
1762230602643,126.60000610351562,106.39999771118164
1762230602662,125.60000610351562,106.39999771118164
1762230602733,124.60000610351562,106.39999771118164
1762230602863,123.60000610351562,106.39999771118164
1762230602877,122.60000610351562,106.39999771118164
1762230602888,121.60000610351562,106.39999771118164
1762230602916,120.60000610351562,106.39999771118164
1762230602922,119.60000610351562,106.39999771118164
1762230602950,118.60000610351562,106.39999771118164
1762230603006,117.60000610351562,106.39999771118164
1762230603082,116.60000610351562,106.39999771118164
1762230603115,115.60000610351562,106.39999771118164
1762230603142,114.60000610351562,106.39999771118164
1762230603653,114.60000610351562,105.39999771118164
1762230603668,114.60000610351562,103.39999771118164
1762230603677,114.60000610351562,101.39999771118164
1762230603696,114.60000610351562,100.39999771118164
1762230603703,113.60000610351562,99.39999771118164
1762230603712,113.60000610351562,98.39999771118164
1762230603731,113.60000610351562,97.39999771118164
1762230603738,113.60000610351562,96.39999771118164
1762230603746,113.60000610351562,95.39999771118164
1762230603774,113.60000610351562,94.39999771118164
1762230603808,113.60000610351562,93.39999771118164
1762230603828,113.60000610351562,92.39999771118164
1762230603849,113.60000610351562,91.39999771118164
1762230603870,113.60000610351562,90.39999771118164
1762230603877,113.60000610351562,89.39999771118164
1762230603884,114.60000610351562,87.39999771118164
1762230603896,115.60000610351562,85.39999771118164
1762230603904,116.60000610351562,83.39999771118164
1762230603911,117.60000610351562,79.39999771118164
1762230603918,118.60000610351562,76.39999771118164
1762230603925,118.60000610351562,74.39999771118164
1762230603932,119.60000610351562,72.39999771118164
1762230603939,119.60000610351562,71.39999771118164
1762230603946,119.60000610351562,70.39999771118164
1762230603958,119.60000610351562,69.39999771118164
1762230603980,119.60000610351562,68.39999771118164
1762230603993,119.60000610351562,67.39999771118164
1762230604104,119.60000610351562,68.39999771118164
1762230604120,118.60000610351562,68.39999771118164
1762230604140,118.60000610351562,69.39999771118164
1762230604150,117.60000610351562,69.39999771118164
1762230604283,116.60000610351562,69.39999771118164
1762230604301,115.60000610351562,70.39999771118164
1762230604323,115.60000610351562,71.39999771118164
1762230604447,115.60000610351562,72.39999771118164
1762230604467,114.60000610351562,72.39999771118164
1762230604607,114.60000610351562,73.39999771118164
1762230604652,113.60000610351562,73.39999771118164
1762230604674,112.60000610351562,73.39999771118164
1762230604689,111.60000610351562,74.39999771118164
1762230604699,110.60000610351562,75.39999771118164
1762230604706,109.60000610351562,75.39999771118164
1762230604777,108.60000610351562,75.39999771118164
1762230604803,108.60000610351562,76.39999771118164
1762230605586,108.60000610351562,77.39999771118164
1762230605605,109.60000610351562,78.39999771118164
1762230605633,109.60000610351562,79.39999771118164
1762230605642,109.60000610351562,79.39999771118164
1762230605667,110.60000610351562,79.39999771118164
1762230605701,111.60000610351562,79.39999771118164
1762230605735,112.60000610351562,80.39999771118164
1762230605765,113.60000610351562,80.39999771118164
1762230605783,113.60000610351562,80.39999771118164
1762230605902,114.60000610351562,80.39999771118164
1762230605934,115.60000610351562,80.39999771118164
1762230605997,116.60000610351562,80.39999771118164
1762230606022,117.60000610351562,80.39999771118164
1762230606066,117.60000610351562,80.39999771118164
1762230606128,118.60000610351562,80.39999771118164
1762230606161,119.60000610351562,80.39999771118164
1762230606188,120.60000610351562,80.39999771118164
1762230606209,120.60000610351562,79.39999771118164
1762230606218,121.60000610351562,79.39999771118164
1762230606277,121.60000610351562,79.39999771118164
1762230606286,121.60000610351562,79.39999771118164
1762230606305,122.60000610351562,79.39999771118164
1762230606313,123.60000610351562,78.39999771118164
1762230606332,123.60000610351562,77.39999771118164
1762230606342,124.60000610351562,77.39999771118164
1762230606373,125.60000610351562,77.39999771118164
1762230606704,125.60000610351562,76.39999771118164
1762230606808,124.60000610351562,76.39999771118164
1762230606909,124.60000610351562,75.39999771118164
1762230607307,124.60000610351562,75.39999771118164
1762230607960,123.60000610351562,77.39999771118164
1762230607980,121.60000610351562,83.39999771118164
1762230607987,121.60000610351562,86.39999771118164
1762230607994,121.60000610351562,87.39999771118164
1762230608001,121.60000610351562,89.39999771118164
1762230608009,121.60000610351562,91.39999771118164
1762230608015,120.60000610351562,91.39999771118164
1762230608022,120.60000610351562,92.39999771118164
1762230608029,120.60000610351562,94.39999771118164
1762230608036,120.60000610351562,95.39999771118164
1762230608043,120.60000610351562,96.39999771118164
1762230608050,120.60000610351562,98.39999771118164
1762230608057,120.60000610351562,99.39999771118164
1762230608064,119.60000610351562,102.39999771118164
1762230608071,119.60000610351562,105.39999771118164
1762230608078,119.60000610351562,110.39999771118164
1762230608085,118.60000610351562,114.39999771118164
1762230608091,118.60000610351562,119.39999771118164
1762230608099,117.60000610351562,123.39999771118164
1762230608106,117.60000610351562,126.39999771118164
1762230608113,117.60000610351562,128.39999771118164
1762230608120,117.60000610351562,131.39999771118164
1762230608127,117.60000610351562,133.39999771118164
1762230608134,117.60000610351562,135.39999771118164
1762230608140,116.60000610351562,138.39999771118164
1762230608147,116.60000610351562,141.39999771118164
1762230608154,115.60000610351562,145.39999771118164
1762230608161,114.60000610351562,150.39999771118164
1762230608169,113.60000610351562,155.39999771118164
1762230608175,113.60000610351562,160.39999771118164
1762230608182,113.60000610351562,163.39999771118164
1762230608190,112.60000610351562,167.39999771118164
1762230608195,112.60000610351562,169.39999771118164
1762230608203,112.60000610351562,171.39999771118164
1762230608210,112.60000610351562,174.39999771118164
1762230608216,112.60000610351562,177.39999771118164
1762230608224,112.60000610351562,180.39999771118164
1762230608231,112.60000610351562,185.39999771118164
1762230608238,113.60000610351562,189.39999771118164
1762230608245,113.60000610351562,194.39999771118164
1762230608251,113.60000610351562,197.39999771118164
1762230608259,114.60000610351562,199.39999771118164
1762230608266,115.60000610351562,201.39999771118164
1762230608668,116.60000610351562,203.39999771118164
1762230608683,116.60000610351562,205.39999771118164
1762230608689,117.60000610351562,211.39999771118164
1762230608696,117.60000610351562,213.39999771118164
1762230608703,118.60000610351562,217.39999771118164
1762230608710,119.60000610351562,219.39999771118164
1762230608717,119.60000610351562,222.39999771118164
1762230608724,120.60000610351562,224.39999771118164
1762230608730,120.60000610351562,227.39999771118164
1762230608738,121.60000610351562,229.39999771118164
1762230608745,121.60000610351562,231.39999771118164
1762230608751,122.60000610351562,235.39999771118164
1762230608759,123.60000610351562,239.39999771118164
1762230608765,124.60000610351562,244.39999771118164
1762230608772,124.60000610351562,247.39999771118164
1762230608779,125.60000610351562,251.39999771118164
1762230608786,125.60000610351562,253.39999771118164
1762230608793,125.60000610351562,255.39999771118164
1762230608801,125.60000610351562,256.39999771118164
1762230608807,125.60000610351562,257.39999771118164
1762230608814,125.60000610351562,258.39999771118164
1762230608821,125.60000610351562,259.39999771118164
1762230608844,125.60000610351562,260.39999771118164
1762230608850,125.60000610351562,261.39999771118164
1762230608870,125.60000610351562,262.39999771118164
1762230608891,125.60000610351562,263.39999771118164
1762230608911,125.60000610351562,264.39999771118164
1762230608932,125.60000610351562,265.39999771118164
1762230608940,125.60000610351562,266.39999771118164
1762230608968,125.60000610351562,267.39999771118164
1762230609039,124.60000610351562,267.39999771118164
1762230609188,123.60000610351562,267.39999771118164
1762230609218,122.60000610351562,267.39999771118164
1762230609250,121.60000610351562,267.39999771118164
1762230609269,119.60000610351562,267.39999771118164
1762230609276,118.60000610351562,267.39999771118164
1762230609282,117.60000610351562,267.39999771118164
1762230609300,115.60000610351562,267.39999771118164
1762230609307,114.60000610351562,267.39999771118164
1762230609314,112.60000610351562,266.39999771118164
1762230609321,109.60000610351562,266.39999771118164
1762230609328,107.60000610351562,266.39999771118164
1762230609335,106.60000610351562,266.39999771118164
1762230609342,104.60000610351562,266.39999771118164
1762230609349,104.60000610351562,265.39999771118164
1762230609356,103.60000610351562,265.39999771118164
1762230609363,101.60000610351562,265.39999771118164
1762230609384,99.60000610351562,265.39999771118164
1762230609392,98.60000610351562,265.39999771118164
1762230609400,97.60000610351562,265.39999771118164
1762230609419,95.60000610351562,265.39999771118164
1762230609426,93.60000610351562,265.39999771118164
1762230609434,91.60000610351562,265.39999771118164
1762230609440,89.60000610351562,266.39999771118164
1762230609447,88.60000610351562,266.39999771118164
1762230609454,86.60000610351562,266.39999771118164
1762230609461,85.60000610351562,267.39999771118164
1762230609468,84.60000610351562,267.39999771118164
1762230609475,83.60000610351562,267.39999771118164
1762230609482,82.60000610351562,269.39999771118164
1762230609489,81.60000610351562,271.39999771118164
1762230609496,80.60000610351562,273.39999771118164
1762230609502,79.60000610351562,277.39999771118164
1762230609509,78.60000610351562,282.39999771118164
1762230609516,77.60000610351562,287.39999771118164
1762230609523,77.60000610351562,293.39999771118164
1762230609530,77.60000610351562,298.39999771118164
1762230609537,77.60000610351562,302.39999771118164
1762230609544,76.60000610351562,307.39999771118164
1762230609551,76.60000610351562,310.39999771118164
1762230609558,76.60000610351562,314.39999771118164
1762230609564,76.60000610351562,319.39999771118164
1762230609571,76.60000610351562,323.39999771118164
1762230609577,76.60000610351562,326.39999771118164
1762230609585,76.60000610351562,330.39999771118164
1762230609592,76.60000610351562,333.39999771118164
1762230609599,77.60000610351562,335.39999771118164
1762230609606,77.60000610351562,339.39999771118164
1762230609612,78.60000610351562,343.39999771118164
1762230609619,79.60000610351562,347.39999771118164
1762230609626,79.60000610351562,351.39999771118164
1762230609633,80.60000610351562,357.39999771118164
1762230609640,80.60000610351562,363.39999771118164
1762230609647,81.60000610351562,368.39999771118164
1762230609654,81.60000610351562,373.39999771118164
1762230609661,81.60000610351562,375.39999771118164
1762230610191,87.60000610351562,380.39999771118164
1762230610203,110.60000610351562,399.39999771118164
1762230610210,131.60000610351562,415.39999771118164
1762230610216,145.60000610351562,428.39999771118164
1762230610223,158.60000610351562,439.39999771118164
1762230610230,171.60000610351562,446.39999771118164
1762230610237,188.60000610351562,454.39999771118164
1762230610244,203.60000610351562,463.39999771118164
1762230610251,213.60000610351562,469.39999771118164
1762230610258,221.60000610351562,474.39999771118164
1762230610265,229.60000610351562,479.39999771118164
1762230610272,237.60000610351562,482.39999771118164
1762230610279,245.60000610351562,485.39999771118164
1762230610287,254.60000610351562,487.39999771118164
1762230610293,261.6000061035156,488.39999771118164
1762230610616,267.6000061035156,493.39999771118164
1762230610634,281.6000061035156,504.39999771118164
1762230610640,293.6000061035156,512.3999977111816
1762230610648,301.6000061035156,519.3999977111816
1762230610655,309.6000061035156,525.3999977111816
1762230610661,313.6000061035156,529.3999977111816
1762230610668,318.6000061035156,534.3999977111816
1762230610676,321.6000061035156,538.3999977111816
1762230610682,324.6000061035156,540.3999977111816
1762230610689,325.6000061035156,543.3999977111816
1762230610696,326.6000061035156,544.3999977111816
1762230610703,328.6000061035156,545.3999977111816
1762230610710,328.6000061035156,547.3999977111816
1762230610717,329.6000061035156,547.3999977111816
1762230610723,330.6000061035156,550.3999977111816
1762230610744,331.6000061035156,552.3999977111816
1762230610758,332.6000061035156,554.3999977111816
1762230610772,333.6000061035156,555.3999977111816
1762230610786,333.6000061035156,556.3999977111816
1762230610792,333.6000061035156,557.3999977111816
1762230610799,333.6000061035156,559.3999977111816
1762230610806,332.6000061035156,560.3999977111816
1762230610813,331.6000061035156,562.3999977111816
1762230610819,329.6000061035156,565.3999977111816
1762230610827,328.6000061035156,567.3999977111816
1762230610833,325.6000061035156,571.3999977111816
1762230610841,321.6000061035156,574.3999977111816
1762230610848,317.6000061035156,577.3999977111816
1762230610854,311.6000061035156,580.3999977111816
1762230610861,305.6000061035156,583.3999977111816
1762230610868,300.6000061035156,584.3999977111816
1762230610875,295.6000061035156,586.3999977111816
1762230610882,290.6000061035156,587.3999977111816
1762230610888,285.6000061035156,587.3999977111816
1762230610895,277.6000061035156,587.3999977111816
1762230610902,268.6000061035156,584.3999977111816
1762230610909,257.6000061035156,582.3999977111816
1762230610916,245.60000610351562,576.3999977111816
1762230610922,235.60000610351562,571.3999977111816
1762230610929,226.60000610351562,565.3999977111816
1762230610936,218.60000610351562,559.3999977111816
1762230610943,213.60000610351562,555.3999977111816
1762230610950,206.60000610351562,551.3999977111816
1762230610957,201.60000610351562,548.3999977111816
1762230610964,199.60000610351562,546.3999977111816
1762230610970,197.60000610351562,544.3999977111816
1762230610977,197.60000610351562,543.3999977111816
1762230610984,196.60000610351562,541.3999977111816
1762230610991,195.60000610351562,539.3999977111816
1762230610998,195.60000610351562,535.3999977111816
1762230611005,197.60000610351562,527.3999977111816
1762230611011,202.60000610351562,521.3999977111816
1762230611018,209.60000610351562,511.39999771118164
1762230611025,220.60000610351562,501.39999771118164
1762230611032,230.60000610351562,489.39999771118164
1762230611039,245.60000610351562,476.39999771118164
1762230611046,262.6000061035156,463.39999771118164
1762230611053,281.6000061035156,452.39999771118164
1762230611060,291.6000061035156,446.39999771118164
1762230611066,297.6000061035156,442.39999771118164
1762230611074,305.6000061035156,439.39999771118164
1762230611080,313.6000061035156,435.39999771118164
1762230611087,321.6000061035156,434.39999771118164
1762230611095,329.6000061035156,432.39999771118164
1762230611101,337.6000061035156,431.39999771118164
1762230611108,344.6000061035156,431.39999771118164
1762230611114,348.6000061035156,430.39999771118164
1762230611122,353.6000061035156,430.39999771118164
1762230611129,359.6000061035156,431.39999771118164
1762230611136,365.6000061035156,431.39999771118164
1762230611142,375.6000061035156,435.39999771118164
1762230611149,385.6000061035156,439.39999771118164
1762230611156,396.6000061035156,446.39999771118164
1762230611162,404.6000061035156,453.39999771118164
1762230611170,409.6000061035156,460.39999771118164
1762230611177,416.6000061035156,465.39999771118164
1762230611184,420.6000061035156,469.39999771118164
1762230611190,422.6000061035156,472.39999771118164
1762230611197,425.6000061035156,475.39999771118164
1762230611204,426.6000061035156,476.39999771118164
1762230611210,426.6000061035156,479.39999771118164
1762230611218,427.6000061035156,480.39999771118164
1762230611224,427.6000061035156,482.39999771118164
1762230611232,426.6000061035156,484.39999771118164
1762230611239,425.6000061035156,488.39999771118164
1762230611245,421.6000061035156,492.39999771118164
1762230611252,418.6000061035156,495.39999771118164
1762230611259,415.6000061035156,499.39999771118164
1762230611266,410.6000061035156,503.39999771118164
1762230611273,405.6000061035156,506.39999771118164
1762230611280,398.6000061035156,508.39999771118164
1762230611286,390.6000061035156,511.39999771118164
1762230611293,381.6000061035156,511.39999771118164
1762230611300,373.6000061035156,511.39999771118164
1762230611307,366.6000061035156,510.39999771118164
1762230611314,360.6000061035156,507.39999771118164
1762230611321,355.6000061035156,507.39999771118164
1762230611328,349.6000061035156,503.39999771118164
1762230611335,345.6000061035156,500.39999771118164
1762230611342,343.6000061035156,498.39999771118164
1762230611348,341.6000061035156,495.39999771118164
1762230611355,338.6000061035156,493.39999771118164
1762230611363,337.6000061035156,489.39999771118164
1762230611369,336.6000061035156,486.39999771118164
1762230611376,335.6000061035156,483.39999771118164
1762230611384,335.6000061035156,475.39999771118164
1762230611390,337.6000061035156,463.39999771118164
1762230611397,341.6000061035156,451.39999771118164
1762230611404,347.6000061035156,441.39999771118164
1762230611411,351.6000061035156,434.39999771118164
1762230611418,355.6000061035156,427.39999771118164
1762230611425,358.6000061035156,423.39999771118164
1762230611432,362.6000061035156,418.39999771118164
1762230611439,366.6000061035156,412.39999771118164
1762230611447,370.6000061035156,408.39999771118164
1762230611453,374.6000061035156,407.39999771118164
1762230611462,377.6000061035156,404.39999771118164
1762230611469,380.6000061035156,403.39999771118164
1762230611474,382.6000061035156,402.39999771118164
1762230611481,385.6000061035156,401.39999771118164
1762230611488,387.6000061035156,401.39999771118164
1762230611494,389.6000061035156,401.39999771118164
1762230611501,393.6000061035156,402.39999771118164
1762230611509,396.6000061035156,404.39999771118164
1762230611516,398.6000061035156,407.39999771118164
1762230611523,400.6000061035156,409.39999771118164
1762230611530,401.6000061035156,411.39999771118164
1762230611536,402.6000061035156,414.39999771118164
1762230611544,402.6000061035156,419.39999771118164
1762230611551,400.6000061035156,428.39999771118164
1762230611557,394.6000061035156,441.39999771118164
1762230611564,384.6000061035156,460.39999771118164
1762230611571,373.6000061035156,472.39999771118164
1762230611578,367.6000061035156,480.39999771118164
1762230611585,361.6000061035156,485.39999771118164
1762230611592,358.6000061035156,489.39999771118164
1762230611599,356.6000061035156,492.39999771118164
1762230611606,354.6000061035156,494.39999771118164
1762230611613,353.6000061035156,495.39999771118164
1762230611620,352.6000061035156,496.39999771118164
1762230611627,351.6000061035156,496.39999771118164
1762230611636,350.6000061035156,496.39999771118164
1762230611671,351.6000061035156,494.39999771118164
1762230611677,353.6000061035156,489.39999771118164
1762230611684,362.6000061035156,477.39999771118164
1762230611691,383.6000061035156,450.39999771118164
1762230611698,401.6000061035156,431.39999771118164
1762230611706,413.6000061035156,420.39999771118164
1762230611711,423.6000061035156,414.39999771118164
1762230611719,434.6000061035156,407.39999771118164
1762230611725,445.6000061035156,403.39999771118164
1762230611732,453.6000061035156,399.39999771118164
1762230611739,461.6000061035156,395.39999771118164
1762230611746,467.6000061035156,394.39999771118164
1762230611753,471.6000061035156,392.39999771118164
1762230611760,475.6000061035156,392.39999771118164
1762230611767,478.6000061035156,392.39999771118164
1762230611773,481.6000061035156,392.39999771118164
1762230611781,484.6000061035156,392.39999771118164
1762230611787,487.6000061035156,393.39999771118164
1762230611794,492.6000061035156,395.39999771118164
1762230611801,496.6000061035156,396.39999771118164
1762230611808,499.6000061035156,399.39999771118164
1762230611815,503.6000061035156,402.39999771118164
1762230611821,506.6000061035156,403.39999771118164
1762230611828,508.6000061035156,407.39999771118164
1762230611835,510.6000061035156,411.39999771118164
1762230611842,512.6000061035156,417.39999771118164
1762230611849,513.6000061035156,424.39999771118164
1762230611856,513.6000061035156,434.39999771118164
1762230611864,509.6000061035156,443.39999771118164
1762230611870,497.6000061035156,457.39999771118164
1762230611877,484.6000061035156,475.39999771118164
1762230611884,469.6000061035156,489.39999771118164
1762230611891,460.6000061035156,497.39999771118164
1762230611897,450.6000061035156,502.39999771118164
1762230611904,437.6000061035156,507.39999771118164
1762230611911,423.6000061035156,510.39999771118164
1762230611918,414.6000061035156,513.3999977111816
1762230612175,431.6000061035156,518.3999977111816
1762230612190,455.6000061035156,529.3999977111816
1762230612196,465.6000061035156,534.3999977111816
1762230612203,477.6000061035156,539.3999977111816
1762230612210,490.6000061035156,546.3999977111816
1762230612217,501.6000061035156,551.3999977111816
1762230612225,507.6000061035156,554.3999977111816
1762230612231,514.6000061035156,556.3999977111816
1762230612238,521.6000061035156,559.3999977111816
1762230612244,529.6000061035156,562.3999977111816
1762230612252,537.6000061035156,563.3999977111816
1762230612258,545.6000061035156,565.3999977111816
1762230612266,553.6000061035156,565.3999977111816
1762230612273,558.6000061035156,565.3999977111816
1762230612280,565.6000061035156,565.3999977111816
1762230612287,573.6000061035156,564.3999977111816
1762230612293,582.6000061035156,562.3999977111816
1762230612301,585.6000061035156,561.3999977111816
1762230612552,596.6000061035156,561.3999977111816
1762230612564,612.6000061035156,560.3999977111816
1762230612571,616.6000061035156,559.3999977111816
1762230612578,621.6000061035156,559.3999977111816
1762230612585,626.6000061035156,558.3999977111816
1762230612592,632.6000061035156,557.3999977111816
1762230612599,637.6000061035156,555.3999977111816
1762230612606,644.6000061035156,553.3999977111816
1762230612613,649.6000061035156,551.3999977111816
1762230612619,655.6000061035156,548.3999977111816
1762230612626,660.6000061035156,546.3999977111816
1762230612634,664.6000061035156,543.3999977111816
1762230612641,666.6000061035156,540.3999977111816
1762230612647,669.6000061035156,539.3999977111816
1762230612655,671.6000061035156,536.3999977111816
1762230612662,673.6000061035156,535.3999977111816
1762230612673,674.6000061035156,534.3999977111816
1762230612679,675.6000061035156,533.3999977111816
1762230612686,676.6000061035156,533.3999977111816
1762230612692,677.6000061035156,531.3999977111816
1762230612713,678.6000061035156,531.3999977111816
1762230612731,679.6000061035156,530.3999977111816
1762230612738,680.6000061035156,529.3999977111816
1762230612745,681.6000061035156,529.3999977111816
1762230612752,684.6000061035156,528.3999977111816
1762230612759,687.6000061035156,527.3999977111816
1762230612765,692.6000061035156,526.3999977111816
1762230612772,695.6000061035156,525.3999977111816
1762230612779,698.6000061035156,524.3999977111816
1762230612787,702.6000061035156,524.3999977111816
1762230612793,705.6000061035156,523.3999977111816
1762230612800,706.6000061035156,523.3999977111816
1762230612807,707.6000061035156,523.3999977111816
1762230612814,709.6000061035156,522.3999977111816
1762230612823,710.6000061035156,522.3999977111816
1762230612830,711.6000061035156,522.3999977111816
1762230612849,713.6000061035156,522.3999977111816
1762230612856,713.6000061035156,521.3999977111816
1762230612864,716.6000061035156,520.3999977111816
1762230612871,717.6000061035156,520.3999977111816
1762230612878,721.6000061035156,520.3999977111816
1762230612885,724.6000061035156,520.3999977111816
1762230612892,729.6000061035156,519.3999977111816
1762230612899,733.6000061035156,519.3999977111816
1762230612906,737.6000061035156,519.3999977111816
1762230612912,741.6000061035156,518.3999977111816
1762230612919,743.6000061035156,518.3999977111816
1762230612926,745.6000061035156,517.3999977111816
1762230612933,747.6000061035156,517.3999977111816
1762230612940,749.6000061035156,516.3999977111816
1762230612946,751.6000061035156,516.3999977111816
1762230612954,752.6000061035156,516.3999977111816
1762230612961,753.6000061035156,516.3999977111816
1762230612980,753.6000061035156,515.3999977111816
1762230612988,754.6000061035156,515.3999977111816
1762230612994,755.6000061035156,515.3999977111816
1762230613002,756.6000061035156,515.3999977111816
1762230613022,757.6000061035156,515.3999977111816
1762230613044,758.6000061035156,515.3999977111816
1762230613064,759.6000061035156,515.3999977111816
1762230613077,760.6000061035156,515.3999977111816
1762230613105,761.6000061035156,515.3999977111816
1762230615465,761.6000061035156,515.3999977111816
1762230615487,761.6000061035156,515.3999977111816
1762230615499,762.6000061035156,515.3999977111816
1762230615540,763.6000061035156,515.3999977111816
1762230615564,763.6000061035156,514.3999977111816
1762230615583,764.6000061035156,514.3999977111816
1762230615594,764.6000061035156,513.3999977111816
1762230615604,765.6000061035156,513.3999977111816
1762230615622,765.6000061035156,513.3999977111816
1762230615635,765.6000061035156,512.3999977111816
1762230615645,767.6000061035156,511.39999771118164
1762230615661,768.6000061035156,511.39999771118164
1762230615670,769.6000061035156,511.39999771118164
1762230615680,769.6000061035156,511.39999771118164
1762230615697,769.6000061035156,511.39999771118164
1762230615849,769.6000061035156,510.39999771118164
1762230615988,769.6000061035156,509.39999771118164
1762230616034,769.6000061035156,508.39999771118164
1762230616082,769.6000061035156,507.39999771118164
1762230616102,769.6000061035156,507.39999771118164
1762230616126,769.6000061035156,506.39999771118164
1762230616161,769.6000061035156,505.39999771118164
1762230616170,769.6000061035156,504.39999771118164
1762230616226,769.6000061035156,503.39999771118164
1762230616261,769.6000061035156,503.39999771118164
1762230616288,769.6000061035156,502.39999771118164
1762230616308,769.6000061035156,501.39999771118164
1762230616461,769.6000061035156,500.39999771118164
1762230616487,769.6000061035156,499.39999771118164
1762230616521,769.6000061035156,499.39999771118164
1762230616536,769.6000061035156,498.39999771118164
1762230616569,769.6000061035156,497.39999771118164
1762230616603,769.6000061035156,497.39999771118164
1762230616654,769.6000061035156,496.39999771118164
1762230616672,769.6000061035156,495.39999771118164
1762230616685,769.6000061035156,495.39999771118164
1762230616694,768.6000061035156,495.39999771118164
1762230616723,768.6000061035156,494.39999771118164
1762230616751,768.6000061035156,493.39999771118164
1762230616795,767.6000061035156,493.39999771118164
1762230616807,767.6000061035156,492.39999771118164
1762230616817,767.6000061035156,491.39999771118164
1762230616848,767.6000061035156,491.39999771118164
1762230616878,767.6000061035156,490.39999771118164
1762230616925,767.6000061035156,489.39999771118164
1762230616954,767.6000061035156,488.39999771118164
1762230616967,767.6000061035156,487.39999771118164
1762230616988,767.6000061035156,487.39999771118164
1762230617022,767.6000061035156,486.39999771118164
1762230617105,767.6000061035156,485.39999771118164
1762230617119,767.6000061035156,484.39999771118164
1762230617133,767.6000061035156,483.39999771118164
1762230617159,767.6000061035156,483.39999771118164
1762230617193,767.6000061035156,482.39999771118164
1762230617235,767.6000061035156,481.39999771118164
1762230617276,767.6000061035156,480.39999771118164
1762230617299,767.6000061035156,479.39999771118164
1762230617323,767.6000061035156,479.39999771118164
1762230617333,767.6000061035156,478.39999771118164
1762230617348,767.6000061035156,477.39999771118164
1762230617364,767.6000061035156,476.39999771118164
1762230617390,767.6000061035156,475.39999771118164
1762230617406,767.6000061035156,475.39999771118164
1762230617433,766.6000061035156,475.39999771118164
1762230617551,766.6000061035156,474.39999771118164
1762230617584,766.6000061035156,473.39999771118164
1762230617612,766.6000061035156,472.39999771118164
1762230617626,766.6000061035156,471.39999771118164
1762230617647,766.6000061035156,471.39999771118164
1762230617681,766.6000061035156,470.39999771118164
1762230617709,766.6000061035156,469.39999771118164
1762230617728,766.6000061035156,468.39999771118164
1762230617749,766.6000061035156,467.39999771118164
1762230617765,766.6000061035156,467.39999771118164
1762230617797,766.6000061035156,466.39999771118164
1762230617813,766.6000061035156,465.39999771118164
1762230617956,765.6000061035156,465.39999771118164
1762230618464,765.6000061035156,464.39999771118164
1762230618480,765.6000061035156,463.39999771118164
1762230618491,765.6000061035156,463.39999771118164
1762230618501,765.6000061035156,462.39999771118164
1762230618517,765.6000061035156,461.39999771118164
1762230618543,765.6000061035156,460.39999771118164
1762230618573,765.6000061035156,459.39999771118164
1762230618586,765.6000061035156,459.39999771118164
1762230618682,764.6000061035156,459.39999771118164
1762230618745,764.6000061035156,459.39999771118164
1762230618765,764.6000061035156,459.39999771118164
1762230619082,765.6000061035156,459.39999771118164
1762230619092,767.6000061035156,460.39999771118164
1762230619098,769.6000061035156,460.39999771118164
1762230619105,771.6000061035156,461.39999771118164
1762230619114,772.6000061035156,461.39999771118164
1762230619120,773.6000061035156,461.39999771118164
1762230619127,774.6000061035156,461.39999771118164
1762230619134,775.6000061035156,461.39999771118164
1762230619141,776.6000061035156,461.39999771118164
1762230619148,777.6000061035156,461.39999771118164
1762230619156,778.6000061035156,461.39999771118164
1762230619176,779.6000061035156,461.39999771118164
1762230619183,780.6000061035156,461.39999771118164
1762230619204,781.6000061035156,461.39999771118164
1762230619224,782.6000061035156,461.39999771118164
1762230619231,782.6000061035156,460.39999771118164
1762230619238,783.6000061035156,460.39999771118164
1762230619246,784.6000061035156,460.39999771118164
1762230619252,785.6000061035156,459.39999771118164
1762230619280,786.6000061035156,459.39999771118164
1762230619301,787.6000061035156,459.39999771118164
1762230619312,787.6000061035156,458.39999771118164
1762230619314,788.6000061035156,458.39999771118164
1762230619349,789.6000061035156,458.39999771118164
1762230619362,789.6000061035156,457.39999771118164
1762230619384,789.6000061035156,456.39999771118164
1762230619392,790.6000061035156,456.39999771118164
1762230619403,791.6000061035156,456.39999771118164
1762230619409,791.6000061035156,455.39999771118164
1762230619417,792.6000061035156,455.39999771118164
1762230619432,793.6000061035156,455.39999771118164
1762230619478,794.6000061035156,455.39999771118164
1762230619506,794.6000061035156,454.39999771118164
1762230619557,795.6000061035156,454.39999771118164
1762230619605,795.6000061035156,453.39999771118164
1762230619646,795.6000061035156,452.39999771118164
1762230619651,796.6000061035156,452.39999771118164
1762230619658,797.6000061035156,452.39999771118164
1762230619663,797.6000061035156,451.39999771118164
1762230619685,799.6000061035156,450.39999771118164
1762230619704,800.6000061035156,450.39999771118164
1762230619711,801.6000061035156,449.39999771118164
1762230619718,802.6000061035156,448.39999771118164
1762230619725,803.6000061035156,448.39999771118164
1762230619732,804.6000061035156,447.39999771118164
1762230619753,805.6000061035156,447.39999771118164
1762230620362,804.6000061035156,448.39999771118164
1762230620376,802.6000061035156,453.39999771118164
1762230620386,801.6000061035156,455.39999771118164
1762230620397,801.6000061035156,457.39999771118164
1762230620411,801.6000061035156,459.39999771118164
1762230620424,800.6000061035156,459.39999771118164
1762230620438,800.6000061035156,461.39999771118164
1762230620452,800.6000061035156,462.39999771118164
1762230620466,800.6000061035156,463.39999771118164
1762230620475,800.6000061035156,463.39999771118164
1762230620485,799.6000061035156,463.39999771118164
1762230620495,799.6000061035156,464.39999771118164
1762230620514,799.6000061035156,465.39999771118164
1762230620557,799.6000061035156,466.39999771118164
1762230620618,799.6000061035156,467.39999771118164
1762230620635,799.6000061035156,467.39999771118164
1762230620668,799.6000061035156,468.39999771118164
1762230620686,799.6000061035156,469.39999771118164
1762230620724,799.6000061035156,470.39999771118164
1762230620741,799.6000061035156,471.39999771118164
1762230620782,799.6000061035156,471.39999771118164
1762230620814,799.6000061035156,472.39999771118164
1762230620829,799.6000061035156,473.39999771118164
1762230620839,799.6000061035156,474.39999771118164
1762230620855,799.6000061035156,475.39999771118164
1762230620869,799.6000061035156,475.39999771118164
1762230620884,799.6000061035156,476.39999771118164
1762230620894,799.6000061035156,477.39999771118164
1762230620911,799.6000061035156,478.39999771118164
1762230620925,799.6000061035156,479.39999771118164
1762230620940,799.6000061035156,479.39999771118164
1762230620949,799.6000061035156,480.39999771118164
1762230620960,799.6000061035156,481.39999771118164
1762230620973,799.6000061035156,482.39999771118164
1762230621001,799.6000061035156,483.39999771118164
1762230621029,799.6000061035156,484.39999771118164
1762230621050,799.6000061035156,485.39999771118164
1762230621063,799.6000061035156,486.39999771118164
1762230621073,799.6000061035156,487.39999771118164
1762230621084,799.6000061035156,487.39999771118164
1762230621104,799.6000061035156,488.39999771118164
1762230621133,799.6000061035156,489.39999771118164
1762230621152,799.6000061035156,490.39999771118164
1762230621172,799.6000061035156,491.39999771118164
1762230621189,799.6000061035156,491.39999771118164
1762230621204,799.6000061035156,492.39999771118164
1762230621216,799.6000061035156,493.39999771118164
1762230621226,799.6000061035156,494.39999771118164
1762230621236,799.6000061035156,495.39999771118164
1762230621251,800.6000061035156,495.39999771118164
1762230621268,800.6000061035156,496.39999771118164
1762230621278,800.6000061035156,497.39999771118164
1762230621293,800.6000061035156,498.39999771118164
1762230621309,800.6000061035156,499.39999771118164
1762230621335,800.6000061035156,499.39999771118164
1762230621345,800.6000061035156,500.39999771118164
1762230621383,800.6000061035156,501.39999771118164
1762230621411,800.6000061035156,502.39999771118164
1762230621438,800.6000061035156,503.39999771118164
1762230621449,800.6000061035156,503.39999771118164
1762230621460,801.6000061035156,504.39999771118164
1762230621489,801.6000061035156,505.39999771118164
1762230621523,801.6000061035156,506.39999771118164
1762230621536,801.6000061035156,507.39999771118164
1762230621570,801.6000061035156,507.39999771118164
1762230621598,801.6000061035156,508.39999771118164
1762230621633,801.6000061035156,509.39999771118164
1762230621647,801.6000061035156,510.39999771118164
1762230621674,801.6000061035156,511.39999771118164
1762230621709,801.6000061035156,511.39999771118164
1762230621742,801.6000061035156,512.3999977111816
1762230621797,801.6000061035156,513.3999977111816
1762230622011,801.6000061035156,514.3999977111816
1762230622029,801.6000061035156,514.3999977111816
1762230623335,801.6000061035156,515.3999977111816
1762230623355,800.6000061035156,518.3999977111816
1762230623366,800.6000061035156,519.3999977111816
1762230623377,800.6000061035156,519.3999977111816
1762230623388,800.6000061035156,520.3999977111816
1762230623398,800.6000061035156,521.3999977111816
1762230623416,800.6000061035156,522.3999977111816
1762230623450,800.6000061035156,523.3999977111816
1762230623605,800.6000061035156,523.3999977111816
1762230625730,802.6000061035156,523.3999977111816
1762230625752,817.6000061035156,522.3999977111816
1762230625759,821.6000061035156,521.3999977111816
1762230625765,825.6000061035156,521.3999977111816
1762230625772,828.6000061035156,521.3999977111816
1762230625779,830.6000061035156,521.3999977111816
1762230625786,833.6000061035156,521.3999977111816
1762230625793,837.6000061035156,521.3999977111816
1762230625800,842.6000061035156,521.3999977111816
1762230625807,849.6000061035156,520.3999977111816
1762230625814,856.6000061035156,519.3999977111816
1762230625821,865.6000061035156,519.3999977111816
1762230625828,873.6000061035156,518.3999977111816
1762230625835,885.6000061035156,516.3999977111816
1762230628871,895.6000061035156,531.3999977111816
1762230628877,892.6000061035156,531.3999977111816
1762230628884,889.6000061035156,530.3999977111816
1762230628891,888.6000061035156,530.3999977111816
1762230628898,887.6000061035156,530.3999977111816
1762230628904,886.6000061035156,530.3999977111816
1762230628913,885.6000061035156,530.3999977111816
1762230629156,882.6000061035156,536.3999977111816
1762230629169,872.6000061035156,555.3999977111816
1762230629176,867.6000061035156,560.3999977111816
1762230629182,863.6000061035156,566.3999977111816
1762230629189,860.6000061035156,570.3999977111816
1762230629196,857.6000061035156,574.3999977111816
1762230629203,857.6000061035156,575.3999977111816
1762230629210,854.6000061035156,578.3999977111816
1762230629217,853.6000061035156,580.3999977111816
1762230629224,853.6000061035156,581.3999977111816
1762230629231,852.6000061035156,582.3999977111816
1762230629238,851.6000061035156,583.3999977111816
1762230629249,850.6000061035156,584.3999977111816
1762230629255,849.6000061035156,585.3999977111816
1762230629262,849.6000061035156,586.3999977111816
1762230629269,849.6000061035156,587.3999977111816
1762230629286,847.6000061035156,589.3999977111816
1762230629293,846.6000061035156,591.3999977111816
1762230629300,845.6000061035156,591.3999977111816
1762230629307,845.6000061035156,592.3999977111816
1762230629317,844.6000061035156,593.3999977111816
1762230629335,843.6000061035156,594.3999977111816
1762230629342,842.6000061035156,595.3999977111816
1762230629352,841.6000061035156,596.3999977111816
1762230629370,840.6000061035156,597.3999977111816
1762230629377,839.6000061035156,598.3999977111816
1762230629384,838.6000061035156,599.3999977111816
1762230629391,837.6000061035156,599.3999977111816
1762230629398,837.6000061035156,601.3999977111816
1762230629405,835.6000061035156,602.3999977111816
1762230629412,834.6000061035156,603.3999977111816
1762230629419,833.6000061035156,603.3999977111816
-1,-1,-1
1762230564260,144.60000610351562,144.39999771118164
1762230564458,142.60000610351562,144.39999771118164
1762230564467,139.60000610351562,147.39999771118164
1762230564473,135.60000610351562,148.39999771118164
1762230564480,131.60000610351562,151.39999771118164
1762230564487,128.60000610351562,153.39999771118164
1762230564494,125.60000610351562,155.39999771118164
1762230564501,124.60000610351562,156.39999771118164
1762230564509,122.60000610351562,157.39999771118164
1762230564515,121.60000610351562,158.39999771118164
1762230564522,121.60000610351562,159.39999771118164
1762230564529,120.60000610351562,159.39999771118164
1762230564539,119.60000610351562,160.39999771118164
1762230564546,119.60000610351562,161.39999771118164
1762230564553,118.60000610351562,162.39999771118164
1762230564560,117.60000610351562,163.39999771118164
1762230564566,117.60000610351562,163.39999771118164
1762230564573,117.60000610351562,164.39999771118164
1762230564580,116.60000610351562,165.39999771118164
1762230564587,116.60000610351562,166.39999771118164
1762230564595,116.60000610351562,167.39999771118164
1762230564601,116.60000610351562,167.39999771118164
1762230564608,115.60000610351562,167.39999771118164
1762230564619,115.60000610351562,169.39999771118164
1762230564640,115.60000610351562,170.39999771118164
1762230564649,115.60000610351562,171.39999771118164
1762230564668,115.60000610351562,171.39999771118164
1762230564675,115.60000610351562,172.39999771118164
1762230564683,115.60000610351562,173.39999771118164
1762230564690,115.60000610351562,175.39999771118164
1762230564697,115.60000610351562,175.39999771118164
1762230564704,115.60000610351562,176.39999771118164
1762230564711,116.60000610351562,178.39999771118164
1762230564718,116.60000610351562,179.39999771118164
1762230564725,117.60000610351562,179.39999771118164
1762230564731,117.60000610351562,180.39999771118164
1762230564738,118.60000610351562,181.39999771118164
1762230564745,120.60000610351562,182.39999771118164
1762230564752,121.60000610351562,183.39999771118164
1762230564759,123.60000610351562,184.39999771118164
1762230564766,125.60000610351562,185.39999771118164
1762230564779,127.60000610351562,186.39999771118164
1762230564786,129.60000610351562,187.39999771118164
1762230564793,129.60000610351562,187.39999771118164
1762230564800,130.60000610351562,187.39999771118164
1762230564806,132.60000610351562,187.39999771118164
1762230564815,133.60000610351562,187.39999771118164
1762230564821,133.60000610351562,188.39999771118164
1762230564828,134.60000610351562,188.39999771118164
1762230564835,134.60000610351562,189.39999771118164
1762230564855,135.60000610351562,189.39999771118164
1762230564862,136.60000610351562,189.39999771118164
1762230564869,137.60000610351562,189.39999771118164
1762230564891,137.60000610351562,189.39999771118164
1762230564904,138.60000610351562,189.39999771118164
1762230564918,139.60000610351562,189.39999771118164
1762230564945,140.60000610351562,189.39999771118164
1762230564958,141.60000610351562,189.39999771118164
1762230564980,141.60000610351562,188.39999771118164
1762230564987,142.60000610351562,188.39999771118164
1762230564994,143.60000610351562,187.39999771118164
1762230565015,144.60000610351562,187.39999771118164
1762230565036,145.60000610351562,186.39999771118164
1762230565061,145.60000610351562,186.39999771118164
1762230565070,145.60000610351562,185.39999771118164
1762230565091,145.60000610351562,184.39999771118164
1762230565119,145.60000610351562,183.39999771118164
1762230565126,145.60000610351562,183.39999771118164
1762230565133,145.60000610351562,182.39999771118164
1762230565140,145.60000610351562,181.39999771118164
1762230565147,145.60000610351562,180.39999771118164
1762230565154,145.60000610351562,179.39999771118164
1762230565161,145.60000610351562,178.39999771118164
1762230565168,145.60000610351562,177.39999771118164
1762230565174,145.60000610351562,176.39999771118164
1762230565181,145.60000610351562,175.39999771118164
1762230565189,145.60000610351562,174.39999771118164
1762230565195,145.60000610351562,173.39999771118164
1762230565202,145.60000610351562,172.39999771118164
1762230565211,145.60000610351562,171.39999771118164
1762230565218,145.60000610351562,171.39999771118164
1762230565240,145.60000610351562,170.39999771118164
1762230565246,145.60000610351562,169.39999771118164
1762230565258,145.60000610351562,168.39999771118164
1762230565267,145.60000610351562,167.39999771118164
1762230565273,145.60000610351562,167.39999771118164
1762230565280,145.60000610351562,166.39999771118164
1762230565300,145.60000610351562,164.39999771118164
1762230565306,145.60000610351562,164.39999771118164
1762230565313,145.60000610351562,163.39999771118164
1762230565321,144.60000610351562,163.39999771118164
1762230565327,144.60000610351562,163.39999771118164
1762230565335,143.60000610351562,162.39999771118164
1762230565342,142.60000610351562,161.39999771118164
1762230565364,141.60000610351562,160.39999771118164
1762230565383,141.60000610351562,160.39999771118164
1762230565390,140.60000610351562,159.39999771118164
1762230565412,139.60000610351562,159.39999771118164
1762230565432,138.60000610351562,159.39999771118164
1762230565438,137.60000610351562,159.39999771118164
1762230565459,137.60000610351562,159.39999771118164
1762230565466,135.60000610351562,159.39999771118164
1762230565487,134.60000610351562,159.39999771118164
1762230565494,133.60000610351562,160.39999771118164
1762230565501,133.60000610351562,161.39999771118164
1762230565514,133.60000610351562,162.39999771118164
1762230565522,132.60000610351562,163.39999771118164
1762230565529,131.60000610351562,163.39999771118164
1762230565536,131.60000610351562,165.39999771118164
1762230565543,131.60000610351562,167.39999771118164
1762230565550,131.60000610351562,169.39999771118164
1762230565557,132.60000610351562,171.39999771118164
1762230565563,133.60000610351562,174.39999771118164
1762230565570,133.60000610351562,176.39999771118164
1762230565577,135.60000610351562,178.39999771118164
1762230565584,136.60000610351562,179.39999771118164
1762230565591,137.60000610351562,181.39999771118164
1762230565598,137.60000610351562,182.39999771118164
1762230565605,137.60000610351562,183.39999771118164
1762230565612,138.60000610351562,183.39999771118164
1762230565619,139.60000610351562,184.39999771118164
1762230565631,140.60000610351562,185.39999771118164
1762230565643,141.60000610351562,186.39999771118164
1762230565661,141.60000610351562,186.39999771118164
1762230565668,142.60000610351562,186.39999771118164
1762230565675,143.60000610351562,186.39999771118164
1762230565681,144.60000610351562,185.39999771118164
1762230565688,145.60000610351562,184.39999771118164
1762230565695,146.60000610351562,183.39999771118164
1762230565702,148.60000610351562,181.39999771118164
1762230565709,149.60000610351562,179.39999771118164
1762230565716,150.60000610351562,178.39999771118164
1762230565723,150.60000610351562,176.39999771118164
1762230565730,151.60000610351562,175.39999771118164
1762230565737,151.60000610351562,175.39999771118164
1762230565744,152.60000610351562,173.39999771118164
1762230565754,152.60000610351562,172.39999771118164
1762230565760,152.60000610351562,171.39999771118164
1762230565767,152.60000610351562,171.39999771118164
1762230565786,152.60000610351562,170.39999771118164
1762230565793,152.60000610351562,169.39999771118164
1762230565800,152.60000610351562,168.39999771118164
1762230565806,152.60000610351562,167.39999771118164
1762230565815,151.60000610351562,167.39999771118164
1762230565822,151.60000610351562,166.39999771118164
1762230565837,149.60000610351562,164.39999771118164
1762230565855,149.60000610351562,164.39999771118164
1762230565862,147.60000610351562,163.39999771118164
1762230565869,146.60000610351562,163.39999771118164
1762230565876,145.60000610351562,163.39999771118164
1762230565890,145.60000610351562,163.39999771118164
1762230565897,144.60000610351562,163.39999771118164
1762230565918,143.60000610351562,163.39999771118164
1762230565924,142.60000610351562,163.39999771118164
1762230565931,142.60000610351562,163.39999771118164
1762230565938,141.60000610351562,165.39999771118164
1762230565945,141.60000610351562,167.39999771118164
1762230565952,139.60000610351562,170.39999771118164
1762230565959,138.60000610351562,175.39999771118164
1762230565966,138.60000610351562,177.39999771118164
1762230565973,138.60000610351562,179.39999771118164
1762230565981,138.60000610351562,181.39999771118164
1762230565987,138.60000610351562,183.39999771118164
1762230565994,138.60000610351562,183.39999771118164
1762230566015,138.60000610351562,184.39999771118164
1762230566022,140.60000610351562,184.39999771118164
1762230566037,141.60000610351562,184.39999771118164
1762230566043,141.60000610351562,184.39999771118164
1762230566050,142.60000610351562,184.39999771118164
1762230566056,144.60000610351562,183.39999771118164
1762230566063,145.60000610351562,181.39999771118164
1762230566070,146.60000610351562,179.39999771118164
1762230566077,147.60000610351562,178.39999771118164
1762230566084,148.60000610351562,176.39999771118164
1762230566091,149.60000610351562,174.39999771118164
1762230566098,149.60000610351562,172.39999771118164
1762230566105,149.60000610351562,171.39999771118164
1762230566112,149.60000610351562,171.39999771118164
1762230566119,149.60000610351562,169.39999771118164
1762230566131,149.60000610351562,168.39999771118164
1762230566140,149.60000610351562,167.39999771118164
1762230566161,149.60000610351562,167.39999771118164
1762230566168,149.60000610351562,166.39999771118164
1762230566180,149.60000610351562,165.39999771118164
1762230566207,147.60000610351562,163.39999771118164
1762230566216,146.60000610351562,163.39999771118164
1762230566223,145.60000610351562,163.39999771118164
1762230566230,145.60000610351562,163.39999771118164
1762230566238,144.60000610351562,162.39999771118164
1762230566244,143.60000610351562,162.39999771118164
1762230566251,142.60000610351562,162.39999771118164
1762230566258,142.60000610351562,161.39999771118164
1762230566265,141.60000610351562,161.39999771118164
1762230566275,141.60000610351562,161.39999771118164
1762230566293,140.60000610351562,161.39999771118164
1762230566303,139.60000610351562,161.39999771118164
1762230566338,138.60000610351562,161.39999771118164
1762230566344,138.60000610351562,162.39999771118164
1762230566357,138.60000610351562,163.39999771118164
1762230566376,138.60000610351562,164.39999771118164
1762230566385,138.60000610351562,165.39999771118164
1762230566392,138.60000610351562,166.39999771118164
1762230566411,138.60000610351562,167.39999771118164
1762230566417,138.60000610351562,167.39999771118164
1762230566426,138.60000610351562,168.39999771118164
1762230566433,139.60000610351562,168.39999771118164
1762230566440,139.60000610351562,169.39999771118164
1762230566536,139.60000610351562,167.39999771118164
1762230566543,138.60000610351562,167.39999771118164
1762230566549,137.60000610351562,167.39999771118164
1762230566556,137.60000610351562,166.39999771118164
1762230566578,137.60000610351562,166.39999771118164
1762230566584,136.60000610351562,165.39999771118164
1762230566591,135.60000610351562,165.39999771118164
1762230566619,134.60000610351562,165.39999771118164
1762230566626,133.60000610351562,165.39999771118164
1762230566633,133.60000610351562,165.39999771118164
1762230566646,132.60000610351562,165.39999771118164
1762230566660,130.60000610351562,167.39999771118164
1762230566668,129.60000610351562,168.39999771118164
1762230566674,129.60000610351562,170.39999771118164
1762230566682,128.60000610351562,172.39999771118164
1762230566688,128.60000610351562,175.39999771118164
1762230566695,128.60000610351562,178.39999771118164
1762230566702,127.60000610351562,180.39999771118164
1762230566710,127.60000610351562,182.39999771118164
1762230566716,127.60000610351562,183.39999771118164
1762230566723,127.60000610351562,185.39999771118164
1762230566730,127.60000610351562,186.39999771118164
1762230566737,127.60000610351562,187.39999771118164
1762230566749,128.60000610351562,188.39999771118164
1762230566762,129.60000610351562,189.39999771118164
1762230566772,129.60000610351562,189.39999771118164
1762230566779,130.60000610351562,190.39999771118164
1762230566786,131.60000610351562,190.39999771118164
1762230566793,132.60000610351562,190.39999771118164
1762230566800,133.60000610351562,190.39999771118164
1762230566806,133.60000610351562,190.39999771118164
1762230566817,135.60000610351562,190.39999771118164
1762230566835,136.60000610351562,190.39999771118164
1762230566845,136.60000610351562,189.39999771118164
1762230566852,137.60000610351562,188.39999771118164
1762230566862,137.60000610351562,187.39999771118164
1762230566869,137.60000610351562,186.39999771118164
1762230566876,137.60000610351562,183.39999771118164
1762230566883,137.60000610351562,182.39999771118164
1762230566890,137.60000610351562,179.39999771118164
1762230566897,137.60000610351562,178.39999771118164
1762230566904,137.60000610351562,175.39999771118164
1762230566911,137.60000610351562,174.39999771118164
1762230566917,137.60000610351562,173.39999771118164
1762230566925,136.60000610351562,171.39999771118164
1762230566932,136.60000610351562,171.39999771118164
1762230566938,135.60000610351562,170.39999771118164
1762230566945,135.60000610351562,169.39999771118164
1762230566954,134.60000610351562,167.39999771118164
1762230566961,133.60000610351562,167.39999771118164
1762230566968,133.60000610351562,167.39999771118164
1762230566975,133.60000610351562,167.39999771118164
1762230566987,133.60000610351562,166.39999771118164
1762230566996,132.60000610351562,166.39999771118164
1762230567003,132.60000610351562,165.39999771118164
1762230567022,132.60000610351562,164.39999771118164
1762230567029,131.60000610351562,164.39999771118164
1762230567037,130.60000610351562,164.39999771118164
1762230567073,129.60000610351562,165.39999771118164
1762230567098,129.60000610351562,166.39999771118164
1762230567106,129.60000610351562,167.39999771118164
1762230567133,129.60000610351562,167.39999771118164
1762230567140,131.60000610351562,168.39999771118164
1762230567147,132.60000610351562,168.39999771118164
1762230567154,133.60000610351562,169.39999771118164
1762230567175,134.60000610351562,169.39999771118164
1762230567181,135.60000610351562,169.39999771118164
1762230567188,136.60000610351562,169.39999771118164
1762230567209,137.60000610351562,169.39999771118164
1762230567222,137.60000610351562,168.39999771118164
1762230567230,137.60000610351562,167.39999771118164
1762230567237,137.60000610351562,167.39999771118164
1762230567244,137.60000610351562,166.39999771118164
1762230567251,137.60000610351562,165.39999771118164
1762230567258,137.60000610351562,164.39999771118164
1762230567266,137.60000610351562,163.39999771118164
1762230567273,137.60000610351562,163.39999771118164
1762230567281,137.60000610351562,162.39999771118164
1762230567288,137.60000610351562,161.39999771118164
1762230567295,137.60000610351562,160.39999771118164
1762230567300,135.60000610351562,160.39999771118164
1762230567306,135.60000610351562,159.39999771118164
1762230567313,134.60000610351562,159.39999771118164
1762230567331,133.60000610351562,159.39999771118164
1762230567338,132.60000610351562,158.39999771118164
1762230567345,130.60000610351562,158.39999771118164
1762230567356,129.60000610351562,158.39999771118164
1762230567362,129.60000610351562,158.39999771118164
1762230567369,127.60000610351562,158.39999771118164
1762230567376,127.60000610351562,159.39999771118164
1762230567383,125.60000610351562,159.39999771118164
1762230567390,125.60000610351562,160.39999771118164
1762230567397,124.60000610351562,161.39999771118164
1762230567404,124.60000610351562,162.39999771118164
1762230567411,122.60000610351562,163.39999771118164
1762230567418,122.60000610351562,164.39999771118164
1762230567425,122.60000610351562,165.39999771118164
1762230567431,121.60000610351562,167.39999771118164
1762230567439,121.60000610351562,167.39999771118164
1762230567445,121.60000610351562,169.39999771118164
1762230567453,121.60000610351562,170.39999771118164
1762230567459,121.60000610351562,171.39999771118164
1762230567466,121.60000610351562,171.39999771118164
1762230567473,121.60000610351562,172.39999771118164
1762230567481,121.60000610351562,173.39999771118164
1762230567487,121.60000610351562,173.39999771118164
1762230567495,123.60000610351562,173.39999771118164
1762230567501,125.60000610351562,173.39999771118164
1762230567508,129.60000610351562,173.39999771118164
1762230567515,133.60000610351562,171.39999771118164
1762230567522,136.60000610351562,170.39999771118164
1762230567529,138.60000610351562,169.39999771118164
1762230567536,139.60000610351562,168.39999771118164
1762230567544,141.60000610351562,167.39999771118164
1762230567558,141.60000610351562,166.39999771118164
1762230567567,143.60000610351562,165.39999771118164
1762230567591,143.60000610351562,164.39999771118164
1762230567600,143.60000610351562,163.39999771118164
1762230567684,142.60000610351562,163.39999771118164
1762230567689,141.60000610351562,164.39999771118164
1762230567697,141.60000610351562,165.39999771118164
1762230567702,140.60000610351562,166.39999771118164
1762230567716,137.60000610351562,171.39999771118164
1762230567724,135.60000610351562,174.39999771118164
1762230567730,135.60000610351562,175.39999771118164
1762230567737,134.60000610351562,178.39999771118164
1762230567745,133.60000610351562,179.39999771118164
1762230567765,133.60000610351562,181.39999771118164
1762230567775,133.60000610351562,182.39999771118164
1762230567805,133.60000610351562,182.39999771118164
1762230567813,135.60000610351562,182.39999771118164
1762230567820,137.60000610351562,180.39999771118164
1762230567827,141.60000610351562,178.39999771118164
1762230567834,143.60000610351562,175.39999771118164
1762230567841,145.60000610351562,172.39999771118164
1762230567850,147.60000610351562,171.39999771118164
1762230567860,149.60000610351562,166.39999771118164
1762230567870,149.60000610351562,165.39999771118164
1762230567878,150.60000610351562,164.39999771118164
1762230567883,150.60000610351562,163.39999771118164
1762230567890,150.60000610351562,162.39999771118164
1762230567897,150.60000610351562,161.39999771118164
1762230567911,150.60000610351562,160.39999771118164
1762230567922,150.60000610351562,159.39999771118164
1762230567936,150.60000610351562,159.39999771118164
1762230567967,149.60000610351562,159.39999771118164
1762230567977,149.60000610351562,159.39999771118164
1762230567987,148.60000610351562,159.39999771118164
1762230567997,147.60000610351562,159.39999771118164
1762230568008,145.60000610351562,159.39999771118164
1762230568015,145.60000610351562,159.39999771118164
1762230568022,144.60000610351562,160.39999771118164
1762230568029,143.60000610351562,161.39999771118164
1762230568036,142.60000610351562,162.39999771118164
1762230568043,141.60000610351562,163.39999771118164
1762230568052,141.60000610351562,164.39999771118164
1762230568056,141.60000610351562,165.39999771118164
1762230568063,140.60000610351562,166.39999771118164
1762230568071,140.60000610351562,167.39999771118164
1762230568085,139.60000610351562,168.39999771118164
1762230568095,139.60000610351562,169.39999771118164
1762230568105,139.60000610351562,170.39999771118164
1762230568122,139.60000610351562,171.39999771118164
1762230568177,139.60000610351562,170.39999771118164
1762230568183,139.60000610351562,169.39999771118164
1762230568193,139.60000610351562,168.39999771118164
1762230568197,139.60000610351562,167.39999771118164
1762230568205,139.60000610351562,167.39999771118164
1762230568215,139.60000610351562,166.39999771118164
1762230568226,139.60000610351562,164.39999771118164
1762230568244,139.60000610351562,163.39999771118164
1762230568249,138.60000610351562,163.39999771118164
1762230568258,138.60000610351562,163.39999771118164
1762230568266,138.60000610351562,162.39999771118164
1762230568292,137.60000610351562,161.39999771118164
1762230568321,137.60000610351562,161.39999771118164
1762230568348,136.60000610351562,161.39999771118164
1762230568383,135.60000610351562,161.39999771118164
1762230568403,134.60000610351562,161.39999771118164
1762230568411,133.60000610351562,161.39999771118164
1762230568425,133.60000610351562,161.39999771118164
1762230568432,132.60000610351562,161.39999771118164
1762230568444,131.60000610351562,161.39999771118164
1762230568453,130.60000610351562,161.39999771118164
1762230568464,129.60000610351562,161.39999771118164
1762230568499,129.60000610351562,161.39999771118164
1762230568540,129.60000610351562,160.39999771118164
1762230568549,129.60000610351562,159.39999771118164
1762230568556,129.60000610351562,159.39999771118164
1762230568563,129.60000610351562,158.39999771118164
1762230568571,129.60000610351562,157.39999771118164
1762230568578,129.60000610351562,156.39999771118164
1762230568590,129.60000610351562,155.39999771118164
1762230568595,129.60000610351562,154.39999771118164
1762230568608,129.60000610351562,153.39999771118164
1762230568619,129.60000610351562,153.39999771118164
1762230568626,129.60000610351562,151.39999771118164
1762230568636,130.60000610351562,151.39999771118164
1762230568647,131.60000610351562,151.39999771118164
1762230568656,132.60000610351562,150.39999771118164
1762230568663,133.60000610351562,149.39999771118164
1762230568670,133.60000610351562,149.39999771118164
1762230568689,134.60000610351562,149.39999771118164
1762230568695,135.60000610351562,149.39999771118164
1762230568702,136.60000610351562,149.39999771118164
1762230568709,137.60000610351562,149.39999771118164
1762230568716,137.60000610351562,149.39999771118164
1762230568723,138.60000610351562,150.39999771118164
1762230568730,140.60000610351562,150.39999771118164
1762230568737,140.60000610351562,151.39999771118164
1762230568744,141.60000610351562,151.39999771118164
1762230568752,141.60000610351562,151.39999771118164
1762230568759,142.60000610351562,152.39999771118164
1762230568779,142.60000610351562,153.39999771118164
1762230568786,142.60000610351562,154.39999771118164
1762230568807,142.60000610351562,155.39999771118164
1762230568813,142.60000610351562,155.39999771118164
1762230568820,142.60000610351562,156.39999771118164
1762230568828,141.60000610351562,157.39999771118164
1762230568837,141.60000610351562,158.39999771118164
1762230568842,140.60000610351562,158.39999771118164
1762230568850,139.60000610351562,159.39999771118164
1762230568876,138.60000610351562,159.39999771118164
1762230568886,137.60000610351562,159.39999771118164
1762230568897,137.60000610351562,160.39999771118164
1762230568911,136.60000610351562,160.39999771118164
1762230568931,135.60000610351562,160.39999771118164
1762230568952,134.60000610351562,160.39999771118164
1762230568959,134.60000610351562,159.39999771118164
1762230568966,134.60000610351562,159.39999771118164
1762230568975,133.60000610351562,158.39999771118164
1762230568984,133.60000610351562,156.39999771118164
1762230568990,133.60000610351562,155.39999771118164
1762230568999,133.60000610351562,155.39999771118164
1762230569013,133.60000610351562,152.39999771118164
1762230569036,135.60000610351562,147.39999771118164
1762230569048,137.60000610351562,144.39999771118164
1762230569057,138.60000610351562,143.39999771118164
1762230569066,140.60000610351562,142.39999771118164
1762230569070,141.60000610351562,141.39999771118164
1762230569078,143.60000610351562,140.39999771118164
1762230569085,145.60000610351562,139.39999771118164
1762230569091,145.60000610351562,139.39999771118164
1762230569099,146.60000610351562,139.39999771118164
1762230569112,147.60000610351562,139.39999771118164
1762230569123,149.60000610351562,139.39999771118164
1762230569133,149.60000610351562,139.39999771118164
1762230569140,149.60000610351562,140.39999771118164
1762230569147,150.60000610351562,142.39999771118164
1762230569154,150.60000610351562,145.39999771118164
1762230569161,151.60000610351562,147.39999771118164
1762230569167,151.60000610351562,151.39999771118164
1762230569174,151.60000610351562,155.39999771118164
1762230569181,151.60000610351562,156.39999771118164
1762230569188,151.60000610351562,158.39999771118164
1762230569195,150.60000610351562,159.39999771118164
1762230569202,149.60000610351562,160.39999771118164
1762230569209,149.60000610351562,161.39999771118164
1762230569216,149.60000610351562,162.39999771118164
1762230569230,149.60000610351562,163.39999771118164
1762230569237,149.60000610351562,163.39999771118164
1762230569246,149.60000610351562,163.39999771118164
1762230569272,148.60000610351562,164.39999771118164
1762230569279,147.60000610351562,164.39999771118164
1762230569286,146.60000610351562,164.39999771118164
1762230569294,145.60000610351562,165.39999771118164
1762230569303,144.60000610351562,165.39999771118164
1762230569314,142.60000610351562,165.39999771118164
1762230569323,140.60000610351562,165.39999771118164
1762230569334,139.60000610351562,165.39999771118164
1762230569347,137.60000610351562,165.39999771118164
1762230569360,137.60000610351562,165.39999771118164
1762230569364,136.60000610351562,165.39999771118164
1762230569385,134.60000610351562,165.39999771118164
1762230569401,133.60000610351562,165.39999771118164
1762230569425,133.60000610351562,165.39999771118164
1762230569445,132.60000610351562,165.39999771118164
1762230569452,132.60000610351562,166.39999771118164
1762230569473,131.60000610351562,166.39999771118164
1762230569501,130.60000610351562,167.39999771118164
1762230569508,130.60000610351562,167.39999771118164
1762230569529,130.60000610351562,168.39999771118164
1762230569543,130.60000610351562,169.39999771118164
1762230569563,130.60000610351562,170.39999771118164
1762230569570,130.60000610351562,171.39999771118164
1762230569591,131.60000610351562,171.39999771118164
1762230569598,131.60000610351562,171.39999771118164
1762230569605,132.60000610351562,171.39999771118164
1762230569617,133.60000610351562,171.39999771118164
1762230569630,133.60000610351562,171.39999771118164
1762230569644,134.60000610351562,171.39999771118164
1762230569654,135.60000610351562,171.39999771118164
1762230569675,136.60000610351562,171.39999771118164
1762230569702,137.60000610351562,171.39999771118164
1762230569719,137.60000610351562,171.39999771118164
1762230569730,137.60000610351562,170.39999771118164
1762230569740,138.60000610351562,169.39999771118164
1762230569754,138.60000610351562,167.39999771118164
1762230569779,138.60000610351562,167.39999771118164
1762230569788,138.60000610351562,166.39999771118164
1762230569821,138.60000610351562,165.39999771118164
1762230569864,138.60000610351562,166.39999771118164
1762230569870,137.60000610351562,167.39999771118164
1762230569885,137.60000610351562,170.39999771118164
1762230569899,137.60000610351562,175.39999771118164
1762230569913,137.60000610351562,179.39999771118164
1762230569919,137.60000610351562,179.39999771118164
1762230569932,137.60000610351562,180.39999771118164
1762230569946,137.60000610351562,182.39999771118164
1762230569963,137.60000610351562,183.39999771118164
1762230569987,137.60000610351562,184.39999771118164
1762230570015,137.60000610351562,185.39999771118164
1762230572445,115.60000610351562,32.39999771118164
1762230572809,115.60000610351562,33.39999771118164
1762230572828,116.60000610351562,33.39999771118164
1762230572834,116.60000610351562,34.39999771118164
1762230572848,117.60000610351562,34.39999771118164
1762230572855,117.60000610351562,35.39999771118164
1762230572862,117.60000610351562,35.39999771118164
1762230572869,118.60000610351562,35.39999771118164
1762230572876,119.60000610351562,35.39999771118164
1762230572883,121.60000610351562,35.39999771118164
1762230572890,122.60000610351562,35.39999771118164
1762230572897,123.60000610351562,35.39999771118164
1762230572904,124.60000610351562,35.39999771118164
1762230572911,126.60000610351562,35.39999771118164
1762230572918,126.60000610351562,34.39999771118164
1762230572925,127.60000610351562,34.39999771118164
1762230572932,128.60000610351562,34.39999771118164
1762230572938,129.60000610351562,34.39999771118164
1762230572959,129.60000610351562,33.39999771118164
1762230572975,130.60000610351562,33.39999771118164
1762230573001,130.60000610351562,32.39999771118164
1762230573014,130.60000610351562,31.39999771118164
1762230573036,130.60000610351562,31.39999771118164
1762230573048,130.60000610351562,30.39999771118164
1762230573071,129.60000610351562,29.39999771118164
1762230573082,129.60000610351562,28.39999771118164
1762230573091,129.60000610351562,27.39999771118164
1762230573098,128.60000610351562,27.39999771118164
1762230573105,127.60000610351562,27.39999771118164
1762230573112,127.60000610351562,26.39999771118164
1762230573119,126.60000610351562,26.39999771118164
1762230573126,125.60000610351562,25.39999771118164
1762230573133,125.60000610351562,25.39999771118164
1762230573147,124.60000610351562,24.39999771118164
1762230573157,123.60000610351562,24.39999771118164
1762230573168,123.60000610351562,23.39999771118164
1762230573174,122.60000610351562,23.39999771118164
1762230573185,121.60000610351562,23.39999771118164
1762230573199,120.60000610351562,23.39999771118164
1762230573209,120.60000610351562,22.39999771118164
1762230573216,119.60000610351562,22.39999771118164
1762230573223,117.60000610351562,21.39999771118164
1762230573233,116.60000610351562,20.39999771118164
1762230573247,115.60000610351562,20.39999771118164
1762230573258,114.60000610351562,20.39999771118164
1762230573265,114.60000610351562,19.39999771118164
1762230573272,113.60000610351562,19.39999771118164
1762230573300,113.60000610351562,19.39999771118164
1762230573330,112.60000610351562,19.39999771118164
1762230573494,111.60000610351562,20.39999771118164
1762230573522,111.60000610351562,21.39999771118164
1762230573529,110.60000610351562,21.39999771118164
1762230573549,110.60000610351562,22.39999771118164
1762230573563,110.60000610351562,23.39999771118164
1762230573612,109.60000610351562,23.39999771118164
1762230573647,109.60000610351562,23.39999771118164
1762230573680,109.60000610351562,24.39999771118164
1762230573693,109.60000610351562,24.39999771118164
1762230573717,109.60000610351562,25.39999771118164
1762230573803,108.60000610351562,25.39999771118164
1762230573879,107.60000610351562,25.39999771118164
1762230573913,106.60000610351562,25.39999771118164
1762230573947,105.60000610351562,25.39999771118164
1762230573960,105.60000610351562,25.39999771118164
1762230574009,104.60000610351562,25.39999771118164
1762230574057,103.60000610351562,25.39999771118164
1762230574077,102.60000610351562,25.39999771118164
1762230574091,101.60000610351562,26.39999771118164
1762230574126,101.60000610351562,26.39999771118164
1762230574279,101.60000610351562,27.39999771118164
1762230574310,101.60000610351562,27.39999771118164
1762230574358,102.60000610351562,27.39999771118164
1762230574414,102.60000610351562,27.39999771118164
1762230574424,103.60000610351562,27.39999771118164
1762230574482,104.60000610351562,27.39999771118164
1762230574524,104.60000610351562,28.39999771118164
1762230574529,105.60000610351562,28.39999771118164
1762230574544,105.60000610351562,28.39999771118164
1762230574571,105.60000610351562,29.39999771118164
1762230574579,106.60000610351562,29.39999771118164
1762230574661,107.60000610351562,29.39999771118164
1762230574737,108.60000610351562,29.39999771118164
1762230574772,109.60000610351562,29.39999771118164
1762230574881,109.60000610351562,29.39999771118164
1762230574918,110.60000610351562,29.39999771118164
1762230574946,111.60000610351562,29.39999771118164
1762230574955,112.60000610351562,29.39999771118164
1762230575024,113.60000610351562,29.39999771118164
1762230575066,113.60000610351562,29.39999771118164
1762230575085,113.60000610351562,28.39999771118164
1762230575091,114.60000610351562,28.39999771118164
1762230575105,115.60000610351562,28.39999771118164
1762230583417,120.60000610351562,163.39999771118164
1762230583774,121.60000610351562,163.39999771118164
1762230583793,121.60000610351562,163.39999771118164
1762230583800,123.60000610351562,163.39999771118164
1762230583807,124.60000610351562,164.39999771118164
1762230583820,125.60000610351562,164.39999771118164
1762230583830,125.60000610351562,165.39999771118164
1762230583837,126.60000610351562,165.39999771118164
1762230583843,127.60000610351562,165.39999771118164
1762230583877,129.60000610351562,166.39999771118164
1762230583886,129.60000610351562,166.39999771118164
1762230583903,130.60000610351562,166.39999771118164
1762230583931,131.60000610351562,166.39999771118164
1762230583951,132.60000610351562,166.39999771118164
1762230583980,133.60000610351562,166.39999771118164
1762230584013,133.60000610351562,166.39999771118164
1762230584020,133.60000610351562,165.39999771118164
1762230584035,135.60000610351562,164.39999771118164
1762230584040,135.60000610351562,163.39999771118164
1762230584050,137.60000610351562,163.39999771118164
1762230584064,137.60000610351562,163.39999771118164
1762230584079,139.60000610351562,161.39999771118164
1762230584094,140.60000610351562,160.39999771118164
1762230584108,140.60000610351562,159.39999771118164
1762230584123,141.60000610351562,159.39999771118164
1762230584141,141.60000610351562,158.39999771118164
1762230584156,141.60000610351562,157.39999771118164
1762230584254,140.60000610351562,157.39999771118164
1762230584293,139.60000610351562,157.39999771118164
1762230584300,139.60000610351562,156.39999771118164
1762230584316,137.60000610351562,156.39999771118164
1762230584329,137.60000610351562,156.39999771118164
1762230584343,136.60000610351562,156.39999771118164
1762230584349,135.60000610351562,156.39999771118164
1762230584360,134.60000610351562,156.39999771118164
1762230584376,133.60000610351562,155.39999771118164
1762230584411,130.60000610351562,155.39999771118164
1762230584426,129.60000610351562,155.39999771118164
1762230584441,128.60000610351562,155.39999771118164
1762230584458,126.60000610351562,155.39999771118164
1762230584470,125.60000610351562,155.39999771118164
1762230584481,125.60000610351562,155.39999771118164
1762230584502,123.60000610351562,155.39999771118164
1762230584529,122.60000610351562,155.39999771118164
1762230584557,121.60000610351562,155.39999771118164
1762230584727,121.60000610351562,156.39999771118164
1762230584737,121.60000610351562,156.39999771118164
1762230584746,121.60000610351562,157.39999771118164
1762230584753,120.60000610351562,158.39999771118164
1762230584763,119.60000610351562,158.39999771118164
1762230584771,119.60000610351562,159.39999771118164
1762230584781,118.60000610351562,159.39999771118164
1762230584794,117.60000610351562,160.39999771118164
1762230584808,117.60000610351562,161.39999771118164
1762230584837,117.60000610351562,162.39999771118164
1762230584886,117.60000610351562,163.39999771118164
1762230584919,117.60000610351562,163.39999771118164
1762230584925,117.60000610351562,164.39999771118164
1762230584939,117.60000610351562,165.39999771118164
1762230584967,117.60000610351562,166.39999771118164
1762230584974,117.60000610351562,167.39999771118164
1762230584980,117.60000610351562,167.39999771118164
1762230584987,117.60000610351562,167.39999771118164
1762230585001,117.60000610351562,168.39999771118164
1762230585014,118.60000610351562,169.39999771118164
1762230585028,118.60000610351562,170.39999771118164
1762230585036,119.60000610351562,170.39999771118164
1762230585048,120.60000610351562,171.39999771118164
1762230585063,121.60000610351562,171.39999771118164
1762230585084,121.60000610351562,171.39999771118164
1762230585091,121.60000610351562,172.39999771118164
1762230585099,122.60000610351562,172.39999771118164
1762230585112,123.60000610351562,172.39999771118164
1762230585120,124.60000610351562,172.39999771118164
1762230585127,124.60000610351562,173.39999771118164
1762230585140,125.60000610351562,173.39999771118164
1762230585154,125.60000610351562,174.39999771118164
1762230585172,125.60000610351562,174.39999771118164
1762230585202,126.60000610351562,174.39999771118164
1762230585213,127.60000610351562,174.39999771118164
1762230585233,128.60000610351562,174.39999771118164
1762230585240,129.60000610351562,174.39999771118164
1762230585249,129.60000610351562,173.39999771118164
1762230585259,130.60000610351562,173.39999771118164
1762230585273,132.60000610351562,172.39999771118164
1762230585285,133.60000610351562,171.39999771118164
1762230585307,134.60000610351562,171.39999771118164
1762230585320,135.60000610351562,171.39999771118164
1762230585337,137.60000610351562,170.39999771118164
1762230585382,137.60000610351562,169.39999771118164
1762230585391,137.60000610351562,168.39999771118164
1762230585407,138.60000610351562,168.39999771118164
1762230585416,138.60000610351562,167.39999771118164
1762230585443,138.60000610351562,167.39999771118164
1762230585475,138.60000610351562,166.39999771118164
1762230585487,138.60000610351562,165.39999771118164
1762230585515,138.60000610351562,164.39999771118164
1762230585550,138.60000610351562,163.39999771118164
1762230585563,137.60000610351562,163.39999771118164
1762230585598,137.60000610351562,163.39999771118164
1762230585612,136.60000610351562,163.39999771118164
1762230585660,135.60000610351562,163.39999771118164
1762230585668,135.60000610351562,162.39999771118164
1762230585686,134.60000610351562,162.39999771118164
1762230585702,133.60000610351562,162.39999771118164
1762230585719,133.60000610351562,162.39999771118164
1762230585737,132.60000610351562,162.39999771118164
1762230585745,131.60000610351562,162.39999771118164
1762230585772,130.60000610351562,162.39999771118164
1762230585789,129.60000610351562,162.39999771118164
1762230587905,50.600006103515625,191.39999771118164
1762230588158,49.600006103515625,191.39999771118164
1762230588175,49.600006103515625,193.39999771118164
1762230588182,49.600006103515625,194.39999771118164
1762230588189,49.600006103515625,195.39999771118164
1762230588195,48.600006103515625,195.39999771118164
1762230588202,48.600006103515625,195.39999771118164
1762230588209,48.600006103515625,196.39999771118164
1762230588216,48.600006103515625,197.39999771118164
1762230588224,47.600006103515625,197.39999771118164
1762230588230,47.600006103515625,198.39999771118164
1762230588245,47.600006103515625,199.39999771118164
1762230588260,47.600006103515625,199.39999771118164
1762230588288,47.600006103515625,200.39999771118164
1762230588295,46.600006103515625,200.39999771118164
1762230588308,46.600006103515625,201.39999771118164
1762230588348,46.600006103515625,202.39999771118164
1762230588376,46.600006103515625,203.39999771118164
1762230588405,46.600006103515625,203.39999771118164
1762230588439,45.600006103515625,203.39999771118164
1762230588467,45.600006103515625,204.39999771118164
1762230588542,45.600006103515625,205.39999771118164
1762230588576,45.600006103515625,206.39999771118164
1762230588612,45.600006103515625,207.39999771118164
1762230588633,45.600006103515625,207.39999771118164
1762230588654,45.600006103515625,207.39999771118164
1762230588768,45.600006103515625,208.39999771118164
1762230588800,45.600006103515625,209.39999771118164
1762230588877,45.600006103515625,210.39999771118164
1762230588891,45.600006103515625,211.39999771118164
1762230588926,45.600006103515625,211.39999771118164
1762230588966,45.600006103515625,212.39999771118164
1762230589029,45.600006103515625,213.39999771118164
1762230589043,45.600006103515625,214.39999771118164
1762230589083,45.600006103515625,215.39999771118164
1762230589112,45.600006103515625,215.39999771118164
1762230589147,45.600006103515625,216.39999771118164
1762230589161,45.600006103515625,217.39999771118164
1762230589207,45.600006103515625,218.39999771118164
1762230589321,45.600006103515625,219.39999771118164
1762230589328,45.600006103515625,219.39999771118164
1762230589355,45.600006103515625,219.39999771118164
1762230589383,45.600006103515625,220.39999771118164
1762230589469,45.600006103515625,221.39999771118164
1762230589530,45.600006103515625,222.39999771118164
1762230589646,45.600006103515625,223.39999771118164
1762230590875,45.600006103515625,223.39999771118164
1762230590918,45.600006103515625,224.39999771118164
1762230590949,45.600006103515625,225.39999771118164
1762230590984,45.600006103515625,226.39999771118164
1762230591012,45.600006103515625,227.39999771118164
1762230591018,45.600006103515625,227.39999771118164
1762230591031,45.600006103515625,227.39999771118164
1762230591042,45.600006103515625,228.39999771118164
1762230591052,45.600006103515625,229.39999771118164
1762230591066,45.600006103515625,230.39999771118164
1762230591078,45.600006103515625,231.39999771118164
1762230591093,45.600006103515625,231.39999771118164
1762230591107,45.600006103515625,232.39999771118164
1762230591136,45.600006103515625,233.39999771118164
1762230591148,45.600006103515625,234.39999771118164
1762230591175,45.600006103515625,235.39999771118164
1762230591202,45.600006103515625,235.39999771118164
1762230591216,45.600006103515625,236.39999771118164
1762230591230,45.600006103515625,237.39999771118164
1762230591258,45.600006103515625,238.39999771118164
1762230591286,45.600006103515625,239.39999771118164
1762230591355,45.600006103515625,239.39999771118164
1762230591369,45.600006103515625,240.39999771118164
1762230591402,45.600006103515625,241.39999771118164
1762230591436,45.600006103515625,242.39999771118164
1762230591479,45.600006103515625,243.39999771118164
1762230591498,45.600006103515625,243.39999771118164
1762230591557,45.600006103515625,244.39999771118164
1762230591608,45.600006103515625,245.39999771118164
1762230591656,45.600006103515625,246.39999771118164
1762230591682,45.600006103515625,247.39999771118164
1762230591716,45.600006103515625,247.39999771118164
1762230591786,45.600006103515625,248.39999771118164
1762230591855,45.600006103515625,249.39999771118164
1762230591876,45.600006103515625,250.39999771118164
1762230591910,45.600006103515625,251.39999771118164
1762230591958,45.600006103515625,251.39999771118164
1762230591992,45.600006103515625,252.39999771118164
1762230592061,45.600006103515625,253.39999771118164
1762230592091,45.600006103515625,254.39999771118164
1762230592268,45.600006103515625,255.39999771118164
1762230592299,45.600006103515625,255.39999771118164
1762230592328,45.600006103515625,255.39999771118164
1762230592384,45.600006103515625,256.39999771118164
1762230592411,45.600006103515625,257.39999771118164
1762230592529,45.600006103515625,258.39999771118164
1762230592712,45.600006103515625,259.39999771118164
1762230592754,45.600006103515625,259.39999771118164
1762230592767,45.600006103515625,260.39999771118164
1762230592871,45.600006103515625,261.39999771118164
1762230592925,46.600006103515625,261.39999771118164
1762230594890,51.600006103515625,291.39999771118164
1762230595265,51.600006103515625,290.39999771118164
1762230595286,50.600006103515625,289.39999771118164
1762230595306,50.600006103515625,288.39999771118164
1762230595320,50.600006103515625,287.39999771118164
1762230595354,50.600006103515625,287.39999771118164
1762230595381,49.600006103515625,286.39999771118164
1762230595394,49.600006103515625,285.39999771118164
1762230595418,49.600006103515625,284.39999771118164
1762230595432,49.600006103515625,283.39999771118164
1762230595440,49.600006103515625,283.39999771118164
1762230595471,49.600006103515625,282.39999771118164
1762230595505,49.600006103515625,281.39999771118164
1762230595513,49.600006103515625,280.39999771118164
1762230595543,49.600006103515625,279.39999771118164
1762230595571,49.600006103515625,279.39999771118164
1762230595733,49.600006103515625,278.39999771118164
1762230595765,49.600006103515625,277.39999771118164
1762230595772,48.600006103515625,277.39999771118164
1762230595786,48.600006103515625,276.39999771118164
1762230595884,48.600006103515625,275.39999771118164
1762230596028,47.600006103515625,275.39999771118164
1762230596085,46.600006103515625,275.39999771118164
1762230597935,184.60000610351562,299.39999771118164
1762230598244,185.60000610351562,299.39999771118164
1762230598265,185.60000610351562,297.39999771118164
1762230598272,185.60000610351562,297.39999771118164
1762230598286,185.60000610351562,296.39999771118164
1762230598301,185.60000610351562,295.39999771118164
1762230598314,185.60000610351562,295.39999771118164
1762230598332,185.60000610351562,294.39999771118164
1762230598355,185.60000610351562,293.39999771118164
1762230598373,185.60000610351562,292.39999771118164
1762230598386,185.60000610351562,291.39999771118164
1762230598393,185.60000610351562,291.39999771118164
1762230598418,185.60000610351562,290.39999771118164
1762230598441,185.60000610351562,289.39999771118164
1762230598466,185.60000610351562,288.39999771118164
1762230598480,185.60000610351562,287.39999771118164
1762230598508,185.60000610351562,287.39999771118164
1762230598538,185.60000610351562,286.39999771118164
1762230598545,186.60000610351562,286.39999771118164
1762230598572,186.60000610351562,285.39999771118164
1762230598584,186.60000610351562,284.39999771118164
1762230598598,187.60000610351562,284.39999771118164
1762230598606,187.60000610351562,283.39999771118164
1762230598613,187.60000610351562,283.39999771118164
1762230598648,187.60000610351562,282.39999771118164
1762230598682,187.60000610351562,281.39999771118164
1762230598695,187.60000610351562,280.39999771118164
1762230598724,187.60000610351562,279.39999771118164
1762230598758,187.60000610351562,279.39999771118164
1762230598792,187.60000610351562,278.39999771118164
1762230598800,187.60000610351562,277.39999771118164
1762230598819,187.60000610351562,276.39999771118164
1762230598841,187.60000610351562,275.39999771118164
1762230598869,187.60000610351562,275.39999771118164
1762230598883,187.60000610351562,274.39999771118164
1762230598917,187.60000610351562,273.39999771118164
1762230598950,187.60000610351562,272.39999771118164
1762230598984,187.60000610351562,271.39999771118164
1762230598997,187.60000610351562,271.39999771118164
1762230599022,187.60000610351562,270.39999771118164
1762230599030,188.60000610351562,270.39999771118164
1762230599038,188.60000610351562,269.39999771118164
1762230599046,188.60000610351562,268.39999771118164
1762230599059,188.60000610351562,267.39999771118164
1762230599077,188.60000610351562,267.39999771118164
1762230599108,188.60000610351562,266.39999771118164
1762230599155,188.60000610351562,265.39999771118164
1762230599169,188.60000610351562,264.39999771118164
1762230599204,188.60000610351562,263.39999771118164
1762230599230,188.60000610351562,263.39999771118164
1762230599245,188.60000610351562,262.39999771118164
1762230599258,189.60000610351562,261.39999771118164
1762230599272,189.60000610351562,260.39999771118164
1762230599286,189.60000610351562,259.39999771118164
1762230599306,189.60000610351562,259.39999771118164
1762230599320,189.60000610351562,258.39999771118164
1762230599334,189.60000610351562,257.39999771118164
1762230599348,189.60000610351562,256.39999771118164
1762230599368,189.60000610351562,255.39999771118164
1762230599383,189.60000610351562,255.39999771118164
1762230599391,189.60000610351562,254.39999771118164
1762230599409,189.60000610351562,253.39999771118164
1762230599423,189.60000610351562,252.39999771118164
1762230599446,189.60000610351562,251.39999771118164
1762230599453,189.60000610351562,251.39999771118164
1762230599471,189.60000610351562,250.39999771118164
1762230599506,189.60000610351562,249.39999771118164
1762230599540,189.60000610351562,248.39999771118164
1762230599550,189.60000610351562,247.39999771118164
1762230599563,189.60000610351562,247.39999771118164
1762230599571,189.60000610351562,247.39999771118164
1762230599584,189.60000610351562,246.39999771118164
1762230599592,190.60000610351562,245.39999771118164
1762230599601,190.60000610351562,244.39999771118164
1762230599609,190.60000610351562,243.39999771118164
1762230599622,190.60000610351562,243.39999771118164
1762230599656,190.60000610351562,242.39999771118164
1762230599682,190.60000610351562,241.39999771118164
1762230599697,191.60000610351562,240.39999771118164
1762230599720,191.60000610351562,239.39999771118164
1762230599753,191.60000610351562,239.39999771118164
1762230599767,191.60000610351562,238.39999771118164
1762230599801,191.60000610351562,237.39999771118164
1762230599828,191.60000610351562,236.39999771118164
1762230599841,191.60000610351562,235.39999771118164
1762230599855,190.60000610351562,235.39999771118164
1762230599863,190.60000610351562,235.39999771118164
1762230599890,190.60000610351562,234.39999771118164
1762230599924,190.60000610351562,233.39999771118164
1762230599939,189.60000610351562,233.39999771118164
1762230599952,189.60000610351562,232.39999771118164
1762230599960,189.60000610351562,231.39999771118164
1762230599969,189.60000610351562,231.39999771118164
1762230599980,189.60000610351562,231.39999771118164
1762230599994,189.60000610351562,230.39999771118164
1762230600008,189.60000610351562,229.39999771118164
1762230600022,188.60000610351562,229.39999771118164
1762230600030,188.60000610351562,228.39999771118164
1762230600043,188.60000610351562,227.39999771118164
1762230600061,187.60000610351562,227.39999771118164
1762230600074,186.60000610351562,226.39999771118164
1762230600092,186.60000610351562,224.39999771118164
1762230600105,186.60000610351562,223.39999771118164
1762230600113,185.60000610351562,223.39999771118164
1762230600127,185.60000610351562,222.39999771118164
1762230600140,185.60000610351562,221.39999771118164
1762230600157,185.60000610351562,220.39999771118164
1762230600171,185.60000610351562,219.39999771118164
1762230600199,185.60000610351562,219.39999771118164
1762230600216,185.60000610351562,218.39999771118164
1762230600232,185.60000610351562,217.39999771118164
1762230600240,185.60000610351562,216.39999771118164
1762230600253,185.60000610351562,215.39999771118164
1762230600266,185.60000610351562,215.39999771118164
1762230600293,185.60000610351562,214.39999771118164
1762230600322,185.60000610351562,213.39999771118164
1762230600335,185.60000610351562,212.39999771118164
1762230600384,185.60000610351562,211.39999771118164
1762230600411,185.60000610351562,211.39999771118164
1762230600439,185.60000610351562,210.39999771118164
1762230600488,185.60000610351562,209.39999771118164
1762230600521,185.60000610351562,208.39999771118164
1762230600543,185.60000610351562,207.39999771118164
1762230600557,185.60000610351562,207.39999771118164
1762230600566,185.60000610351562,206.39999771118164
1762230600582,185.60000610351562,205.39999771118164
1762230600596,185.60000610351562,204.39999771118164
1762230600610,185.60000610351562,203.39999771118164
1762230600620,185.60000610351562,203.39999771118164
1762230600633,185.60000610351562,202.39999771118164
1762230600647,185.60000610351562,201.39999771118164
1762230600655,184.60000610351562,201.39999771118164
1762230600663,184.60000610351562,200.39999771118164
1762230600671,184.60000610351562,199.39999771118164
1762230600680,184.60000610351562,199.39999771118164
1762230600691,184.60000610351562,198.39999771118164
1762230600700,184.60000610351562,197.39999771118164
1762230600708,184.60000610351562,196.39999771118164
1762230600726,184.60000610351562,195.39999771118164
1762230600740,184.60000610351562,195.39999771118164
1762230600754,184.60000610351562,194.39999771118164
1762230600761,184.60000610351562,193.39999771118164
1762230600774,184.60000610351562,192.39999771118164
1762230600788,184.60000610351562,191.39999771118164
1762230600802,184.60000610351562,190.39999771118164
1762230600816,184.60000610351562,189.39999771118164
1762230600829,184.60000610351562,188.39999771118164
1762230600858,184.60000610351562,187.39999771118164
1762230600877,184.60000610351562,187.39999771118164
1762230600906,184.60000610351562,186.39999771118164
1762230600933,184.60000610351562,185.39999771118164
1762230600966,184.60000610351562,184.39999771118164
1762230600980,184.60000610351562,183.39999771118164
1762230601036,184.60000610351562,183.39999771118164
1762230601044,183.60000610351562,183.39999771118164
1762230601062,183.60000610351562,182.39999771118164
1762230601077,182.60000610351562,182.39999771118164
1762230601086,182.60000610351562,181.39999771118164
1762230601096,182.60000610351562,180.39999771118164
1762230601104,182.60000610351562,179.39999771118164
1762230601119,181.60000610351562,179.39999771118164
1762230601128,181.60000610351562,178.39999771118164
1762230601145,181.60000610351562,177.39999771118164
1762230601161,181.60000610351562,176.39999771118164
1762230601179,181.60000610351562,175.39999771118164
1762230601202,181.60000610351562,174.39999771118164
1762230601216,181.60000610351562,173.39999771118164
1762230601225,181.60000610351562,172.39999771118164
1762230601234,181.60000610351562,171.39999771118164
1762230601243,181.60000610351562,171.39999771118164
1762230601253,181.60000610351562,170.39999771118164
1762230601263,181.60000610351562,169.39999771118164
1762230601271,181.60000610351562,168.39999771118164
1762230601280,181.60000610351562,167.39999771118164
1762230601289,181.60000610351562,167.39999771118164
1762230601303,181.60000610351562,166.39999771118164
1762230601316,181.60000610351562,165.39999771118164
1762230601330,181.60000610351562,164.39999771118164
1762230601344,181.60000610351562,163.39999771118164
1762230601352,181.60000610351562,163.39999771118164
1762230601376,181.60000610351562,162.39999771118164
1762230601411,181.60000610351562,161.39999771118164
1762230601524,181.60000610351562,161.39999771118164
1762230601543,180.60000610351562,161.39999771118164
1762230605237,108.60000610351562,76.39999771118164
1762230605586,108.60000610351562,77.39999771118164
1762230605605,109.60000610351562,78.39999771118164
1762230605633,109.60000610351562,79.39999771118164
1762230605642,109.60000610351562,79.39999771118164
1762230605667,110.60000610351562,79.39999771118164
1762230605701,111.60000610351562,79.39999771118164
1762230605735,112.60000610351562,80.39999771118164
1762230605765,113.60000610351562,80.39999771118164
1762230605783,113.60000610351562,80.39999771118164
1762230605902,114.60000610351562,80.39999771118164
1762230605934,115.60000610351562,80.39999771118164
1762230605997,116.60000610351562,80.39999771118164
1762230606022,117.60000610351562,80.39999771118164
1762230606066,117.60000610351562,80.39999771118164
1762230606128,118.60000610351562,80.39999771118164
1762230606161,119.60000610351562,80.39999771118164
1762230606188,120.60000610351562,80.39999771118164
1762230606209,120.60000610351562,79.39999771118164
1762230606218,121.60000610351562,79.39999771118164
1762230606277,121.60000610351562,79.39999771118164
1762230606286,121.60000610351562,79.39999771118164
1762230606305,122.60000610351562,79.39999771118164
1762230606313,123.60000610351562,78.39999771118164
1762230606332,123.60000610351562,77.39999771118164
1762230606342,124.60000610351562,77.39999771118164
1762230606373,125.60000610351562,77.39999771118164
1762230606704,125.60000610351562,76.39999771118164
1762230606808,124.60000610351562,76.39999771118164
1762230606909,124.60000610351562,75.39999771118164
1762230614067,761.6000061035156,515.3999977111816
1762230615177,761.6000061035156,515.3999977111816
1762230615465,761.6000061035156,515.3999977111816
1762230615487,761.6000061035156,515.3999977111816
1762230615499,762.6000061035156,515.3999977111816
1762230615540,763.6000061035156,515.3999977111816
1762230615564,763.6000061035156,514.3999977111816
1762230615583,764.6000061035156,514.3999977111816
1762230615594,764.6000061035156,513.3999977111816
1762230615604,765.6000061035156,513.3999977111816
1762230615622,765.6000061035156,513.3999977111816
1762230615635,765.6000061035156,512.3999977111816
1762230615645,767.6000061035156,511.39999771118164
1762230615661,768.6000061035156,511.39999771118164
1762230615670,769.6000061035156,511.39999771118164
1762230615680,769.6000061035156,511.39999771118164
1762230615697,769.6000061035156,511.39999771118164
1762230615849,769.6000061035156,510.39999771118164
1762230615988,769.6000061035156,509.39999771118164
1762230616034,769.6000061035156,508.39999771118164
1762230616082,769.6000061035156,507.39999771118164
1762230616102,769.6000061035156,507.39999771118164
1762230616126,769.6000061035156,506.39999771118164
1762230616161,769.6000061035156,505.39999771118164
1762230616170,769.6000061035156,504.39999771118164
1762230616226,769.6000061035156,503.39999771118164
1762230616261,769.6000061035156,503.39999771118164
1762230616288,769.6000061035156,502.39999771118164
1762230616308,769.6000061035156,501.39999771118164
1762230616461,769.6000061035156,500.39999771118164
1762230616487,769.6000061035156,499.39999771118164
1762230616521,769.6000061035156,499.39999771118164
1762230616536,769.6000061035156,498.39999771118164
1762230616569,769.6000061035156,497.39999771118164
1762230616603,769.6000061035156,497.39999771118164
1762230616654,769.6000061035156,496.39999771118164
1762230616672,769.6000061035156,495.39999771118164
1762230616685,769.6000061035156,495.39999771118164
1762230616694,768.6000061035156,495.39999771118164
1762230616723,768.6000061035156,494.39999771118164
1762230616751,768.6000061035156,493.39999771118164
1762230616795,767.6000061035156,493.39999771118164
1762230616807,767.6000061035156,492.39999771118164
1762230616817,767.6000061035156,491.39999771118164
1762230616848,767.6000061035156,491.39999771118164
1762230616878,767.6000061035156,490.39999771118164
1762230616925,767.6000061035156,489.39999771118164
1762230616954,767.6000061035156,488.39999771118164
1762230616967,767.6000061035156,487.39999771118164
1762230616988,767.6000061035156,487.39999771118164
1762230617022,767.6000061035156,486.39999771118164
1762230617105,767.6000061035156,485.39999771118164
1762230617119,767.6000061035156,484.39999771118164
1762230617133,767.6000061035156,483.39999771118164
1762230617159,767.6000061035156,483.39999771118164
1762230617193,767.6000061035156,482.39999771118164
1762230617235,767.6000061035156,481.39999771118164
1762230617276,767.6000061035156,480.39999771118164
1762230617299,767.6000061035156,479.39999771118164
1762230617323,767.6000061035156,479.39999771118164
1762230617333,767.6000061035156,478.39999771118164
1762230617348,767.6000061035156,477.39999771118164
1762230617364,767.6000061035156,476.39999771118164
1762230617390,767.6000061035156,475.39999771118164
1762230617406,767.6000061035156,475.39999771118164
1762230617433,766.6000061035156,475.39999771118164
1762230617551,766.6000061035156,474.39999771118164
1762230617584,766.6000061035156,473.39999771118164
1762230617612,766.6000061035156,472.39999771118164
1762230617626,766.6000061035156,471.39999771118164
1762230617647,766.6000061035156,471.39999771118164
1762230617681,766.6000061035156,470.39999771118164
1762230617709,766.6000061035156,469.39999771118164
1762230617728,766.6000061035156,468.39999771118164
1762230617749,766.6000061035156,467.39999771118164
1762230617765,766.6000061035156,467.39999771118164
1762230617797,766.6000061035156,466.39999771118164
1762230617813,766.6000061035156,465.39999771118164
1762230617956,765.6000061035156,465.39999771118164
1762230618464,765.6000061035156,464.39999771118164
1762230618480,765.6000061035156,463.39999771118164
1762230618491,765.6000061035156,463.39999771118164
1762230618501,765.6000061035156,462.39999771118164
1762230618517,765.6000061035156,461.39999771118164
1762230618543,765.6000061035156,460.39999771118164
1762230618573,765.6000061035156,459.39999771118164
1762230618586,765.6000061035156,459.39999771118164
1762230618682,764.6000061035156,459.39999771118164
1762230618745,764.6000061035156,459.39999771118164
1762230620153,805.6000061035156,447.39999771118164
1762230620362,804.6000061035156,448.39999771118164
1762230620376,802.6000061035156,453.39999771118164
1762230620386,801.6000061035156,455.39999771118164
1762230620397,801.6000061035156,457.39999771118164
1762230620411,801.6000061035156,459.39999771118164
1762230620424,800.6000061035156,459.39999771118164
1762230620438,800.6000061035156,461.39999771118164
1762230620452,800.6000061035156,462.39999771118164
1762230620466,800.6000061035156,463.39999771118164
1762230620475,800.6000061035156,463.39999771118164
1762230620485,799.6000061035156,463.39999771118164
1762230620495,799.6000061035156,464.39999771118164
1762230620514,799.6000061035156,465.39999771118164
1762230620557,799.6000061035156,466.39999771118164
1762230620618,799.6000061035156,467.39999771118164
1762230620635,799.6000061035156,467.39999771118164
1762230620668,799.6000061035156,468.39999771118164
1762230620686,799.6000061035156,469.39999771118164
1762230620724,799.6000061035156,470.39999771118164
1762230620741,799.6000061035156,471.39999771118164
1762230620782,799.6000061035156,471.39999771118164
1762230620814,799.6000061035156,472.39999771118164
1762230620829,799.6000061035156,473.39999771118164
1762230620839,799.6000061035156,474.39999771118164
1762230620855,799.6000061035156,475.39999771118164
1762230620869,799.6000061035156,475.39999771118164
1762230620884,799.6000061035156,476.39999771118164
1762230620894,799.6000061035156,477.39999771118164
1762230620911,799.6000061035156,478.39999771118164
1762230620925,799.6000061035156,479.39999771118164
1762230620940,799.6000061035156,479.39999771118164
1762230620949,799.6000061035156,480.39999771118164
1762230620960,799.6000061035156,481.39999771118164
1762230620973,799.6000061035156,482.39999771118164
1762230621001,799.6000061035156,483.39999771118164
1762230621029,799.6000061035156,484.39999771118164
1762230621050,799.6000061035156,485.39999771118164
1762230621063,799.6000061035156,486.39999771118164
1762230621073,799.6000061035156,487.39999771118164
1762230621084,799.6000061035156,487.39999771118164
1762230621104,799.6000061035156,488.39999771118164
1762230621133,799.6000061035156,489.39999771118164
1762230621152,799.6000061035156,490.39999771118164
1762230621172,799.6000061035156,491.39999771118164
1762230621189,799.6000061035156,491.39999771118164
1762230621204,799.6000061035156,492.39999771118164
1762230621216,799.6000061035156,493.39999771118164
1762230621226,799.6000061035156,494.39999771118164
1762230621236,799.6000061035156,495.39999771118164
1762230621251,800.6000061035156,495.39999771118164
1762230621268,800.6000061035156,496.39999771118164
1762230621278,800.6000061035156,497.39999771118164
1762230621293,800.6000061035156,498.39999771118164
1762230621309,800.6000061035156,499.39999771118164
1762230621335,800.6000061035156,499.39999771118164
1762230621345,800.6000061035156,500.39999771118164
1762230621383,800.6000061035156,501.39999771118164
1762230621411,800.6000061035156,502.39999771118164
1762230621438,800.6000061035156,503.39999771118164
1762230621449,800.6000061035156,503.39999771118164
1762230621460,801.6000061035156,504.39999771118164
1762230621489,801.6000061035156,505.39999771118164
1762230621523,801.6000061035156,506.39999771118164
1762230621536,801.6000061035156,507.39999771118164
1762230621570,801.6000061035156,507.39999771118164
1762230621598,801.6000061035156,508.39999771118164
1762230621633,801.6000061035156,509.39999771118164
1762230621647,801.6000061035156,510.39999771118164
1762230621674,801.6000061035156,511.39999771118164
1762230621709,801.6000061035156,511.39999771118164
1762230621742,801.6000061035156,512.3999977111816
1762230621797,801.6000061035156,513.3999977111816
1762230622011,801.6000061035156,514.3999977111816
1762230622029,801.6000061035156,514.3999977111816
1762230623335,801.6000061035156,515.3999977111816
1762230623355,800.6000061035156,518.3999977111816
1762230623366,800.6000061035156,519.3999977111816
1762230623377,800.6000061035156,519.3999977111816
1762230623388,800.6000061035156,520.3999977111816
1762230623398,800.6000061035156,521.3999977111816
1762230623416,800.6000061035156,522.3999977111816
1762230623450,800.6000061035156,523.3999977111816
-1,-1,-1
1762230564260,,
1762230572445,,
1762230583417,,
1762230587905,,
1762230594890,,
1762230597935,,
1762230605237,,
1762230614067,,
1762230615177,,
1762230620153,,
-1,-1,-1
1762230570318,,
1762230575284,,
1762230586003,,
1762230593132,,
1762230596094,,
1762230601570,,
1762230607273,,
1762230614944,,
1762230618757,,
1762230623595,,
