1767415163346,765.2000122070312,599.0800018310547
1767415163360,752.2000122070312,584.0800018310547
1767415163368,742.2000122070312,571.0800018310547
1767415163375,733.2000122070312,562.0800018310547
1767415163385,726.2000122070312,554.0800018310547
1767415163391,713.2000122070312,541.0800018310547
1767415163398,704.2000122070312,535.0800018310547
1767415163408,691.2000122070312,527.0800018310547
1767415163415,677.2000122070312,523.0800018310547
1767415163422,666.2000122070312,521.0800018310547
1767415163431,658.2000122070312,520.0800018310547
1767415163438,652.2000122070312,520.0800018310547
1767415163448,647.2000122070312,520.0800018310547
1767415163551,647.2000122070312,516.0800018310547
1767415163562,647.2000122070312,513.0800018310547
1767415163568,647.2000122070312,509.0800018310547
1767415163579,646.2000122070312,501.0800018310547
1767415163585,643.2000122070312,493.0800018310547
1767415163591,640.2000122070312,486.0800018310547
1767415163602,631.2000122070312,474.0800018310547
1767415163608,618.2000122070312,464.0800018310547
1767415163619,602.2000122070312,453.0800018310547
1767415163625,583.2000122070312,441.0800018310547
1767415163631,565.2000122070312,431.0800018310547
1767415163642,544.2000122070312,420.0800018310547
1767415163648,531.2000122070312,414.0800018310547
1767415163659,511.20001220703125,405.0800018310547
1767415163665,496.20001220703125,399.0800018310547
1767415163673,485.20001220703125,394.0800018310547
1767415163682,479.20001220703125,392.0800018310547
1767415163688,470.20001220703125,388.0800018310547
1767415163696,469.20001220703125,388.0800018310547
1767415163705,467.20001220703125,386.0800018310547
1767415164055,466.20001220703125,386.0800018310547
1767415164062,464.20001220703125,385.0800018310547
1767415164070,461.20001220703125,385.0800018310547
1767415164082,458.20001220703125,384.0800018310547
1767415164088,454.20001220703125,383.0800018310547
1767415164094,450.20001220703125,383.0800018310547
1767415164102,444.20001220703125,382.0800018310547
1767415164110,436.20001220703125,380.0800018310547
1767415164122,428.20001220703125,379.0800018310547
1767415164128,418.20001220703125,376.0800018310547
1767415164134,408.20001220703125,373.0800018310547
1767415164143,401.20001220703125,370.0800018310547
1767415164150,389.20001220703125,365.0800018310547
1767415164162,380.20001220703125,361.0800018310547
1767415164168,367.20001220703125,356.0800018310547
1767415164174,355.20001220703125,349.0800018310547
1767415164182,339.20001220703125,341.0800018310547
1767415164190,323.20001220703125,333.0800018310547
1767415164202,310.20001220703125,328.0800018310547
1767415164208,298.20001220703125,322.0800018310547
1767415164214,279.20001220703125,314.0800018310547
1767415164224,269.20001220703125,310.0800018310547
1767415164237,255.20001220703125,303.0800018310547
1767415164242,244.20001220703125,299.0800018310547
1767415164249,234.20001220703125,297.0800018310547
1767415164257,225.20001220703125,292.0800018310547
1767415164264,216.20001220703125,290.0800018310547
1767415164277,212.20001220703125,288.0800018310547
1767415164282,207.20001220703125,286.0800018310547
1767415164288,202.20001220703125,284.0800018310547
1767415164296,202.20001220703125,283.0800018310547
1767415164311,200.20001220703125,283.0800018310547
1767415164317,198.20001220703125,283.0800018310547
1767415164369,198.20001220703125,282.0800018310547
1767415164377,194.20001220703125,277.0800018310547
1767415164391,192.20001220703125,274.0800018310547
1767415164397,191.20001220703125,272.0800018310547
1767415164404,189.20001220703125,270.0800018310547
1767415164413,188.20001220703125,267.0800018310547
1767415164425,186.20001220703125,266.0800018310547
1767415164431,185.20001220703125,264.0800018310547
1767415164438,184.20001220703125,263.0800018310547
1767415164444,183.20001220703125,261.0800018310547
1767415164452,182.20001220703125,258.0800018310547
1767415164465,181.20001220703125,257.0800018310547
1767415164471,179.20001220703125,255.0800018310547
1767415164477,179.20001220703125,253.0800018310547
1767415164487,176.20001220703125,251.0800018310547
1767415164493,175.20001220703125,248.0800018310547
1767415164505,173.20001220703125,247.0800018310547
1767415164512,170.20001220703125,244.0800018310547
1767415164518,168.20001220703125,242.0800018310547
1767415164526,166.20001220703125,239.0800018310547
1767415164539,164.20001220703125,237.0800018310547
1767415164545,162.20001220703125,235.0800018310547
1767415164551,159.20001220703125,233.0800018310547
1767415164558,159.20001220703125,232.0800018310547
1767415164566,157.20001220703125,231.0800018310547
1767415164580,156.20001220703125,230.0800018310547
1767415164585,156.20001220703125,229.0800018310547
1767415164591,156.20001220703125,228.0800018310547
1767415164662,158.20001220703125,228.0800018310547
1767415164670,163.20001220703125,228.0800018310547
1767415164682,169.20001220703125,226.0800018310547
1767415164688,178.20001220703125,226.0800018310547
1767415164694,193.20001220703125,228.0800018310547
1767415164702,205.20001220703125,230.0800018310547
1767415164717,229.20001220703125,233.0800018310547
1767415164722,247.20001220703125,236.0800018310547
1767415164728,268.20001220703125,240.0800018310547
1767415164734,296.20001220703125,247.0800018310547
1767415164743,318.20001220703125,253.0800018310547
1767415164750,341.20001220703125,259.0800018310547
1767415164763,372.20001220703125,268.0800018310547
1767415164768,399.20001220703125,276.0800018310547
1767415164774,428.20001220703125,285.0800018310547
1767415164784,456.20001220703125,296.0800018310547
1767415164797,479.20001220703125,304.0800018310547
1767415164803,508.20001220703125,316.0800018310547
1767415164808,533.2000122070312,326.0800018310547
1767415164816,555.2000122070312,333.0800018310547
1767415164824,575.2000122070312,340.0800018310547
1767415164837,597.2000122070312,349.0800018310547
1767415164843,617.2000122070312,358.0800018310547
1767415164848,632.2000122070312,364.0800018310547
1767415164856,644.2000122070312,368.0800018310547
1767415164864,650.2000122070312,371.0800018310547
1767415164877,657.2000122070312,374.0800018310547
1767415164883,657.2000122070312,374.0800018310547
1767415164904,655.2000122070312,374.0800018310547
1767415164917,645.2000122070312,369.0800018310547
1767415164923,637.2000122070312,366.0800018310547
1767415164928,616.2000122070312,358.0800018310547
1767415164938,595.2000122070312,350.0800018310547
1767415164945,578.2000122070312,344.0800018310547
1767415164957,550.2000122070312,334.0800018310547
1767415164963,517.2000122070312,324.0800018310547
1767415164968,489.20001220703125,315.0800018310547
1767415164976,461.20001220703125,306.0800018310547
1767415164984,437.20001220703125,299.0800018310547
1767415164997,409.20001220703125,292.0800018310547
1767415165003,383.20001220703125,284.0800018310547
1767415165008,361.20001220703125,279.0800018310547
1767415165016,339.20001220703125,273.0800018310547
1767415165024,317.20001220703125,268.0800018310547
1767415165037,298.20001220703125,264.0800018310547
1767415165043,285.20001220703125,260.0800018310547
1767415165048,266.20001220703125,256.0800018310547
1767415165058,250.20001220703125,253.0800018310547
1767415165071,241.20001220703125,251.0800018310547
1767415165077,234.20001220703125,248.0800018310547
1767415165083,228.20001220703125,248.0800018310547
1767415165090,223.20001220703125,245.0800018310547
1767415165098,218.20001220703125,244.0800018310547
1767415165111,214.20001220703125,240.0800018310547
1767415165117,211.20001220703125,237.0800018310547
1767415165125,207.20001220703125,235.0800018310547
1767415165130,205.20001220703125,232.0800018310547
1767415165138,202.20001220703125,230.0800018310547
1767415165151,200.20001220703125,228.0800018310547
1767415165157,198.20001220703125,226.0800018310547
1767415165163,198.20001220703125,226.0800018310547
1767415165170,197.20001220703125,226.0800018310547
1767415165178,196.20001220703125,226.0800018310547
1767415165191,195.20001220703125,225.0800018310547
1767415165202,195.20001220703125,225.0800018310547
1767415165214,194.20001220703125,225.0800018310547
1767415165220,194.20001220703125,224.0800018310547
1767415165323,193.20001220703125,224.0800018310547
1767415165340,192.20001220703125,224.0800018310547
1767415165348,191.20001220703125,224.0800018310547
1767415165356,189.20001220703125,224.0800018310547
1767415165368,188.20001220703125,225.0800018310547
1767415165374,184.20001220703125,227.0800018310547
1767415165380,182.20001220703125,228.0800018310547
1767415165388,179.20001220703125,230.0800018310547
1767415165396,176.20001220703125,231.0800018310547
1767415165408,173.20001220703125,232.0800018310547
1767415165414,170.20001220703125,233.0800018310547
1767415165420,168.20001220703125,235.0800018310547
1767415165428,166.20001220703125,236.0800018310547
1767415165436,163.20001220703125,237.0800018310547
1767415165448,161.20001220703125,238.0800018310547
1767415165454,159.20001220703125,240.0800018310547
1767415165460,157.20001220703125,240.0800018310547
1767415165468,156.20001220703125,241.0800018310547
1767415165476,154.20001220703125,242.0800018310547
1767415165488,154.20001220703125,244.0800018310547
1767415165494,152.20001220703125,244.0800018310547
1767415165500,150.20001220703125,246.0800018310547
1767415165508,150.20001220703125,247.0800018310547
1767415165516,149.20001220703125,248.0800018310547
1767415165528,148.20001220703125,249.0800018310547
1767415165534,147.20001220703125,249.0800018310547
1767415165540,147.20001220703125,250.0800018310547
1767415165548,146.20001220703125,252.0800018310547
1767415165556,146.20001220703125,253.0800018310547
1767415165568,145.20001220703125,253.0800018310547
1767415165574,145.20001220703125,255.0800018310547
1767415165580,145.20001220703125,258.0800018310547
1767415165588,145.20001220703125,263.0800018310547
1767415165596,147.20001220703125,268.0800018310547
1767415165608,150.20001220703125,275.0800018310547
1767415165618,155.20001220703125,281.0800018310547
1767415165631,159.20001220703125,287.0800018310547
1767415165637,169.20001220703125,297.0800018310547
1767415165643,180.20001220703125,305.0800018310547
1767415165650,197.20001220703125,316.0800018310547
1767415165658,211.20001220703125,322.0800018310547
1767415165671,232.20001220703125,330.0800018310547
1767415165677,248.20001220703125,335.0800018310547
1767415165683,268.20001220703125,343.0800018310547
1767415165690,291.20001220703125,349.0800018310547
1767415165698,307.20001220703125,353.0800018310547
1767415165711,321.20001220703125,358.0800018310547
1767415165717,342.20001220703125,362.0800018310547
1767415165723,357.20001220703125,366.0800018310547
1767415165730,372.20001220703125,370.0800018310547
1767415165739,385.20001220703125,374.0800018310547
1767415165751,401.20001220703125,378.0800018310547
1767415165757,415.20001220703125,383.0800018310547
1767415165763,438.20001220703125,392.0800018310547
1767415165770,457.20001220703125,399.0800018310547
1767415165778,478.20001220703125,407.0800018310547
1767415165791,492.20001220703125,413.0800018310547
1767415165797,513.2000122070312,422.0800018310547
1767415165803,540.2000122070312,433.0800018310547
1767415165810,555.2000122070312,439.0800018310547
1767415165818,577.2000122070312,446.0800018310547
1767415165831,597.2000122070312,452.0800018310547
1767415165837,614.2000122070312,457.0800018310547
1767415165843,630.2000122070312,461.0800018310547
1767415165850,645.2000122070312,464.0800018310547
1767415165858,658.2000122070312,465.0800018310547
1767415165871,673.2000122070312,465.0800018310547
1767415165879,684.2000122070312,465.0800018310547
1767415165884,694.2000122070312,465.0800018310547
1767415165893,703.2000122070312,464.0800018310547
1767415165898,712.2000122070312,463.0800018310547
1767415165911,722.2000122070312,461.0800018310547
1767415165917,732.2000122070312,459.0800018310547
1767415165924,739.2000122070312,456.0800018310547
1767415165932,748.2000122070312,452.0800018310547
1767415165946,755.2000122070312,448.0800018310547
1767415165951,760.2000122070312,446.0800018310547
1767415165957,764.2000122070312,442.0800018310547
1767415165964,767.2000122070312,437.0800018310547
1767415165972,771.2000122070312,433.0800018310547
1767415165986,773.2000122070312,427.0800018310547
1767415165992,775.2000122070312,421.0800018310547
1767415165997,776.2000122070312,415.0800018310547
1767415166004,776.2000122070312,408.0800018310547
1767415166012,777.2000122070312,399.0800018310547
1767415166026,777.2000122070312,392.0800018310547
1767415166031,778.2000122070312,383.0800018310547
1767415166037,778.2000122070312,379.0800018310547
1767415166044,779.2000122070312,368.0800018310547
1767415166052,779.2000122070312,363.0800018310547
1767415166066,780.2000122070312,356.0800018310547
1767415166071,780.2000122070312,349.0800018310547
1767415166077,781.2000122070312,343.0800018310547
1767415166084,782.2000122070312,336.0800018310547
1767415166092,783.2000122070312,331.0800018310547
1767415166106,783.2000122070312,322.0800018310547
1767415166113,785.2000122070312,317.0800018310547
1767415166117,788.2000122070312,308.0800018310547
1767415166124,791.2000122070312,300.0800018310547
1767415166132,793.2000122070312,293.0800018310547
1767415166146,795.2000122070312,287.0800018310547
1767415166151,796.2000122070312,283.0800018310547
1767415166157,798.2000122070312,279.0800018310547
1767415166164,799.2000122070312,274.0800018310547
1767415166180,799.2000122070312,271.0800018310547
1767415166186,801.2000122070312,267.0800018310547
1767415166192,801.2000122070312,261.0800018310547
1767415166198,801.2000122070312,257.0800018310547
1767415166206,801.2000122070312,252.0800018310547
1767415166220,801.2000122070312,248.0800018310547
1767415166226,801.2000122070312,244.0800018310547
1767415166231,801.2000122070312,238.0800018310547
1767415166238,801.2000122070312,234.0800018310547
1767415166246,801.2000122070312,228.0800018310547
1767415166260,801.2000122070312,223.0800018310547
1767415166266,801.2000122070312,219.0800018310547
1767415166271,801.2000122070312,215.0800018310547
1767415166278,800.2000122070312,210.0800018310547
1767415166286,799.2000122070312,205.0800018310547
1767415166300,799.2000122070312,200.0800018310547
1767415166306,797.2000122070312,194.0800018310547
1767415166313,797.2000122070312,189.0800018310547
1767415166318,796.2000122070312,183.0800018310547
1767415166326,794.2000122070312,175.0800018310547
1767415166340,794.2000122070312,170.0800018310547
1767415166347,793.2000122070312,164.0800018310547
1767415166351,791.2000122070312,158.0800018310547
1767415166358,790.2000122070312,148.0800018310547
1767415166366,790.2000122070312,140.0800018310547
1767415166380,789.2000122070312,135.0800018310547
1767415166386,788.2000122070312,128.0800018310547
1767415166391,787.2000122070312,120.08000183105469
1767415166398,786.2000122070312,114.08000183105469
1767415166406,785.2000122070312,109.08000183105469
1767415166420,784.2000122070312,103.08000183105469
1767415166426,783.2000122070312,98.08000183105469
1767415166431,781.2000122070312,95.08000183105469
1767415166438,781.2000122070312,91.08000183105469
1767415166446,781.2000122070312,89.08000183105469
1767415166460,780.2000122070312,88.08000183105469
1767415166466,780.2000122070312,87.08000183105469
1767415166472,780.2000122070312,85.08000183105469
1767415166496,778.2000122070312,84.08000183105469
1767415166617,778.2000122070312,84.08000183105469
1767415166632,778.2000122070312,82.08000183105469
1767415166640,778.2000122070312,82.08000183105469
1767415166648,779.2000122070312,80.08000183105469
1767415166660,779.2000122070312,79.08000183105469
1767415166666,780.2000122070312,76.08000183105469
1767415166672,780.2000122070312,75.08000183105469
1767415166682,780.2000122070312,74.08000183105469
1767415166694,781.2000122070312,72.08000183105469
1767415166704,782.2000122070312,71.08000183105469
1767415166717,783.2000122070312,70.08000183105469
1767415166723,783.2000122070312,69.08000183105469
1767415166954,781.2000122070312,68.08000183105469
1767415166962,778.2000122070312,70.08000183105469
1767415166974,775.2000122070312,71.08000183105469
1767415166980,772.2000122070312,72.08000183105469
1767415166986,770.2000122070312,73.08000183105469
1767415166994,765.2000122070312,73.08000183105469
1767415167002,762.2000122070312,74.08000183105469
1767415167014,757.2000122070312,75.08000183105469
1767415167020,753.2000122070312,76.08000183105469
1767415167028,746.2000122070312,77.08000183105469
1767415167036,739.2000122070312,78.08000183105469
1767415167049,733.2000122070312,79.08000183105469
1767415167055,726.2000122070312,80.08000183105469
1767415167060,721.2000122070312,82.08000183105469
1767415167068,717.2000122070312,83.08000183105469
1767415167076,717.2000122070312,84.08000183105469
1767415167089,716.2000122070312,84.08000183105469
1767415167359,716.2000122070312,86.08000183105469
1767415167366,716.2000122070312,86.08000183105469
1767415167374,716.2000122070312,86.08000183105469
1767415167386,714.2000122070312,87.08000183105469
1767415167392,714.2000122070312,88.08000183105469
1767415167398,713.2000122070312,89.08000183105469
1767415167406,712.2000122070312,89.08000183105469
1767415167414,711.2000122070312,90.08000183105469
1767415167426,710.2000122070312,91.08000183105469
1767415167432,710.2000122070312,91.08000183105469
1767415167438,710.2000122070312,92.08000183105469
1767415167446,709.2000122070312,93.08000183105469
1767415167454,708.2000122070312,93.08000183105469
1767415167472,707.2000122070312,94.08000183105469
1767415167489,707.2000122070312,95.08000183105469
1767415167506,706.2000122070312,96.08000183105469
1767415167566,705.2000122070312,96.08000183105469
1767415167584,704.2000122070312,96.08000183105469
1767415167597,703.2000122070312,96.08000183105469
1767415167603,703.2000122070312,96.08000183105469
1767415167624,701.2000122070312,96.08000183105469
1767415167640,701.2000122070312,97.08000183105469
1767415167857,701.2000122070312,98.08000183105469
1767415167874,701.2000122070312,99.08000183105469
1767415167882,700.2000122070312,100.08000183105469
1767415167895,700.2000122070312,100.08000183105469
1767415167900,700.2000122070312,102.08000183105469
1767415167906,698.2000122070312,102.08000183105469
1767415167914,698.2000122070312,103.08000183105469
1767415167922,698.2000122070312,104.08000183105469
1767415167935,697.2000122070312,105.08000183105469
1767415167940,696.2000122070312,105.08000183105469
1767415167946,695.2000122070312,107.08000183105469
1767415167954,694.2000122070312,108.08000183105469
1767415167962,691.2000122070312,109.08000183105469
1767415167975,689.2000122070312,110.08000183105469
1767415167980,687.2000122070312,111.08000183105469
1767415167986,685.2000122070312,112.08000183105469
1767415167994,685.2000122070312,112.08000183105469
1767415168002,684.2000122070312,112.08000183105469
1767415168018,684.2000122070312,113.08000183105469
1767415168042,684.2000122070312,114.08000183105469
1767415168050,684.2000122070312,114.08000183105469
1767415168082,684.2000122070312,115.08000183105469
1767415168090,684.2000122070312,116.08000183105469
1767415168098,684.2000122070312,118.08000183105469
1767415168112,684.2000122070312,118.08000183105469
1767415168118,686.2000122070312,120.08000183105469
1767415168123,687.2000122070312,121.08000183105469
1767415168130,690.2000122070312,123.08000183105469
1767415168146,693.2000122070312,124.08000183105469
1767415168152,695.2000122070312,125.08000183105469
1767415168158,697.2000122070312,126.08000183105469
1767415168164,700.2000122070312,127.08000183105469
1767415168172,702.2000122070312,127.08000183105469
1767415168180,705.2000122070312,128.0800018310547
1767415168188,706.2000122070312,128.0800018310547
1767415168196,707.2000122070312,128.0800018310547
1767415168209,709.2000122070312,128.0800018310547
1767415168215,710.2000122070312,128.0800018310547
1767415168220,711.2000122070312,128.0800018310547
1767415168228,712.2000122070312,128.0800018310547
1767415168252,713.2000122070312,129.0800018310547
1767415168260,714.2000122070312,129.0800018310547
1767415168272,715.2000122070312,129.0800018310547
1767415168308,716.2000122070312,130.0800018310547
1767415168316,716.2000122070312,130.0800018310547
1767415168332,718.2000122070312,130.0800018310547
1767415168340,721.2000122070312,130.0800018310547
1767415168352,722.2000122070312,130.0800018310547
1767415168358,725.2000122070312,131.0800018310547
1767415168364,728.2000122070312,131.0800018310547
1767415168372,730.2000122070312,131.0800018310547
1767415168380,732.2000122070312,132.0800018310547
1767415168392,735.2000122070312,132.0800018310547
1767415168398,737.2000122070312,132.0800018310547
1767415168404,741.2000122070312,132.0800018310547
1767415168412,744.2000122070312,132.0800018310547
1767415168426,749.2000122070312,132.0800018310547
1767415168432,751.2000122070312,132.0800018310547
1767415168438,756.2000122070312,132.0800018310547
1767415168446,758.2000122070312,132.0800018310547
1767415168454,760.2000122070312,132.0800018310547
1767415168466,762.2000122070312,130.0800018310547
1767415168472,764.2000122070312,130.0800018310547
1767415168478,764.2000122070312,129.0800018310547
1767415168495,765.2000122070312,128.0800018310547
1767415168502,766.2000122070312,127.08000183105469
1767415168510,767.2000122070312,126.08000183105469
1767415168523,769.2000122070312,125.08000183105469
1767415168529,769.2000122070312,123.08000183105469
1767415168546,772.2000122070312,120.08000183105469
1767415168552,773.2000122070312,118.08000183105469
1767415168558,775.2000122070312,114.08000183105469
1767415168566,776.2000122070312,112.08000183105469
1767415168574,777.2000122070312,110.08000183105469
1767415168586,778.2000122070312,107.08000183105469
1767415168592,779.2000122070312,104.08000183105469
1767415168609,781.2000122070312,100.08000183105469
1767415168615,782.2000122070312,98.08000183105469
1767415168623,782.2000122070312,96.08000183105469
1767415168630,783.2000122070312,94.08000183105469
1767415168643,783.2000122070312,92.08000183105469
1767415168649,783.2000122070312,90.08000183105469
1767415168655,785.2000122070312,88.08000183105469
1767415168662,785.2000122070312,87.08000183105469
1767415168670,785.2000122070312,84.08000183105469
1767415168683,786.2000122070312,82.08000183105469
1767415168690,786.2000122070312,82.08000183105469
1767415168706,786.2000122070312,80.08000183105469
1767415168712,786.2000122070312,79.08000183105469
1767415168729,786.2000122070312,79.08000183105469
1767415168885,786.2000122070312,77.08000183105469
1767415168892,787.2000122070312,75.08000183105469
1767415168900,787.2000122070312,72.08000183105469
1767415168912,787.2000122070312,70.08000183105469
1767415168918,787.2000122070312,68.08000183105469
1767415168924,788.2000122070312,65.08000183105469
1767415168932,788.2000122070312,63.08000183105469
1767415168940,788.2000122070312,63.08000183105469
1767415168952,788.2000122070312,61.08000183105469
1767415168969,788.2000122070312,60.08000183105469
1767415169233,788.2000122070312,59.08000183105469
1767415169256,788.2000122070312,58.08000183105469
1767415169272,788.2000122070312,57.08000183105469
1767415169281,788.2000122070312,56.08000183105469
1767415169296,788.2000122070312,54.08000183105469
1767415169304,788.2000122070312,53.08000183105469
1767415169318,788.2000122070312,52.08000183105469
1767415169323,788.2000122070312,50.08000183105469
1767415169329,788.2000122070312,50.08000183105469
1767415169336,789.2000122070312,48.08000183105469
1767415169344,789.2000122070312,47.08000183105469
1767415169358,789.2000122070312,45.08000183105469
1767415169363,789.2000122070312,44.08000183105469
1767415169369,789.2000122070312,43.08000183105469
1767415169376,789.2000122070312,42.08000183105469
1767415169384,789.2000122070312,41.08000183105469
1767415169398,789.2000122070312,40.08000183105469
1767415169408,789.2000122070312,39.08000183105469
1767415169421,789.2000122070312,38.08000183105469
1767415169426,789.2000122070312,37.08000183105469
1767415169432,787.2000122070312,36.08000183105469
1767415169440,785.2000122070312,34.08000183105469
1767415169448,783.2000122070312,34.08000183105469
1767415169464,781.2000122070312,34.08000183105469
1767415169472,780.2000122070312,34.08000183105469
1767415169480,780.2000122070312,34.08000183105469
1767415169488,778.2000122070312,34.08000183105469
1767415169501,778.2000122070312,36.08000183105469
1767415169506,778.2000122070312,40.08000183105469
1767415169512,778.2000122070312,43.08000183105469
1767415169520,778.2000122070312,47.08000183105469
1767415169528,778.2000122070312,51.08000183105469
1767415169541,778.2000122070312,55.08000183105469
1767415169546,779.2000122070312,58.08000183105469
1767415169554,780.2000122070312,61.08000183105469
1767415169562,782.2000122070312,64.08000183105469
1767415169575,785.2000122070312,66.08000183105469
1767415169581,787.2000122070312,68.08000183105469
1767415169586,789.2000122070312,70.08000183105469
1767415169594,792.2000122070312,70.08000183105469
1767415169602,793.2000122070312,71.08000183105469
1767415169615,796.2000122070312,71.08000183105469
1767415169621,796.2000122070312,71.08000183105469
1767415169626,798.2000122070312,71.08000183105469
1767415169634,801.2000122070312,70.08000183105469
1767415169642,802.2000122070312,68.08000183105469
1767415169655,804.2000122070312,66.08000183105469
1767415169661,805.2000122070312,63.08000183105469
1767415169666,805.2000122070312,60.08000183105469
1767415169674,805.2000122070312,57.08000183105469
1767415169682,805.2000122070312,54.08000183105469
1767415169695,805.2000122070312,48.08000183105469
1767415169701,803.2000122070312,44.08000183105469
1767415169706,801.2000122070312,40.08000183105469
1767415169714,799.2000122070312,36.08000183105469
1767415169722,796.2000122070312,32.08000183105469
1767415169735,791.2000122070312,28.080001831054688
1767415169741,787.2000122070312,24.080001831054688
1767415169748,781.2000122070312,20.080001831054688
1767415169754,775.2000122070312,17.080001831054688
1767415169762,771.2000122070312,15.080001831054688
1767415169775,769.2000122070312,15.080001831054688
1767415169781,767.2000122070312,15.080001831054688
1767415169786,765.2000122070312,15.080001831054688
1767415169794,764.2000122070312,15.080001831054688
1767415169802,762.2000122070312,16.080001831054688
1767415169815,760.2000122070312,20.080001831054688
1767415169821,758.2000122070312,26.080001831054688
1767415169828,758.2000122070312,32.08000183105469
1767415169836,758.2000122070312,38.08000183105469
1767415169849,758.2000122070312,45.08000183105469
1767415169855,758.2000122070312,50.08000183105469
1767415169861,759.2000122070312,54.08000183105469
1767415169868,762.2000122070312,61.08000183105469
1767415169876,764.2000122070312,64.08000183105469
1767415169889,766.2000122070312,67.08000183105469
1767415169895,769.2000122070312,70.08000183105469
1767415169901,770.2000122070312,71.08000183105469
1767415169908,772.2000122070312,72.08000183105469
1767415169916,773.2000122070312,72.08000183105469
1767415169929,775.2000122070312,72.08000183105469
1767415169935,776.2000122070312,72.08000183105469
1767415169941,778.2000122070312,71.08000183105469
1767415169948,780.2000122070312,69.08000183105469
1767415169956,782.2000122070312,68.08000183105469
1767415169969,783.2000122070312,64.08000183105469
1767415169975,783.2000122070312,60.08000183105469
1767415169981,785.2000122070312,56.08000183105469
1767415169988,785.2000122070312,52.08000183105469
1767415169996,785.2000122070312,47.08000183105469
1767415170009,786.2000122070312,43.08000183105469
1767415170015,786.2000122070312,36.08000183105469
1767415170021,786.2000122070312,32.08000183105469
1767415170028,786.2000122070312,28.080001831054688
1767415170036,784.2000122070312,24.080001831054688
1767415170049,783.2000122070312,22.080001831054688
1767415170055,781.2000122070312,21.080001831054688
1767415170061,781.2000122070312,20.080001831054688
1767415170068,780.2000122070312,20.080001831054688
1767415170076,780.2000122070312,20.080001831054688
1767415170089,777.2000122070312,22.080001831054688
1767415170095,774.2000122070312,25.080001831054688
1767415170102,771.2000122070312,31.080001831054688
1767415170110,767.2000122070312,38.08000183105469
1767415170124,765.2000122070312,44.08000183105469
1767415170129,765.2000122070312,49.08000183105469
1767415170135,764.2000122070312,56.08000183105469
1767415170142,764.2000122070312,62.08000183105469
1767415170150,765.2000122070312,68.08000183105469
1767415170164,767.2000122070312,71.08000183105469
1767415170169,769.2000122070312,75.08000183105469
1767415170175,771.2000122070312,77.08000183105469
1767415170182,773.2000122070312,78.08000183105469
1767415170190,773.2000122070312,78.08000183105469
1767415170204,774.2000122070312,78.08000183105469
1767415170209,776.2000122070312,78.08000183105469
1767415170215,777.2000122070312,78.08000183105469
1767415170222,778.2000122070312,76.08000183105469
1767415170230,780.2000122070312,74.08000183105469
1767415170244,782.2000122070312,71.08000183105469
1767415170249,783.2000122070312,66.08000183105469
1767415170255,783.2000122070312,63.08000183105469
1767415170262,783.2000122070312,58.08000183105469
1767415170270,783.2000122070312,53.08000183105469
1767415170284,783.2000122070312,48.08000183105469
1767415170289,783.2000122070312,43.08000183105469
1767415170295,781.2000122070312,39.08000183105469
1767415170302,780.2000122070312,36.08000183105469
1767415170310,776.2000122070312,32.08000183105469
1767415170324,773.2000122070312,28.080001831054688
1767415170329,769.2000122070312,25.080001831054688
1767415170335,767.2000122070312,24.080001831054688
1767415170342,764.2000122070312,24.080001831054688
1767415170350,762.2000122070312,24.080001831054688
1767415170364,761.2000122070312,26.080001831054688
1767415170369,758.2000122070312,32.08000183105469
1767415170376,756.2000122070312,36.08000183105469
1767415170384,754.2000122070312,43.08000183105469
1767415170398,753.2000122070312,48.08000183105469
1767415170404,751.2000122070312,56.08000183105469
1767415170410,751.2000122070312,64.08000183105469
1767415170416,753.2000122070312,70.08000183105469
1767415170424,754.2000122070312,74.08000183105469
1767415170438,756.2000122070312,77.08000183105469
1767415170444,757.2000122070312,80.08000183105469
1767415170449,759.2000122070312,81.08000183105469
1767415170456,760.2000122070312,81.08000183105469
1767415170464,762.2000122070312,82.08000183105469
1767415170478,764.2000122070312,82.08000183105469
1767415170484,766.2000122070312,82.08000183105469
1767415170489,769.2000122070312,81.08000183105469
1767415170496,772.2000122070312,79.08000183105469
1767415170504,774.2000122070312,75.08000183105469
1767415170518,776.2000122070312,72.08000183105469
1767415170524,778.2000122070312,68.08000183105469
1767415170529,779.2000122070312,64.08000183105469
1767415170536,780.2000122070312,59.08000183105469
1767415170544,782.2000122070312,52.08000183105469
1767415170552,783.2000122070312,49.08000183105469
1767415170560,783.2000122070312,43.08000183105469
1767415170568,783.2000122070312,39.08000183105469
1767415170581,783.2000122070312,34.08000183105469
1767415170587,783.2000122070312,31.080001831054688
1767415170592,783.2000122070312,29.080001831054688
1767415170600,783.2000122070312,28.080001831054688
1767415170608,781.2000122070312,28.080001831054688
1767415170632,781.2000122070312,28.080001831054688
1767415170640,781.2000122070312,29.080001831054688
1767415170648,780.2000122070312,33.08000183105469
1767415170661,778.2000122070312,38.08000183105469
1767415170667,777.2000122070312,43.08000183105469
1767415170674,777.2000122070312,51.08000183105469
1767415170682,777.2000122070312,56.08000183105469
1767415170695,778.2000122070312,61.08000183105469
1767415170701,780.2000122070312,65.08000183105469
1767415170707,781.2000122070312,67.08000183105469
1767415170714,783.2000122070312,70.08000183105469
1767415170722,785.2000122070312,71.08000183105469
1767415170735,788.2000122070312,72.08000183105469
1767415170741,789.2000122070312,72.08000183105469
1767415170747,790.2000122070312,72.08000183105469
1767415170754,791.2000122070312,72.08000183105469
1767415170762,793.2000122070312,71.08000183105469
1767415170775,796.2000122070312,68.08000183105469
1767415170781,798.2000122070312,64.08000183105469
1767415170787,799.2000122070312,61.08000183105469
1767415170794,799.2000122070312,57.08000183105469
1767415170802,799.2000122070312,52.08000183105469
1767415170815,799.2000122070312,48.08000183105469
1767415170821,799.2000122070312,43.08000183105469
1767415170827,799.2000122070312,39.08000183105469
1767415170834,799.2000122070312,34.08000183105469
1767415170842,797.2000122070312,31.080001831054688
1767415170855,794.2000122070312,29.080001831054688
1767415170861,791.2000122070312,27.080001831054688
1767415170867,787.2000122070312,25.080001831054688
1767415170874,783.2000122070312,25.080001831054688
1767415170882,778.2000122070312,25.080001831054688
1767415170895,775.2000122070312,26.080001831054688
1767415170901,772.2000122070312,30.080001831054688
1767415170907,770.2000122070312,36.08000183105469
1767415170914,765.2000122070312,45.08000183105469
1767415170922,764.2000122070312,52.08000183105469
1767415170935,762.2000122070312,65.08000183105469
1767415170941,761.2000122070312,74.08000183105469
1767415170948,761.2000122070312,89.08000183105469
1767415170956,761.2000122070312,97.08000183105469
1767415170969,763.2000122070312,106.08000183105469
1767415170975,766.2000122070312,113.08000183105469
1767415170981,769.2000122070312,120.08000183105469
1767415170989,772.2000122070312,123.08000183105469
1767415170996,774.2000122070312,126.08000183105469
1767415171009,776.2000122070312,128.0800018310547
1767415171015,778.2000122070312,128.0800018310547
1767415171021,780.2000122070312,128.0800018310547
1767415171028,780.2000122070312,128.0800018310547
1767415171036,781.2000122070312,128.0800018310547
1767415171049,782.2000122070312,127.08000183105469
1767415171055,783.2000122070312,126.08000183105469
1767415171061,785.2000122070312,123.08000183105469
1767415171068,785.2000122070312,120.08000183105469
1767415171076,787.2000122070312,116.08000183105469
1767415171090,788.2000122070312,113.08000183105469
1767415171095,789.2000122070312,108.08000183105469
1767415171101,790.2000122070312,104.08000183105469
1767415171108,791.2000122070312,100.08000183105469
1767415171116,791.2000122070312,100.08000183105469
1767415171148,790.2000122070312,100.08000183105469
1767415171156,788.2000122070312,102.08000183105469
1767415171170,785.2000122070312,107.08000183105469
1767415171175,783.2000122070312,113.08000183105469
1767415171181,780.2000122070312,121.08000183105469
1767415171188,778.2000122070312,128.0800018310547
1767415171196,777.2000122070312,134.0800018310547
1767415171210,776.2000122070312,144.0800018310547
1767415171215,776.2000122070312,148.0800018310547
1767415171222,776.2000122070312,153.0800018310547
1767415171230,776.2000122070312,156.0800018310547
1767415171244,777.2000122070312,158.0800018310547
1767415171250,777.2000122070312,159.0800018310547
1767415171255,777.2000122070312,160.0800018310547
1767415171272,778.2000122070312,160.0800018310547
1767415171290,779.2000122070312,159.0800018310547
1767415171295,780.2000122070312,156.0800018310547
1767415171302,780.2000122070312,153.0800018310547
1767415171310,780.2000122070312,149.0800018310547
1767415171324,780.2000122070312,145.0800018310547
1767415171330,777.2000122070312,139.0800018310547
1767415171335,775.2000122070312,133.0800018310547
1767415171342,772.2000122070312,128.0800018310547
1767415171350,769.2000122070312,123.08000183105469
1767415171364,765.2000122070312,120.08000183105469
1767415171370,762.2000122070312,117.08000183105469
1767415171375,755.2000122070312,114.08000183105469
1767415171382,751.2000122070312,114.08000183105469
1767415171390,748.2000122070312,114.08000183105469
1767415171404,746.2000122070312,114.08000183105469
1767415171410,744.2000122070312,116.08000183105469
1767415171415,741.2000122070312,121.08000183105469
1767415171422,739.2000122070312,125.08000183105469
1767415171430,735.2000122070312,131.0800018310547
1767415171444,733.2000122070312,135.0800018310547
1767415171450,732.2000122070312,140.0800018310547
1767415171455,732.2000122070312,144.0800018310547
1767415171462,732.2000122070312,148.0800018310547
1767415171470,732.2000122070312,152.0800018310547
1767415171484,733.2000122070312,154.0800018310547
1767415171490,735.2000122070312,157.0800018310547
1767415171495,735.2000122070312,157.0800018310547
1767415171502,737.2000122070312,158.0800018310547
1767415171512,737.2000122070312,158.0800018310547
1767415171520,739.2000122070312,158.0800018310547
1767415171528,741.2000122070312,158.0800018310547
1767415171541,744.2000122070312,158.0800018310547
1767415171547,748.2000122070312,155.0800018310547
1767415171552,751.2000122070312,152.0800018310547
1767415171560,756.2000122070312,148.0800018310547
1767415171568,759.2000122070312,143.0800018310547
1767415171581,760.2000122070312,140.0800018310547
1767415171587,762.2000122070312,135.0800018310547
1767415171592,764.2000122070312,129.0800018310547
1767415171600,764.2000122070312,125.08000183105469
1767415171608,764.2000122070312,121.08000183105469
1767415171621,764.2000122070312,117.08000183105469
1767415171627,762.2000122070312,114.08000183105469
1767415171632,762.2000122070312,112.08000183105469
1767415171640,760.2000122070312,111.08000183105469
1767415171648,758.2000122070312,111.08000183105469
1767415171661,757.2000122070312,111.08000183105469
1767415171667,755.2000122070312,112.08000183105469
1767415171672,751.2000122070312,115.08000183105469
1767415171681,746.2000122070312,121.08000183105469
1767415171688,742.2000122070312,125.08000183105469
1767415171701,740.2000122070312,129.0800018310547
1767415171707,735.2000122070312,134.0800018310547
1767415171712,732.2000122070312,141.0800018310547
1767415171720,728.2000122070312,144.0800018310547
1767415171728,726.2000122070312,148.0800018310547
1767415171741,726.2000122070312,151.0800018310547
1767415171747,725.2000122070312,153.0800018310547
1767415171752,725.2000122070312,154.0800018310547
1767415171802,725.2000122070312,153.0800018310547
1767415171815,725.2000122070312,151.0800018310547
1767415171821,726.2000122070312,148.0800018310547
1767415171827,726.2000122070312,144.0800018310547
1767415171834,726.2000122070312,141.0800018310547
1767415171842,726.2000122070312,137.0800018310547
1767415171855,726.2000122070312,133.0800018310547
1767415171861,724.2000122070312,127.08000183105469
1767415171867,723.2000122070312,124.08000183105469
1767415171874,721.2000122070312,123.08000183105469
1767415171882,720.2000122070312,121.08000183105469
1767415171895,719.2000122070312,121.08000183105469
1767415171906,719.2000122070312,121.08000183105469
1767415171914,717.2000122070312,122.08000183105469
1767415171922,716.2000122070312,125.08000183105469
1767415171936,714.2000122070312,130.0800018310547
1767415171941,713.2000122070312,134.0800018310547
1767415171947,712.2000122070312,138.0800018310547
1767415171954,712.2000122070312,141.0800018310547
1767415171962,712.2000122070312,144.0800018310547
1767415171976,712.2000122070312,147.0800018310547
1767415171981,712.2000122070312,148.0800018310547
1767415171987,712.2000122070312,150.0800018310547
1767415171996,713.2000122070312,151.0800018310547
1767415172002,715.2000122070312,153.0800018310547
1767415172018,716.2000122070312,153.0800018310547
1767415172026,716.2000122070312,153.0800018310547
1767415172034,719.2000122070312,153.0800018310547
1767415172042,723.2000122070312,150.0800018310547
1767415172055,725.2000122070312,148.0800018310547
1767415172061,728.2000122070312,145.0800018310547
1767415172067,729.2000122070312,142.0800018310547
1767415172076,731.2000122070312,138.0800018310547
1767415172090,732.2000122070312,134.0800018310547
1767415172095,732.2000122070312,130.0800018310547
1767415172101,732.2000122070312,126.08000183105469
1767415172108,732.2000122070312,122.08000183105469
1767415172116,732.2000122070312,116.08000183105469
1767415172130,732.2000122070312,112.08000183105469
1767415172136,730.2000122070312,109.08000183105469
1767415172141,727.2000122070312,107.08000183105469
1767415172148,726.2000122070312,106.08000183105469
1767415172156,725.2000122070312,105.08000183105469
1767415172170,724.2000122070312,105.08000183105469
1767415172175,723.2000122070312,105.08000183105469
1767415172181,722.2000122070312,107.08000183105469
1767415172188,719.2000122070312,112.08000183105469
1767415172196,717.2000122070312,116.08000183105469
1767415172210,717.2000122070312,122.08000183105469
1767415172215,717.2000122070312,128.0800018310547
1767415172221,717.2000122070312,134.0800018310547
1767415172228,717.2000122070312,138.0800018310547
1767415172236,717.2000122070312,142.0800018310547
1767415172250,719.2000122070312,144.0800018310547
1767415172255,719.2000122070312,145.0800018310547
1767415172261,721.2000122070312,146.0800018310547
1767415172268,721.2000122070312,146.0800018310547
1767415172285,722.2000122070312,146.0800018310547
1767415172292,723.2000122070312,146.0800018310547
1767415172300,724.2000122070312,146.0800018310547
1767415172308,725.2000122070312,144.0800018310547
1767415172316,727.2000122070312,142.0800018310547
1767415172330,728.2000122070312,139.0800018310547
1767415172335,728.2000122070312,136.0800018310547
1767415172341,729.2000122070312,130.0800018310547
1767415172350,729.2000122070312,125.08000183105469
1767415172358,730.2000122070312,120.08000183105469
1767415172366,731.2000122070312,116.08000183105469
1767415172374,732.2000122070312,111.08000183105469
1767415172387,732.2000122070312,109.08000183105469
1767415172393,732.2000122070312,108.08000183105469
1767415172430,732.2000122070312,110.08000183105469
1767415172444,732.2000122070312,114.08000183105469
1767415172450,732.2000122070312,119.08000183105469
1767415172456,732.2000122070312,125.08000183105469
1767415172462,733.2000122070312,129.0800018310547
1767415172470,735.2000122070312,134.0800018310547
1767415172478,737.2000122070312,137.0800018310547
1767415172486,739.2000122070312,141.0800018310547
1767415172494,741.2000122070312,142.0800018310547
1767415172507,743.2000122070312,144.0800018310547
1767415172513,745.2000122070312,145.0800018310547
1767415172518,746.2000122070312,146.0800018310547
1767415172526,750.2000122070312,146.0800018310547
1767415172534,753.2000122070312,146.0800018310547
1767415172547,757.2000122070312,146.0800018310547
1767415172553,760.2000122070312,145.0800018310547
1767415172558,764.2000122070312,143.0800018310547
1767415172566,769.2000122070312,139.0800018310547
1767415172574,775.2000122070312,136.0800018310547
1767415172587,780.2000122070312,132.0800018310547
1767415172593,783.2000122070312,127.08000183105469
1767415172598,786.2000122070312,122.08000183105469
1767415172606,789.2000122070312,116.08000183105469
1767415172614,789.2000122070312,111.08000183105469
1767415172627,789.2000122070312,107.08000183105469
1767415172633,789.2000122070312,106.08000183105469
1767415172640,789.2000122070312,104.08000183105469
1767415172648,788.2000122070312,104.08000183105469
1767415172661,787.2000122070312,103.08000183105469
1767415172667,787.2000122070312,103.08000183105469
1767415172673,786.2000122070312,103.08000183105469
1767415172680,785.2000122070312,103.08000183105469
1767415172688,783.2000122070312,105.08000183105469
1767415172701,783.2000122070312,109.08000183105469
1767415172707,781.2000122070312,113.08000183105469
1767415172713,780.2000122070312,118.08000183105469
1767415172720,780.2000122070312,123.08000183105469
1767415172728,780.2000122070312,128.0800018310547
1767415172741,780.2000122070312,132.0800018310547
1767415172747,780.2000122070312,136.0800018310547
1767415172753,781.2000122070312,138.0800018310547
1767415172760,783.2000122070312,140.0800018310547
1767415172768,783.2000122070312,141.0800018310547
1767415172781,785.2000122070312,141.0800018310547
1767415172787,785.2000122070312,141.0800018310547
1767415172793,785.2000122070312,141.0800018310547
1767415172800,786.2000122070312,141.0800018310547
1767415172808,788.2000122070312,141.0800018310547
1767415172821,789.2000122070312,140.0800018310547
1767415172827,791.2000122070312,138.0800018310547
1767415172833,793.2000122070312,136.0800018310547
1767415172840,795.2000122070312,132.0800018310547
1767415172848,795.2000122070312,129.0800018310547
1767415172861,796.2000122070312,125.08000183105469
1767415172867,796.2000122070312,120.08000183105469
1767415172873,796.2000122070312,116.08000183105469
1767415172880,796.2000122070312,110.08000183105469
1767415172888,796.2000122070312,106.08000183105469
1767415172901,794.2000122070312,104.08000183105469
1767415172907,793.2000122070312,102.08000183105469
1767415172914,793.2000122070312,101.08000183105469
1767415172938,792.2000122070312,101.08000183105469
1767415172946,791.2000122070312,103.08000183105469
1767415172954,791.2000122070312,107.08000183105469
1767415172962,791.2000122070312,112.08000183105469
1767415172976,792.2000122070312,118.08000183105469
1767415172981,793.2000122070312,124.08000183105469
1767415172987,795.2000122070312,129.0800018310547
1767415172994,797.2000122070312,134.0800018310547
1767415173002,799.2000122070312,138.0800018310547
1767415173016,802.2000122070312,141.0800018310547
1767415173021,804.2000122070312,143.0800018310547
1767415173027,805.2000122070312,143.0800018310547
1767415173034,806.2000122070312,144.0800018310547
1767415173042,808.2000122070312,144.0800018310547
1767415173056,809.2000122070312,143.0800018310547
1767415173061,811.2000122070312,142.0800018310547
1767415173067,813.2000122070312,139.0800018310547
1767415173074,815.2000122070312,137.0800018310547
1767415173082,817.2000122070312,135.0800018310547
1767415173096,818.2000122070312,130.0800018310547
1767415173101,819.2000122070312,126.08000183105469
1767415173107,821.2000122070312,122.08000183105469
1767415173114,821.2000122070312,117.08000183105469
1767415173122,821.2000122070312,114.08000183105469
1767415173136,821.2000122070312,111.08000183105469
1767415173141,820.2000122070312,110.08000183105469
1767415173147,819.2000122070312,108.08000183105469
1767415173154,815.2000122070312,107.08000183105469
1767415173162,812.2000122070312,106.08000183105469
1767415173176,806.2000122070312,106.08000183105469
1767415173181,803.2000122070312,106.08000183105469
1767415173187,801.2000122070312,109.08000183105469
1767415173196,799.2000122070312,114.08000183105469
1767415173210,797.2000122070312,119.08000183105469
1767415173216,796.2000122070312,123.08000183105469
1767415173221,794.2000122070312,128.0800018310547
1767415173228,794.2000122070312,135.0800018310547
1767415173236,794.2000122070312,139.0800018310547
1767415173250,794.2000122070312,143.0800018310547
1767415173256,796.2000122070312,146.0800018310547
1767415173261,797.2000122070312,148.0800018310547
1767415173268,799.2000122070312,151.0800018310547
1767415173276,801.2000122070312,152.0800018310547
1767415173290,802.2000122070312,152.0800018310547
1767415173296,803.2000122070312,152.0800018310547
1767415173301,805.2000122070312,152.0800018310547
1767415173308,807.2000122070312,152.0800018310547
1767415173316,809.2000122070312,150.0800018310547
1767415173330,812.2000122070312,148.0800018310547
1767415173336,815.2000122070312,145.0800018310547
1767415173341,818.2000122070312,142.0800018310547
1767415173348,821.2000122070312,138.0800018310547
1767415173356,822.2000122070312,134.0800018310547
1767415173364,824.2000122070312,129.0800018310547
1767415173372,825.2000122070312,123.08000183105469
1767415173380,826.2000122070312,120.08000183105469
1767415173388,827.2000122070312,116.08000183105469
1767415173396,828.2000122070312,116.08000183105469
1767415173436,828.2000122070312,116.08000183105469
1767415173450,828.2000122070312,121.08000183105469
1767415173456,826.2000122070312,126.08000183105469
1767415173462,826.2000122070312,132.0800018310547
1767415173470,826.2000122070312,137.0800018310547
1767415173478,827.2000122070312,141.0800018310547
1767415173484,828.2000122070312,144.0800018310547
1767415173494,828.2000122070312,146.0800018310547
1767415173502,831.2000122070312,148.0800018310547
1767415173510,831.2000122070312,150.0800018310547
1767415173518,833.2000122070312,150.0800018310547
1767415173526,833.2000122070312,150.0800018310547
1767415173542,834.2000122070312,150.0800018310547
1767415173550,835.2000122070312,149.0800018310547
1767415173558,837.2000122070312,146.0800018310547
1767415173566,837.2000122070312,143.0800018310547
1767415173574,837.2000122070312,140.0800018310547
1767415173587,837.2000122070312,136.0800018310547
1767415173593,837.2000122070312,132.0800018310547
1767415173599,837.2000122070312,127.08000183105469
1767415173606,837.2000122070312,124.08000183105469
1767415173614,837.2000122070312,120.08000183105469
1767415173627,837.2000122070312,116.08000183105469
1767415173633,836.2000122070312,114.08000183105469
1767415173639,836.2000122070312,114.08000183105469
1767415173648,835.2000122070312,114.08000183105469
1767415173664,835.2000122070312,114.08000183105469
1767415173670,833.2000122070312,114.08000183105469
1767415173678,831.2000122070312,116.08000183105469
1767415173686,829.2000122070312,123.08000183105469
1767415173694,829.2000122070312,129.0800018310547
1767415173707,828.2000122070312,137.0800018310547
1767415173713,828.2000122070312,142.0800018310547
1767415173719,828.2000122070312,148.0800018310547
1767415173726,828.2000122070312,155.0800018310547
1767415173734,828.2000122070312,160.0800018310547
1767415173747,828.2000122070312,164.0800018310547
1767415173753,828.2000122070312,168.0800018310547
1767415173760,830.2000122070312,170.0800018310547
1767415173776,831.2000122070312,171.0800018310547
1767415173793,833.2000122070312,171.0800018310547
1767415173800,834.2000122070312,171.0800018310547
1767415173808,837.2000122070312,170.0800018310547
1767415173821,838.2000122070312,168.0800018310547
1767415173827,840.2000122070312,164.0800018310547
1767415173833,843.2000122070312,159.0800018310547
1767415173840,844.2000122070312,155.0800018310547
1767415173848,844.2000122070312,151.0800018310547
1767415173862,845.2000122070312,146.0800018310547
1767415173867,845.2000122070312,144.0800018310547
1767415173873,846.2000122070312,143.0800018310547
1767415173904,846.2000122070312,143.0800018310547
1767415173913,846.2000122070312,145.0800018310547
1767415173925,846.2000122070312,150.0800018310547
1767415173930,847.2000122070312,156.0800018310547
1767415173936,847.2000122070312,163.0800018310547
1767415173944,849.2000122070312,168.0800018310547
1767415173952,849.2000122070312,172.0800018310547
1767415173960,851.2000122070312,173.0800018310547
1767415173968,851.2000122070312,174.0800018310547
1767415173984,852.2000122070312,174.0800018310547
1767415174016,852.2000122070312,172.0800018310547
1767415174024,852.2000122070312,170.0800018310547
1767415174032,852.2000122070312,167.0800018310547
1767415174042,851.2000122070312,162.0800018310547
1767415174056,851.2000122070312,158.0800018310547
1767415174062,849.2000122070312,152.0800018310547
1767415174067,847.2000122070312,143.0800018310547
1767415174074,845.2000122070312,137.0800018310547
1767415174082,842.2000122070312,132.0800018310547
1767415174096,838.2000122070312,125.08000183105469
1767415174102,834.2000122070312,120.08000183105469
1767415174107,823.2000122070312,114.08000183105469
1767415174114,813.2000122070312,110.08000183105469
1767415174122,804.2000122070312,107.08000183105469
1767415174136,792.2000122070312,105.08000183105469
1767415174142,783.2000122070312,105.08000183105469
1767415174147,778.2000122070312,106.08000183105469
1767415174154,774.2000122070312,109.08000183105469
1767415174162,768.2000122070312,118.08000183105469
1767415174176,765.2000122070312,125.08000183105469
1767415174182,764.2000122070312,132.0800018310547
1767415174188,762.2000122070312,141.0800018310547
1767415174194,762.2000122070312,144.0800018310547
1767415174202,764.2000122070312,150.0800018310547
1767415174216,764.2000122070312,153.0800018310547
1767415174222,766.2000122070312,155.0800018310547
1767415174227,767.2000122070312,156.0800018310547
1767415174234,767.2000122070312,156.0800018310547
1767415174242,769.2000122070312,156.0800018310547
1767415174256,769.2000122070312,156.0800018310547
1767415174262,772.2000122070312,156.0800018310547
1767415174267,774.2000122070312,155.0800018310547
1767415174274,776.2000122070312,152.0800018310547
1767415174282,778.2000122070312,149.0800018310547
1767415174296,780.2000122070312,145.0800018310547
1767415174302,780.2000122070312,140.0800018310547
1767415174307,781.2000122070312,135.0800018310547
1767415174316,782.2000122070312,128.0800018310547
1767415174324,782.2000122070312,123.08000183105469
1767415174332,782.2000122070312,117.08000183105469
1767415174340,782.2000122070312,111.08000183105469
1767415174348,781.2000122070312,107.08000183105469
1767415174356,781.2000122070312,104.08000183105469
1767415174364,780.2000122070312,103.08000183105469
1767415174372,780.2000122070312,102.08000183105469
1767415174380,778.2000122070312,102.08000183105469
1767415174404,777.2000122070312,102.08000183105469
1767415174416,774.2000122070312,105.08000183105469
1767415174422,774.2000122070312,109.08000183105469
1767415174428,774.2000122070312,112.08000183105469
1767415174436,774.2000122070312,116.08000183105469
1767415174444,774.2000122070312,119.08000183105469
1767415174452,774.2000122070312,121.08000183105469
1767415174460,775.2000122070312,122.08000183105469
1767415174468,776.2000122070312,125.08000183105469
1767415174478,776.2000122070312,125.08000183105469
1767415174485,777.2000122070312,126.08000183105469
1767415174502,778.2000122070312,127.08000183105469
1767415174519,780.2000122070312,126.08000183105469
1767415174525,782.2000122070312,123.08000183105469
1767415174532,783.2000122070312,120.08000183105469
1767415174548,783.2000122070312,116.08000183105469
1767415174553,783.2000122070312,113.08000183105469
1767415174559,783.2000122070312,110.08000183105469
1767415174565,783.2000122070312,106.08000183105469
1767415174572,781.2000122070312,104.08000183105469
1767415174580,781.2000122070312,103.08000183105469
1767415174588,780.2000122070312,101.08000183105469
1767415174598,775.2000122070312,100.08000183105469
1767415174605,767.2000122070312,100.08000183105469
1767415174614,758.2000122070312,102.08000183105469
1767415174628,751.2000122070312,105.08000183105469
1767415174633,745.2000122070312,110.08000183105469
1767415174639,741.2000122070312,116.08000183105469
1767415174646,737.2000122070312,124.08000183105469
1767415174654,733.2000122070312,135.0800018310547
1767415174667,733.2000122070312,141.0800018310547
1767415174673,733.2000122070312,148.0800018310547
1767415174679,733.2000122070312,154.0800018310547
1767415174686,733.2000122070312,159.0800018310547
1767415174694,734.2000122070312,163.0800018310547
1767415174707,737.2000122070312,166.0800018310547
1767415174713,738.2000122070312,168.0800018310547
1767415174719,739.2000122070312,169.0800018310547
1767415174726,741.2000122070312,169.0800018310547
1767415174734,742.2000122070312,169.0800018310547
1767415174747,744.2000122070312,169.0800018310547
1767415174753,748.2000122070312,168.0800018310547
1767415174759,751.2000122070312,167.0800018310547
1767415174766,755.2000122070312,164.0800018310547
1767415174774,759.2000122070312,159.0800018310547
1767415174782,761.2000122070312,156.0800018310547
1767415174790,764.2000122070312,152.0800018310547
1767415174798,767.2000122070312,143.0800018310547
1767415174806,769.2000122070312,137.0800018310547
1767415174814,769.2000122070312,130.0800018310547
1767415174828,769.2000122070312,127.08000183105469
1767415174833,769.2000122070312,123.08000183105469
1767415174839,768.2000122070312,119.08000183105469
1767415174846,764.2000122070312,116.08000183105469
1767415174854,762.2000122070312,116.08000183105469
1767415174867,760.2000122070312,114.08000183105469
1767415174873,758.2000122070312,114.08000183105469
1767415174880,756.2000122070312,116.08000183105469
1767415174888,753.2000122070312,119.08000183105469
1767415174902,748.2000122070312,125.08000183105469
1767415174908,744.2000122070312,132.0800018310547
1767415174913,739.2000122070312,142.0800018310547
1767415174920,732.2000122070312,153.0800018310547
1767415174928,729.2000122070312,160.0800018310547
1767415174942,726.2000122070312,168.0800018310547
1767415174948,723.2000122070312,175.0800018310547
1767415174953,723.2000122070312,182.0800018310547
1767415174960,723.2000122070312,185.0800018310547
1767415174968,723.2000122070312,187.0800018310547
1767415174988,723.2000122070312,188.0800018310547
1767415175008,723.2000122070312,187.0800018310547
1767415175022,725.2000122070312,186.0800018310547
1767415175028,727.2000122070312,184.0800018310547
1767415175033,730.2000122070312,180.0800018310547
1767415175040,732.2000122070312,176.0800018310547
1767415175048,733.2000122070312,172.0800018310547
1767415175062,734.2000122070312,168.0800018310547
1767415175068,735.2000122070312,162.0800018310547
1767415175073,737.2000122070312,156.0800018310547
1767415175080,737.2000122070312,152.0800018310547
1767415175088,737.2000122070312,151.0800018310547
1767415175102,737.2000122070312,150.0800018310547
1767415175128,737.2000122070312,153.0800018310547
1767415175142,737.2000122070312,158.0800018310547
1767415175148,737.2000122070312,164.0800018310547
1767415175154,738.2000122070312,173.0800018310547
1767415175162,738.2000122070312,179.0800018310547
1767415175170,741.2000122070312,189.0800018310547
1767415175178,743.2000122070312,196.0800018310547
1767415175186,747.2000122070312,205.0800018310547
1767415175194,750.2000122070312,209.0800018310547
1767415175202,753.2000122070312,214.0800018310547
1767415175210,755.2000122070312,215.0800018310547
1767415175218,757.2000122070312,217.0800018310547
1767415175226,758.2000122070312,217.0800018310547
1767415175234,760.2000122070312,217.0800018310547
1767415175242,763.2000122070312,217.0800018310547
1767415175256,766.2000122070312,216.0800018310547
1767415175262,772.2000122070312,212.0800018310547
1767415175268,775.2000122070312,208.0800018310547
1767415175274,779.2000122070312,204.0800018310547
1767415175282,781.2000122070312,199.0800018310547
1767415175290,785.2000122070312,192.0800018310547
1767415175298,785.2000122070312,185.0800018310547
1767415175306,785.2000122070312,178.0800018310547
1767415175314,785.2000122070312,172.0800018310547
1767415175322,785.2000122070312,168.0800018310547
1767415175336,783.2000122070312,164.0800018310547
1767415175342,781.2000122070312,162.0800018310547
1767415175348,778.2000122070312,159.0800018310547
1767415175354,774.2000122070312,158.0800018310547
1767415175362,770.2000122070312,158.0800018310547
1767415175371,768.2000122070312,158.0800018310547
1767415175378,765.2000122070312,161.0800018310547
1767415175386,764.2000122070312,168.0800018310547
1767415175394,762.2000122070312,175.0800018310547
1767415175402,762.2000122070312,184.0800018310547
1767415175411,761.2000122070312,192.0800018310547
1767415175418,761.2000122070312,199.0800018310547
1767415175426,761.2000122070312,205.0800018310547
1767415175436,763.2000122070312,210.0800018310547
1767415175444,764.2000122070312,214.0800018310547
1767415175452,766.2000122070312,216.0800018310547
1767415175460,766.2000122070312,217.0800018310547
1767415175473,767.2000122070312,217.0800018310547
1767415175479,767.2000122070312,217.0800018310547
1767415175485,769.2000122070312,217.0800018310547
1767415175492,772.2000122070312,216.0800018310547
1767415175500,778.2000122070312,212.0800018310547
1767415175513,782.2000122070312,207.0800018310547
1767415175519,787.2000122070312,203.0800018310547
1767415175525,792.2000122070312,197.0800018310547
1767415175532,796.2000122070312,190.0800018310547
1767415175540,801.2000122070312,182.0800018310547
1767415175554,805.2000122070312,175.0800018310547
1767415175559,807.2000122070312,166.0800018310547
1767415175565,808.2000122070312,160.0800018310547
1767415175572,808.2000122070312,156.0800018310547
1767415175580,808.2000122070312,155.0800018310547
1767415175588,807.2000122070312,154.0800018310547
1767415175596,806.2000122070312,153.0800018310547
1767415175604,803.2000122070312,153.0800018310547
1767415175612,801.2000122070312,153.0800018310547
1767415175620,797.2000122070312,155.0800018310547
1767415175628,794.2000122070312,162.0800018310547
1767415175638,793.2000122070312,167.0800018310547
1767415175645,791.2000122070312,174.0800018310547
1767415175652,790.2000122070312,180.0800018310547
1767415175668,790.2000122070312,187.0800018310547
1767415175673,790.2000122070312,192.0800018310547
1767415175679,791.2000122070312,196.0800018310547
1767415175685,792.2000122070312,200.0800018310547
1767415175692,793.2000122070312,201.0800018310547
1767415175708,794.2000122070312,202.0800018310547
1767415175713,795.2000122070312,202.0800018310547
1767415175734,796.2000122070312,202.0800018310547
1767415175748,796.2000122070312,202.0800018310547
1767415175753,798.2000122070312,200.0800018310547
1767415175759,799.2000122070312,197.0800018310547
1767415175766,801.2000122070312,193.0800018310547
1767415175774,803.2000122070312,187.0800018310547
1767415175788,804.2000122070312,185.0800018310547
1767415175793,805.2000122070312,180.0800018310547
1767415175799,805.2000122070312,175.0800018310547
1767415175806,805.2000122070312,170.0800018310547
1767415175831,805.2000122070312,169.0800018310547
1767415175838,803.2000122070312,169.0800018310547
1767415175846,800.2000122070312,169.0800018310547
1767415175854,797.2000122070312,173.0800018310547
1767415175868,794.2000122070312,180.0800018310547
1767415175873,794.2000122070312,187.0800018310547
1767415175879,794.2000122070312,195.0800018310547
1767415175886,794.2000122070312,204.0800018310547
1767415175894,794.2000122070312,210.0800018310547
1767415175908,795.2000122070312,216.0800018310547
1767415175913,796.2000122070312,220.0800018310547
1767415175919,798.2000122070312,222.0800018310547
1767415175926,799.2000122070312,224.0800018310547
1767415175934,799.2000122070312,224.0800018310547
1767415175950,801.2000122070312,224.0800018310547
1767415175958,803.2000122070312,223.0800018310547
1767415175966,806.2000122070312,220.0800018310547
1767415175974,811.2000122070312,215.0800018310547
1767415175988,814.2000122070312,212.0800018310547
1767415175993,818.2000122070312,205.0800018310547
1767415176000,822.2000122070312,198.0800018310547
1767415176008,827.2000122070312,187.0800018310547
1767415176022,829.2000122070312,178.0800018310547
1767415176028,830.2000122070312,172.0800018310547
1767415176036,830.2000122070312,166.0800018310547
1767415176044,830.2000122070312,160.0800018310547
1767415176052,830.2000122070312,157.0800018310547
1767415176060,828.2000122070312,155.0800018310547
1767415176073,826.2000122070312,154.0800018310547
1767415176079,820.2000122070312,153.0800018310547
1767415176085,815.2000122070312,153.0800018310547
1767415176092,810.2000122070312,153.0800018310547
1767415176100,806.2000122070312,156.0800018310547
1767415176113,802.2000122070312,160.0800018310547
1767415176119,799.2000122070312,168.0800018310547
1767415176125,797.2000122070312,173.0800018310547
1767415176132,794.2000122070312,180.0800018310547
1767415176140,794.2000122070312,185.0800018310547
1767415176153,793.2000122070312,189.0800018310547
1767415176159,793.2000122070312,193.0800018310547
1767415176165,793.2000122070312,196.0800018310547
1767415176172,793.2000122070312,200.0800018310547
1767415176180,793.2000122070312,201.0800018310547
1767415176193,794.2000122070312,201.0800018310547
1767415176223,795.2000122070312,201.0800018310547
1767415176228,796.2000122070312,200.0800018310547
1767415176236,797.2000122070312,197.0800018310547
1767415176244,798.2000122070312,193.0800018310547
1767415176252,799.2000122070312,189.0800018310547
1767415176260,799.2000122070312,184.0800018310547
1767415176268,799.2000122070312,178.0800018310547
1767415176276,797.2000122070312,174.0800018310547
1767415176284,796.2000122070312,168.0800018310547
1767415176294,793.2000122070312,164.0800018310547
1767415176308,790.2000122070312,162.0800018310547
1767415176313,788.2000122070312,161.0800018310547
1767415176319,783.2000122070312,161.0800018310547
1767415176326,780.2000122070312,161.0800018310547
1767415176334,775.2000122070312,161.0800018310547
1767415176348,771.2000122070312,164.0800018310547
1767415176354,765.2000122070312,170.0800018310547
1767415176359,761.2000122070312,182.0800018310547
1767415176366,757.2000122070312,193.0800018310547
1767415176374,755.2000122070312,200.0800018310547
1767415176388,752.2000122070312,215.0800018310547
1767415176393,751.2000122070312,221.0800018310547
1767415176399,751.2000122070312,227.0800018310547
1767415176406,751.2000122070312,231.0800018310547
1767415176414,753.2000122070312,233.0800018310547
1767415176428,753.2000122070312,233.0800018310547
1767415176448,754.2000122070312,233.0800018310547
1767415176454,757.2000122070312,233.0800018310547
1767415176468,759.2000122070312,232.0800018310547
1767415176473,762.2000122070312,228.0800018310547
1767415176479,767.2000122070312,223.0800018310547
1767415176488,771.2000122070312,219.0800018310547
1767415176494,774.2000122070312,212.0800018310547
1767415176508,776.2000122070312,208.0800018310547
1767415176514,779.2000122070312,201.0800018310547
1767415176519,780.2000122070312,194.0800018310547
1767415176526,780.2000122070312,187.0800018310547
1767415176534,780.2000122070312,184.0800018310547
1767415176548,780.2000122070312,182.0800018310547
1767415176554,780.2000122070312,181.0800018310547
1767415176560,777.2000122070312,180.0800018310547
1767415176568,774.2000122070312,180.0800018310547
1767415176576,768.2000122070312,180.0800018310547
1767415176584,765.2000122070312,180.0800018310547
1767415176592,762.2000122070312,185.0800018310547
1767415176600,760.2000122070312,190.0800018310547
1767415176608,758.2000122070312,196.0800018310547
1767415176616,757.2000122070312,203.0800018310547
1767415176624,757.2000122070312,208.0800018310547
1767415176632,757.2000122070312,212.0800018310547
1767415176640,757.2000122070312,217.0800018310547
1767415176648,758.2000122070312,220.0800018310547
1767415176656,760.2000122070312,221.0800018310547
1767415176664,761.2000122070312,223.0800018310547
1767415176680,762.2000122070312,223.0800018310547
1767415176688,764.2000122070312,223.0800018310547
1767415176696,765.2000122070312,223.0800018310547
1767415176704,769.2000122070312,223.0800018310547
1767415176712,771.2000122070312,220.0800018310547
1767415176720,774.2000122070312,218.0800018310547
1767415176728,774.2000122070312,216.0800018310547
1767415176736,775.2000122070312,213.0800018310547
1767415176744,776.2000122070312,209.0800018310547
1767415176759,776.2000122070312,204.0800018310547
1767415176765,774.2000122070312,199.0800018310547
1767415176771,772.2000122070312,194.0800018310547
1767415176776,768.2000122070312,191.0800018310547
1767415176784,764.2000122070312,187.0800018310547
1767415176792,755.2000122070312,183.0800018310547
1767415176800,748.2000122070312,181.0800018310547
1767415176809,744.2000122070312,181.0800018310547
1767415176816,742.2000122070312,181.0800018310547
1767415176824,740.2000122070312,182.0800018310547
1767415176832,739.2000122070312,186.0800018310547
1767415176840,738.2000122070312,191.0800018310547
1767415176850,738.2000122070312,198.0800018310547
1767415176858,738.2000122070312,202.0800018310547
1767415176866,738.2000122070312,206.0800018310547
1767415176874,739.2000122070312,210.0800018310547
1767415176882,741.2000122070312,212.0800018310547
1767415176890,742.2000122070312,215.0800018310547
1767415176898,743.2000122070312,216.0800018310547
1767415176906,744.2000122070312,217.0800018310547
1767415176914,745.2000122070312,217.0800018310547
1767415176922,746.2000122070312,217.0800018310547
1767415176930,747.2000122070312,217.0800018310547
1767415176938,749.2000122070312,217.0800018310547
1767415176946,751.2000122070312,217.0800018310547
1767415176954,754.2000122070312,215.0800018310547
1767415176962,757.2000122070312,213.0800018310547
1767415176970,758.2000122070312,210.0800018310547
1767415176978,759.2000122070312,207.0800018310547
1767415176986,759.2000122070312,204.0800018310547
1767415176994,759.2000122070312,202.0800018310547
1767415177002,759.2000122070312,201.0800018310547
1767415177042,759.2000122070312,204.0800018310547
1767415177050,759.2000122070312,208.0800018310547
1767415177058,759.2000122070312,214.0800018310547
1767415177066,759.2000122070312,220.0800018310547
1767415177074,760.2000122070312,226.0800018310547
1767415177082,762.2000122070312,231.0800018310547
1767415177090,764.2000122070312,234.0800018310547
1767415177098,765.2000122070312,237.0800018310547
1767415177106,767.2000122070312,238.0800018310547
1767415177114,769.2000122070312,239.0800018310547
1767415177124,769.2000122070312,240.0800018310547
1767415177132,770.2000122070312,240.0800018310547
1767415177140,773.2000122070312,240.0800018310547
1767415177154,776.2000122070312,238.0800018310547
1767415177159,778.2000122070312,236.0800018310547
1767415177165,782.2000122070312,233.0800018310547
1767415177172,786.2000122070312,230.0800018310547
1767415177180,789.2000122070312,226.0800018310547
1767415177188,793.2000122070312,220.0800018310547
1767415177196,796.2000122070312,213.0800018310547
1767415177204,798.2000122070312,207.0800018310547
1767415177212,798.2000122070312,199.0800018310547
1767415177220,798.2000122070312,193.0800018310547
1767415177228,798.2000122070312,190.0800018310547
1767415177236,797.2000122070312,187.0800018310547
1767415177244,796.2000122070312,187.0800018310547
1767415177252,791.2000122070312,185.0800018310547
1767415177260,783.2000122070312,184.0800018310547
1767415177268,774.2000122070312,184.0800018310547
1767415177276,768.2000122070312,184.0800018310547
1767415177284,762.2000122070312,188.0800018310547
1767415177292,758.2000122070312,192.0800018310547
1767415177300,755.2000122070312,199.0800018310547
1767415177308,751.2000122070312,208.0800018310547
1767415177316,749.2000122070312,214.0800018310547
1767415177324,749.2000122070312,217.0800018310547
1767415177332,749.2000122070312,221.0800018310547
1767415177348,749.2000122070312,224.0800018310547
1767415177354,751.2000122070312,225.0800018310547
1767415177360,751.2000122070312,226.0800018310547
1767415177365,753.2000122070312,227.0800018310547
1767415177372,755.2000122070312,227.0800018310547
1767415177382,757.2000122070312,227.0800018310547
1767415177388,760.2000122070312,226.0800018310547
1767415177396,763.2000122070312,225.0800018310547
1767415177404,767.2000122070312,223.0800018310547
1767415177414,772.2000122070312,219.0800018310547
1767415177428,776.2000122070312,216.0800018310547
1767415177434,780.2000122070312,212.0800018310547
1767415177440,785.2000122070312,206.0800018310547
1767415177446,789.2000122070312,202.0800018310547
1767415177454,794.2000122070312,196.0800018310547
1767415177468,796.2000122070312,193.0800018310547
1767415177474,798.2000122070312,191.0800018310547
1767415177479,798.2000122070312,191.0800018310547
1767415177510,797.2000122070312,192.0800018310547
1767415177519,794.2000122070312,199.0800018310547
1767415177526,792.2000122070312,205.0800018310547
1767415177534,792.2000122070312,210.0800018310547
1767415177542,792.2000122070312,214.0800018310547
1767415177550,792.2000122070312,220.0800018310547
1767415177558,794.2000122070312,224.0800018310547
1767415177566,796.2000122070312,227.0800018310547
1767415177574,798.2000122070312,228.0800018310547
1767415177582,799.2000122070312,231.0800018310547
1767415177590,801.2000122070312,232.0800018310547
1767415177598,803.2000122070312,232.0800018310547
1767415177606,805.2000122070312,232.0800018310547
1767415177614,806.2000122070312,232.0800018310547
1767415177622,807.2000122070312,232.0800018310547
1767415177630,808.2000122070312,232.0800018310547
1767415177638,809.2000122070312,232.0800018310547
1767415177646,811.2000122070312,231.0800018310547
1767415177654,811.2000122070312,230.0800018310547
1767415177662,811.2000122070312,229.0800018310547
1767415177674,811.2000122070312,228.0800018310547
1767415177679,810.2000122070312,228.0800018310547
1767415177686,808.2000122070312,226.0800018310547
1767415177703,806.2000122070312,224.0800018310547
1767415177708,804.2000122070312,223.0800018310547
1767415177714,801.2000122070312,223.0800018310547
1767415177720,797.2000122070312,222.0800018310547
1767415177728,794.2000122070312,221.0800018310547
1767415177736,790.2000122070312,221.0800018310547
1767415177754,787.2000122070312,221.0800018310547
1767415177761,778.2000122070312,221.0800018310547
1767415177766,778.2000122070312,221.0800018310547
1767415177771,772.2000122070312,223.0800018310547
1767415177778,767.2000122070312,224.0800018310547
1767415177784,758.2000122070312,228.0800018310547
1767415177792,746.2000122070312,235.0800018310547
1767415177805,739.2000122070312,238.0800018310547
1767415177812,723.2000122070312,247.0800018310547
1767415177817,713.2000122070312,252.0800018310547
1767415177824,700.2000122070312,258.0800018310547
1767415177832,684.2000122070312,266.0800018310547
1767415177845,662.2000122070312,276.0800018310547
1767415177851,644.2000122070312,286.0800018310547
1767415177858,629.2000122070312,294.0800018310547
1767415177864,608.2000122070312,304.0800018310547
1767415177872,586.2000122070312,315.0800018310547
1767415177885,566.2000122070312,326.0800018310547
1767415177891,546.2000122070312,337.0800018310547
1767415177897,524.2000122070312,349.0800018310547
1767415177904,499.20001220703125,361.0800018310547
1767415177912,474.20001220703125,372.0800018310547
1767415177926,447.20001220703125,385.0800018310547
1767415177931,420.20001220703125,400.0800018310547
1767415177937,397.20001220703125,413.0800018310547
1767415177944,368.20001220703125,430.0800018310547
1767415177953,341.20001220703125,446.0800018310547
1767415177965,313.20001220703125,461.0800018310547
1767415177971,289.20001220703125,476.0800018310547
1767415177977,269.20001220703125,489.0800018310547
1767415177987,250.20001220703125,502.0800018310547
1767415178000,230.20001220703125,514.0800018310547
1767415178006,210.20001220703125,527.0800018310547
1767415178013,195.20001220703125,537.0800018310547
1767415178019,182.20001220703125,545.0800018310547
1767415178027,166.20001220703125,556.0800018310547
1767415178040,153.20001220703125,564.0800018310547
1767415178045,144.20001220703125,571.0800018310547
1767415178053,134.20001220703125,579.0800018310547
1767415178058,124.20001220703125,587.0800018310547
1767415178066,118.20001220703125,592.0800018310547
1767415178080,111.20001220703125,598.0800018310547
-1,-1,-1
1767415169465,781.2000122070312,34.08000183105469
1767415169472,780.2000122070312,34.08000183105469
1767415169480,780.2000122070312,34.08000183105469
1767415169488,778.2000122070312,34.08000183105469
1767415169501,778.2000122070312,36.08000183105469
1767415169506,778.2000122070312,40.08000183105469
1767415169512,778.2000122070312,43.08000183105469
1767415169520,778.2000122070312,47.08000183105469
1767415169528,778.2000122070312,51.08000183105469
1767415169541,778.2000122070312,55.08000183105469
1767415169546,779.2000122070312,58.08000183105469
1767415169554,780.2000122070312,61.08000183105469
1767415169562,782.2000122070312,64.08000183105469
1767415169575,785.2000122070312,66.08000183105469
1767415169581,787.2000122070312,68.08000183105469
1767415169586,789.2000122070312,70.08000183105469
1767415169594,792.2000122070312,70.08000183105469
1767415169602,793.2000122070312,71.08000183105469
1767415169615,796.2000122070312,71.08000183105469
1767415169621,796.2000122070312,71.08000183105469
1767415169626,798.2000122070312,71.08000183105469
1767415169634,801.2000122070312,70.08000183105469
1767415169642,802.2000122070312,68.08000183105469
1767415169655,804.2000122070312,66.08000183105469
1767415169661,805.2000122070312,63.08000183105469
1767415169666,805.2000122070312,60.08000183105469
1767415169674,805.2000122070312,57.08000183105469
1767415169682,805.2000122070312,54.08000183105469
1767415169695,805.2000122070312,48.08000183105469
1767415169701,803.2000122070312,44.08000183105469
1767415169706,801.2000122070312,40.08000183105469
1767415169714,799.2000122070312,36.08000183105469
1767415169722,796.2000122070312,32.08000183105469
1767415169735,791.2000122070312,28.080001831054688
1767415169741,787.2000122070312,24.080001831054688
1767415169748,781.2000122070312,20.080001831054688
1767415169754,775.2000122070312,17.080001831054688
1767415169762,771.2000122070312,15.080001831054688
1767415169775,769.2000122070312,15.080001831054688
1767415169781,767.2000122070312,15.080001831054688
1767415169786,765.2000122070312,15.080001831054688
1767415169794,764.2000122070312,15.080001831054688
1767415169802,762.2000122070312,16.080001831054688
1767415169815,760.2000122070312,20.080001831054688
1767415169821,758.2000122070312,26.080001831054688
1767415169828,758.2000122070312,32.08000183105469
1767415169836,758.2000122070312,38.08000183105469
1767415169849,758.2000122070312,45.08000183105469
1767415169855,758.2000122070312,50.08000183105469
1767415169861,759.2000122070312,54.08000183105469
1767415169868,762.2000122070312,61.08000183105469
1767415169876,764.2000122070312,64.08000183105469
1767415169889,766.2000122070312,67.08000183105469
1767415169895,769.2000122070312,70.08000183105469
1767415169901,770.2000122070312,71.08000183105469
1767415169908,772.2000122070312,72.08000183105469
1767415169916,773.2000122070312,72.08000183105469
1767415169929,775.2000122070312,72.08000183105469
1767415169935,776.2000122070312,72.08000183105469
1767415169941,778.2000122070312,71.08000183105469
1767415169948,780.2000122070312,69.08000183105469
1767415169956,782.2000122070312,68.08000183105469
1767415169969,783.2000122070312,64.08000183105469
1767415169975,783.2000122070312,60.08000183105469
1767415169981,785.2000122070312,56.08000183105469
1767415169988,785.2000122070312,52.08000183105469
1767415169996,785.2000122070312,47.08000183105469
1767415170009,786.2000122070312,43.08000183105469
1767415170015,786.2000122070312,36.08000183105469
1767415170021,786.2000122070312,32.08000183105469
1767415170028,786.2000122070312,28.080001831054688
1767415170036,784.2000122070312,24.080001831054688
1767415170049,783.2000122070312,22.080001831054688
1767415170055,781.2000122070312,21.080001831054688
1767415170061,781.2000122070312,20.080001831054688
1767415170068,780.2000122070312,20.080001831054688
1767415170076,780.2000122070312,20.080001831054688
1767415170089,777.2000122070312,22.080001831054688
1767415170095,774.2000122070312,25.080001831054688
1767415170102,771.2000122070312,31.080001831054688
1767415170110,767.2000122070312,38.08000183105469
1767415170124,765.2000122070312,44.08000183105469
1767415170129,765.2000122070312,49.08000183105469
1767415170135,764.2000122070312,56.08000183105469
1767415170142,764.2000122070312,62.08000183105469
1767415170150,765.2000122070312,68.08000183105469
1767415170164,767.2000122070312,71.08000183105469
1767415170169,769.2000122070312,75.08000183105469
1767415170175,771.2000122070312,77.08000183105469
1767415170182,773.2000122070312,78.08000183105469
1767415170190,773.2000122070312,78.08000183105469
1767415170204,774.2000122070312,78.08000183105469
1767415170209,776.2000122070312,78.08000183105469
1767415170215,777.2000122070312,78.08000183105469
1767415170222,778.2000122070312,76.08000183105469
1767415170230,780.2000122070312,74.08000183105469
1767415170244,782.2000122070312,71.08000183105469
1767415170249,783.2000122070312,66.08000183105469
1767415170255,783.2000122070312,63.08000183105469
1767415170262,783.2000122070312,58.08000183105469
1767415170270,783.2000122070312,53.08000183105469
1767415170284,783.2000122070312,48.08000183105469
1767415170289,783.2000122070312,43.08000183105469
1767415170295,781.2000122070312,39.08000183105469
1767415170302,780.2000122070312,36.08000183105469
1767415170310,776.2000122070312,32.08000183105469
1767415170324,773.2000122070312,28.080001831054688
1767415170329,769.2000122070312,25.080001831054688
1767415170335,767.2000122070312,24.080001831054688
1767415170342,764.2000122070312,24.080001831054688
1767415170350,762.2000122070312,24.080001831054688
1767415170364,761.2000122070312,26.080001831054688
1767415170369,758.2000122070312,32.08000183105469
1767415170376,756.2000122070312,36.08000183105469
1767415170384,754.2000122070312,43.08000183105469
1767415170398,753.2000122070312,48.08000183105469
1767415170404,751.2000122070312,56.08000183105469
1767415170410,751.2000122070312,64.08000183105469
1767415170416,753.2000122070312,70.08000183105469
1767415170424,754.2000122070312,74.08000183105469
1767415170438,756.2000122070312,77.08000183105469
1767415170444,757.2000122070312,80.08000183105469
1767415170449,759.2000122070312,81.08000183105469
1767415170456,760.2000122070312,81.08000183105469
1767415170464,762.2000122070312,82.08000183105469
1767415170478,764.2000122070312,82.08000183105469
1767415170484,766.2000122070312,82.08000183105469
1767415170489,769.2000122070312,81.08000183105469
1767415170496,772.2000122070312,79.08000183105469
1767415170504,774.2000122070312,75.08000183105469
1767415170518,776.2000122070312,72.08000183105469
1767415170524,778.2000122070312,68.08000183105469
1767415170529,779.2000122070312,64.08000183105469
1767415170536,780.2000122070312,59.08000183105469
1767415170544,782.2000122070312,52.08000183105469
1767415170552,783.2000122070312,49.08000183105469
1767415170560,783.2000122070312,43.08000183105469
1767415170568,783.2000122070312,39.08000183105469
1767415170581,783.2000122070312,34.08000183105469
1767415170587,783.2000122070312,31.080001831054688
1767415170592,783.2000122070312,29.080001831054688
1767415170600,783.2000122070312,28.080001831054688
1767415170608,781.2000122070312,28.080001831054688
1767415170632,781.2000122070312,28.080001831054688
1767415170640,781.2000122070312,29.080001831054688
1767415170648,780.2000122070312,33.08000183105469
1767415170661,778.2000122070312,38.08000183105469
1767415170667,777.2000122070312,43.08000183105469
1767415170674,777.2000122070312,51.08000183105469
1767415170682,777.2000122070312,56.08000183105469
1767415170695,778.2000122070312,61.08000183105469
1767415170701,780.2000122070312,65.08000183105469
1767415170707,781.2000122070312,67.08000183105469
1767415170714,783.2000122070312,70.08000183105469
1767415170722,785.2000122070312,71.08000183105469
1767415170735,788.2000122070312,72.08000183105469
1767415170741,789.2000122070312,72.08000183105469
1767415170747,790.2000122070312,72.08000183105469
1767415170754,791.2000122070312,72.08000183105469
1767415170762,793.2000122070312,71.08000183105469
1767415170775,796.2000122070312,68.08000183105469
1767415170781,798.2000122070312,64.08000183105469
1767415170787,799.2000122070312,61.08000183105469
1767415170794,799.2000122070312,57.08000183105469
1767415170802,799.2000122070312,52.08000183105469
1767415170815,799.2000122070312,48.08000183105469
1767415170821,799.2000122070312,43.08000183105469
1767415170827,799.2000122070312,39.08000183105469
1767415170834,799.2000122070312,34.08000183105469
1767415170842,797.2000122070312,31.080001831054688
1767415170855,794.2000122070312,29.080001831054688
1767415170861,791.2000122070312,27.080001831054688
1767415170867,787.2000122070312,25.080001831054688
1767415170874,783.2000122070312,25.080001831054688
1767415170882,778.2000122070312,25.080001831054688
1767415170895,775.2000122070312,26.080001831054688
1767415170901,772.2000122070312,30.080001831054688
1767415170907,770.2000122070312,36.08000183105469
1767415170914,765.2000122070312,45.08000183105469
1767415170922,764.2000122070312,52.08000183105469
1767415170935,762.2000122070312,65.08000183105469
1767415170941,761.2000122070312,74.08000183105469
1767415170948,761.2000122070312,89.08000183105469
1767415170956,761.2000122070312,97.08000183105469
1767415170969,763.2000122070312,106.08000183105469
1767415170975,766.2000122070312,113.08000183105469
1767415170981,769.2000122070312,120.08000183105469
1767415170989,772.2000122070312,123.08000183105469
1767415170996,774.2000122070312,126.08000183105469
1767415171009,776.2000122070312,128.0800018310547
1767415171015,778.2000122070312,128.0800018310547
1767415171021,780.2000122070312,128.0800018310547
1767415171028,780.2000122070312,128.0800018310547
1767415171036,781.2000122070312,128.0800018310547
1767415171049,782.2000122070312,127.08000183105469
1767415171055,783.2000122070312,126.08000183105469
1767415171061,785.2000122070312,123.08000183105469
1767415171068,785.2000122070312,120.08000183105469
1767415171076,787.2000122070312,116.08000183105469
1767415171090,788.2000122070312,113.08000183105469
1767415171095,789.2000122070312,108.08000183105469
1767415171101,790.2000122070312,104.08000183105469
1767415171108,791.2000122070312,100.08000183105469
1767415171116,791.2000122070312,100.08000183105469
1767415171148,790.2000122070312,100.08000183105469
1767415171156,788.2000122070312,102.08000183105469
1767415171170,785.2000122070312,107.08000183105469
1767415171175,783.2000122070312,113.08000183105469
1767415171181,780.2000122070312,121.08000183105469
1767415171188,778.2000122070312,128.0800018310547
1767415171196,777.2000122070312,134.0800018310547
1767415171210,776.2000122070312,144.0800018310547
1767415171215,776.2000122070312,148.0800018310547
1767415171222,776.2000122070312,153.0800018310547
1767415171230,776.2000122070312,156.0800018310547
1767415171244,777.2000122070312,158.0800018310547
1767415171250,777.2000122070312,159.0800018310547
1767415171255,777.2000122070312,160.0800018310547
1767415171272,778.2000122070312,160.0800018310547
1767415171290,779.2000122070312,159.0800018310547
1767415171295,780.2000122070312,156.0800018310547
1767415171302,780.2000122070312,153.0800018310547
1767415171310,780.2000122070312,149.0800018310547
1767415171324,780.2000122070312,145.0800018310547
1767415171330,777.2000122070312,139.0800018310547
1767415171335,775.2000122070312,133.0800018310547
1767415171342,772.2000122070312,128.0800018310547
1767415171350,769.2000122070312,123.08000183105469
1767415171364,765.2000122070312,120.08000183105469
1767415171370,762.2000122070312,117.08000183105469
1767415171375,755.2000122070312,114.08000183105469
1767415171382,751.2000122070312,114.08000183105469
1767415171390,748.2000122070312,114.08000183105469
1767415171404,746.2000122070312,114.08000183105469
1767415171410,744.2000122070312,116.08000183105469
1767415171415,741.2000122070312,121.08000183105469
1767415171422,739.2000122070312,125.08000183105469
1767415171430,735.2000122070312,131.0800018310547
1767415171444,733.2000122070312,135.0800018310547
1767415171450,732.2000122070312,140.0800018310547
1767415171455,732.2000122070312,144.0800018310547
1767415171462,732.2000122070312,148.0800018310547
1767415171470,732.2000122070312,152.0800018310547
1767415171484,733.2000122070312,154.0800018310547
1767415171490,735.2000122070312,157.0800018310547
1767415171495,735.2000122070312,157.0800018310547
1767415171502,737.2000122070312,158.0800018310547
1767415171512,737.2000122070312,158.0800018310547
1767415171520,739.2000122070312,158.0800018310547
1767415171528,741.2000122070312,158.0800018310547
1767415171541,744.2000122070312,158.0800018310547
1767415171547,748.2000122070312,155.0800018310547
1767415171552,751.2000122070312,152.0800018310547
1767415171560,756.2000122070312,148.0800018310547
1767415171568,759.2000122070312,143.0800018310547
1767415171581,760.2000122070312,140.0800018310547
1767415171587,762.2000122070312,135.0800018310547
1767415171592,764.2000122070312,129.0800018310547
1767415171600,764.2000122070312,125.08000183105469
1767415171608,764.2000122070312,121.08000183105469
1767415171621,764.2000122070312,117.08000183105469
1767415171627,762.2000122070312,114.08000183105469
1767415171632,762.2000122070312,112.08000183105469
1767415171640,760.2000122070312,111.08000183105469
1767415171648,758.2000122070312,111.08000183105469
1767415171661,757.2000122070312,111.08000183105469
1767415171667,755.2000122070312,112.08000183105469
1767415171672,751.2000122070312,115.08000183105469
1767415171681,746.2000122070312,121.08000183105469
1767415171688,742.2000122070312,125.08000183105469
1767415171701,740.2000122070312,129.0800018310547
1767415171707,735.2000122070312,134.0800018310547
1767415171712,732.2000122070312,141.0800018310547
1767415171720,728.2000122070312,144.0800018310547
1767415171728,726.2000122070312,148.0800018310547
1767415171741,726.2000122070312,151.0800018310547
1767415171747,725.2000122070312,153.0800018310547
1767415171752,725.2000122070312,154.0800018310547
1767415171802,725.2000122070312,153.0800018310547
1767415171815,725.2000122070312,151.0800018310547
1767415171821,726.2000122070312,148.0800018310547
1767415171827,726.2000122070312,144.0800018310547
1767415171834,726.2000122070312,141.0800018310547
1767415171842,726.2000122070312,137.0800018310547
1767415171855,726.2000122070312,133.0800018310547
1767415171861,724.2000122070312,127.08000183105469
1767415171867,723.2000122070312,124.08000183105469
1767415171874,721.2000122070312,123.08000183105469
1767415171882,720.2000122070312,121.08000183105469
1767415171895,719.2000122070312,121.08000183105469
1767415171906,719.2000122070312,121.08000183105469
1767415171914,717.2000122070312,122.08000183105469
1767415171922,716.2000122070312,125.08000183105469
1767415171936,714.2000122070312,130.0800018310547
1767415171941,713.2000122070312,134.0800018310547
1767415171947,712.2000122070312,138.0800018310547
1767415171954,712.2000122070312,141.0800018310547
1767415171962,712.2000122070312,144.0800018310547
1767415171976,712.2000122070312,147.0800018310547
1767415171981,712.2000122070312,148.0800018310547
1767415171987,712.2000122070312,150.0800018310547
1767415171996,713.2000122070312,151.0800018310547
1767415172002,715.2000122070312,153.0800018310547
1767415172018,716.2000122070312,153.0800018310547
1767415172026,716.2000122070312,153.0800018310547
1767415172034,719.2000122070312,153.0800018310547
1767415172042,723.2000122070312,150.0800018310547
1767415172055,725.2000122070312,148.0800018310547
1767415172061,728.2000122070312,145.0800018310547
1767415172067,729.2000122070312,142.0800018310547
1767415172076,731.2000122070312,138.0800018310547
1767415172090,732.2000122070312,134.0800018310547
1767415172095,732.2000122070312,130.0800018310547
1767415172101,732.2000122070312,126.08000183105469
1767415172108,732.2000122070312,122.08000183105469
1767415172116,732.2000122070312,116.08000183105469
1767415172130,732.2000122070312,112.08000183105469
1767415172136,730.2000122070312,109.08000183105469
1767415172141,727.2000122070312,107.08000183105469
1767415172148,726.2000122070312,106.08000183105469
1767415172156,725.2000122070312,105.08000183105469
1767415172170,724.2000122070312,105.08000183105469
1767415172175,723.2000122070312,105.08000183105469
1767415172181,722.2000122070312,107.08000183105469
1767415172188,719.2000122070312,112.08000183105469
1767415172196,717.2000122070312,116.08000183105469
1767415172210,717.2000122070312,122.08000183105469
1767415172215,717.2000122070312,128.0800018310547
1767415172221,717.2000122070312,134.0800018310547
1767415172228,717.2000122070312,138.0800018310547
1767415172236,717.2000122070312,142.0800018310547
1767415172250,719.2000122070312,144.0800018310547
1767415172255,719.2000122070312,145.0800018310547
1767415172261,721.2000122070312,146.0800018310547
1767415172268,721.2000122070312,146.0800018310547
1767415172285,722.2000122070312,146.0800018310547
1767415172292,723.2000122070312,146.0800018310547
1767415172300,724.2000122070312,146.0800018310547
1767415172308,725.2000122070312,144.0800018310547
1767415172316,727.2000122070312,142.0800018310547
1767415172330,728.2000122070312,139.0800018310547
1767415172335,728.2000122070312,136.0800018310547
1767415172341,729.2000122070312,130.0800018310547
1767415172350,729.2000122070312,125.08000183105469
1767415172358,730.2000122070312,120.08000183105469
1767415172366,731.2000122070312,116.08000183105469
1767415172374,732.2000122070312,111.08000183105469
1767415172387,732.2000122070312,109.08000183105469
1767415172393,732.2000122070312,108.08000183105469
1767415172430,732.2000122070312,110.08000183105469
1767415172444,732.2000122070312,114.08000183105469
1767415172450,732.2000122070312,119.08000183105469
1767415172456,732.2000122070312,125.08000183105469
1767415172462,733.2000122070312,129.0800018310547
1767415172470,735.2000122070312,134.0800018310547
1767415172478,737.2000122070312,137.0800018310547
1767415172486,739.2000122070312,141.0800018310547
1767415172494,741.2000122070312,142.0800018310547
1767415172507,743.2000122070312,144.0800018310547
1767415172513,745.2000122070312,145.0800018310547
1767415172518,746.2000122070312,146.0800018310547
1767415172526,750.2000122070312,146.0800018310547
1767415172534,753.2000122070312,146.0800018310547
1767415172547,757.2000122070312,146.0800018310547
1767415172553,760.2000122070312,145.0800018310547
1767415172558,764.2000122070312,143.0800018310547
1767415172566,769.2000122070312,139.0800018310547
1767415172574,775.2000122070312,136.0800018310547
1767415172587,780.2000122070312,132.0800018310547
1767415172593,783.2000122070312,127.08000183105469
1767415172598,786.2000122070312,122.08000183105469
1767415172606,789.2000122070312,116.08000183105469
1767415172614,789.2000122070312,111.08000183105469
1767415172627,789.2000122070312,107.08000183105469
1767415172633,789.2000122070312,106.08000183105469
1767415172640,789.2000122070312,104.08000183105469
1767415172648,788.2000122070312,104.08000183105469
1767415172661,787.2000122070312,103.08000183105469
1767415172667,787.2000122070312,103.08000183105469
1767415172673,786.2000122070312,103.08000183105469
1767415172680,785.2000122070312,103.08000183105469
1767415172688,783.2000122070312,105.08000183105469
1767415172701,783.2000122070312,109.08000183105469
1767415172707,781.2000122070312,113.08000183105469
1767415172713,780.2000122070312,118.08000183105469
1767415172720,780.2000122070312,123.08000183105469
1767415172728,780.2000122070312,128.0800018310547
1767415172741,780.2000122070312,132.0800018310547
1767415172747,780.2000122070312,136.0800018310547
1767415172753,781.2000122070312,138.0800018310547
1767415172760,783.2000122070312,140.0800018310547
1767415172768,783.2000122070312,141.0800018310547
1767415172781,785.2000122070312,141.0800018310547
1767415172787,785.2000122070312,141.0800018310547
1767415172793,785.2000122070312,141.0800018310547
1767415172800,786.2000122070312,141.0800018310547
1767415172808,788.2000122070312,141.0800018310547
1767415172821,789.2000122070312,140.0800018310547
1767415172827,791.2000122070312,138.0800018310547
1767415172833,793.2000122070312,136.0800018310547
1767415172840,795.2000122070312,132.0800018310547
1767415172848,795.2000122070312,129.0800018310547
1767415172861,796.2000122070312,125.08000183105469
1767415172867,796.2000122070312,120.08000183105469
1767415172873,796.2000122070312,116.08000183105469
1767415172880,796.2000122070312,110.08000183105469
1767415172888,796.2000122070312,106.08000183105469
1767415172901,794.2000122070312,104.08000183105469
1767415172907,793.2000122070312,102.08000183105469
1767415172914,793.2000122070312,101.08000183105469
1767415172938,792.2000122070312,101.08000183105469
1767415172946,791.2000122070312,103.08000183105469
1767415172954,791.2000122070312,107.08000183105469
1767415172962,791.2000122070312,112.08000183105469
1767415172976,792.2000122070312,118.08000183105469
1767415172981,793.2000122070312,124.08000183105469
1767415172987,795.2000122070312,129.0800018310547
1767415172994,797.2000122070312,134.0800018310547
1767415173002,799.2000122070312,138.0800018310547
1767415173016,802.2000122070312,141.0800018310547
1767415173021,804.2000122070312,143.0800018310547
1767415173027,805.2000122070312,143.0800018310547
1767415173034,806.2000122070312,144.0800018310547
1767415173042,808.2000122070312,144.0800018310547
1767415173056,809.2000122070312,143.0800018310547
1767415173061,811.2000122070312,142.0800018310547
1767415173067,813.2000122070312,139.0800018310547
1767415173074,815.2000122070312,137.0800018310547
1767415173082,817.2000122070312,135.0800018310547
1767415173096,818.2000122070312,130.0800018310547
1767415173101,819.2000122070312,126.08000183105469
1767415173107,821.2000122070312,122.08000183105469
1767415173114,821.2000122070312,117.08000183105469
1767415173122,821.2000122070312,114.08000183105469
1767415173136,821.2000122070312,111.08000183105469
1767415173141,820.2000122070312,110.08000183105469
1767415173147,819.2000122070312,108.08000183105469
1767415173154,815.2000122070312,107.08000183105469
1767415173162,812.2000122070312,106.08000183105469
1767415173176,806.2000122070312,106.08000183105469
1767415173181,803.2000122070312,106.08000183105469
1767415173187,801.2000122070312,109.08000183105469
1767415173196,799.2000122070312,114.08000183105469
1767415173210,797.2000122070312,119.08000183105469
1767415173216,796.2000122070312,123.08000183105469
1767415173221,794.2000122070312,128.0800018310547
1767415173228,794.2000122070312,135.0800018310547
1767415173236,794.2000122070312,139.0800018310547
1767415173250,794.2000122070312,143.0800018310547
1767415173256,796.2000122070312,146.0800018310547
1767415173261,797.2000122070312,148.0800018310547
1767415173268,799.2000122070312,151.0800018310547
1767415173276,801.2000122070312,152.0800018310547
1767415173290,802.2000122070312,152.0800018310547
1767415173296,803.2000122070312,152.0800018310547
1767415173301,805.2000122070312,152.0800018310547
1767415173308,807.2000122070312,152.0800018310547
1767415173316,809.2000122070312,150.0800018310547
1767415173330,812.2000122070312,148.0800018310547
1767415173336,815.2000122070312,145.0800018310547
1767415173341,818.2000122070312,142.0800018310547
1767415173348,821.2000122070312,138.0800018310547
1767415173356,822.2000122070312,134.0800018310547
1767415173364,824.2000122070312,129.0800018310547
1767415173372,825.2000122070312,123.08000183105469
1767415173380,826.2000122070312,120.08000183105469
1767415173388,827.2000122070312,116.08000183105469
1767415173396,828.2000122070312,116.08000183105469
1767415173436,828.2000122070312,116.08000183105469
1767415173450,828.2000122070312,121.08000183105469
1767415173456,826.2000122070312,126.08000183105469
1767415173462,826.2000122070312,132.0800018310547
1767415173470,826.2000122070312,137.0800018310547
1767415173478,827.2000122070312,141.0800018310547
1767415173484,828.2000122070312,144.0800018310547
1767415173494,828.2000122070312,146.0800018310547
1767415173502,831.2000122070312,148.0800018310547
1767415173510,831.2000122070312,150.0800018310547
1767415173518,833.2000122070312,150.0800018310547
1767415173526,833.2000122070312,150.0800018310547
1767415173542,834.2000122070312,150.0800018310547
1767415173550,835.2000122070312,149.0800018310547
1767415173558,837.2000122070312,146.0800018310547
1767415173566,837.2000122070312,143.0800018310547
1767415173574,837.2000122070312,140.0800018310547
1767415173587,837.2000122070312,136.0800018310547
1767415173593,837.2000122070312,132.0800018310547
1767415173599,837.2000122070312,127.08000183105469
1767415173606,837.2000122070312,124.08000183105469
1767415173614,837.2000122070312,120.08000183105469
1767415173627,837.2000122070312,116.08000183105469
1767415173633,836.2000122070312,114.08000183105469
1767415173639,836.2000122070312,114.08000183105469
1767415173648,835.2000122070312,114.08000183105469
1767415173664,835.2000122070312,114.08000183105469
1767415173670,833.2000122070312,114.08000183105469
1767415173678,831.2000122070312,116.08000183105469
1767415173686,829.2000122070312,123.08000183105469
1767415173694,829.2000122070312,129.0800018310547
1767415173707,828.2000122070312,137.0800018310547
1767415173713,828.2000122070312,142.0800018310547
1767415173719,828.2000122070312,148.0800018310547
1767415173726,828.2000122070312,155.0800018310547
1767415173734,828.2000122070312,160.0800018310547
1767415173747,828.2000122070312,164.0800018310547
1767415173753,828.2000122070312,168.0800018310547
1767415173760,830.2000122070312,170.0800018310547
1767415173776,831.2000122070312,171.0800018310547
1767415173793,833.2000122070312,171.0800018310547
1767415173800,834.2000122070312,171.0800018310547
1767415173808,837.2000122070312,170.0800018310547
1767415173821,838.2000122070312,168.0800018310547
1767415173827,840.2000122070312,164.0800018310547
1767415173833,843.2000122070312,159.0800018310547
1767415173840,844.2000122070312,155.0800018310547
1767415173848,844.2000122070312,151.0800018310547
1767415173862,845.2000122070312,146.0800018310547
1767415173867,845.2000122070312,144.0800018310547
1767415173873,846.2000122070312,143.0800018310547
1767415173904,846.2000122070312,143.0800018310547
1767415173913,846.2000122070312,145.0800018310547
1767415173925,846.2000122070312,150.0800018310547
1767415173930,847.2000122070312,156.0800018310547
1767415173936,847.2000122070312,163.0800018310547
1767415173944,849.2000122070312,168.0800018310547
1767415173952,849.2000122070312,172.0800018310547
1767415173960,851.2000122070312,173.0800018310547
1767415173968,851.2000122070312,174.0800018310547
1767415173984,852.2000122070312,174.0800018310547
1767415174016,852.2000122070312,172.0800018310547
1767415174024,852.2000122070312,170.0800018310547
1767415174032,852.2000122070312,167.0800018310547
1767415174042,851.2000122070312,162.0800018310547
1767415174056,851.2000122070312,158.0800018310547
1767415174062,849.2000122070312,152.0800018310547
1767415174067,847.2000122070312,143.0800018310547
1767415174074,845.2000122070312,137.0800018310547
1767415174082,842.2000122070312,132.0800018310547
1767415174096,838.2000122070312,125.08000183105469
1767415174102,834.2000122070312,120.08000183105469
1767415174107,823.2000122070312,114.08000183105469
1767415174114,813.2000122070312,110.08000183105469
1767415174122,804.2000122070312,107.08000183105469
1767415174136,792.2000122070312,105.08000183105469
1767415174142,783.2000122070312,105.08000183105469
1767415174147,778.2000122070312,106.08000183105469
1767415174154,774.2000122070312,109.08000183105469
1767415174162,768.2000122070312,118.08000183105469
1767415174176,765.2000122070312,125.08000183105469
1767415174182,764.2000122070312,132.0800018310547
1767415174188,762.2000122070312,141.0800018310547
1767415174194,762.2000122070312,144.0800018310547
1767415174202,764.2000122070312,150.0800018310547
1767415174216,764.2000122070312,153.0800018310547
1767415174222,766.2000122070312,155.0800018310547
1767415174227,767.2000122070312,156.0800018310547
1767415174234,767.2000122070312,156.0800018310547
1767415174242,769.2000122070312,156.0800018310547
1767415174256,769.2000122070312,156.0800018310547
1767415174262,772.2000122070312,156.0800018310547
1767415174267,774.2000122070312,155.0800018310547
1767415174274,776.2000122070312,152.0800018310547
1767415174282,778.2000122070312,149.0800018310547
1767415174296,780.2000122070312,145.0800018310547
1767415174302,780.2000122070312,140.0800018310547
1767415174307,781.2000122070312,135.0800018310547
1767415174316,782.2000122070312,128.0800018310547
1767415174324,782.2000122070312,123.08000183105469
1767415174332,782.2000122070312,117.08000183105469
1767415174340,782.2000122070312,111.08000183105469
1767415174348,781.2000122070312,107.08000183105469
1767415174356,781.2000122070312,104.08000183105469
1767415174364,780.2000122070312,103.08000183105469
1767415174372,780.2000122070312,102.08000183105469
1767415174380,778.2000122070312,102.08000183105469
1767415174404,777.2000122070312,102.08000183105469
1767415174416,774.2000122070312,105.08000183105469
1767415174422,774.2000122070312,109.08000183105469
1767415174428,774.2000122070312,112.08000183105469
1767415174436,774.2000122070312,116.08000183105469
1767415174444,774.2000122070312,119.08000183105469
1767415174452,774.2000122070312,121.08000183105469
1767415174460,775.2000122070312,122.08000183105469
1767415174468,776.2000122070312,125.08000183105469
1767415174478,776.2000122070312,125.08000183105469
1767415174485,777.2000122070312,126.08000183105469
1767415174502,778.2000122070312,127.08000183105469
1767415174519,780.2000122070312,126.08000183105469
1767415174525,782.2000122070312,123.08000183105469
1767415174532,783.2000122070312,120.08000183105469
1767415174548,783.2000122070312,116.08000183105469
1767415174553,783.2000122070312,113.08000183105469
1767415174559,783.2000122070312,110.08000183105469
1767415174565,783.2000122070312,106.08000183105469
1767415174572,781.2000122070312,104.08000183105469
1767415174580,781.2000122070312,103.08000183105469
1767415174588,780.2000122070312,101.08000183105469
1767415174598,775.2000122070312,100.08000183105469
1767415174605,767.2000122070312,100.08000183105469
1767415174614,758.2000122070312,102.08000183105469
1767415174628,751.2000122070312,105.08000183105469
1767415174633,745.2000122070312,110.08000183105469
1767415174639,741.2000122070312,116.08000183105469
1767415174646,737.2000122070312,124.08000183105469
1767415174654,733.2000122070312,135.0800018310547
1767415174667,733.2000122070312,141.0800018310547
1767415174673,733.2000122070312,148.0800018310547
1767415174679,733.2000122070312,154.0800018310547
1767415174686,733.2000122070312,159.0800018310547
1767415174694,734.2000122070312,163.0800018310547
1767415174707,737.2000122070312,166.0800018310547
1767415174713,738.2000122070312,168.0800018310547
1767415174719,739.2000122070312,169.0800018310547
1767415174726,741.2000122070312,169.0800018310547
1767415174734,742.2000122070312,169.0800018310547
1767415174747,744.2000122070312,169.0800018310547
1767415174753,748.2000122070312,168.0800018310547
1767415174759,751.2000122070312,167.0800018310547
1767415174766,755.2000122070312,164.0800018310547
1767415174774,759.2000122070312,159.0800018310547
1767415174782,761.2000122070312,156.0800018310547
1767415174790,764.2000122070312,152.0800018310547
1767415174798,767.2000122070312,143.0800018310547
1767415174806,769.2000122070312,137.0800018310547
1767415174814,769.2000122070312,130.0800018310547
1767415174828,769.2000122070312,127.08000183105469
1767415174833,769.2000122070312,123.08000183105469
1767415174839,768.2000122070312,119.08000183105469
1767415174846,764.2000122070312,116.08000183105469
1767415174854,762.2000122070312,116.08000183105469
1767415174867,760.2000122070312,114.08000183105469
1767415174873,758.2000122070312,114.08000183105469
1767415174880,756.2000122070312,116.08000183105469
1767415174888,753.2000122070312,119.08000183105469
1767415174902,748.2000122070312,125.08000183105469
1767415174908,744.2000122070312,132.0800018310547
1767415174913,739.2000122070312,142.0800018310547
1767415174920,732.2000122070312,153.0800018310547
1767415174928,729.2000122070312,160.0800018310547
1767415174942,726.2000122070312,168.0800018310547
1767415174948,723.2000122070312,175.0800018310547
1767415174953,723.2000122070312,182.0800018310547
1767415174960,723.2000122070312,185.0800018310547
1767415174968,723.2000122070312,187.0800018310547
1767415174988,723.2000122070312,188.0800018310547
1767415175008,723.2000122070312,187.0800018310547
1767415175022,725.2000122070312,186.0800018310547
1767415175028,727.2000122070312,184.0800018310547
1767415175033,730.2000122070312,180.0800018310547
1767415175040,732.2000122070312,176.0800018310547
1767415175048,733.2000122070312,172.0800018310547
1767415175062,734.2000122070312,168.0800018310547
1767415175068,735.2000122070312,162.0800018310547
1767415175073,737.2000122070312,156.0800018310547
1767415175080,737.2000122070312,152.0800018310547
1767415175088,737.2000122070312,151.0800018310547
1767415175102,737.2000122070312,150.0800018310547
1767415175128,737.2000122070312,153.0800018310547
1767415175142,737.2000122070312,158.0800018310547
1767415175148,737.2000122070312,164.0800018310547
1767415175154,738.2000122070312,173.0800018310547
1767415175162,738.2000122070312,179.0800018310547
1767415175170,741.2000122070312,189.0800018310547
1767415175178,743.2000122070312,196.0800018310547
1767415175186,747.2000122070312,205.0800018310547
1767415175194,750.2000122070312,209.0800018310547
1767415175202,753.2000122070312,214.0800018310547
1767415175210,755.2000122070312,215.0800018310547
1767415175218,757.2000122070312,217.0800018310547
1767415175226,758.2000122070312,217.0800018310547
1767415175234,760.2000122070312,217.0800018310547
1767415175242,763.2000122070312,217.0800018310547
1767415175256,766.2000122070312,216.0800018310547
1767415175262,772.2000122070312,212.0800018310547
1767415175268,775.2000122070312,208.0800018310547
1767415175274,779.2000122070312,204.0800018310547
1767415175282,781.2000122070312,199.0800018310547
1767415175290,785.2000122070312,192.0800018310547
1767415175298,785.2000122070312,185.0800018310547
1767415175306,785.2000122070312,178.0800018310547
1767415175314,785.2000122070312,172.0800018310547
1767415175322,785.2000122070312,168.0800018310547
1767415175336,783.2000122070312,164.0800018310547
1767415175342,781.2000122070312,162.0800018310547
1767415175348,778.2000122070312,159.0800018310547
1767415175354,774.2000122070312,158.0800018310547
1767415175362,770.2000122070312,158.0800018310547
1767415175371,768.2000122070312,158.0800018310547
1767415175378,765.2000122070312,161.0800018310547
1767415175386,764.2000122070312,168.0800018310547
1767415175394,762.2000122070312,175.0800018310547
1767415175402,762.2000122070312,184.0800018310547
1767415175411,761.2000122070312,192.0800018310547
1767415175418,761.2000122070312,199.0800018310547
1767415175426,761.2000122070312,205.0800018310547
1767415175436,763.2000122070312,210.0800018310547
1767415175444,764.2000122070312,214.0800018310547
1767415175452,766.2000122070312,216.0800018310547
1767415175460,766.2000122070312,217.0800018310547
1767415175473,767.2000122070312,217.0800018310547
1767415175479,767.2000122070312,217.0800018310547
1767415175485,769.2000122070312,217.0800018310547
1767415175492,772.2000122070312,216.0800018310547
1767415175500,778.2000122070312,212.0800018310547
1767415175513,782.2000122070312,207.0800018310547
1767415175519,787.2000122070312,203.0800018310547
1767415175525,792.2000122070312,197.0800018310547
1767415175532,796.2000122070312,190.0800018310547
1767415175540,801.2000122070312,182.0800018310547
1767415175554,805.2000122070312,175.0800018310547
1767415175559,807.2000122070312,166.0800018310547
1767415175565,808.2000122070312,160.0800018310547
1767415175572,808.2000122070312,156.0800018310547
1767415175580,808.2000122070312,155.0800018310547
1767415175588,807.2000122070312,154.0800018310547
1767415175596,806.2000122070312,153.0800018310547
1767415175604,803.2000122070312,153.0800018310547
1767415175612,801.2000122070312,153.0800018310547
1767415175620,797.2000122070312,155.0800018310547
1767415175628,794.2000122070312,162.0800018310547
1767415175638,793.2000122070312,167.0800018310547
1767415175645,791.2000122070312,174.0800018310547
1767415175652,790.2000122070312,180.0800018310547
1767415175668,790.2000122070312,187.0800018310547
1767415175673,790.2000122070312,192.0800018310547
1767415175679,791.2000122070312,196.0800018310547
1767415175685,792.2000122070312,200.0800018310547
1767415175692,793.2000122070312,201.0800018310547
1767415175708,794.2000122070312,202.0800018310547
1767415175713,795.2000122070312,202.0800018310547
1767415175734,796.2000122070312,202.0800018310547
1767415175748,796.2000122070312,202.0800018310547
1767415175753,798.2000122070312,200.0800018310547
1767415175759,799.2000122070312,197.0800018310547
1767415175766,801.2000122070312,193.0800018310547
1767415175774,803.2000122070312,187.0800018310547
1767415175788,804.2000122070312,185.0800018310547
1767415175793,805.2000122070312,180.0800018310547
1767415175799,805.2000122070312,175.0800018310547
1767415175806,805.2000122070312,170.0800018310547
1767415175831,805.2000122070312,169.0800018310547
1767415175838,803.2000122070312,169.0800018310547
1767415175846,800.2000122070312,169.0800018310547
1767415175854,797.2000122070312,173.0800018310547
1767415175868,794.2000122070312,180.0800018310547
1767415175873,794.2000122070312,187.0800018310547
1767415175879,794.2000122070312,195.0800018310547
1767415175886,794.2000122070312,204.0800018310547
1767415175894,794.2000122070312,210.0800018310547
1767415175908,795.2000122070312,216.0800018310547
1767415175913,796.2000122070312,220.0800018310547
1767415175919,798.2000122070312,222.0800018310547
1767415175926,799.2000122070312,224.0800018310547
1767415175934,799.2000122070312,224.0800018310547
1767415175950,801.2000122070312,224.0800018310547
1767415175958,803.2000122070312,223.0800018310547
1767415175966,806.2000122070312,220.0800018310547
1767415175974,811.2000122070312,215.0800018310547
1767415175988,814.2000122070312,212.0800018310547
1767415175993,818.2000122070312,205.0800018310547
1767415176000,822.2000122070312,198.0800018310547
1767415176008,827.2000122070312,187.0800018310547
1767415176022,829.2000122070312,178.0800018310547
1767415176028,830.2000122070312,172.0800018310547
1767415176036,830.2000122070312,166.0800018310547
1767415176044,830.2000122070312,160.0800018310547
1767415176052,830.2000122070312,157.0800018310547
1767415176060,828.2000122070312,155.0800018310547
1767415176073,826.2000122070312,154.0800018310547
1767415176079,820.2000122070312,153.0800018310547
1767415176085,815.2000122070312,153.0800018310547
1767415176092,810.2000122070312,153.0800018310547
1767415176100,806.2000122070312,156.0800018310547
1767415176113,802.2000122070312,160.0800018310547
1767415176119,799.2000122070312,168.0800018310547
1767415176125,797.2000122070312,173.0800018310547
1767415176132,794.2000122070312,180.0800018310547
1767415176140,794.2000122070312,185.0800018310547
1767415176153,793.2000122070312,189.0800018310547
1767415176159,793.2000122070312,193.0800018310547
1767415176165,793.2000122070312,196.0800018310547
1767415176172,793.2000122070312,200.0800018310547
1767415176180,793.2000122070312,201.0800018310547
1767415176193,794.2000122070312,201.0800018310547
1767415176223,795.2000122070312,201.0800018310547
1767415176228,796.2000122070312,200.0800018310547
1767415176236,797.2000122070312,197.0800018310547
1767415176244,798.2000122070312,193.0800018310547
1767415176252,799.2000122070312,189.0800018310547
1767415176260,799.2000122070312,184.0800018310547
1767415176268,799.2000122070312,178.0800018310547
1767415176276,797.2000122070312,174.0800018310547
1767415176284,796.2000122070312,168.0800018310547
1767415176294,793.2000122070312,164.0800018310547
1767415176308,790.2000122070312,162.0800018310547
1767415176313,788.2000122070312,161.0800018310547
1767415176319,783.2000122070312,161.0800018310547
1767415176326,780.2000122070312,161.0800018310547
1767415176334,775.2000122070312,161.0800018310547
1767415176348,771.2000122070312,164.0800018310547
1767415176354,765.2000122070312,170.0800018310547
1767415176359,761.2000122070312,182.0800018310547
1767415176366,757.2000122070312,193.0800018310547
1767415176374,755.2000122070312,200.0800018310547
1767415176388,752.2000122070312,215.0800018310547
1767415176393,751.2000122070312,221.0800018310547
1767415176399,751.2000122070312,227.0800018310547
1767415176406,751.2000122070312,231.0800018310547
1767415176414,753.2000122070312,233.0800018310547
1767415176428,753.2000122070312,233.0800018310547
1767415176448,754.2000122070312,233.0800018310547
1767415176454,757.2000122070312,233.0800018310547
1767415176468,759.2000122070312,232.0800018310547
1767415176473,762.2000122070312,228.0800018310547
1767415176479,767.2000122070312,223.0800018310547
1767415176488,771.2000122070312,219.0800018310547
1767415176494,774.2000122070312,212.0800018310547
1767415176508,776.2000122070312,208.0800018310547
1767415176514,779.2000122070312,201.0800018310547
1767415176519,780.2000122070312,194.0800018310547
1767415176526,780.2000122070312,187.0800018310547
1767415176534,780.2000122070312,184.0800018310547
1767415176548,780.2000122070312,182.0800018310547
1767415176554,780.2000122070312,181.0800018310547
1767415176560,777.2000122070312,180.0800018310547
1767415176568,774.2000122070312,180.0800018310547
1767415176576,768.2000122070312,180.0800018310547
1767415176584,765.2000122070312,180.0800018310547
1767415176592,762.2000122070312,185.0800018310547
1767415176600,760.2000122070312,190.0800018310547
1767415176608,758.2000122070312,196.0800018310547
1767415176616,757.2000122070312,203.0800018310547
1767415176624,757.2000122070312,208.0800018310547
1767415176632,757.2000122070312,212.0800018310547
1767415176640,757.2000122070312,217.0800018310547
1767415176648,758.2000122070312,220.0800018310547
1767415176656,760.2000122070312,221.0800018310547
1767415176664,761.2000122070312,223.0800018310547
1767415176680,762.2000122070312,223.0800018310547
1767415176688,764.2000122070312,223.0800018310547
1767415176696,765.2000122070312,223.0800018310547
1767415176704,769.2000122070312,223.0800018310547
1767415176712,771.2000122070312,220.0800018310547
1767415176720,774.2000122070312,218.0800018310547
1767415176728,774.2000122070312,216.0800018310547
1767415176736,775.2000122070312,213.0800018310547
1767415176744,776.2000122070312,209.0800018310547
1767415176759,776.2000122070312,204.0800018310547
1767415176765,774.2000122070312,199.0800018310547
1767415176771,772.2000122070312,194.0800018310547
1767415176776,768.2000122070312,191.0800018310547
1767415176784,764.2000122070312,187.0800018310547
1767415176792,755.2000122070312,183.0800018310547
1767415176800,748.2000122070312,181.0800018310547
1767415176809,744.2000122070312,181.0800018310547
1767415176816,742.2000122070312,181.0800018310547
1767415176824,740.2000122070312,182.0800018310547
1767415176832,739.2000122070312,186.0800018310547
1767415176840,738.2000122070312,191.0800018310547
1767415176850,738.2000122070312,198.0800018310547
1767415176858,738.2000122070312,202.0800018310547
1767415176866,738.2000122070312,206.0800018310547
1767415176874,739.2000122070312,210.0800018310547
1767415176882,741.2000122070312,212.0800018310547
1767415176890,742.2000122070312,215.0800018310547
1767415176898,743.2000122070312,216.0800018310547
1767415176906,744.2000122070312,217.0800018310547
1767415176914,745.2000122070312,217.0800018310547
1767415176922,746.2000122070312,217.0800018310547
1767415176930,747.2000122070312,217.0800018310547
1767415176938,749.2000122070312,217.0800018310547
1767415176946,751.2000122070312,217.0800018310547
1767415176954,754.2000122070312,215.0800018310547
1767415176962,757.2000122070312,213.0800018310547
1767415176970,758.2000122070312,210.0800018310547
1767415176978,759.2000122070312,207.0800018310547
1767415176986,759.2000122070312,204.0800018310547
1767415176994,759.2000122070312,202.0800018310547
1767415177002,759.2000122070312,201.0800018310547
1767415177042,759.2000122070312,204.0800018310547
1767415177050,759.2000122070312,208.0800018310547
1767415177058,759.2000122070312,214.0800018310547
1767415177066,759.2000122070312,220.0800018310547
1767415177074,760.2000122070312,226.0800018310547
1767415177082,762.2000122070312,231.0800018310547
1767415177090,764.2000122070312,234.0800018310547
1767415177098,765.2000122070312,237.0800018310547
1767415177106,767.2000122070312,238.0800018310547
1767415177114,769.2000122070312,239.0800018310547
1767415177124,769.2000122070312,240.0800018310547
1767415177132,770.2000122070312,240.0800018310547
1767415177140,773.2000122070312,240.0800018310547
1767415177154,776.2000122070312,238.0800018310547
1767415177159,778.2000122070312,236.0800018310547
1767415177165,782.2000122070312,233.0800018310547
1767415177172,786.2000122070312,230.0800018310547
1767415177180,789.2000122070312,226.0800018310547
1767415177188,793.2000122070312,220.0800018310547
1767415177196,796.2000122070312,213.0800018310547
1767415177204,798.2000122070312,207.0800018310547
1767415177212,798.2000122070312,199.0800018310547
1767415177220,798.2000122070312,193.0800018310547
1767415177228,798.2000122070312,190.0800018310547
1767415177236,797.2000122070312,187.0800018310547
1767415177244,796.2000122070312,187.0800018310547
1767415177252,791.2000122070312,185.0800018310547
1767415177260,783.2000122070312,184.0800018310547
1767415177268,774.2000122070312,184.0800018310547
1767415177276,768.2000122070312,184.0800018310547
1767415177284,762.2000122070312,188.0800018310547
1767415177292,758.2000122070312,192.0800018310547
1767415177300,755.2000122070312,199.0800018310547
1767415177308,751.2000122070312,208.0800018310547
1767415177316,749.2000122070312,214.0800018310547
1767415177324,749.2000122070312,217.0800018310547
1767415177332,749.2000122070312,221.0800018310547
1767415177348,749.2000122070312,224.0800018310547
1767415177354,751.2000122070312,225.0800018310547
1767415177360,751.2000122070312,226.0800018310547
1767415177365,753.2000122070312,227.0800018310547
1767415177372,755.2000122070312,227.0800018310547
1767415177382,757.2000122070312,227.0800018310547
1767415177388,760.2000122070312,226.0800018310547
1767415177396,763.2000122070312,225.0800018310547
1767415177404,767.2000122070312,223.0800018310547
1767415177414,772.2000122070312,219.0800018310547
1767415177428,776.2000122070312,216.0800018310547
1767415177434,780.2000122070312,212.0800018310547
1767415177440,785.2000122070312,206.0800018310547
1767415177446,789.2000122070312,202.0800018310547
1767415177454,794.2000122070312,196.0800018310547
1767415177468,796.2000122070312,193.0800018310547
1767415177474,798.2000122070312,191.0800018310547
1767415177479,798.2000122070312,191.0800018310547
1767415177510,797.2000122070312,192.0800018310547
1767415177519,794.2000122070312,199.0800018310547
1767415177526,792.2000122070312,205.0800018310547
1767415177534,792.2000122070312,210.0800018310547
1767415177542,792.2000122070312,214.0800018310547
1767415177550,792.2000122070312,220.0800018310547
1767415177558,794.2000122070312,224.0800018310547
1767415177566,796.2000122070312,227.0800018310547
1767415177574,798.2000122070312,228.0800018310547
1767415177582,799.2000122070312,231.0800018310547
1767415177590,801.2000122070312,232.0800018310547
1767415177598,803.2000122070312,232.0800018310547
1767415177606,805.2000122070312,232.0800018310547
1767415177614,806.2000122070312,232.0800018310547
1767415177622,807.2000122070312,232.0800018310547
1767415177630,808.2000122070312,232.0800018310547
1767415177638,809.2000122070312,232.0800018310547
1767415177646,811.2000122070312,231.0800018310547
1767415177654,811.2000122070312,230.0800018310547
1767415177662,811.2000122070312,229.0800018310547
1767415177674,811.2000122070312,228.0800018310547
1767415177679,810.2000122070312,228.0800018310547
1767415177686,808.2000122070312,226.0800018310547
1767415177703,806.2000122070312,224.0800018310547
1767415177708,804.2000122070312,223.0800018310547
1767415177714,801.2000122070312,223.0800018310547
1767415177720,797.2000122070312,222.0800018310547
1767415177728,794.2000122070312,221.0800018310547
1767415177736,790.2000122070312,221.0800018310547
1767415177754,787.2000122070312,221.0800018310547
1767415177761,778.2000122070312,221.0800018310547
-1,-1,-1
1767415169465,,
-1,-1,-1
1767415177762,,
