1762231563733,799,557.3999977111816
1762231563742,771,523.3999977111816
1762231563759,742,489.39999771118164
1762231563774,658,393.39999771118164
1762231563791,602,341.39999771118164
1762231563808,536,275.39999771118164
1762231563825,475,222.39999771118164
1762231563841,410,170.39999771118164
1762231563858,307,82.39999771118164
1762231563874,256,38.39999771118164
1762231564612,106,0.3999977111816406
1762231564636,106,1.3999977111816406
1762231564673,105,3.3999977111816406
1762231564690,105,4.399997711181641
1762231564708,104,5.399997711181641
1762231564723,103,6.399997711181641
1762231564740,103,7.399997711181641
1762231564758,102,9.39999771118164
1762231564807,102,10.39999771118164
1762231564824,102,11.39999771118164
1762231564841,102,12.39999771118164
1762231564869,102,13.39999771118164
1762231564886,101,13.39999771118164
1762231564938,101,14.39999771118164
1762231564941,101,15.39999771118164
1762231564963,100,16.39999771118164
1762231564977,100,17.39999771118164
1762231565024,100,18.39999771118164
1762231565262,100,18.39999771118164
1762231565475,100,18.39999771118164
1762231565494,101,18.39999771118164
1762231565507,104,18.39999771118164
1762231565524,108,18.39999771118164
1762231565540,110,18.39999771118164
1762231565558,113,18.39999771118164
1762231565574,114,18.39999771118164
1762231565590,116,18.39999771118164
1762231565607,118,18.39999771118164
1762231565625,119,18.39999771118164
1762231565641,121,19.39999771118164
1762231565657,123,19.39999771118164
1762231565676,125,20.39999771118164
1762231565691,126,20.39999771118164
1762231565708,127,21.39999771118164
1762231565724,128,21.39999771118164
1762231565740,129,21.39999771118164
1762231565757,130,21.39999771118164
1762231565778,130,21.39999771118164
1762231565823,130,21.39999771118164
1762231565842,130,22.39999771118164
1762231565890,130,23.39999771118164
1762231565906,130,23.39999771118164
1762231565925,129,24.39999771118164
1762231565941,128,25.39999771118164
1762231565956,126,25.39999771118164
1762231565972,123,25.39999771118164
1762231565989,121,25.39999771118164
1762231566006,117,25.39999771118164
1762231566022,114,25.39999771118164
1762231566039,111,24.39999771118164
1762231566056,109,24.39999771118164
1762231566072,105,24.39999771118164
1762231566089,103,23.39999771118164
1762231566106,101,22.39999771118164
1762231566124,99,22.39999771118164
1762231566139,98,21.39999771118164
1762231566156,97,21.39999771118164
1762231566172,96,21.39999771118164
1762231566189,94,21.39999771118164
1762231566209,94,21.39999771118164
1762231566223,93,21.39999771118164
1762231566243,92,21.39999771118164
1762231566289,91,21.39999771118164
1762231566312,90,21.39999771118164
1762231566450,90,21.39999771118164
1762231566461,90,23.39999771118164
1762231566484,91,24.39999771118164
1762231566488,91,25.39999771118164
1762231566505,92,25.39999771118164
1762231566522,93,27.39999771118164
1762231566538,94,29.39999771118164
1762231566555,96,29.39999771118164
1762231566572,98,31.39999771118164
1762231566588,99,31.39999771118164
1762231566605,102,33.39999771118164
1762231566621,105,33.39999771118164
1762231566638,110,34.39999771118164
1762231566655,111,34.39999771118164
1762231566671,114,34.39999771118164
1762231566688,114,34.39999771118164
1762231566705,116,34.39999771118164
1762231566722,118,34.39999771118164
1762231566738,119,34.39999771118164
1762231566755,120,34.39999771118164
1762231566774,122,34.39999771118164
1762231566790,122,34.39999771118164
1762231566805,125,34.39999771118164
1762231566823,126,34.39999771118164
1762231566838,127,33.39999771118164
1762231566858,128,33.39999771118164
1762231566877,129,33.39999771118164
1762231566891,130,33.39999771118164
1762231566905,130,33.39999771118164
1762231566924,131,33.39999771118164
1762231566939,132,32.39999771118164
1762231566989,133,31.39999771118164
1762231567005,134,31.39999771118164
1762231567022,134,30.39999771118164
1762231567038,134,30.39999771118164
1762231567089,134,29.39999771118164
1762231567145,134,29.39999771118164
1762231567274,134,29.39999771118164
1762231567524,134,49.39999771118164
1762231567538,131,85.39999771118164
1762231567555,130,97.39999771118164
1762231567571,125,127.39999771118164
1762231567588,124,137.39999771118164
1762231567604,124,144.39999771118164
1762231567621,123,151.39999771118164
1762231567637,123,153.39999771118164
1762231567654,123,154.39999771118164
1762231567675,122,154.39999771118164
1762231567688,122,155.39999771118164
1762231567704,122,156.39999771118164
1762231567831,122,155.39999771118164
1762231567852,121,155.39999771118164
1762231567865,121,154.39999771118164
1762231567904,120,153.39999771118164
1762231568333,119,153.39999771118164
1762231568338,118,153.39999771118164
1762231568353,117,153.39999771118164
1762231568370,114,153.39999771118164
1762231568387,110,153.39999771118164
1762231568403,108,151.39999771118164
1762231568420,106,145.39999771118164
1762231568437,105,140.39999771118164
1762231568453,104,134.39999771118164
1762231568470,104,133.39999771118164
1762231568486,104,132.39999771118164
1762231568503,105,131.39999771118164
1762231568520,106,131.39999771118164
1762231568536,108,131.39999771118164
1762231568553,109,131.39999771118164
1762231568570,112,132.39999771118164
1762231568587,114,134.39999771118164
1762231568603,118,138.39999771118164
1762231568620,120,141.39999771118164
1762231568636,122,145.39999771118164
1762231568653,124,147.39999771118164
1762231568670,125,149.39999771118164
1762231568686,126,151.39999771118164
1762231568703,126,153.39999771118164
1762231568720,126,155.39999771118164
1762231568737,126,157.39999771118164
1762231568753,124,159.39999771118164
1762231568770,122,160.39999771118164
1762231568786,120,161.39999771118164
1762231568803,116,162.39999771118164
1762231568820,115,162.39999771118164
1762231568836,113,162.39999771118164
1762231568853,110,161.39999771118164
1762231568869,109,158.39999771118164
1762231568887,109,155.39999771118164
1762231568903,109,153.39999771118164
1762231568919,110,149.39999771118164
1762231568936,112,148.39999771118164
1762231568953,114,146.39999771118164
1762231568970,116,145.39999771118164
1762231568986,119,145.39999771118164
1762231569003,122,146.39999771118164
1762231569020,125,149.39999771118164
1762231569036,128,151.39999771118164
1762231569053,129,152.39999771118164
1762231569070,130,154.39999771118164
1762231569086,130,155.39999771118164
1762231569103,131,157.39999771118164
1762231569136,131,157.39999771118164
1762231569153,130,158.39999771118164
1762231569169,128,158.39999771118164
1762231569186,125,158.39999771118164
1762231569202,122,157.39999771118164
1762231569219,119,156.39999771118164
1762231569236,118,154.39999771118164
1762231569253,117,153.39999771118164
1762231569269,116,153.39999771118164
1762231569286,115,151.39999771118164
1762231569303,114,150.39999771118164
1762231569319,114,149.39999771118164
1762231569336,114,147.39999771118164
1762231569352,115,146.39999771118164
1762231569369,117,145.39999771118164
1762231569386,118,144.39999771118164
1762231569402,119,144.39999771118164
1762231569419,122,145.39999771118164
1762231569436,125,145.39999771118164
1762231569453,126,147.39999771118164
1762231569469,127,149.39999771118164
1762231569485,127,150.39999771118164
1762231569502,127,151.39999771118164
1762231569519,127,153.39999771118164
1762231569536,126,154.39999771118164
1762231569552,124,155.39999771118164
1762231569569,122,155.39999771118164
1762231569586,118,155.39999771118164
1762231569602,115,154.39999771118164
1762231569619,112,153.39999771118164
1762231569635,110,151.39999771118164
1762231569652,109,147.39999771118164
1762231569669,107,145.39999771118164
1762231569686,107,145.39999771118164
1762231569702,107,143.39999771118164
1762231569719,107,142.39999771118164
1762231569735,107,141.39999771118164
1762231569752,107,140.39999771118164
1762231569769,108,139.39999771118164
1762231569785,110,137.39999771118164
1762231569802,111,137.39999771118164
1762231569819,114,137.39999771118164
1762231569835,115,137.39999771118164
1762231569852,118,137.39999771118164
1762231569869,120,137.39999771118164
1762231569885,122,138.39999771118164
1762231569902,122,139.39999771118164
1762231569919,123,140.39999771118164
1762231569935,124,141.39999771118164
1762231569952,124,142.39999771118164
1762231569969,124,143.39999771118164
1762231569985,124,145.39999771118164
1762231570002,123,145.39999771118164
1762231570019,122,146.39999771118164
1762231570035,120,146.39999771118164
1762231570052,118,147.39999771118164
1762231570068,116,147.39999771118164
1762231570085,114,146.39999771118164
1762231570102,112,146.39999771118164
1762231570118,111,145.39999771118164
1762231570135,111,145.39999771118164
1762231570152,110,144.39999771118164
1762231570169,110,143.39999771118164
1762231570185,110,142.39999771118164
1762231570202,110,141.39999771118164
1762231570218,110,140.39999771118164
1762231570235,110,139.39999771118164
1762231570252,113,138.39999771118164
1762231570268,115,137.39999771118164
1762231570285,118,137.39999771118164
1762231570302,121,137.39999771118164
1762231570319,123,140.39999771118164
1762231570335,125,141.39999771118164
1762231570352,126,144.39999771118164
1762231570368,126,145.39999771118164
1762231570385,126,148.39999771118164
1762231570402,126,149.39999771118164
1762231570418,126,149.39999771118164
1762231570435,125,150.39999771118164
1762231570453,125,150.39999771118164
1762231570956,125,151.39999771118164
1762231571001,126,152.39999771118164
1762231571018,128,153.39999771118164
1762231571035,130,154.39999771118164
1762231571051,133,154.39999771118164
1762231571068,134,155.39999771118164
1762231571085,136,155.39999771118164
1762231571101,138,156.39999771118164
1762231571118,139,156.39999771118164
1762231571505,139,157.39999771118164
1762231571517,140,158.39999771118164
1762231571534,141,161.39999771118164
1762231571550,142,163.39999771118164
1762231571567,142,165.39999771118164
1762231571584,142,166.39999771118164
1762231571600,143,167.39999771118164
1762231571617,143,168.39999771118164
1762231571634,143,169.39999771118164
1762231571685,143,170.39999771118164
1762231571710,143,169.39999771118164
1762231571717,143,165.39999771118164
1762231571733,143,141.39999771118164
1762231571750,143,131.39999771118164
1762231571767,143,126.39999771118164
1762231571783,143,122.39999771118164
1762231571800,143,121.39999771118164
1762231571817,144,121.39999771118164
1762231571834,144,120.39999771118164
1762231571850,145,120.39999771118164
1762231571867,146,120.39999771118164
1762231571883,146,121.39999771118164
1762231571900,149,125.39999771118164
1762231571917,150,129.39999771118164
1762231571933,151,139.39999771118164
1762231571950,152,146.39999771118164
1762231571967,152,151.39999771118164
1762231571983,152,158.39999771118164
1762231572000,151,161.39999771118164
1762231572017,151,166.39999771118164
1762231572034,150,168.39999771118164
1762231572050,150,170.39999771118164
1762231572067,150,172.39999771118164
1762231572083,150,173.39999771118164
1762231572100,150,174.39999771118164
1762231572124,150,175.39999771118164
1762231572133,150,175.39999771118164
1762231572165,149,175.39999771118164
1762231572183,147,169.39999771118164
1762231572200,142,132.39999771118164
1762231572217,142,117.39999771118164
1762231572233,142,113.39999771118164
1762231572250,143,113.39999771118164
1762231572268,144,113.39999771118164
1762231572290,146,114.39999771118164
1762231572301,146,117.39999771118164
1762231572316,152,136.39999771118164
1762231572333,152,150.39999771118164
1762231572349,151,165.39999771118164
1762231572366,150,171.39999771118164
1762231572383,149,175.39999771118164
1762231572399,147,177.39999771118164
1762231572416,147,177.39999771118164
1762231572433,146,178.39999771118164
1762231572450,145,179.39999771118164
1762231572466,141,179.39999771118164
1762231572483,138,175.39999771118164
1762231572499,132,164.39999771118164
1762231572516,130,153.39999771118164
1762231572533,130,145.39999771118164
1762231572549,131,143.39999771118164
1762231572566,132,142.39999771118164
1762231572583,132,141.39999771118164
1762231572599,134,141.39999771118164
1762231572616,136,145.39999771118164
1762231572633,138,153.39999771118164
1762231572649,139,173.39999771118164
1762231572666,138,181.39999771118164
1762231572683,138,186.39999771118164
1762231572699,137,188.39999771118164
1762231572717,137,189.39999771118164
1762231572732,134,190.39999771118164
1762231572749,130,189.39999771118164
1762231572766,115,166.39999771118164
1762231572783,109,149.39999771118164
1762231572799,106,131.39999771118164
1762231572816,106,127.39999771118164
1762231572833,107,125.39999771118164
1762231572883,110,126.39999771118164
1762231572899,114,140.39999771118164
1762231572916,118,171.39999771118164
1762231572933,116,181.39999771118164
1762231572949,114,187.39999771118164
1762231572966,112,191.39999771118164
1762231572983,110,193.39999771118164
1762231572999,109,194.39999771118164
1762231573015,106,194.39999771118164
1762231573032,99,188.39999771118164
1762231573049,93,178.39999771118164
1762231573066,88,166.39999771118164
1762231573082,87,161.39999771118164
1762231573099,87,158.39999771118164
1762231573115,87,157.39999771118164
1762231573133,87,157.39999771118164
1762231573165,88,157.39999771118164
1762231573182,90,161.39999771118164
1762231573199,93,167.39999771118164
1762231573216,94,173.39999771118164
1762231573232,94,176.39999771118164
1762231573249,94,177.39999771118164
1762231573266,94,178.39999771118164
1762231573282,94,179.39999771118164
1762231573307,93,179.39999771118164
1762231573316,91,178.39999771118164
1762231573332,87,171.39999771118164
1762231573349,83,161.39999771118164
1762231573365,79,151.39999771118164
1762231573382,78,146.39999771118164
1762231573399,77,145.39999771118164
1762231573415,76,144.39999771118164
1762231573437,76,143.39999771118164
1762231573493,76,144.39999771118164
1762231573499,76,145.39999771118164
1762231573515,77,158.39999771118164
1762231573532,78,163.39999771118164
1762231573549,78,168.39999771118164
1762231573565,78,169.39999771118164
1762231573582,78,171.39999771118164
1762231573599,78,172.39999771118164
1762231573616,78,173.39999771118164
1762231573665,78,170.39999771118164
1762231573682,78,164.39999771118164
1762231573698,78,157.39999771118164
1762231573715,78,154.39999771118164
1762231573732,77,153.39999771118164
1762231573748,76,151.39999771118164
1762231573766,76,150.39999771118164
1762231573782,75,149.39999771118164
1762231573812,74,149.39999771118164
1762231573831,74,154.39999771118164
1762231573848,74,161.39999771118164
1762231573865,74,171.39999771118164
1762231573881,74,175.39999771118164
1762231573898,77,181.39999771118164
1762231573915,78,185.39999771118164
1762231573931,79,187.39999771118164
1762231573948,81,188.39999771118164
1762231573965,82,189.39999771118164
1762231573981,83,190.39999771118164
1762231573998,84,190.39999771118164
1762231574015,87,190.39999771118164
1762231574031,90,190.39999771118164
1762231574048,93,188.39999771118164
1762231574065,94,185.39999771118164
1762231574081,96,179.39999771118164
1762231574098,97,165.39999771118164
1762231574115,96,161.39999771118164
1762231574132,95,157.39999771118164
1762231574149,94,155.39999771118164
1762231574165,94,153.39999771118164
1762231574185,94,153.39999771118164
1762231574198,93,153.39999771118164
1762231574225,93,154.39999771118164
1762231574233,94,157.39999771118164
1762231574248,97,166.39999771118164
1762231574265,99,173.39999771118164
1762231574281,100,177.39999771118164
1762231574298,101,179.39999771118164
1762231574315,101,181.39999771118164
1762231574332,101,181.39999771118164
1762231574348,101,182.39999771118164
1762231574365,100,182.39999771118164
1762231574381,98,180.39999771118164
1762231574398,88,168.39999771118164
1762231574415,83,153.39999771118164
1762231574431,82,145.39999771118164
1762231574448,82,137.39999771118164
1762231574464,82,134.39999771118164
1762231574481,82,133.39999771118164
1762231574498,83,131.39999771118164
1762231574515,85,131.39999771118164
1762231574531,89,132.39999771118164
1762231574548,101,142.39999771118164
1762231574565,114,161.39999771118164
1762231574581,120,177.39999771118164
1762231574598,123,187.39999771118164
1762231574614,123,190.39999771118164
1762231574631,123,192.39999771118164
1762231574647,123,193.39999771118164
1762231574671,123,193.39999771118164
1762231574681,122,193.39999771118164
1762231574697,119,193.39999771118164
1762231574714,111,189.39999771118164
1762231574731,104,181.39999771118164
1762231574748,99,174.39999771118164
1762231574764,98,171.39999771118164
1762231574781,98,169.39999771118164
1762231574798,98,165.39999771118164
1762231574814,98,162.39999771118164
1762231574831,100,161.39999771118164
1762231574847,102,160.39999771118164
1762231574864,111,160.39999771118164
1762231574881,119,163.39999771118164
1762231574897,131,170.39999771118164
1762231574914,136,177.39999771118164
1762231574931,139,183.39999771118164
1762231574948,141,186.39999771118164
1762231574964,142,189.39999771118164
1762231574981,142,191.39999771118164
1762231574998,142,193.39999771118164
1762231575014,140,193.39999771118164
1762231575031,136,193.39999771118164
1762231575047,128,189.39999771118164
1762231575064,124,186.39999771118164
1762231575080,120,178.39999771118164
1762231575097,118,173.39999771118164
1762231575114,118,169.39999771118164
1762231575131,118,167.39999771118164
1762231575147,118,165.39999771118164
1762231575164,119,164.39999771118164
1762231575180,122,163.39999771118164
1762231575197,126,162.39999771118164
1762231575214,128,162.39999771118164
1762231575230,132,164.39999771118164
1762231575247,135,166.39999771118164
1762231575264,138,168.39999771118164
1762231575280,140,172.39999771118164
1762231575297,142,173.39999771118164
1762231575314,142,177.39999771118164
1762231575330,142,177.39999771118164
1762231575347,142,180.39999771118164
1762231575365,142,181.39999771118164
1762231575383,142,182.39999771118164
1762231575399,142,183.39999771118164
1762231575414,142,184.39999771118164
1762231575430,140,184.39999771118164
1762231575447,139,183.39999771118164
1762231575463,138,180.39999771118164
1762231575480,136,177.39999771118164
1762231575497,136,172.39999771118164
1762231575513,136,171.39999771118164
1762231575530,136,168.39999771118164
1762231575547,137,166.39999771118164
1762231575563,138,164.39999771118164
1762231575580,139,162.39999771118164
1762231575597,142,161.39999771118164
1762231575613,145,161.39999771118164
1762231575630,146,161.39999771118164
1762231575647,148,161.39999771118164
1762231575663,150,161.39999771118164
1762231575680,152,163.39999771118164
1762231575697,153,165.39999771118164
1762231575713,154,169.39999771118164
1762231575730,154,173.39999771118164
1762231575747,154,177.39999771118164
1762231575763,154,181.39999771118164
1762231575780,154,183.39999771118164
1762231575796,152,186.39999771118164
1762231575813,151,189.39999771118164
1762231575829,147,191.39999771118164
1762231575846,144,193.39999771118164
1762231575863,135,197.39999771118164
1762231575880,128,197.39999771118164
1762231575896,122,197.39999771118164
1762231575913,113,197.39999771118164
1762231575929,108,196.39999771118164
1762231575946,101,192.39999771118164
1762231575963,95,187.39999771118164
1762231575980,93,184.39999771118164
1762231575996,90,178.39999771118164
1762231576013,88,177.39999771118164
1762231576031,85,169.39999771118164
1762231576047,84,167.39999771118164
1762231576063,83,164.39999771118164
1762231576080,83,162.39999771118164
1762231576096,83,161.39999771118164
1762231576113,83,160.39999771118164
1762231576129,83,158.39999771118164
1762231576146,88,156.39999771118164
1762231576163,93,155.39999771118164
1762231576180,108,154.39999771118164
1762231576197,123,154.39999771118164
1762231576213,133,154.39999771118164
1762231576231,140,154.39999771118164
1762231576247,145,154.39999771118164
1762231576263,150,154.39999771118164
1762231576280,153,154.39999771118164
1762231576296,156,154.39999771118164
1762231576313,157,154.39999771118164
1762231576330,158,154.39999771118164
1762231576347,159,154.39999771118164
1762231576363,160,153.39999771118164
1762231576380,161,153.39999771118164
1762231576413,161,153.39999771118164
1762231576419,161,152.39999771118164
1762231576430,160,151.39999771118164
1762231576446,154,146.39999771118164
1762231576463,145,141.39999771118164
1762231576479,134,137.39999771118164
1762231576496,120,136.39999771118164
1762231576513,113,136.39999771118164
1762231576529,110,136.39999771118164
1762231576546,108,137.39999771118164
1762231576562,106,137.39999771118164
1762231576579,105,137.39999771118164
1762231576595,103,137.39999771118164
1762231576612,102,137.39999771118164
1762231576629,98,139.39999771118164
1762231576646,97,139.39999771118164
1762231576662,93,141.39999771118164
1762231576679,92,141.39999771118164
1762231576696,91,141.39999771118164
1762231576713,89,142.39999771118164
1762231576729,88,142.39999771118164
1762231576763,87,143.39999771118164
1762231576779,86,143.39999771118164
1762231576796,85,144.39999771118164
1762231576812,84,145.39999771118164
1762231576829,84,145.39999771118164
1762231576846,83,145.39999771118164
1762231576869,83,146.39999771118164
1762231576879,82,146.39999771118164
1762231576946,82,146.39999771118164
1762231577185,82,152.39999771118164
1762231577197,79,170.39999771118164
1762231577212,76,185.39999771118164
1762231577228,74,196.39999771118164
1762231577245,72,214.39999771118164
1762231577262,71,223.39999771118164
1762231577278,70,228.39999771118164
1762231577296,70,229.39999771118164
1762231577318,70,230.39999771118164
1762231577329,70,231.39999771118164
1762231577350,70,232.39999771118164
1762231577364,70,233.39999771118164
1762231577383,70,234.39999771118164
1762231577395,70,235.39999771118164
1762231577412,70,236.39999771118164
1762231577428,70,237.39999771118164
1762231577478,70,238.39999771118164
1762231577529,70,240.39999771118164
1762231577555,70,241.39999771118164
1762231577573,71,241.39999771118164
1762231577579,72,243.39999771118164
1762231577595,74,245.39999771118164
1762231577612,78,248.39999771118164
1762231577628,83,255.39999771118164
1762231577645,90,259.39999771118164
1762231577661,99,267.39999771118164
1762231577678,104,270.39999771118164
1762231577695,106,273.39999771118164
1762231578060,118,277.39999771118164
1762231578063,138,281.39999771118164
1762231578078,177,291.39999771118164
1762231578095,204,296.39999771118164
1762231578112,230,302.39999771118164
1762231578128,247,307.39999771118164
1762231578145,263,312.39999771118164
1762231578161,283,315.39999771118164
1762231578178,297,316.39999771118164
1762231578194,315,317.39999771118164
1762231578211,338,317.39999771118164
1762231578228,368,317.39999771118164
1762231578244,411,310.39999771118164
1762231578261,440,304.39999771118164
1762231578277,462,298.39999771118164
1762231578294,490,285.39999771118164
1762231578615,510,285.39999771118164
1762231578629,568,285.39999771118164
1762231578644,591,283.39999771118164
1762231578660,616,281.39999771118164
1762231578677,644,278.39999771118164
1762231578694,684,269.39999771118164
1762231578711,708,263.39999771118164
1762231578727,742,252.39999771118164
1762231578744,771,240.39999771118164
1762231578760,791,231.39999771118164
1762231578777,805,223.39999771118164
1762231578794,815,213.39999771118164
1762231579062,811,201.39999771118164
1762231579077,805,188.39999771118164
1762231579093,802,181.39999771118164
1762231579110,799,172.39999771118164
1762231579127,799,169.39999771118164
1762231579144,797,161.39999771118164
1762231579160,797,157.39999771118164
1762231579177,795,148.39999771118164
1762231579194,794,143.39999771118164
1762231579210,794,140.39999771118164
1762231579227,793,135.39999771118164
1762231579244,792,133.39999771118164
1762231579260,791,132.39999771118164
1762231579277,790,131.39999771118164
1762231579293,790,129.39999771118164
1762231579310,789,128.39999771118164
1762231579327,789,127.39999771118164
1762231579343,787,125.39999771118164
1762231579360,786,123.39999771118164
1762231579377,786,121.39999771118164
1762231579393,785,120.39999771118164
1762231579410,784,118.39999771118164
1762231579427,783,117.39999771118164
1762231579444,783,116.39999771118164
1762231579461,782,115.39999771118164
1762231579477,782,114.39999771118164
1762231579493,782,113.39999771118164
1762231579510,781,110.39999771118164
1762231579527,781,109.39999771118164
1762231579543,780,107.39999771118164
1762231579560,780,106.39999771118164
1762231579576,780,105.39999771118164
1762231579596,780,104.39999771118164
1762231579610,780,103.39999771118164
1762231579641,780,102.39999771118164
1762231579677,780,101.39999771118164
1762231579733,780,100.39999771118164
1762231579776,780,99.39999771118164
1762231579793,780,98.39999771118164
1762231579810,781,97.39999771118164
1762231579826,782,95.39999771118164
1762231579843,782,94.39999771118164
1762231579860,783,93.39999771118164
1762231579877,783,92.39999771118164
1762231579897,784,91.39999771118164
1762231579910,785,90.39999771118164
1762231579960,785,89.39999771118164
1762231580730,786,89.39999771118164
1762231580742,787,90.39999771118164
1762231580759,791,93.39999771118164
1762231580776,793,95.39999771118164
1762231580792,795,96.39999771118164
1762231580809,797,97.39999771118164
1762231580825,798,98.39999771118164
1762231580842,801,99.39999771118164
1762231580859,802,100.39999771118164
1762231580875,805,101.39999771118164
1762231580892,806,102.39999771118164
1762231580909,808,104.39999771118164
1762231580926,810,105.39999771118164
1762231580942,812,106.39999771118164
1762231580958,814,108.39999771118164
1762231580975,816,109.39999771118164
1762231580992,818,110.39999771118164
1762231581009,820,110.39999771118164
1762231581025,823,112.39999771118164
1762231581042,826,113.39999771118164
1762231581059,829,113.39999771118164
1762231581075,832,114.39999771118164
1762231581092,834,115.39999771118164
1762231581108,834,115.39999771118164
1762231581125,837,116.39999771118164
1762231581141,838,116.39999771118164
1762231581159,838,117.39999771118164
1762231581175,839,117.39999771118164
1762231581192,840,117.39999771118164
1762231581212,841,117.39999771118164
1762231581225,842,118.39999771118164
1762231581276,842,118.39999771118164
1762231581381,842,118.39999771118164
1762231581392,841,118.39999771118164
1762231581408,839,118.39999771118164
1762231581425,838,118.39999771118164
1762231581441,838,118.39999771118164
1762231581458,837,118.39999771118164
1762231581474,836,118.39999771118164
1762231581491,835,118.39999771118164
1762231581510,835,118.39999771118164
1762231581812,834,120.39999771118164
1762231581824,830,121.39999771118164
1762231581842,810,127.39999771118164
1762231581858,787,129.39999771118164
1762231581874,761,131.39999771118164
1762231581891,750,131.39999771118164
1762231581907,744,131.39999771118164
1762231581924,742,131.39999771118164
1762231581948,741,131.39999771118164
1762231581970,740,131.39999771118164
1762231582009,739,131.39999771118164
1762231582025,738,131.39999771118164
1762231582053,738,130.39999771118164
1762231582073,737,130.39999771118164
1762231582087,736,129.39999771118164
1762231582101,735,129.39999771118164
1762231582113,734,128.39999771118164
1762231582125,734,127.39999771118164
1762231582142,734,126.39999771118164
1762231582168,733,125.39999771118164
1762231582217,733,124.39999771118164
1762231582259,733,122.39999771118164
1762231582275,736,120.39999771118164
1762231582291,737,118.39999771118164
1762231582308,742,114.39999771118164
1762231582324,744,112.39999771118164
1762231582341,746,111.39999771118164
1762231582358,748,109.39999771118164
1762231582374,749,109.39999771118164
1762231582391,750,109.39999771118164
1762231582407,750,108.39999771118164
1762231582424,751,108.39999771118164
1762231582441,752,106.39999771118164
1762231582457,753,105.39999771118164
1762231582474,754,105.39999771118164
1762231582494,755,104.39999771118164
1762231582507,755,103.39999771118164
1762231582524,756,102.39999771118164
1762231582541,757,102.39999771118164
1762231582557,758,101.39999771118164
1762231582590,758,100.39999771118164
1762231582607,759,100.39999771118164
1762231582986,758,100.39999771118164
1762231583006,754,101.39999771118164
1762231583023,753,102.39999771118164
1762231583039,750,104.39999771118164
1762231583056,747,105.39999771118164
1762231583073,745,105.39999771118164
1762231583090,742,107.39999771118164
1762231583106,739,109.39999771118164
1762231583123,736,109.39999771118164
1762231583140,735,111.39999771118164
1762231583156,734,112.39999771118164
1762231583173,730,113.39999771118164
1762231583190,730,114.39999771118164
1762231583206,727,115.39999771118164
1762231583223,726,116.39999771118164
1762231583239,723,118.39999771118164
1762231583256,722,119.39999771118164
1762231583273,722,120.39999771118164
1762231583290,720,121.39999771118164
1762231583306,719,121.39999771118164
1762231583323,718,122.39999771118164
1762231583339,718,123.39999771118164
1762231583356,717,124.39999771118164
1762231583373,716,125.39999771118164
1762231583389,716,125.39999771118164
1762231583406,715,126.39999771118164
1762231583423,715,127.39999771118164
1762231583439,714,129.39999771118164
1762231583456,714,129.39999771118164
1762231583473,714,130.39999771118164
1762231583490,714,132.39999771118164
1762231583507,713,134.39999771118164
1762231583523,713,136.39999771118164
1762231583539,713,137.39999771118164
1762231583556,713,138.39999771118164
1762231583573,713,139.39999771118164
1762231583589,713,141.39999771118164
1762231583609,713,141.39999771118164
1762231583623,713,142.39999771118164
1762231583673,713,143.39999771118164
1762231583992,713,143.39999771118164
1762231584696,700,146.39999771118164
1762231584707,685,150.39999771118164
1762231584723,639,161.39999771118164
1762231584739,606,168.39999771118164
1762231584755,571,176.39999771118164
1762231584772,509,193.39999771118164
1762231584789,454,221.39999771118164
1762231584805,417,249.39999771118164
1762231585070,402,245.39999771118164
1762231585076,391,241.39999771118164
1762231585088,382,239.39999771118164
1762231585105,371,233.39999771118164
1762231585121,354,229.39999771118164
1762231585139,346,228.39999771118164
1762231585154,334,226.39999771118164
1762231585171,323,226.39999771118164
1762231585188,313,227.39999771118164
1762231585205,292,231.39999771118164
1762231585221,281,233.39999771118164
1762231585238,268,237.39999771118164
1762231585254,257,241.39999771118164
1762231585272,255,241.39999771118164
1762231585544,251,241.39999771118164
1762231585554,247,243.39999771118164
1762231585571,233,247.39999771118164
1762231585587,228,248.39999771118164
1762231585604,225,249.39999771118164
1762231585621,223,249.39999771118164
1762231585637,222,249.39999771118164
1762231585655,222,250.39999771118164
1762231585671,221,250.39999771118164
1762231585688,220,250.39999771118164
1762231585705,219,250.39999771118164
1762231585724,218,250.39999771118164
1762231585739,218,251.39999771118164
1762231585754,216,251.39999771118164
1762231585771,211,253.39999771118164
1762231585788,210,253.39999771118164
1762231585804,207,254.39999771118164
1762231585821,206,254.39999771118164
1762231585838,204,254.39999771118164
1762231585855,203,254.39999771118164
1762231585872,201,254.39999771118164
1762231585888,199,254.39999771118164
1762231585905,197,254.39999771118164
1762231585920,195,254.39999771118164
1762231585937,194,254.39999771118164
1762231585954,192,253.39999771118164
1762231585970,190,253.39999771118164
1762231585987,189,251.39999771118164
1762231586004,188,249.39999771118164
1762231586021,187,249.39999771118164
1762231586695,186,248.39999771118164
1762231586704,186,244.39999771118164
1762231586720,182,236.39999771118164
1762231586737,181,229.39999771118164
1762231586754,178,219.39999771118164
1762231586770,174,205.39999771118164
1762231586787,173,201.39999771118164
1762231586803,172,198.39999771118164
1762231586820,171,198.39999771118164
1762231586837,171,197.39999771118164
1762231586854,171,196.39999771118164
1762231586870,170,195.39999771118164
1762231586886,170,193.39999771118164
1762231586920,170,193.39999771118164
1762231586947,170,192.39999771118164
1762231587153,172,197.39999771118164
1762231587170,178,213.39999771118164
1762231587186,183,237.39999771118164
1762231587202,185,243.39999771118164
1762231587219,186,248.39999771118164
1762231587236,186,249.39999771118164
1762231587253,186,250.39999771118164
1762231587270,186,251.39999771118164
1762231587286,186,252.39999771118164
1762231587345,186,251.39999771118164
1762231587355,186,249.39999771118164
1762231587370,185,234.39999771118164
1762231587386,182,217.39999771118164
1762231587402,180,202.39999771118164
1762231587419,178,200.39999771118164
1762231587436,178,197.39999771118164
1762231587452,178,194.39999771118164
1762231587470,177,193.39999771118164
1762231587486,177,192.39999771118164
1762231587503,177,191.39999771118164
1762231587520,177,190.39999771118164
1762231587586,177,193.39999771118164
1762231587602,182,209.39999771118164
1762231587619,186,227.39999771118164
1762231587635,186,231.39999771118164
1762231587652,187,233.39999771118164
1762231587669,187,234.39999771118164
1762231587686,187,235.39999771118164
1762231587737,187,230.39999771118164
1762231587752,181,197.39999771118164
1762231587769,179,183.39999771118164
1762231587785,178,175.39999771118164
1762231587802,176,168.39999771118164
1762231587819,176,166.39999771118164
1762231587836,175,165.39999771118164
1762231587852,175,165.39999771118164
1762231587920,175,165.39999771118164
1762231587935,177,172.39999771118164
1762231587952,186,198.39999771118164
1762231587969,189,211.39999771118164
1762231587986,190,219.39999771118164
1762231588002,191,221.39999771118164
1762231588019,191,221.39999771118164
1762231588035,191,222.39999771118164
1762231588068,191,221.39999771118164
1762231588075,190,217.39999771118164
1762231588085,184,190.39999771118164
1762231588102,179,162.39999771118164
1762231588119,176,148.39999771118164
1762231588135,175,147.39999771118164
1762231588152,175,146.39999771118164
1762231588235,176,149.39999771118164
1762231588252,181,162.39999771118164
1762231588268,186,177.39999771118164
1762231588285,190,187.39999771118164
1762231588302,190,189.39999771118164
1762231588318,190,190.39999771118164
1762231588335,190,191.39999771118164
1762231588352,190,192.39999771118164
1762231588369,190,193.39999771118164
1762231588385,190,193.39999771118164
1762231588414,190,193.39999771118164
1762231588435,189,191.39999771118164
1762231588452,189,190.39999771118164
1762231588468,188,189.39999771118164
1762231588485,188,189.39999771118164
1762231588501,187,188.39999771118164
1762231588533,187,189.39999771118164
1762231588540,187,189.39999771118164
1762231588552,187,199.39999771118164
1762231588568,189,217.39999771118164
1762231588585,190,238.39999771118164
1762231588602,191,245.39999771118164
1762231588619,191,248.39999771118164
1762231588635,191,249.39999771118164
1762231588716,191,248.39999771118164
1762231588724,191,246.39999771118164
1762231588734,191,245.39999771118164
1762231588752,191,245.39999771118164
1762231588768,190,244.39999771118164
1762231588785,190,243.39999771118164
1762231588801,190,243.39999771118164
1762231588834,190,250.39999771118164
1762231588851,189,257.39999771118164
1762231588868,188,262.39999771118164
1762231588884,187,265.39999771118164
1762231588901,187,267.39999771118164
1762231588918,186,268.39999771118164
1762231588934,186,269.39999771118164
1762231589003,186,268.39999771118164
1762231589018,186,267.39999771118164
1762231589035,186,266.39999771118164
1762231589051,186,265.39999771118164
1762231589121,186,266.39999771118164
1762231589134,186,270.39999771118164
1762231589151,186,277.39999771118164
1762231589168,186,282.39999771118164
1762231589184,186,284.39999771118164
1762231589201,186,286.39999771118164
1762231589217,186,287.39999771118164
1762231589234,186,289.39999771118164
1762231589254,186,289.39999771118164
1762231589312,186,289.39999771118164
1762231589321,186,287.39999771118164
1762231589351,186,285.39999771118164
1762231589367,186,285.39999771118164
1762231589384,186,284.39999771118164
1762231589401,186,283.39999771118164
1762231589451,185,286.39999771118164
1762231589467,184,290.39999771118164
1762231589483,182,294.39999771118164
1762231589500,182,296.39999771118164
1762231589520,182,297.39999771118164
1762231589534,182,297.39999771118164
1762231589551,182,298.39999771118164
1762231589617,182,297.39999771118164
1762231589635,182,297.39999771118164
1762231589651,182,296.39999771118164
1762231589684,182,295.39999771118164
1762231589736,182,295.39999771118164
1762231589929,167,292.39999771118164
1762231589934,153,290.39999771118164
1762231589951,131,287.39999771118164
1762231589967,107,285.39999771118164
1762231589984,94,284.39999771118164
1762231590000,78,282.39999771118164
1762231590017,62,278.39999771118164
1762231590034,58,277.39999771118164
1762231590050,56,276.39999771118164
1762231590068,54,274.39999771118164
1762231590084,54,270.39999771118164
1762231590100,53,266.39999771118164
1762231590117,52,262.39999771118164
1762231590134,52,255.39999771118164
1762231590150,52,246.39999771118164
1762231590167,54,241.39999771118164
1762231590183,55,236.39999771118164
1762231590200,57,228.39999771118164
1762231590217,58,225.39999771118164
1762231590233,59,221.39999771118164
1762231590250,59,219.39999771118164
1762231590267,60,217.39999771118164
1762231590284,61,214.39999771118164
1762231590300,61,213.39999771118164
1762231590317,61,211.39999771118164
1762231590334,61,210.39999771118164
1762231590352,61,209.39999771118164
1762231590366,61,208.39999771118164
1762231590383,61,206.39999771118164
1762231590400,59,205.39999771118164
1762231590416,59,204.39999771118164
1762231590434,58,202.39999771118164
1762231590450,57,201.39999771118164
1762231590467,56,201.39999771118164
1762231590483,55,199.39999771118164
1762231590502,54,198.39999771118164
1762231590520,53,197.39999771118164
1762231590534,52,197.39999771118164
1762231590550,51,197.39999771118164
1762231590567,50,195.39999771118164
1762231590584,50,194.39999771118164
1762231590600,49,194.39999771118164
1762231590617,48,193.39999771118164
1762231590634,47,192.39999771118164
1762231590650,46,191.39999771118164
1762231590667,46,189.39999771118164
1762231590692,46,188.39999771118164
1762231590705,46,187.39999771118164
1762231590717,45,186.39999771118164
1762231590768,44,185.39999771118164
1762231590794,43,184.39999771118164
1762231591191,43,190.39999771118164
1762231591201,42,198.39999771118164
1762231591217,42,213.39999771118164
1762231591233,41,233.39999771118164
1762231591249,40,242.39999771118164
1762231591266,39,252.39999771118164
1762231591283,39,257.39999771118164
1762231591299,39,260.39999771118164
1762231591316,39,261.39999771118164
1762231591333,39,262.39999771118164
1762231591349,39,264.39999771118164
1762231591386,39,263.39999771118164
1762231591400,39,261.39999771118164
1762231591416,39,242.39999771118164
1762231591432,40,232.39999771118164
1762231591449,40,229.39999771118164
1762231591465,40,227.39999771118164
1762231591517,40,226.39999771118164
1762231591565,42,229.39999771118164
1762231591582,42,237.39999771118164
1762231591599,44,247.39999771118164
1762231591615,44,249.39999771118164
1762231591632,44,250.39999771118164
1762231591649,44,251.39999771118164
1762231591674,45,251.39999771118164
1762231591682,45,250.39999771118164
1762231591699,46,242.39999771118164
1762231591715,46,229.39999771118164
1762231591732,49,212.39999771118164
1762231591749,50,208.39999771118164
1762231591766,50,203.39999771118164
1762231591782,50,199.39999771118164
1762231591799,50,198.39999771118164
1762231591816,50,197.39999771118164
1762231591832,50,196.39999771118164
1762231591849,50,195.39999771118164
1762231591872,50,194.39999771118164
1762231591933,50,197.39999771118164
1762231591949,49,203.39999771118164
1762231591965,48,207.39999771118164
1762231591982,47,209.39999771118164
1762231591998,47,210.39999771118164
1762231592015,46,212.39999771118164
1762231592065,46,213.39999771118164
1762231592081,46,209.39999771118164
1762231592098,46,198.39999771118164
1762231592115,48,183.39999771118164
1762231592131,50,177.39999771118164
1762231592148,50,175.39999771118164
1762231592165,51,173.39999771118164
1762231592182,51,171.39999771118164
1762231592198,52,170.39999771118164
1762231592215,54,169.39999771118164
1762231592232,54,168.39999771118164
1762231592248,54,167.39999771118164
1762231592267,55,166.39999771118164
1762231592320,55,167.39999771118164
1762231592331,55,169.39999771118164
1762231592348,54,174.39999771118164
1762231592365,53,177.39999771118164
1762231592382,53,178.39999771118164
1762231592398,52,180.39999771118164
1762231592414,51,181.39999771118164
1762231592439,51,181.39999771118164
1762231592448,50,181.39999771118164
1762231592502,50,181.39999771118164
1762231592514,51,179.39999771118164
1762231592531,52,178.39999771118164
1762231592548,52,177.39999771118164
1762231592565,53,176.39999771118164
1762231592581,53,175.39999771118164
1762231592598,54,175.39999771118164
1762231592614,54,174.39999771118164
1762231592631,54,175.39999771118164
1762231592648,55,185.39999771118164
1762231592664,53,216.39999771118164
1762231592681,51,222.39999771118164
1762231592698,50,226.39999771118164
1762231592715,50,228.39999771118164
1762231592731,50,229.39999771118164
1762231592748,49,229.39999771118164
1762231592766,49,229.39999771118164
1762231592814,48,225.39999771118164
1762231592831,46,212.39999771118164
1762231592847,45,206.39999771118164
1762231592864,44,204.39999771118164
1762231592880,44,203.39999771118164
1762231592897,44,202.39999771118164
1762231592947,44,205.39999771118164
1762231592964,43,221.39999771118164
1762231592980,43,233.39999771118164
1762231592997,43,238.39999771118164
1762231593013,43,243.39999771118164
1762231593030,43,244.39999771118164
1762231593047,43,245.39999771118164
1762231593063,43,246.39999771118164
1762231593081,43,247.39999771118164
1762231593097,43,248.39999771118164
1762231593122,43,247.39999771118164
1762231593130,42,245.39999771118164
1762231593147,41,237.39999771118164
1762231593164,41,230.39999771118164
1762231593181,41,229.39999771118164
1762231593197,40,228.39999771118164
1762231593213,40,227.39999771118164
1762231593230,40,226.39999771118164
1762231593247,40,227.39999771118164
1762231593263,40,233.39999771118164
1762231593280,41,255.39999771118164
1762231593297,41,265.39999771118164
1762231593314,41,273.39999771118164
1762231593330,41,275.39999771118164
1762231593347,41,278.39999771118164
1762231593364,41,279.39999771118164
1762231593380,41,281.39999771118164
1762231593397,41,282.39999771118164
1762231593420,41,283.39999771118164
1762231593473,41,281.39999771118164
1762231593482,40,272.39999771118164
1762231593497,38,260.39999771118164
1762231593515,38,257.39999771118164
1762231593530,38,255.39999771118164
1762231593547,38,253.39999771118164
1762231593614,39,260.39999771118164
1762231593630,41,272.39999771118164
1762231593647,45,286.39999771118164
1762231593664,46,290.39999771118164
1762231593680,46,293.39999771118164
1762231593697,46,295.39999771118164
1762231593714,48,296.39999771118164
1762231593730,48,297.39999771118164
1762231593756,48,297.39999771118164
1762231593797,48,297.39999771118164
1762231593814,47,293.39999771118164
1762231593830,47,293.39999771118164
1762231593847,47,291.39999771118164
1762231593863,47,290.39999771118164
1762231593889,47,289.39999771118164
1762231593958,47,290.39999771118164
1762231593968,47,293.39999771118164
1762231593980,47,294.39999771118164
1762231593997,48,297.39999771118164
1762231594013,48,300.39999771118164
1762231594030,48,301.39999771118164
1762231594047,48,301.39999771118164
1762231594064,48,302.39999771118164
1762231594099,48,300.39999771118164
1762231594113,47,296.39999771118164
1762231594129,45,290.39999771118164
1762231594146,42,285.39999771118164
1762231594163,42,283.39999771118164
1762231594179,41,281.39999771118164
1762231594196,41,281.39999771118164
1762231594213,41,280.39999771118164
1762231594230,40,280.39999771118164
1762231594254,40,281.39999771118164
1762231594262,40,281.39999771118164
1762231594279,41,285.39999771118164
1762231594296,42,288.39999771118164
1762231594313,42,290.39999771118164
1762231594329,42,292.39999771118164
1762231594346,43,293.39999771118164
1762231594362,44,294.39999771118164
1762231594412,44,289.39999771118164
1762231594429,44,283.39999771118164
1762231594446,44,278.39999771118164
1762231594463,44,276.39999771118164
1762231594480,44,275.39999771118164
1762231594497,44,274.39999771118164
1762231594513,44,273.39999771118164
1762231594534,44,274.39999771118164
1762231594546,45,276.39999771118164
1762231594562,46,282.39999771118164
1762231594579,47,287.39999771118164
1762231594596,47,290.39999771118164
1762231594612,47,292.39999771118164
1762231594629,47,293.39999771118164
1762231594698,47,293.39999771118164
1762231595049,62,292.39999771118164
1762231595062,119,281.39999771118164
1762231595079,186,272.39999771118164
1762231595095,274,262.39999771118164
1762231595113,340,260.39999771118164
1762231595129,424,260.39999771118164
1762231595145,526,265.39999771118164
1762231595162,578,265.39999771118164
1762231595179,595,265.39999771118164
1762231595195,606,263.39999771118164
1762231595213,609,261.39999771118164
1762231595540,615,262.39999771118164
1762231595546,622,265.39999771118164
1762231595563,637,269.39999771118164
1762231595579,656,273.39999771118164
1762231595596,662,273.39999771118164
1762231595612,678,277.39999771118164
1762231595630,684,278.39999771118164
1762231595645,694,281.39999771118164
1762231595662,702,282.39999771118164
1762231595678,709,285.39999771118164
1762231595695,714,285.39999771118164
1762231595712,719,289.39999771118164
1762231595728,728,295.39999771118164
1762231595745,734,300.39999771118164
1762231595761,742,311.39999771118164
1762231595779,745,317.39999771118164
1762231595796,746,325.39999771118164
1762231596054,749,342.39999771118164
1762231596063,754,365.39999771118164
1762231596078,758,387.39999771118164
1762231596094,761,399.39999771118164
1762231596111,762,407.39999771118164
1762231596128,764,412.39999771118164
1762231596145,765,413.39999771118164
1762231596161,765,416.39999771118164
1762231596178,766,417.39999771118164
1762231596199,766,418.39999771118164
1762231596550,765,416.39999771118164
1762231596562,764,413.39999771118164
1762231596577,762,409.39999771118164
1762231596594,762,408.39999771118164
1762231596611,762,406.39999771118164
1762231596628,761,406.39999771118164
1762231596645,761,405.39999771118164
1762231596695,760,404.39999771118164
1762231596711,760,402.39999771118164
1762231596728,759,400.39999771118164
1762231596744,758,395.39999771118164
1762231596761,756,387.39999771118164
1762231596777,756,383.39999771118164
1762231596794,755,381.39999771118164
1762231596811,754,380.39999771118164
1762231596828,754,379.39999771118164
1762231597152,754,388.39999771118164
1762231597165,758,416.39999771118164
1762231597177,760,425.39999771118164
1762231597194,763,449.39999771118164
1762231597210,765,461.39999771118164
1762231597227,768,478.39999771118164
1762231597244,770,485.39999771118164
1762231597261,770,491.39999771118164
1762231597277,770,493.39999771118164
1762231597310,770,493.39999771118164
1762231597334,770,493.39999771118164
1762231597343,770,492.39999771118164
1762231597360,767,461.39999771118164
1762231597377,750,373.39999771118164
1762231597393,747,348.39999771118164
1762231597410,746,342.39999771118164
1762231597514,746,345.39999771118164
1762231597527,749,365.39999771118164
1762231597543,752,395.39999771118164
1762231597559,753,417.39999771118164
1762231597576,753,420.39999771118164
1762231597593,753,421.39999771118164
1762231597683,753,419.39999771118164
1762231597694,748,394.39999771118164
1762231597710,738,321.39999771118164
1762231597727,735,302.39999771118164
1762231597743,735,300.39999771118164
1762231597813,735,301.39999771118164
1762231597826,739,321.39999771118164
1762231597843,747,368.39999771118164
1762231597859,750,405.39999771118164
1762231597876,752,413.39999771118164
1762231597892,753,417.39999771118164
1762231597909,754,423.39999771118164
1762231597926,754,429.39999771118164
1762231597943,754,432.39999771118164
1762231597959,754,433.39999771118164
1762231597976,754,433.39999771118164
1762231598002,754,431.39999771118164
1762231598009,754,409.39999771118164
1762231598026,746,357.39999771118164
1762231598043,744,333.39999771118164
1762231598060,744,333.39999771118164
1762231598110,743,333.39999771118164
1762231598160,745,353.39999771118164
1762231598176,748,377.39999771118164
1762231598192,749,398.39999771118164
1762231598209,750,421.39999771118164
1762231598226,750,445.39999771118164
1762231598243,752,470.39999771118164
1762231598259,752,476.39999771118164
1762231598276,752,482.39999771118164
1762231598293,752,485.39999771118164
1762231598309,752,488.39999771118164
1762231598326,752,489.39999771118164
1762231598342,752,490.39999771118164
1762231598359,750,429.39999771118164
1762231598375,748,391.39999771118164
1762231598392,748,376.39999771118164
1762231598409,747,372.39999771118164
1762231598426,747,371.39999771118164
1762231598501,748,371.39999771118164
1762231598509,750,373.39999771118164
1762231598526,754,381.39999771118164
1762231598543,764,407.39999771118164
1762231598560,768,441.39999771118164
1762231598576,768,477.39999771118164
1762231598592,768,484.39999771118164
1762231598608,768,488.39999771118164
1762231598625,768,491.39999771118164
1762231598642,768,494.39999771118164
1762231598659,768,497.39999771118164
1762231598676,768,501.39999771118164
1762231598693,768,502.39999771118164
1762231598709,767,505.39999771118164
1762231598725,766,501.39999771118164
1762231598742,758,441.39999771118164
1762231598758,755,419.39999771118164
1762231598775,755,417.39999771118164
1762231598850,755,418.39999771118164
1762231598861,755,422.39999771118164
1762231598875,758,446.39999771118164
1762231598892,760,481.39999771118164
1762231598908,761,496.39999771118164
1762231598925,761,505.39999771118164
1762231598941,761,510.39999771118164
1762231598959,762,517.3999977111816
1762231598976,762,519.3999977111816
1762231598992,762,522.3999977111816
1762231599009,762,524.3999977111816
1762231599026,762,526.3999977111816
1762231599042,762,529.3999977111816
1762231599059,762,530.3999977111816
1762231599076,762,533.3999977111816
1762231599093,762,536.3999977111816
1762231599109,762,538.3999977111816
1762231599125,762,540.3999977111816
1762231599142,762,543.3999977111816
1762231599159,762,545.3999977111816
1762231599175,762,546.3999977111816
1762231599192,762,549.3999977111816
1762231599209,762,551.3999977111816
1762231599225,762,554.3999977111816
1762231599243,762,555.3999977111816
1762231599259,762,556.3999977111816
1762231599276,761,553.3999977111816
1762231599292,761,551.3999977111816
1762231599309,761,550.3999977111816
1762231599342,761,549.3999977111816
1762231599358,761,549.3999977111816
1762231599409,762,550.3999977111816
1762231599425,762,551.3999977111816
1762231599442,763,552.3999977111816
1762231599459,764,551.3999977111816
1762231599475,766,547.3999977111816
1762231599492,770,539.3999977111816
1762231599509,770,536.3999977111816
1762231599525,771,533.3999977111816
1762231599542,771,532.3999977111816
1762231599558,771,531.3999977111816
1762231599575,771,529.3999977111816
1762231599606,771,529.3999977111816
1762231599625,771,527.3999977111816
1762231599643,771,527.3999977111816
1762231599947,770,523.3999977111816
1762231599958,770,517.3999977111816
1762231599975,768,514.3999977111816
1762231599991,767,513.3999977111816
1762231600009,767,512.3999977111816
1762231600025,767,511.39999771118164
1762231600042,767,510.39999771118164
1762231600058,768,509.39999771118164
1762231600074,770,508.39999771118164
1762231600093,772,506.39999771118164
1762231600108,775,506.39999771118164
1762231600125,777,506.39999771118164
1762231600141,778,506.39999771118164
1762231600158,780,506.39999771118164
1762231600174,781,506.39999771118164
1762231600191,785,509.39999771118164
1762231600208,786,510.39999771118164
1762231600225,789,512.3999977111816
1762231600242,790,513.3999977111816
1762231600258,791,514.3999977111816
1762231600275,792,514.3999977111816
1762231600291,793,515.3999977111816
1762231600315,794,515.3999977111816
1762231600654,794,511.39999771118164
1762231600667,790,497.39999771118164
1762231600674,790,489.39999771118164
1762231600691,788,477.39999771118164
1762231600708,786,462.39999771118164
1762231600724,786,458.39999771118164
1762231600741,786,457.39999771118164
1762231600774,786,457.39999771118164
1762231600791,786,456.39999771118164
1762231600807,786,454.39999771118164
1762231600824,786,453.39999771118164
1762231600840,786,453.39999771118164
1762231600857,786,451.39999771118164
1762231600874,787,449.39999771118164
1762231600890,787,449.39999771118164
1762231600907,787,448.39999771118164
1762231600924,788,445.39999771118164
1762231600940,789,442.39999771118164
1762231600956,790,439.39999771118164
1762231600974,790,437.39999771118164
1762231600990,790,436.39999771118164
1762231601007,791,433.39999771118164
1762231601024,793,430.39999771118164
1762231601040,794,426.39999771118164
1762231601057,796,421.39999771118164
1762231601073,798,417.39999771118164
1762231601090,800,413.39999771118164
1762231601106,802,409.39999771118164
1762231601123,803,406.39999771118164
1762231601140,804,402.39999771118164
1762231601157,806,397.39999771118164
1762231601173,807,393.39999771118164
1762231601190,808,388.39999771118164
1762231601207,809,385.39999771118164
1762231601223,809,383.39999771118164
1762231601240,809,381.39999771118164
1762231601257,809,381.39999771118164
1762231601273,809,380.39999771118164
1762231601290,810,379.39999771118164
1762231601307,810,378.39999771118164
1762231601325,810,379.39999771118164
1762231601340,810,384.39999771118164
1762231601357,813,403.39999771118164
1762231601373,814,438.39999771118164
1762231601390,815,455.39999771118164
1762231601406,816,465.39999771118164
1762231601423,816,470.39999771118164
1762231601440,816,471.39999771118164
1762231601457,816,472.39999771118164
1762231601513,816,471.39999771118164
1762231601524,815,461.39999771118164
1762231601540,813,446.39999771118164
1762231601557,810,425.39999771118164
1762231601573,810,421.39999771118164
1762231601590,810,420.39999771118164
1762231601606,810,418.39999771118164
1762231601623,810,417.39999771118164
1762231601712,810,418.39999771118164
1762231601724,810,424.39999771118164
1762231601739,810,440.39999771118164
1762231601756,810,455.39999771118164
1762231601772,810,458.39999771118164
1762231601789,810,460.39999771118164
1762231601805,810,461.39999771118164
1762231601872,808,459.39999771118164
1762231601889,807,453.39999771118164
1762231601906,806,443.39999771118164
1762231601922,805,440.39999771118164
1762231601939,805,438.39999771118164
1762231601955,805,437.39999771118164
1762231601972,805,436.39999771118164
1762231601993,805,435.39999771118164
1762231602044,804,435.39999771118164
1762231602055,804,438.39999771118164
1762231602072,804,444.39999771118164
1762231602089,803,456.39999771118164
1762231602106,802,473.39999771118164
1762231602122,802,477.39999771118164
1762231602139,802,481.39999771118164
1762231602156,802,481.39999771118164
1762231602172,802,484.39999771118164
1762231602189,802,485.39999771118164
1762231602207,802,485.39999771118164
1762231602223,802,486.39999771118164
1762231602240,802,487.39999771118164
1762231602289,801,479.39999771118164
1762231602305,797,461.39999771118164
1762231602322,794,449.39999771118164
1762231602338,794,447.39999771118164
1762231602355,794,446.39999771118164
1762231602371,794,445.39999771118164
1762231602424,793,445.39999771118164
1762231602453,792,445.39999771118164
1762231602461,792,447.39999771118164
1762231602471,791,453.39999771118164
1762231602488,790,457.39999771118164
1762231602505,789,467.39999771118164
1762231602522,789,473.39999771118164
1762231602538,789,478.39999771118164
1762231602555,789,482.39999771118164
1762231602572,789,485.39999771118164
1762231602588,789,489.39999771118164
1762231602605,789,490.39999771118164
1762231602622,789,492.39999771118164
1762231602639,789,493.39999771118164
1762231602656,789,494.39999771118164
1762231602672,789,496.39999771118164
1762231602689,789,497.39999771118164
1762231602706,789,500.39999771118164
1762231602722,790,502.39999771118164
1762231602739,790,505.39999771118164
1762231602756,790,506.39999771118164
1762231602771,790,507.39999771118164
1762231602788,791,509.39999771118164
1762231602804,792,509.39999771118164
1762231602822,793,511.39999771118164
1762231602839,793,512.3999977111816
1762231602855,794,512.3999977111816
1762231602872,794,513.3999977111816
1762231602888,794,514.3999977111816
1762231602905,794,515.3999977111816
1762231602922,796,516.3999977111816
1762231602939,796,517.3999977111816
1762231602955,797,517.3999977111816
1762231602988,798,518.3999977111816
1762231603071,797,518.3999977111816
1762231603083,796,517.3999977111816
1762231603090,795,517.3999977111816
1762231603104,795,516.3999977111816
1762231603121,794,515.3999977111816
1762231603137,794,514.3999977111816
1762231603154,792,513.3999977111816
1762231603171,791,510.39999771118164
1762231603188,790,506.39999771118164
1762231603205,790,503.39999771118164
1762231603222,790,501.39999771118164
1762231603238,790,497.39999771118164
1762231603255,790,497.39999771118164
1762231603271,790,495.39999771118164
1762231603289,790,494.39999771118164
1762231603305,790,493.39999771118164
1762231603322,790,493.39999771118164
1762231603339,791,493.39999771118164
1762231603355,796,498.39999771118164
1762231603372,798,503.39999771118164
1762231603388,801,507.39999771118164
1762231603405,801,509.39999771118164
1762231603421,802,509.39999771118164
1762231603438,802,510.39999771118164
1762231603455,802,511.39999771118164
1762231603471,803,512.3999977111816
1762231603505,804,512.3999977111816
1762231603521,805,510.39999771118164
1762231603538,804,490.39999771118164
1762231603554,804,471.39999771118164
1762231603570,802,449.39999771118164
1762231603587,802,438.39999771118164
1762231603604,802,425.39999771118164
1762231603620,802,413.39999771118164
1762231603637,801,389.39999771118164
1762231603654,801,373.39999771118164
1762231603671,801,361.39999771118164
1762231603687,801,352.39999771118164
1762231603704,800,345.39999771118164
1762231603730,800,340.39999771118164
1762231603739,800,338.39999771118164
1762231603755,800,336.39999771118164
1762231603772,800,330.39999771118164
1762231603788,800,324.39999771118164
1762231603804,800,319.39999771118164
1762231603821,800,316.39999771118164
1762231603838,800,314.39999771118164
1762231603855,800,313.39999771118164
1762231603888,800,313.39999771118164
1762231603907,799,313.39999771118164
1762231603920,798,314.39999771118164
1762231603937,798,323.39999771118164
1762231603953,795,345.39999771118164
1762231603970,795,373.39999771118164
1762231603987,795,385.39999771118164
1762231604003,795,396.39999771118164
1762231604020,795,402.39999771118164
1762231604037,795,409.39999771118164
1762231604053,796,413.39999771118164
1762231604070,796,418.39999771118164
1762231604087,797,422.39999771118164
1762231604103,797,425.39999771118164
1762231604120,797,427.39999771118164
1762231604136,797,428.39999771118164
1762231604153,797,429.39999771118164
1762231604170,797,430.39999771118164
1762231604187,797,432.39999771118164
1762231604249,797,429.39999771118164
1762231604270,795,400.39999771118164
1762231604287,794,382.39999771118164
1762231604303,793,376.39999771118164
1762231604320,793,375.39999771118164
1762231604337,793,374.39999771118164
1762231604353,793,373.39999771118164
1762231604382,793,373.39999771118164
1762231604418,793,372.39999771118164
1762231604472,794,372.39999771118164
1762231604486,794,372.39999771118164
1762231604504,795,372.39999771118164
1762231604520,796,373.39999771118164
1762231604536,797,373.39999771118164
1762231604553,798,374.39999771118164
1762231604570,800,374.39999771118164
1762231604586,802,374.39999771118164
1762231604603,803,374.39999771118164
1762231604620,805,373.39999771118164
1762231604637,808,370.39999771118164
1762231604654,810,366.39999771118164
1762231604670,813,360.39999771118164
1762231604687,814,353.39999771118164
1762231604703,815,352.39999771118164
1762231604720,815,350.39999771118164
1762231604737,816,349.39999771118164
1762231604754,816,349.39999771118164
1762231604839,816,349.39999771118164
1762231605070,814,349.39999771118164
1762231605086,809,352.39999771118164
1762231605103,806,353.39999771118164
1762231605119,803,353.39999771118164
1762231605136,802,353.39999771118164
1762231605152,799,354.39999771118164
1762231605169,795,354.39999771118164
1762231605186,791,353.39999771118164
1762231605203,788,352.39999771118164
1762231605219,783,349.39999771118164
1762231605237,782,349.39999771118164
1762231605253,780,347.39999771118164
1762231605270,777,344.39999771118164
1762231605287,775,341.39999771118164
1762231605303,774,341.39999771118164
1762231605320,772,339.39999771118164
1762231605337,771,338.39999771118164
1762231605355,770,337.39999771118164
1762231605376,769,337.39999771118164
1762231605390,768,336.39999771118164
1762231605402,767,336.39999771118164
1762231605419,766,335.39999771118164
1762231605437,763,335.39999771118164
1762231605452,758,334.39999771118164
1762231605469,756,334.39999771118164
1762231605486,753,334.39999771118164
1762231605503,752,334.39999771118164
1762231605520,750,334.39999771118164
1762231605890,753,341.39999771118164
1762231605904,759,357.39999771118164
1762231605919,764,374.39999771118164
1762231605936,769,395.39999771118164
1762231605953,770,407.39999771118164
1762231605969,770,417.39999771118164
1762231605986,770,421.39999771118164
1762231606003,770,424.39999771118164
1762231606020,770,425.39999771118164
1762231606036,770,426.39999771118164
1762231606053,770,427.39999771118164
1762231606069,770,429.39999771118164
1762231606102,770,429.39999771118164
1762231606151,767,413.39999771118164
1762231606168,764,401.39999771118164
1762231606185,762,389.39999771118164
1762231606202,761,382.39999771118164
1762231606218,759,377.39999771118164
1762231606235,758,373.39999771118164
1762231606251,758,370.39999771118164
1762231606269,758,368.39999771118164
1762231606285,758,366.39999771118164
1762231606302,757,366.39999771118164
1762231606319,757,365.39999771118164
1762231606335,757,364.39999771118164
1762231606390,757,365.39999771118164
1762231606402,757,367.39999771118164
1762231606418,758,379.39999771118164
1762231606435,762,409.39999771118164
1762231606451,764,429.39999771118164
1762231606468,765,433.39999771118164
1762231606485,766,436.39999771118164
1762231606502,766,437.39999771118164
1762231606518,766,439.39999771118164
1762231606535,766,442.39999771118164
1762231606552,767,453.39999771118164
1762231606568,770,469.39999771118164
1762231606585,770,472.39999771118164
1762231606601,770,473.39999771118164
1762231606607,770,473.39999771118164
1762231606828,769,446.39999771118164
1762231606835,766,419.39999771118164
1762231606851,762,376.39999771118164
1762231606868,759,331.39999771118164
1762231606885,758,301.39999771118164
1762231606901,760,271.39999771118164
1762231606918,762,250.39999771118164
1762231606934,766,236.39999771118164
1762231606951,770,226.39999771118164
1762231606968,771,221.39999771118164
1762231606984,775,217.39999771118164
1762231607001,776,216.39999771118164
1762231607018,778,215.39999771118164
1762231607044,778,214.39999771118164
1762231607058,779,214.39999771118164
1762231607071,780,213.39999771118164
1762231607118,782,213.39999771118164
1762231607135,783,214.39999771118164
1762231607151,785,215.39999771118164
1762231607167,789,218.39999771118164
1762231607187,792,221.39999771118164
1762231607201,797,225.39999771118164
1762231607218,798,227.39999771118164
1762231607236,798,228.39999771118164
1762231607252,800,229.39999771118164
1762231607268,800,230.39999771118164
1762231607285,800,231.39999771118164
1762231607637,802,235.39999771118164
1762231607653,809,245.39999771118164
1762231607667,813,253.39999771118164
1762231607684,814,255.39999771118164
1762231607701,815,257.39999771118164
1762231607718,816,257.39999771118164
1762231607735,816,258.39999771118164
1762231607769,817,259.39999771118164
1762231607803,817,257.39999771118164
1762231607817,814,243.39999771118164
1762231607834,811,233.39999771118164
1762231607850,810,229.39999771118164
1762231607867,810,228.39999771118164
1762231607884,810,228.39999771118164
1762231607901,810,227.39999771118164
1762231607963,810,228.39999771118164
1762231607976,812,231.39999771118164
1762231607985,813,234.39999771118164
1762231608001,815,240.39999771118164
1762231608018,818,245.39999771118164
1762231608035,818,248.39999771118164
1762231608051,819,249.39999771118164
1762231608068,819,250.39999771118164
1762231608101,819,251.39999771118164
1762231608151,809,214.39999771118164
1762231608167,798,186.39999771118164
1762231608184,792,173.39999771118164
1762231608200,790,165.39999771118164
1762231608217,790,164.39999771118164
1762231608234,789,164.39999771118164
1762231608298,789,165.39999771118164
1762231608317,792,176.39999771118164
1762231608334,796,193.39999771118164
1762231608350,798,208.39999771118164
1762231608366,799,217.39999771118164
1762231608382,799,220.39999771118164
1762231608402,799,221.39999771118164
1762231608416,798,224.39999771118164
1762231608433,798,225.39999771118164
1762231608449,797,225.39999771118164
1762231608466,792,225.39999771118164
1762231608484,779,221.39999771118164
1762231608501,756,206.39999771118164
1762231608516,753,205.39999771118164
1762231608532,752,204.39999771118164
1762231608549,751,203.39999771118164
1762231608566,750,203.39999771118164
1762231608599,750,205.39999771118164
1762231608616,753,211.39999771118164
1762231608633,754,217.39999771118164
1762231608650,755,223.39999771118164
1762231608667,755,226.39999771118164
1762231608683,755,228.39999771118164
1762231608700,755,229.39999771118164
1762231608716,754,229.39999771118164
1762231608732,751,227.39999771118164
1762231608749,750,224.39999771118164
1762231608766,748,221.39999771118164
1762231608783,748,221.39999771118164
1762231608799,748,218.39999771118164
1762231608815,749,216.39999771118164
1762231608834,752,213.39999771118164
1762231608852,758,211.39999771118164
1762231608867,762,209.39999771118164
1762231608883,768,209.39999771118164
1762231608901,770,209.39999771118164
1762231608917,774,209.39999771118164
1762231608934,778,212.39999771118164
1762231608950,778,214.39999771118164
1762231608967,780,217.39999771118164
1762231608983,780,218.39999771118164
1762231609000,778,220.39999771118164
1762231609015,774,219.39999771118164
1762231609033,760,201.39999771118164
1762231609050,757,193.39999771118164
1762231609067,756,190.39999771118164
1762231609084,756,189.39999771118164
1762231609100,756,186.39999771118164
1762231609117,758,185.39999771118164
1762231609134,760,184.39999771118164
1762231609150,769,183.39999771118164
1762231609167,776,183.39999771118164
1762231609182,786,191.39999771118164
1762231609199,790,197.39999771118164
1762231609215,794,206.39999771118164
1762231609232,794,210.39999771118164
1762231609249,794,213.39999771118164
1762231609265,793,217.39999771118164
1762231609282,790,217.39999771118164
1762231609298,787,218.39999771118164
1762231609315,784,217.39999771118164
1762231609332,775,208.39999771118164
1762231609351,774,205.39999771118164
1762231609367,774,205.39999771118164
1762231609385,773,203.39999771118164
1762231609400,773,202.39999771118164
1762231609416,774,201.39999771118164
1762231609433,776,200.39999771118164
1762231609448,779,199.39999771118164
1762231609465,782,199.39999771118164
1762231609481,790,203.39999771118164
1762231609498,797,212.39999771118164
1762231609515,801,224.39999771118164
1762231609531,801,227.39999771118164
1762231609548,801,229.39999771118164
1762231609565,800,232.39999771118164
1762231609581,799,233.39999771118164
1762231609598,797,233.39999771118164
1762231609615,796,233.39999771118164
1762231609631,794,232.39999771118164
1762231609648,793,229.39999771118164
1762231609665,792,226.39999771118164
1762231609681,792,223.39999771118164
1762231609698,793,221.39999771118164
1762231609715,796,216.39999771118164
1762231609732,800,213.39999771118164
1762231609748,802,213.39999771118164
1762231609765,804,213.39999771118164
1762231609781,806,213.39999771118164
1762231609799,808,213.39999771118164
1762231609832,810,217.39999771118164
1762231609848,809,220.39999771118164
1762231609865,808,221.39999771118164
1762231609881,802,221.39999771118164
1762231609898,781,207.39999771118164
1762231609914,772,197.39999771118164
1762231609931,772,196.39999771118164
1762231609948,771,194.39999771118164
1762231609998,771,193.39999771118164
1762231610014,774,192.39999771118164
1762231610031,777,192.39999771118164
1762231610048,782,192.39999771118164
1762231610064,785,193.39999771118164
1762231610081,786,193.39999771118164
1762231610098,787,193.39999771118164
1762231610117,788,194.39999771118164
1762231610132,788,195.39999771118164
1762231610157,787,196.39999771118164
1762231610181,786,196.39999771118164
1762231610198,785,196.39999771118164
1762231610214,783,196.39999771118164
1762231610231,782,196.39999771118164
1762231610281,784,196.39999771118164
1762231610297,787,196.39999771118164
1762231610314,793,196.39999771118164
1762231610331,796,197.39999771118164
1762231610348,798,197.39999771118164
1762231610365,799,197.39999771118164
1762231610382,800,197.39999771118164
1762231610398,800,200.39999771118164
1762231610415,800,201.39999771118164
1762231610430,794,210.39999771118164
1762231610447,780,216.39999771118164
1762231610464,764,213.39999771118164
1762231610481,760,210.39999771118164
1762231610497,760,209.39999771118164
1762231610514,759,208.39999771118164
1762231610533,759,207.39999771118164
1762231610547,761,205.39999771118164
1762231610564,765,205.39999771118164
1762231610580,768,204.39999771118164
1762231610597,776,206.39999771118164
1762231610614,786,214.39999771118164
1762231610630,798,234.39999771118164
1762231610647,799,246.39999771118164
1762231610664,798,254.39999771118164
1762231610682,794,260.39999771118164
1762231610697,782,262.39999771118164
1762231610715,758,260.39999771118164
1762231610732,733,248.39999771118164
1762231610748,722,242.39999771118164
1762231610763,718,241.39999771118164
1762231610780,716,241.39999771118164
1762231610813,715,241.39999771118164
1762231610830,715,241.39999771118164
1762231610848,717,249.39999771118164
1762231610865,721,259.39999771118164
1762231610881,721,263.39999771118164
1762231610897,722,266.39999771118164
1762231610914,722,268.39999771118164
1762231610931,722,269.39999771118164
1762231610950,722,269.39999771118164
1762231611002,723,269.39999771118164
1762231611014,724,266.39999771118164
1762231611031,726,263.39999771118164
1762231611048,729,257.39999771118164
1762231611064,731,253.39999771118164
1762231611081,734,249.39999771118164
1762231611097,735,247.39999771118164
1762231611114,736,245.39999771118164
1762231611131,738,244.39999771118164
1762231611148,738,243.39999771118164
1762231611164,739,242.39999771118164
1762231611181,741,241.39999771118164
1762231611204,742,241.39999771118164
1762231611214,742,240.39999771118164
1762231611231,742,240.39999771118164
1762231611281,744,240.39999771118164
1762231611297,745,245.39999771118164
1762231611313,748,265.39999771118164
1762231611330,748,275.39999771118164
1762231611347,748,281.39999771118164
1762231611365,748,283.39999771118164
1762231611381,748,284.39999771118164
1762231611400,748,285.39999771118164
1762231611464,748,284.39999771118164
1762231611481,747,277.39999771118164
1762231611497,747,257.39999771118164
1762231611514,747,253.39999771118164
1762231611531,747,249.39999771118164
1762231611548,747,246.39999771118164
1762231611580,747,245.39999771118164
1762231611597,747,245.39999771118164
1762231611614,747,244.39999771118164
1762231611631,747,243.39999771118164
1762231611648,747,242.39999771118164
1762231611664,747,241.39999771118164
1762231611680,748,241.39999771118164
1762231611697,749,240.39999771118164
1762231611714,749,239.39999771118164
1762231611730,749,238.39999771118164
1762231611747,749,237.39999771118164
1762231611770,749,237.39999771118164
1762231611803,749,236.39999771118164
1762231611896,749,237.39999771118164
1762231611910,746,245.39999771118164
1762231611920,741,265.39999771118164
1762231611930,738,276.39999771118164
1762231611946,738,281.39999771118164
1762231611963,738,282.39999771118164
1762231611979,738,284.39999771118164
1762231612015,737,285.39999771118164
1762231612116,738,285.39999771118164
1762231612130,738,284.39999771118164
1762231612146,745,281.39999771118164
1762231612164,750,277.39999771118164
1762231612180,758,271.39999771118164
1762231612198,763,266.39999771118164
1762231612212,771,261.39999771118164
1762231612230,775,257.39999771118164
1762231612247,779,253.39999771118164
1762231612264,784,249.39999771118164
1762231612280,785,248.39999771118164
1762231612296,788,246.39999771118164
1762231612313,789,246.39999771118164
1762231612329,790,245.39999771118164
1762231612346,791,245.39999771118164
1762231612363,792,245.39999771118164
1762231612379,793,245.39999771118164
1762231612396,794,245.39999771118164
1762231612413,795,246.39999771118164
1762231612429,796,248.39999771118164
1762231612446,800,251.39999771118164
1762231612463,803,254.39999771118164
1762231612479,806,257.39999771118164
1762231612496,807,258.39999771118164
1762231612512,809,261.39999771118164
1762231612529,810,262.39999771118164
1762231612546,812,264.39999771118164
1762231612563,814,267.39999771118164
1762231612580,815,269.39999771118164
1762231612596,817,271.39999771118164
1762231612613,818,272.39999771118164
1762231612629,818,273.39999771118164
1762231612650,819,274.39999771118164
1762231612678,819,275.39999771118164
1762231612696,820,275.39999771118164
1762231612725,821,275.39999771118164
1762231612747,822,275.39999771118164
1762231612773,822,274.39999771118164
1762231612786,822,273.39999771118164
1762231612796,823,272.39999771118164
1762231612813,824,269.39999771118164
1762231612830,824,265.39999771118164
1762231612846,825,262.39999771118164
1762231612863,826,260.39999771118164
1762231612879,826,258.39999771118164
1762231612896,826,257.39999771118164
1762231612913,826,256.39999771118164
1762231612930,826,255.39999771118164
1762231612946,826,253.39999771118164
1762231612963,826,249.39999771118164
1762231612980,826,237.39999771118164
1762231612997,824,232.39999771118164
1762231613013,824,229.39999771118164
1762231613030,824,228.39999771118164
1762231613046,823,227.39999771118164
1762231613063,822,226.39999771118164
1762231613079,822,225.39999771118164
1762231613096,822,225.39999771118164
1762231613197,822,225.39999771118164
1762231613392,821,238.39999771118164
1762231613400,818,261.39999771118164
1762231613412,814,284.39999771118164
1762231613429,802,329.39999771118164
1762231613445,793,369.39999771118164
1762231613462,787,394.39999771118164
1762231613478,779,432.39999771118164
1762231613495,777,453.39999771118164
1762231613512,774,492.39999771118164
1762231613530,774,512.3999977111816
1762231613546,773,540.3999977111816
1762231613563,773,553.3999977111816
1762231613578,773,562.3999977111816
1762231613595,774,564.3999977111816
1762231613846,776,570.3999977111816
1762231613862,784,584.3999977111816
1762231613879,791,598.3999977111816
-1,-1,-1
1762231565252,100,18.39999771118164
1762231565262,100,18.39999771118164
1762231565475,100,18.39999771118164
1762231565494,101,18.39999771118164
1762231565507,104,18.39999771118164
1762231565524,108,18.39999771118164
1762231565540,110,18.39999771118164
1762231565558,113,18.39999771118164
1762231565574,114,18.39999771118164
1762231565590,116,18.39999771118164
1762231565607,118,18.39999771118164
1762231565625,119,18.39999771118164
1762231565641,121,19.39999771118164
1762231565657,123,19.39999771118164
1762231565676,125,20.39999771118164
1762231565691,126,20.39999771118164
1762231565708,127,21.39999771118164
1762231565724,128,21.39999771118164
1762231565740,129,21.39999771118164
1762231565757,130,21.39999771118164
1762231565778,130,21.39999771118164
1762231565823,130,21.39999771118164
1762231565842,130,22.39999771118164
1762231565890,130,23.39999771118164
1762231565906,130,23.39999771118164
1762231565925,129,24.39999771118164
1762231565941,128,25.39999771118164
1762231565956,126,25.39999771118164
1762231565972,123,25.39999771118164
1762231565989,121,25.39999771118164
1762231566006,117,25.39999771118164
1762231566022,114,25.39999771118164
1762231566039,111,24.39999771118164
1762231566056,109,24.39999771118164
1762231566072,105,24.39999771118164
1762231566089,103,23.39999771118164
1762231566106,101,22.39999771118164
1762231566124,99,22.39999771118164
1762231566139,98,21.39999771118164
1762231566156,97,21.39999771118164
1762231566172,96,21.39999771118164
1762231566189,94,21.39999771118164
1762231566209,94,21.39999771118164
1762231566223,93,21.39999771118164
1762231566243,92,21.39999771118164
1762231566289,91,21.39999771118164
1762231566312,90,21.39999771118164
1762231566450,90,21.39999771118164
1762231566461,90,23.39999771118164
1762231566484,91,24.39999771118164
1762231566488,91,25.39999771118164
1762231566505,92,25.39999771118164
1762231566522,93,27.39999771118164
1762231566538,94,29.39999771118164
1762231566555,96,29.39999771118164
1762231566572,98,31.39999771118164
1762231566588,99,31.39999771118164
1762231566605,102,33.39999771118164
1762231566621,105,33.39999771118164
1762231566638,110,34.39999771118164
1762231566655,111,34.39999771118164
1762231566671,114,34.39999771118164
1762231566688,114,34.39999771118164
1762231566705,116,34.39999771118164
1762231566722,118,34.39999771118164
1762231566738,119,34.39999771118164
1762231566755,120,34.39999771118164
1762231566774,122,34.39999771118164
1762231566790,122,34.39999771118164
1762231566805,125,34.39999771118164
1762231566823,126,34.39999771118164
1762231566838,127,33.39999771118164
1762231566858,128,33.39999771118164
1762231566877,129,33.39999771118164
1762231566891,130,33.39999771118164
1762231566905,130,33.39999771118164
1762231566924,131,33.39999771118164
1762231566939,132,32.39999771118164
1762231566989,133,31.39999771118164
1762231567005,134,31.39999771118164
1762231567022,134,30.39999771118164
1762231567038,134,30.39999771118164
1762231567089,134,29.39999771118164
1762231567145,134,29.39999771118164
1762231568055,120,153.39999771118164
1762231568333,119,153.39999771118164
1762231568338,118,153.39999771118164
1762231568353,117,153.39999771118164
1762231568370,114,153.39999771118164
1762231568387,110,153.39999771118164
1762231568403,108,151.39999771118164
1762231568420,106,145.39999771118164
1762231568437,105,140.39999771118164
1762231568453,104,134.39999771118164
1762231568470,104,133.39999771118164
1762231568486,104,132.39999771118164
1762231568503,105,131.39999771118164
1762231568520,106,131.39999771118164
1762231568536,108,131.39999771118164
1762231568553,109,131.39999771118164
1762231568570,112,132.39999771118164
1762231568587,114,134.39999771118164
1762231568603,118,138.39999771118164
1762231568620,120,141.39999771118164
1762231568636,122,145.39999771118164
1762231568653,124,147.39999771118164
1762231568670,125,149.39999771118164
1762231568686,126,151.39999771118164
1762231568703,126,153.39999771118164
1762231568720,126,155.39999771118164
1762231568737,126,157.39999771118164
1762231568753,124,159.39999771118164
1762231568770,122,160.39999771118164
1762231568786,120,161.39999771118164
1762231568803,116,162.39999771118164
1762231568820,115,162.39999771118164
1762231568836,113,162.39999771118164
1762231568853,110,161.39999771118164
1762231568869,109,158.39999771118164
1762231568887,109,155.39999771118164
1762231568903,109,153.39999771118164
1762231568919,110,149.39999771118164
1762231568936,112,148.39999771118164
1762231568953,114,146.39999771118164
1762231568970,116,145.39999771118164
1762231568986,119,145.39999771118164
1762231569003,122,146.39999771118164
1762231569020,125,149.39999771118164
1762231569036,128,151.39999771118164
1762231569053,129,152.39999771118164
1762231569070,130,154.39999771118164
1762231569086,130,155.39999771118164
1762231569103,131,157.39999771118164
1762231569136,131,157.39999771118164
1762231569153,130,158.39999771118164
1762231569169,128,158.39999771118164
1762231569186,125,158.39999771118164
1762231569202,122,157.39999771118164
1762231569219,119,156.39999771118164
1762231569236,118,154.39999771118164
1762231569253,117,153.39999771118164
1762231569269,116,153.39999771118164
1762231569286,115,151.39999771118164
1762231569303,114,150.39999771118164
1762231569319,114,149.39999771118164
1762231569336,114,147.39999771118164
1762231569352,115,146.39999771118164
1762231569369,117,145.39999771118164
1762231569386,118,144.39999771118164
1762231569402,119,144.39999771118164
1762231569419,122,145.39999771118164
1762231569436,125,145.39999771118164
1762231569453,126,147.39999771118164
1762231569469,127,149.39999771118164
1762231569485,127,150.39999771118164
1762231569502,127,151.39999771118164
1762231569519,127,153.39999771118164
1762231569536,126,154.39999771118164
1762231569552,124,155.39999771118164
1762231569569,122,155.39999771118164
1762231569586,118,155.39999771118164
1762231569602,115,154.39999771118164
1762231569619,112,153.39999771118164
1762231569635,110,151.39999771118164
1762231569652,109,147.39999771118164
1762231569669,107,145.39999771118164
1762231569686,107,145.39999771118164
1762231569702,107,143.39999771118164
1762231569719,107,142.39999771118164
1762231569735,107,141.39999771118164
1762231569752,107,140.39999771118164
1762231569769,108,139.39999771118164
1762231569785,110,137.39999771118164
1762231569802,111,137.39999771118164
1762231569819,114,137.39999771118164
1762231569835,115,137.39999771118164
1762231569852,118,137.39999771118164
1762231569869,120,137.39999771118164
1762231569885,122,138.39999771118164
1762231569902,122,139.39999771118164
1762231569919,123,140.39999771118164
1762231569935,124,141.39999771118164
1762231569952,124,142.39999771118164
1762231569969,124,143.39999771118164
1762231569985,124,145.39999771118164
1762231570002,123,145.39999771118164
1762231570019,122,146.39999771118164
1762231570035,120,146.39999771118164
1762231570052,118,147.39999771118164
1762231570068,116,147.39999771118164
1762231570085,114,146.39999771118164
1762231570102,112,146.39999771118164
1762231570118,111,145.39999771118164
1762231570135,111,145.39999771118164
1762231570152,110,144.39999771118164
1762231570169,110,143.39999771118164
1762231570185,110,142.39999771118164
1762231570202,110,141.39999771118164
1762231570218,110,140.39999771118164
1762231570235,110,139.39999771118164
1762231570252,113,138.39999771118164
1762231570268,115,137.39999771118164
1762231570285,118,137.39999771118164
1762231570302,121,137.39999771118164
1762231570319,123,140.39999771118164
1762231570335,125,141.39999771118164
1762231570352,126,144.39999771118164
1762231570368,126,145.39999771118164
1762231570385,126,148.39999771118164
1762231570402,126,149.39999771118164
1762231570418,126,149.39999771118164
1762231570435,125,150.39999771118164
1762231571304,139,156.39999771118164
1762231571505,139,157.39999771118164
1762231571517,140,158.39999771118164
1762231571534,141,161.39999771118164
1762231571550,142,163.39999771118164
1762231571567,142,165.39999771118164
1762231571584,142,166.39999771118164
1762231571600,143,167.39999771118164
1762231571617,143,168.39999771118164
1762231571634,143,169.39999771118164
1762231571685,143,170.39999771118164
1762231571710,143,169.39999771118164
1762231571717,143,165.39999771118164
1762231571733,143,141.39999771118164
1762231571750,143,131.39999771118164
1762231571767,143,126.39999771118164
1762231571783,143,122.39999771118164
1762231571800,143,121.39999771118164
1762231571817,144,121.39999771118164
1762231571834,144,120.39999771118164
1762231571850,145,120.39999771118164
1762231571867,146,120.39999771118164
1762231571883,146,121.39999771118164
1762231571900,149,125.39999771118164
1762231571917,150,129.39999771118164
1762231571933,151,139.39999771118164
1762231571950,152,146.39999771118164
1762231571967,152,151.39999771118164
1762231571983,152,158.39999771118164
1762231572000,151,161.39999771118164
1762231572017,151,166.39999771118164
1762231572034,150,168.39999771118164
1762231572050,150,170.39999771118164
1762231572067,150,172.39999771118164
1762231572083,150,173.39999771118164
1762231572100,150,174.39999771118164
1762231572124,150,175.39999771118164
1762231572133,150,175.39999771118164
1762231572165,149,175.39999771118164
1762231572183,147,169.39999771118164
1762231572200,142,132.39999771118164
1762231572217,142,117.39999771118164
1762231572233,142,113.39999771118164
1762231572250,143,113.39999771118164
1762231572268,144,113.39999771118164
1762231572290,146,114.39999771118164
1762231572301,146,117.39999771118164
1762231572316,152,136.39999771118164
1762231572333,152,150.39999771118164
1762231572349,151,165.39999771118164
1762231572366,150,171.39999771118164
1762231572383,149,175.39999771118164
1762231572399,147,177.39999771118164
1762231572416,147,177.39999771118164
1762231572433,146,178.39999771118164
1762231572450,145,179.39999771118164
1762231572466,141,179.39999771118164
1762231572483,138,175.39999771118164
1762231572499,132,164.39999771118164
1762231572516,130,153.39999771118164
1762231572533,130,145.39999771118164
1762231572549,131,143.39999771118164
1762231572566,132,142.39999771118164
1762231572583,132,141.39999771118164
1762231572599,134,141.39999771118164
1762231572616,136,145.39999771118164
1762231572633,138,153.39999771118164
1762231572649,139,173.39999771118164
1762231572666,138,181.39999771118164
1762231572683,138,186.39999771118164
1762231572699,137,188.39999771118164
1762231572717,137,189.39999771118164
1762231572732,134,190.39999771118164
1762231572749,130,189.39999771118164
1762231572766,115,166.39999771118164
1762231572783,109,149.39999771118164
1762231572799,106,131.39999771118164
1762231572816,106,127.39999771118164
1762231572833,107,125.39999771118164
1762231572883,110,126.39999771118164
1762231572899,114,140.39999771118164
1762231572916,118,171.39999771118164
1762231572933,116,181.39999771118164
1762231572949,114,187.39999771118164
1762231572966,112,191.39999771118164
1762231572983,110,193.39999771118164
1762231572999,109,194.39999771118164
1762231573015,106,194.39999771118164
1762231573032,99,188.39999771118164
1762231573049,93,178.39999771118164
1762231573066,88,166.39999771118164
1762231573082,87,161.39999771118164
1762231573099,87,158.39999771118164
1762231573115,87,157.39999771118164
1762231573133,87,157.39999771118164
1762231573165,88,157.39999771118164
1762231573182,90,161.39999771118164
1762231573199,93,167.39999771118164
1762231573216,94,173.39999771118164
1762231573232,94,176.39999771118164
1762231573249,94,177.39999771118164
1762231573266,94,178.39999771118164
1762231573282,94,179.39999771118164
1762231573307,93,179.39999771118164
1762231573316,91,178.39999771118164
1762231573332,87,171.39999771118164
1762231573349,83,161.39999771118164
1762231573365,79,151.39999771118164
1762231573382,78,146.39999771118164
1762231573399,77,145.39999771118164
1762231573415,76,144.39999771118164
1762231573437,76,143.39999771118164
1762231573493,76,144.39999771118164
1762231573499,76,145.39999771118164
1762231573515,77,158.39999771118164
1762231573532,78,163.39999771118164
1762231573549,78,168.39999771118164
1762231573565,78,169.39999771118164
1762231573582,78,171.39999771118164
1762231573599,78,172.39999771118164
1762231573616,78,173.39999771118164
1762231573665,78,170.39999771118164
1762231573682,78,164.39999771118164
1762231573698,78,157.39999771118164
1762231573715,78,154.39999771118164
1762231573732,77,153.39999771118164
1762231573748,76,151.39999771118164
1762231573766,76,150.39999771118164
1762231573782,75,149.39999771118164
1762231573812,74,149.39999771118164
1762231573831,74,154.39999771118164
1762231573848,74,161.39999771118164
1762231573865,74,171.39999771118164
1762231573881,74,175.39999771118164
1762231573898,77,181.39999771118164
1762231573915,78,185.39999771118164
1762231573931,79,187.39999771118164
1762231573948,81,188.39999771118164
1762231573965,82,189.39999771118164
1762231573981,83,190.39999771118164
1762231573998,84,190.39999771118164
1762231574015,87,190.39999771118164
1762231574031,90,190.39999771118164
1762231574048,93,188.39999771118164
1762231574065,94,185.39999771118164
1762231574081,96,179.39999771118164
1762231574098,97,165.39999771118164
1762231574115,96,161.39999771118164
1762231574132,95,157.39999771118164
1762231574149,94,155.39999771118164
1762231574165,94,153.39999771118164
1762231574185,94,153.39999771118164
1762231574198,93,153.39999771118164
1762231574225,93,154.39999771118164
1762231574233,94,157.39999771118164
1762231574248,97,166.39999771118164
1762231574265,99,173.39999771118164
1762231574281,100,177.39999771118164
1762231574298,101,179.39999771118164
1762231574315,101,181.39999771118164
1762231574332,101,181.39999771118164
1762231574348,101,182.39999771118164
1762231574365,100,182.39999771118164
1762231574381,98,180.39999771118164
1762231574398,88,168.39999771118164
1762231574415,83,153.39999771118164
1762231574431,82,145.39999771118164
1762231574448,82,137.39999771118164
1762231574464,82,134.39999771118164
1762231574481,82,133.39999771118164
1762231574498,83,131.39999771118164
1762231574515,85,131.39999771118164
1762231574531,89,132.39999771118164
1762231574548,101,142.39999771118164
1762231574565,114,161.39999771118164
1762231574581,120,177.39999771118164
1762231574598,123,187.39999771118164
1762231574614,123,190.39999771118164
1762231574631,123,192.39999771118164
1762231574647,123,193.39999771118164
1762231574671,123,193.39999771118164
1762231574681,122,193.39999771118164
1762231574697,119,193.39999771118164
1762231574714,111,189.39999771118164
1762231574731,104,181.39999771118164
1762231574748,99,174.39999771118164
1762231574764,98,171.39999771118164
1762231574781,98,169.39999771118164
1762231574798,98,165.39999771118164
1762231574814,98,162.39999771118164
1762231574831,100,161.39999771118164
1762231574847,102,160.39999771118164
1762231574864,111,160.39999771118164
1762231574881,119,163.39999771118164
1762231574897,131,170.39999771118164
1762231574914,136,177.39999771118164
1762231574931,139,183.39999771118164
1762231574948,141,186.39999771118164
1762231574964,142,189.39999771118164
1762231574981,142,191.39999771118164
1762231574998,142,193.39999771118164
1762231575014,140,193.39999771118164
1762231575031,136,193.39999771118164
1762231575047,128,189.39999771118164
1762231575064,124,186.39999771118164
1762231575080,120,178.39999771118164
1762231575097,118,173.39999771118164
1762231575114,118,169.39999771118164
1762231575131,118,167.39999771118164
1762231575147,118,165.39999771118164
1762231575164,119,164.39999771118164
1762231575180,122,163.39999771118164
1762231575197,126,162.39999771118164
1762231575214,128,162.39999771118164
1762231575230,132,164.39999771118164
1762231575247,135,166.39999771118164
1762231575264,138,168.39999771118164
1762231575280,140,172.39999771118164
1762231575297,142,173.39999771118164
1762231575314,142,177.39999771118164
1762231575330,142,177.39999771118164
1762231575347,142,180.39999771118164
1762231575365,142,181.39999771118164
1762231575383,142,182.39999771118164
1762231575399,142,183.39999771118164
1762231575414,142,184.39999771118164
1762231575430,140,184.39999771118164
1762231575447,139,183.39999771118164
1762231575463,138,180.39999771118164
1762231575480,136,177.39999771118164
1762231575497,136,172.39999771118164
1762231575513,136,171.39999771118164
1762231575530,136,168.39999771118164
1762231575547,137,166.39999771118164
1762231575563,138,164.39999771118164
1762231575580,139,162.39999771118164
1762231575597,142,161.39999771118164
1762231575613,145,161.39999771118164
1762231575630,146,161.39999771118164
1762231575647,148,161.39999771118164
1762231575663,150,161.39999771118164
1762231575680,152,163.39999771118164
1762231575697,153,165.39999771118164
1762231575713,154,169.39999771118164
1762231575730,154,173.39999771118164
1762231575747,154,177.39999771118164
1762231575763,154,181.39999771118164
1762231575780,154,183.39999771118164
1762231575796,152,186.39999771118164
1762231575813,151,189.39999771118164
1762231575829,147,191.39999771118164
1762231575846,144,193.39999771118164
1762231575863,135,197.39999771118164
1762231575880,128,197.39999771118164
1762231575896,122,197.39999771118164
1762231575913,113,197.39999771118164
1762231575929,108,196.39999771118164
1762231575946,101,192.39999771118164
1762231575963,95,187.39999771118164
1762231575980,93,184.39999771118164
1762231575996,90,178.39999771118164
1762231576013,88,177.39999771118164
1762231576031,85,169.39999771118164
1762231576047,84,167.39999771118164
1762231576063,83,164.39999771118164
1762231576080,83,162.39999771118164
1762231576096,83,161.39999771118164
1762231576113,83,160.39999771118164
1762231576129,83,158.39999771118164
1762231576146,88,156.39999771118164
1762231576163,93,155.39999771118164
1762231576180,108,154.39999771118164
1762231576197,123,154.39999771118164
1762231576213,133,154.39999771118164
1762231576231,140,154.39999771118164
1762231576247,145,154.39999771118164
1762231576263,150,154.39999771118164
1762231576280,153,154.39999771118164
1762231576296,156,154.39999771118164
1762231576313,157,154.39999771118164
1762231576330,158,154.39999771118164
1762231576347,159,154.39999771118164
1762231576363,160,153.39999771118164
1762231576380,161,153.39999771118164
1762231576413,161,153.39999771118164
1762231576419,161,152.39999771118164
1762231576430,160,151.39999771118164
1762231576446,154,146.39999771118164
1762231576463,145,141.39999771118164
1762231576479,134,137.39999771118164
1762231576496,120,136.39999771118164
1762231576513,113,136.39999771118164
1762231576529,110,136.39999771118164
1762231576546,108,137.39999771118164
1762231576562,106,137.39999771118164
1762231576579,105,137.39999771118164
1762231576595,103,137.39999771118164
1762231576612,102,137.39999771118164
1762231576629,98,139.39999771118164
1762231576646,97,139.39999771118164
1762231576662,93,141.39999771118164
1762231576679,92,141.39999771118164
1762231576696,91,141.39999771118164
1762231576713,89,142.39999771118164
1762231576729,88,142.39999771118164
1762231576763,87,143.39999771118164
1762231576779,86,143.39999771118164
1762231576796,85,144.39999771118164
1762231576812,84,145.39999771118164
1762231576829,84,145.39999771118164
1762231576846,83,145.39999771118164
1762231576869,83,146.39999771118164
1762231576879,82,146.39999771118164
1762231580498,785,89.39999771118164
1762231580730,786,89.39999771118164
1762231580742,787,90.39999771118164
1762231580759,791,93.39999771118164
1762231580776,793,95.39999771118164
1762231580792,795,96.39999771118164
1762231580809,797,97.39999771118164
1762231580825,798,98.39999771118164
1762231580842,801,99.39999771118164
1762231580859,802,100.39999771118164
1762231580875,805,101.39999771118164
1762231580892,806,102.39999771118164
1762231580909,808,104.39999771118164
1762231580926,810,105.39999771118164
1762231580942,812,106.39999771118164
1762231580958,814,108.39999771118164
1762231580975,816,109.39999771118164
1762231580992,818,110.39999771118164
1762231581009,820,110.39999771118164
1762231581025,823,112.39999771118164
1762231581042,826,113.39999771118164
1762231581059,829,113.39999771118164
1762231581075,832,114.39999771118164
1762231581092,834,115.39999771118164
1762231581108,834,115.39999771118164
1762231581125,837,116.39999771118164
1762231581141,838,116.39999771118164
1762231581159,838,117.39999771118164
1762231581175,839,117.39999771118164
1762231581192,840,117.39999771118164
1762231581212,841,117.39999771118164
1762231581225,842,118.39999771118164
1762231581276,842,118.39999771118164
1762231581381,842,118.39999771118164
1762231581392,841,118.39999771118164
1762231581408,839,118.39999771118164
1762231581425,838,118.39999771118164
1762231581441,838,118.39999771118164
1762231581458,837,118.39999771118164
1762231581474,836,118.39999771118164
1762231581491,835,118.39999771118164
1762231582771,759,100.39999771118164
1762231582986,758,100.39999771118164
1762231583006,754,101.39999771118164
1762231583023,753,102.39999771118164
1762231583039,750,104.39999771118164
1762231583056,747,105.39999771118164
1762231583073,745,105.39999771118164
1762231583090,742,107.39999771118164
1762231583106,739,109.39999771118164
1762231583123,736,109.39999771118164
1762231583140,735,111.39999771118164
1762231583156,734,112.39999771118164
1762231583173,730,113.39999771118164
1762231583190,730,114.39999771118164
1762231583206,727,115.39999771118164
1762231583223,726,116.39999771118164
1762231583239,723,118.39999771118164
1762231583256,722,119.39999771118164
1762231583273,722,120.39999771118164
1762231583290,720,121.39999771118164
1762231583306,719,121.39999771118164
1762231583323,718,122.39999771118164
1762231583339,718,123.39999771118164
1762231583356,717,124.39999771118164
1762231583373,716,125.39999771118164
1762231583389,716,125.39999771118164
1762231583406,715,126.39999771118164
1762231583423,715,127.39999771118164
1762231583439,714,129.39999771118164
1762231583456,714,129.39999771118164
1762231583473,714,130.39999771118164
1762231583490,714,132.39999771118164
1762231583507,713,134.39999771118164
1762231583523,713,136.39999771118164
1762231583539,713,137.39999771118164
1762231583556,713,138.39999771118164
1762231583573,713,139.39999771118164
1762231583589,713,141.39999771118164
1762231583609,713,141.39999771118164
1762231583623,713,142.39999771118164
1762231583673,713,143.39999771118164
1762231586458,187,249.39999771118164
1762231586695,186,248.39999771118164
1762231586704,186,244.39999771118164
1762231586720,182,236.39999771118164
1762231586737,181,229.39999771118164
1762231586754,178,219.39999771118164
1762231586770,174,205.39999771118164
1762231586787,173,201.39999771118164
1762231586803,172,198.39999771118164
1762231586820,171,198.39999771118164
1762231586837,171,197.39999771118164
1762231586854,171,196.39999771118164
1762231586870,170,195.39999771118164
1762231586886,170,193.39999771118164
1762231586920,170,193.39999771118164
1762231586947,170,192.39999771118164
1762231587153,172,197.39999771118164
1762231587170,178,213.39999771118164
1762231587186,183,237.39999771118164
1762231587202,185,243.39999771118164
1762231587219,186,248.39999771118164
1762231587236,186,249.39999771118164
1762231587253,186,250.39999771118164
1762231587270,186,251.39999771118164
1762231587286,186,252.39999771118164
1762231587345,186,251.39999771118164
1762231587355,186,249.39999771118164
1762231587370,185,234.39999771118164
1762231587386,182,217.39999771118164
1762231587402,180,202.39999771118164
1762231587419,178,200.39999771118164
1762231587436,178,197.39999771118164
1762231587452,178,194.39999771118164
1762231587470,177,193.39999771118164
1762231587486,177,192.39999771118164
1762231587503,177,191.39999771118164
1762231587520,177,190.39999771118164
1762231587586,177,193.39999771118164
1762231587602,182,209.39999771118164
1762231587619,186,227.39999771118164
1762231587635,186,231.39999771118164
1762231587652,187,233.39999771118164
1762231587669,187,234.39999771118164
1762231587686,187,235.39999771118164
1762231587737,187,230.39999771118164
1762231587752,181,197.39999771118164
1762231587769,179,183.39999771118164
1762231587785,178,175.39999771118164
1762231587802,176,168.39999771118164
1762231587819,176,166.39999771118164
1762231587836,175,165.39999771118164
1762231587852,175,165.39999771118164
1762231587920,175,165.39999771118164
1762231587935,177,172.39999771118164
1762231587952,186,198.39999771118164
1762231587969,189,211.39999771118164
1762231587986,190,219.39999771118164
1762231588002,191,221.39999771118164
1762231588019,191,221.39999771118164
1762231588035,191,222.39999771118164
1762231588068,191,221.39999771118164
1762231588075,190,217.39999771118164
1762231588085,184,190.39999771118164
1762231588102,179,162.39999771118164
1762231588119,176,148.39999771118164
1762231588135,175,147.39999771118164
1762231588152,175,146.39999771118164
1762231588235,176,149.39999771118164
1762231588252,181,162.39999771118164
1762231588268,186,177.39999771118164
1762231588285,190,187.39999771118164
1762231588302,190,189.39999771118164
1762231588318,190,190.39999771118164
1762231588335,190,191.39999771118164
1762231588352,190,192.39999771118164
1762231588369,190,193.39999771118164
1762231588385,190,193.39999771118164
1762231588414,190,193.39999771118164
1762231588435,189,191.39999771118164
1762231588452,189,190.39999771118164
1762231588468,188,189.39999771118164
1762231588485,188,189.39999771118164
1762231588501,187,188.39999771118164
1762231588533,187,189.39999771118164
1762231588540,187,189.39999771118164
1762231588552,187,199.39999771118164
1762231588568,189,217.39999771118164
1762231588585,190,238.39999771118164
1762231588602,191,245.39999771118164
1762231588619,191,248.39999771118164
1762231588635,191,249.39999771118164
1762231588716,191,248.39999771118164
1762231588724,191,246.39999771118164
1762231588734,191,245.39999771118164
1762231588752,191,245.39999771118164
1762231588768,190,244.39999771118164
1762231588785,190,243.39999771118164
1762231588801,190,243.39999771118164
1762231588834,190,250.39999771118164
1762231588851,189,257.39999771118164
1762231588868,188,262.39999771118164
1762231588884,187,265.39999771118164
1762231588901,187,267.39999771118164
1762231588918,186,268.39999771118164
1762231588934,186,269.39999771118164
1762231589003,186,268.39999771118164
1762231589018,186,267.39999771118164
1762231589035,186,266.39999771118164
1762231589051,186,265.39999771118164
1762231589121,186,266.39999771118164
1762231589134,186,270.39999771118164
1762231589151,186,277.39999771118164
1762231589168,186,282.39999771118164
1762231589184,186,284.39999771118164
1762231589201,186,286.39999771118164
1762231589217,186,287.39999771118164
1762231589234,186,289.39999771118164
1762231589254,186,289.39999771118164
1762231589312,186,289.39999771118164
1762231589321,186,287.39999771118164
1762231589351,186,285.39999771118164
1762231589367,186,285.39999771118164
1762231589384,186,284.39999771118164
1762231589401,186,283.39999771118164
1762231589451,185,286.39999771118164
1762231589467,184,290.39999771118164
1762231589483,182,294.39999771118164
1762231589500,182,296.39999771118164
1762231589520,182,297.39999771118164
1762231589534,182,297.39999771118164
1762231589551,182,298.39999771118164
1762231589617,182,297.39999771118164
1762231589635,182,297.39999771118164
1762231589651,182,296.39999771118164
1762231589684,182,295.39999771118164
1762231590975,43,184.39999771118164
1762231591191,43,190.39999771118164
1762231591201,42,198.39999771118164
1762231591217,42,213.39999771118164
1762231591233,41,233.39999771118164
1762231591249,40,242.39999771118164
1762231591266,39,252.39999771118164
1762231591283,39,257.39999771118164
1762231591299,39,260.39999771118164
1762231591316,39,261.39999771118164
1762231591333,39,262.39999771118164
1762231591349,39,264.39999771118164
1762231591386,39,263.39999771118164
1762231591400,39,261.39999771118164
1762231591416,39,242.39999771118164
1762231591432,40,232.39999771118164
1762231591449,40,229.39999771118164
1762231591465,40,227.39999771118164
1762231591517,40,226.39999771118164
1762231591565,42,229.39999771118164
1762231591582,42,237.39999771118164
1762231591599,44,247.39999771118164
1762231591615,44,249.39999771118164
1762231591632,44,250.39999771118164
1762231591649,44,251.39999771118164
1762231591674,45,251.39999771118164
1762231591682,45,250.39999771118164
1762231591699,46,242.39999771118164
1762231591715,46,229.39999771118164
1762231591732,49,212.39999771118164
1762231591749,50,208.39999771118164
1762231591766,50,203.39999771118164
1762231591782,50,199.39999771118164
1762231591799,50,198.39999771118164
1762231591816,50,197.39999771118164
1762231591832,50,196.39999771118164
1762231591849,50,195.39999771118164
1762231591872,50,194.39999771118164
1762231591933,50,197.39999771118164
1762231591949,49,203.39999771118164
1762231591965,48,207.39999771118164
1762231591982,47,209.39999771118164
1762231591998,47,210.39999771118164
1762231592015,46,212.39999771118164
1762231592065,46,213.39999771118164
1762231592081,46,209.39999771118164
1762231592098,46,198.39999771118164
1762231592115,48,183.39999771118164
1762231592131,50,177.39999771118164
1762231592148,50,175.39999771118164
1762231592165,51,173.39999771118164
1762231592182,51,171.39999771118164
1762231592198,52,170.39999771118164
1762231592215,54,169.39999771118164
1762231592232,54,168.39999771118164
1762231592248,54,167.39999771118164
1762231592267,55,166.39999771118164
1762231592320,55,167.39999771118164
1762231592331,55,169.39999771118164
1762231592348,54,174.39999771118164
1762231592365,53,177.39999771118164
1762231592382,53,178.39999771118164
1762231592398,52,180.39999771118164
1762231592414,51,181.39999771118164
1762231592439,51,181.39999771118164
1762231592448,50,181.39999771118164
1762231592502,50,181.39999771118164
1762231592514,51,179.39999771118164
1762231592531,52,178.39999771118164
1762231592548,52,177.39999771118164
1762231592565,53,176.39999771118164
1762231592581,53,175.39999771118164
1762231592598,54,175.39999771118164
1762231592614,54,174.39999771118164
1762231592631,54,175.39999771118164
1762231592648,55,185.39999771118164
1762231592664,53,216.39999771118164
1762231592681,51,222.39999771118164
1762231592698,50,226.39999771118164
1762231592715,50,228.39999771118164
1762231592731,50,229.39999771118164
1762231592748,49,229.39999771118164
1762231592766,49,229.39999771118164
1762231592814,48,225.39999771118164
1762231592831,46,212.39999771118164
1762231592847,45,206.39999771118164
1762231592864,44,204.39999771118164
1762231592880,44,203.39999771118164
1762231592897,44,202.39999771118164
1762231592947,44,205.39999771118164
1762231592964,43,221.39999771118164
1762231592980,43,233.39999771118164
1762231592997,43,238.39999771118164
1762231593013,43,243.39999771118164
1762231593030,43,244.39999771118164
1762231593047,43,245.39999771118164
1762231593063,43,246.39999771118164
1762231593081,43,247.39999771118164
1762231593097,43,248.39999771118164
1762231593122,43,247.39999771118164
1762231593130,42,245.39999771118164
1762231593147,41,237.39999771118164
1762231593164,41,230.39999771118164
1762231593181,41,229.39999771118164
1762231593197,40,228.39999771118164
1762231593213,40,227.39999771118164
1762231593230,40,226.39999771118164
1762231593247,40,227.39999771118164
1762231593263,40,233.39999771118164
1762231593280,41,255.39999771118164
1762231593297,41,265.39999771118164
1762231593314,41,273.39999771118164
1762231593330,41,275.39999771118164
1762231593347,41,278.39999771118164
1762231593364,41,279.39999771118164
1762231593380,41,281.39999771118164
1762231593397,41,282.39999771118164
1762231593420,41,283.39999771118164
1762231593473,41,281.39999771118164
1762231593482,40,272.39999771118164
1762231593497,38,260.39999771118164
1762231593515,38,257.39999771118164
1762231593530,38,255.39999771118164
1762231593547,38,253.39999771118164
1762231593614,39,260.39999771118164
1762231593630,41,272.39999771118164
1762231593647,45,286.39999771118164
1762231593664,46,290.39999771118164
1762231593680,46,293.39999771118164
1762231593697,46,295.39999771118164
1762231593714,48,296.39999771118164
1762231593730,48,297.39999771118164
1762231593756,48,297.39999771118164
1762231593797,48,297.39999771118164
1762231593814,47,293.39999771118164
1762231593830,47,293.39999771118164
1762231593847,47,291.39999771118164
1762231593863,47,290.39999771118164
1762231593889,47,289.39999771118164
1762231593958,47,290.39999771118164
1762231593968,47,293.39999771118164
1762231593980,47,294.39999771118164
1762231593997,48,297.39999771118164
1762231594013,48,300.39999771118164
1762231594030,48,301.39999771118164
1762231594047,48,301.39999771118164
1762231594064,48,302.39999771118164
1762231594099,48,300.39999771118164
1762231594113,47,296.39999771118164
1762231594129,45,290.39999771118164
1762231594146,42,285.39999771118164
1762231594163,42,283.39999771118164
1762231594179,41,281.39999771118164
1762231594196,41,281.39999771118164
1762231594213,41,280.39999771118164
1762231594230,40,280.39999771118164
1762231594254,40,281.39999771118164
1762231594262,40,281.39999771118164
1762231594279,41,285.39999771118164
1762231594296,42,288.39999771118164
1762231594313,42,290.39999771118164
1762231594329,42,292.39999771118164
1762231594346,43,293.39999771118164
1762231594362,44,294.39999771118164
1762231594412,44,289.39999771118164
1762231594429,44,283.39999771118164
1762231594446,44,278.39999771118164
1762231594463,44,276.39999771118164
1762231594480,44,275.39999771118164
1762231594497,44,274.39999771118164
1762231594513,44,273.39999771118164
1762231594534,44,274.39999771118164
1762231594546,45,276.39999771118164
1762231594562,46,282.39999771118164
1762231594579,47,287.39999771118164
1762231594596,47,290.39999771118164
1762231594612,47,292.39999771118164
1762231594629,47,293.39999771118164
1762231596978,754,379.39999771118164
1762231597152,754,388.39999771118164
1762231597165,758,416.39999771118164
1762231597177,760,425.39999771118164
1762231597194,763,449.39999771118164
1762231597210,765,461.39999771118164
1762231597227,768,478.39999771118164
1762231597244,770,485.39999771118164
1762231597261,770,491.39999771118164
1762231597277,770,493.39999771118164
1762231597310,770,493.39999771118164
1762231597334,770,493.39999771118164
1762231597343,770,492.39999771118164
1762231597360,767,461.39999771118164
1762231597377,750,373.39999771118164
1762231597393,747,348.39999771118164
1762231597410,746,342.39999771118164
1762231597514,746,345.39999771118164
1762231597527,749,365.39999771118164
1762231597543,752,395.39999771118164
1762231597559,753,417.39999771118164
1762231597576,753,420.39999771118164
1762231597593,753,421.39999771118164
1762231597683,753,419.39999771118164
1762231597694,748,394.39999771118164
1762231597710,738,321.39999771118164
1762231597727,735,302.39999771118164
1762231597743,735,300.39999771118164
1762231597813,735,301.39999771118164
1762231597826,739,321.39999771118164
1762231597843,747,368.39999771118164
1762231597859,750,405.39999771118164
1762231597876,752,413.39999771118164
1762231597892,753,417.39999771118164
1762231597909,754,423.39999771118164
1762231597926,754,429.39999771118164
1762231597943,754,432.39999771118164
1762231597959,754,433.39999771118164
1762231597976,754,433.39999771118164
1762231598002,754,431.39999771118164
1762231598009,754,409.39999771118164
1762231598026,746,357.39999771118164
1762231598043,744,333.39999771118164
1762231598060,744,333.39999771118164
1762231598110,743,333.39999771118164
1762231598160,745,353.39999771118164
1762231598176,748,377.39999771118164
1762231598192,749,398.39999771118164
1762231598209,750,421.39999771118164
1762231598226,750,445.39999771118164
1762231598243,752,470.39999771118164
1762231598259,752,476.39999771118164
1762231598276,752,482.39999771118164
1762231598293,752,485.39999771118164
1762231598309,752,488.39999771118164
1762231598326,752,489.39999771118164
1762231598342,752,490.39999771118164
1762231598359,750,429.39999771118164
1762231598375,748,391.39999771118164
1762231598392,748,376.39999771118164
1762231598409,747,372.39999771118164
1762231598426,747,371.39999771118164
1762231598501,748,371.39999771118164
1762231598509,750,373.39999771118164
1762231598526,754,381.39999771118164
1762231598543,764,407.39999771118164
1762231598560,768,441.39999771118164
1762231598576,768,477.39999771118164
1762231598592,768,484.39999771118164
1762231598608,768,488.39999771118164
1762231598625,768,491.39999771118164
1762231598642,768,494.39999771118164
1762231598659,768,497.39999771118164
1762231598676,768,501.39999771118164
1762231598693,768,502.39999771118164
1762231598709,767,505.39999771118164
1762231598725,766,501.39999771118164
1762231598742,758,441.39999771118164
1762231598758,755,419.39999771118164
1762231598775,755,417.39999771118164
1762231598850,755,418.39999771118164
1762231598861,755,422.39999771118164
1762231598875,758,446.39999771118164
1762231598892,760,481.39999771118164
1762231598908,761,496.39999771118164
1762231598925,761,505.39999771118164
1762231598941,761,510.39999771118164
1762231598959,762,517.3999977111816
1762231598976,762,519.3999977111816
1762231598992,762,522.3999977111816
1762231599009,762,524.3999977111816
1762231599026,762,526.3999977111816
1762231599042,762,529.3999977111816
1762231599059,762,530.3999977111816
1762231599076,762,533.3999977111816
1762231599093,762,536.3999977111816
1762231599109,762,538.3999977111816
1762231599125,762,540.3999977111816
1762231599142,762,543.3999977111816
1762231599159,762,545.3999977111816
1762231599175,762,546.3999977111816
1762231599192,762,549.3999977111816
1762231599209,762,551.3999977111816
1762231599225,762,554.3999977111816
1762231599243,762,555.3999977111816
1762231599259,762,556.3999977111816
1762231599276,761,553.3999977111816
1762231599292,761,551.3999977111816
1762231599309,761,550.3999977111816
1762231599342,761,549.3999977111816
1762231599358,761,549.3999977111816
1762231599409,762,550.3999977111816
1762231599425,762,551.3999977111816
1762231599442,763,552.3999977111816
1762231599459,764,551.3999977111816
1762231599475,766,547.3999977111816
1762231599492,770,539.3999977111816
1762231599509,770,536.3999977111816
1762231599525,771,533.3999977111816
1762231599542,771,532.3999977111816
1762231599558,771,531.3999977111816
1762231599575,771,529.3999977111816
1762231599606,771,529.3999977111816
1762231599625,771,527.3999977111816
1762231600475,794,515.3999977111816
1762231600654,794,511.39999771118164
1762231600667,790,497.39999771118164
1762231600674,790,489.39999771118164
1762231600691,788,477.39999771118164
1762231600708,786,462.39999771118164
1762231600724,786,458.39999771118164
1762231600741,786,457.39999771118164
1762231600774,786,457.39999771118164
1762231600791,786,456.39999771118164
1762231600807,786,454.39999771118164
1762231600824,786,453.39999771118164
1762231600840,786,453.39999771118164
1762231600857,786,451.39999771118164
1762231600874,787,449.39999771118164
1762231600890,787,449.39999771118164
1762231600907,787,448.39999771118164
1762231600924,788,445.39999771118164
1762231600940,789,442.39999771118164
1762231600956,790,439.39999771118164
1762231600974,790,437.39999771118164
1762231600990,790,436.39999771118164
1762231601007,791,433.39999771118164
1762231601024,793,430.39999771118164
1762231601040,794,426.39999771118164
1762231601057,796,421.39999771118164
1762231601073,798,417.39999771118164
1762231601090,800,413.39999771118164
1762231601106,802,409.39999771118164
1762231601123,803,406.39999771118164
1762231601140,804,402.39999771118164
1762231601157,806,397.39999771118164
1762231601173,807,393.39999771118164
1762231601190,808,388.39999771118164
1762231601207,809,385.39999771118164
1762231601223,809,383.39999771118164
1762231601240,809,381.39999771118164
1762231601257,809,381.39999771118164
1762231601273,809,380.39999771118164
1762231601290,810,379.39999771118164
1762231601307,810,378.39999771118164
1762231601325,810,379.39999771118164
1762231601340,810,384.39999771118164
1762231601357,813,403.39999771118164
1762231601373,814,438.39999771118164
1762231601390,815,455.39999771118164
1762231601406,816,465.39999771118164
1762231601423,816,470.39999771118164
1762231601440,816,471.39999771118164
1762231601457,816,472.39999771118164
1762231601513,816,471.39999771118164
1762231601524,815,461.39999771118164
1762231601540,813,446.39999771118164
1762231601557,810,425.39999771118164
1762231601573,810,421.39999771118164
1762231601590,810,420.39999771118164
1762231601606,810,418.39999771118164
1762231601623,810,417.39999771118164
1762231601712,810,418.39999771118164
1762231601724,810,424.39999771118164
1762231601739,810,440.39999771118164
1762231601756,810,455.39999771118164
1762231601772,810,458.39999771118164
1762231601789,810,460.39999771118164
1762231601805,810,461.39999771118164
1762231601872,808,459.39999771118164
1762231601889,807,453.39999771118164
1762231601906,806,443.39999771118164
1762231601922,805,440.39999771118164
1762231601939,805,438.39999771118164
1762231601955,805,437.39999771118164
1762231601972,805,436.39999771118164
1762231601993,805,435.39999771118164
1762231602044,804,435.39999771118164
1762231602055,804,438.39999771118164
1762231602072,804,444.39999771118164
1762231602089,803,456.39999771118164
1762231602106,802,473.39999771118164
1762231602122,802,477.39999771118164
1762231602139,802,481.39999771118164
1762231602156,802,481.39999771118164
1762231602172,802,484.39999771118164
1762231602189,802,485.39999771118164
1762231602207,802,485.39999771118164
1762231602223,802,486.39999771118164
1762231602240,802,487.39999771118164
1762231602289,801,479.39999771118164
1762231602305,797,461.39999771118164
1762231602322,794,449.39999771118164
1762231602338,794,447.39999771118164
1762231602355,794,446.39999771118164
1762231602371,794,445.39999771118164
1762231602424,793,445.39999771118164
1762231602453,792,445.39999771118164
1762231602461,792,447.39999771118164
1762231602471,791,453.39999771118164
1762231602488,790,457.39999771118164
1762231602505,789,467.39999771118164
1762231602522,789,473.39999771118164
1762231602538,789,478.39999771118164
1762231602555,789,482.39999771118164
1762231602572,789,485.39999771118164
1762231602588,789,489.39999771118164
1762231602605,789,490.39999771118164
1762231602622,789,492.39999771118164
1762231602639,789,493.39999771118164
1762231602656,789,494.39999771118164
1762231602672,789,496.39999771118164
1762231602689,789,497.39999771118164
1762231602706,789,500.39999771118164
1762231602722,790,502.39999771118164
1762231602739,790,505.39999771118164
1762231602756,790,506.39999771118164
1762231602771,790,507.39999771118164
1762231602788,791,509.39999771118164
1762231602804,792,509.39999771118164
1762231602822,793,511.39999771118164
1762231602839,793,512.3999977111816
1762231602855,794,512.3999977111816
1762231602872,794,513.3999977111816
1762231602888,794,514.3999977111816
1762231602905,794,515.3999977111816
1762231602922,796,516.3999977111816
1762231602939,796,517.3999977111816
1762231602955,797,517.3999977111816
1762231602988,798,518.3999977111816
1762231603071,797,518.3999977111816
1762231603083,796,517.3999977111816
1762231603090,795,517.3999977111816
1762231603104,795,516.3999977111816
1762231603121,794,515.3999977111816
1762231603137,794,514.3999977111816
1762231603154,792,513.3999977111816
1762231603171,791,510.39999771118164
1762231603188,790,506.39999771118164
1762231603205,790,503.39999771118164
1762231603222,790,501.39999771118164
1762231603238,790,497.39999771118164
1762231603255,790,497.39999771118164
1762231603271,790,495.39999771118164
1762231603289,790,494.39999771118164
1762231603305,790,493.39999771118164
1762231603322,790,493.39999771118164
1762231603339,791,493.39999771118164
1762231603355,796,498.39999771118164
1762231603372,798,503.39999771118164
1762231603388,801,507.39999771118164
1762231603405,801,509.39999771118164
1762231603421,802,509.39999771118164
1762231603438,802,510.39999771118164
1762231603455,802,511.39999771118164
1762231603471,803,512.3999977111816
1762231603505,804,512.3999977111816
1762231603521,805,510.39999771118164
1762231603538,804,490.39999771118164
1762231603554,804,471.39999771118164
1762231603570,802,449.39999771118164
1762231603587,802,438.39999771118164
1762231603604,802,425.39999771118164
1762231603620,802,413.39999771118164
1762231603637,801,389.39999771118164
1762231603654,801,373.39999771118164
1762231603671,801,361.39999771118164
1762231603687,801,352.39999771118164
1762231603704,800,345.39999771118164
1762231603730,800,340.39999771118164
1762231603739,800,338.39999771118164
1762231603755,800,336.39999771118164
1762231603772,800,330.39999771118164
1762231603788,800,324.39999771118164
1762231603804,800,319.39999771118164
1762231603821,800,316.39999771118164
1762231603838,800,314.39999771118164
1762231603855,800,313.39999771118164
1762231603888,800,313.39999771118164
1762231603907,799,313.39999771118164
1762231603920,798,314.39999771118164
1762231603937,798,323.39999771118164
1762231603953,795,345.39999771118164
1762231603970,795,373.39999771118164
1762231603987,795,385.39999771118164
1762231604003,795,396.39999771118164
1762231604020,795,402.39999771118164
1762231604037,795,409.39999771118164
1762231604053,796,413.39999771118164
1762231604070,796,418.39999771118164
1762231604087,797,422.39999771118164
1762231604103,797,425.39999771118164
1762231604120,797,427.39999771118164
1762231604136,797,428.39999771118164
1762231604153,797,429.39999771118164
1762231604170,797,430.39999771118164
1762231604187,797,432.39999771118164
1762231604249,797,429.39999771118164
1762231604270,795,400.39999771118164
1762231604287,794,382.39999771118164
1762231604303,793,376.39999771118164
1762231604320,793,375.39999771118164
1762231604337,793,374.39999771118164
1762231604353,793,373.39999771118164
1762231604382,793,373.39999771118164
1762231604418,793,372.39999771118164
1762231604472,794,372.39999771118164
1762231604486,794,372.39999771118164
1762231604504,795,372.39999771118164
1762231604520,796,373.39999771118164
1762231604536,797,373.39999771118164
1762231604553,798,374.39999771118164
1762231604570,800,374.39999771118164
1762231604586,802,374.39999771118164
1762231604603,803,374.39999771118164
1762231604620,805,373.39999771118164
1762231604637,808,370.39999771118164
1762231604654,810,366.39999771118164
1762231604670,813,360.39999771118164
1762231604687,814,353.39999771118164
1762231604703,815,352.39999771118164
1762231604720,815,350.39999771118164
1762231604737,816,349.39999771118164
1762231604754,816,349.39999771118164
1762231605692,750,334.39999771118164
1762231605890,753,341.39999771118164
1762231605904,759,357.39999771118164
1762231605919,764,374.39999771118164
1762231605936,769,395.39999771118164
1762231605953,770,407.39999771118164
1762231605969,770,417.39999771118164
1762231605986,770,421.39999771118164
1762231606003,770,424.39999771118164
1762231606020,770,425.39999771118164
1762231606036,770,426.39999771118164
1762231606053,770,427.39999771118164
1762231606069,770,429.39999771118164
1762231606102,770,429.39999771118164
1762231606151,767,413.39999771118164
1762231606168,764,401.39999771118164
1762231606185,762,389.39999771118164
1762231606202,761,382.39999771118164
1762231606218,759,377.39999771118164
1762231606235,758,373.39999771118164
1762231606251,758,370.39999771118164
1762231606269,758,368.39999771118164
1762231606285,758,366.39999771118164
1762231606302,757,366.39999771118164
1762231606319,757,365.39999771118164
1762231606335,757,364.39999771118164
1762231606390,757,365.39999771118164
1762231606402,757,367.39999771118164
1762231606418,758,379.39999771118164
1762231606435,762,409.39999771118164
1762231606451,764,429.39999771118164
1762231606468,765,433.39999771118164
1762231606485,766,436.39999771118164
1762231606502,766,437.39999771118164
1762231606518,766,439.39999771118164
1762231606535,766,442.39999771118164
1762231606552,767,453.39999771118164
1762231606568,770,469.39999771118164
1762231606585,770,472.39999771118164
1762231606601,770,473.39999771118164
1762231607437,800,231.39999771118164
1762231607637,802,235.39999771118164
1762231607653,809,245.39999771118164
1762231607667,813,253.39999771118164
1762231607684,814,255.39999771118164
1762231607701,815,257.39999771118164
1762231607718,816,257.39999771118164
1762231607735,816,258.39999771118164
1762231607769,817,259.39999771118164
1762231607803,817,257.39999771118164
1762231607817,814,243.39999771118164
1762231607834,811,233.39999771118164
1762231607850,810,229.39999771118164
1762231607867,810,228.39999771118164
1762231607884,810,228.39999771118164
1762231607901,810,227.39999771118164
1762231607963,810,228.39999771118164
1762231607976,812,231.39999771118164
1762231607985,813,234.39999771118164
1762231608001,815,240.39999771118164
1762231608018,818,245.39999771118164
1762231608035,818,248.39999771118164
1762231608051,819,249.39999771118164
1762231608068,819,250.39999771118164
1762231608101,819,251.39999771118164
1762231608151,809,214.39999771118164
1762231608167,798,186.39999771118164
1762231608184,792,173.39999771118164
1762231608200,790,165.39999771118164
1762231608217,790,164.39999771118164
1762231608234,789,164.39999771118164
1762231608298,789,165.39999771118164
1762231608317,792,176.39999771118164
1762231608334,796,193.39999771118164
1762231608350,798,208.39999771118164
1762231608366,799,217.39999771118164
1762231608382,799,220.39999771118164
1762231608402,799,221.39999771118164
1762231608416,798,224.39999771118164
1762231608433,798,225.39999771118164
1762231608449,797,225.39999771118164
1762231608466,792,225.39999771118164
1762231608484,779,221.39999771118164
1762231608501,756,206.39999771118164
1762231608516,753,205.39999771118164
1762231608532,752,204.39999771118164
1762231608549,751,203.39999771118164
1762231608566,750,203.39999771118164
1762231608599,750,205.39999771118164
1762231608616,753,211.39999771118164
1762231608633,754,217.39999771118164
1762231608650,755,223.39999771118164
1762231608667,755,226.39999771118164
1762231608683,755,228.39999771118164
1762231608700,755,229.39999771118164
1762231608716,754,229.39999771118164
1762231608732,751,227.39999771118164
1762231608749,750,224.39999771118164
1762231608766,748,221.39999771118164
1762231608783,748,221.39999771118164
1762231608799,748,218.39999771118164
1762231608815,749,216.39999771118164
1762231608834,752,213.39999771118164
1762231608852,758,211.39999771118164
1762231608867,762,209.39999771118164
1762231608883,768,209.39999771118164
1762231608901,770,209.39999771118164
1762231608917,774,209.39999771118164
1762231608934,778,212.39999771118164
1762231608950,778,214.39999771118164
1762231608967,780,217.39999771118164
1762231608983,780,218.39999771118164
1762231609000,778,220.39999771118164
1762231609015,774,219.39999771118164
1762231609033,760,201.39999771118164
1762231609050,757,193.39999771118164
1762231609067,756,190.39999771118164
1762231609084,756,189.39999771118164
1762231609100,756,186.39999771118164
1762231609117,758,185.39999771118164
1762231609134,760,184.39999771118164
1762231609150,769,183.39999771118164
1762231609167,776,183.39999771118164
1762231609182,786,191.39999771118164
1762231609199,790,197.39999771118164
1762231609215,794,206.39999771118164
1762231609232,794,210.39999771118164
1762231609249,794,213.39999771118164
1762231609265,793,217.39999771118164
1762231609282,790,217.39999771118164
1762231609298,787,218.39999771118164
1762231609315,784,217.39999771118164
1762231609332,775,208.39999771118164
1762231609351,774,205.39999771118164
1762231609367,774,205.39999771118164
1762231609385,773,203.39999771118164
1762231609400,773,202.39999771118164
1762231609416,774,201.39999771118164
1762231609433,776,200.39999771118164
1762231609448,779,199.39999771118164
1762231609465,782,199.39999771118164
1762231609481,790,203.39999771118164
1762231609498,797,212.39999771118164
1762231609515,801,224.39999771118164
1762231609531,801,227.39999771118164
1762231609548,801,229.39999771118164
1762231609565,800,232.39999771118164
1762231609581,799,233.39999771118164
1762231609598,797,233.39999771118164
1762231609615,796,233.39999771118164
1762231609631,794,232.39999771118164
1762231609648,793,229.39999771118164
1762231609665,792,226.39999771118164
1762231609681,792,223.39999771118164
1762231609698,793,221.39999771118164
1762231609715,796,216.39999771118164
1762231609732,800,213.39999771118164
1762231609748,802,213.39999771118164
1762231609765,804,213.39999771118164
1762231609781,806,213.39999771118164
1762231609799,808,213.39999771118164
1762231609832,810,217.39999771118164
1762231609848,809,220.39999771118164
1762231609865,808,221.39999771118164
1762231609881,802,221.39999771118164
1762231609898,781,207.39999771118164
1762231609914,772,197.39999771118164
1762231609931,772,196.39999771118164
1762231609948,771,194.39999771118164
1762231609998,771,193.39999771118164
1762231610014,774,192.39999771118164
1762231610031,777,192.39999771118164
1762231610048,782,192.39999771118164
1762231610064,785,193.39999771118164
1762231610081,786,193.39999771118164
1762231610098,787,193.39999771118164
1762231610117,788,194.39999771118164
1762231610132,788,195.39999771118164
1762231610157,787,196.39999771118164
1762231610181,786,196.39999771118164
1762231610198,785,196.39999771118164
1762231610214,783,196.39999771118164
1762231610231,782,196.39999771118164
1762231610281,784,196.39999771118164
1762231610297,787,196.39999771118164
1762231610314,793,196.39999771118164
1762231610331,796,197.39999771118164
1762231610348,798,197.39999771118164
1762231610365,799,197.39999771118164
1762231610382,800,197.39999771118164
1762231610398,800,200.39999771118164
1762231610415,800,201.39999771118164
1762231610430,794,210.39999771118164
1762231610447,780,216.39999771118164
1762231610464,764,213.39999771118164
1762231610481,760,210.39999771118164
1762231610497,760,209.39999771118164
1762231610514,759,208.39999771118164
1762231610533,759,207.39999771118164
1762231610547,761,205.39999771118164
1762231610564,765,205.39999771118164
1762231610580,768,204.39999771118164
1762231610597,776,206.39999771118164
1762231610614,786,214.39999771118164
1762231610630,798,234.39999771118164
1762231610647,799,246.39999771118164
1762231610664,798,254.39999771118164
1762231610682,794,260.39999771118164
1762231610697,782,262.39999771118164
1762231610715,758,260.39999771118164
1762231610732,733,248.39999771118164
1762231610748,722,242.39999771118164
1762231610763,718,241.39999771118164
1762231610780,716,241.39999771118164
1762231610813,715,241.39999771118164
1762231610830,715,241.39999771118164
1762231610848,717,249.39999771118164
1762231610865,721,259.39999771118164
1762231610881,721,263.39999771118164
1762231610897,722,266.39999771118164
1762231610914,722,268.39999771118164
1762231610931,722,269.39999771118164
1762231610950,722,269.39999771118164
1762231611002,723,269.39999771118164
1762231611014,724,266.39999771118164
1762231611031,726,263.39999771118164
1762231611048,729,257.39999771118164
1762231611064,731,253.39999771118164
1762231611081,734,249.39999771118164
1762231611097,735,247.39999771118164
1762231611114,736,245.39999771118164
1762231611131,738,244.39999771118164
1762231611148,738,243.39999771118164
1762231611164,739,242.39999771118164
1762231611181,741,241.39999771118164
1762231611204,742,241.39999771118164
1762231611214,742,240.39999771118164
1762231611231,742,240.39999771118164
1762231611281,744,240.39999771118164
1762231611297,745,245.39999771118164
1762231611313,748,265.39999771118164
1762231611330,748,275.39999771118164
1762231611347,748,281.39999771118164
1762231611365,748,283.39999771118164
1762231611381,748,284.39999771118164
1762231611400,748,285.39999771118164
1762231611464,748,284.39999771118164
1762231611481,747,277.39999771118164
1762231611497,747,257.39999771118164
1762231611514,747,253.39999771118164
1762231611531,747,249.39999771118164
1762231611548,747,246.39999771118164
1762231611580,747,245.39999771118164
1762231611597,747,245.39999771118164
1762231611614,747,244.39999771118164
1762231611631,747,243.39999771118164
1762231611648,747,242.39999771118164
1762231611664,747,241.39999771118164
1762231611680,748,241.39999771118164
1762231611697,749,240.39999771118164
1762231611714,749,239.39999771118164
1762231611730,749,238.39999771118164
1762231611747,749,237.39999771118164
1762231611770,749,237.39999771118164
1762231611803,749,236.39999771118164
1762231611896,749,237.39999771118164
1762231611910,746,245.39999771118164
1762231611920,741,265.39999771118164
1762231611930,738,276.39999771118164
1762231611946,738,281.39999771118164
1762231611963,738,282.39999771118164
1762231611979,738,284.39999771118164
1762231612015,737,285.39999771118164
1762231612116,738,285.39999771118164
1762231612130,738,284.39999771118164
1762231612146,745,281.39999771118164
1762231612164,750,277.39999771118164
1762231612180,758,271.39999771118164
1762231612198,763,266.39999771118164
1762231612212,771,261.39999771118164
1762231612230,775,257.39999771118164
1762231612247,779,253.39999771118164
1762231612264,784,249.39999771118164
1762231612280,785,248.39999771118164
1762231612296,788,246.39999771118164
1762231612313,789,246.39999771118164
1762231612329,790,245.39999771118164
1762231612346,791,245.39999771118164
1762231612363,792,245.39999771118164
1762231612379,793,245.39999771118164
1762231612396,794,245.39999771118164
1762231612413,795,246.39999771118164
1762231612429,796,248.39999771118164
1762231612446,800,251.39999771118164
1762231612463,803,254.39999771118164
1762231612479,806,257.39999771118164
1762231612496,807,258.39999771118164
1762231612512,809,261.39999771118164
1762231612529,810,262.39999771118164
1762231612546,812,264.39999771118164
1762231612563,814,267.39999771118164
1762231612580,815,269.39999771118164
1762231612596,817,271.39999771118164
1762231612613,818,272.39999771118164
1762231612629,818,273.39999771118164
1762231612650,819,274.39999771118164
1762231612678,819,275.39999771118164
1762231612696,820,275.39999771118164
1762231612725,821,275.39999771118164
1762231612747,822,275.39999771118164
1762231612773,822,274.39999771118164
1762231612786,822,273.39999771118164
1762231612796,823,272.39999771118164
1762231612813,824,269.39999771118164
1762231612830,824,265.39999771118164
1762231612846,825,262.39999771118164
1762231612863,826,260.39999771118164
1762231612879,826,258.39999771118164
1762231612896,826,257.39999771118164
1762231612913,826,256.39999771118164
1762231612930,826,255.39999771118164
1762231612946,826,253.39999771118164
1762231612963,826,249.39999771118164
1762231612980,826,237.39999771118164
1762231612997,824,232.39999771118164
1762231613013,824,229.39999771118164
1762231613030,824,228.39999771118164
1762231613046,823,227.39999771118164
1762231613063,822,226.39999771118164
1762231613079,822,225.39999771118164
1762231613096,822,225.39999771118164
-1,-1,-1
1762231565252,,
1762231568055,,
1762231571304,,
1762231580498,,
1762231582771,,
1762231586458,,
1762231590975,,
1762231596978,,
1762231600475,,
1762231605692,,
1762231607437,,
-1,-1,-1
1762231567265,,
1762231570443,,
1762231576920,,
1762231581502,,
1762231583981,,
1762231589725,,
1762231594691,,
1762231599632,,
1762231604829,,
1762231606606,,
1762231613182,,
