1762231452771,821.6000061035156,598.3999977111816
1762231452787,821.6000061035156,595.3999977111816
1762231452837,821.6000061035156,592.3999977111816
1762231452854,821.6000061035156,592.3999977111816
1762231452870,821.6000061035156,590.3999977111816
1762231452887,821.6000061035156,589.3999977111816
1762231452904,822.6000061035156,587.3999977111816
1762231452921,823.6000061035156,584.3999977111816
1762231452937,823.6000061035156,580.3999977111816
1762231452954,823.6000061035156,574.3999977111816
1762231452970,823.6000061035156,568.3999977111816
1762231452987,807.6000061035156,546.3999977111816
1762231453004,777.6000061035156,514.3999977111816
1762231453020,740.6000061035156,474.39999771118164
1762231453037,697.6000061035156,431.39999771118164
1762231453054,647.6000061035156,391.39999771118164
1762231453070,605.6000061035156,359.39999771118164
1762231453087,572.6000061035156,330.39999771118164
1762231453104,519.6000061035156,292.39999771118164
1762231453120,485.6000061035156,268.39999771118164
1762231453136,457.6000061035156,249.39999771118164
1762231453153,425.6000061035156,231.39999771118164
1762231453170,393.6000061035156,218.39999771118164
1762231453186,361.6000061035156,206.39999771118164
1762231453203,325.6000061035156,191.39999771118164
1762231453220,283.6000061035156,177.39999771118164
1762231453236,248.60000610351562,167.39999771118164
1762231453253,225.60000610351562,159.39999771118164
1762231453270,208.60000610351562,153.39999771118164
1762231453286,200.60000610351562,151.39999771118164
1762231453303,187.60000610351562,146.39999771118164
1762231453320,180.60000610351562,143.39999771118164
1762231453336,177.60000610351562,141.39999771118164
1762231453353,175.60000610351562,140.39999771118164
1762231453496,179.60000610351562,140.39999771118164
1762231453745,180.60000610351562,140.39999771118164
1762231453753,182.60000610351562,140.39999771118164
1762231453769,199.60000610351562,142.39999771118164
1762231453786,203.60000610351562,142.39999771118164
1762231453992,203.60000610351562,142.39999771118164
1762231454036,203.60000610351562,142.39999771118164
1762231454052,202.60000610351562,142.39999771118164
1762231454069,199.60000610351562,142.39999771118164
1762231454086,196.60000610351562,142.39999771118164
1762231454102,193.60000610351562,140.39999771118164
1762231454119,188.60000610351562,138.39999771118164
1762231454136,185.60000610351562,136.39999771118164
1762231454152,183.60000610351562,135.39999771118164
1762231454169,181.60000610351562,134.39999771118164
1762231454185,180.60000610351562,134.39999771118164
1762231454202,178.60000610351562,132.39999771118164
1762231454219,176.60000610351562,131.39999771118164
1762231454235,175.60000610351562,131.39999771118164
1762231454252,173.60000610351562,131.39999771118164
1762231454268,171.60000610351562,131.39999771118164
1762231454285,168.60000610351562,131.39999771118164
1762231454302,167.60000610351562,131.39999771118164
1762231454319,165.60000610351562,131.39999771118164
1762231454336,164.60000610351562,131.39999771118164
1762231454352,161.60000610351562,131.39999771118164
1762231454369,161.60000610351562,131.39999771118164
1762231454385,158.60000610351562,131.39999771118164
1762231454402,157.60000610351562,131.39999771118164
1762231454419,156.60000610351562,131.39999771118164
1762231454439,154.60000610351562,131.39999771118164
1762231454560,153.60000610351562,132.39999771118164
1762231454569,152.60000610351562,133.39999771118164
1762231454585,151.60000610351562,134.39999771118164
1762231454602,149.60000610351562,135.39999771118164
1762231454619,147.60000610351562,137.39999771118164
1762231454639,147.60000610351562,137.39999771118164
1762231454652,146.60000610351562,138.39999771118164
1762231454669,144.60000610351562,138.39999771118164
1762231454685,144.60000610351562,140.39999771118164
1762231454702,143.60000610351562,140.39999771118164
1762231454718,142.60000610351562,140.39999771118164
1762231454735,141.60000610351562,141.39999771118164
1762231454841,140.60000610351562,141.39999771118164
1762231454864,140.60000610351562,141.39999771118164
1762231454944,140.60000610351562,142.39999771118164
1762231454968,139.60000610351562,143.39999771118164
1762231455288,138.60000610351562,143.39999771118164
1762231455311,136.60000610351562,142.39999771118164
1762231455319,136.60000610351562,141.39999771118164
1762231455335,135.60000610351562,139.39999771118164
1762231455351,133.60000610351562,131.39999771118164
1762231455368,130.60000610351562,127.39999771118164
1762231455385,128.60000610351562,124.39999771118164
1762231455401,126.60000610351562,120.39999771118164
1762231455418,124.60000610351562,117.39999771118164
1762231455435,124.60000610351562,114.39999771118164
1762231455451,123.60000610351562,112.39999771118164
1762231455468,122.60000610351562,108.39999771118164
1762231455484,122.60000610351562,106.39999771118164
1762231455501,121.60000610351562,103.39999771118164
1762231455518,121.60000610351562,100.39999771118164
1762231455534,119.60000610351562,97.39999771118164
1762231455551,118.60000610351562,95.39999771118164
1762231455568,118.60000610351562,93.39999771118164
1762231455584,117.60000610351562,91.39999771118164
1762231455601,117.60000610351562,90.39999771118164
1762231455651,122.60000610351562,92.39999771118164
1762231455668,128.60000610351562,96.39999771118164
1762231455684,130.60000610351562,102.39999771118164
1762231455701,133.60000610351562,120.39999771118164
1762231455718,140.60000610351562,130.39999771118164
1762231455735,143.60000610351562,134.39999771118164
1762231455751,145.60000610351562,139.39999771118164
1762231455840,144.60000610351562,139.39999771118164
1762231455851,144.60000610351562,139.39999771118164
1762231455867,143.60000610351562,139.39999771118164
1762231455884,141.60000610351562,139.39999771118164
1762231455901,140.60000610351562,139.39999771118164
1762231455917,139.60000610351562,139.39999771118164
1762231455934,138.60000610351562,139.39999771118164
1762231455951,136.60000610351562,139.39999771118164
1762231455967,132.60000610351562,139.39999771118164
1762231455991,131.60000610351562,139.39999771118164
1762231456040,130.60000610351562,139.39999771118164
1762231456051,129.60000610351562,139.39999771118164
1762231456067,127.60000610351562,142.39999771118164
1762231456084,127.60000610351562,143.39999771118164
1762231456101,126.60000610351562,145.39999771118164
1762231456117,125.60000610351562,146.39999771118164
1762231456134,124.60000610351562,147.39999771118164
1762231456225,124.60000610351562,147.39999771118164
1762231456234,125.60000610351562,148.39999771118164
1762231456448,126.60000610351562,148.39999771118164
1762231456656,126.60000610351562,148.39999771118164
1762231456671,126.60000610351562,149.39999771118164
1762231456687,125.60000610351562,150.39999771118164
1762231456704,124.60000610351562,150.39999771118164
1762231456754,124.60000610351562,150.39999771118164
1762231456912,123.60000610351562,150.39999771118164
1762231456920,122.60000610351562,150.39999771118164
1762231456937,122.60000610351562,152.39999771118164
1762231457216,122.60000610351562,153.39999771118164
1762231458353,122.60000610351562,154.39999771118164
1762231458672,122.60000610351562,154.39999771118164
1762231458784,122.60000610351562,154.39999771118164
1762231458799,122.60000610351562,156.39999771118164
1762231458816,122.60000610351562,157.39999771118164
1762231458831,122.60000610351562,158.39999771118164
1762231458872,122.60000610351562,159.39999771118164
1762231458895,122.60000610351562,160.39999771118164
1762231458935,122.60000610351562,161.39999771118164
1762231459544,121.60000610351562,161.39999771118164
1762231459551,121.60000610351562,160.39999771118164
1762231459568,121.60000610351562,157.39999771118164
1762231459585,121.60000610351562,153.39999771118164
1762231459601,121.60000610351562,149.39999771118164
1762231459618,121.60000610351562,145.39999771118164
1762231459634,121.60000610351562,142.39999771118164
1762231459651,121.60000610351562,139.39999771118164
1762231459668,121.60000610351562,136.39999771118164
1762231459684,121.60000610351562,133.39999771118164
1762231459701,120.60000610351562,129.39999771118164
1762231459718,120.60000610351562,125.39999771118164
1762231459735,118.60000610351562,121.39999771118164
1762231459751,117.60000610351562,118.39999771118164
1762231459768,117.60000610351562,113.39999771118164
1762231459784,117.60000610351562,110.39999771118164
1762231459801,116.60000610351562,106.39999771118164
1762231459818,115.60000610351562,101.39999771118164
1762231459834,115.60000610351562,97.39999771118164
1762231459851,115.60000610351562,92.39999771118164
1762231459868,113.60000610351562,88.39999771118164
1762231459884,113.60000610351562,85.39999771118164
1762231459901,112.60000610351562,84.39999771118164
1762231459918,112.60000610351562,82.39999771118164
1762231459934,112.60000610351562,81.39999771118164
1762231459951,112.60000610351562,78.39999771118164
1762231459968,112.60000610351562,75.39999771118164
1762231459984,112.60000610351562,73.39999771118164
1762231460001,112.60000610351562,73.39999771118164
1762231460018,112.60000610351562,71.39999771118164
1762231460080,112.60000610351562,70.39999771118164
1762231460087,112.60000610351562,69.39999771118164
1762231460101,112.60000610351562,68.39999771118164
1762231460117,112.60000610351562,66.39999771118164
1762231460134,112.60000610351562,64.39999771118164
1762231460152,112.60000610351562,63.39999771118164
1762231460216,113.60000610351562,64.39999771118164
1762231460223,114.60000610351562,64.39999771118164
1762231460234,116.60000610351562,65.39999771118164
1762231460251,120.60000610351562,70.39999771118164
1762231460267,124.60000610351562,75.39999771118164
1762231460284,126.60000610351562,76.39999771118164
1762231460301,126.60000610351562,80.39999771118164
1762231460317,129.60000610351562,84.39999771118164
1762231460334,130.60000610351562,88.39999771118164
1762231460472,130.60000610351562,89.39999771118164
1762231460484,130.60000610351562,91.39999771118164
1762231460500,130.60000610351562,94.39999771118164
1762231460517,130.60000610351562,97.39999771118164
1762231460534,130.60000610351562,99.39999771118164
1762231460550,130.60000610351562,102.39999771118164
1762231460567,130.60000610351562,107.39999771118164
1762231460584,130.60000610351562,108.39999771118164
1762231460600,131.60000610351562,111.39999771118164
1762231460617,131.60000610351562,115.39999771118164
1762231460634,134.60000610351562,119.39999771118164
1762231460650,135.60000610351562,121.39999771118164
1762231460667,136.60000610351562,123.39999771118164
1762231460684,137.60000610351562,126.39999771118164
1762231460700,139.60000610351562,127.39999771118164
1762231460717,140.60000610351562,130.39999771118164
1762231460734,141.60000610351562,131.39999771118164
1762231460750,143.60000610351562,134.39999771118164
1762231460767,146.60000610351562,137.39999771118164
1762231460783,148.60000610351562,140.39999771118164
1762231460800,151.60000610351562,143.39999771118164
1762231460817,152.60000610351562,145.39999771118164
1762231460834,155.60000610351562,148.39999771118164
1762231460855,155.60000610351562,149.39999771118164
1762231460866,157.60000610351562,151.39999771118164
1762231461032,157.60000610351562,150.39999771118164
1762231461039,157.60000610351562,149.39999771118164
1762231461050,157.60000610351562,147.39999771118164
1762231461067,154.60000610351562,144.39999771118164
1762231461083,154.60000610351562,141.39999771118164
1762231461100,152.60000610351562,139.39999771118164
1762231461117,152.60000610351562,137.39999771118164
1762231461133,151.60000610351562,135.39999771118164
1762231461150,151.60000610351562,134.39999771118164
1762231461167,150.60000610351562,133.39999771118164
1762231461184,149.60000610351562,132.39999771118164
1762231461200,149.60000610351562,131.39999771118164
1762231461216,148.60000610351562,130.39999771118164
1762231461233,147.60000610351562,129.39999771118164
1762231461250,147.60000610351562,128.39999771118164
1762231461336,146.60000610351562,128.39999771118164
1762231461383,145.60000610351562,128.39999771118164
1762231461624,145.60000610351562,128.39999771118164
1762231461647,144.60000610351562,128.39999771118164
1762231461655,143.60000610351562,129.39999771118164
1762231461679,142.60000610351562,129.39999771118164
1762231461695,140.60000610351562,129.39999771118164
1762231461711,140.60000610351562,129.39999771118164
1762231461728,139.60000610351562,129.39999771118164
1762231461736,138.60000610351562,129.39999771118164
1762231461751,137.60000610351562,129.39999771118164
1762231461816,136.60000610351562,129.39999771118164
1762231461839,135.60000610351562,129.39999771118164
1762231461855,134.60000610351562,129.39999771118164
1762231461899,133.60000610351562,129.39999771118164
1762231461919,132.60000610351562,129.39999771118164
1762231462133,131.60000610351562,129.39999771118164
1762231462384,131.60000610351562,129.39999771118164
1762231462399,131.60000610351562,130.39999771118164
1762231462415,126.60000610351562,136.39999771118164
1762231462432,122.60000610351562,142.39999771118164
1762231462449,117.60000610351562,149.39999771118164
1762231462465,113.60000610351562,155.39999771118164
1762231462482,106.60000610351562,163.39999771118164
1762231462499,101.60000610351562,168.39999771118164
1762231462515,95.60000610351562,172.39999771118164
1762231462532,93.60000610351562,175.39999771118164
1762231462549,89.60000610351562,179.39999771118164
1762231462565,86.60000610351562,182.39999771118164
1762231462582,83.60000610351562,185.39999771118164
1762231462599,81.60000610351562,187.39999771118164
1762231462615,77.60000610351562,191.39999771118164
1762231462632,76.60000610351562,193.39999771118164
1762231462648,73.60000610351562,195.39999771118164
1762231462665,72.60000610351562,197.39999771118164
1762231462682,69.60000610351562,199.39999771118164
1762231462698,68.60000610351562,201.39999771118164
1762231462715,65.60000610351562,203.39999771118164
1762231462732,63.600006103515625,206.39999771118164
1762231462748,61.600006103515625,208.39999771118164
1762231462765,56.600006103515625,212.39999771118164
1762231462782,54.600006103515625,216.39999771118164
1762231462798,49.600006103515625,224.39999771118164
1762231462815,48.600006103515625,229.39999771118164
1762231462832,46.600006103515625,233.39999771118164
1762231462848,44.600006103515625,238.39999771118164
1762231462865,43.600006103515625,242.39999771118164
1762231462882,41.600006103515625,246.39999771118164
1762231462898,41.600006103515625,249.39999771118164
1762231462915,39.600006103515625,252.39999771118164
1762231462932,39.600006103515625,253.39999771118164
1762231463128,39.600006103515625,252.39999771118164
1762231463135,39.600006103515625,251.39999771118164
1762231463148,39.600006103515625,250.39999771118164
1762231463165,40.600006103515625,248.39999771118164
1762231463181,40.600006103515625,246.39999771118164
1762231463198,42.600006103515625,243.39999771118164
1762231463215,42.600006103515625,240.39999771118164
1762231463231,43.600006103515625,239.39999771118164
1762231463248,43.600006103515625,237.39999771118164
1762231463265,44.600006103515625,236.39999771118164
1762231463489,45.600006103515625,238.39999771118164
1762231463616,45.600006103515625,238.39999771118164
1762231463672,45.600006103515625,238.39999771118164
1762231463702,45.600006103515625,239.39999771118164
1762231463752,46.600006103515625,239.39999771118164
1762231463764,46.600006103515625,240.39999771118164
1762231463848,46.600006103515625,241.39999771118164
1762231463860,46.600006103515625,241.39999771118164
1762231463877,46.600006103515625,242.39999771118164
1762231463896,46.600006103515625,244.39999771118164
1762231463943,46.600006103515625,244.39999771118164
1762231463967,46.600006103515625,246.39999771118164
1762231463992,46.600006103515625,246.39999771118164
1762231464016,46.600006103515625,248.39999771118164
1762231464104,46.600006103515625,248.39999771118164
1762231464120,45.600006103515625,249.39999771118164
1762231464136,45.600006103515625,250.39999771118164
1762231464144,45.600006103515625,250.39999771118164
1762231464160,44.600006103515625,251.39999771118164
1762231464182,44.600006103515625,252.39999771118164
1762231464193,43.600006103515625,253.39999771118164
1762231464256,43.600006103515625,254.39999771118164
1762231464263,43.600006103515625,255.39999771118164
1762231464279,43.600006103515625,256.39999771118164
1762231464293,42.600006103515625,257.39999771118164
1762231464310,41.600006103515625,258.39999771118164
1762231464384,41.600006103515625,259.39999771118164
1762231464408,41.600006103515625,259.39999771118164
1762231464426,41.600006103515625,261.39999771118164
1762231464443,41.600006103515625,263.39999771118164
1762231464460,41.600006103515625,264.39999771118164
1762231464480,41.600006103515625,265.39999771118164
1762231464504,41.600006103515625,266.39999771118164
1762231464526,41.600006103515625,268.39999771118164
1762231464543,41.600006103515625,268.39999771118164
1762231464559,41.600006103515625,270.39999771118164
1762231464576,41.600006103515625,271.39999771118164
1762231464593,41.600006103515625,272.39999771118164
1762231464616,41.600006103515625,273.39999771118164
1762231464641,41.600006103515625,275.39999771118164
1762231464659,41.600006103515625,275.39999771118164
1762231464676,41.600006103515625,277.39999771118164
1762231464692,41.600006103515625,278.39999771118164
1762231464743,41.600006103515625,280.39999771118164
1762231464760,41.600006103515625,281.39999771118164
1762231464784,41.600006103515625,282.39999771118164
1762231464826,41.600006103515625,283.39999771118164
1762231464843,41.600006103515625,283.39999771118164
1762231464893,41.600006103515625,284.39999771118164
1762231464942,41.600006103515625,285.39999771118164
1762231464959,41.600006103515625,286.39999771118164
1762231464984,41.600006103515625,287.39999771118164
1762231465000,41.600006103515625,288.39999771118164
1762231465009,41.600006103515625,289.39999771118164
1762231465032,41.600006103515625,290.39999771118164
1762231465048,41.600006103515625,292.39999771118164
1762231465064,41.600006103515625,292.39999771118164
1762231465080,41.600006103515625,293.39999771118164
1762231465092,41.600006103515625,294.39999771118164
1762231465119,41.600006103515625,295.39999771118164
1762231465159,41.600006103515625,297.39999771118164
1762231465184,41.600006103515625,298.39999771118164
1762231465288,41.600006103515625,299.39999771118164
1762231465342,42.600006103515625,299.39999771118164
1762231465359,42.600006103515625,300.39999771118164
1762231465375,43.600006103515625,301.39999771118164
1762231465456,43.600006103515625,301.39999771118164
1762231465488,44.600006103515625,300.39999771118164
1762231465509,44.600006103515625,300.39999771118164
1762231465525,45.600006103515625,300.39999771118164
1762231465544,46.600006103515625,300.39999771118164
1762231465558,46.600006103515625,300.39999771118164
1762231465608,47.600006103515625,300.39999771118164
1762231465625,48.600006103515625,300.39999771118164
1762231465704,49.600006103515625,300.39999771118164
1762231465727,50.600006103515625,300.39999771118164
1762231465824,51.600006103515625,300.39999771118164
1762231465896,51.600006103515625,299.39999771118164
1762231465952,51.600006103515625,299.39999771118164
1762231465976,51.600006103515625,298.39999771118164
1762231466000,51.600006103515625,297.39999771118164
1762231466056,51.600006103515625,296.39999771118164
1762231466200,51.600006103515625,296.39999771118164
1762231466216,53.600006103515625,298.39999771118164
1762231466231,53.600006103515625,299.39999771118164
1762231466241,53.600006103515625,300.39999771118164
1762231466264,53.600006103515625,302.39999771118164
1762231466280,53.600006103515625,305.39999771118164
1762231466304,53.600006103515625,306.39999771118164
1762231466327,53.600006103515625,307.39999771118164
1762231466352,53.600006103515625,309.39999771118164
1762231466375,53.600006103515625,309.39999771118164
1762231466392,55.600006103515625,311.39999771118164
1762231466544,54.600006103515625,310.39999771118164
1762231466558,54.600006103515625,309.39999771118164
1762231466574,53.600006103515625,307.39999771118164
1762231466591,53.600006103515625,303.39999771118164
1762231466608,52.600006103515625,300.39999771118164
1762231466624,52.600006103515625,298.39999771118164
1762231466641,52.600006103515625,296.39999771118164
1762231466658,52.600006103515625,295.39999771118164
1762231466674,50.600006103515625,292.39999771118164
1762231466691,50.600006103515625,291.39999771118164
1762231466708,49.600006103515625,290.39999771118164
1762231466724,49.600006103515625,289.39999771118164
1762231466741,49.600006103515625,288.39999771118164
1762231466758,48.600006103515625,286.39999771118164
1762231466776,48.600006103515625,284.39999771118164
1762231466791,48.600006103515625,283.39999771118164
1762231466816,49.600006103515625,282.39999771118164
1762231466840,49.600006103515625,281.39999771118164
1762231466857,50.600006103515625,280.39999771118164
1762231466874,52.600006103515625,278.39999771118164
1762231466891,54.600006103515625,278.39999771118164
1762231466907,57.600006103515625,278.39999771118164
1762231466924,57.600006103515625,278.39999771118164
1762231466974,59.600006103515625,278.39999771118164
1762231466992,59.600006103515625,278.39999771118164
1762231467008,59.600006103515625,280.39999771118164
1762231467024,59.600006103515625,281.39999771118164
1762231467041,59.600006103515625,283.39999771118164
1762231467057,59.600006103515625,285.39999771118164
1762231467074,57.600006103515625,286.39999771118164
1762231467090,57.600006103515625,287.39999771118164
1762231467107,56.600006103515625,288.39999771118164
1762231467124,56.600006103515625,289.39999771118164
1762231467143,55.600006103515625,289.39999771118164
1762231467159,54.600006103515625,290.39999771118164
1762231467207,53.600006103515625,292.39999771118164
1762231467232,53.600006103515625,292.39999771118164
1762231467248,53.600006103515625,294.39999771118164
1762231467257,52.600006103515625,295.39999771118164
1762231467307,50.600006103515625,296.39999771118164
1762231467324,50.600006103515625,296.39999771118164
1762231467344,50.600006103515625,297.39999771118164
1762231467360,50.600006103515625,298.39999771118164
1762231467376,50.600006103515625,299.39999771118164
1762231467464,52.600006103515625,301.39999771118164
1762231467552,52.600006103515625,302.39999771118164
1762231467560,51.600006103515625,303.39999771118164
1762231467573,50.600006103515625,304.39999771118164
1762231467640,49.600006103515625,305.39999771118164
1762231467657,49.600006103515625,305.39999771118164
1762231467688,48.600006103515625,305.39999771118164
1762231467707,47.600006103515625,305.39999771118164
1762231467723,46.600006103515625,305.39999771118164
1762231467740,44.600006103515625,305.39999771118164
1762231467792,44.600006103515625,305.39999771118164
1762231467816,43.600006103515625,305.39999771118164
1762231467873,42.600006103515625,303.39999771118164
1762231467923,42.600006103515625,303.39999771118164
1762231467940,43.600006103515625,301.39999771118164
1762231467956,44.600006103515625,301.39999771118164
1762231467973,47.600006103515625,300.39999771118164
1762231467990,47.600006103515625,300.39999771118164
1762231468006,48.600006103515625,299.39999771118164
1762231468023,50.600006103515625,299.39999771118164
1762231468047,51.600006103515625,299.39999771118164
1762231468090,52.600006103515625,299.39999771118164
1762231468106,53.600006103515625,299.39999771118164
1762231468123,54.600006103515625,298.39999771118164
1762231468182,54.600006103515625,298.39999771118164
1762231468206,55.600006103515625,298.39999771118164
1762231468289,56.600006103515625,298.39999771118164
1762231468306,56.600006103515625,297.39999771118164
1762231468323,56.600006103515625,295.39999771118164
1762231468339,56.600006103515625,293.39999771118164
1762231468356,56.600006103515625,291.39999771118164
1762231468373,56.600006103515625,288.39999771118164
1762231468389,56.600006103515625,287.39999771118164
1762231468406,56.600006103515625,284.39999771118164
1762231468422,56.600006103515625,283.39999771118164
1762231468439,56.600006103515625,280.39999771118164
1762231468456,56.600006103515625,279.39999771118164
1762231468472,55.600006103515625,276.39999771118164
1762231468489,55.600006103515625,275.39999771118164
1762231468506,54.600006103515625,274.39999771118164
1762231468522,54.600006103515625,271.39999771118164
1762231468543,54.600006103515625,271.39999771118164
1762231468556,54.600006103515625,270.39999771118164
1762231468573,52.600006103515625,267.39999771118164
1762231468589,52.600006103515625,267.39999771118164
1762231468606,52.600006103515625,264.39999771118164
1762231468622,52.600006103515625,263.39999771118164
1762231468646,52.600006103515625,262.39999771118164
1762231468712,51.600006103515625,261.39999771118164
1762231468728,50.600006103515625,261.39999771118164
1762231468904,50.600006103515625,261.39999771118164
1762231468922,50.600006103515625,264.39999771118164
1762231468939,50.600006103515625,265.39999771118164
1762231468956,50.600006103515625,267.39999771118164
1762231468972,51.600006103515625,269.39999771118164
1762231468989,51.600006103515625,271.39999771118164
1762231469005,51.600006103515625,272.39999771118164
1762231469022,51.600006103515625,273.39999771118164
1762231469039,51.600006103515625,275.39999771118164
1762231469063,50.600006103515625,275.39999771118164
1762231469105,48.600006103515625,277.39999771118164
1762231469122,48.600006103515625,278.39999771118164
1762231469139,47.600006103515625,278.39999771118164
1762231469167,46.600006103515625,278.39999771118164
1762231469182,45.600006103515625,278.39999771118164
1762231469222,43.600006103515625,275.39999771118164
1762231469238,43.600006103515625,271.39999771118164
1762231469255,43.600006103515625,268.39999771118164
1762231469272,43.600006103515625,267.39999771118164
1762231469288,44.600006103515625,264.39999771118164
1762231469305,45.600006103515625,263.39999771118164
1762231469322,45.600006103515625,261.39999771118164
1762231469338,46.600006103515625,258.39999771118164
1762231469355,46.600006103515625,257.39999771118164
1762231469372,47.600006103515625,255.39999771118164
1762231469388,47.600006103515625,254.39999771118164
1762231469405,47.600006103515625,251.39999771118164
1762231469422,49.600006103515625,250.39999771118164
1762231469438,49.600006103515625,249.39999771118164
1762231469455,50.600006103515625,247.39999771118164
1762231469479,50.600006103515625,246.39999771118164
1762231469488,51.600006103515625,245.39999771118164
1762231469505,51.600006103515625,244.39999771118164
1762231469521,52.600006103515625,242.39999771118164
1762231469728,52.600006103515625,243.39999771118164
1762231469739,51.600006103515625,244.39999771118164
1762231469755,50.600006103515625,246.39999771118164
1762231469771,50.600006103515625,250.39999771118164
1762231469788,49.600006103515625,250.39999771118164
1762231469805,48.600006103515625,252.39999771118164
1762231469821,48.600006103515625,253.39999771118164
1762231469921,47.600006103515625,254.39999771118164
1762231469951,47.600006103515625,254.39999771118164
1762231469971,45.600006103515625,254.39999771118164
1762231469992,45.600006103515625,253.39999771118164
1762231470005,44.600006103515625,252.39999771118164
1762231470021,44.600006103515625,250.39999771118164
1762231470038,44.600006103515625,247.39999771118164
1762231470054,44.600006103515625,246.39999771118164
1762231470071,44.600006103515625,245.39999771118164
1762231470088,42.600006103515625,243.39999771118164
1762231470104,42.600006103515625,242.39999771118164
1762231470121,42.600006103515625,240.39999771118164
1762231470138,42.600006103515625,239.39999771118164
1762231470159,42.600006103515625,238.39999771118164
1762231470288,42.600006103515625,239.39999771118164
1762231470304,40.600006103515625,241.39999771118164
1762231470327,40.600006103515625,243.39999771118164
1762231470354,40.600006103515625,245.39999771118164
1762231470371,40.600006103515625,246.39999771118164
1762231470391,40.600006103515625,248.39999771118164
1762231470407,40.600006103515625,249.39999771118164
1762231470454,40.600006103515625,250.39999771118164
1762231470471,41.600006103515625,251.39999771118164
1762231470487,42.600006103515625,252.39999771118164
1762231470568,43.600006103515625,252.39999771118164
1762231470591,43.600006103515625,253.39999771118164
1762231470607,43.600006103515625,254.39999771118164
1762231470654,43.600006103515625,257.39999771118164
1762231470784,43.600006103515625,256.39999771118164
1762231470804,43.600006103515625,256.39999771118164
1762231470831,43.600006103515625,254.39999771118164
1762231470842,43.600006103515625,253.39999771118164
1762231470870,45.600006103515625,252.39999771118164
1762231470887,45.600006103515625,249.39999771118164
1762231470904,45.600006103515625,248.39999771118164
1762231470920,45.600006103515625,246.39999771118164
1762231470942,45.600006103515625,245.39999771118164
1762231470953,45.600006103515625,245.39999771118164
1762231470970,45.600006103515625,244.39999771118164
1762231470990,45.600006103515625,242.39999771118164
1762231471006,45.600006103515625,241.39999771118164
1762231471054,46.600006103515625,239.39999771118164
1762231471070,47.600006103515625,238.39999771118164
1762231471088,48.600006103515625,238.39999771118164
1762231471104,49.600006103515625,237.39999771118164
1762231471120,50.600006103515625,236.39999771118164
1762231471192,51.600006103515625,236.39999771118164
1762231471208,51.600006103515625,236.39999771118164
1762231471253,53.600006103515625,236.39999771118164
1762231471303,54.600006103515625,237.39999771118164
1762231471320,54.600006103515625,239.39999771118164
1762231471337,54.600006103515625,240.39999771118164
1762231471353,54.600006103515625,240.39999771118164
1762231471370,53.600006103515625,243.39999771118164
1762231471386,52.600006103515625,244.39999771118164
1762231471403,51.600006103515625,244.39999771118164
1762231471422,50.600006103515625,245.39999771118164
1762231471446,50.600006103515625,246.39999771118164
1762231471470,49.600006103515625,246.39999771118164
1762231471520,48.600006103515625,247.39999771118164
1762231471537,48.600006103515625,248.39999771118164
1762231471592,47.600006103515625,249.39999771118164
1762231471607,47.600006103515625,249.39999771118164
1762231471623,46.600006103515625,250.39999771118164
1762231471647,46.600006103515625,251.39999771118164
1762231471670,46.600006103515625,252.39999771118164
1762231471686,46.600006103515625,254.39999771118164
1762231471703,46.600006103515625,256.39999771118164
1762231471719,46.600006103515625,257.39999771118164
1762231471736,46.600006103515625,259.39999771118164
1762231471786,47.600006103515625,261.39999771118164
1762231471856,49.600006103515625,262.39999771118164
1762231471904,49.600006103515625,262.39999771118164
1762231471920,49.600006103515625,263.39999771118164
1762231471943,49.600006103515625,264.39999771118164
1762231471958,49.600006103515625,265.39999771118164
1762231471982,49.600006103515625,267.39999771118164
1762231472002,49.600006103515625,268.39999771118164
1762231472022,49.600006103515625,269.39999771118164
1762231472047,49.600006103515625,270.39999771118164
1762231472079,49.600006103515625,271.39999771118164
1762231472103,50.600006103515625,273.39999771118164
1762231472119,50.600006103515625,273.39999771118164
1762231472136,50.600006103515625,274.39999771118164
1762231472153,50.600006103515625,276.39999771118164
1762231472169,50.600006103515625,276.39999771118164
1762231472190,50.600006103515625,278.39999771118164
1762231472206,50.600006103515625,279.39999771118164
1762231472230,50.600006103515625,280.39999771118164
1762231472238,50.600006103515625,281.39999771118164
1762231472288,50.600006103515625,283.39999771118164
1762231472303,50.600006103515625,283.39999771118164
1762231472319,49.600006103515625,286.39999771118164
1762231472351,49.600006103515625,287.39999771118164
1762231472369,49.600006103515625,288.39999771118164
1762231472386,49.600006103515625,290.39999771118164
1762231472402,49.600006103515625,290.39999771118164
1762231472419,48.600006103515625,292.39999771118164
1762231472436,48.600006103515625,294.39999771118164
1762231472600,48.600006103515625,294.39999771118164
1762231472607,50.600006103515625,292.39999771118164
1762231472619,51.600006103515625,290.39999771118164
1762231472636,59.600006103515625,285.39999771118164
1762231472653,64.60000610351562,280.39999771118164
1762231472670,71.60000610351562,275.39999771118164
1762231472686,77.60000610351562,268.39999771118164
1762231472703,84.60000610351562,264.39999771118164
1762231472719,110.60000610351562,253.39999771118164
1762231472736,115.60000610351562,245.39999771118164
1762231472753,123.60000610351562,236.39999771118164
1762231472769,129.60000610351562,232.39999771118164
1762231472786,136.60000610351562,229.39999771118164
1762231472803,137.60000610351562,229.39999771118164
1762231472896,137.60000610351562,228.39999771118164
1762231472904,137.60000610351562,228.39999771118164
1762231472919,137.60000610351562,224.39999771118164
1762231472936,137.60000610351562,221.39999771118164
1762231472953,137.60000610351562,219.39999771118164
1762231472969,137.60000610351562,218.39999771118164
1762231472986,139.60000610351562,217.39999771118164
1762231473003,144.60000610351562,217.39999771118164
1762231473019,149.60000610351562,217.39999771118164
1762231473036,154.60000610351562,217.39999771118164
1762231473053,159.60000610351562,219.39999771118164
1762231473069,163.60000610351562,221.39999771118164
1762231473086,167.60000610351562,223.39999771118164
1762231473102,168.60000610351562,224.39999771118164
1762231473119,171.60000610351562,225.39999771118164
1762231473240,171.60000610351562,225.39999771118164
1762231473256,171.60000610351562,227.39999771118164
1762231473269,171.60000610351562,227.39999771118164
1762231473286,171.60000610351562,230.39999771118164
1762231473302,171.60000610351562,231.39999771118164
1762231473319,171.60000610351562,233.39999771118164
1762231473336,177.60000610351562,238.39999771118164
1762231473352,179.60000610351562,241.39999771118164
1762231473369,181.60000610351562,242.39999771118164
1762231473386,183.60000610351562,243.39999771118164
1762231473402,186.60000610351562,245.39999771118164
1762231473419,187.60000610351562,245.39999771118164
1762231473560,188.60000610351562,245.39999771118164
1762231473569,189.60000610351562,246.39999771118164
1762231473745,188.60000610351562,247.39999771118164
1762231473767,187.60000610351562,247.39999771118164
1762231473818,187.60000610351562,247.39999771118164
1762231473888,186.60000610351562,247.39999771118164
1762231473968,186.60000610351562,247.39999771118164
1762231474034,185.60000610351562,247.39999771118164
1762231474182,184.60000610351562,248.39999771118164
1762231474201,184.60000610351562,248.39999771118164
1762231474217,183.60000610351562,250.39999771118164
1762231474408,183.60000610351562,251.39999771118164
1762231474816,183.60000610351562,251.39999771118164
1762231474871,182.60000610351562,251.39999771118164
1762231474921,182.60000610351562,252.39999771118164
1762231474938,182.60000610351562,253.39999771118164
1762231474988,181.60000610351562,254.39999771118164
1762231475005,181.60000610351562,254.39999771118164
1762231475055,181.60000610351562,255.39999771118164
1762231475071,181.60000610351562,256.39999771118164
1762231475088,181.60000610351562,257.39999771118164
1762231475104,181.60000610351562,258.39999771118164
1762231475121,181.60000610351562,260.39999771118164
1762231475142,181.60000610351562,260.39999771118164
1762231475166,181.60000610351562,262.39999771118164
1762231475198,181.60000610351562,263.39999771118164
1762231475223,181.60000610351562,263.39999771118164
1762231475238,181.60000610351562,264.39999771118164
1762231475255,181.60000610351562,265.39999771118164
1762231475279,181.60000610351562,265.39999771118164
1762231475289,181.60000610351562,266.39999771118164
1762231475321,181.60000610351562,267.39999771118164
1762231475343,181.60000610351562,268.39999771118164
1762231475367,181.60000610351562,269.39999771118164
1762231475387,181.60000610351562,270.39999771118164
1762231475404,181.60000610351562,271.39999771118164
1762231475431,181.60000610351562,272.39999771118164
1762231475463,181.60000610351562,273.39999771118164
1762231475487,180.60000610351562,275.39999771118164
1762231475519,180.60000610351562,277.39999771118164
1762231475529,180.60000610351562,278.39999771118164
1762231475554,179.60000610351562,279.39999771118164
1762231475571,178.60000610351562,280.39999771118164
1762231475591,178.60000610351562,282.39999771118164
1762231475615,178.60000610351562,282.39999771118164
1762231475639,178.60000610351562,284.39999771118164
1762231475654,178.60000610351562,285.39999771118164
1762231475670,178.60000610351562,286.39999771118164
1762231475687,178.60000610351562,287.39999771118164
1762231475718,178.60000610351562,288.39999771118164
1762231475742,178.60000610351562,289.39999771118164
1762231475758,178.60000610351562,291.39999771118164
1762231475782,178.60000610351562,291.39999771118164
1762231475807,178.60000610351562,293.39999771118164
1762231475822,178.60000610351562,294.39999771118164
1762231475870,178.60000610351562,295.39999771118164
1762231475887,178.60000610351562,296.39999771118164
1762231475911,178.60000610351562,297.39999771118164
1762231475943,178.60000610351562,298.39999771118164
1762231475955,178.60000610351562,298.39999771118164
1762231475987,178.60000610351562,299.39999771118164
1762231476119,178.60000610351562,300.39999771118164
1762231476170,178.60000610351562,301.39999771118164
1762231476231,179.60000610351562,302.39999771118164
1762231476399,180.60000610351562,303.39999771118164
1762231476527,180.60000610351562,303.39999771118164
1762231476559,181.60000610351562,303.39999771118164
1762231476639,181.60000610351562,303.39999771118164
1762231476711,182.60000610351562,303.39999771118164
1762231476736,182.60000610351562,303.39999771118164
1762231476767,184.60000610351562,303.39999771118164
1762231476799,184.60000610351562,303.39999771118164
1762231476820,185.60000610351562,304.39999771118164
1762231476847,186.60000610351562,305.39999771118164
1762231476903,186.60000610351562,305.39999771118164
1762231477031,187.60000610351562,304.39999771118164
1762231477043,188.60000610351562,304.39999771118164
1762231477057,189.60000610351562,303.39999771118164
1762231477069,189.60000610351562,303.39999771118164
1762231477085,190.60000610351562,302.39999771118164
1762231477153,191.60000610351562,301.39999771118164
1762231477175,191.60000610351562,301.39999771118164
1762231477236,192.60000610351562,300.39999771118164
1762231477327,192.60000610351562,300.39999771118164
1762231477407,192.60000610351562,299.39999771118164
1762231477439,192.60000610351562,298.39999771118164
1762231477453,192.60000610351562,298.39999771118164
1762231477470,192.60000610351562,296.39999771118164
1762231477486,192.60000610351562,295.39999771118164
1762231477510,192.60000610351562,294.39999771118164
1762231477534,192.60000610351562,293.39999771118164
1762231477552,192.60000610351562,291.39999771118164
1762231477575,192.60000610351562,291.39999771118164
1762231477607,192.60000610351562,289.39999771118164
1762231477636,192.60000610351562,289.39999771118164
1762231477652,192.60000610351562,287.39999771118164
1762231477669,192.60000610351562,285.39999771118164
1762231477686,192.60000610351562,285.39999771118164
1762231477702,192.60000610351562,284.39999771118164
1762231477719,192.60000610351562,282.39999771118164
1762231477735,192.60000610351562,280.39999771118164
1762231477766,192.60000610351562,279.39999771118164
1762231477785,192.60000610351562,278.39999771118164
1762231477802,192.60000610351562,277.39999771118164
1762231477818,192.60000610351562,275.39999771118164
1762231477835,192.60000610351562,275.39999771118164
1762231477852,192.60000610351562,272.39999771118164
1762231477868,192.60000610351562,271.39999771118164
1762231477885,192.60000610351562,271.39999771118164
1762231477902,192.60000610351562,268.39999771118164
1762231477918,192.60000610351562,267.39999771118164
1762231477935,192.60000610351562,266.39999771118164
1762231477958,192.60000610351562,265.39999771118164
1762231477983,192.60000610351562,264.39999771118164
1762231478007,192.60000610351562,263.39999771118164
1762231478035,192.60000610351562,261.39999771118164
1762231478052,192.60000610351562,261.39999771118164
1762231478069,192.60000610351562,259.39999771118164
1762231478085,192.60000610351562,258.39999771118164
1762231478101,192.60000610351562,256.39999771118164
1762231478133,192.60000610351562,254.39999771118164
1762231478151,192.60000610351562,254.39999771118164
1762231478166,192.60000610351562,252.39999771118164
1762231478191,192.60000610351562,251.39999771118164
1762231478231,192.60000610351562,250.39999771118164
1762231478263,192.60000610351562,250.39999771118164
1762231478295,192.60000610351562,248.39999771118164
1762231478479,191.60000610351562,248.39999771118164
1762231478535,190.60000610351562,250.39999771118164
1762231478551,189.60000610351562,251.39999771118164
1762231478568,188.60000610351562,252.39999771118164
1762231478584,188.60000610351562,254.39999771118164
1762231478601,187.60000610351562,255.39999771118164
1762231478618,187.60000610351562,257.39999771118164
1762231478634,185.60000610351562,259.39999771118164
1762231478651,185.60000610351562,260.39999771118164
1762231478668,185.60000610351562,261.39999771118164
1762231478684,185.60000610351562,262.39999771118164
1762231478701,185.60000610351562,264.39999771118164
1762231478717,186.60000610351562,267.39999771118164
1762231478742,186.60000610351562,268.39999771118164
1762231478751,186.60000610351562,269.39999771118164
1762231478768,186.60000610351562,271.39999771118164
1762231478784,186.60000610351562,272.39999771118164
1762231478801,186.60000610351562,273.39999771118164
1762231478818,186.60000610351562,275.39999771118164
1762231478834,186.60000610351562,276.39999771118164
1762231478851,186.60000610351562,278.39999771118164
1762231478867,186.60000610351562,280.39999771118164
1762231478884,186.60000610351562,281.39999771118164
1762231478901,186.60000610351562,283.39999771118164
1762231478917,186.60000610351562,284.39999771118164
1762231478934,186.60000610351562,286.39999771118164
1762231478952,186.60000610351562,288.39999771118164
1762231478969,186.60000610351562,288.39999771118164
1762231478984,186.60000610351562,290.39999771118164
1762231479001,186.60000610351562,291.39999771118164
1762231479017,186.60000610351562,292.39999771118164
1762231479034,186.60000610351562,293.39999771118164
1762231479051,186.60000610351562,295.39999771118164
1762231479067,186.60000610351562,296.39999771118164
1762231479084,186.60000610351562,297.39999771118164
1762231479101,186.60000610351562,298.39999771118164
1762231479117,186.60000610351562,299.39999771118164
1762231479134,186.60000610351562,300.39999771118164
1762231479150,186.60000610351562,301.39999771118164
1762231479167,185.60000610351562,302.39999771118164
1762231479186,184.60000610351562,303.39999771118164
1762231479254,184.60000610351562,303.39999771118164
1762231479327,183.60000610351562,303.39999771118164
1762231479351,182.60000610351562,303.39999771118164
1762231479368,181.60000610351562,303.39999771118164
1762231479398,180.60000610351562,303.39999771118164
1762231479422,179.60000610351562,303.39999771118164
1762231479479,178.60000610351562,303.39999771118164
1762231479511,177.60000610351562,303.39999771118164
1762231479607,176.60000610351562,303.39999771118164
1762231479634,176.60000610351562,302.39999771118164
1762231479650,176.60000610351562,301.39999771118164
1762231479700,176.60000610351562,301.39999771118164
1762231479717,176.60000610351562,300.39999771118164
1762231479733,176.60000610351562,299.39999771118164
1762231479750,175.60000610351562,299.39999771118164
1762231479767,175.60000610351562,295.39999771118164
1762231479783,175.60000610351562,294.39999771118164
1762231479800,175.60000610351562,292.39999771118164
1762231479817,175.60000610351562,291.39999771118164
1762231479833,175.60000610351562,289.39999771118164
1762231479850,177.60000610351562,287.39999771118164
1762231479867,177.60000610351562,286.39999771118164
1762231479883,178.60000610351562,284.39999771118164
1762231479900,180.60000610351562,282.39999771118164
1762231479916,181.60000610351562,281.39999771118164
1762231479933,181.60000610351562,279.39999771118164
1762231479950,181.60000610351562,277.39999771118164
1762231479966,181.60000610351562,275.39999771118164
1762231479983,181.60000610351562,272.39999771118164
1762231480000,181.60000610351562,271.39999771118164
1762231480016,181.60000610351562,269.39999771118164
1762231480033,181.60000610351562,267.39999771118164
1762231480050,181.60000610351562,265.39999771118164
1762231480066,181.60000610351562,263.39999771118164
1762231480083,181.60000610351562,261.39999771118164
1762231480100,181.60000610351562,260.39999771118164
1762231480116,183.60000610351562,259.39999771118164
1762231480133,183.60000610351562,257.39999771118164
1762231480150,183.60000610351562,255.39999771118164
1762231480166,183.60000610351562,254.39999771118164
1762231480183,183.60000610351562,253.39999771118164
1762231480200,184.60000610351562,251.39999771118164
1762231480250,184.60000610351562,248.39999771118164
1762231480271,185.60000610351562,248.39999771118164
1762231480399,185.60000610351562,248.39999771118164
1762231480416,186.60000610351562,248.39999771118164
1762231480527,187.60000610351562,248.39999771118164
1762231480551,188.60000610351562,248.39999771118164
1762231480623,189.60000610351562,248.39999771118164
1762231480639,190.60000610351562,248.39999771118164
1762231480743,190.60000610351562,251.39999771118164
1762231480847,191.60000610351562,251.39999771118164
1762231480903,191.60000610351562,251.39999771118164
1762231480933,191.60000610351562,252.39999771118164
1762231480951,191.60000610351562,253.39999771118164
1762231480965,191.60000610351562,254.39999771118164
1762231481607,189.60000610351562,255.39999771118164
1762231481615,187.60000610351562,255.39999771118164
1762231481633,174.60000610351562,255.39999771118164
1762231481650,161.60000610351562,255.39999771118164
1762231481666,154.60000610351562,255.39999771118164
1762231481683,147.60000610351562,255.39999771118164
1762231481700,142.60000610351562,255.39999771118164
1762231481716,138.60000610351562,255.39999771118164
1762231481733,130.60000610351562,255.39999771118164
1762231481749,125.60000610351562,255.39999771118164
1762231481766,117.60000610351562,255.39999771118164
1762231481783,113.60000610351562,255.39999771118164
1762231481799,109.60000610351562,255.39999771118164
1762231481816,105.60000610351562,255.39999771118164
1762231481833,101.60000610351562,255.39999771118164
1762231481849,97.60000610351562,255.39999771118164
1762231481866,95.60000610351562,255.39999771118164
1762231481883,93.60000610351562,255.39999771118164
1762231481899,89.60000610351562,255.39999771118164
1762231481916,85.60000610351562,255.39999771118164
1762231481933,83.60000610351562,255.39999771118164
1762231481949,79.60000610351562,255.39999771118164
1762231481966,76.60000610351562,255.39999771118164
1762231481983,73.60000610351562,255.39999771118164
1762231481999,69.60000610351562,255.39999771118164
1762231482016,66.60000610351562,255.39999771118164
1762231482033,63.600006103515625,255.39999771118164
1762231482049,61.600006103515625,255.39999771118164
1762231482066,59.600006103515625,254.39999771118164
1762231482083,58.600006103515625,254.39999771118164
1762231482099,57.600006103515625,254.39999771118164
1762231482115,54.600006103515625,254.39999771118164
1762231482132,52.600006103515625,253.39999771118164
1762231482182,50.600006103515625,252.39999771118164
1762231482207,48.600006103515625,252.39999771118164
1762231482231,47.600006103515625,251.39999771118164
1762231482255,47.600006103515625,250.39999771118164
1762231482265,47.600006103515625,249.39999771118164
1762231482282,47.600006103515625,247.39999771118164
1762231482299,47.600006103515625,245.39999771118164
1762231482315,47.600006103515625,242.39999771118164
1762231482365,47.600006103515625,240.39999771118164
1762231482391,48.600006103515625,239.39999771118164
1762231482439,49.600006103515625,238.39999771118164
1762231482471,49.600006103515625,238.39999771118164
1762231482498,50.600006103515625,237.39999771118164
1762231482598,50.600006103515625,236.39999771118164
1762231482611,51.600006103515625,236.39999771118164
1762231482637,53.600006103515625,236.39999771118164
1762231482686,54.600006103515625,236.39999771118164
1762231482695,55.600006103515625,237.39999771118164
1762231482734,56.600006103515625,238.39999771118164
1762231482823,56.600006103515625,239.39999771118164
1762231482838,56.600006103515625,240.39999771118164
1762231482855,56.600006103515625,242.39999771118164
1762231482878,56.600006103515625,242.39999771118164
1762231482895,55.600006103515625,243.39999771118164
1762231482911,55.600006103515625,244.39999771118164
1762231482928,55.600006103515625,245.39999771118164
1762231482949,55.600006103515625,245.39999771118164
1762231482961,55.600006103515625,246.39999771118164
1762231482978,54.600006103515625,247.39999771118164
1762231483028,54.600006103515625,248.39999771118164
1762231483046,54.600006103515625,249.39999771118164
1762231483062,54.600006103515625,250.39999771118164
1762231483094,54.600006103515625,251.39999771118164
1762231483111,54.600006103515625,252.39999771118164
1762231483128,54.600006103515625,253.39999771118164
1762231483149,54.600006103515625,255.39999771118164
1762231483165,54.600006103515625,256.39999771118164
1762231483178,54.600006103515625,257.39999771118164
1762231483194,54.600006103515625,258.39999771118164
1762231483211,54.600006103515625,260.39999771118164
1762231483228,54.600006103515625,260.39999771118164
1762231483244,53.600006103515625,263.39999771118164
1762231483261,52.600006103515625,264.39999771118164
1762231483277,52.600006103515625,265.39999771118164
1762231483294,52.600006103515625,267.39999771118164
1762231483311,52.600006103515625,267.39999771118164
1762231483327,51.600006103515625,270.39999771118164
1762231483345,50.600006103515625,271.39999771118164
1762231483361,49.600006103515625,272.39999771118164
1762231483383,48.600006103515625,273.39999771118164
1762231483402,47.600006103515625,275.39999771118164
1762231483411,47.600006103515625,276.39999771118164
1762231483427,46.600006103515625,278.39999771118164
1762231483444,44.600006103515625,279.39999771118164
1762231483461,43.600006103515625,281.39999771118164
1762231483477,42.600006103515625,284.39999771118164
1762231483511,42.600006103515625,286.39999771118164
1762231483527,40.600006103515625,287.39999771118164
1762231483544,40.600006103515625,288.39999771118164
1762231483561,40.600006103515625,289.39999771118164
1762231483577,40.600006103515625,291.39999771118164
1762231483594,40.600006103515625,291.39999771118164
1762231483611,40.600006103515625,293.39999771118164
1762231483627,40.600006103515625,294.39999771118164
1762231483644,40.600006103515625,295.39999771118164
1762231483660,40.600006103515625,296.39999771118164
1762231483677,40.600006103515625,298.39999771118164
1762231483694,38.600006103515625,300.39999771118164
1762231483717,37.600006103515625,301.39999771118164
1762231483741,37.600006103515625,302.39999771118164
1762231483794,37.600006103515625,303.39999771118164
1762231483827,37.600006103515625,304.39999771118164
1762231483846,37.600006103515625,305.39999771118164
1762231483927,38.600006103515625,305.39999771118164
1762231483966,39.600006103515625,306.39999771118164
1762231483981,40.600006103515625,307.39999771118164
1762231484010,41.600006103515625,307.39999771118164
1762231484029,42.600006103515625,307.39999771118164
1762231484053,42.600006103515625,307.39999771118164
1762231484077,44.600006103515625,307.39999771118164
1762231484093,45.600006103515625,307.39999771118164
1762231484110,45.600006103515625,307.39999771118164
1762231484127,46.600006103515625,307.39999771118164
1762231484149,47.600006103515625,307.39999771118164
1762231484160,48.600006103515625,307.39999771118164
1762231484231,48.600006103515625,307.39999771118164
1762231484260,49.600006103515625,307.39999771118164
1762231484277,50.600006103515625,306.39999771118164
1762231484310,51.600006103515625,305.39999771118164
1762231484360,52.600006103515625,304.39999771118164
1762231484393,52.600006103515625,303.39999771118164
1762231484410,52.600006103515625,303.39999771118164
1762231484427,52.600006103515625,301.39999771118164
1762231484443,53.600006103515625,300.39999771118164
1762231484460,53.600006103515625,299.39999771118164
1762231484493,53.600006103515625,298.39999771118164
1762231484510,54.600006103515625,297.39999771118164
1762231484526,55.600006103515625,297.39999771118164
1762231484543,55.600006103515625,296.39999771118164
1762231484743,55.600006103515625,297.39999771118164
1762231484777,55.600006103515625,297.39999771118164
1762231484810,55.600006103515625,298.39999771118164
1762231484827,54.600006103515625,299.39999771118164
1762231484843,53.600006103515625,300.39999771118164
1762231484876,52.600006103515625,301.39999771118164
1762231484893,51.600006103515625,301.39999771118164
1762231484943,49.600006103515625,301.39999771118164
1762231484976,48.600006103515625,302.39999771118164
1762231485013,47.600006103515625,302.39999771118164
1762231485060,46.600006103515625,302.39999771118164
1762231485093,45.600006103515625,302.39999771118164
1762231485109,43.600006103515625,302.39999771118164
1762231485143,41.600006103515625,301.39999771118164
1762231485159,39.600006103515625,301.39999771118164
1762231485181,39.600006103515625,299.39999771118164
1762231485226,38.600006103515625,298.39999771118164
1762231485259,36.600006103515625,297.39999771118164
1762231485277,36.600006103515625,294.39999771118164
1762231485294,36.600006103515625,293.39999771118164
1762231485309,35.600006103515625,290.39999771118164
1762231485342,35.600006103515625,288.39999771118164
1762231485359,35.600006103515625,287.39999771118164
1762231485376,35.600006103515625,286.39999771118164
1762231485392,35.600006103515625,285.39999771118164
1762231485409,35.600006103515625,283.39999771118164
1762231485426,35.600006103515625,283.39999771118164
1762231485442,35.600006103515625,281.39999771118164
1762231485459,35.600006103515625,280.39999771118164
1762231485476,36.600006103515625,279.39999771118164
1762231485492,36.600006103515625,278.39999771118164
1762231485509,37.600006103515625,277.39999771118164
1762231485525,38.600006103515625,276.39999771118164
1762231485542,38.600006103515625,276.39999771118164
1762231485559,40.600006103515625,274.39999771118164
1762231485575,40.600006103515625,273.39999771118164
1762231485592,40.600006103515625,272.39999771118164
1762231485609,40.600006103515625,271.39999771118164
1762231485625,40.600006103515625,270.39999771118164
1762231485642,41.600006103515625,269.39999771118164
1762231485661,42.600006103515625,268.39999771118164
1762231485709,43.600006103515625,267.39999771118164
1762231485726,43.600006103515625,267.39999771118164
1762231485759,44.600006103515625,265.39999771118164
1762231485809,44.600006103515625,265.39999771118164
1762231485838,44.600006103515625,263.39999771118164
1762231485991,46.600006103515625,265.39999771118164
1762231485998,48.600006103515625,268.39999771118164
1762231486009,51.600006103515625,273.39999771118164
1762231486027,71.60000610351562,292.39999771118164
1762231486043,93.60000610351562,309.39999771118164
1762231486060,113.60000610351562,324.39999771118164
1762231486077,124.60000610351562,332.39999771118164
1762231486093,128.60000610351562,336.39999771118164
1762231486110,137.60000610351562,342.39999771118164
1762231486127,153.60000610351562,351.39999771118164
1762231486143,180.60000610351562,360.39999771118164
1762231486160,192.60000610351562,364.39999771118164
1762231486177,197.60000610351562,364.39999771118164
1762231486200,198.60000610351562,364.39999771118164
1762231486336,198.60000610351562,363.39999771118164
1762231486377,197.60000610351562,360.39999771118164
1762231486393,196.60000610351562,354.39999771118164
1762231486410,194.60000610351562,352.39999771118164
1762231486426,192.60000610351562,350.39999771118164
1762231486443,192.60000610351562,345.39999771118164
1762231486460,190.60000610351562,343.39999771118164
1762231486476,189.60000610351562,342.39999771118164
1762231486493,189.60000610351562,340.39999771118164
1762231486510,188.60000610351562,338.39999771118164
1762231486526,187.60000610351562,338.39999771118164
1762231486543,185.60000610351562,334.39999771118164
1762231486593,184.60000610351562,333.39999771118164
1762231486936,183.60000610351562,333.39999771118164
1762231486976,182.60000610351562,336.39999771118164
1762231486993,181.60000610351562,338.39999771118164
1762231487008,180.60000610351562,342.39999771118164
1762231487025,178.60000610351562,345.39999771118164
1762231487043,177.60000610351562,346.39999771118164
1762231487059,176.60000610351562,352.39999771118164
1762231487076,173.60000610351562,356.39999771118164
1762231487093,168.60000610351562,361.39999771118164
1762231487109,166.60000610351562,365.39999771118164
1762231487126,162.60000610351562,369.39999771118164
1762231487143,158.60000610351562,373.39999771118164
1762231487159,157.60000610351562,376.39999771118164
1762231487176,157.60000610351562,378.39999771118164
1762231487193,157.60000610351562,381.39999771118164
1762231487209,157.60000610351562,381.39999771118164
1762231487226,157.60000610351562,384.39999771118164
1762231487242,158.60000610351562,385.39999771118164
1762231487259,160.60000610351562,386.39999771118164
1762231487276,162.60000610351562,386.39999771118164
1762231487292,166.60000610351562,384.39999771118164
1762231487309,168.60000610351562,379.39999771118164
1762231487326,168.60000610351562,377.39999771118164
1762231487342,168.60000610351562,374.39999771118164
1762231487359,169.60000610351562,373.39999771118164
1762231487376,170.60000610351562,372.39999771118164
1762231487426,168.60000610351562,371.39999771118164
1762231487442,165.60000610351562,371.39999771118164
1762231487459,163.60000610351562,371.39999771118164
1762231487476,157.60000610351562,373.39999771118164
1762231487492,152.60000610351562,377.39999771118164
1762231487509,147.60000610351562,383.39999771118164
1762231487526,142.60000610351562,390.39999771118164
1762231487542,139.60000610351562,396.39999771118164
1762231487559,138.60000610351562,406.39999771118164
1762231487575,136.60000610351562,411.39999771118164
1762231487592,134.60000610351562,417.39999771118164
1762231487609,133.60000610351562,421.39999771118164
1762231487625,131.60000610351562,426.39999771118164
1762231487642,130.60000610351562,429.39999771118164
1762231487659,129.60000610351562,433.39999771118164
1762231487675,128.60000610351562,436.39999771118164
1762231487692,126.60000610351562,441.39999771118164
1762231487709,126.60000610351562,445.39999771118164
1762231487726,123.60000610351562,448.39999771118164
1762231487742,122.60000610351562,450.39999771118164
1762231487759,120.60000610351562,452.39999771118164
1762231487775,117.60000610351562,454.39999771118164
1762231487792,114.60000610351562,456.39999771118164
1762231487808,110.60000610351562,458.39999771118164
1762231487825,109.60000610351562,459.39999771118164
1762231487842,106.60000610351562,460.39999771118164
1762231487859,105.60000610351562,461.39999771118164
1762231487875,103.60000610351562,463.39999771118164
1762231487892,101.60000610351562,464.39999771118164
1762231487908,100.60000610351562,464.39999771118164
1762231487925,99.60000610351562,464.39999771118164
1762231488040,98.60000610351562,464.39999771118164
1762231488092,97.60000610351562,464.39999771118164
1762231488108,96.60000610351562,464.39999771118164
1762231488125,96.60000610351562,463.39999771118164
1762231488143,96.60000610351562,461.39999771118164
1762231488158,96.60000610351562,461.39999771118164
1762231488175,96.60000610351562,457.39999771118164
1762231488192,96.60000610351562,453.39999771118164
1762231488208,96.60000610351562,451.39999771118164
1762231488225,96.60000610351562,447.39999771118164
1762231488242,96.60000610351562,444.39999771118164
1762231488258,96.60000610351562,440.39999771118164
1762231488275,96.60000610351562,435.39999771118164
1762231488291,97.60000610351562,433.39999771118164
1762231488308,98.60000610351562,429.39999771118164
1762231488325,99.60000610351562,427.39999771118164
1762231488342,99.60000610351562,422.39999771118164
1762231488358,100.60000610351562,420.39999771118164
1762231488375,100.60000610351562,417.39999771118164
1762231488392,100.60000610351562,413.39999771118164
1762231488408,100.60000610351562,411.39999771118164
1762231488425,100.60000610351562,408.39999771118164
1762231488441,100.60000610351562,406.39999771118164
1762231488458,100.60000610351562,404.39999771118164
1762231488475,100.60000610351562,401.39999771118164
1762231488491,100.60000610351562,398.39999771118164
1762231488508,100.60000610351562,396.39999771118164
1762231488525,100.60000610351562,392.39999771118164
1762231488541,100.60000610351562,389.39999771118164
1762231488558,100.60000610351562,386.39999771118164
1762231488574,100.60000610351562,382.39999771118164
1762231488591,100.60000610351562,379.39999771118164
1762231488608,100.60000610351562,375.39999771118164
1762231488624,100.60000610351562,373.39999771118164
1762231488641,100.60000610351562,369.39999771118164
1762231488658,100.60000610351562,367.39999771118164
1762231488674,99.60000610351562,365.39999771118164
1762231488691,98.60000610351562,361.39999771118164
1762231488708,96.60000610351562,358.39999771118164
1762231488724,96.60000610351562,357.39999771118164
1762231488741,96.60000610351562,355.39999771118164
1762231488759,96.60000610351562,353.39999771118164
1762231488774,96.60000610351562,353.39999771118164
1762231488791,95.60000610351562,350.39999771118164
1762231488808,94.60000610351562,349.39999771118164
1762231488904,93.60000610351562,349.39999771118164
1762231489040,93.60000610351562,349.39999771118164
1762231489055,94.60000610351562,348.39999771118164
1762231489063,96.60000610351562,346.39999771118164
1762231489074,96.60000610351562,346.39999771118164
1762231489091,100.60000610351562,344.39999771118164
1762231489107,106.60000610351562,343.39999771118164
1762231489124,113.60000610351562,341.39999771118164
1762231489141,123.60000610351562,340.39999771118164
1762231489158,133.60000610351562,340.39999771118164
1762231489173,146.60000610351562,338.39999771118164
1762231489190,161.60000610351562,335.39999771118164
1762231489206,168.60000610351562,332.39999771118164
1762231489223,174.60000610351562,331.39999771118164
1762231489240,181.60000610351562,329.39999771118164
1762231489256,188.60000610351562,326.39999771118164
1762231489273,192.60000610351562,325.39999771118164
1762231489290,194.60000610351562,322.39999771118164
1762231489307,198.60000610351562,321.39999771118164
1762231489324,200.60000610351562,321.39999771118164
1762231489341,206.60000610351562,321.39999771118164
1762231489358,213.60000610351562,321.39999771118164
1762231489374,217.60000610351562,322.39999771118164
1762231489391,224.60000610351562,325.39999771118164
1762231489408,225.60000610351562,327.39999771118164
1762231489424,227.60000610351562,329.39999771118164
1762231489441,227.60000610351562,329.39999771118164
1762231489608,227.60000610351562,330.39999771118164
1762231489624,224.60000610351562,330.39999771118164
1762231489641,224.60000610351562,330.39999771118164
1762231489657,224.60000610351562,331.39999771118164
1762231489674,223.60000610351562,331.39999771118164
1762231489691,221.60000610351562,331.39999771118164
1762231489707,218.60000610351562,331.39999771118164
1762231489724,216.60000610351562,331.39999771118164
1762231489741,215.60000610351562,331.39999771118164
1762231489759,213.60000610351562,331.39999771118164
1762231489774,213.60000610351562,331.39999771118164
1762231489800,212.60000610351562,331.39999771118164
1762231489824,211.60000610351562,331.39999771118164
1762231489831,210.60000610351562,331.39999771118164
1762231489841,208.60000610351562,331.39999771118164
1762231489872,206.60000610351562,331.39999771118164
1762231489879,206.60000610351562,331.39999771118164
1762231489891,205.60000610351562,331.39999771118164
1762231489907,203.60000610351562,331.39999771118164
1762231489923,202.60000610351562,331.39999771118164
1762231489940,199.60000610351562,331.39999771118164
1762231489957,199.60000610351562,331.39999771118164
1762231489973,197.60000610351562,331.39999771118164
1762231490023,196.60000610351562,331.39999771118164
1762231490040,195.60000610351562,331.39999771118164
1762231490057,194.60000610351562,331.39999771118164
1762231490073,192.60000610351562,332.39999771118164
1762231490090,189.60000610351562,332.39999771118164
1762231490152,180.60000610351562,335.39999771118164
1762231490157,178.60000610351562,335.39999771118164
1762231490172,177.60000610351562,335.39999771118164
1762231490189,173.60000610351562,336.39999771118164
1762231490206,168.60000610351562,336.39999771118164
1762231490223,166.60000610351562,337.39999771118164
1762231490240,164.60000610351562,337.39999771118164
1762231490256,163.60000610351562,337.39999771118164
1762231490273,160.60000610351562,337.39999771118164
1762231490290,158.60000610351562,337.39999771118164
1762231490306,156.60000610351562,337.39999771118164
1762231490323,154.60000610351562,337.39999771118164
1762231490340,152.60000610351562,336.39999771118164
1762231490356,149.60000610351562,336.39999771118164
1762231490373,147.60000610351562,336.39999771118164
1762231490390,144.60000610351562,336.39999771118164
1762231490406,141.60000610351562,336.39999771118164
1762231490423,139.60000610351562,336.39999771118164
1762231490440,137.60000610351562,336.39999771118164
1762231490463,136.60000610351562,336.39999771118164
1762231490487,135.60000610351562,336.39999771118164
1762231490503,134.60000610351562,336.39999771118164
1762231490540,133.60000610351562,335.39999771118164
1762231490559,133.60000610351562,334.39999771118164
1762231491744,132.60000610351562,335.39999771118164
1762231491755,131.60000610351562,336.39999771118164
1762231491771,129.60000610351562,337.39999771118164
1762231491789,124.60000610351562,338.39999771118164
1762231491805,121.60000610351562,339.39999771118164
1762231491822,119.60000610351562,341.39999771118164
1762231491838,118.60000610351562,341.39999771118164
1762231491888,117.60000610351562,341.39999771118164
1762231491905,116.60000610351562,341.39999771118164
1762231491921,115.60000610351562,341.39999771118164
1762231491938,113.60000610351562,341.39999771118164
1762231491955,111.60000610351562,341.39999771118164
1762231491972,109.60000610351562,341.39999771118164
1762231491988,107.60000610351562,341.39999771118164
1762231492005,103.60000610351562,344.39999771118164
1762231492022,101.60000610351562,345.39999771118164
1762231492038,99.60000610351562,348.39999771118164
1762231492055,95.60000610351562,352.39999771118164
1762231492072,94.60000610351562,353.39999771118164
1762231492088,92.60000610351562,356.39999771118164
1762231492105,91.60000610351562,359.39999771118164
1762231492121,90.60000610351562,361.39999771118164
1762231492138,90.60000610351562,362.39999771118164
1762231492155,90.60000610351562,365.39999771118164
1762231492172,89.60000610351562,365.39999771118164
1762231492188,89.60000610351562,366.39999771118164
1762231492304,89.60000610351562,367.39999771118164
1762231492311,88.60000610351562,367.39999771118164
1762231492321,87.60000610351562,368.39999771118164
1762231492338,87.60000610351562,369.39999771118164
1762231492355,85.60000610351562,371.39999771118164
1762231492371,85.60000610351562,373.39999771118164
1762231492388,85.60000610351562,375.39999771118164
1762231492405,85.60000610351562,378.39999771118164
1762231492421,85.60000610351562,381.39999771118164
1762231492438,85.60000610351562,383.39999771118164
1762231492454,85.60000610351562,387.39999771118164
1762231492471,85.60000610351562,391.39999771118164
1762231492488,84.60000610351562,392.39999771118164
1762231492505,84.60000610351562,394.39999771118164
1762231492521,84.60000610351562,395.39999771118164
1762231492538,84.60000610351562,397.39999771118164
1762231492554,84.60000610351562,398.39999771118164
1762231492571,84.60000610351562,399.39999771118164
1762231492588,83.60000610351562,401.39999771118164
1762231492604,83.60000610351562,402.39999771118164
1762231492621,83.60000610351562,403.39999771118164
1762231492637,83.60000610351562,405.39999771118164
1762231492654,79.60000610351562,409.39999771118164
1762231492671,77.60000610351562,412.39999771118164
1762231492688,75.60000610351562,415.39999771118164
1762231492704,73.60000610351562,419.39999771118164
1762231492721,71.60000610351562,422.39999771118164
1762231492737,70.60000610351562,423.39999771118164
1762231492754,71.60000610351562,426.39999771118164
1762231492771,73.60000610351562,426.39999771118164
1762231492788,77.60000610351562,426.39999771118164
1762231492804,85.60000610351562,423.39999771118164
1762231492821,93.60000610351562,420.39999771118164
1762231492871,95.60000610351562,414.39999771118164
1762231492921,95.60000610351562,411.39999771118164
1762231492937,95.60000610351562,407.39999771118164
1762231492954,97.60000610351562,406.39999771118164
1762231492971,97.60000610351562,405.39999771118164
1762231492987,97.60000610351562,404.39999771118164
1762231493015,97.60000610351562,403.39999771118164
1762231493023,95.60000610351562,401.39999771118164
1762231493039,95.60000610351562,400.39999771118164
1762231493063,94.60000610351562,400.39999771118164
1762231493143,94.60000610351562,399.39999771118164
1762231493167,92.60000610351562,397.39999771118164
1762231493175,92.60000610351562,395.39999771118164
1762231493187,92.60000610351562,394.39999771118164
1762231493204,90.60000610351562,389.39999771118164
1762231493221,86.60000610351562,382.39999771118164
1762231493237,85.60000610351562,377.39999771118164
1762231493254,81.60000610351562,372.39999771118164
1762231493271,78.60000610351562,362.39999771118164
1762231493287,78.60000610351562,357.39999771118164
1762231493304,77.60000610351562,351.39999771118164
1762231493321,77.60000610351562,346.39999771118164
1762231493337,76.60000610351562,341.39999771118164
1762231493354,76.60000610351562,339.39999771118164
1762231493370,74.60000610351562,335.39999771118164
1762231493387,74.60000610351562,334.39999771118164
1762231493404,74.60000610351562,332.39999771118164
1762231493420,74.60000610351562,332.39999771118164
1762231493623,74.60000610351562,331.39999771118164
1762231493670,74.60000610351562,332.39999771118164
1762231493687,74.60000610351562,333.39999771118164
1762231493839,74.60000610351562,332.39999771118164
1762231493852,74.60000610351562,332.39999771118164
1762231493869,72.60000610351562,328.39999771118164
1762231493886,71.60000610351562,323.39999771118164
1762231493903,71.60000610351562,322.39999771118164
1762231493920,71.60000610351562,320.39999771118164
1762231493936,71.60000610351562,318.39999771118164
1762231493953,71.60000610351562,316.39999771118164
1762231493970,71.60000610351562,315.39999771118164
1762231493986,71.60000610351562,313.39999771118164
1762231494003,71.60000610351562,312.39999771118164
1762231494020,71.60000610351562,311.39999771118164
1762231494037,72.60000610351562,309.39999771118164
1762231494053,72.60000610351562,308.39999771118164
1762231494070,73.60000610351562,308.39999771118164
1762231494381,73.60000610351562,309.39999771118164
1762231494401,73.60000610351562,309.39999771118164
1762231494423,73.60000610351562,311.39999771118164
1762231494439,73.60000610351562,312.39999771118164
1762231494468,73.60000610351562,313.39999771118164
1762231494638,72.60000610351562,313.39999771118164
1762231494677,71.60000610351562,313.39999771118164
1762231494709,71.60000610351562,313.39999771118164
1762231494740,69.60000610351562,313.39999771118164
1762231494822,69.60000610351562,312.39999771118164
1762231494856,71.60000610351562,310.39999771118164
1762231494918,72.60000610351562,310.39999771118164
1762231494942,73.60000610351562,310.39999771118164
1762231494961,74.60000610351562,310.39999771118164
1762231494996,75.60000610351562,310.39999771118164
1762231495022,76.60000610351562,310.39999771118164
1762231495045,77.60000610351562,310.39999771118164
1762231495089,78.60000610351562,310.39999771118164
1762231495107,79.60000610351562,310.39999771118164
1762231495126,80.60000610351562,311.39999771118164
1762231495144,80.60000610351562,311.39999771118164
1762231495155,81.60000610351562,311.39999771118164
1762231495189,83.60000610351562,311.39999771118164
1762231495205,83.60000610351562,311.39999771118164
1762231495222,84.60000610351562,311.39999771118164
1762231495239,85.60000610351562,311.39999771118164
1762231495255,86.60000610351562,310.39999771118164
1762231495306,86.60000610351562,310.39999771118164
1762231495326,87.60000610351562,310.39999771118164
1762231495343,88.60000610351562,310.39999771118164
1762231495372,89.60000610351562,310.39999771118164
1762231495388,90.60000610351562,310.39999771118164
1762231495405,91.60000610351562,309.39999771118164
1762231495436,92.60000610351562,309.39999771118164
1762231495460,94.60000610351562,309.39999771118164
1762231495493,94.60000610351562,309.39999771118164
1762231495525,95.60000610351562,309.39999771118164
1762231495555,96.60000610351562,309.39999771118164
1762231495589,98.60000610351562,309.39999771118164
1762231495606,98.60000610351562,309.39999771118164
1762231495655,99.60000610351562,309.39999771118164
1762231495676,100.60000610351562,309.39999771118164
1762231495742,101.60000610351562,309.39999771118164
1762231495772,101.60000610351562,309.39999771118164
1762231495791,102.60000610351562,310.39999771118164
1762231495805,102.60000610351562,310.39999771118164
1762231495821,102.60000610351562,311.39999771118164
1762231495838,102.60000610351562,313.39999771118164
1762231495871,102.60000610351562,315.39999771118164
1762231495888,102.60000610351562,317.39999771118164
1762231495908,102.60000610351562,318.39999771118164
1762231495924,102.60000610351562,320.39999771118164
1762231495982,102.60000610351562,320.39999771118164
1762231496174,103.60000610351562,320.39999771118164
1762231496193,103.60000610351562,319.39999771118164
1762231496212,104.60000610351562,316.39999771118164
1762231496222,105.60000610351562,314.39999771118164
1762231496238,106.60000610351562,312.39999771118164
1762231496254,106.60000610351562,312.39999771118164
1762231496271,106.60000610351562,311.39999771118164
1762231496288,107.60000610351562,310.39999771118164
1762231496304,107.60000610351562,309.39999771118164
1762231496414,108.60000610351562,309.39999771118164
1762231496478,108.60000610351562,309.39999771118164
1762231496498,109.60000610351562,309.39999771118164
1762231496566,108.60000610351562,309.39999771118164
1762231496590,108.60000610351562,309.39999771118164
1762231496636,107.60000610351562,309.39999771118164
1762231496661,106.60000610351562,309.39999771118164
1762231496682,105.60000610351562,309.39999771118164
1762231496696,103.60000610351562,309.39999771118164
1762231496721,101.60000610351562,309.39999771118164
1762231496771,100.60000610351562,309.39999771118164
1762231496787,99.60000610351562,309.39999771118164
1762231496804,98.60000610351562,309.39999771118164
1762231496828,97.60000610351562,309.39999771118164
1762231496837,96.60000610351562,308.39999771118164
1762231496854,95.60000610351562,307.39999771118164
1762231496871,94.60000610351562,307.39999771118164
1762231496888,93.60000610351562,307.39999771118164
1762231496904,92.60000610351562,307.39999771118164
1762231496920,90.60000610351562,306.39999771118164
1762231496937,89.60000610351562,306.39999771118164
1762231496954,88.60000610351562,305.39999771118164
1762231496970,87.60000610351562,304.39999771118164
1762231496988,86.60000610351562,304.39999771118164
1762231497004,86.60000610351562,303.39999771118164
1762231497102,85.60000610351562,304.39999771118164
1762231497121,84.60000610351562,306.39999771118164
1762231497142,83.60000610351562,308.39999771118164
1762231497154,83.60000610351562,310.39999771118164
1762231497170,83.60000610351562,312.39999771118164
1762231497187,82.60000610351562,313.39999771118164
1762231497220,81.60000610351562,314.39999771118164
1762231497244,81.60000610351562,315.39999771118164
1762231497260,80.60000610351562,316.39999771118164
1762231497276,79.60000610351562,316.39999771118164
1762231497292,79.60000610351562,317.39999771118164
1762231497303,78.60000610351562,317.39999771118164
1762231497358,77.60000610351562,317.39999771118164
1762231497391,76.60000610351562,317.39999771118164
1762231497429,75.60000610351562,317.39999771118164
1762231497574,75.60000610351562,317.39999771118164
1762231497594,76.60000610351562,319.39999771118164
1762231497614,78.60000610351562,323.39999771118164
1762231497637,78.60000610351562,323.39999771118164
1762231497653,78.60000610351562,325.39999771118164
1762231497670,80.60000610351562,327.39999771118164
1762231497687,80.60000610351562,327.39999771118164
1762231497781,79.60000610351562,328.39999771118164
1762231497801,79.60000610351562,328.39999771118164
1762231497821,77.60000610351562,326.39999771118164
1762231497836,77.60000610351562,325.39999771118164
1762231497853,77.60000610351562,323.39999771118164
1762231497870,77.60000610351562,321.39999771118164
1762231497886,77.60000610351562,320.39999771118164
1762231497903,77.60000610351562,318.39999771118164
1762231497920,77.60000610351562,316.39999771118164
1762231497936,77.60000610351562,315.39999771118164
1762231498006,77.60000610351562,315.39999771118164
1762231498053,77.60000610351562,315.39999771118164
1762231498073,78.60000610351562,315.39999771118164
1762231498086,78.60000610351562,317.39999771118164
1762231498103,78.60000610351562,319.39999771118164
1762231498119,78.60000610351562,322.39999771118164
1762231498136,78.60000610351562,324.39999771118164
1762231498153,78.60000610351562,325.39999771118164
1762231498169,78.60000610351562,327.39999771118164
1762231498186,78.60000610351562,329.39999771118164
1762231498203,78.60000610351562,331.39999771118164
1762231498219,78.60000610351562,332.39999771118164
1762231498236,78.60000610351562,334.39999771118164
1762231498269,78.60000610351562,334.39999771118164
1762231498405,78.60000610351562,334.39999771118164
1762231498426,78.60000610351562,331.39999771118164
1762231498443,78.60000610351562,328.39999771118164
1762231498453,78.60000610351562,325.39999771118164
1762231498469,78.60000610351562,323.39999771118164
1762231498486,78.60000610351562,321.39999771118164
1762231498502,78.60000610351562,318.39999771118164
1762231498536,78.60000610351562,317.39999771118164
1762231498646,78.60000610351562,318.39999771118164
1762231498667,78.60000610351562,322.39999771118164
1762231498687,79.60000610351562,326.39999771118164
1762231498702,79.60000610351562,328.39999771118164
1762231498719,79.60000610351562,329.39999771118164
1762231498736,81.60000610351562,332.39999771118164
1762231498770,81.60000610351562,333.39999771118164
1762231498894,81.60000610351562,332.39999771118164
1762231498921,83.60000610351562,325.39999771118164
1762231498936,84.60000610351562,322.39999771118164
1762231498952,85.60000610351562,318.39999771118164
1762231498969,85.60000610351562,317.39999771118164
1762231498985,85.60000610351562,316.39999771118164
1762231499052,85.60000610351562,315.39999771118164
1762231499086,86.60000610351562,314.39999771118164
1762231499107,86.60000610351562,318.39999771118164
1762231499119,86.60000610351562,322.39999771118164
1762231499135,86.60000610351562,322.39999771118164
1762231499152,86.60000610351562,325.39999771118164
1762231499168,86.60000610351562,327.39999771118164
1762231499185,86.60000610351562,329.39999771118164
1762231499202,86.60000610351562,331.39999771118164
1762231499235,88.60000610351562,334.39999771118164
1762231499350,88.60000610351562,333.39999771118164
1762231499371,87.60000610351562,331.39999771118164
1762231499391,87.60000610351562,328.39999771118164
1762231499402,87.60000610351562,327.39999771118164
1762231499418,87.60000610351562,323.39999771118164
1762231499435,87.60000610351562,321.39999771118164
1762231499452,87.60000610351562,319.39999771118164
1762231499468,88.60000610351562,318.39999771118164
1762231499605,89.60000610351562,319.39999771118164
1762231499627,89.60000610351562,321.39999771118164
1762231499645,89.60000610351562,323.39999771118164
1762231499654,89.60000610351562,326.39999771118164
1762231499668,89.60000610351562,328.39999771118164
1762231499685,90.60000610351562,330.39999771118164
1762231499718,90.60000610351562,332.39999771118164
1762231499854,90.60000610351562,331.39999771118164
1762231499877,91.60000610351562,328.39999771118164
1762231499895,91.60000610351562,324.39999771118164
1762231499904,91.60000610351562,324.39999771118164
1762231499918,92.60000610351562,322.39999771118164
1762231500038,92.60000610351562,323.39999771118164
1762231500060,92.60000610351562,326.39999771118164
1762231500078,92.60000610351562,331.39999771118164
1762231500089,92.60000610351562,332.39999771118164
1762231500101,92.60000610351562,335.39999771118164
1762231500118,93.60000610351562,336.39999771118164
1762231500134,94.60000610351562,337.39999771118164
1762231500229,94.60000610351562,336.39999771118164
1762231500252,94.60000610351562,333.39999771118164
1762231500272,95.60000610351562,327.39999771118164
1762231500301,96.60000610351562,327.39999771118164
1762231500318,97.60000610351562,324.39999771118164
1762231500334,97.60000610351562,324.39999771118164
1762231500351,97.60000610351562,322.39999771118164
1762231500469,97.60000610351562,323.39999771118164
1762231500491,98.60000610351562,327.39999771118164
1762231500511,99.60000610351562,330.39999771118164
1762231500522,99.60000610351562,332.39999771118164
1762231500534,99.60000610351562,334.39999771118164
1762231500551,99.60000610351562,335.39999771118164
1762231500567,100.60000610351562,338.39999771118164
1762231500584,101.60000610351562,338.39999771118164
1762231500701,102.60000610351562,335.39999771118164
1762231500723,102.60000610351562,328.39999771118164
1762231500742,103.60000610351562,321.39999771118164
1762231500753,104.60000610351562,320.39999771118164
1762231500767,104.60000610351562,319.39999771118164
1762231500784,104.60000610351562,318.39999771118164
1762231500885,104.60000610351562,319.39999771118164
1762231500909,106.60000610351562,324.39999771118164
1762231500928,106.60000610351562,328.39999771118164
1762231500950,106.60000610351562,332.39999771118164
1762231500967,106.60000610351562,334.39999771118164
1762231500984,106.60000610351562,336.39999771118164
1762231501000,106.60000610351562,336.39999771118164
1762231501017,106.60000610351562,339.39999771118164
1762231501034,106.60000610351562,340.39999771118164
1762231501050,106.60000610351562,340.39999771118164
1762231501157,106.60000610351562,340.39999771118164
1762231501181,106.60000610351562,337.39999771118164
1762231501197,106.60000610351562,332.39999771118164
1762231501207,106.60000610351562,328.39999771118164
1762231501217,106.60000610351562,327.39999771118164
1762231501233,108.60000610351562,325.39999771118164
1762231501250,109.60000610351562,322.39999771118164
1762231501283,109.60000610351562,321.39999771118164
1762231501316,108.60000610351562,319.39999771118164
1762231501422,108.60000610351562,320.39999771118164
1762231501450,106.60000610351562,321.39999771118164
1762231501467,106.60000610351562,324.39999771118164
1762231501483,106.60000610351562,328.39999771118164
1762231501500,105.60000610351562,334.39999771118164
1762231501516,105.60000610351562,336.39999771118164
1762231501533,105.60000610351562,338.39999771118164
1762231501550,105.60000610351562,340.39999771118164
1762231501566,105.60000610351562,343.39999771118164
1762231501600,105.60000610351562,344.39999771118164
1762231501616,105.60000610351562,344.39999771118164
1762231501677,104.60000610351562,344.39999771118164
1762231501700,103.60000610351562,343.39999771118164
1762231501724,101.60000610351562,338.39999771118164
1762231501744,99.60000610351562,332.39999771118164
1762231501754,99.60000610351562,330.39999771118164
1762231501766,97.60000610351562,328.39999771118164
1762231501783,97.60000610351562,324.39999771118164
1762231501800,97.60000610351562,323.39999771118164
1762231501816,96.60000610351562,320.39999771118164
1762231501850,96.60000610351562,320.39999771118164
1762231501866,96.60000610351562,318.39999771118164
1762231501883,95.60000610351562,317.39999771118164
1762231501933,95.60000610351562,317.39999771118164
1762231501972,94.60000610351562,317.39999771118164
1762231502037,93.60000610351562,317.39999771118164
1762231502154,91.60000610351562,320.39999771118164
1762231502166,91.60000610351562,321.39999771118164
1762231502183,91.60000610351562,323.39999771118164
1762231502199,91.60000610351562,325.39999771118164
1762231502216,91.60000610351562,328.39999771118164
1762231502233,91.60000610351562,329.39999771118164
1762231502249,89.60000610351562,330.39999771118164
1762231502266,89.60000610351562,333.39999771118164
1762231502282,89.60000610351562,333.39999771118164
1762231502299,88.60000610351562,336.39999771118164
1762231502324,88.60000610351562,337.39999771118164
1762231502333,88.60000610351562,338.39999771118164
1762231502366,87.60000610351562,339.39999771118164
1762231502382,87.60000610351562,340.39999771118164
1762231502399,86.60000610351562,340.39999771118164
1762231502449,85.60000610351562,341.39999771118164
1762231502533,83.60000610351562,341.39999771118164
1762231502558,83.60000610351562,341.39999771118164
1762231502575,81.60000610351562,341.39999771118164
1762231502585,80.60000610351562,341.39999771118164
1762231502599,78.60000610351562,340.39999771118164
1762231502633,77.60000610351562,340.39999771118164
1762231502657,76.60000610351562,338.39999771118164
1762231502715,76.60000610351562,337.39999771118164
1762231502885,76.60000610351562,338.39999771118164
1762231502909,77.60000610351562,338.39999771118164
1762231502931,78.60000610351562,339.39999771118164
1762231502948,79.60000610351562,340.39999771118164
1762231502971,80.60000610351562,341.39999771118164
1762231502987,80.60000610351562,341.39999771118164
1762231503032,80.60000610351562,342.39999771118164
1762231503052,80.60000610351562,343.39999771118164
1762231503115,80.60000610351562,344.39999771118164
1762231503182,80.60000610351562,345.39999771118164
1762231503293,80.60000610351562,345.39999771118164
1762231503318,80.60000610351562,346.39999771118164
1762231503338,80.60000610351562,347.39999771118164
1762231503379,80.60000610351562,348.39999771118164
1762231503437,80.60000610351562,349.39999771118164
1762231503477,80.60000610351562,350.39999771118164
1762231503621,80.60000610351562,350.39999771118164
1762231503646,80.60000610351562,351.39999771118164
1762231503663,80.60000610351562,352.39999771118164
1762231503691,80.60000610351562,352.39999771118164
1762231503701,80.60000610351562,353.39999771118164
1762231503739,80.60000610351562,354.39999771118164
1762231503780,80.60000610351562,354.39999771118164
1762231503853,80.60000610351562,355.39999771118164
1762231504141,80.60000610351562,355.39999771118164
1762231504181,80.60000610351562,357.39999771118164
1762231504212,80.60000610351562,358.39999771118164
1762231504268,80.60000610351562,358.39999771118164
1762231504279,81.60000610351562,359.39999771118164
1762231504397,82.60000610351562,360.39999771118164
1762231504436,82.60000610351562,360.39999771118164
1762231504475,82.60000610351562,361.39999771118164
1762231504549,82.60000610351562,362.39999771118164
1762231504574,82.60000610351562,362.39999771118164
1762231504612,82.60000610351562,363.39999771118164
1762231504663,82.60000610351562,364.39999771118164
1762231504709,82.60000610351562,365.39999771118164
1762231504748,82.60000610351562,365.39999771118164
1762231504780,82.60000610351562,367.39999771118164
1762231504813,82.60000610351562,367.39999771118164
1762231504830,82.60000610351562,369.39999771118164
1762231504879,83.60000610351562,370.39999771118164
1762231504896,83.60000610351562,371.39999771118164
1762231504916,83.60000610351562,372.39999771118164
1762231504964,83.60000610351562,373.39999771118164
1762231505037,83.60000610351562,373.39999771118164
1762231505113,83.60000610351562,374.39999771118164
1762231505277,83.60000610351562,374.39999771118164
1762231505312,83.60000610351562,376.39999771118164
1762231505329,83.60000610351562,377.39999771118164
1762231505379,82.60000610351562,378.39999771118164
1762231505429,82.60000610351562,380.39999771118164
1762231505462,81.60000610351562,381.39999771118164
1762231505508,81.60000610351562,382.39999771118164
1762231505562,81.60000610351562,382.39999771118164
1762231505693,81.60000610351562,383.39999771118164
1762231505729,81.60000610351562,383.39999771118164
1762231505764,81.60000610351562,385.39999771118164
1762231505829,81.60000610351562,385.39999771118164
1762231505868,81.60000610351562,386.39999771118164
1762231505908,82.60000610351562,387.39999771118164
1762231506005,82.60000610351562,388.39999771118164
1762231506052,82.60000610351562,388.39999771118164
1762231506117,82.60000610351562,389.39999771118164
1762231506142,82.60000610351562,389.39999771118164
1762231506212,82.60000610351562,391.39999771118164
1762231506237,82.60000610351562,391.39999771118164
1762231506275,82.60000610351562,392.39999771118164
1762231506307,82.60000610351562,393.39999771118164
1762231506328,82.60000610351562,394.39999771118164
1762231506344,82.60000610351562,395.39999771118164
1762231506361,82.60000610351562,397.39999771118164
1762231506378,82.60000610351562,397.39999771118164
1762231506395,82.60000610351562,399.39999771118164
1762231506427,82.60000610351562,400.39999771118164
1762231506478,82.60000610351562,401.39999771118164
1762231506528,82.60000610351562,401.39999771118164
1762231506561,82.60000610351562,402.39999771118164
1762231506628,82.60000610351562,403.39999771118164
1762231506653,82.60000610351562,404.39999771118164
1762231506711,82.60000610351562,404.39999771118164
1762231506744,82.60000610351562,406.39999771118164
1762231506788,82.60000610351562,406.39999771118164
1762231506820,82.60000610351562,407.39999771118164
1762231506860,82.60000610351562,408.39999771118164
1762231506911,82.60000610351562,409.39999771118164
1762231506936,82.60000610351562,409.39999771118164
1762231506963,82.60000610351562,410.39999771118164
1762231506977,82.60000610351562,411.39999771118164
1762231506994,82.60000610351562,412.39999771118164
1762231507019,82.60000610351562,413.39999771118164
1762231507044,82.60000610351562,415.39999771118164
1762231507075,82.60000610351562,416.39999771118164
1762231507099,82.60000610351562,417.39999771118164
1762231507123,82.60000610351562,418.39999771118164
1762231507144,82.60000610351562,420.39999771118164
1762231507160,82.60000610351562,420.39999771118164
1762231507188,82.60000610351562,422.39999771118164
1762231507235,82.60000610351562,423.39999771118164
1762231507276,82.60000610351562,424.39999771118164
1762231507296,83.60000610351562,424.39999771118164
1762231507339,83.60000610351562,426.39999771118164
1762231507394,84.60000610351562,427.39999771118164
1762231507420,84.60000610351562,428.39999771118164
1762231507451,84.60000610351562,428.39999771118164
1762231507477,85.60000610351562,430.39999771118164
1762231507527,85.60000610351562,430.39999771118164
1762231507564,85.60000610351562,431.39999771118164
1762231507627,85.60000610351562,433.39999771118164
1762231507757,86.60000610351562,433.39999771118164
1762231507784,86.60000610351562,435.39999771118164
1762231507860,86.60000610351562,436.39999771118164
1762231507900,86.60000610351562,437.39999771118164
1762231507939,86.60000610351562,438.39999771118164
1762231508173,86.60000610351562,438.39999771118164
1762231508199,86.60000610351562,439.39999771118164
1762231508220,86.60000610351562,440.39999771118164
1762231508251,86.60000610351562,441.39999771118164
1762231508300,86.60000610351562,442.39999771118164
1762231508382,86.60000610351562,443.39999771118164
1762231508428,86.60000610351562,444.39999771118164
1762231508501,86.60000610351562,444.39999771118164
1762231508565,86.60000610351562,445.39999771118164
1762231508661,86.60000610351562,445.39999771118164
1762231508731,86.60000610351562,446.39999771118164
1762231508758,86.60000610351562,447.39999771118164
1762231508814,87.60000610351562,448.39999771118164
1762231508843,87.60000610351562,448.39999771118164
1762231508875,88.60000610351562,450.39999771118164
1762231508931,88.60000610351562,450.39999771118164
1762231508959,88.60000610351562,452.39999771118164
1762231508981,89.60000610351562,453.39999771118164
1762231509003,89.60000610351562,454.39999771118164
1762231509043,89.60000610351562,454.39999771118164
1762231509075,89.60000610351562,456.39999771118164
1762231509131,89.60000610351562,456.39999771118164
1762231509197,89.60000610351562,457.39999771118164
1762231509219,89.60000610351562,458.39999771118164
1762231509264,89.60000610351562,459.39999771118164
1762231509291,89.60000610351562,459.39999771118164
1762231509309,89.60000610351562,461.39999771118164
1762231509347,89.60000610351562,461.39999771118164
1762231509364,90.60000610351562,463.39999771118164
1762231509395,92.60000610351562,464.39999771118164
1762231509414,92.60000610351562,465.39999771118164
1762231509435,92.60000610351562,466.39999771118164
1762231509459,92.60000610351562,467.39999771118164
1762231509480,92.60000610351562,468.39999771118164
1762231509499,92.60000610351562,469.39999771118164
1762231509514,92.60000610351562,470.39999771118164
1762231509530,93.60000610351562,471.39999771118164
1762231509564,94.60000610351562,472.39999771118164
1762231509590,94.60000610351562,472.39999771118164
1762231509614,95.60000610351562,473.39999771118164
1762231509630,95.60000610351562,474.39999771118164
1762231509659,95.60000610351562,475.39999771118164
1762231509691,95.60000610351562,476.39999771118164
1762231509713,96.60000610351562,477.39999771118164
1762231509731,96.60000610351562,478.39999771118164
1762231509763,96.60000610351562,479.39999771118164
1762231509775,96.60000610351562,479.39999771118164
1762231509786,96.60000610351562,480.39999771118164
1762231509797,96.60000610351562,481.39999771118164
1762231509813,96.60000610351562,483.39999771118164
1762231509830,96.60000610351562,483.39999771118164
1762231509875,96.60000610351562,485.39999771118164
1762231509888,96.60000610351562,485.39999771118164
1762231509902,97.60000610351562,486.39999771118164
1762231509913,97.60000610351562,487.39999771118164
1762231509947,97.60000610351562,488.39999771118164
1762231509963,97.60000610351562,489.39999771118164
1762231509995,97.60000610351562,490.39999771118164
1762231510047,97.60000610351562,491.39999771118164
1762231510077,96.60000610351562,492.39999771118164
1762231510097,96.60000610351562,493.39999771118164
1762231510114,96.60000610351562,494.39999771118164
1762231510130,96.60000610351562,495.39999771118164
1762231510146,96.60000610351562,495.39999771118164
1762231510163,95.60000610351562,497.39999771118164
1762231510197,95.60000610351562,498.39999771118164
1762231510230,95.60000610351562,498.39999771118164
1762231510248,94.60000610351562,499.39999771118164
1762231510263,94.60000610351562,500.39999771118164
1762231510308,94.60000610351562,500.39999771118164
1762231510380,94.60000610351562,501.39999771118164
1762231510408,94.60000610351562,502.39999771118164
1762231510446,94.60000610351562,503.39999771118164
1762231510467,93.60000610351562,504.39999771118164
1762231510513,93.60000610351562,505.39999771118164
1762231510580,93.60000610351562,505.39999771118164
1762231510608,93.60000610351562,507.39999771118164
1762231510644,93.60000610351562,509.39999771118164
1762231510667,93.60000610351562,509.39999771118164
1762231510713,93.60000610351562,511.39999771118164
1762231510742,93.60000610351562,511.39999771118164
1762231510771,93.60000610351562,512.3999977111816
1762231510782,93.60000610351562,513.3999977111816
1762231510819,93.60000610351562,513.3999977111816
1762231510830,93.60000610351562,515.3999977111816
1762231510896,93.60000610351562,516.3999977111816
1762231510925,93.60000610351562,517.3999977111816
1762231510947,93.60000610351562,517.3999977111816
1762231510971,93.60000610351562,518.3999977111816
1762231510982,93.60000610351562,519.3999977111816
1762231511027,93.60000610351562,519.3999977111816
1762231511059,93.60000610351562,521.3999977111816
1762231511221,93.60000610351562,521.3999977111816
1762231511249,93.60000610351562,523.3999977111816
1762231511271,93.60000610351562,523.3999977111816
1762231511540,94.60000610351562,524.3999977111816
1762231511813,93.60000610351562,524.3999977111816
1762231511828,93.60000610351562,525.3999977111816
1762231511980,92.60000610351562,526.3999977111816
1762231512018,91.60000610351562,526.3999977111816
1762231512229,91.60000610351562,526.3999977111816
1762231512258,90.60000610351562,525.3999977111816
1762231512653,91.60000610351562,524.3999977111816
1762231512692,91.60000610351562,524.3999977111816
1762231512900,91.60000610351562,524.3999977111816
1762231512929,91.60000610351562,523.3999977111816
1762231512958,89.60000610351562,522.3999977111816
1762231512987,88.60000610351562,522.3999977111816
1762231513044,88.60000610351562,522.3999977111816
1762231513076,87.60000610351562,521.3999977111816
1762231513228,88.60000610351562,521.3999977111816
1762231513258,89.60000610351562,521.3999977111816
1762231513276,91.60000610351562,521.3999977111816
1762231513308,91.60000610351562,521.3999977111816
1762231513341,93.60000610351562,521.3999977111816
1762231513371,93.60000610351562,521.3999977111816
1762231513390,94.60000610351562,521.3999977111816
1762231513407,95.60000610351562,521.3999977111816
1762231513435,95.60000610351562,521.3999977111816
1762231513500,96.60000610351562,521.3999977111816
1762231513556,97.60000610351562,521.3999977111816
1762231513581,98.60000610351562,521.3999977111816
1762231513619,99.60000610351562,521.3999977111816
1762231513643,100.60000610351562,522.3999977111816
1762231513690,101.60000610351562,522.3999977111816
1762231513724,102.60000610351562,523.3999977111816
1762231513757,102.60000610351562,523.3999977111816
1762231513773,103.60000610351562,523.3999977111816
1762231513790,105.60000610351562,524.3999977111816
1762231513957,107.60000610351562,524.3999977111816
1762231514147,107.60000610351562,524.3999977111816
1762231514158,107.60000610351562,523.3999977111816
1762231514173,107.60000610351562,522.3999977111816
1762231514240,107.60000610351562,521.3999977111816
1762231514277,108.60000610351562,521.3999977111816
1762231514306,108.60000610351562,520.3999977111816
1762231514323,108.60000610351562,519.3999977111816
1762231514420,107.60000610351562,519.3999977111816
1762231514468,106.60000610351562,519.3999977111816
1762231514490,105.60000610351562,519.3999977111816
1762231514507,104.60000610351562,519.3999977111816
1762231514525,102.60000610351562,519.3999977111816
1762231514556,100.60000610351562,521.3999977111816
1762231514692,100.60000610351562,521.3999977111816
1762231514812,100.60000610351562,521.3999977111816
1762231514842,102.60000610351562,520.3999977111816
1762231514863,103.60000610351562,518.3999977111816
1762231514875,104.60000610351562,518.3999977111816
1762231514889,106.60000610351562,516.3999977111816
1762231514923,106.60000610351562,514.3999977111816
1762231514939,106.60000610351562,514.3999977111816
1762231514963,107.60000610351562,513.3999977111816
1762231514989,107.60000610351562,512.3999977111816
1762231515006,108.60000610351562,511.39999771118164
1762231515026,108.60000610351562,510.39999771118164
1762231515073,110.60000610351562,508.39999771118164
1762231515108,110.60000610351562,508.39999771118164
1762231515139,110.60000610351562,507.39999771118164
1762231515348,110.60000610351562,508.39999771118164
1762231515378,110.60000610351562,511.39999771118164
1762231515398,110.60000610351562,515.3999977111816
1762231515422,110.60000610351562,516.3999977111816
1762231515439,110.60000610351562,518.3999977111816
1762231515455,110.60000610351562,519.3999977111816
1762231515472,110.60000610351562,520.3999977111816
1762231515660,110.60000610351562,519.3999977111816
1762231515690,110.60000610351562,517.3999977111816
1762231515712,110.60000610351562,515.3999977111816
1762231515738,110.60000610351562,512.3999977111816
1762231515755,110.60000610351562,510.39999771118164
1762231515772,110.60000610351562,509.39999771118164
1762231515788,110.60000610351562,507.39999771118164
1762231515805,110.60000610351562,505.39999771118164
1762231515826,110.60000610351562,504.39999771118164
1762231515850,110.60000610351562,503.39999771118164
1762231515883,110.60000610351562,502.39999771118164
1762231515948,110.60000610351562,501.39999771118164
1762231515988,110.60000610351562,501.39999771118164
1762231516055,109.60000610351562,501.39999771118164
1762231516085,108.60000610351562,501.39999771118164
1762231516098,106.60000610351562,503.39999771118164
1762231516110,106.60000610351562,504.39999771118164
1762231516121,106.60000610351562,505.39999771118164
1762231516138,105.60000610351562,505.39999771118164
1762231516155,103.60000610351562,508.39999771118164
1762231516188,103.60000610351562,509.39999771118164
1762231516210,103.60000610351562,512.3999977111816
1762231516238,103.60000610351562,514.3999977111816
1762231516255,103.60000610351562,515.3999977111816
1762231516282,103.60000610351562,516.3999977111816
1762231516306,103.60000610351562,517.3999977111816
1762231516321,103.60000610351562,519.3999977111816
1762231516354,103.60000610351562,519.3999977111816
1762231516476,104.60000610351562,518.3999977111816
1762231516507,104.60000610351562,515.3999977111816
1762231516528,104.60000610351562,511.39999771118164
1762231516540,105.60000610351562,507.39999771118164
1762231516554,105.60000610351562,507.39999771118164
1762231516571,105.60000610351562,504.39999771118164
1762231516588,105.60000610351562,503.39999771118164
1762231516604,106.60000610351562,500.39999771118164
1762231516621,106.60000610351562,499.39999771118164
1762231516638,106.60000610351562,499.39999771118164
1762231516654,106.60000610351562,497.39999771118164
1762231516671,106.60000610351562,496.39999771118164
1762231516704,106.60000610351562,495.39999771118164
1762231516755,105.60000610351562,494.39999771118164
1762231516828,105.60000610351562,495.39999771118164
1762231516858,105.60000610351562,497.39999771118164
1762231516872,105.60000610351562,500.39999771118164
1762231516904,105.60000610351562,500.39999771118164
1762231516921,105.60000610351562,502.39999771118164
1762231516937,105.60000610351562,503.39999771118164
1762231516954,105.60000610351562,504.39999771118164
1762231516971,106.60000610351562,506.39999771118164
1762231517068,107.60000610351562,506.39999771118164
1762231517099,108.60000610351562,506.39999771118164
1762231517163,109.60000610351562,505.39999771118164
1762231517183,109.60000610351562,503.39999771118164
1762231517204,109.60000610351562,501.39999771118164
1762231517220,109.60000610351562,500.39999771118164
1762231517237,109.60000610351562,499.39999771118164
1762231517254,109.60000610351562,496.39999771118164
1762231517282,109.60000610351562,496.39999771118164
1762231517314,109.60000610351562,495.39999771118164
1762231517337,109.60000610351562,494.39999771118164
1762231517354,108.60000610351562,493.39999771118164
1762231517370,108.60000610351562,491.39999771118164
1762231517420,108.60000610351562,490.39999771118164
1762231517438,108.60000610351562,489.39999771118164
1762231517454,108.60000610351562,488.39999771118164
1762231517487,108.60000610351562,487.39999771118164
1762231517504,108.60000610351562,486.39999771118164
1762231517530,108.60000610351562,485.39999771118164
1762231517562,108.60000610351562,484.39999771118164
1762231517668,108.60000610351562,484.39999771118164
1762231517700,108.60000610351562,485.39999771118164
1762231517720,109.60000610351562,488.39999771118164
1762231517737,109.60000610351562,488.39999771118164
1762231517753,110.60000610351562,490.39999771118164
1762231517770,111.60000610351562,492.39999771118164
1762231517810,111.60000610351562,493.39999771118164
1762231517932,111.60000610351562,494.39999771118164
1762231518003,109.60000610351562,492.39999771118164
1762231518035,106.60000610351562,487.39999771118164
1762231518049,106.60000610351562,485.39999771118164
1762231518061,106.60000610351562,484.39999771118164
1762231518073,106.60000610351562,483.39999771118164
1762231518086,106.60000610351562,482.39999771118164
1762231518103,104.60000610351562,481.39999771118164
1762231518120,104.60000610351562,480.39999771118164
1762231518136,103.60000610351562,477.39999771118164
1762231518153,103.60000610351562,476.39999771118164
1762231518170,103.60000610351562,473.39999771118164
1762231518203,103.60000610351562,473.39999771118164
1762231518219,103.60000610351562,471.39999771118164
1762231518236,103.60000610351562,469.39999771118164
1762231518253,103.60000610351562,468.39999771118164
1762231518269,103.60000610351562,466.39999771118164
1762231518286,103.60000610351562,466.39999771118164
1762231518303,103.60000610351562,464.39999771118164
1762231518319,103.60000610351562,463.39999771118164
1762231518420,103.60000610351562,464.39999771118164
1762231518453,104.60000610351562,470.39999771118164
1762231518486,105.60000610351562,472.39999771118164
1762231518503,106.60000610351562,475.39999771118164
1762231518519,106.60000610351562,475.39999771118164
1762231518536,106.60000610351562,476.39999771118164
1762231518553,106.60000610351562,477.39999771118164
1762231518569,107.60000610351562,479.39999771118164
1762231518586,107.60000610351562,479.39999771118164
1762231518796,107.60000610351562,478.39999771118164
1762231518838,107.60000610351562,473.39999771118164
1762231518854,106.60000610351562,470.39999771118164
1762231518869,106.60000610351562,469.39999771118164
1762231518886,106.60000610351562,466.39999771118164
1762231518902,106.60000610351562,466.39999771118164
1762231518919,106.60000610351562,464.39999771118164
1762231518936,106.60000610351562,463.39999771118164
1762231518952,106.60000610351562,462.39999771118164
1762231519060,106.60000610351562,462.39999771118164
1762231519093,106.60000610351562,466.39999771118164
1762231519110,106.60000610351562,468.39999771118164
1762231519123,106.60000610351562,470.39999771118164
1762231519136,106.60000610351562,471.39999771118164
1762231519152,106.60000610351562,472.39999771118164
1762231519169,106.60000610351562,474.39999771118164
1762231519202,104.60000610351562,476.39999771118164
1762231519332,103.60000610351562,476.39999771118164
1762231519367,101.60000610351562,471.39999771118164
1762231519383,101.60000610351562,468.39999771118164
1762231519396,101.60000610351562,464.39999771118164
1762231519409,101.60000610351562,463.39999771118164
1762231519422,101.60000610351562,460.39999771118164
1762231519435,101.60000610351562,458.39999771118164
1762231519452,101.60000610351562,456.39999771118164
1762231519468,101.60000610351562,453.39999771118164
1762231519485,101.60000610351562,451.39999771118164
1762231519502,101.60000610351562,448.39999771118164
1762231519521,101.60000610351562,447.39999771118164
1762231519535,101.60000610351562,446.39999771118164
1762231519552,101.60000610351562,444.39999771118164
1762231519618,102.60000610351562,444.39999771118164
1762231519647,102.60000610351562,444.39999771118164
1762231519662,102.60000610351562,447.39999771118164
1762231519675,102.60000610351562,452.39999771118164
1762231519688,102.60000610351562,453.39999771118164
1762231519702,104.60000610351562,456.39999771118164
1762231519718,105.60000610351562,458.39999771118164
1762231519751,105.60000610351562,460.39999771118164
1762231519770,105.60000610351562,460.39999771118164
1762231519916,105.60000610351562,460.39999771118164
1762231519968,105.60000610351562,449.39999771118164
1762231519985,105.60000610351562,446.39999771118164
1762231520001,105.60000610351562,444.39999771118164
1762231520018,105.60000610351562,442.39999771118164
1762231520135,106.60000610351562,444.39999771118164
1762231520168,106.60000610351562,451.39999771118164
1762231520184,106.60000610351562,455.39999771118164
1762231520201,106.60000610351562,457.39999771118164
1762231520235,106.60000610351562,458.39999771118164
1762231520332,106.60000610351562,457.39999771118164
1762231520365,104.60000610351562,447.39999771118164
1762231520379,104.60000610351562,443.39999771118164
1762231520392,104.60000610351562,442.39999771118164
1762231520405,104.60000610351562,439.39999771118164
1762231520434,104.60000610351562,438.39999771118164
1762231520451,103.60000610351562,437.39999771118164
1762231520532,103.60000610351562,438.39999771118164
1762231520565,103.60000610351562,448.39999771118164
1762231520582,102.60000610351562,452.39999771118164
1762231520595,102.60000610351562,454.39999771118164
1762231520609,102.60000610351562,455.39999771118164
1762231520622,101.60000610351562,456.39999771118164
1762231520732,101.60000610351562,455.39999771118164
1762231520767,101.60000610351562,447.39999771118164
1762231520784,98.60000610351562,444.39999771118164
1762231520801,98.60000610351562,443.39999771118164
1762231520868,98.60000610351562,444.39999771118164
1762231520900,98.60000610351562,450.39999771118164
1762231520917,98.60000610351562,454.39999771118164
1762231520934,98.60000610351562,456.39999771118164
1762231520950,98.60000610351562,458.39999771118164
1762231520967,98.60000610351562,459.39999771118164
1762231521068,98.60000610351562,458.39999771118164
1762231521102,98.60000610351562,450.39999771118164
1762231521120,97.60000610351562,446.39999771118164
1762231521137,97.60000610351562,446.39999771118164
1762231521212,97.60000610351562,447.39999771118164
1762231521245,97.60000610351562,453.39999771118164
1762231521260,97.60000610351562,456.39999771118164
1762231521284,97.60000610351562,458.39999771118164
1762231521396,97.60000610351562,457.39999771118164
1762231521429,97.60000610351562,445.39999771118164
1762231521445,97.60000610351562,441.39999771118164
1762231521458,97.60000610351562,439.39999771118164
1762231521472,97.60000610351562,437.39999771118164
1762231521533,97.60000610351562,435.39999771118164
1762231521600,97.60000610351562,436.39999771118164
1762231521632,97.60000610351562,438.39999771118164
1762231521646,98.60000610351562,442.39999771118164
1762231521683,98.60000610351562,442.39999771118164
1762231521710,98.60000610351562,443.39999771118164
1762231521738,99.60000610351562,443.39999771118164
1762231521751,100.60000610351562,443.39999771118164
1762231521766,102.60000610351562,441.39999771118164
1762231521783,104.60000610351562,436.39999771118164
1762231521800,106.60000610351562,431.39999771118164
1762231521816,107.60000610351562,428.39999771118164
1762231521833,107.60000610351562,426.39999771118164
1762231521850,107.60000610351562,424.39999771118164
1762231521940,107.60000610351562,425.39999771118164
1762231521983,107.60000610351562,430.39999771118164
1762231522000,107.60000610351562,433.39999771118164
1762231522016,107.60000610351562,435.39999771118164
1762231522033,107.60000610351562,437.39999771118164
1762231522050,107.60000610351562,438.39999771118164
1762231522066,107.60000610351562,440.39999771118164
1762231522090,107.60000610351562,442.39999771118164
1762231522116,107.60000610351562,444.39999771118164
1762231522133,107.60000610351562,445.39999771118164
1762231522149,106.60000610351562,447.39999771118164
1762231522178,106.60000610351562,449.39999771118164
1762231522235,106.60000610351562,451.39999771118164
1762231522356,106.60000610351562,450.39999771118164
1762231522390,107.60000610351562,441.39999771118164
1762231522406,107.60000610351562,438.39999771118164
1762231522420,107.60000610351562,435.39999771118164
1762231522434,107.60000610351562,434.39999771118164
1762231522449,107.60000610351562,429.39999771118164
1762231522482,107.60000610351562,427.39999771118164
1762231522499,107.60000610351562,426.39999771118164
1762231522522,107.60000610351562,425.39999771118164
1762231522628,107.60000610351562,425.39999771118164
1762231522664,107.60000610351562,436.39999771118164
1762231522680,107.60000610351562,444.39999771118164
1762231522694,106.60000610351562,447.39999771118164
1762231522708,105.60000610351562,451.39999771118164
1762231522722,105.60000610351562,451.39999771118164
1762231522736,105.60000610351562,453.39999771118164
1762231522750,103.60000610351562,455.39999771118164
1762231522844,103.60000610351562,451.39999771118164
1762231522879,103.60000610351562,440.39999771118164
1762231522895,103.60000610351562,435.39999771118164
1762231522909,103.60000610351562,430.39999771118164
1762231522923,103.60000610351562,429.39999771118164
1762231522937,103.60000610351562,428.39999771118164
1762231522951,103.60000610351562,427.39999771118164
1762231522965,103.60000610351562,426.39999771118164
1762231523043,103.60000610351562,426.39999771118164
1762231523076,103.60000610351562,433.39999771118164
1762231523092,101.60000610351562,438.39999771118164
1762231523105,101.60000610351562,440.39999771118164
1762231523120,101.60000610351562,444.39999771118164
1762231523133,101.60000610351562,449.39999771118164
1762231523149,101.60000610351562,451.39999771118164
1762231523165,100.60000610351562,453.39999771118164
1762231523182,100.60000610351562,455.39999771118164
1762231523215,100.60000610351562,456.39999771118164
1762231523265,100.60000610351562,457.39999771118164
1762231523306,100.60000610351562,456.39999771118164
1762231523327,100.60000610351562,450.39999771118164
1762231523345,100.60000610351562,443.39999771118164
1762231523359,100.60000610351562,438.39999771118164
1762231523373,100.60000610351562,434.39999771118164
1762231523387,100.60000610351562,432.39999771118164
1762231523402,100.60000610351562,431.39999771118164
1762231523416,99.60000610351562,429.39999771118164
1762231523482,99.60000610351562,427.39999771118164
1762231523513,97.60000610351562,426.39999771118164
1762231523529,96.60000610351562,428.39999771118164
1762231523543,96.60000610351562,431.39999771118164
1762231523557,96.60000610351562,436.39999771118164
1762231523571,96.60000610351562,441.39999771118164
1762231523585,96.60000610351562,443.39999771118164
1762231523600,96.60000610351562,447.39999771118164
1762231523615,96.60000610351562,450.39999771118164
1762231523631,96.60000610351562,453.39999771118164
1762231523648,96.60000610351562,454.39999771118164
1762231523665,94.60000610351562,456.39999771118164
1762231523698,94.60000610351562,457.39999771118164
1762231523755,94.60000610351562,456.39999771118164
1762231523786,94.60000610351562,448.39999771118164
1762231523804,94.60000610351562,443.39999771118164
1762231523818,94.60000610351562,441.39999771118164
1762231523832,94.60000610351562,436.39999771118164
1762231523848,94.60000610351562,433.39999771118164
1762231523865,94.60000610351562,430.39999771118164
1762231523881,94.60000610351562,427.39999771118164
1762231523898,94.60000610351562,422.39999771118164
1762231523915,94.60000610351562,420.39999771118164
1762231523932,94.60000610351562,419.39999771118164
1762231523952,94.60000610351562,418.39999771118164
1762231524076,94.60000610351562,418.39999771118164
1762231524117,94.60000610351562,426.39999771118164
1762231524131,95.60000610351562,429.39999771118164
1762231524148,95.60000610351562,431.39999771118164
1762231524164,96.60000610351562,433.39999771118164
1762231524181,96.60000610351562,433.39999771118164
1762231524214,97.60000610351562,434.39999771118164
1762231524291,98.60000610351562,433.39999771118164
1762231524326,98.60000610351562,427.39999771118164
1762231524343,99.60000610351562,423.39999771118164
1762231524357,100.60000610351562,419.39999771118164
1762231524371,101.60000610351562,415.39999771118164
1762231524386,101.60000610351562,414.39999771118164
1762231524400,103.60000610351562,411.39999771118164
1762231524415,103.60000610351562,409.39999771118164
1762231524431,103.60000610351562,407.39999771118164
1762231524447,103.60000610351562,407.39999771118164
1762231524464,103.60000610351562,406.39999771118164
1762231524481,103.60000610351562,405.39999771118164
1762231524555,103.60000610351562,406.39999771118164
1762231524591,103.60000610351562,412.39999771118164
1762231524607,103.60000610351562,414.39999771118164
1762231524622,104.60000610351562,416.39999771118164
1762231524636,104.60000610351562,420.39999771118164
1762231524651,104.60000610351562,421.39999771118164
1762231524666,104.60000610351562,423.39999771118164
1762231524681,104.60000610351562,424.39999771118164
1762231524697,104.60000610351562,425.39999771118164
1762231524714,104.60000610351562,426.39999771118164
1762231524748,104.60000610351562,428.39999771118164
1762231524836,104.60000610351562,427.39999771118164
1762231524871,105.60000610351562,422.39999771118164
1762231524889,106.60000610351562,418.39999771118164
1762231524904,106.60000610351562,415.39999771118164
1762231524919,106.60000610351562,412.39999771118164
1762231524934,108.60000610351562,410.39999771118164
1762231524949,108.60000610351562,408.39999771118164
1762231524964,108.60000610351562,407.39999771118164
1762231524980,108.60000610351562,405.39999771118164
1762231525018,108.60000610351562,404.39999771118164
1762231525100,108.60000610351562,405.39999771118164
1762231525147,108.60000610351562,414.39999771118164
1762231525163,108.60000610351562,418.39999771118164
1762231525180,108.60000610351562,421.39999771118164
1762231525197,108.60000610351562,425.39999771118164
1762231525213,108.60000610351562,426.39999771118164
1762231525230,108.60000610351562,428.39999771118164
1762231525247,108.60000610351562,428.39999771118164
1762231525372,108.60000610351562,427.39999771118164
1762231525409,108.60000610351562,419.39999771118164
1762231525432,108.60000610351562,413.39999771118164
1762231525451,108.60000610351562,406.39999771118164
1762231525465,108.60000610351562,404.39999771118164
1762231525480,108.60000610351562,401.39999771118164
1762231525496,108.60000610351562,400.39999771118164
1762231525603,108.60000610351562,401.39999771118164
1762231525640,107.60000610351562,409.39999771118164
1762231525657,107.60000610351562,411.39999771118164
1762231525672,107.60000610351562,414.39999771118164
1762231525687,107.60000610351562,416.39999771118164
1762231525702,107.60000610351562,418.39999771118164
1762231525819,107.60000610351562,417.39999771118164
1762231525856,107.60000610351562,407.39999771118164
1762231525872,107.60000610351562,404.39999771118164
1762231525887,107.60000610351562,400.39999771118164
1762231525901,107.60000610351562,397.39999771118164
1762231525916,107.60000610351562,393.39999771118164
1762231525930,107.60000610351562,392.39999771118164
1762231525946,107.60000610351562,388.39999771118164
1762231525963,107.60000610351562,385.39999771118164
1762231526075,107.60000610351562,386.39999771118164
1762231526113,107.60000610351562,394.39999771118164
1762231526130,107.60000610351562,401.39999771118164
1762231526163,107.60000610351562,408.39999771118164
1762231526179,107.60000610351562,408.39999771118164
1762231526296,107.60000610351562,407.39999771118164
1762231526331,107.60000610351562,394.39999771118164
1762231526348,108.60000610351562,384.39999771118164
1762231526362,108.60000610351562,379.39999771118164
1762231526379,108.60000610351562,376.39999771118164
1762231526396,108.60000610351562,374.39999771118164
1762231526475,108.60000610351562,375.39999771118164
1762231526511,108.60000610351562,380.39999771118164
1762231526528,108.60000610351562,384.39999771118164
1762231526542,108.60000610351562,389.39999771118164
1762231526557,108.60000610351562,392.39999771118164
1762231526572,108.60000610351562,396.39999771118164
1762231526586,108.60000610351562,397.39999771118164
1762231526601,108.60000610351562,400.39999771118164
1762231526629,108.60000610351562,401.39999771118164
1762231526715,108.60000610351562,401.39999771118164
1762231526751,108.60000610351562,393.39999771118164
1762231526769,108.60000610351562,387.39999771118164
1762231526785,110.60000610351562,379.39999771118164
1762231526801,110.60000610351562,374.39999771118164
1762231526817,111.60000610351562,370.39999771118164
1762231526833,111.60000610351562,368.39999771118164
1762231526848,111.60000610351562,367.39999771118164
1762231526864,111.60000610351562,366.39999771118164
1762231526947,111.60000610351562,366.39999771118164
1762231526983,111.60000610351562,374.39999771118164
1762231527000,111.60000610351562,379.39999771118164
1762231527016,111.60000610351562,384.39999771118164
1762231527032,111.60000610351562,385.39999771118164
1762231527047,111.60000610351562,386.39999771118164
1762231527155,111.60000610351562,385.39999771118164
1762231527197,111.60000610351562,373.39999771118164
1762231527212,111.60000610351562,367.39999771118164
1762231527228,111.60000610351562,362.39999771118164
1762231527245,111.60000610351562,358.39999771118164
1762231527261,111.60000610351562,355.39999771118164
1762231527278,111.60000610351562,352.39999771118164
1762231527295,111.60000610351562,349.39999771118164
1762231527311,111.60000610351562,347.39999771118164
1762231527328,111.60000610351562,346.39999771118164
1762231527427,110.60000610351562,345.39999771118164
1762231527465,108.60000610351562,349.39999771118164
1762231527482,108.60000610351562,355.39999771118164
1762231527498,107.60000610351562,362.39999771118164
1762231527513,106.60000610351562,368.39999771118164
1762231527528,106.60000610351562,375.39999771118164
1762231527545,105.60000610351562,378.39999771118164
1762231527561,104.60000610351562,384.39999771118164
1762231527578,103.60000610351562,388.39999771118164
1762231527595,102.60000610351562,390.39999771118164
1762231527611,102.60000610351562,392.39999771118164
1762231527715,102.60000610351562,391.39999771118164
1762231527752,102.60000610351562,381.39999771118164
1762231527769,102.60000610351562,370.39999771118164
1762231527784,102.60000610351562,361.39999771118164
1762231527800,102.60000610351562,356.39999771118164
1762231527815,102.60000610351562,352.39999771118164
1762231527830,102.60000610351562,349.39999771118164
1762231527845,102.60000610351562,345.39999771118164
1762231527861,102.60000610351562,343.39999771118164
1762231527947,102.60000610351562,342.39999771118164
1762231527985,101.60000610351562,344.39999771118164
1762231528002,100.60000610351562,353.39999771118164
1762231528018,100.60000610351562,360.39999771118164
1762231528033,99.60000610351562,365.39999771118164
1762231528049,99.60000610351562,368.39999771118164
1762231528064,99.60000610351562,373.39999771118164
1762231528080,99.60000610351562,375.39999771118164
1762231528095,99.60000610351562,378.39999771118164
1762231528111,99.60000610351562,379.39999771118164
1762231528228,99.60000610351562,378.39999771118164
1762231528277,99.60000610351562,353.39999771118164
1762231528294,99.60000610351562,344.39999771118164
1762231528311,99.60000610351562,337.39999771118164
1762231528327,99.60000610351562,332.39999771118164
1762231528344,99.60000610351562,331.39999771118164
1762231528360,99.60000610351562,329.39999771118164
1762231528435,98.60000610351562,331.39999771118164
1762231528472,96.60000610351562,345.39999771118164
1762231528489,96.60000610351562,357.39999771118164
1762231528505,96.60000610351562,369.39999771118164
1762231528520,96.60000610351562,380.39999771118164
1762231528538,96.60000610351562,386.39999771118164
1762231528553,96.60000610351562,392.39999771118164
1762231528569,96.60000610351562,394.39999771118164
1762231528584,96.60000610351562,396.39999771118164
1762231528661,97.60000610351562,397.39999771118164
1762231528697,97.60000610351562,393.39999771118164
1762231528715,97.60000610351562,384.39999771118164
1762231528731,97.60000610351562,364.39999771118164
1762231528747,97.60000610351562,355.39999771118164
1762231528762,97.60000610351562,352.39999771118164
1762231528778,97.60000610351562,345.39999771118164
1762231528794,97.60000610351562,342.39999771118164
1762231528810,97.60000610351562,341.39999771118164
1762231528827,97.60000610351562,340.39999771118164
1762231528860,96.60000610351562,339.39999771118164
1762231528914,96.60000610351562,340.39999771118164
1762231528937,95.60000610351562,344.39999771118164
1762231528954,95.60000610351562,351.39999771118164
1762231528970,95.60000610351562,358.39999771118164
1762231528986,95.60000610351562,367.39999771118164
1762231529002,95.60000610351562,374.39999771118164
1762231529018,95.60000610351562,382.39999771118164
1762231529034,95.60000610351562,387.39999771118164
1762231529050,95.60000610351562,390.39999771118164
1762231529066,95.60000610351562,391.39999771118164
1762231529081,95.60000610351562,392.39999771118164
1762231529162,95.60000610351562,392.39999771118164
1762231529179,93.60000610351562,386.39999771118164
1762231529196,93.60000610351562,379.39999771118164
1762231529213,90.60000610351562,367.39999771118164
1762231529229,90.60000610351562,361.39999771118164
1762231529245,90.60000610351562,355.39999771118164
1762231529262,90.60000610351562,351.39999771118164
1762231529293,90.60000610351562,345.39999771118164
1762231529310,90.60000610351562,342.39999771118164
1762231529326,90.60000610351562,341.39999771118164
1762231529360,89.60000610351562,341.39999771118164
1762231529410,89.60000610351562,341.39999771118164
1762231529429,89.60000610351562,345.39999771118164
1762231529448,89.60000610351562,351.39999771118164
1762231529465,89.60000610351562,355.39999771118164
1762231529481,89.60000610351562,364.39999771118164
1762231529497,89.60000610351562,367.39999771118164
1762231529514,89.60000610351562,373.39999771118164
1762231529530,90.60000610351562,378.39999771118164
1762231529546,90.60000610351562,380.39999771118164
1762231529563,90.60000610351562,385.39999771118164
1762231529579,90.60000610351562,386.39999771118164
1762231529595,90.60000610351562,387.39999771118164
1762231529710,90.60000610351562,386.39999771118164
1762231529748,90.60000610351562,372.39999771118164
1762231529765,90.60000610351562,359.39999771118164
1762231529781,90.60000610351562,354.39999771118164
1762231529797,90.60000610351562,351.39999771118164
1762231529814,90.60000610351562,349.39999771118164
1762231529915,90.60000610351562,350.39999771118164
1762231529953,90.60000610351562,370.39999771118164
1762231529977,90.60000610351562,382.39999771118164
1762231529997,90.60000610351562,393.39999771118164
1762231530014,91.60000610351562,398.39999771118164
1762231530031,91.60000610351562,399.39999771118164
1762231530047,93.60000610351562,402.39999771118164
1762231530076,93.60000610351562,404.39999771118164
1762231530093,94.60000610351562,405.39999771118164
1762231530109,94.60000610351562,406.39999771118164
1762231530219,94.60000610351562,406.39999771118164
1762231530258,94.60000610351562,390.39999771118164
1762231530276,94.60000610351562,371.39999771118164
1762231530309,94.60000610351562,361.39999771118164
1762231530326,94.60000610351562,360.39999771118164
1762231530342,93.60000610351562,359.39999771118164
1762231530409,92.60000610351562,364.39999771118164
1762231530444,92.60000610351562,383.39999771118164
1762231530462,92.60000610351562,396.39999771118164
1762231530479,92.60000610351562,403.39999771118164
1762231530495,92.60000610351562,407.39999771118164
1762231530511,92.60000610351562,412.39999771118164
1762231530527,92.60000610351562,417.39999771118164
1762231530543,92.60000610351562,421.39999771118164
1762231530559,92.60000610351562,423.39999771118164
1762231530576,92.60000610351562,424.39999771118164
1762231530659,92.60000610351562,423.39999771118164
1762231530698,92.60000610351562,412.39999771118164
1762231530716,92.60000610351562,398.39999771118164
1762231530732,92.60000610351562,386.39999771118164
1762231530748,92.60000610351562,378.39999771118164
1762231530764,92.60000610351562,374.39999771118164
1762231530781,92.60000610351562,370.39999771118164
1762231530797,92.60000610351562,369.39999771118164
1762231530858,92.60000610351562,371.39999771118164
1762231530879,92.60000610351562,376.39999771118164
1762231530897,92.60000610351562,385.39999771118164
1762231530913,92.60000610351562,397.39999771118164
1762231530930,90.60000610351562,404.39999771118164
1762231530946,89.60000610351562,410.39999771118164
1762231530962,88.60000610351562,419.39999771118164
1762231530977,87.60000610351562,424.39999771118164
1762231530993,87.60000610351562,429.39999771118164
1762231531008,87.60000610351562,430.39999771118164
1762231531025,87.60000610351562,431.39999771118164
1762231531107,87.60000610351562,430.39999771118164
1762231531146,89.60000610351562,409.39999771118164
1762231531164,90.60000610351562,400.39999771118164
1762231531181,93.60000610351562,393.39999771118164
1762231531197,94.60000610351562,390.39999771118164
1762231531213,94.60000610351562,387.39999771118164
1762231531229,94.60000610351562,386.39999771118164
1762231531246,95.60000610351562,385.39999771118164
1762231531289,96.60000610351562,386.39999771118164
1762231531309,96.60000610351562,389.39999771118164
1762231531325,98.60000610351562,393.39999771118164
1762231531342,99.60000610351562,400.39999771118164
1762231531358,99.60000610351562,405.39999771118164
1762231531375,99.60000610351562,409.39999771118164
1762231531391,99.60000610351562,413.39999771118164
1762231531408,99.60000610351562,416.39999771118164
1762231531425,99.60000610351562,417.39999771118164
1762231531441,100.60000610351562,418.39999771118164
1762231531508,100.60000610351562,418.39999771118164
1762231531546,102.60000610351562,406.39999771118164
1762231531564,102.60000610351562,398.39999771118164
1762231531580,102.60000610351562,394.39999771118164
1762231531596,102.60000610351562,390.39999771118164
1762231531612,102.60000610351562,388.39999771118164
1762231531628,102.60000610351562,387.39999771118164
1762231531644,102.60000610351562,385.39999771118164
1762231531659,102.60000610351562,383.39999771118164
1762231531675,102.60000610351562,382.39999771118164
1762231531691,102.60000610351562,381.39999771118164
1762231531737,102.60000610351562,382.39999771118164
1762231531758,102.60000610351562,383.39999771118164
1762231531774,100.60000610351562,386.39999771118164
1762231531791,100.60000610351562,392.39999771118164
1762231531808,100.60000610351562,396.39999771118164
1762231531825,99.60000610351562,401.39999771118164
1762231531848,99.60000610351562,406.39999771118164
1762231531873,99.60000610351562,408.39999771118164
1762231531955,99.60000610351562,407.39999771118164
1762231531994,99.60000610351562,392.39999771118164
1762231532014,99.60000610351562,378.39999771118164
1762231532031,100.60000610351562,367.39999771118164
1762231532049,99.60000610351562,359.39999771118164
1762231532066,100.60000610351562,354.39999771118164
1762231532083,100.60000610351562,349.39999771118164
1762231532100,101.60000610351562,347.39999771118164
1762231532118,101.60000610351562,344.39999771118164
1762231532134,101.60000610351562,343.39999771118164
1762231532151,101.60000610351562,342.39999771118164
1762231532207,101.60000610351562,343.39999771118164
1762231532226,101.60000610351562,344.39999771118164
1762231532245,101.60000610351562,352.39999771118164
1762231532263,101.60000610351562,361.39999771118164
1762231532280,101.60000610351562,371.39999771118164
1762231532298,101.60000610351562,378.39999771118164
1762231532324,101.60000610351562,385.39999771118164
1762231532341,101.60000610351562,386.39999771118164
1762231532359,101.60000610351562,388.39999771118164
1762231532377,101.60000610351562,390.39999771118164
1762231532442,102.60000610351562,390.39999771118164
1762231532481,102.60000610351562,390.39999771118164
1762231532502,103.60000610351562,384.39999771118164
1762231532521,103.60000610351562,379.39999771118164
1762231532538,104.60000610351562,369.39999771118164
1762231532555,106.60000610351562,358.39999771118164
1762231532572,106.60000610351562,351.39999771118164
1762231532590,108.60000610351562,346.39999771118164
1762231532607,109.60000610351562,341.39999771118164
1762231532624,109.60000610351562,338.39999771118164
1762231532641,109.60000610351562,336.39999771118164
1762231532658,109.60000610351562,335.39999771118164
1762231532771,108.60000610351562,339.39999771118164
1762231532810,104.60000610351562,353.39999771118164
1762231532829,102.60000610351562,361.39999771118164
1762231532847,102.60000610351562,362.39999771118164
1762231532865,102.60000610351562,365.39999771118164
1762231532955,102.60000610351562,364.39999771118164
1762231532994,100.60000610351562,361.39999771118164
1762231533013,100.60000610351562,352.39999771118164
1762231533031,100.60000610351562,347.39999771118164
1762231533049,100.60000610351562,341.39999771118164
1762231533067,100.60000610351562,336.39999771118164
1762231533084,101.60000610351562,328.39999771118164
1762231533101,101.60000610351562,323.39999771118164
1762231533119,101.60000610351562,320.39999771118164
1762231533137,101.60000610351562,316.39999771118164
1762231533154,101.60000610351562,314.39999771118164
1762231533174,101.60000610351562,307.39999771118164
1762231533206,101.60000610351562,307.39999771118164
1762231533223,101.60000610351562,305.39999771118164
1762231533331,101.60000610351562,306.39999771118164
1762231533375,101.60000610351562,318.39999771118164
1762231533391,101.60000610351562,321.39999771118164
1762231533408,101.60000610351562,323.39999771118164
1762231533425,101.60000610351562,326.39999771118164
1762231533442,101.60000610351562,328.39999771118164
1762231533459,101.60000610351562,331.39999771118164
1762231533476,101.60000610351562,332.39999771118164
1762231533611,101.60000610351562,331.39999771118164
1762231533651,103.60000610351562,322.39999771118164
1762231533670,106.60000610351562,319.39999771118164
1762231533688,106.60000610351562,316.39999771118164
1762231533705,108.60000610351562,315.39999771118164
1762231533722,108.60000610351562,314.39999771118164
1762231533738,108.60000610351562,312.39999771118164
1762231533915,108.60000610351562,313.39999771118164
1762231533956,108.60000610351562,320.39999771118164
1762231533974,108.60000610351562,323.39999771118164
1762231533991,108.60000610351562,325.39999771118164
1762231534008,108.60000610351562,326.39999771118164
1762231534082,108.60000610351562,326.39999771118164
1762231534226,108.60000610351562,326.39999771118164
1762231534257,108.60000610351562,320.39999771118164
1762231534278,108.60000610351562,314.39999771118164
1762231534296,108.60000610351562,312.39999771118164
1762231534313,108.60000610351562,308.39999771118164
1762231534330,109.60000610351562,307.39999771118164
1762231534811,109.60000610351562,307.39999771118164
1762231534823,110.60000610351562,308.39999771118164
1762231534839,111.60000610351562,310.39999771118164
1762231534855,112.60000610351562,313.39999771118164
1762231534877,115.60000610351562,315.39999771118164
1762231534893,115.60000610351562,318.39999771118164
1762231534909,117.60000610351562,319.39999771118164
1762231534926,118.60000610351562,321.39999771118164
1762231534943,119.60000610351562,325.39999771118164
1762231534959,119.60000610351562,327.39999771118164
1762231534976,122.60000610351562,332.39999771118164
1762231534993,123.60000610351562,333.39999771118164
1762231535009,124.60000610351562,336.39999771118164
1762231535026,125.60000610351562,338.39999771118164
1762231535042,128.60000610351562,341.39999771118164
1762231535059,128.60000610351562,342.39999771118164
1762231535078,129.60000610351562,344.39999771118164
1762231535102,131.60000610351562,344.39999771118164
1762231535110,132.60000610351562,344.39999771118164
1762231535126,134.60000610351562,343.39999771118164
1762231535142,136.60000610351562,342.39999771118164
1762231535159,140.60000610351562,341.39999771118164
1762231535176,141.60000610351562,341.39999771118164
1762231535192,144.60000610351562,340.39999771118164
1762231535209,146.60000610351562,340.39999771118164
1762231535225,148.60000610351562,340.39999771118164
1762231535254,149.60000610351562,341.39999771118164
1762231535309,149.60000610351562,341.39999771118164
1762231535359,149.60000610351562,342.39999771118164
1762231535615,149.60000610351562,341.39999771118164
1762231535627,149.60000610351562,339.39999771118164
1762231535640,149.60000610351562,336.39999771118164
1762231535659,149.60000610351562,335.39999771118164
1762231535675,151.60000610351562,332.39999771118164
1762231535692,151.60000610351562,330.39999771118164
1762231535709,151.60000610351562,327.39999771118164
1762231535725,151.60000610351562,325.39999771118164
1762231535742,152.60000610351562,324.39999771118164
1762231536175,152.60000610351562,323.39999771118164
1762231536188,152.60000610351562,323.39999771118164
1762231536207,151.60000610351562,322.39999771118164
1762231536259,150.60000610351562,321.39999771118164
1762231536275,150.60000610351562,321.39999771118164
1762231536647,150.60000610351562,320.39999771118164
1762231536655,149.60000610351562,321.39999771118164
1762231536750,148.60000610351562,321.39999771118164
1762231536766,148.60000610351562,322.39999771118164
1762231536774,147.60000610351562,324.39999771118164
1762231536791,146.60000610351562,325.39999771118164
1762231536808,143.60000610351562,329.39999771118164
1762231536824,142.60000610351562,331.39999771118164
1762231536841,139.60000610351562,333.39999771118164
1762231536857,139.60000610351562,334.39999771118164
1762231536874,138.60000610351562,335.39999771118164
1762231536894,137.60000610351562,335.39999771118164
1762231537279,137.60000610351562,334.39999771118164
1762231537291,136.60000610351562,333.39999771118164
1762231537306,135.60000610351562,333.39999771118164
1762231537324,135.60000610351562,331.39999771118164
1762231537341,135.60000610351562,329.39999771118164
1762231537357,135.60000610351562,326.39999771118164
1762231537374,135.60000610351562,325.39999771118164
1762231537390,135.60000610351562,324.39999771118164
1762231537407,135.60000610351562,322.39999771118164
1762231537424,135.60000610351562,321.39999771118164
1762231537446,135.60000610351562,320.39999771118164
1762231537470,133.60000610351562,318.39999771118164
1762231537486,133.60000610351562,318.39999771118164
1762231537502,132.60000610351562,317.39999771118164
1762231537550,131.60000610351562,315.39999771118164
1762231537855,130.60000610351562,315.39999771118164
1762231537870,129.60000610351562,314.39999771118164
1762231537886,129.60000610351562,313.39999771118164
1762231537894,128.60000610351562,312.39999771118164
1762231537918,127.60000610351562,312.39999771118164
1762231537926,126.60000610351562,312.39999771118164
1762231537974,125.60000610351562,310.39999771118164
1762231538023,124.60000610351562,309.39999771118164
1762231538054,124.60000610351562,309.39999771118164
1762231538062,123.60000610351562,309.39999771118164
1762231538134,122.60000610351562,309.39999771118164
1762231538511,122.60000610351562,309.39999771118164
1762231538595,122.60000610351562,309.39999771118164
1762231538888,122.60000610351562,308.39999771118164
1762231538918,122.60000610351562,308.39999771118164
1762231539227,122.60000610351562,307.39999771118164
1762231539703,123.60000610351562,308.39999771118164
1762231540223,123.60000610351562,307.39999771118164
1762231540238,123.60000610351562,305.39999771118164
1762231540255,126.60000610351562,298.39999771118164
1762231540271,134.60000610351562,286.39999771118164
1762231540288,141.60000610351562,266.39999771118164
1762231540305,147.60000610351562,248.39999771118164
1762231540321,150.60000610351562,208.39999771118164
1762231540338,151.60000610351562,184.39999771118164
1762231540354,151.60000610351562,168.39999771118164
1762231540372,153.60000610351562,156.39999771118164
1762231540385,153.60000610351562,148.39999771118164
1762231540402,152.60000610351562,134.39999771118164
1762231540419,147.60000610351562,124.39999771118164
1762231540435,144.60000610351562,120.39999771118164
1762231540454,141.60000610351562,115.39999771118164
1762231540471,139.60000610351562,113.39999771118164
1762231540488,139.60000610351562,112.39999771118164
1762231540504,138.60000610351562,111.39999771118164
1762231540554,138.60000610351562,111.39999771118164
1762231540814,137.60000610351562,111.39999771118164
1762231540829,136.60000610351562,110.39999771118164
1762231540838,136.60000610351562,109.39999771118164
1762231540870,135.60000610351562,109.39999771118164
1762231540878,134.60000610351562,109.39999771118164
1762231540887,134.60000610351562,108.39999771118164
1762231540904,131.60000610351562,106.39999771118164
1762231540921,129.60000610351562,106.39999771118164
1762231540970,129.60000610351562,106.39999771118164
1762231540987,127.60000610351562,104.39999771118164
1762231541004,127.60000610351562,104.39999771118164
1762231541151,127.60000610351562,103.39999771118164
1762231541158,127.60000610351562,100.39999771118164
1762231541171,127.60000610351562,96.39999771118164
1762231541187,130.60000610351562,81.39999771118164
1762231541204,135.60000610351562,64.39999771118164
1762231541221,138.60000610351562,50.39999771118164
1762231541237,140.60000610351562,31.39999771118164
1762231541254,140.60000610351562,22.39999771118164
1762231541270,140.60000610351562,17.39999771118164
1762231541287,140.60000610351562,12.39999771118164
1762231541305,140.60000610351562,8.39999771118164
1762231541335,141.60000610351562,7.399997711181641
1762231541342,143.60000610351562,10.39999771118164
1762231541354,145.60000610351562,15.39999771118164
1762231541454,145.60000610351562,15.39999771118164
1762231541470,140.60000610351562,18.39999771118164
1762231541487,138.60000610351562,19.39999771118164
1762231541510,136.60000610351562,19.39999771118164
1762231541525,135.60000610351562,19.39999771118164
1762231541570,134.60000610351562,19.39999771118164
1762231541587,131.60000610351562,19.39999771118164
1762231541603,130.60000610351562,19.39999771118164
1762231541620,127.60000610351562,17.39999771118164
1762231541637,127.60000610351562,15.39999771118164
1762231541653,126.60000610351562,11.39999771118164
1762231541672,126.60000610351562,7.399997711181641
1762231541688,126.60000610351562,4.399997711181641
1762231541705,126.60000610351562,1.3999977111816406
1762231541722,126.60000610351562,-0.6000022888183594
1762231542635,113.60000610351562,5.399997711181641
1762231542651,113.60000610351562,12.39999771118164
1762231542668,113.60000610351562,18.39999771118164
1762231542685,113.60000610351562,26.39999771118164
1762231542701,113.60000610351562,32.39999771118164
1762231542718,113.60000610351562,37.39999771118164
1762231542735,113.60000610351562,40.39999771118164
1762231542752,113.60000610351562,42.39999771118164
1762231542773,113.60000610351562,44.39999771118164
1762231542818,113.60000610351562,45.39999771118164
1762231542902,114.60000610351562,44.39999771118164
1762231542918,114.60000610351562,41.39999771118164
1762231542935,114.60000610351562,39.39999771118164
1762231542951,115.60000610351562,36.39999771118164
1762231542968,115.60000610351562,36.39999771118164
1762231542985,116.60000610351562,33.39999771118164
1762231543001,116.60000610351562,32.39999771118164
1762231543018,118.60000610351562,29.39999771118164
1762231543035,118.60000610351562,28.39999771118164
1762231543051,119.60000610351562,26.39999771118164
1762231543070,119.60000610351562,24.39999771118164
1762231543118,119.60000610351562,24.39999771118164
1762231543254,119.60000610351562,25.39999771118164
1762231543268,119.60000610351562,25.39999771118164
1762231543284,119.60000610351562,27.39999771118164
1762231543301,120.60000610351562,28.39999771118164
1762231543317,121.60000610351562,29.39999771118164
1762231543398,122.60000610351562,29.39999771118164
1762231543630,121.60000610351562,29.39999771118164
1762231544202,121.60000610351562,29.39999771118164
1762231544357,120.60000610351562,29.39999771118164
1762231544495,119.60000610351562,29.39999771118164
1762231544501,118.60000610351562,30.39999771118164
1762231544514,117.60000610351562,32.39999771118164
1762231544533,114.60000610351562,33.39999771118164
1762231544550,113.60000610351562,33.39999771118164
1762231544567,113.60000610351562,35.39999771118164
1762231544584,113.60000610351562,37.39999771118164
1762231544600,113.60000610351562,38.39999771118164
1762231544617,114.60000610351562,40.39999771118164
1762231544634,116.60000610351562,40.39999771118164
1762231544650,123.60000610351562,40.39999771118164
1762231544667,129.60000610351562,40.39999771118164
1762231544684,136.60000610351562,40.39999771118164
1762231544700,144.60000610351562,40.39999771118164
1762231544716,149.60000610351562,39.39999771118164
1762231544733,152.60000610351562,39.39999771118164
1762231544757,153.60000610351562,39.39999771118164
1762231544766,154.60000610351562,39.39999771118164
1762231544817,157.60000610351562,37.39999771118164
1762231544911,157.60000610351562,36.39999771118164
1762231544918,157.60000610351562,35.39999771118164
1762231544933,157.60000610351562,34.39999771118164
1762231544950,157.60000610351562,33.39999771118164
1762231544982,157.60000610351562,32.39999771118164
1762231545034,157.60000610351562,33.39999771118164
1762231545050,155.60000610351562,35.39999771118164
1762231545067,154.60000610351562,36.39999771118164
1762231545083,154.60000610351562,38.39999771118164
1762231545100,154.60000610351562,40.39999771118164
1762231545116,154.60000610351562,41.39999771118164
1762231545133,154.60000610351562,43.39999771118164
1762231545149,154.60000610351562,43.39999771118164
1762231545223,153.60000610351562,44.39999771118164
1762231545239,151.60000610351562,45.39999771118164
1762231545249,150.60000610351562,46.39999771118164
1762231545266,148.60000610351562,49.39999771118164
1762231545283,144.60000610351562,51.39999771118164
1762231545299,141.60000610351562,53.39999771118164
1762231545316,138.60000610351562,56.39999771118164
1762231545333,136.60000610351562,59.39999771118164
1762231545349,135.60000610351562,60.39999771118164
1762231545366,132.60000610351562,62.39999771118164
1762231545382,131.60000610351562,65.39999771118164
1762231545399,130.60000610351562,66.39999771118164
1762231545416,128.60000610351562,68.39999771118164
1762231545433,128.60000610351562,69.39999771118164
1762231545449,127.60000610351562,72.39999771118164
1762231545466,125.60000610351562,74.39999771118164
1762231545482,125.60000610351562,75.39999771118164
1762231545499,124.60000610351562,77.39999771118164
1762231545516,124.60000610351562,79.39999771118164
1762231545532,123.60000610351562,81.39999771118164
1762231545549,122.60000610351562,85.39999771118164
1762231545566,121.60000610351562,85.39999771118164
1762231545597,121.60000610351562,86.39999771118164
1762231545710,121.60000610351562,85.39999771118164
1762231545717,121.60000610351562,84.39999771118164
1762231545732,122.60000610351562,83.39999771118164
1762231545749,122.60000610351562,78.39999771118164
1762231545765,122.60000610351562,75.39999771118164
1762231545782,122.60000610351562,72.39999771118164
1762231545799,122.60000610351562,70.39999771118164
1762231545815,122.60000610351562,68.39999771118164
1762231545832,122.60000610351562,66.39999771118164
1762231545849,122.60000610351562,65.39999771118164
1762231545865,122.60000610351562,64.39999771118164
1762231545882,122.60000610351562,63.39999771118164
1762231545899,121.60000610351562,62.39999771118164
1762231545915,120.60000610351562,61.39999771118164
1762231546062,120.60000610351562,61.39999771118164
1762231546093,120.60000610351562,60.39999771118164
1762231546101,120.60000610351562,59.39999771118164
1762231546115,120.60000610351562,57.39999771118164
1762231546132,120.60000610351562,55.39999771118164
1762231546149,120.60000610351562,52.39999771118164
1762231546165,120.60000610351562,49.39999771118164
1762231546182,120.60000610351562,48.39999771118164
1762231546198,121.60000610351562,47.39999771118164
1762231546215,121.60000610351562,45.39999771118164
1762231546232,122.60000610351562,45.39999771118164
1762231546248,122.60000610351562,43.39999771118164
1762231546265,122.60000610351562,42.39999771118164
1762231546282,122.60000610351562,41.39999771118164
1762231546299,122.60000610351562,40.39999771118164
1762231546366,122.60000610351562,38.39999771118164
1762231546447,122.60000610351562,38.39999771118164
1762231546511,121.60000610351562,38.39999771118164
1762231546517,120.60000610351562,38.39999771118164
1762231546655,120.60000610351562,38.39999771118164
1762231546665,118.60000610351562,37.39999771118164
1762231546718,117.60000610351562,36.39999771118164
1762231546741,116.60000610351562,36.39999771118164
1762231546814,116.60000610351562,36.39999771118164
1762231546821,114.60000610351562,35.39999771118164
1762231546864,114.60000610351562,35.39999771118164
1762231546915,113.60000610351562,34.39999771118164
1762231546964,112.60000610351562,34.39999771118164
1762231547137,111.60000610351562,34.39999771118164
1762231547202,112.60000610351562,34.39999771118164
1762231547254,115.60000610351562,35.39999771118164
1762231547271,116.60000610351562,36.39999771118164
1762231547312,116.60000610351562,37.39999771118164
1762231547378,116.60000610351562,38.39999771118164
1762231547414,115.60000610351562,39.39999771118164
1762231547432,112.60000610351562,39.39999771118164
1762231547449,112.60000610351562,39.39999771118164
1762231547466,110.60000610351562,41.39999771118164
1762231547578,109.60000610351562,42.39999771118164
1762231547617,110.60000610351562,44.39999771118164
1762231547635,111.60000610351562,44.39999771118164
1762231547651,112.60000610351562,44.39999771118164
1762231547668,113.60000610351562,44.39999771118164
1762231547685,114.60000610351562,44.39999771118164
1762231547702,116.60000610351562,46.39999771118164
1762231547720,116.60000610351562,47.39999771118164
1762231547737,116.60000610351562,47.39999771118164
1762231547754,117.60000610351562,49.39999771118164
1762231547771,117.60000610351562,50.39999771118164
1762231547788,117.60000610351562,51.39999771118164
1762231547805,117.60000610351562,52.39999771118164
1762231547922,117.60000610351562,54.39999771118164
1762231547961,117.60000610351562,56.39999771118164
1762231547986,117.60000610351562,56.39999771118164
1762231548017,117.60000610351562,57.39999771118164
1762231548034,117.60000610351562,57.39999771118164
1762231548051,117.60000610351562,59.39999771118164
1762231548067,117.60000610351562,60.39999771118164
1762231548210,117.60000610351562,61.39999771118164
1762231548257,117.60000610351562,65.39999771118164
1762231548288,116.60000610351562,66.39999771118164
1762231548305,116.60000610351562,67.39999771118164
1762231548322,116.60000610351562,67.39999771118164
1762231548436,116.60000610351562,66.39999771118164
1762231548477,116.60000610351562,58.39999771118164
1762231548496,116.60000610351562,54.39999771118164
1762231548514,116.60000610351562,50.39999771118164
1762231548532,116.60000610351562,47.39999771118164
1762231548549,116.60000610351562,45.39999771118164
1762231548566,117.60000610351562,43.39999771118164
1762231548583,117.60000610351562,42.39999771118164
1762231548636,117.60000610351562,42.39999771118164
1762231548653,117.60000610351562,41.39999771118164
1762231548670,117.60000610351562,41.39999771118164
1762231548737,118.60000610351562,40.39999771118164
1762231548774,119.60000610351562,40.39999771118164
1762231548808,119.60000610351562,40.39999771118164
1762231548825,120.60000610351562,40.39999771118164
1762231548843,121.60000610351562,40.39999771118164
1762231548860,122.60000610351562,40.39999771118164
1762231548878,124.60000610351562,38.39999771118164
1762231548904,125.60000610351562,37.39999771118164
1762231548920,125.60000610351562,36.39999771118164
1762231549042,126.60000610351562,35.39999771118164
1762231549121,126.60000610351562,35.39999771118164
1762231549160,127.60000610351562,35.39999771118164
1762231549314,128.60000610351562,36.39999771118164
1762231549369,126.60000610351562,38.39999771118164
1762231549417,125.60000610351562,38.39999771118164
1762231549452,123.60000610351562,37.39999771118164
1762231549485,123.60000610351562,36.39999771118164
1762231549518,123.60000610351562,35.39999771118164
1762231549552,125.60000610351562,35.39999771118164
1762231549585,128.60000610351562,35.39999771118164
1762231549618,130.60000610351562,36.39999771118164
1762231549652,131.60000610351562,36.39999771118164
1762231549669,133.60000610351562,38.39999771118164
1762231549686,134.60000610351562,38.39999771118164
1762231549704,135.60000610351562,40.39999771118164
1762231549778,136.60000610351562,41.39999771118164
1762231549832,136.60000610351562,41.39999771118164
1762231549851,138.60000610351562,43.39999771118164
1762231550066,138.60000610351562,43.39999771118164
1762231550107,138.60000610351562,46.39999771118164
1762231550126,138.60000610351562,48.39999771118164
1762231550144,138.60000610351562,50.39999771118164
1762231550162,138.60000610351562,51.39999771118164
1762231550330,138.60000610351562,50.39999771118164
1762231550384,138.60000610351562,42.39999771118164
1762231550403,138.60000610351562,40.39999771118164
1762231550421,138.60000610351562,37.39999771118164
1762231550438,138.60000610351562,36.39999771118164
1762231550456,138.60000610351562,33.39999771118164
1762231550474,137.60000610351562,32.39999771118164
1762231550534,136.60000610351562,32.39999771118164
1762231550568,135.60000610351562,31.39999771118164
1762231550634,135.60000610351562,29.39999771118164
1762231550672,134.60000610351562,28.39999771118164
1762231550690,133.60000610351562,27.39999771118164
1762231550708,133.60000610351562,26.39999771118164
1762231550809,133.60000610351562,26.39999771118164
1762231550848,132.60000610351562,26.39999771118164
1762231550867,132.60000610351562,26.39999771118164
1762231550901,130.60000610351562,26.39999771118164
1762231550920,129.60000610351562,25.39999771118164
1762231550938,129.60000610351562,24.39999771118164
1762231550967,129.60000610351562,22.39999771118164
1762231550984,129.60000610351562,22.39999771118164
1762231551002,129.60000610351562,20.39999771118164
1762231551019,128.60000610351562,19.39999771118164
1762231551114,127.60000610351562,20.39999771118164
1762231551154,127.60000610351562,24.39999771118164
1762231551181,126.60000610351562,25.39999771118164
1762231551216,126.60000610351562,25.39999771118164
1762231551284,124.60000610351562,25.39999771118164
1762231551324,122.60000610351562,24.39999771118164
1762231551360,121.60000610351562,24.39999771118164
1762231551417,119.60000610351562,23.39999771118164
1762231551450,118.60000610351562,23.39999771118164
1762231551470,117.60000610351562,23.39999771118164
1762231551488,115.60000610351562,23.39999771118164
1762231551506,114.60000610351562,22.39999771118164
1762231551524,113.60000610351562,21.39999771118164
1762231551542,112.60000610351562,21.39999771118164
1762231551567,110.60000610351562,21.39999771118164
1762231551583,110.60000610351562,20.39999771118164
1762231551601,109.60000610351562,19.39999771118164
1762231551667,108.60000610351562,19.39999771118164
1762231551733,108.60000610351562,19.39999771118164
1762231551773,104.60000610351562,19.39999771118164
1762231551792,102.60000610351562,20.39999771118164
1762231551810,102.60000610351562,20.39999771118164
1762231551828,100.60000610351562,21.39999771118164
1762231551845,99.60000610351562,22.39999771118164
1762231551862,97.60000610351562,24.39999771118164
1762231551880,96.60000610351562,25.39999771118164
1762231551897,95.60000610351562,26.39999771118164
1762231551915,95.60000610351562,27.39999771118164
1762231551932,93.60000610351562,29.39999771118164
1762231551950,91.60000610351562,29.39999771118164
1762231551968,91.60000610351562,30.39999771118164
1762231551985,90.60000610351562,31.39999771118164
1762231552003,89.60000610351562,32.39999771118164
1762231552033,87.60000610351562,32.39999771118164
1762231552051,86.60000610351562,33.39999771118164
1762231552088,86.60000610351562,35.39999771118164
1762231552116,86.60000610351562,36.39999771118164
1762231552234,86.60000610351562,36.39999771118164
1762231552276,88.60000610351562,37.39999771118164
1762231552304,88.60000610351562,38.39999771118164
1762231552344,89.60000610351562,39.39999771118164
1762231552364,89.60000610351562,39.39999771118164
1762231552399,89.60000610351562,42.39999771118164
1762231552418,89.60000610351562,43.39999771118164
1762231552602,90.60000610351562,42.39999771118164
1762231552643,94.60000610351562,35.39999771118164
1762231552663,96.60000610351562,33.39999771118164
1762231552681,98.60000610351562,30.39999771118164
1762231552701,100.60000610351562,28.39999771118164
1762231552719,101.60000610351562,26.39999771118164
1762231552738,102.60000610351562,24.39999771118164
1762231552757,102.60000610351562,23.39999771118164
1762231552775,102.60000610351562,21.39999771118164
1762231552794,102.60000610351562,19.39999771118164
1762231552811,103.60000610351562,17.39999771118164
1762231552829,105.60000610351562,16.39999771118164
1762231552847,105.60000610351562,16.39999771118164
1762231552866,105.60000610351562,14.39999771118164
1762231552883,107.60000610351562,12.39999771118164
1762231552916,109.60000610351562,12.39999771118164
1762231552935,109.60000610351562,12.39999771118164
1762231552953,113.60000610351562,12.39999771118164
1762231552972,114.60000610351562,12.39999771118164
1762231552990,116.60000610351562,12.39999771118164
1762231553015,116.60000610351562,12.39999771118164
1762231553033,118.60000610351562,12.39999771118164
1762231553051,119.60000610351562,13.39999771118164
1762231553082,121.60000610351562,14.39999771118164
1762231553128,122.60000610351562,15.39999771118164
1762231553147,123.60000610351562,15.39999771118164
1762231553192,123.60000610351562,15.39999771118164
1762231553212,124.60000610351562,17.39999771118164
1762231553232,125.60000610351562,18.39999771118164
1762231553251,125.60000610351562,19.39999771118164
1762231553282,127.60000610351562,19.39999771118164
1762231553349,128.60000610351562,19.39999771118164
1762231553398,126.60000610351562,20.39999771118164
1762231553417,122.60000610351562,20.39999771118164
1762231553437,119.60000610351562,20.39999771118164
1762231553456,116.60000610351562,20.39999771118164
1762231553475,114.60000610351562,20.39999771118164
1762231553494,114.60000610351562,20.39999771118164
1762231553513,111.60000610351562,20.39999771118164
1762231553531,110.60000610351562,22.39999771118164
1762231553550,109.60000610351562,23.39999771118164
1762231553568,107.60000610351562,25.39999771118164
1762231553587,106.60000610351562,27.39999771118164
1762231553606,104.60000610351562,29.39999771118164
1762231553625,103.60000610351562,31.39999771118164
1762231553644,103.60000610351562,33.39999771118164
1762231553662,102.60000610351562,35.39999771118164
1762231553681,102.60000610351562,35.39999771118164
1762231553700,102.60000610351562,39.39999771118164
1762231553718,101.60000610351562,39.39999771118164
1762231553737,101.60000610351562,40.39999771118164
1762231553841,101.60000610351562,41.39999771118164
1762231553883,104.60000610351562,39.39999771118164
1762231553903,107.60000610351562,36.39999771118164
1762231553923,110.60000610351562,33.39999771118164
1762231553943,113.60000610351562,33.39999771118164
1762231553963,114.60000610351562,33.39999771118164
1762231553982,115.60000610351562,33.39999771118164
1762231554001,117.60000610351562,33.39999771118164
1762231554065,117.60000610351562,33.39999771118164
1762231554097,118.60000610351562,34.39999771118164
1762231554131,118.60000610351562,35.39999771118164
1762231554152,116.60000610351562,37.39999771118164
1762231554172,113.60000610351562,38.39999771118164
1762231554194,113.60000610351562,38.39999771118164
1762231554214,111.60000610351562,38.39999771118164
1762231554233,109.60000610351562,39.39999771118164
1762231554252,108.60000610351562,39.39999771118164
1762231554281,106.60000610351562,39.39999771118164
1762231554314,106.60000610351562,39.39999771118164
1762231554333,104.60000610351562,40.39999771118164
1762231554353,103.60000610351562,40.39999771118164
1762231554381,103.60000610351562,41.39999771118164
1762231554414,101.60000610351562,42.39999771118164
1762231554433,101.60000610351562,44.39999771118164
1762231554465,100.60000610351562,46.39999771118164
1762231554494,99.60000610351562,47.39999771118164
1762231554514,98.60000610351562,48.39999771118164
1762231554533,98.60000610351562,49.39999771118164
1762231554617,98.60000610351562,49.39999771118164
1762231554659,96.60000610351562,45.39999771118164
1762231554679,96.60000610351562,43.39999771118164
1762231554700,95.60000610351562,40.39999771118164
1762231554720,95.60000610351562,38.39999771118164
1762231554740,95.60000610351562,37.39999771118164
1762231554809,95.60000610351562,37.39999771118164
1762231554851,101.60000610351562,35.39999771118164
1762231554872,102.60000610351562,35.39999771118164
1762231554891,104.60000610351562,35.39999771118164
1762231554910,106.60000610351562,35.39999771118164
1762231554930,106.60000610351562,35.39999771118164
1762231554949,108.60000610351562,35.39999771118164
1762231554980,109.60000610351562,35.39999771118164
1762231554999,111.60000610351562,36.39999771118164
1762231555019,113.60000610351562,36.39999771118164
1762231555038,115.60000610351562,36.39999771118164
1762231555058,118.60000610351562,36.39999771118164
1762231555077,120.60000610351562,36.39999771118164
1762231555096,123.60000610351562,36.39999771118164
1762231555115,125.60000610351562,36.39999771118164
1762231555135,127.60000610351562,36.39999771118164
1762231555167,128.60000610351562,36.39999771118164
1762231555197,128.60000610351562,36.39999771118164
1762231555215,129.60000610351562,37.39999771118164
1762231555235,130.60000610351562,38.39999771118164
1762231555263,131.60000610351562,40.39999771118164
1762231555282,131.60000610351562,40.39999771118164
1762231555301,132.60000610351562,40.39999771118164
1762231555335,133.60000610351562,40.39999771118164
1762231555355,134.60000610351562,41.39999771118164
1762231555374,134.60000610351562,42.39999771118164
1762231555394,135.60000610351562,43.39999771118164
1762231555447,136.60000610351562,44.39999771118164
1762231555569,136.60000610351562,45.39999771118164
1762231555614,133.60000610351562,46.39999771118164
1762231555635,132.60000610351562,46.39999771118164
1762231555655,130.60000610351562,46.39999771118164
1762231555675,129.60000610351562,46.39999771118164
1762231555695,128.60000610351562,46.39999771118164
1762231555730,126.60000610351562,45.39999771118164
1762231555749,125.60000610351562,43.39999771118164
1762231555769,125.60000610351562,41.39999771118164
1762231555790,125.60000610351562,37.39999771118164
1762231555809,125.60000610351562,37.39999771118164
1762231555829,125.60000610351562,35.39999771118164
1762231555848,125.60000610351562,34.39999771118164
1762231555879,124.60000610351562,34.39999771118164
1762231555899,123.60000610351562,32.39999771118164
1762231555936,122.60000610351562,32.39999771118164
1762231555955,121.60000610351562,32.39999771118164
1762231555975,119.60000610351562,31.39999771118164
1762231555995,117.60000610351562,31.39999771118164
1762231556015,116.60000610351562,31.39999771118164
1762231556035,113.60000610351562,31.39999771118164
1762231556055,111.60000610351562,31.39999771118164
1762231556079,109.60000610351562,31.39999771118164
1762231556099,107.60000610351562,31.39999771118164
1762231556119,106.60000610351562,31.39999771118164
1762231556139,102.60000610351562,31.39999771118164
1762231556158,101.60000610351562,32.39999771118164
1762231556313,99.60000610351562,32.39999771118164
1762231556355,96.60000610351562,34.39999771118164
1762231556376,96.60000610351562,34.39999771118164
1762231556398,95.60000610351562,34.39999771118164
1762231556546,95.60000610351562,34.39999771118164
1762231556587,95.60000610351562,30.39999771118164
1762231556608,95.60000610351562,28.39999771118164
1762231556629,95.60000610351562,25.39999771118164
1762231556650,96.60000610351562,24.39999771118164
1762231556670,97.60000610351562,23.39999771118164
1762231556689,98.60000610351562,22.39999771118164
1762231556712,98.60000610351562,21.39999771118164
1762231556745,99.60000610351562,21.39999771118164
1762231556833,100.60000610351562,20.39999771118164
1762231556875,107.60000610351562,17.39999771118164
1762231556897,108.60000610351562,15.39999771118164
1762231556917,108.60000610351562,15.39999771118164
1762231556938,109.60000610351562,15.39999771118164
1762231556995,110.60000610351562,14.39999771118164
1762231557015,113.60000610351562,14.39999771118164
1762231557035,114.60000610351562,14.39999771118164
1762231557055,115.60000610351562,14.39999771118164
1762231557074,116.60000610351562,14.39999771118164
1762231557095,117.60000610351562,14.39999771118164
1762231557114,118.60000610351562,14.39999771118164
1762231557134,120.60000610351562,15.39999771118164
1762231557153,121.60000610351562,16.39999771118164
1762231557173,122.60000610351562,17.39999771118164
1762231557192,124.60000610351562,18.39999771118164
1762231557212,124.60000610351562,19.39999771118164
1762231557231,125.60000610351562,20.39999771118164
1762231557262,126.60000610351562,20.39999771118164
1762231557281,127.60000610351562,20.39999771118164
1762231557312,129.60000610351562,21.39999771118164
1762231557330,130.60000610351562,21.39999771118164
1762231557350,131.60000610351562,22.39999771118164
1762231557378,133.60000610351562,24.39999771118164
1762231557397,134.60000610351562,24.39999771118164
1762231557418,135.60000610351562,24.39999771118164
1762231557445,138.60000610351562,26.39999771118164
1762231557464,138.60000610351562,27.39999771118164
1762231557485,139.60000610351562,28.39999771118164
1762231557505,140.60000610351562,28.39999771118164
1762231557524,140.60000610351562,30.39999771118164
1762231557545,140.60000610351562,31.39999771118164
1762231557564,140.60000610351562,33.39999771118164
1762231557583,140.60000610351562,35.39999771118164
1762231557604,140.60000610351562,37.39999771118164
1762231557623,140.60000610351562,38.39999771118164
1762231557647,140.60000610351562,39.39999771118164
1762231557667,140.60000610351562,40.39999771118164
1762231557687,140.60000610351562,42.39999771118164
1762231557707,140.60000610351562,42.39999771118164
1762231557913,140.60000610351562,42.39999771118164
1762231557955,140.60000610351562,36.39999771118164
1762231557976,140.60000610351562,36.39999771118164
1762231557995,140.60000610351562,33.39999771118164
1762231558015,140.60000610351562,32.39999771118164
1762231558035,140.60000610351562,29.39999771118164
1762231558055,140.60000610351562,28.39999771118164
1762231558074,139.60000610351562,26.39999771118164
1762231558094,138.60000610351562,25.39999771118164
1762231558128,138.60000610351562,25.39999771118164
1762231558147,138.60000610351562,24.39999771118164
1762231558169,137.60000610351562,24.39999771118164
1762231558190,135.60000610351562,23.39999771118164
1762231558223,134.60000610351562,22.39999771118164
1762231558277,133.60000610351562,22.39999771118164
1762231558303,133.60000610351562,22.39999771118164
1762231558323,131.60000610351562,19.39999771118164
1762231558344,130.60000610351562,18.39999771118164
1762231558364,127.60000610351562,18.39999771118164
1762231558384,126.60000610351562,16.39999771118164
1762231558415,124.60000610351562,14.39999771118164
1762231558477,123.60000610351562,14.39999771118164
1762231558577,123.60000610351562,14.39999771118164
1762231558620,117.60000610351562,14.39999771118164
1762231558641,115.60000610351562,14.39999771118164
1762231558662,113.60000610351562,14.39999771118164
1762231558684,110.60000610351562,14.39999771118164
1762231558704,108.60000610351562,14.39999771118164
1762231558724,108.60000610351562,14.39999771118164
1762231558760,106.60000610351562,14.39999771118164
1762231558873,106.60000610351562,14.39999771118164
1762231558927,105.60000610351562,15.39999771118164
1762231558949,104.60000610351562,16.39999771118164
1762231558970,101.60000610351562,16.39999771118164
1762231558990,100.60000610351562,17.39999771118164
1762231559010,98.60000610351562,19.39999771118164
1762231559043,97.60000610351562,20.39999771118164
1762231559064,96.60000610351562,21.39999771118164
1762231559093,95.60000610351562,22.39999771118164
1762231559160,94.60000610351562,23.39999771118164
1762231559182,92.60000610351562,24.39999771118164
1762231559206,91.60000610351562,25.39999771118164
1762231559226,91.60000610351562,26.39999771118164
1762231559246,90.60000610351562,26.39999771118164
1762231559266,89.60000610351562,27.39999771118164
1762231559286,88.60000610351562,29.39999771118164
1762231559311,87.60000610351562,29.39999771118164
1762231559331,87.60000610351562,30.39999771118164
1762231559351,87.60000610351562,31.39999771118164
1762231559391,87.60000610351562,32.39999771118164
1762231559426,87.60000610351562,32.39999771118164
1762231559446,87.60000610351562,33.39999771118164
1762231559466,87.60000610351562,34.39999771118164
1762231559495,87.60000610351562,35.39999771118164
1762231559526,87.60000610351562,38.39999771118164
1762231559546,87.60000610351562,41.39999771118164
1762231559566,87.60000610351562,41.39999771118164
1762231559586,87.60000610351562,43.39999771118164
1762231559605,87.60000610351562,44.39999771118164
1762231559660,87.60000610351562,45.39999771118164
1762231559695,87.60000610351562,45.39999771118164
1762231559881,87.60000610351562,46.39999771118164
1762231559918,89.60000610351562,45.39999771118164
1762231559940,90.60000610351562,45.39999771118164
1762231559961,91.60000610351562,45.39999771118164
1762231559982,93.60000610351562,45.39999771118164
1762231560003,93.60000610351562,45.39999771118164
1762231560024,96.60000610351562,45.39999771118164
1762231560045,98.60000610351562,45.39999771118164
1762231560066,100.60000610351562,45.39999771118164
1762231560087,101.60000610351562,45.39999771118164
1762231560126,102.60000610351562,45.39999771118164
1762231560145,103.60000610351562,45.39999771118164
1762231560176,104.60000610351562,45.39999771118164
1762231560195,104.60000610351562,45.39999771118164
1762231560215,106.60000610351562,45.39999771118164
1762231560235,107.60000610351562,45.39999771118164
1762231560255,109.60000610351562,44.39999771118164
1762231560328,111.60000610351562,44.39999771118164
1762231560368,111.60000610351562,44.39999771118164
1762231560389,112.60000610351562,44.39999771118164
1762231560411,115.60000610351562,45.39999771118164
1762231560529,116.60000610351562,45.39999771118164
1762231560580,118.60000610351562,45.39999771118164
1762231560601,119.60000610351562,45.39999771118164
1762231560622,121.60000610351562,45.39999771118164
1762231560643,121.60000610351562,45.39999771118164
1762231560664,123.60000610351562,45.39999771118164
1762231560684,125.60000610351562,45.39999771118164
1762231560704,126.60000610351562,45.39999771118164
1762231560724,128.60000610351562,45.39999771118164
1762231560744,129.60000610351562,45.39999771118164
1762231560765,129.60000610351562,46.39999771118164
1762231560785,130.60000610351562,47.39999771118164
1762231560842,131.60000610351562,48.39999771118164
1762231560872,131.60000610351562,49.39999771118164
1762231560893,131.60000610351562,51.39999771118164
1762231560914,128.60000610351562,53.39999771118164
1762231560935,126.60000610351562,56.39999771118164
1762231560955,125.60000610351562,58.39999771118164
1762231560975,124.60000610351562,58.39999771118164
1762231561008,124.60000610351562,58.39999771118164
1762231561055,123.60000610351562,58.39999771118164
1762231561075,122.60000610351562,58.39999771118164
1762231561097,120.60000610351562,58.39999771118164
1762231561118,120.60000610351562,58.39999771118164
1762231561138,120.60000610351562,59.39999771118164
1762231561159,120.60000610351562,61.39999771118164
1762231561181,120.60000610351562,63.39999771118164
1762231561202,120.60000610351562,64.39999771118164
1762231561305,119.60000610351562,64.39999771118164
1762231561344,119.60000610351562,64.39999771118164
1762231561365,116.60000610351562,64.39999771118164
1762231561386,115.60000610351562,63.39999771118164
1762231561407,113.60000610351562,59.39999771118164
1762231561428,112.60000610351562,56.39999771118164
1762231561449,112.60000610351562,55.39999771118164
1762231561471,111.60000610351562,52.39999771118164
1762231561492,111.60000610351562,52.39999771118164
1762231561513,111.60000610351562,50.39999771118164
1762231561551,111.60000610351562,49.39999771118164
1762231561729,110.60000610351562,50.39999771118164
1762231561791,109.60000610351562,53.39999771118164
1762231561897,110.60000610351562,53.39999771118164
1762231561941,114.60000610351562,52.39999771118164
1762231561963,115.60000610351562,51.39999771118164
1762231561984,116.60000610351562,51.39999771118164
1762231562005,117.60000610351562,51.39999771118164
1762231562041,118.60000610351562,51.39999771118164
1762231562061,119.60000610351562,51.39999771118164
1762231562091,120.60000610351562,51.39999771118164
1762231562111,121.60000610351562,51.39999771118164
1762231562193,122.60000610351562,51.39999771118164
1762231562236,125.60000610351562,49.39999771118164
1762231562308,125.60000610351562,47.39999771118164
1762231562352,129.60000610351562,43.39999771118164
1762231562577,129.60000610351562,43.39999771118164
1762231562591,129.60000610351562,42.39999771118164
1762231562608,127.60000610351562,42.39999771118164
1762231562640,126.60000610351562,42.39999771118164
1762231562656,125.60000610351562,42.39999771118164
1762231562729,124.60000610351562,42.39999771118164
1762231562961,124.60000610351562,42.39999771118164
1762231563007,123.60000610351562,42.39999771118164
1762231563024,122.60000610351562,43.39999771118164
1762231563175,121.60000610351562,43.39999771118164
1762231563192,120.60000610351562,44.39999771118164
1762231563208,119.60000610351562,44.39999771118164
1762231563224,116.60000610351562,44.39999771118164
1762231563240,114.60000610351562,44.39999771118164
1762231563257,110.60000610351562,45.39999771118164
1762231563273,108.60000610351562,46.39999771118164
1762231563290,107.60000610351562,47.39999771118164
1762231563307,105.60000610351562,47.39999771118164
1762231563328,105.60000610351562,47.39999771118164
1762231563373,103.60000610351562,49.39999771118164
1762231563390,101.60000610351562,50.39999771118164
1762231563407,101.60000610351562,50.39999771118164
1762231563457,100.60000610351562,50.39999771118164
1762231563513,99.60000610351562,50.39999771118164
1762231563561,99.60000610351562,50.39999771118164
1762231563584,98.60000610351562,50.39999771118164
1762231563592,98.60000610351562,50.39999771118164
1762231563665,97.60000610351562,49.39999771118164
1762231563777,97.60000610351562,48.39999771118164
1762231563800,97.60000610351562,48.39999771118164
1762231563825,98.60000610351562,47.39999771118164
1762231563863,99.60000610351562,47.39999771118164
1762231563889,100.60000610351562,47.39999771118164
1762231563909,101.60000610351562,47.39999771118164
1762231563930,102.60000610351562,48.39999771118164
1762231563951,105.60000610351562,50.39999771118164
1762231563982,108.60000610351562,52.39999771118164
1762231564002,110.60000610351562,52.39999771118164
1762231564033,111.60000610351562,54.39999771118164
1762231564065,113.60000610351562,56.39999771118164
1762231564086,113.60000610351562,56.39999771118164
1762231564108,113.60000610351562,57.39999771118164
1762231564129,113.60000610351562,59.39999771118164
1762231564329,115.60000610351562,63.39999771118164
1762231564341,123.60000610351562,75.39999771118164
1762231564354,134.60000610351562,92.39999771118164
1762231564370,158.60000610351562,129.39999771118164
1762231564387,180.60000610351562,163.39999771118164
1762231564403,195.60000610351562,191.39999771118164
1762231564420,199.60000610351562,216.39999771118164
1762231564440,213.60000610351562,241.39999771118164
1762231564456,224.60000610351562,252.39999771118164
1762231564473,232.60000610351562,257.39999771118164
1762231564489,236.60000610351562,257.39999771118164
1762231564539,236.60000610351562,254.39999771118164
1762231564555,237.60000610351562,249.39999771118164
1762231564680,235.60000610351562,249.39999771118164
1762231564688,234.60000610351562,249.39999771118164
1762231564706,223.60000610351562,251.39999771118164
1762231564722,215.60000610351562,256.39999771118164
1762231564739,206.60000610351562,265.39999771118164
1762231564753,198.60000610351562,272.39999771118164
1762231564769,190.60000610351562,279.39999771118164
1762231564786,187.60000610351562,282.39999771118164
1762231564802,181.60000610351562,287.39999771118164
1762231564819,178.60000610351562,290.39999771118164
1762231564835,175.60000610351562,292.39999771118164
1762231564852,171.60000610351562,294.39999771118164
1762231564869,166.60000610351562,296.39999771118164
1762231564886,163.60000610351562,297.39999771118164
1762231564903,161.60000610351562,297.39999771118164
1762231564920,159.60000610351562,297.39999771118164
1762231564936,157.60000610351562,298.39999771118164
1762231564953,155.60000610351562,300.39999771118164
1762231564970,152.60000610351562,300.39999771118164
1762231564986,148.60000610351562,301.39999771118164
1762231565004,144.60000610351562,303.39999771118164
1762231565017,143.60000610351562,304.39999771118164
1762231565033,139.60000610351562,304.39999771118164
1762231565050,137.60000610351562,306.39999771118164
1762231565077,136.60000610351562,306.39999771118164
1762231565120,135.60000610351562,306.39999771118164
1762231565136,135.60000610351562,306.39999771118164
1762231565206,134.60000610351562,306.39999771118164
1762231565219,133.60000610351562,306.39999771118164
1762231565237,132.60000610351562,306.39999771118164
1762231565310,131.60000610351562,306.39999771118164
1762231565353,130.60000610351562,305.39999771118164
1762231565369,129.60000610351562,305.39999771118164
1762231565389,129.60000610351562,305.39999771118164
1762231565413,127.60000610351562,305.39999771118164
1762231565469,127.60000610351562,305.39999771118164
1762231565486,126.60000610351562,306.39999771118164
1762231565550,125.60000610351562,306.39999771118164
1762231565753,125.60000610351562,306.39999771118164
1762231565796,124.60000610351562,307.39999771118164
1762231565818,124.60000610351562,307.39999771118164
1762231565968,123.60000610351562,306.39999771118164
1762231566030,123.60000610351562,304.39999771118164
1762231566096,123.60000610351562,303.39999771118164
1762231566130,123.60000610351562,302.39999771118164
1762231566248,122.60000610351562,302.39999771118164
1762231566335,122.60000610351562,303.39999771118164
1762231566372,122.60000610351562,304.39999771118164
1762231566394,122.60000610351562,306.39999771118164
1762231566416,123.60000610351562,307.39999771118164
1762231566440,123.60000610351562,309.39999771118164
1762231566462,124.60000610351562,311.39999771118164
1762231566529,124.60000610351562,311.39999771118164
1762231566576,125.60000610351562,311.39999771118164
1762231566611,125.60000610351562,311.39999771118164
1762231566634,127.60000610351562,310.39999771118164
1762231566655,127.60000610351562,307.39999771118164
1762231566677,127.60000610351562,307.39999771118164
1762231566699,129.60000610351562,305.39999771118164
1762231566784,129.60000610351562,304.39999771118164
1762231566830,130.60000610351562,304.39999771118164
1762231566853,130.60000610351562,304.39999771118164
1762231566874,132.60000610351562,304.39999771118164
1762231566897,133.60000610351562,304.39999771118164
1762231566918,134.60000610351562,304.39999771118164
1762231566940,135.60000610351562,304.39999771118164
1762231566962,135.60000610351562,305.39999771118164
1762231566996,136.60000610351562,305.39999771118164
1762231567031,137.60000610351562,306.39999771118164
1762231567144,138.60000610351562,306.39999771118164
1762231567190,138.60000610351562,306.39999771118164
1762231567212,140.60000610351562,306.39999771118164
1762231567234,140.60000610351562,307.39999771118164
1762231567263,142.60000610351562,307.39999771118164
1762231567295,143.60000610351562,308.39999771118164
1762231567329,144.60000610351562,309.39999771118164
1762231567351,145.60000610351562,309.39999771118164
1762231567373,146.60000610351562,309.39999771118164
1762231567429,147.60000610351562,309.39999771118164
1762231567450,148.60000610351562,309.39999771118164
1762231567471,149.60000610351562,309.39999771118164
1762231567552,150.60000610351562,309.39999771118164
1762231567612,150.60000610351562,309.39999771118164
1762231567645,152.60000610351562,309.39999771118164
1762231567728,152.60000610351562,309.39999771118164
1762231567778,153.60000610351562,309.39999771118164
1762231567800,154.60000610351562,309.39999771118164
1762231567839,154.60000610351562,310.39999771118164
1762231567895,156.60000610351562,311.39999771118164
1762231568032,156.60000610351562,312.39999771118164
1762231568083,156.60000610351562,312.39999771118164
1762231568151,156.60000610351562,314.39999771118164
1762231568185,156.60000610351562,316.39999771118164
1762231568296,156.60000610351562,317.39999771118164
1762231568341,156.60000610351562,318.39999771118164
1762231568364,156.60000610351562,318.39999771118164
1762231568386,156.60000610351562,320.39999771118164
1762231568409,156.60000610351562,321.39999771118164
1762231568431,156.60000610351562,322.39999771118164
1762231568453,156.60000610351562,323.39999771118164
1762231568511,156.60000610351562,324.39999771118164
1762231568535,157.60000610351562,325.39999771118164
1762231568561,158.60000610351562,326.39999771118164
1762231568594,158.60000610351562,326.39999771118164
1762231568631,158.60000610351562,327.39999771118164
1762231568661,158.60000610351562,328.39999771118164
1762231568682,158.60000610351562,329.39999771118164
1762231568704,158.60000610351562,330.39999771118164
1762231568734,158.60000610351562,331.39999771118164
1762231568794,158.60000610351562,332.39999771118164
1762231568825,158.60000610351562,332.39999771118164
1762231568848,158.60000610351562,334.39999771118164
1762231568870,158.60000610351562,335.39999771118164
1762231568892,158.60000610351562,336.39999771118164
1762231568914,158.60000610351562,337.39999771118164
1762231568937,158.60000610351562,338.39999771118164
1762231568966,157.60000610351562,339.39999771118164
1762231569031,157.60000610351562,340.39999771118164
1762231569077,157.60000610351562,340.39999771118164
1762231569110,156.60000610351562,341.39999771118164
1762231569144,156.60000610351562,341.39999771118164
1762231569166,156.60000610351562,342.39999771118164
1762231569191,156.60000610351562,344.39999771118164
1762231569217,155.60000610351562,345.39999771118164
1762231569239,155.60000610351562,346.39999771118164
1762231569310,155.60000610351562,347.39999771118164
1762231569347,155.60000610351562,348.39999771118164
1762231569370,155.60000610351562,348.39999771118164
1762231569396,154.60000610351562,350.39999771118164
1762231569419,154.60000610351562,350.39999771118164
1762231569441,153.60000610351562,353.39999771118164
1762231569477,153.60000610351562,354.39999771118164
1762231569499,153.60000610351562,355.39999771118164
1762231569521,152.60000610351562,356.39999771118164
1762231569543,151.60000610351562,356.39999771118164
1762231569577,151.60000610351562,357.39999771118164
1762231569599,151.60000610351562,358.39999771118164
1762231569630,150.60000610351562,359.39999771118164
1762231569652,149.60000610351562,360.39999771118164
1762231569710,149.60000610351562,361.39999771118164
1762231569737,149.60000610351562,361.39999771118164
1762231569761,149.60000610351562,364.39999771118164
1762231569783,149.60000610351562,365.39999771118164
1762231569814,149.60000610351562,366.39999771118164
1762231569846,149.60000610351562,367.39999771118164
1762231569886,149.60000610351562,368.39999771118164
1762231569908,149.60000610351562,369.39999771118164
1762231569930,149.60000610351562,370.39999771118164
1762231569953,149.60000610351562,372.39999771118164
1762231569975,149.60000610351562,374.39999771118164
1762231570010,149.60000610351562,375.39999771118164
1762231570032,149.60000610351562,376.39999771118164
1762231570054,149.60000610351562,377.39999771118164
1762231570135,149.60000610351562,378.39999771118164
1762231570174,149.60000610351562,378.39999771118164
1762231570243,149.60000610351562,379.39999771118164
1762231570284,149.60000610351562,381.39999771118164
1762231570308,149.60000610351562,381.39999771118164
1762231570358,149.60000610351562,382.39999771118164
1762231570382,149.60000610351562,383.39999771118164
1762231570406,149.60000610351562,384.39999771118164
1762231570428,149.60000610351562,386.39999771118164
1762231570451,149.60000610351562,386.39999771118164
1762231570474,149.60000610351562,388.39999771118164
1762231570497,150.60000610351562,389.39999771118164
1762231570520,150.60000610351562,390.39999771118164
1762231570543,150.60000610351562,391.39999771118164
1762231570576,150.60000610351562,392.39999771118164
1762231570609,150.60000610351562,393.39999771118164
1762231570631,150.60000610351562,394.39999771118164
1762231570654,150.60000610351562,395.39999771118164
1762231570692,150.60000610351562,397.39999771118164
1762231570726,150.60000610351562,398.39999771118164
1762231570747,150.60000610351562,399.39999771118164
1762231570770,150.60000610351562,401.39999771118164
1762231570794,150.60000610351562,403.39999771118164
1762231570819,150.60000610351562,404.39999771118164
1762231570843,150.60000610351562,406.39999771118164
1762231570868,150.60000610351562,408.39999771118164
1762231570893,150.60000610351562,408.39999771118164
1762231570919,150.60000610351562,410.39999771118164
1762231570945,149.60000610351562,413.39999771118164
1762231570975,149.60000610351562,415.39999771118164
1762231570998,149.60000610351562,415.39999771118164
1762231571025,149.60000610351562,417.39999771118164
1762231571048,149.60000610351562,418.39999771118164
1762231571071,149.60000610351562,419.39999771118164
1762231571094,147.60000610351562,421.39999771118164
1762231571118,147.60000610351562,421.39999771118164
1762231571141,147.60000610351562,422.39999771118164
1762231571175,147.60000610351562,424.39999771118164
1762231571209,147.60000610351562,426.39999771118164
1762231571242,147.60000610351562,426.39999771118164
1762231571263,147.60000610351562,428.39999771118164
1762231571294,147.60000610351562,428.39999771118164
1762231571326,147.60000610351562,430.39999771118164
1762231571358,147.60000610351562,430.39999771118164
1762231571431,147.60000610351562,431.39999771118164
1762231571477,146.60000610351562,432.39999771118164
1762231571500,146.60000610351562,433.39999771118164
1762231571527,146.60000610351562,434.39999771118164
1762231571558,146.60000610351562,435.39999771118164
1762231571592,146.60000610351562,436.39999771118164
1762231571615,145.60000610351562,436.39999771118164
1762231571637,145.60000610351562,437.39999771118164
1762231571675,144.60000610351562,438.39999771118164
1762231571697,144.60000610351562,439.39999771118164
1762231571720,144.60000610351562,440.39999771118164
1762231571742,143.60000610351562,441.39999771118164
1762231571765,141.60000610351562,441.39999771118164
1762231571789,140.60000610351562,441.39999771118164
1762231571813,140.60000610351562,442.39999771118164
1762231571854,140.60000610351562,443.39999771118164
1762231571877,140.60000610351562,444.39999771118164
1762231571900,140.60000610351562,444.39999771118164
1762231571923,140.60000610351562,446.39999771118164
1762231571958,140.60000610351562,446.39999771118164
1762231572032,140.60000610351562,447.39999771118164
1762231572091,140.60000610351562,448.39999771118164
1762231572124,140.60000610351562,449.39999771118164
1762231572158,140.60000610351562,449.39999771118164
1762231572264,140.60000610351562,450.39999771118164
1762231572358,141.60000610351562,449.39999771118164
1762231572402,142.60000610351562,446.39999771118164
1762231572427,142.60000610351562,446.39999771118164
1762231572451,142.60000610351562,445.39999771118164
1762231572476,143.60000610351562,444.39999771118164
1762231572499,144.60000610351562,443.39999771118164
1762231572523,145.60000610351562,442.39999771118164
1762231572768,145.60000610351562,443.39999771118164
1762231572816,145.60000610351562,444.39999771118164
1762231572841,143.60000610351562,446.39999771118164
1762231572865,143.60000610351562,447.39999771118164
1762231572889,143.60000610351562,448.39999771118164
1762231572913,143.60000610351562,451.39999771118164
1762231572937,143.60000610351562,451.39999771118164
1762231572962,143.60000610351562,454.39999771118164
1762231573024,143.60000610351562,455.39999771118164
1762231573066,143.60000610351562,456.39999771118164
1762231573091,143.60000610351562,458.39999771118164
1762231573124,143.60000610351562,460.39999771118164
1762231573146,143.60000610351562,460.39999771118164
1762231573207,143.60000610351562,461.39999771118164
1762231573240,143.60000610351562,462.39999771118164
1762231573262,143.60000610351562,463.39999771118164
1762231573294,143.60000610351562,464.39999771118164
1762231573318,142.60000610351562,464.39999771118164
1762231573357,141.60000610351562,465.39999771118164
1762231573390,141.60000610351562,466.39999771118164
1762231573423,140.60000610351562,468.39999771118164
1762231573447,140.60000610351562,468.39999771118164
1762231573470,139.60000610351562,468.39999771118164
1762231573540,138.60000610351562,469.39999771118164
1762231573579,138.60000610351562,469.39999771118164
1762231573606,138.60000610351562,470.39999771118164
1762231573631,138.60000610351562,471.39999771118164
1762231573671,138.60000610351562,471.39999771118164
1762231573706,138.60000610351562,472.39999771118164
1762231573729,138.60000610351562,473.39999771118164
1762231573753,138.60000610351562,475.39999771118164
1762231573776,138.60000610351562,476.39999771118164
1762231573800,138.60000610351562,477.39999771118164
1762231573824,138.60000610351562,480.39999771118164
1762231573848,138.60000610351562,480.39999771118164
1762231573886,138.60000610351562,481.39999771118164
1762231573923,138.60000610351562,482.39999771118164
1762231573947,139.60000610351562,484.39999771118164
1762231574006,139.60000610351562,486.39999771118164
1762231574032,139.60000610351562,486.39999771118164
1762231574056,139.60000610351562,488.39999771118164
1762231574080,139.60000610351562,489.39999771118164
1762231574104,139.60000610351562,490.39999771118164
1762231574128,139.60000610351562,491.39999771118164
1762231574153,140.60000610351562,492.39999771118164
1762231574189,140.60000610351562,493.39999771118164
1762231574256,140.60000610351562,494.39999771118164
1762231574294,140.60000610351562,494.39999771118164
1762231574323,140.60000610351562,495.39999771118164
1762231574347,140.60000610351562,496.39999771118164
1762231574371,140.60000610351562,496.39999771118164
1762231574395,140.60000610351562,498.39999771118164
1762231574419,140.60000610351562,498.39999771118164
1762231574489,140.60000610351562,499.39999771118164
1762231574524,140.60000610351562,500.39999771118164
1762231574548,140.60000610351562,501.39999771118164
1762231574598,140.60000610351562,502.39999771118164
1762231574630,140.60000610351562,502.39999771118164
1762231574656,141.60000610351562,503.39999771118164
1762231574689,141.60000610351562,505.39999771118164
1762231574712,141.60000610351562,506.39999771118164
1762231574742,142.60000610351562,506.39999771118164
1762231574764,142.60000610351562,507.39999771118164
1762231574822,143.60000610351562,509.39999771118164
1762231574855,143.60000610351562,509.39999771118164
1762231574902,143.60000610351562,510.39999771118164
1762231574939,143.60000610351562,512.3999977111816
1762231575032,143.60000610351562,513.3999977111816
1762231575077,143.60000610351562,516.3999977111816
1762231575101,144.60000610351562,516.3999977111816
1762231575139,144.60000610351562,518.3999977111816
1762231575215,144.60000610351562,518.3999977111816
1762231575305,144.60000610351562,519.3999977111816
1762231575355,144.60000610351562,519.3999977111816
1762231575388,144.60000610351562,520.3999977111816
1762231575410,144.60000610351562,521.3999977111816
1762231575446,144.60000610351562,521.3999977111816
1762231575469,143.60000610351562,522.3999977111816
1762231575492,142.60000610351562,524.3999977111816
1762231575516,141.60000610351562,524.3999977111816
1762231575540,138.60000610351562,525.3999977111816
1762231575563,138.60000610351562,526.3999977111816
1762231575587,136.60000610351562,527.3999977111816
1762231575655,135.60000610351562,527.3999977111816
1762231575694,134.60000610351562,527.3999977111816
1762231575755,133.60000610351562,527.3999977111816
1762231575783,131.60000610351562,527.3999977111816
1762231575807,129.60000610351562,527.3999977111816
1762231575831,128.60000610351562,527.3999977111816
1762231575855,127.60000610351562,527.3999977111816
1762231575878,126.60000610351562,527.3999977111816
1762231575902,125.60000610351562,526.3999977111816
1762231575926,124.60000610351562,526.3999977111816
1762231576040,124.60000610351562,526.3999977111816
1762231576087,122.60000610351562,525.3999977111816
1762231576111,122.60000610351562,522.3999977111816
1762231576135,122.60000610351562,521.3999977111816
1762231576159,122.60000610351562,520.3999977111816
1762231576183,122.60000610351562,518.3999977111816
1762231576208,122.60000610351562,515.3999977111816
1762231576232,122.60000610351562,514.3999977111816
1762231576257,122.60000610351562,513.3999977111816
1762231576281,122.60000610351562,512.3999977111816
1762231576305,122.60000610351562,510.39999771118164
1762231576342,122.60000610351562,510.39999771118164
1762231576471,122.60000610351562,509.39999771118164
1762231576517,123.60000610351562,509.39999771118164
1762231576542,123.60000610351562,509.39999771118164
1762231576567,125.60000610351562,509.39999771118164
1762231576591,126.60000610351562,509.39999771118164
1762231576615,128.60000610351562,509.39999771118164
1762231576639,129.60000610351562,510.39999771118164
1762231576663,130.60000610351562,510.39999771118164
1762231576687,132.60000610351562,511.39999771118164
1762231576712,133.60000610351562,513.3999977111816
1762231576770,135.60000610351562,513.3999977111816
1762231576837,136.60000610351562,514.3999977111816
1762231576882,137.60000610351562,516.3999977111816
1762231576920,137.60000610351562,518.3999977111816
1762231576987,137.60000610351562,519.3999977111816
1762231577030,136.60000610351562,521.3999977111816
1762231577070,135.60000610351562,521.3999977111816
1762231577094,133.60000610351562,521.3999977111816
1762231577117,133.60000610351562,521.3999977111816
1762231577142,131.60000610351562,519.3999977111816
1762231577166,130.60000610351562,518.3999977111816
1762231577191,130.60000610351562,517.3999977111816
1762231577216,130.60000610351562,517.3999977111816
1762231577240,130.60000610351562,515.3999977111816
1762231577270,130.60000610351562,514.3999977111816
1762231577376,130.60000610351562,514.3999977111816
1762231577436,130.60000610351562,513.3999977111816
1762231577503,130.60000610351562,513.3999977111816
1762231577536,130.60000610351562,512.3999977111816
1762231577561,130.60000610351562,510.39999771118164
1762231577586,130.60000610351562,508.39999771118164
1762231577610,130.60000610351562,507.39999771118164
1762231577646,128.60000610351562,507.39999771118164
1762231577670,127.60000610351562,506.39999771118164
1762231577710,127.60000610351562,506.39999771118164
1762231577770,127.60000610351562,505.39999771118164
1762231577799,127.60000610351562,504.39999771118164
1762231577823,127.60000610351562,503.39999771118164
1762231577848,127.60000610351562,502.39999771118164
1762231577874,127.60000610351562,501.39999771118164
1762231577899,127.60000610351562,500.39999771118164
1762231577924,127.60000610351562,499.39999771118164
1762231577949,127.60000610351562,498.39999771118164
1762231577975,125.60000610351562,496.39999771118164
1762231578014,124.60000610351562,495.39999771118164
1762231578176,124.60000610351562,496.39999771118164
1762231578223,124.60000610351562,500.39999771118164
1762231578376,124.60000610351562,501.39999771118164
1762231578536,124.60000610351562,500.39999771118164
1762231578583,123.60000610351562,499.39999771118164
1762231578608,123.60000610351562,498.39999771118164
1762231578633,123.60000610351562,497.39999771118164
1762231578669,123.60000610351562,495.39999771118164
1762231578693,123.60000610351562,495.39999771118164
1762231578717,123.60000610351562,493.39999771118164
1762231578752,123.60000610351562,493.39999771118164
1762231578775,123.60000610351562,492.39999771118164
1762231578846,125.60000610351562,492.39999771118164
1762231578885,126.60000610351562,493.39999771118164
1762231578913,126.60000610351562,494.39999771118164
1762231578938,128.60000610351562,496.39999771118164
1762231578963,129.60000610351562,497.39999771118164
1762231578988,129.60000610351562,499.39999771118164
1762231579014,129.60000610351562,500.39999771118164
1762231579040,130.60000610351562,501.39999771118164
1762231579066,131.60000610351562,503.39999771118164
1762231579091,132.60000610351562,503.39999771118164
1762231579134,132.60000610351562,503.39999771118164
1762231579159,134.60000610351562,503.39999771118164
1762231579239,134.60000610351562,502.39999771118164
1762231579270,134.60000610351562,500.39999771118164
1762231579296,134.60000610351562,500.39999771118164
1762231579321,134.60000610351562,497.39999771118164
1762231579351,134.60000610351562,496.39999771118164
1762231579376,133.60000610351562,495.39999771118164
1762231579400,132.60000610351562,494.39999771118164
1762231579435,131.60000610351562,492.39999771118164
1762231579468,131.60000610351562,491.39999771118164
1762231579567,131.60000610351562,492.39999771118164
1762231579614,130.60000610351562,499.39999771118164
1762231579640,130.60000610351562,501.39999771118164
1762231579664,129.60000610351562,503.39999771118164
1762231579691,129.60000610351562,504.39999771118164
1762231579734,129.60000610351562,506.39999771118164
1762231579758,127.60000610351562,506.39999771118164
1762231579818,126.60000610351562,506.39999771118164
1762231579842,125.60000610351562,506.39999771118164
1762231579901,124.60000610351562,506.39999771118164
1762231579927,123.60000610351562,506.39999771118164
1762231579952,123.60000610351562,504.39999771118164
1762231579977,123.60000610351562,502.39999771118164
1762231580002,123.60000610351562,500.39999771118164
1762231580028,123.60000610351562,498.39999771118164
1762231580053,123.60000610351562,497.39999771118164
1762231580079,124.60000610351562,494.39999771118164
1762231580105,126.60000610351562,492.39999771118164
1762231580132,126.60000610351562,488.39999771118164
1762231580158,126.60000610351562,487.39999771118164
1762231580183,126.60000610351562,484.39999771118164
1762231580209,126.60000610351562,483.39999771118164
1762231580238,126.60000610351562,482.39999771118164
1762231580262,126.60000610351562,481.39999771118164
1762231580288,126.60000610351562,479.39999771118164
1762231580313,126.60000610351562,479.39999771118164
1762231580338,126.60000610351562,477.39999771118164
1762231580373,126.60000610351562,477.39999771118164
1762231580399,126.60000610351562,475.39999771118164
1762231580424,126.60000610351562,474.39999771118164
1762231580484,126.60000610351562,472.39999771118164
1762231580526,126.60000610351562,471.39999771118164
1762231580550,126.60000610351562,470.39999771118164
1762231580590,126.60000610351562,469.39999771118164
1762231580650,126.60000610351562,468.39999771118164
1762231580680,126.60000610351562,467.39999771118164
1762231580706,126.60000610351562,466.39999771118164
1762231580731,126.60000610351562,465.39999771118164
1762231580756,126.60000610351562,464.39999771118164
1762231580782,126.60000610351562,463.39999771118164
1762231580808,126.60000610351562,463.39999771118164
1762231580833,126.60000610351562,462.39999771118164
1762231580858,125.60000610351562,462.39999771118164
1762231580886,125.60000610351562,461.39999771118164
1762231580926,125.60000610351562,461.39999771118164
1762231580967,125.60000610351562,460.39999771118164
1762231580992,125.60000610351562,459.39999771118164
1762231581050,125.60000610351562,458.39999771118164
1762231581076,125.60000610351562,457.39999771118164
1762231581101,125.60000610351562,456.39999771118164
1762231581126,125.60000610351562,454.39999771118164
1762231581152,125.60000610351562,453.39999771118164
1762231581216,125.60000610351562,452.39999771118164
1762231581254,125.60000610351562,451.39999771118164
1762231581316,124.60000610351562,451.39999771118164
1762231581346,124.60000610351562,450.39999771118164
1762231581371,124.60000610351562,450.39999771118164
1762231581397,124.60000610351562,448.39999771118164
1762231581422,124.60000610351562,447.39999771118164
1762231581466,124.60000610351562,444.39999771118164
1762231581511,124.60000610351562,443.39999771118164
1762231581566,124.60000610351562,441.39999771118164
1762231581606,124.60000610351562,440.39999771118164
1762231581638,124.60000610351562,439.39999771118164
1762231581678,124.60000610351562,438.39999771118164
1762231581749,124.60000610351562,436.39999771118164
1762231581798,124.60000610351562,434.39999771118164
1762231581824,124.60000610351562,433.39999771118164
1762231581851,124.60000610351562,431.39999771118164
1762231581885,124.60000610351562,431.39999771118164
1762231581919,124.60000610351562,429.39999771118164
1762231581949,124.60000610351562,429.39999771118164
1762231582016,124.60000610351562,427.39999771118164
1762231582082,124.60000610351562,426.39999771118164
1762231582119,124.60000610351562,426.39999771118164
1762231582146,124.60000610351562,424.39999771118164
1762231582175,124.60000610351562,424.39999771118164
1762231582216,124.60000610351562,423.39999771118164
1762231582243,124.60000610351562,422.39999771118164
1762231582271,124.60000610351562,420.39999771118164
1762231582299,124.60000610351562,419.39999771118164
1762231582326,124.60000610351562,418.39999771118164
1762231582353,124.60000610351562,417.39999771118164
1762231582381,124.60000610351562,415.39999771118164
1762231582409,124.60000610351562,413.39999771118164
1762231582437,124.60000610351562,411.39999771118164
1762231582468,124.60000610351562,410.39999771118164
1762231582495,124.60000610351562,408.39999771118164
1762231582522,124.60000610351562,406.39999771118164
1762231582550,124.60000610351562,404.39999771118164
1762231582582,123.60000610351562,403.39999771118164
1762231582608,122.60000610351562,402.39999771118164
1762231582636,122.60000610351562,399.39999771118164
1762231582663,122.60000610351562,399.39999771118164
1762231582690,122.60000610351562,397.39999771118164
1762231582732,122.60000610351562,396.39999771118164
1762231582758,122.60000610351562,394.39999771118164
1762231582784,123.60000610351562,393.39999771118164
1762231582812,123.60000610351562,393.39999771118164
1762231582838,123.60000610351562,392.39999771118164
1762231582865,124.60000610351562,390.39999771118164
1762231582967,124.60000610351562,390.39999771118164
1762231583015,124.60000610351562,388.39999771118164
1762231583043,124.60000610351562,388.39999771118164
1762231583071,124.60000610351562,387.39999771118164
1762231583098,124.60000610351562,386.39999771118164
1762231583131,124.60000610351562,385.39999771118164
1762231583157,124.60000610351562,384.39999771118164
1762231583183,124.60000610351562,383.39999771118164
1762231583210,124.60000610351562,382.39999771118164
1762231583236,124.60000610351562,380.39999771118164
1762231583262,124.60000610351562,378.39999771118164
1762231583287,124.60000610351562,376.39999771118164
1762231583314,124.60000610351562,375.39999771118164
1762231583340,124.60000610351562,373.39999771118164
1762231583366,124.60000610351562,371.39999771118164
1762231583393,124.60000610351562,368.39999771118164
1762231583420,124.60000610351562,366.39999771118164
1762231583446,124.60000610351562,363.39999771118164
1762231583481,123.60000610351562,361.39999771118164
1762231583506,123.60000610351562,359.39999771118164
1762231583533,123.60000610351562,357.39999771118164
1762231583559,123.60000610351562,356.39999771118164
1762231583616,123.60000610351562,351.39999771118164
1762231583641,123.60000610351562,350.39999771118164
1762231583667,123.60000610351562,349.39999771118164
1762231583693,121.60000610351562,347.39999771118164
1762231583719,121.60000610351562,345.39999771118164
1762231583745,121.60000610351562,343.39999771118164
1762231583771,119.60000610351562,341.39999771118164
1762231583797,119.60000610351562,340.39999771118164
1762231583823,119.60000610351562,337.39999771118164
1762231583849,119.60000610351562,336.39999771118164
1762231583875,119.60000610351562,334.39999771118164
1762231583901,119.60000610351562,333.39999771118164
1762231583927,119.60000610351562,331.39999771118164
1762231583953,119.60000610351562,328.39999771118164
1762231583979,119.60000610351562,326.39999771118164
1762231584005,119.60000610351562,323.39999771118164
1762231584030,119.60000610351562,321.39999771118164
1762231584057,119.60000610351562,317.39999771118164
1762231584082,119.60000610351562,315.39999771118164
1762231584109,119.60000610351562,313.39999771118164
1762231584134,119.60000610351562,311.39999771118164
1762231584162,119.60000610351562,310.39999771118164
1762231584189,119.60000610351562,309.39999771118164
1762231584216,119.60000610351562,307.39999771118164
1762231584311,119.60000610351562,306.39999771118164
1762231584358,123.60000610351562,309.39999771118164
1762231584386,126.60000610351562,313.39999771118164
1762231584412,126.60000610351562,314.39999771118164
1762231584438,126.60000610351562,317.39999771118164
1762231584464,128.60000610351562,321.39999771118164
1762231584497,128.60000610351562,324.39999771118164
1762231584523,129.60000610351562,325.39999771118164
1762231584549,129.60000610351562,325.39999771118164
1762231584687,129.60000610351562,325.39999771118164
1762231584747,127.60000610351562,323.39999771118164
1762231584772,126.60000610351562,320.39999771118164
1762231584799,126.60000610351562,316.39999771118164
1762231584827,126.60000610351562,313.39999771118164
1762231584853,126.60000610351562,311.39999771118164
1762231584975,126.60000610351562,310.39999771118164
1762231585022,128.60000610351562,311.39999771118164
1762231585050,128.60000610351562,312.39999771118164
1762231585077,130.60000610351562,314.39999771118164
1762231585103,131.60000610351562,315.39999771118164
1762231585129,132.60000610351562,317.39999771118164
1762231585155,133.60000610351562,317.39999771118164
1762231585181,134.60000610351562,317.39999771118164
1762231585208,134.60000610351562,317.39999771118164
1762231585246,136.60000610351562,317.39999771118164
1762231585293,136.60000610351562,317.39999771118164
1762231585320,138.60000610351562,317.39999771118164
1762231585396,140.60000610351562,317.39999771118164
1762231585442,140.60000610351562,317.39999771118164
1762231585469,142.60000610351562,317.39999771118164
1762231585513,144.60000610351562,317.39999771118164
1762231585540,145.60000610351562,317.39999771118164
1762231585566,147.60000610351562,317.39999771118164
1762231585598,148.60000610351562,317.39999771118164
1762231585629,149.60000610351562,318.39999771118164
1762231585669,150.60000610351562,319.39999771118164
1762231585746,150.60000610351562,319.39999771118164
1762231585799,149.60000610351562,323.39999771118164
1762231585829,148.60000610351562,324.39999771118164
1762231585857,146.60000610351562,325.39999771118164
1762231585896,146.60000610351562,325.39999771118164
1762231585933,145.60000610351562,325.39999771118164
1762231585960,143.60000610351562,325.39999771118164
1762231585987,141.60000610351562,325.39999771118164
1762231586029,140.60000610351562,325.39999771118164
1762231586056,138.60000610351562,325.39999771118164
1762231586096,138.60000610351562,325.39999771118164
1762231586121,137.60000610351562,325.39999771118164
1762231586148,136.60000610351562,325.39999771118164
1762231586174,134.60000610351562,325.39999771118164
1762231586202,133.60000610351562,326.39999771118164
1762231586228,132.60000610351562,328.39999771118164
1762231586255,131.60000610351562,329.39999771118164
1762231586283,130.60000610351562,332.39999771118164
1762231586311,129.60000610351562,335.39999771118164
1762231586345,129.60000610351562,336.39999771118164
1762231586371,129.60000610351562,337.39999771118164
1762231586445,129.60000610351562,338.39999771118164
1762231586535,129.60000610351562,339.39999771118164
1762231586628,129.60000610351562,337.39999771118164
1762231586666,129.60000610351562,330.39999771118164
1762231586694,129.60000610351562,327.39999771118164
1762231586723,129.60000610351562,323.39999771118164
1762231586751,129.60000610351562,322.39999771118164
1762231586779,129.60000610351562,318.39999771118164
1762231586812,129.60000610351562,317.39999771118164
1762231586839,129.60000610351562,316.39999771118164
1762231586867,130.60000610351562,315.39999771118164
1762231586895,130.60000610351562,315.39999771118164
1762231586924,133.60000610351562,315.39999771118164
1762231586952,134.60000610351562,315.39999771118164
1762231586979,136.60000610351562,317.39999771118164
1762231587007,140.60000610351562,319.39999771118164
1762231587035,140.60000610351562,319.39999771118164
1762231587063,142.60000610351562,321.39999771118164
1762231587092,144.60000610351562,323.39999771118164
1762231587120,144.60000610351562,326.39999771118164
1762231587147,145.60000610351562,329.39999771118164
1762231587176,147.60000610351562,330.39999771118164
1762231587203,147.60000610351562,332.39999771118164
1762231587231,147.60000610351562,334.39999771118164
1762231587258,147.60000610351562,337.39999771118164
1762231587286,147.60000610351562,338.39999771118164
1762231587313,148.60000610351562,338.39999771118164
1762231587479,148.60000610351562,338.39999771118164
1762231587529,148.60000610351562,337.39999771118164
1762231587558,148.60000610351562,336.39999771118164
1762231587594,148.60000610351562,334.39999771118164
1762231587637,148.60000610351562,333.39999771118164
1762231587677,148.60000610351562,332.39999771118164
1762231587847,148.60000610351562,333.39999771118164
1762231587911,144.60000610351562,338.39999771118164
1762231587942,143.60000610351562,339.39999771118164
1762231587971,142.60000610351562,339.39999771118164
1762231587998,142.60000610351562,340.39999771118164
1762231588026,140.60000610351562,343.39999771118164
1762231588054,139.60000610351562,343.39999771118164
1762231588082,139.60000610351562,344.39999771118164
1762231588110,138.60000610351562,344.39999771118164
1762231588138,136.60000610351562,345.39999771118164
1762231588279,135.60000610351562,345.39999771118164
1762231588331,135.60000610351562,339.39999771118164
1762231588359,135.60000610351562,337.39999771118164
1762231588427,135.60000610351562,336.39999771118164
1762231588476,135.60000610351562,332.39999771118164
1762231588505,136.60000610351562,330.39999771118164
1762231588534,137.60000610351562,329.39999771118164
1762231588562,137.60000610351562,329.39999771118164
1762231588595,138.60000610351562,329.39999771118164
1762231588623,141.60000610351562,329.39999771118164
1762231588652,142.60000610351562,330.39999771118164
1762231588681,142.60000610351562,333.39999771118164
1762231588710,142.60000610351562,336.39999771118164
1762231588738,142.60000610351562,339.39999771118164
1762231588767,142.60000610351562,342.39999771118164
1762231588795,142.60000610351562,343.39999771118164
1762231588824,142.60000610351562,347.39999771118164
1762231588853,140.60000610351562,350.39999771118164
1762231588881,138.60000610351562,353.39999771118164
1762231588926,137.60000610351562,358.39999771118164
1762231588955,137.60000610351562,360.39999771118164
1762231588983,137.60000610351562,364.39999771118164
1762231589012,136.60000610351562,366.39999771118164
1762231589040,136.60000610351562,366.39999771118164
1762231589174,136.60000610351562,366.39999771118164
1762231589207,136.60000610351562,365.39999771118164
1762231589236,136.60000610351562,361.39999771118164
1762231589263,134.60000610351562,357.39999771118164
1762231589291,134.60000610351562,353.39999771118164
1762231589320,133.60000610351562,349.39999771118164
1762231589348,132.60000610351562,347.39999771118164
1762231589377,131.60000610351562,345.39999771118164
1762231589405,130.60000610351562,342.39999771118164
1762231589433,129.60000610351562,340.39999771118164
1762231589461,127.60000610351562,338.39999771118164
1762231589489,127.60000610351562,337.39999771118164
1762231589517,127.60000610351562,336.39999771118164
1762231589545,126.60000610351562,334.39999771118164
1762231589614,126.60000610351562,335.39999771118164
1762231589676,127.60000610351562,344.39999771118164
1762231589704,129.60000610351562,350.39999771118164
1762231589733,130.60000610351562,356.39999771118164
1762231589762,130.60000610351562,360.39999771118164
1762231589790,130.60000610351562,364.39999771118164
1762231589818,132.60000610351562,365.39999771118164
1762231589846,132.60000610351562,366.39999771118164
1762231589875,132.60000610351562,368.39999771118164
1762231589903,132.60000610351562,370.39999771118164
1762231589942,132.60000610351562,371.39999771118164
1762231590015,132.60000610351562,370.39999771118164
1762231590062,132.60000610351562,360.39999771118164
1762231590091,135.60000610351562,354.39999771118164
1762231590120,135.60000610351562,350.39999771118164
1762231590148,137.60000610351562,345.39999771118164
1762231590176,139.60000610351562,342.39999771118164
1762231590205,140.60000610351562,338.39999771118164
1762231590233,141.60000610351562,338.39999771118164
1762231590275,141.60000610351562,338.39999771118164
1762231590309,142.60000610351562,338.39999771118164
1762231590337,143.60000610351562,339.39999771118164
1762231590365,143.60000610351562,341.39999771118164
1762231590393,143.60000610351562,346.39999771118164
1762231590421,143.60000610351562,351.39999771118164
1762231590451,143.60000610351562,357.39999771118164
1762231590479,143.60000610351562,361.39999771118164
1762231590507,143.60000610351562,364.39999771118164
1762231590536,143.60000610351562,366.39999771118164
1762231590564,143.60000610351562,369.39999771118164
1762231590592,143.60000610351562,370.39999771118164
1762231590658,144.60000610351562,371.39999771118164
1762231590741,146.60000610351562,368.39999771118164
1762231590772,146.60000610351562,364.39999771118164
1762231590800,146.60000610351562,358.39999771118164
1762231590828,146.60000610351562,354.39999771118164
1762231590857,148.60000610351562,350.39999771118164
1762231590885,148.60000610351562,346.39999771118164
1762231590913,148.60000610351562,346.39999771118164
1762231590958,149.60000610351562,345.39999771118164
1762231591079,149.60000610351562,345.39999771118164
1762231591130,149.60000610351562,355.39999771118164
1762231591159,148.60000610351562,361.39999771118164
1762231591189,147.60000610351562,368.39999771118164
1762231591218,145.60000610351562,377.39999771118164
1762231591250,142.60000610351562,383.39999771118164
1762231591281,141.60000610351562,390.39999771118164
1762231591310,140.60000610351562,393.39999771118164
1762231591339,139.60000610351562,398.39999771118164
1762231591367,137.60000610351562,402.39999771118164
1762231591395,137.60000610351562,405.39999771118164
1762231591423,137.60000610351562,406.39999771118164
1762231591451,136.60000610351562,408.39999771118164
1762231591491,136.60000610351562,409.39999771118164
1762231591558,135.60000610351562,409.39999771118164
1762231591606,134.60000610351562,404.39999771118164
1762231591635,134.60000610351562,395.39999771118164
1762231591666,134.60000610351562,388.39999771118164
1762231591697,134.60000610351562,382.39999771118164
1762231591741,134.60000610351562,378.39999771118164
1762231591768,134.60000610351562,373.39999771118164
1762231591807,135.60000610351562,372.39999771118164
1762231591903,135.60000610351562,372.39999771118164
1762231591959,136.60000610351562,380.39999771118164
1762231591987,136.60000610351562,387.39999771118164
1762231592016,136.60000610351562,394.39999771118164
1762231592045,136.60000610351562,399.39999771118164
1762231592074,136.60000610351562,407.39999771118164
1762231592103,136.60000610351562,411.39999771118164
1762231592132,136.60000610351562,416.39999771118164
1762231592160,136.60000610351562,418.39999771118164
1762231592255,136.60000610351562,416.39999771118164
1762231592307,136.60000610351562,407.39999771118164
1762231592336,136.60000610351562,400.39999771118164
1762231592364,136.60000610351562,396.39999771118164
1762231592392,136.60000610351562,391.39999771118164
1762231592420,136.60000610351562,387.39999771118164
1762231592449,136.60000610351562,380.39999771118164
1762231592477,136.60000610351562,376.39999771118164
1762231592505,136.60000610351562,372.39999771118164
1762231592534,136.60000610351562,370.39999771118164
1762231592562,136.60000610351562,367.39999771118164
1762231592590,136.60000610351562,366.39999771118164
1762231592618,136.60000610351562,365.39999771118164
1762231592645,136.60000610351562,364.39999771118164
1762231592673,135.60000610351562,362.39999771118164
1762231592702,135.60000610351562,362.39999771118164
1762231592739,135.60000610351562,357.39999771118164
1762231592766,135.60000610351562,355.39999771118164
1762231592795,135.60000610351562,352.39999771118164
1762231592823,135.60000610351562,347.39999771118164
1762231592852,133.60000610351562,343.39999771118164
1762231592879,133.60000610351562,343.39999771118164
1762231592908,133.60000610351562,340.39999771118164
1762231592937,133.60000610351562,338.39999771118164
1762231592972,133.60000610351562,336.39999771118164
1762231593000,133.60000610351562,336.39999771118164
1762231593072,133.60000610351562,338.39999771118164
1762231593109,133.60000610351562,346.39999771118164
1762231593138,134.60000610351562,353.39999771118164
1762231593169,134.60000610351562,359.39999771118164
1762231593198,134.60000610351562,364.39999771118164
1762231593227,134.60000610351562,366.39999771118164
1762231593257,136.60000610351562,370.39999771118164
1762231593286,136.60000610351562,375.39999771118164
1762231593316,136.60000610351562,378.39999771118164
1762231593346,136.60000610351562,383.39999771118164
1762231593375,136.60000610351562,387.39999771118164
1762231593404,136.60000610351562,390.39999771118164
1762231593433,136.60000610351562,394.39999771118164
1762231593463,136.60000610351562,397.39999771118164
1762231593491,136.60000610351562,401.39999771118164
1762231593521,136.60000610351562,405.39999771118164
1762231593551,135.60000610351562,408.39999771118164
1762231593580,134.60000610351562,412.39999771118164
1762231593609,134.60000610351562,414.39999771118164
1762231593639,133.60000610351562,416.39999771118164
1762231593750,133.60000610351562,415.39999771118164
1762231593806,133.60000610351562,405.39999771118164
1762231593835,131.60000610351562,401.39999771118164
1762231593864,130.60000610351562,397.39999771118164
1762231593892,130.60000610351562,393.39999771118164
1762231593922,130.60000610351562,391.39999771118164
1762231593952,130.60000610351562,390.39999771118164
1762231593988,130.60000610351562,389.39999771118164
1762231594054,131.60000610351562,388.39999771118164
1762231594121,131.60000610351562,390.39999771118164
1762231594171,131.60000610351562,401.39999771118164
1762231594200,131.60000610351562,407.39999771118164
1762231594230,131.60000610351562,409.39999771118164
1762231594258,132.60000610351562,410.39999771118164
1762231594286,132.60000610351562,410.39999771118164
1762231594315,135.60000610351562,409.39999771118164
1762231594343,136.60000610351562,403.39999771118164
1762231594372,138.60000610351562,394.39999771118164
1762231594402,138.60000610351562,387.39999771118164
1762231594431,138.60000610351562,382.39999771118164
1762231594460,138.60000610351562,378.39999771118164
1762231594488,138.60000610351562,375.39999771118164
1762231594517,138.60000610351562,373.39999771118164
1762231594546,139.60000610351562,368.39999771118164
1762231594575,140.60000610351562,365.39999771118164
1762231594678,140.60000610351562,365.39999771118164
1762231594730,140.60000610351562,374.39999771118164
1762231594759,140.60000610351562,380.39999771118164
1762231594788,140.60000610351562,382.39999771118164
1762231594822,140.60000610351562,386.39999771118164
1762231594851,140.60000610351562,389.39999771118164
1762231594880,140.60000610351562,393.39999771118164
1762231594909,140.60000610351562,396.39999771118164
1762231594939,140.60000610351562,401.39999771118164
1762231594968,140.60000610351562,406.39999771118164
1762231595003,140.60000610351562,408.39999771118164
1762231595035,140.60000610351562,412.39999771118164
1762231595065,140.60000610351562,415.39999771118164
1762231595093,141.60000610351562,416.39999771118164
1762231595122,141.60000610351562,418.39999771118164
1762231595153,141.60000610351562,424.39999771118164
1762231595182,140.60000610351562,428.39999771118164
1762231595211,140.60000610351562,432.39999771118164
1762231595240,138.60000610351562,436.39999771118164
1762231595269,137.60000610351562,439.39999771118164
1762231595298,137.60000610351562,441.39999771118164
1762231595326,137.60000610351562,442.39999771118164
1762231595355,136.60000610351562,444.39999771118164
1762231595383,136.60000610351562,446.39999771118164
1762231595412,135.60000610351562,447.39999771118164
1762231595441,133.60000610351562,449.39999771118164
1762231595469,132.60000610351562,452.39999771118164
1762231595498,132.60000610351562,453.39999771118164
1762231595622,132.60000610351562,452.39999771118164
1762231595675,131.60000610351562,442.39999771118164
1762231595710,131.60000610351562,434.39999771118164
1762231595739,131.60000610351562,428.39999771118164
1762231595769,131.60000610351562,424.39999771118164
1762231595799,131.60000610351562,422.39999771118164
1762231595836,131.60000610351562,419.39999771118164
1762231595864,132.60000610351562,418.39999771118164
1762231595982,132.60000610351562,420.39999771118164
1762231596053,132.60000610351562,433.39999771118164
1762231596082,132.60000610351562,435.39999771118164
1762231596111,132.60000610351562,437.39999771118164
1762231596140,132.60000610351562,437.39999771118164
1762231596171,132.60000610351562,439.39999771118164
1762231596201,132.60000610351562,439.39999771118164
1762231596269,132.60000610351562,440.39999771118164
1762231596319,134.60000610351562,438.39999771118164
1762231596349,134.60000610351562,433.39999771118164
1762231596378,136.60000610351562,422.39999771118164
1762231596407,139.60000610351562,415.39999771118164
1762231596437,139.60000610351562,413.39999771118164
1762231596466,139.60000610351562,410.39999771118164
1762231596496,141.60000610351562,405.39999771118164
1762231596525,141.60000610351562,403.39999771118164
1762231596554,143.60000610351562,401.39999771118164
1762231596583,143.60000610351562,400.39999771118164
1762231596612,145.60000610351562,397.39999771118164
1762231596641,146.60000610351562,396.39999771118164
1762231596766,146.60000610351562,397.39999771118164
1762231596819,145.60000610351562,408.39999771118164
1762231596854,142.60000610351562,419.39999771118164
1762231596883,142.60000610351562,422.39999771118164
1762231596914,140.60000610351562,426.39999771118164
1762231596943,139.60000610351562,429.39999771118164
1762231596972,138.60000610351562,433.39999771118164
1762231597002,137.60000610351562,439.39999771118164
1762231597031,135.60000610351562,443.39999771118164
1762231597068,134.60000610351562,450.39999771118164
1762231597097,134.60000610351562,453.39999771118164
1762231597128,133.60000610351562,457.39999771118164
1762231597158,133.60000610351562,458.39999771118164
1762231597186,133.60000610351562,460.39999771118164
1762231597216,133.60000610351562,463.39999771118164
1762231597245,132.60000610351562,467.39999771118164
1762231597275,132.60000610351562,469.39999771118164
1762231597304,132.60000610351562,472.39999771118164
1762231597334,130.60000610351562,475.39999771118164
1762231597363,130.60000610351562,478.39999771118164
1762231597393,130.60000610351562,479.39999771118164
1762231597422,130.60000610351562,481.39999771118164
1762231597606,130.60000610351562,480.39999771118164
1762231597659,130.60000610351562,470.39999771118164
1762231597689,130.60000610351562,464.39999771118164
1762231597719,130.60000610351562,460.39999771118164
1762231597750,130.60000610351562,456.39999771118164
1762231597782,130.60000610351562,448.39999771118164
1762231597813,130.60000610351562,446.39999771118164
1762231597844,130.60000610351562,442.39999771118164
1762231597884,130.60000610351562,440.39999771118164
1762231597951,130.60000610351562,439.39999771118164
1762231598286,130.60000610351562,439.39999771118164
1762231598301,130.60000610351562,437.39999771118164
1762231598318,130.60000610351562,433.39999771118164
1762231598334,130.60000610351562,429.39999771118164
1762231598351,133.60000610351562,427.39999771118164
1762231598368,134.60000610351562,423.39999771118164
1762231598384,135.60000610351562,416.39999771118164
1762231598401,136.60000610351562,412.39999771118164
1762231598418,138.60000610351562,407.39999771118164
1762231598434,139.60000610351562,405.39999771118164
1762231598451,139.60000610351562,402.39999771118164
1762231598467,139.60000610351562,399.39999771118164
1762231598484,139.60000610351562,396.39999771118164
1762231598501,140.60000610351562,390.39999771118164
1762231598518,140.60000610351562,385.39999771118164
1762231598534,141.60000610351562,380.39999771118164
1762231598551,144.60000610351562,376.39999771118164
1762231598568,145.60000610351562,371.39999771118164
1762231598584,145.60000610351562,367.39999771118164
1762231598601,146.60000610351562,362.39999771118164
1762231598618,146.60000610351562,358.39999771118164
1762231598634,148.60000610351562,354.39999771118164
1762231598651,148.60000610351562,350.39999771118164
1762231598668,150.60000610351562,347.39999771118164
1762231598685,150.60000610351562,343.39999771118164
1762231598701,150.60000610351562,341.39999771118164
1762231598718,150.60000610351562,340.39999771118164
1762231598735,150.60000610351562,336.39999771118164
1762231598758,151.60000610351562,335.39999771118164
1762231598768,151.60000610351562,334.39999771118164
1762231598784,152.60000610351562,332.39999771118164
1762231598806,152.60000610351562,331.39999771118164
1762231598851,152.60000610351562,329.39999771118164
1762231598868,152.60000610351562,328.39999771118164
1762231598885,152.60000610351562,326.39999771118164
1762231598901,152.60000610351562,325.39999771118164
1762231598918,153.60000610351562,322.39999771118164
1762231598942,154.60000610351562,321.39999771118164
1762231598991,155.60000610351562,321.39999771118164
1762231599002,156.60000610351562,321.39999771118164
1762231599052,156.60000610351562,323.39999771118164
1762231599068,148.60000610351562,330.39999771118164
1762231599084,142.60000610351562,336.39999771118164
1762231599101,137.60000610351562,346.39999771118164
1762231599117,133.60000610351562,355.39999771118164
1762231599134,132.60000610351562,358.39999771118164
1762231599151,132.60000610351562,360.39999771118164
1762231599173,132.60000610351562,361.39999771118164
1762231599217,132.60000610351562,363.39999771118164
1762231599234,133.60000610351562,363.39999771118164
1762231599250,134.60000610351562,364.39999771118164
1762231599267,136.60000610351562,364.39999771118164
1762231599284,139.60000610351562,364.39999771118164
1762231599300,140.60000610351562,365.39999771118164
1762231599317,141.60000610351562,365.39999771118164
1762231599334,143.60000610351562,365.39999771118164
1762231599350,144.60000610351562,365.39999771118164
1762231599460,143.60000610351562,366.39999771118164
1762231599502,139.60000610351562,373.39999771118164
1762231599544,138.60000610351562,385.39999771118164
1762231599580,138.60000610351562,391.39999771118164
1762231599617,138.60000610351562,398.39999771118164
1762231599651,138.60000610351562,405.39999771118164
1762231599683,138.60000610351562,412.39999771118164
1762231599714,138.60000610351562,418.39999771118164
1762231599748,138.60000610351562,427.39999771118164
1762231599779,137.60000610351562,436.39999771118164
1762231599810,135.60000610351562,444.39999771118164
1762231599842,134.60000610351562,446.39999771118164
1762231599873,134.60000610351562,449.39999771118164
1762231599982,134.60000610351562,448.39999771118164
1762231600038,134.60000610351562,422.39999771118164
1762231600070,134.60000610351562,407.39999771118164
1762231600102,134.60000610351562,390.39999771118164
1762231600134,134.60000610351562,382.39999771118164
1762231600165,134.60000610351562,372.39999771118164
1762231600199,133.60000610351562,364.39999771118164
1762231600231,132.60000610351562,359.39999771118164
1762231600263,132.60000610351562,351.39999771118164
1762231600295,132.60000610351562,345.39999771118164
1762231600363,132.60000610351562,338.39999771118164
1762231600394,132.60000610351562,335.39999771118164
1762231600426,133.60000610351562,331.39999771118164
1762231600457,134.60000610351562,330.39999771118164
1762231600488,134.60000610351562,328.39999771118164
1762231600504,136.60000610351562,325.39999771118164
1762231600522,140.60000610351562,325.39999771118164
1762231600525,145.60000610351562,325.39999771118164
1762231600540,154.60000610351562,325.39999771118164
1762231600561,210.60000610351562,325.39999771118164
1762231600577,256.6000061035156,325.39999771118164
1762231600595,303.6000061035156,320.39999771118164
1762231600611,343.6000061035156,312.39999771118164
1762231600628,388.6000061035156,306.39999771118164
1762231600646,439.6000061035156,296.39999771118164
1762231600662,492.6000061035156,287.39999771118164
1762231600679,533.6000061035156,272.39999771118164
1762231600695,559.6000061035156,260.39999771118164
1762231600712,571.6000061035156,253.39999771118164
1762231600729,576.6000061035156,248.39999771118164
1762231600745,581.6000061035156,242.39999771118164
1762231600762,587.6000061035156,233.39999771118164
1762231600779,593.6000061035156,225.39999771118164
1762231600795,594.6000061035156,220.39999771118164
1762231600812,595.6000061035156,219.39999771118164
1762231601374,595.6000061035156,219.39999771118164
1762231601384,592.6000061035156,219.39999771118164
1762231601497,590.6000061035156,219.39999771118164
1762231601512,588.6000061035156,219.39999771118164
1762231601536,586.6000061035156,219.39999771118164
1762231601551,585.6000061035156,218.39999771118164
1762231601600,584.6000061035156,216.39999771118164
1762231601616,583.6000061035156,216.39999771118164
1762231601631,582.6000061035156,216.39999771118164
1762231601646,579.6000061035156,216.39999771118164
1762231601662,578.6000061035156,216.39999771118164
1762231601800,578.6000061035156,216.39999771118164
1762231601897,577.6000061035156,216.39999771118164
1762231601921,576.6000061035156,216.39999771118164
1762231601936,575.6000061035156,216.39999771118164
1762231601949,573.6000061035156,216.39999771118164
1762231601964,573.6000061035156,216.39999771118164
1762231601977,570.6000061035156,215.39999771118164
1762231601994,567.6000061035156,213.39999771118164
1762231602011,565.6000061035156,212.39999771118164
1762231602065,564.6000061035156,210.39999771118164
1762231602096,563.6000061035156,210.39999771118164
1762231602149,562.6000061035156,210.39999771118164
1762231602176,562.6000061035156,210.39999771118164
1762231602187,560.6000061035156,210.39999771118164
1762231602195,559.6000061035156,209.39999771118164
1762231602209,557.6000061035156,209.39999771118164
1762231602226,554.6000061035156,209.39999771118164
1762231602249,554.6000061035156,208.39999771118164
1762231602265,552.6000061035156,207.39999771118164
1762231602281,552.6000061035156,206.39999771118164
1762231602293,551.6000061035156,205.39999771118164
1762231602309,550.6000061035156,205.39999771118164
1762231603209,553.6000061035156,205.39999771118164
1762231603224,557.6000061035156,205.39999771118164
1762231603242,562.6000061035156,205.39999771118164
1762231603261,565.6000061035156,205.39999771118164
1762231603278,572.6000061035156,206.39999771118164
1762231603295,583.6000061035156,207.39999771118164
1762231603311,586.6000061035156,207.39999771118164
1762231603328,589.6000061035156,207.39999771118164
1762231603344,590.6000061035156,207.39999771118164
1762231603361,592.6000061035156,207.39999771118164
1762231603415,593.6000061035156,206.39999771118164
1762231603431,592.6000061035156,204.39999771118164
1762231603536,589.6000061035156,204.39999771118164
1762231603624,588.6000061035156,203.39999771118164
1762231603635,588.6000061035156,203.39999771118164
1762231603655,586.6000061035156,203.39999771118164
1762231603672,585.6000061035156,203.39999771118164
1762231603679,585.6000061035156,203.39999771118164
1762231603692,584.6000061035156,203.39999771118164
1762231603747,582.6000061035156,203.39999771118164
1762231603764,582.6000061035156,203.39999771118164
1762231603809,580.6000061035156,203.39999771118164
1762231603833,578.6000061035156,203.39999771118164
1762231603841,577.6000061035156,202.39999771118164
1762231603865,577.6000061035156,201.39999771118164
1762231603888,577.6000061035156,200.39999771118164
1762231603910,577.6000061035156,199.39999771118164
1762231603960,577.6000061035156,198.39999771118164
1762231604048,577.6000061035156,201.39999771118164
1762231604064,581.6000061035156,208.39999771118164
1762231604081,587.6000061035156,217.39999771118164
1762231604096,593.6000061035156,224.39999771118164
1762231604109,597.6000061035156,228.39999771118164
1762231604126,598.6000061035156,230.39999771118164
1762231604143,600.6000061035156,234.39999771118164
1762231604159,603.6000061035156,238.39999771118164
1762231604175,607.6000061035156,241.39999771118164
1762231604194,609.6000061035156,246.39999771118164
1762231604207,612.6000061035156,251.39999771118164
1762231604224,615.6000061035156,254.39999771118164
1762231604240,620.6000061035156,261.39999771118164
1762231604257,622.6000061035156,266.39999771118164
1762231604274,627.6000061035156,270.39999771118164
1762231604291,630.6000061035156,273.39999771118164
1762231604314,634.6000061035156,278.39999771118164
1762231604330,639.6000061035156,280.39999771118164
1762231604346,644.6000061035156,283.39999771118164
1762231604360,651.6000061035156,286.39999771118164
1762231604376,657.6000061035156,286.39999771118164
1762231604393,663.6000061035156,287.39999771118164
1762231604410,671.6000061035156,287.39999771118164
1762231604427,681.6000061035156,287.39999771118164
1762231604441,694.6000061035156,287.39999771118164
1762231604458,700.6000061035156,287.39999771118164
1762231604474,705.6000061035156,287.39999771118164
1762231604491,715.6000061035156,287.39999771118164
1762231604508,726.6000061035156,294.39999771118164
1762231604525,738.6000061035156,304.39999771118164
1762231604542,745.6000061035156,312.39999771118164
1762231604558,749.6000061035156,323.39999771118164
1762231604575,749.6000061035156,333.39999771118164
1762231604591,744.6000061035156,351.39999771118164
1762231604608,734.6000061035156,374.39999771118164
1762231604624,720.6000061035156,398.39999771118164
1762231604641,707.6000061035156,436.39999771118164
1762231604658,705.6000061035156,454.39999771118164
1762231604674,705.6000061035156,468.39999771118164
1762231604691,708.6000061035156,478.39999771118164
1762231604708,717.6000061035156,490.39999771118164
1762231604725,730.6000061035156,501.39999771118164
1762231604741,752.6000061035156,517.3999977111816
1762231604758,769.6000061035156,529.3999977111816
1762231604775,789.6000061035156,541.3999977111816
1762231604793,801.6000061035156,550.3999977111816
1762231604810,812.6000061035156,561.3999977111816
1762231604827,815.6000061035156,565.3999977111816
1762231604843,820.6000061035156,568.3999977111816
1762231604862,824.6000061035156,573.3999977111816
1762231604877,825.6000061035156,573.3999977111816
1762231604893,827.6000061035156,570.3999977111816
1762231604910,830.6000061035156,563.3999977111816
1762231604927,831.6000061035156,550.3999977111816
1762231604947,833.6000061035156,535.3999977111816
1762231604960,833.6000061035156,500.39999771118164
1762231604977,833.6000061035156,469.39999771118164
1762231604993,823.6000061035156,436.39999771118164
1762231605010,815.6000061035156,397.39999771118164
1762231605027,815.6000061035156,361.39999771118164
1762231605044,815.6000061035156,334.39999771118164
1762231605061,817.6000061035156,303.39999771118164
1762231605077,819.6000061035156,291.39999771118164
1762231605094,819.6000061035156,280.39999771118164
1762231605110,819.6000061035156,273.39999771118164
1762231605127,819.6000061035156,266.39999771118164
1762231605143,819.6000061035156,264.39999771118164
1762231605160,819.6000061035156,261.39999771118164
1762231605177,819.6000061035156,260.39999771118164
1762231605193,817.6000061035156,258.39999771118164
1762231605210,814.6000061035156,256.39999771118164
1762231605227,813.6000061035156,254.39999771118164
1762231605245,811.6000061035156,251.39999771118164
1762231605255,809.6000061035156,247.39999771118164
1762231605272,809.6000061035156,244.39999771118164
1762231605289,809.6000061035156,240.39999771118164
1762231605308,806.6000061035156,234.39999771118164
1762231605326,804.6000061035156,230.39999771118164
1762231605343,801.6000061035156,223.39999771118164
1762231605359,799.6000061035156,218.39999771118164
1762231605376,798.6000061035156,214.39999771118164
1762231605393,797.6000061035156,211.39999771118164
1762231605409,797.6000061035156,207.39999771118164
1762231605426,796.6000061035156,205.39999771118164
1762231605443,794.6000061035156,202.39999771118164
1762231605459,794.6000061035156,200.39999771118164
1762231605476,793.6000061035156,199.39999771118164
1762231605492,793.6000061035156,198.39999771118164
1762231605509,792.6000061035156,197.39999771118164
1762231605559,791.6000061035156,196.39999771118164
1762231605612,791.6000061035156,195.39999771118164
1762231605676,791.6000061035156,195.39999771118164
1762231605692,788.6000061035156,195.39999771118164
1762231605709,783.6000061035156,195.39999771118164
1762231605726,780.6000061035156,198.39999771118164
1762231605742,779.6000061035156,198.39999771118164
1762231605925,778.6000061035156,198.39999771118164
1762231605940,778.6000061035156,197.39999771118164
1762231606060,778.6000061035156,196.39999771118164
1762231606075,778.6000061035156,195.39999771118164
1762231606092,778.6000061035156,192.39999771118164
1762231606109,778.6000061035156,189.39999771118164
1762231606125,778.6000061035156,187.39999771118164
1762231606142,780.6000061035156,183.39999771118164
1762231606159,781.6000061035156,180.39999771118164
1762231606176,783.6000061035156,178.39999771118164
1762231606193,784.6000061035156,176.39999771118164
1762231606209,785.6000061035156,175.39999771118164
1762231606226,785.6000061035156,173.39999771118164
1762231606242,788.6000061035156,169.39999771118164
1762231606261,791.6000061035156,167.39999771118164
1762231606271,792.6000061035156,163.39999771118164
1762231606288,793.6000061035156,160.39999771118164
1762231606305,795.6000061035156,160.39999771118164
1762231606322,796.6000061035156,158.39999771118164
1762231606339,798.6000061035156,157.39999771118164
1762231606359,798.6000061035156,156.39999771118164
1762231606376,800.6000061035156,155.39999771118164
1762231606392,800.6000061035156,153.39999771118164
1762231606421,800.6000061035156,151.39999771118164
1762231606429,801.6000061035156,151.39999771118164
1762231606442,802.6000061035156,150.39999771118164
1762231606456,802.6000061035156,149.39999771118164
1762231606597,802.6000061035156,149.39999771118164
1762231606609,801.6000061035156,148.39999771118164
1762231606625,801.6000061035156,146.39999771118164
1762231606642,800.6000061035156,144.39999771118164
1762231606658,800.6000061035156,142.39999771118164
1762231606684,800.6000061035156,141.39999771118164
1762231606854,799.6000061035156,142.39999771118164
1762231606904,799.6000061035156,146.39999771118164
1762231606935,799.6000061035156,148.39999771118164
1762231606974,799.6000061035156,149.39999771118164
1762231607086,800.6000061035156,150.39999771118164
1762231607140,801.6000061035156,150.39999771118164
1762231607238,801.6000061035156,150.39999771118164
1762231607307,801.6000061035156,149.39999771118164
1762231607338,801.6000061035156,148.39999771118164
1762231607368,801.6000061035156,147.39999771118164
1762231607646,801.6000061035156,145.39999771118164
1762231607702,802.6000061035156,145.39999771118164
1762231607733,802.6000061035156,143.39999771118164
1762231607838,802.6000061035156,143.39999771118164
1762231607901,802.6000061035156,142.39999771118164
1762231607948,802.6000061035156,142.39999771118164
1762231607977,805.6000061035156,142.39999771118164
1762231608007,807.6000061035156,143.39999771118164
1762231608038,808.6000061035156,145.39999771118164
1762231608069,808.6000061035156,145.39999771118164
1762231608100,808.6000061035156,148.39999771118164
1762231608132,808.6000061035156,150.39999771118164
1762231608167,808.6000061035156,152.39999771118164
1762231608234,808.6000061035156,152.39999771118164
1762231608264,808.6000061035156,154.39999771118164
1762231608302,807.6000061035156,154.39999771118164
1762231608333,807.6000061035156,155.39999771118164
1762231608469,807.6000061035156,155.39999771118164
1762231608522,807.6000061035156,156.39999771118164
1762231608553,807.6000061035156,158.39999771118164
1762231608584,807.6000061035156,159.39999771118164
1762231608615,807.6000061035156,161.39999771118164
1762231608647,806.6000061035156,163.39999771118164
1762231608700,805.6000061035156,163.39999771118164
1762231608730,804.6000061035156,163.39999771118164
1762231608760,803.6000061035156,163.39999771118164
1762231608813,802.6000061035156,163.39999771118164
1762231608892,802.6000061035156,163.39999771118164
1762231608941,801.6000061035156,163.39999771118164
1762231609000,801.6000061035156,161.39999771118164
1762231609031,801.6000061035156,161.39999771118164
1762231609062,801.6000061035156,159.39999771118164
1762231609094,802.6000061035156,158.39999771118164
1762231609125,802.6000061035156,157.39999771118164
1762231609157,802.6000061035156,155.39999771118164
1762231609189,800.6000061035156,153.39999771118164
1762231609221,800.6000061035156,152.39999771118164
1762231609251,799.6000061035156,151.39999771118164
1762231609282,797.6000061035156,149.39999771118164
1762231609324,797.6000061035156,148.39999771118164
1762231609366,797.6000061035156,147.39999771118164
1762231609397,797.6000061035156,146.39999771118164
1762231609428,797.6000061035156,145.39999771118164
1762231609468,797.6000061035156,144.39999771118164
1762231609498,797.6000061035156,143.39999771118164
1762231609529,798.6000061035156,142.39999771118164
1762231609560,799.6000061035156,141.39999771118164
1762231609591,800.6000061035156,140.39999771118164
1762231609622,802.6000061035156,139.39999771118164
1762231609717,803.6000061035156,139.39999771118164
1762231609768,805.6000061035156,140.39999771118164
1762231609801,806.6000061035156,141.39999771118164
1762231609833,807.6000061035156,144.39999771118164
1762231609865,807.6000061035156,148.39999771118164
1762231609910,810.6000061035156,151.39999771118164
1762231609947,811.6000061035156,152.39999771118164
1762231609980,812.6000061035156,154.39999771118164
1762231610011,813.6000061035156,155.39999771118164
1762231610043,813.6000061035156,156.39999771118164
1762231610075,813.6000061035156,158.39999771118164
1762231610106,813.6000061035156,162.39999771118164
1762231610139,813.6000061035156,164.39999771118164
1762231610170,813.6000061035156,165.39999771118164
1762231610201,811.6000061035156,166.39999771118164
1762231610233,811.6000061035156,167.39999771118164
1762231610264,810.6000061035156,167.39999771118164
1762231610308,809.6000061035156,167.39999771118164
1762231610356,809.6000061035156,167.39999771118164
1762231610432,808.6000061035156,167.39999771118164
1762231610475,807.6000061035156,167.39999771118164
1762231610507,805.6000061035156,167.39999771118164
1762231610538,805.6000061035156,165.39999771118164
1762231610569,804.6000061035156,165.39999771118164
1762231610601,803.6000061035156,163.39999771118164
1762231610648,800.6000061035156,161.39999771118164
1762231610684,800.6000061035156,160.39999771118164
1762231610715,800.6000061035156,159.39999771118164
1762231610747,798.6000061035156,157.39999771118164
1762231610779,797.6000061035156,156.39999771118164
1762231610811,797.6000061035156,154.39999771118164
1762231610843,796.6000061035156,153.39999771118164
1762231610875,795.6000061035156,151.39999771118164
1762231610906,794.6000061035156,151.39999771118164
1762231610948,792.6000061035156,150.39999771118164
1762231610978,792.6000061035156,150.39999771118164
1762231611015,792.6000061035156,149.39999771118164
1762231611046,792.6000061035156,148.39999771118164
1762231611078,792.6000061035156,146.39999771118164
1762231611110,792.6000061035156,145.39999771118164
1762231611144,793.6000061035156,143.39999771118164
1762231611185,794.6000061035156,142.39999771118164
1762231611218,795.6000061035156,140.39999771118164
1762231611251,796.6000061035156,140.39999771118164
1762231611285,797.6000061035156,139.39999771118164
1762231611331,798.6000061035156,138.39999771118164
1762231611370,798.6000061035156,138.39999771118164
1762231611401,801.6000061035156,138.39999771118164
1762231611433,802.6000061035156,138.39999771118164
1762231611465,803.6000061035156,138.39999771118164
1762231611497,806.6000061035156,140.39999771118164
1762231611529,807.6000061035156,141.39999771118164
1762231611560,808.6000061035156,142.39999771118164
1762231611592,810.6000061035156,143.39999771118164
1762231611623,813.6000061035156,145.39999771118164
1762231611668,813.6000061035156,145.39999771118164
1762231611699,814.6000061035156,147.39999771118164
1762231611731,815.6000061035156,148.39999771118164
1762231611764,815.6000061035156,150.39999771118164
1762231611796,815.6000061035156,152.39999771118164
1762231611828,815.6000061035156,154.39999771118164
1762231611860,815.6000061035156,154.39999771118164
1762231611891,814.6000061035156,157.39999771118164
1762231611923,813.6000061035156,157.39999771118164
1762231611955,810.6000061035156,157.39999771118164
1762231611988,810.6000061035156,157.39999771118164
1762231612020,809.6000061035156,159.39999771118164
1762231612052,807.6000061035156,160.39999771118164
1762231612084,807.6000061035156,160.39999771118164
1762231612116,806.6000061035156,161.39999771118164
1762231612149,805.6000061035156,163.39999771118164
1762231612182,805.6000061035156,164.39999771118164
1762231612214,804.6000061035156,164.39999771118164
1762231612246,802.6000061035156,165.39999771118164
1762231612314,801.6000061035156,165.39999771118164
1762231612360,800.6000061035156,165.39999771118164
1762231612430,799.6000061035156,165.39999771118164
1762231612461,798.6000061035156,165.39999771118164
1762231612492,796.6000061035156,165.39999771118164
1762231612524,795.6000061035156,164.39999771118164
1762231612556,793.6000061035156,161.39999771118164
1762231612587,792.6000061035156,158.39999771118164
1762231612620,791.6000061035156,155.39999771118164
1762231612652,790.6000061035156,153.39999771118164
1762231612683,789.6000061035156,151.39999771118164
1762231612716,789.6000061035156,149.39999771118164
1762231612748,789.6000061035156,146.39999771118164
1762231612780,789.6000061035156,145.39999771118164
1762231612812,790.6000061035156,143.39999771118164
1762231612844,792.6000061035156,141.39999771118164
1762231612876,794.6000061035156,141.39999771118164
1762231612909,796.6000061035156,139.39999771118164
1762231612941,796.6000061035156,139.39999771118164
1762231612972,799.6000061035156,139.39999771118164
1762231613004,799.6000061035156,139.39999771118164
1762231613036,801.6000061035156,139.39999771118164
1762231613067,801.6000061035156,139.39999771118164
1762231613098,802.6000061035156,138.39999771118164
1762231613155,803.6000061035156,137.39999771118164
1762231613211,803.6000061035156,137.39999771118164
1762231613244,804.6000061035156,137.39999771118164
1762231613276,806.6000061035156,140.39999771118164
1762231613309,808.6000061035156,142.39999771118164
1762231613341,809.6000061035156,145.39999771118164
1762231613373,811.6000061035156,149.39999771118164
1762231613415,812.6000061035156,153.39999771118164
1762231613447,812.6000061035156,156.39999771118164
1762231613479,812.6000061035156,158.39999771118164
1762231613511,812.6000061035156,160.39999771118164
1762231613543,812.6000061035156,163.39999771118164
1762231613576,811.6000061035156,164.39999771118164
1762231613608,809.6000061035156,166.39999771118164
1762231613640,807.6000061035156,167.39999771118164
1762231613672,805.6000061035156,168.39999771118164
1762231613703,803.6000061035156,170.39999771118164
1762231613735,801.6000061035156,171.39999771118164
1762231613812,801.6000061035156,171.39999771118164
1762231613852,799.6000061035156,171.39999771118164
1762231613884,797.6000061035156,171.39999771118164
1762231613916,797.6000061035156,170.39999771118164
1762231613948,793.6000061035156,166.39999771118164
1762231613981,793.6000061035156,164.39999771118164
1762231614013,791.6000061035156,162.39999771118164
1762231614045,789.6000061035156,159.39999771118164
1762231614077,789.6000061035156,157.39999771118164
1762231614110,789.6000061035156,155.39999771118164
1762231614143,789.6000061035156,153.39999771118164
1762231614178,789.6000061035156,152.39999771118164
1762231614212,789.6000061035156,150.39999771118164
1762231614244,789.6000061035156,147.39999771118164
1762231614276,789.6000061035156,146.39999771118164
1762231614307,790.6000061035156,143.39999771118164
1762231614340,790.6000061035156,141.39999771118164
1762231614372,792.6000061035156,138.39999771118164
1762231614403,793.6000061035156,136.39999771118164
1762231614445,793.6000061035156,135.39999771118164
1762231614476,795.6000061035156,134.39999771118164
1762231614508,796.6000061035156,133.39999771118164
1762231614540,798.6000061035156,133.39999771118164
1762231614572,799.6000061035156,133.39999771118164
1762231614604,801.6000061035156,134.39999771118164
1762231614636,804.6000061035156,138.39999771118164
1762231614667,805.6000061035156,139.39999771118164
1762231614699,806.6000061035156,140.39999771118164
1762231614731,807.6000061035156,141.39999771118164
1762231614763,809.6000061035156,142.39999771118164
1762231614795,810.6000061035156,143.39999771118164
1762231614826,813.6000061035156,145.39999771118164
1762231614908,813.6000061035156,146.39999771118164
1762231614953,813.6000061035156,149.39999771118164
1762231614985,814.6000061035156,151.39999771118164
1762231615016,814.6000061035156,154.39999771118164
1762231615048,814.6000061035156,156.39999771118164
1762231615080,814.6000061035156,158.39999771118164
1762231615112,814.6000061035156,160.39999771118164
1762231615144,813.6000061035156,161.39999771118164
1762231615187,813.6000061035156,162.39999771118164
1762231615220,813.6000061035156,163.39999771118164
1762231615252,813.6000061035156,165.39999771118164
1762231615285,813.6000061035156,167.39999771118164
1762231615317,813.6000061035156,169.39999771118164
1762231615350,811.6000061035156,172.39999771118164
1762231615383,809.6000061035156,173.39999771118164
1762231615416,808.6000061035156,175.39999771118164
1762231615461,805.6000061035156,175.39999771118164
1762231615492,803.6000061035156,175.39999771118164
1762231615564,802.6000061035156,175.39999771118164
1762231615611,801.6000061035156,175.39999771118164
1762231615644,801.6000061035156,175.39999771118164
1762231615773,800.6000061035156,175.39999771118164
1762231615827,795.6000061035156,171.39999771118164
1762231615861,794.6000061035156,166.39999771118164
1762231615894,792.6000061035156,163.39999771118164
1762231615927,792.6000061035156,160.39999771118164
1762231615961,792.6000061035156,157.39999771118164
1762231615995,792.6000061035156,154.39999771118164
1762231616028,792.6000061035156,153.39999771118164
1762231616061,792.6000061035156,152.39999771118164
1762231616094,792.6000061035156,151.39999771118164
1762231616128,789.6000061035156,147.39999771118164
1762231616161,788.6000061035156,146.39999771118164
1762231616194,787.6000061035156,144.39999771118164
1762231616227,787.6000061035156,142.39999771118164
1762231616261,787.6000061035156,139.39999771118164
1762231616295,787.6000061035156,137.39999771118164
1762231616329,787.6000061035156,135.39999771118164
1762231616362,789.6000061035156,134.39999771118164
1762231616396,790.6000061035156,134.39999771118164
1762231616430,793.6000061035156,132.39999771118164
1762231616476,798.6000061035156,132.39999771118164
1762231616509,801.6000061035156,132.39999771118164
1762231616542,801.6000061035156,132.39999771118164
1762231616575,804.6000061035156,132.39999771118164
1762231616608,807.6000061035156,134.39999771118164
1762231616642,809.6000061035156,136.39999771118164
1762231616676,812.6000061035156,139.39999771118164
1762231616709,813.6000061035156,144.39999771118164
1762231616742,814.6000061035156,148.39999771118164
1762231616776,814.6000061035156,151.39999771118164
1762231616809,816.6000061035156,155.39999771118164
1762231616842,816.6000061035156,159.39999771118164
1762231616875,816.6000061035156,163.39999771118164
1762231616907,816.6000061035156,166.39999771118164
1762231616940,814.6000061035156,169.39999771118164
1762231616974,811.6000061035156,171.39999771118164
1762231617007,808.6000061035156,173.39999771118164
1762231617041,806.6000061035156,174.39999771118164
1762231617074,804.6000061035156,175.39999771118164
1762231617107,801.6000061035156,176.39999771118164
1762231617140,800.6000061035156,176.39999771118164
1762231617174,798.6000061035156,178.39999771118164
1762231617219,797.6000061035156,178.39999771118164
1762231617251,796.6000061035156,178.39999771118164
1762231617283,793.6000061035156,178.39999771118164
1762231617316,792.6000061035156,178.39999771118164
1762231617349,792.6000061035156,177.39999771118164
1762231617383,789.6000061035156,174.39999771118164
1762231617416,787.6000061035156,171.39999771118164
1762231617449,785.6000061035156,168.39999771118164
1762231617495,782.6000061035156,162.39999771118164
1762231617528,781.6000061035156,159.39999771118164
1762231617562,780.6000061035156,155.39999771118164
1762231617595,780.6000061035156,151.39999771118164
1762231617628,780.6000061035156,148.39999771118164
1762231617661,780.6000061035156,145.39999771118164
1762231617694,780.6000061035156,144.39999771118164
1762231617728,780.6000061035156,142.39999771118164
1762231617761,781.6000061035156,140.39999771118164
1762231617794,781.6000061035156,138.39999771118164
1762231617828,783.6000061035156,137.39999771118164
1762231617861,785.6000061035156,137.39999771118164
1762231617900,789.6000061035156,137.39999771118164
1762231617932,793.6000061035156,137.39999771118164
1762231617964,797.6000061035156,137.39999771118164
1762231617996,799.6000061035156,137.39999771118164
1762231618028,801.6000061035156,137.39999771118164
1762231618061,804.6000061035156,137.39999771118164
1762231618094,807.6000061035156,137.39999771118164
1762231618126,811.6000061035156,139.39999771118164
1762231618158,812.6000061035156,142.39999771118164
1762231618191,812.6000061035156,146.39999771118164
1762231618225,813.6000061035156,150.39999771118164
1762231618258,813.6000061035156,153.39999771118164
1762231618292,813.6000061035156,157.39999771118164
1762231618324,813.6000061035156,161.39999771118164
1762231618357,813.6000061035156,164.39999771118164
1762231618390,813.6000061035156,165.39999771118164
1762231618424,812.6000061035156,166.39999771118164
1762231618457,810.6000061035156,168.39999771118164
1762231618499,806.6000061035156,169.39999771118164
1762231618531,804.6000061035156,171.39999771118164
1762231618564,802.6000061035156,171.39999771118164
1762231618597,799.6000061035156,170.39999771118164
1762231618630,793.6000061035156,166.39999771118164
1762231618663,789.6000061035156,163.39999771118164
1762231618696,786.6000061035156,157.39999771118164
1762231618729,784.6000061035156,152.39999771118164
1762231618762,784.6000061035156,148.39999771118164
1762231618794,782.6000061035156,145.39999771118164
1762231618826,782.6000061035156,142.39999771118164
1762231618859,782.6000061035156,140.39999771118164
1762231618891,782.6000061035156,136.39999771118164
1762231618923,785.6000061035156,134.39999771118164
1762231618955,787.6000061035156,134.39999771118164
1762231618987,789.6000061035156,134.39999771118164
1762231619020,793.6000061035156,134.39999771118164
1762231619052,796.6000061035156,134.39999771118164
1762231619084,801.6000061035156,136.39999771118164
1762231619117,804.6000061035156,140.39999771118164
1762231619150,806.6000061035156,144.39999771118164
1762231619185,807.6000061035156,149.39999771118164
1762231619221,808.6000061035156,156.39999771118164
1762231619254,808.6000061035156,159.39999771118164
1762231619287,808.6000061035156,165.39999771118164
1762231619320,808.6000061035156,168.39999771118164
1762231619353,808.6000061035156,173.39999771118164
1762231619385,808.6000061035156,175.39999771118164
1762231619418,806.6000061035156,178.39999771118164
1762231619450,804.6000061035156,180.39999771118164
1762231619482,803.6000061035156,181.39999771118164
1762231619524,800.6000061035156,184.39999771118164
1762231619555,798.6000061035156,185.39999771118164
1762231619587,797.6000061035156,186.39999771118164
1762231619620,795.6000061035156,186.39999771118164
1762231619652,795.6000061035156,186.39999771118164
1762231619684,793.6000061035156,186.39999771118164
1762231619716,791.6000061035156,186.39999771118164
1762231619748,788.6000061035156,186.39999771118164
1762231619780,786.6000061035156,186.39999771118164
1762231619812,784.6000061035156,185.39999771118164
1762231619848,781.6000061035156,179.39999771118164
1762231619880,780.6000061035156,169.39999771118164
1762231619913,780.6000061035156,163.39999771118164
1762231619945,780.6000061035156,159.39999771118164
1762231619977,780.6000061035156,156.39999771118164
1762231620057,781.6000061035156,156.39999771118164
1762231620107,782.6000061035156,156.39999771118164
1762231620139,784.6000061035156,157.39999771118164
1762231620173,786.6000061035156,160.39999771118164
1762231620208,788.6000061035156,166.39999771118164
1762231620243,790.6000061035156,171.39999771118164
1762231620277,791.6000061035156,173.39999771118164
1762231620311,791.6000061035156,178.39999771118164
1762231620345,791.6000061035156,180.39999771118164
1762231620379,791.6000061035156,183.39999771118164
1762231620412,788.6000061035156,187.39999771118164
1762231620447,785.6000061035156,188.39999771118164
1762231620481,781.6000061035156,188.39999771118164
1762231620525,780.6000061035156,189.39999771118164
1762231620558,778.6000061035156,191.39999771118164
1762231620592,777.6000061035156,191.39999771118164
1762231620627,775.6000061035156,194.39999771118164
1762231620661,774.6000061035156,195.39999771118164
1762231620695,773.6000061035156,197.39999771118164
1762231620729,771.6000061035156,198.39999771118164
1762231620762,770.6000061035156,199.39999771118164
1762231620796,770.6000061035156,200.39999771118164
1762231620830,768.6000061035156,200.39999771118164
1762231620864,767.6000061035156,203.39999771118164
1762231620996,767.6000061035156,203.39999771118164
1762231621052,771.6000061035156,203.39999771118164
1762231621087,772.6000061035156,199.39999771118164
1762231621122,774.6000061035156,195.39999771118164
1762231621155,776.6000061035156,189.39999771118164
1762231621187,777.6000061035156,184.39999771118164
1762231621221,778.6000061035156,180.39999771118164
1762231621254,779.6000061035156,175.39999771118164
1762231621288,781.6000061035156,170.39999771118164
1762231621322,782.6000061035156,168.39999771118164
1762231621422,782.6000061035156,169.39999771118164
1762231621477,778.6000061035156,178.39999771118164
1762231621511,774.6000061035156,187.39999771118164
1762231621555,770.6000061035156,196.39999771118164
1762231621589,769.6000061035156,200.39999771118164
1762231621623,766.6000061035156,203.39999771118164
1762231621657,763.6000061035156,207.39999771118164
1762231621691,762.6000061035156,208.39999771118164
1762231621725,760.6000061035156,209.39999771118164
1762231621759,759.6000061035156,210.39999771118164
1762231621793,759.6000061035156,213.39999771118164
1762231621826,758.6000061035156,215.39999771118164
1762231621860,758.6000061035156,218.39999771118164
1762231621893,758.6000061035156,220.39999771118164
1762231621928,758.6000061035156,223.39999771118164
1762231621962,758.6000061035156,226.39999771118164
1762231621995,758.6000061035156,229.39999771118164
1762231622029,757.6000061035156,233.39999771118164
1762231622063,757.6000061035156,234.39999771118164
1762231622097,756.6000061035156,237.39999771118164
1762231622131,756.6000061035156,238.39999771118164
1762231622165,757.6000061035156,241.39999771118164
1762231622198,758.6000061035156,243.39999771118164
1762231622231,758.6000061035156,244.39999771118164
1762231622265,759.6000061035156,247.39999771118164
1762231622298,760.6000061035156,248.39999771118164
1762231622332,762.6000061035156,250.39999771118164
1762231622365,762.6000061035156,252.39999771118164
1762231622398,764.6000061035156,254.39999771118164
1762231622432,765.6000061035156,256.39999771118164
1762231622466,766.6000061035156,257.39999771118164
1762231622500,767.6000061035156,258.39999771118164
1762231622533,768.6000061035156,258.39999771118164
1762231622576,770.6000061035156,258.39999771118164
1762231622610,773.6000061035156,258.39999771118164
1762231622643,775.6000061035156,258.39999771118164
1762231622675,779.6000061035156,258.39999771118164
1762231622708,781.6000061035156,258.39999771118164
1762231622741,782.6000061035156,258.39999771118164
1762231622774,785.6000061035156,259.39999771118164
1762231622807,789.6000061035156,262.39999771118164
1762231622840,792.6000061035156,263.39999771118164
1762231622874,794.6000061035156,265.39999771118164
1762231622908,800.6000061035156,267.39999771118164
1762231622941,805.6000061035156,268.39999771118164
1762231622975,810.6000061035156,268.39999771118164
1762231623009,813.6000061035156,268.39999771118164
1762231623042,816.6000061035156,268.39999771118164
1762231623076,819.6000061035156,267.39999771118164
1762231623109,821.6000061035156,265.39999771118164
1762231623144,823.6000061035156,261.39999771118164
1762231623178,824.6000061035156,258.39999771118164
1762231623212,825.6000061035156,255.39999771118164
1762231623245,825.6000061035156,250.39999771118164
1762231623279,825.6000061035156,245.39999771118164
1762231623314,825.6000061035156,241.39999771118164
1762231623348,825.6000061035156,238.39999771118164
1762231623382,822.6000061035156,233.39999771118164
1762231623416,821.6000061035156,230.39999771118164
1762231623450,820.6000061035156,225.39999771118164
1762231623485,820.6000061035156,221.39999771118164
1762231623520,818.6000061035156,215.39999771118164
1762231623553,818.6000061035156,212.39999771118164
1762231623607,816.6000061035156,203.39999771118164
1762231623642,815.6000061035156,200.39999771118164
1762231623675,813.6000061035156,195.39999771118164
1762231623708,811.6000061035156,190.39999771118164
1762231623741,809.6000061035156,187.39999771118164
1762231623774,809.6000061035156,185.39999771118164
1762231623807,808.6000061035156,185.39999771118164
1762231623980,808.6000061035156,185.39999771118164
1762231624035,814.6000061035156,190.39999771118164
1762231624070,816.6000061035156,194.39999771118164
1762231624103,818.6000061035156,199.39999771118164
1762231624136,820.6000061035156,203.39999771118164
1762231624172,820.6000061035156,205.39999771118164
1762231624207,821.6000061035156,207.39999771118164
1762231624241,821.6000061035156,209.39999771118164
1762231624372,821.6000061035156,209.39999771118164
1762231624427,815.6000061035156,203.39999771118164
1762231624461,813.6000061035156,198.39999771118164
1762231624495,810.6000061035156,193.39999771118164
1762231624529,808.6000061035156,189.39999771118164
1762231624563,806.6000061035156,186.39999771118164
1762231624606,805.6000061035156,181.39999771118164
1762231624686,805.6000061035156,179.39999771118164
1762231624727,805.6000061035156,177.39999771118164
1762231624760,805.6000061035156,175.39999771118164
1762231624900,805.6000061035156,176.39999771118164
1762231624955,809.6000061035156,180.39999771118164
1762231624990,809.6000061035156,181.39999771118164
1762231625024,811.6000061035156,182.39999771118164
1762231625058,812.6000061035156,183.39999771118164
1762231625092,812.6000061035156,183.39999771118164
1762231625169,812.6000061035156,182.39999771118164
1762231625204,812.6000061035156,179.39999771118164
1762231625239,812.6000061035156,175.39999771118164
1762231625273,812.6000061035156,174.39999771118164
1762231625309,813.6000061035156,172.39999771118164
1762231625387,813.6000061035156,173.39999771118164
1762231625436,816.6000061035156,177.39999771118164
1762231625473,817.6000061035156,182.39999771118164
1762231625508,818.6000061035156,185.39999771118164
1762231625543,818.6000061035156,188.39999771118164
1762231625578,818.6000061035156,189.39999771118164
1762231625623,818.6000061035156,191.39999771118164
1762231625657,818.6000061035156,194.39999771118164
1762231625692,819.6000061035156,195.39999771118164
1762231625726,819.6000061035156,196.39999771118164
1762231625761,819.6000061035156,198.39999771118164
1762231625798,819.6000061035156,199.39999771118164
1762231625833,819.6000061035156,201.39999771118164
1762231625868,819.6000061035156,203.39999771118164
1762231625902,819.6000061035156,207.39999771118164
1762231625939,817.6000061035156,212.39999771118164
1762231625976,816.6000061035156,215.39999771118164
1762231626012,816.6000061035156,218.39999771118164
1762231626051,816.6000061035156,219.39999771118164
1762231626085,816.6000061035156,220.39999771118164
1762231626121,815.6000061035156,222.39999771118164
1762231626158,815.6000061035156,226.39999771118164
1762231626195,815.6000061035156,231.39999771118164
1762231626231,814.6000061035156,234.39999771118164
1762231626267,812.6000061035156,238.39999771118164
1762231626303,812.6000061035156,241.39999771118164
1762231626340,811.6000061035156,246.39999771118164
1762231626376,811.6000061035156,248.39999771118164
1762231626412,810.6000061035156,252.39999771118164
1762231626447,810.6000061035156,255.39999771118164
1762231626483,810.6000061035156,257.39999771118164
1762231626519,810.6000061035156,260.39999771118164
1762231626555,810.6000061035156,260.39999771118164
1762231626652,810.6000061035156,261.39999771118164
1762231626755,810.6000061035156,261.39999771118164
1762231626798,812.6000061035156,257.39999771118164
1762231626833,815.6000061035156,251.39999771118164
1762231626868,815.6000061035156,249.39999771118164
1762231626904,817.6000061035156,244.39999771118164
1762231626939,818.6000061035156,240.39999771118164
1762231626974,820.6000061035156,238.39999771118164
1762231627116,820.6000061035156,240.39999771118164
1762231627174,819.6000061035156,246.39999771118164
1762231627210,818.6000061035156,249.39999771118164
1762231627248,817.6000061035156,251.39999771118164
1762231627284,815.6000061035156,255.39999771118164
1762231627319,813.6000061035156,256.39999771118164
1762231627354,813.6000061035156,256.39999771118164
1762231627388,810.6000061035156,256.39999771118164
1762231627423,808.6000061035156,256.39999771118164
1762231627458,806.6000061035156,256.39999771118164
1762231627493,803.6000061035156,256.39999771118164
1762231627528,800.6000061035156,256.39999771118164
1762231627563,798.6000061035156,256.39999771118164
1762231627599,797.6000061035156,257.39999771118164
1762231627634,796.6000061035156,257.39999771118164
1762231627669,793.6000061035156,257.39999771118164
1762231627704,789.6000061035156,257.39999771118164
1762231627750,785.6000061035156,257.39999771118164
1762231627785,782.6000061035156,257.39999771118164
1762231627821,779.6000061035156,256.39999771118164
1762231627857,776.6000061035156,254.39999771118164
1762231627892,773.6000061035156,251.39999771118164
1762231627927,770.6000061035156,247.39999771118164
1762231627963,768.6000061035156,242.39999771118164
1762231628005,767.6000061035156,236.39999771118164
1762231628056,765.6000061035156,227.39999771118164
1762231628100,765.6000061035156,224.39999771118164
1762231628143,765.6000061035156,218.39999771118164
1762231628185,765.6000061035156,214.39999771118164
1762231628227,765.6000061035156,209.39999771118164
1762231628266,768.6000061035156,204.39999771118164
1762231628364,768.6000061035156,203.39999771118164
1762231628418,769.6000061035156,205.39999771118164
1762231628454,770.6000061035156,214.39999771118164
1762231628493,771.6000061035156,219.39999771118164
1762231628528,771.6000061035156,223.39999771118164
1762231628564,772.6000061035156,227.39999771118164
1762231628601,773.6000061035156,230.39999771118164
1762231628636,774.6000061035156,231.39999771118164
1762231628672,774.6000061035156,233.39999771118164
1762231628707,774.6000061035156,235.39999771118164
1762231628753,774.6000061035156,238.39999771118164
1762231628788,774.6000061035156,240.39999771118164
1762231628825,774.6000061035156,242.39999771118164
1762231628861,774.6000061035156,244.39999771118164
1762231628897,773.6000061035156,246.39999771118164
1762231628933,771.6000061035156,248.39999771118164
1762231628969,771.6000061035156,249.39999771118164
1762231629005,771.6000061035156,251.39999771118164
1762231629041,771.6000061035156,253.39999771118164
1762231629077,771.6000061035156,256.39999771118164
1762231629113,771.6000061035156,259.39999771118164
1762231629149,771.6000061035156,261.39999771118164
1762231629188,774.6000061035156,264.39999771118164
1762231629225,776.6000061035156,264.39999771118164
1762231629260,777.6000061035156,264.39999771118164
1762231629296,780.6000061035156,266.39999771118164
1762231629333,782.6000061035156,267.39999771118164
1762231629369,785.6000061035156,268.39999771118164
1762231629405,788.6000061035156,268.39999771118164
1762231629440,790.6000061035156,268.39999771118164
1762231629477,792.6000061035156,268.39999771118164
1762231629513,796.6000061035156,268.39999771118164
1762231629549,797.6000061035156,268.39999771118164
1762231629585,799.6000061035156,268.39999771118164
1762231629621,801.6000061035156,265.39999771118164
1762231629657,802.6000061035156,262.39999771118164
1762231629693,804.6000061035156,258.39999771118164
1762231629729,805.6000061035156,255.39999771118164
1762231629781,805.6000061035156,250.39999771118164
1762231629884,804.6000061035156,251.39999771118164
1762231629939,802.6000061035156,256.39999771118164
1762231629974,802.6000061035156,256.39999771118164
1762231630018,802.6000061035156,258.39999771118164
1762231630131,802.6000061035156,258.39999771118164
1762231630166,803.6000061035156,258.39999771118164
1762231630203,805.6000061035156,259.39999771118164
1762231630239,808.6000061035156,259.39999771118164
1762231630275,810.6000061035156,259.39999771118164
1762231630312,812.6000061035156,259.39999771118164
1762231630348,812.6000061035156,259.39999771118164
1762231630384,814.6000061035156,260.39999771118164
1762231630420,814.6000061035156,260.39999771118164
1762231630456,816.6000061035156,260.39999771118164
1762231630492,818.6000061035156,260.39999771118164
1762231630528,818.6000061035156,260.39999771118164
1762231630564,820.6000061035156,260.39999771118164
1762231630600,821.6000061035156,259.39999771118164
1762231630637,821.6000061035156,258.39999771118164
1762231630673,821.6000061035156,254.39999771118164
1762231630709,821.6000061035156,254.39999771118164
1762231630746,821.6000061035156,250.39999771118164
1762231630797,821.6000061035156,243.39999771118164
1762231630833,821.6000061035156,240.39999771118164
1762231630869,821.6000061035156,235.39999771118164
1762231630905,821.6000061035156,233.39999771118164
1762231630941,821.6000061035156,232.39999771118164
1762231630978,822.6000061035156,230.39999771118164
1762231631014,823.6000061035156,229.39999771118164
1762231631050,823.6000061035156,225.39999771118164
1762231631086,823.6000061035156,223.39999771118164
1762231631130,823.6000061035156,222.39999771118164
1762231631166,823.6000061035156,220.39999771118164
1762231631251,823.6000061035156,219.39999771118164
1762231631300,823.6000061035156,216.39999771118164
1762231631336,822.6000061035156,212.39999771118164
1762231631372,820.6000061035156,210.39999771118164
1762231631409,817.6000061035156,207.39999771118164
1762231631446,815.6000061035156,206.39999771118164
1762231631482,811.6000061035156,202.39999771118164
1762231631518,809.6000061035156,198.39999771118164
1762231631555,808.6000061035156,195.39999771118164
1762231631592,804.6000061035156,187.39999771118164
1762231631629,803.6000061035156,185.39999771118164
1762231631666,801.6000061035156,182.39999771118164
1762231631755,799.6000061035156,184.39999771118164
1762231631823,794.6000061035156,189.39999771118164
1762231631860,793.6000061035156,193.39999771118164
1762231631897,790.6000061035156,193.39999771118164
1762231631933,788.6000061035156,196.39999771118164
1762231632019,788.6000061035156,196.39999771118164
1762231632074,786.6000061035156,193.39999771118164
1762231632113,786.6000061035156,185.39999771118164
1762231632151,786.6000061035156,181.39999771118164
1762231632188,786.6000061035156,178.39999771118164
1762231632225,786.6000061035156,177.39999771118164
1762231632299,785.6000061035156,176.39999771118164
1762231632338,784.6000061035156,177.39999771118164
1762231632375,784.6000061035156,182.39999771118164
1762231632413,782.6000061035156,187.39999771118164
1762231632450,779.6000061035156,193.39999771118164
1762231632487,777.6000061035156,196.39999771118164
1762231632522,776.6000061035156,197.39999771118164
1762231632559,774.6000061035156,202.39999771118164
1762231632596,774.6000061035156,205.39999771118164
1762231632632,774.6000061035156,206.39999771118164
1762231632669,773.6000061035156,209.39999771118164
1762231632705,773.6000061035156,212.39999771118164
1762231632741,773.6000061035156,213.39999771118164
1762231632778,773.6000061035156,214.39999771118164
1762231632829,773.6000061035156,215.39999771118164
1762231632865,774.6000061035156,216.39999771118164
1762231632901,775.6000061035156,214.39999771118164
1762231632938,778.6000061035156,211.39999771118164
1762231632980,782.6000061035156,203.39999771118164
1762231633018,783.6000061035156,198.39999771118164
1762231633056,788.6000061035156,196.39999771118164
1762231633094,791.6000061035156,194.39999771118164
1762231633220,792.6000061035156,194.39999771118164
1762231633281,790.6000061035156,200.39999771118164
1762231633318,786.6000061035156,206.39999771118164
1762231633355,784.6000061035156,209.39999771118164
1762231633395,782.6000061035156,212.39999771118164
1762231633433,782.6000061035156,215.39999771118164
1762231633471,782.6000061035156,218.39999771118164
1762231633509,782.6000061035156,219.39999771118164
1762231633546,782.6000061035156,220.39999771118164
1762231633582,782.6000061035156,221.39999771118164
1762231633732,782.6000061035156,221.39999771118164
1762231633795,782.6000061035156,211.39999771118164
1762231633846,782.6000061035156,204.39999771118164
1762231633884,781.6000061035156,201.39999771118164
1762231634012,781.6000061035156,202.39999771118164
1762231634073,779.6000061035156,210.39999771118164
1762231634113,778.6000061035156,218.39999771118164
1762231634151,777.6000061035156,221.39999771118164
1762231634190,777.6000061035156,222.39999771118164
1762231634228,777.6000061035156,223.39999771118164
1762231634266,777.6000061035156,225.39999771118164
1762231634306,777.6000061035156,226.39999771118164
1762231634344,776.6000061035156,228.39999771118164
1762231634383,776.6000061035156,233.39999771118164
1762231634421,774.6000061035156,235.39999771118164
1762231634494,774.6000061035156,237.39999771118164
1762231634534,774.6000061035156,237.39999771118164
1762231634574,774.6000061035156,238.39999771118164
1762231634612,774.6000061035156,239.39999771118164
1762231635132,774.6000061035156,239.39999771118164
1762231635210,773.6000061035156,239.39999771118164
1762231635248,772.6000061035156,238.39999771118164
1762231635285,770.6000061035156,236.39999771118164
1762231635328,768.6000061035156,234.39999771118164
1762231635368,767.6000061035156,233.39999771118164
1762231635409,766.6000061035156,233.39999771118164
1762231635452,766.6000061035156,232.39999771118164
1762231635636,766.6000061035156,232.39999771118164
1762231635737,766.6000061035156,232.39999771118164
1762231635785,766.6000061035156,223.39999771118164
1762231635823,768.6000061035156,221.39999771118164
1762231635861,768.6000061035156,220.39999771118164
1762231635964,768.6000061035156,220.39999771118164
1762231636023,770.6000061035156,225.39999771118164
1762231636062,772.6000061035156,233.39999771118164
1762231636100,773.6000061035156,237.39999771118164
1762231636139,775.6000061035156,241.39999771118164
1762231636252,776.6000061035156,240.39999771118164
1762231636324,780.6000061035156,223.39999771118164
1762231636362,782.6000061035156,218.39999771118164
1762231636401,784.6000061035156,214.39999771118164
1762231636440,788.6000061035156,207.39999771118164
1762231636478,790.6000061035156,204.39999771118164
1762231636517,792.6000061035156,201.39999771118164
1762231636556,794.6000061035156,197.39999771118164
1762231636595,795.6000061035156,191.39999771118164
1762231636634,796.6000061035156,188.39999771118164
1762231636720,797.6000061035156,187.39999771118164
1762231636785,802.6000061035156,197.39999771118164
1762231636823,804.6000061035156,201.39999771118164
1762231636862,806.6000061035156,203.39999771118164
1762231636901,808.6000061035156,206.39999771118164
1762231636939,809.6000061035156,209.39999771118164
1762231636978,809.6000061035156,211.39999771118164
1762231637132,808.6000061035156,210.39999771118164
1762231637193,803.6000061035156,205.39999771118164
1762231637232,800.6000061035156,202.39999771118164
1762231637271,799.6000061035156,200.39999771118164
1762231637309,798.6000061035156,199.39999771118164
1762231637358,796.6000061035156,196.39999771118164
1762231637396,794.6000061035156,193.39999771118164
1762231637540,794.6000061035156,194.39999771118164
1762231637599,797.6000061035156,197.39999771118164
1762231637639,799.6000061035156,197.39999771118164
1762231637677,800.6000061035156,197.39999771118164
1762231637715,801.6000061035156,197.39999771118164
1762231637811,802.6000061035156,196.39999771118164
1762231637870,803.6000061035156,193.39999771118164
1762231637909,803.6000061035156,190.39999771118164
1762231637948,801.6000061035156,189.39999771118164
1762231638001,801.6000061035156,189.39999771118164
1762231638091,800.6000061035156,189.39999771118164
1762231638151,798.6000061035156,195.39999771118164
1762231638190,796.6000061035156,202.39999771118164
1762231638229,792.6000061035156,206.39999771118164
1762231638268,790.6000061035156,208.39999771118164
1762231638307,787.6000061035156,210.39999771118164
1762231638345,786.6000061035156,212.39999771118164
1762231638394,784.6000061035156,215.39999771118164
1762231638474,784.6000061035156,215.39999771118164
1762231638522,787.6000061035156,216.39999771118164
1762231638560,789.6000061035156,215.39999771118164
1762231638599,790.6000061035156,215.39999771118164
1762231638637,791.6000061035156,215.39999771118164
1762231638676,792.6000061035156,212.39999771118164
1762231638714,792.6000061035156,210.39999771118164
1762231638753,792.6000061035156,209.39999771118164
1762231638792,793.6000061035156,207.39999771118164
1762231638842,793.6000061035156,207.39999771118164
1762231638884,794.6000061035156,207.39999771118164
1762231638922,794.6000061035156,207.39999771118164
1762231638961,796.6000061035156,207.39999771118164
1762231638999,799.6000061035156,208.39999771118164
1762231639038,804.6000061035156,212.39999771118164
1762231639076,807.6000061035156,213.39999771118164
1762231639114,808.6000061035156,214.39999771118164
1762231639155,809.6000061035156,217.39999771118164
1762231639195,809.6000061035156,219.39999771118164
1762231639233,809.6000061035156,220.39999771118164
1762231639271,809.6000061035156,222.39999771118164
1762231639310,809.6000061035156,223.39999771118164
1762231639352,809.6000061035156,224.39999771118164
1762231639404,808.6000061035156,224.39999771118164
1762231639443,805.6000061035156,224.39999771118164
1762231639482,802.6000061035156,221.39999771118164
1762231639522,802.6000061035156,216.39999771118164
1762231639561,800.6000061035156,214.39999771118164
1762231639600,799.6000061035156,213.39999771118164
1762231639723,799.6000061035156,214.39999771118164
1762231639784,801.6000061035156,222.39999771118164
1762231639824,802.6000061035156,227.39999771118164
1762231639864,803.6000061035156,231.39999771118164
1762231639907,805.6000061035156,237.39999771118164
1762231639946,806.6000061035156,239.39999771118164
1762231639986,806.6000061035156,240.39999771118164
1762231640025,807.6000061035156,240.39999771118164
1762231640064,807.6000061035156,242.39999771118164
1762231640103,807.6000061035156,243.39999771118164
1762231640143,806.6000061035156,244.39999771118164
1762231640183,803.6000061035156,244.39999771118164
1762231640222,801.6000061035156,244.39999771118164
1762231640261,800.6000061035156,243.39999771118164
1762231640301,799.6000061035156,237.39999771118164
1762231640340,798.6000061035156,231.39999771118164
1762231640379,798.6000061035156,226.39999771118164
1762231640432,798.6000061035156,222.39999771118164
1762231640532,798.6000061035156,223.39999771118164
1762231640593,799.6000061035156,226.39999771118164
1762231640633,800.6000061035156,232.39999771118164
1762231640672,800.6000061035156,239.39999771118164
1762231640712,801.6000061035156,244.39999771118164
1762231640751,801.6000061035156,247.39999771118164
1762231640891,801.6000061035156,246.39999771118164
1762231640954,806.6000061035156,232.39999771118164
1762231640994,808.6000061035156,227.39999771118164
1762231641034,811.6000061035156,225.39999771118164
1762231641073,811.6000061035156,224.39999771118164
1762231641196,811.6000061035156,225.39999771118164
1762231641255,811.6000061035156,233.39999771118164
1762231641294,811.6000061035156,237.39999771118164
1762231641334,809.6000061035156,238.39999771118164
1762231641373,808.6000061035156,238.39999771118164
1762231641411,807.6000061035156,238.39999771118164
1762231641465,803.6000061035156,238.39999771118164
1762231641504,800.6000061035156,238.39999771118164
1762231641543,798.6000061035156,237.39999771118164
1762231641582,798.6000061035156,230.39999771118164
1762231641622,798.6000061035156,223.39999771118164
1762231641661,797.6000061035156,220.39999771118164
1762231641771,796.6000061035156,220.39999771118164
1762231641836,790.6000061035156,239.39999771118164
1762231641875,788.6000061035156,252.39999771118164
1762231641914,786.6000061035156,257.39999771118164
1762231641952,786.6000061035156,258.39999771118164
1762231642002,786.6000061035156,258.39999771118164
1762231642048,785.6000061035156,258.39999771118164
1762231642085,784.6000061035156,255.39999771118164
1762231642128,784.6000061035156,247.39999771118164
1762231642170,784.6000061035156,236.39999771118164
1762231642212,784.6000061035156,230.39999771118164
1762231642250,784.6000061035156,227.39999771118164
1762231642289,785.6000061035156,227.39999771118164
1762231642370,785.6000061035156,227.39999771118164
1762231642416,787.6000061035156,228.39999771118164
1762231642466,790.6000061035156,231.39999771118164
1762231642504,792.6000061035156,237.39999771118164
1762231642542,794.6000061035156,242.39999771118164
1762231642581,794.6000061035156,245.39999771118164
1762231642620,794.6000061035156,247.39999771118164
1762231642658,795.6000061035156,248.39999771118164
1762231642738,795.6000061035156,247.39999771118164
1762231642781,795.6000061035156,240.39999771118164
1762231642820,795.6000061035156,234.39999771118164
1762231642859,795.6000061035156,228.39999771118164
1762231642898,795.6000061035156,226.39999771118164
1762231642937,793.6000061035156,224.39999771118164
1762231642976,793.6000061035156,223.39999771118164
1762231643014,792.6000061035156,222.39999771118164
1762231643065,792.6000061035156,223.39999771118164
1762231643103,792.6000061035156,224.39999771118164
1762231643141,792.6000061035156,229.39999771118164
1762231643180,792.6000061035156,236.39999771118164
1762231643220,792.6000061035156,244.39999771118164
1762231643259,792.6000061035156,245.39999771118164
1762231643299,792.6000061035156,247.39999771118164
1762231643337,792.6000061035156,248.39999771118164
1762231643435,791.6000061035156,249.39999771118164
1762231643506,787.6000061035156,243.39999771118164
1762231643546,787.6000061035156,237.39999771118164
1762231643585,787.6000061035156,235.39999771118164
1762231643624,787.6000061035156,234.39999771118164
1762231643707,787.6000061035156,233.39999771118164
1762231643777,783.6000061035156,242.39999771118164
1762231643817,781.6000061035156,244.39999771118164
1762231643856,779.6000061035156,244.39999771118164
1762231643894,777.6000061035156,244.39999771118164
1762231643932,774.6000061035156,244.39999771118164
1762231643971,773.6000061035156,244.39999771118164
1762231644010,770.6000061035156,242.39999771118164
1762231644049,769.6000061035156,237.39999771118164
1762231644089,767.6000061035156,232.39999771118164
1762231644129,767.6000061035156,228.39999771118164
1762231644168,767.6000061035156,225.39999771118164
1762231644246,770.6000061035156,228.39999771118164
1762231644282,772.6000061035156,231.39999771118164
1762231644320,774.6000061035156,236.39999771118164
1762231644359,778.6000061035156,239.39999771118164
1762231644398,780.6000061035156,241.39999771118164
1762231644437,782.6000061035156,244.39999771118164
1762231644476,784.6000061035156,245.39999771118164
1762231644529,786.6000061035156,248.39999771118164
1762231644566,787.6000061035156,248.39999771118164
1762231644604,788.6000061035156,249.39999771118164
1762231644679,787.6000061035156,248.39999771118164
1762231644717,782.6000061035156,247.39999771118164
1762231644756,776.6000061035156,244.39999771118164
1762231644795,773.6000061035156,243.39999771118164
1762231644834,770.6000061035156,240.39999771118164
1762231644873,768.6000061035156,238.39999771118164
1762231644912,767.6000061035156,234.39999771118164
1762231644951,766.6000061035156,230.39999771118164
1762231644990,764.6000061035156,227.39999771118164
1762231645028,762.6000061035156,222.39999771118164
1762231645067,762.6000061035156,220.39999771118164
1762231645105,762.6000061035156,218.39999771118164
1762231645144,762.6000061035156,216.39999771118164
1762231645184,762.6000061035156,211.39999771118164
1762231645224,762.6000061035156,208.39999771118164
1762231645262,762.6000061035156,206.39999771118164
1762231645302,762.6000061035156,202.39999771118164
1762231645340,762.6000061035156,201.39999771118164
1762231645379,762.6000061035156,199.39999771118164
1762231645423,763.6000061035156,192.39999771118164
1762231645462,765.6000061035156,188.39999771118164
1762231645502,766.6000061035156,185.39999771118164
1762231645553,768.6000061035156,181.39999771118164
1762231645591,770.6000061035156,179.39999771118164
1762231645683,771.6000061035156,177.39999771118164
1762231645740,776.6000061035156,174.39999771118164
1762231645779,777.6000061035156,174.39999771118164
1762231645818,779.6000061035156,170.39999771118164
1762231645857,779.6000061035156,168.39999771118164
1762231645896,780.6000061035156,166.39999771118164
1762231645935,780.6000061035156,163.39999771118164
1762231645977,781.6000061035156,157.39999771118164
1762231646016,782.6000061035156,155.39999771118164
1762231646057,782.6000061035156,154.39999771118164
1762231646137,782.6000061035156,155.39999771118164
1762231646177,777.6000061035156,167.39999771118164
1762231646216,776.6000061035156,172.39999771118164
1762231646255,773.6000061035156,176.39999771118164
1762231646295,772.6000061035156,180.39999771118164
1762231646333,769.6000061035156,182.39999771118164
1762231646372,768.6000061035156,187.39999771118164
1762231646411,766.6000061035156,189.39999771118164
1762231646450,762.6000061035156,197.39999771118164
1762231646488,762.6000061035156,199.39999771118164
1762231646527,762.6000061035156,201.39999771118164
1762231646577,762.6000061035156,203.39999771118164
1762231646641,763.6000061035156,203.39999771118164
1762231646681,764.6000061035156,203.39999771118164
1762231646720,766.6000061035156,196.39999771118164
1762231646760,769.6000061035156,186.39999771118164
1762231646799,771.6000061035156,179.39999771118164
1762231646839,772.6000061035156,174.39999771118164
1762231646879,774.6000061035156,168.39999771118164
1762231646919,774.6000061035156,163.39999771118164
1762231646959,775.6000061035156,160.39999771118164
1762231646999,777.6000061035156,158.39999771118164
1762231647038,778.6000061035156,156.39999771118164
1762231647077,779.6000061035156,155.39999771118164
1762231647116,780.6000061035156,155.39999771118164
1762231647156,783.6000061035156,155.39999771118164
1762231647196,787.6000061035156,159.39999771118164
1762231647236,791.6000061035156,166.39999771118164
1762231647276,795.6000061035156,175.39999771118164
1762231647315,796.6000061035156,181.39999771118164
1762231647354,799.6000061035156,187.39999771118164
1762231647394,801.6000061035156,193.39999771118164
1762231647434,802.6000061035156,202.39999771118164
1762231647474,803.6000061035156,211.39999771118164
1762231647514,803.6000061035156,219.39999771118164
1762231647553,803.6000061035156,224.39999771118164
1762231647609,804.6000061035156,229.39999771118164
1762231647648,804.6000061035156,232.39999771118164
1762231647687,804.6000061035156,238.39999771118164
1762231647727,803.6000061035156,242.39999771118164
1762231647766,799.6000061035156,244.39999771118164
1762231647805,796.6000061035156,245.39999771118164
1762231647844,794.6000061035156,245.39999771118164
1762231647883,790.6000061035156,245.39999771118164
1762231647921,787.6000061035156,244.39999771118164
1762231647960,785.6000061035156,242.39999771118164
1762231647999,781.6000061035156,237.39999771118164
1762231648038,779.6000061035156,234.39999771118164
1762231648126,779.6000061035156,236.39999771118164
1762231648185,776.6000061035156,243.39999771118164
1762231648224,774.6000061035156,249.39999771118164
1762231648264,772.6000061035156,253.39999771118164
1762231648303,771.6000061035156,254.39999771118164
1762231648342,770.6000061035156,254.39999771118164
1762231648381,769.6000061035156,254.39999771118164
1762231648420,765.6000061035156,248.39999771118164
1762231648462,761.6000061035156,239.39999771118164
1762231648517,761.6000061035156,235.39999771118164
1762231648580,763.6000061035156,234.39999771118164
1762231648635,764.6000061035156,239.39999771118164
1762231648677,764.6000061035156,243.39999771118164
1762231648718,765.6000061035156,248.39999771118164
1762231648762,765.6000061035156,252.39999771118164
1762231648803,765.6000061035156,256.39999771118164
1762231648843,765.6000061035156,257.39999771118164
1762231648884,763.6000061035156,260.39999771118164
1762231648924,763.6000061035156,262.39999771118164
1762231648963,764.6000061035156,263.39999771118164
1762231649004,765.6000061035156,263.39999771118164
1762231649044,766.6000061035156,263.39999771118164
1762231649085,771.6000061035156,263.39999771118164
1762231649125,777.6000061035156,263.39999771118164
1762231649167,781.6000061035156,261.39999771118164
1762231649213,786.6000061035156,256.39999771118164
1762231649253,791.6000061035156,252.39999771118164
1762231649293,798.6000061035156,248.39999771118164
1762231649334,802.6000061035156,245.39999771118164
1762231649375,804.6000061035156,239.39999771118164
1762231649416,804.6000061035156,235.39999771118164
1762231649457,804.6000061035156,228.39999771118164
1762231649498,804.6000061035156,223.39999771118164
1762231649539,800.6000061035156,216.39999771118164
1762231649581,800.6000061035156,210.39999771118164
1762231649627,800.6000061035156,200.39999771118164
1762231649674,800.6000061035156,194.39999771118164
1762231649715,800.6000061035156,192.39999771118164
1762231649756,800.6000061035156,189.39999771118164
1762231649796,801.6000061035156,187.39999771118164
1762231649837,801.6000061035156,186.39999771118164
1762231650147,801.6000061035156,187.39999771118164
1762231650158,801.6000061035156,188.39999771118164
1762231650174,801.6000061035156,193.39999771118164
1762231650191,801.6000061035156,199.39999771118164
1762231650208,801.6000061035156,204.39999771118164
1762231650224,801.6000061035156,207.39999771118164
1762231650241,801.6000061035156,209.39999771118164
1762231650274,800.6000061035156,211.39999771118164
1762231650290,799.6000061035156,211.39999771118164
1762231650306,798.6000061035156,211.39999771118164
1762231650314,797.6000061035156,211.39999771118164
1762231650324,796.6000061035156,211.39999771118164
1762231650341,793.6000061035156,208.39999771118164
1762231650358,790.6000061035156,204.39999771118164
1762231650375,786.6000061035156,200.39999771118164
1762231650392,783.6000061035156,194.39999771118164
1762231650408,779.6000061035156,190.39999771118164
1762231650425,777.6000061035156,188.39999771118164
1762231650441,774.6000061035156,186.39999771118164
1762231650458,771.6000061035156,183.39999771118164
1762231650474,770.6000061035156,182.39999771118164
1762231650524,770.6000061035156,181.39999771118164
1762231650541,770.6000061035156,180.39999771118164
1762231650591,770.6000061035156,178.39999771118164
1762231650607,770.6000061035156,177.39999771118164
1762231650624,771.6000061035156,176.39999771118164
1762231650641,772.6000061035156,175.39999771118164
1762231650657,773.6000061035156,175.39999771118164
1762231650674,773.6000061035156,175.39999771118164
1762231650691,775.6000061035156,175.39999771118164
1762231650707,777.6000061035156,175.39999771118164
1762231650724,779.6000061035156,175.39999771118164
1762231650741,780.6000061035156,175.39999771118164
1762231650757,781.6000061035156,175.39999771118164
1762231650774,782.6000061035156,175.39999771118164
1762231650790,783.6000061035156,174.39999771118164
1762231650819,785.6000061035156,174.39999771118164
1762231650859,785.6000061035156,174.39999771118164
1762231650874,787.6000061035156,174.39999771118164
1762231650891,787.6000061035156,173.39999771118164
1762231651003,788.6000061035156,173.39999771118164
1762231651083,788.6000061035156,173.39999771118164
1762231651091,788.6000061035156,174.39999771118164
1762231651107,787.6000061035156,174.39999771118164
1762231651157,787.6000061035156,175.39999771118164
1762231651179,787.6000061035156,176.39999771118164
1762231651330,788.6000061035156,176.39999771118164
1762231651340,790.6000061035156,175.39999771118164
1762231651362,790.6000061035156,174.39999771118164
1762231651373,790.6000061035156,173.39999771118164
1762231651390,792.6000061035156,172.39999771118164
1762231651407,792.6000061035156,171.39999771118164
1762231651423,792.6000061035156,169.39999771118164
1762231651440,792.6000061035156,167.39999771118164
1762231651466,792.6000061035156,166.39999771118164
1762231651515,792.6000061035156,165.39999771118164
1762231651618,792.6000061035156,165.39999771118164
1762231651634,792.6000061035156,163.39999771118164
1762231651650,792.6000061035156,163.39999771118164
1762231651658,792.6000061035156,161.39999771118164
1762231651673,792.6000061035156,160.39999771118164
1762231651690,792.6000061035156,158.39999771118164
1762231651706,792.6000061035156,155.39999771118164
1762231651725,792.6000061035156,154.39999771118164
1762231651741,792.6000061035156,151.39999771118164
1762231651758,793.6000061035156,150.39999771118164
1762231651775,795.6000061035156,148.39999771118164
1762231651792,797.6000061035156,146.39999771118164
1762231651808,800.6000061035156,143.39999771118164
1762231651824,801.6000061035156,142.39999771118164
1762231651841,802.6000061035156,141.39999771118164
1762231651858,802.6000061035156,140.39999771118164
1762231651874,803.6000061035156,139.39999771118164
1762231651924,804.6000061035156,139.39999771118164
1762231651941,806.6000061035156,139.39999771118164
1762231651958,807.6000061035156,139.39999771118164
1762231651974,808.6000061035156,140.39999771118164
1762231651991,809.6000061035156,141.39999771118164
1762231652008,811.6000061035156,148.39999771118164
1762231652028,811.6000061035156,149.39999771118164
1762231652041,811.6000061035156,150.39999771118164
1762231652309,811.6000061035156,150.39999771118164
1762231652358,813.6000061035156,150.39999771118164
1762231652374,815.6000061035156,150.39999771118164
1762231652424,815.6000061035156,149.39999771118164
1762231652440,815.6000061035156,147.39999771118164
1762231652468,815.6000061035156,147.39999771118164
1762231652507,817.6000061035156,145.39999771118164
1762231653445,815.6000061035156,147.39999771118164
1762231653459,814.6000061035156,153.39999771118164
1762231653472,812.6000061035156,155.39999771118164
1762231653488,812.6000061035156,165.39999771118164
1762231653506,808.6000061035156,175.39999771118164
1762231653521,803.6000061035156,187.39999771118164
1762231653538,799.6000061035156,193.39999771118164
1762231653555,796.6000061035156,198.39999771118164
1762231653571,794.6000061035156,201.39999771118164
1762231653589,793.6000061035156,205.39999771118164
1762231653605,793.6000061035156,207.39999771118164
1762231653622,793.6000061035156,208.39999771118164
1762231653638,794.6000061035156,208.39999771118164
1762231653655,798.6000061035156,205.39999771118164
1762231653671,798.6000061035156,203.39999771118164
1762231653688,800.6000061035156,197.39999771118164
1762231653705,800.6000061035156,192.39999771118164
1762231653721,798.6000061035156,184.39999771118164
1762231653738,793.6000061035156,177.39999771118164
1762231653755,791.6000061035156,174.39999771118164
1762231653771,791.6000061035156,173.39999771118164
1762231653788,791.6000061035156,172.39999771118164
1762231653805,790.6000061035156,169.39999771118164
1762231653821,783.6000061035156,169.39999771118164
1762231653848,757.6000061035156,174.39999771118164
1762231653864,731.6000061035156,186.39999771118164
1762231653881,702.6000061035156,199.39999771118164
1762231653900,678.6000061035156,212.39999771118164
1762231653910,657.6000061035156,228.39999771118164
1762231653927,647.6000061035156,238.39999771118164
1762231653950,638.6000061035156,255.39999771118164
1762231653966,631.6000061035156,267.39999771118164
1762231653992,627.6000061035156,277.39999771118164
1762231654003,624.6000061035156,281.39999771118164
1762231654011,622.6000061035156,284.39999771118164
1762231654026,622.6000061035156,286.39999771118164
1762231654056,623.6000061035156,290.39999771118164
1762231654076,625.6000061035156,290.39999771118164
1762231654093,628.6000061035156,293.39999771118164
1762231654110,636.6000061035156,297.39999771118164
1762231654137,711.6000061035156,365.39999771118164
1762231654152,743.6000061035156,403.39999771118164
1762231654169,763.6000061035156,445.39999771118164
1762231654185,771.6000061035156,483.39999771118164
1762231654202,772.6000061035156,514.3999977111816
1762231654220,772.6000061035156,538.3999977111816
1762231654235,766.6000061035156,565.3999977111816
1762231654251,763.6000061035156,591.3999977111816
-1,-1,-1
1762231463680,45.600006103515625,238.39999771118164
1762231463702,45.600006103515625,239.39999771118164
1762231463752,46.600006103515625,239.39999771118164
1762231463764,46.600006103515625,240.39999771118164
1762231463848,46.600006103515625,241.39999771118164
1762231463860,46.600006103515625,241.39999771118164
1762231463877,46.600006103515625,242.39999771118164
1762231463896,46.600006103515625,244.39999771118164
1762231463943,46.600006103515625,244.39999771118164
1762231463967,46.600006103515625,246.39999771118164
1762231463992,46.600006103515625,246.39999771118164
1762231464016,46.600006103515625,248.39999771118164
1762231464104,46.600006103515625,248.39999771118164
1762231464120,45.600006103515625,249.39999771118164
1762231464136,45.600006103515625,250.39999771118164
1762231464144,45.600006103515625,250.39999771118164
1762231464160,44.600006103515625,251.39999771118164
1762231464182,44.600006103515625,252.39999771118164
1762231464193,43.600006103515625,253.39999771118164
1762231464256,43.600006103515625,254.39999771118164
1762231464263,43.600006103515625,255.39999771118164
1762231464279,43.600006103515625,256.39999771118164
1762231464293,42.600006103515625,257.39999771118164
1762231464310,41.600006103515625,258.39999771118164
1762231464384,41.600006103515625,259.39999771118164
1762231464408,41.600006103515625,259.39999771118164
1762231464426,41.600006103515625,261.39999771118164
1762231464443,41.600006103515625,263.39999771118164
1762231464460,41.600006103515625,264.39999771118164
1762231464480,41.600006103515625,265.39999771118164
1762231464504,41.600006103515625,266.39999771118164
1762231464526,41.600006103515625,268.39999771118164
1762231464543,41.600006103515625,268.39999771118164
1762231464559,41.600006103515625,270.39999771118164
1762231464576,41.600006103515625,271.39999771118164
1762231464593,41.600006103515625,272.39999771118164
1762231464616,41.600006103515625,273.39999771118164
1762231464641,41.600006103515625,275.39999771118164
1762231464659,41.600006103515625,275.39999771118164
1762231464676,41.600006103515625,277.39999771118164
1762231464692,41.600006103515625,278.39999771118164
1762231464743,41.600006103515625,280.39999771118164
1762231464760,41.600006103515625,281.39999771118164
1762231464784,41.600006103515625,282.39999771118164
1762231464826,41.600006103515625,283.39999771118164
1762231464843,41.600006103515625,283.39999771118164
1762231464893,41.600006103515625,284.39999771118164
1762231464942,41.600006103515625,285.39999771118164
1762231464959,41.600006103515625,286.39999771118164
1762231464984,41.600006103515625,287.39999771118164
1762231465000,41.600006103515625,288.39999771118164
1762231465009,41.600006103515625,289.39999771118164
1762231465032,41.600006103515625,290.39999771118164
1762231465048,41.600006103515625,292.39999771118164
1762231465064,41.600006103515625,292.39999771118164
1762231465080,41.600006103515625,293.39999771118164
1762231465092,41.600006103515625,294.39999771118164
1762231465119,41.600006103515625,295.39999771118164
1762231465159,41.600006103515625,297.39999771118164
1762231465184,41.600006103515625,298.39999771118164
1762231465288,41.600006103515625,299.39999771118164
1762231465342,42.600006103515625,299.39999771118164
1762231465359,42.600006103515625,300.39999771118164
1762231465375,43.600006103515625,301.39999771118164
1762231465456,43.600006103515625,301.39999771118164
1762231465488,44.600006103515625,300.39999771118164
1762231465509,44.600006103515625,300.39999771118164
1762231465525,45.600006103515625,300.39999771118164
1762231465544,46.600006103515625,300.39999771118164
1762231465558,46.600006103515625,300.39999771118164
1762231465608,47.600006103515625,300.39999771118164
1762231465625,48.600006103515625,300.39999771118164
1762231465704,49.600006103515625,300.39999771118164
1762231465727,50.600006103515625,300.39999771118164
1762231465824,51.600006103515625,300.39999771118164
1762231465896,51.600006103515625,299.39999771118164
1762231465952,51.600006103515625,299.39999771118164
1762231465976,51.600006103515625,298.39999771118164
1762231466000,51.600006103515625,297.39999771118164
1762231466056,51.600006103515625,296.39999771118164
1762231466200,51.600006103515625,296.39999771118164
1762231466216,53.600006103515625,298.39999771118164
1762231466231,53.600006103515625,299.39999771118164
1762231466241,53.600006103515625,300.39999771118164
1762231466264,53.600006103515625,302.39999771118164
1762231466280,53.600006103515625,305.39999771118164
1762231466304,53.600006103515625,306.39999771118164
1762231466327,53.600006103515625,307.39999771118164
1762231466352,53.600006103515625,309.39999771118164
1762231466375,53.600006103515625,309.39999771118164
1762231466392,55.600006103515625,311.39999771118164
1762231466544,54.600006103515625,310.39999771118164
1762231466558,54.600006103515625,309.39999771118164
1762231466574,53.600006103515625,307.39999771118164
1762231466591,53.600006103515625,303.39999771118164
1762231466608,52.600006103515625,300.39999771118164
1762231466624,52.600006103515625,298.39999771118164
1762231466641,52.600006103515625,296.39999771118164
1762231466658,52.600006103515625,295.39999771118164
1762231466674,50.600006103515625,292.39999771118164
1762231466691,50.600006103515625,291.39999771118164
1762231466708,49.600006103515625,290.39999771118164
1762231466724,49.600006103515625,289.39999771118164
1762231466741,49.600006103515625,288.39999771118164
1762231466758,48.600006103515625,286.39999771118164
1762231466776,48.600006103515625,284.39999771118164
1762231466791,48.600006103515625,283.39999771118164
1762231466816,49.600006103515625,282.39999771118164
1762231466840,49.600006103515625,281.39999771118164
1762231466857,50.600006103515625,280.39999771118164
1762231466874,52.600006103515625,278.39999771118164
1762231466891,54.600006103515625,278.39999771118164
1762231466907,57.600006103515625,278.39999771118164
1762231466924,57.600006103515625,278.39999771118164
1762231466974,59.600006103515625,278.39999771118164
1762231466992,59.600006103515625,278.39999771118164
1762231467008,59.600006103515625,280.39999771118164
1762231467024,59.600006103515625,281.39999771118164
1762231467041,59.600006103515625,283.39999771118164
1762231467057,59.600006103515625,285.39999771118164
1762231467074,57.600006103515625,286.39999771118164
1762231467090,57.600006103515625,287.39999771118164
1762231467107,56.600006103515625,288.39999771118164
1762231467124,56.600006103515625,289.39999771118164
1762231467143,55.600006103515625,289.39999771118164
1762231467159,54.600006103515625,290.39999771118164
1762231467207,53.600006103515625,292.39999771118164
1762231467232,53.600006103515625,292.39999771118164
1762231467248,53.600006103515625,294.39999771118164
1762231467257,52.600006103515625,295.39999771118164
1762231467307,50.600006103515625,296.39999771118164
1762231467324,50.600006103515625,296.39999771118164
1762231467344,50.600006103515625,297.39999771118164
1762231467360,50.600006103515625,298.39999771118164
1762231467376,50.600006103515625,299.39999771118164
1762231467464,52.600006103515625,301.39999771118164
1762231467552,52.600006103515625,302.39999771118164
1762231467560,51.600006103515625,303.39999771118164
1762231467573,50.600006103515625,304.39999771118164
1762231467640,49.600006103515625,305.39999771118164
1762231467657,49.600006103515625,305.39999771118164
1762231467688,48.600006103515625,305.39999771118164
1762231467707,47.600006103515625,305.39999771118164
1762231467723,46.600006103515625,305.39999771118164
1762231467740,44.600006103515625,305.39999771118164
1762231467792,44.600006103515625,305.39999771118164
1762231467816,43.600006103515625,305.39999771118164
1762231467873,42.600006103515625,303.39999771118164
1762231467923,42.600006103515625,303.39999771118164
1762231467940,43.600006103515625,301.39999771118164
1762231467956,44.600006103515625,301.39999771118164
1762231467973,47.600006103515625,300.39999771118164
1762231467990,47.600006103515625,300.39999771118164
1762231468006,48.600006103515625,299.39999771118164
1762231468023,50.600006103515625,299.39999771118164
1762231468047,51.600006103515625,299.39999771118164
1762231468090,52.600006103515625,299.39999771118164
1762231468106,53.600006103515625,299.39999771118164
1762231468123,54.600006103515625,298.39999771118164
1762231468182,54.600006103515625,298.39999771118164
1762231468206,55.600006103515625,298.39999771118164
1762231468289,56.600006103515625,298.39999771118164
1762231468306,56.600006103515625,297.39999771118164
1762231468323,56.600006103515625,295.39999771118164
1762231468339,56.600006103515625,293.39999771118164
1762231468356,56.600006103515625,291.39999771118164
1762231468373,56.600006103515625,288.39999771118164
1762231468389,56.600006103515625,287.39999771118164
1762231468406,56.600006103515625,284.39999771118164
1762231468422,56.600006103515625,283.39999771118164
1762231468439,56.600006103515625,280.39999771118164
1762231468456,56.600006103515625,279.39999771118164
1762231468472,55.600006103515625,276.39999771118164
1762231468489,55.600006103515625,275.39999771118164
1762231468506,54.600006103515625,274.39999771118164
1762231468522,54.600006103515625,271.39999771118164
1762231468543,54.600006103515625,271.39999771118164
1762231468556,54.600006103515625,270.39999771118164
1762231468573,52.600006103515625,267.39999771118164
1762231468589,52.600006103515625,267.39999771118164
1762231468606,52.600006103515625,264.39999771118164
1762231468622,52.600006103515625,263.39999771118164
1762231468646,52.600006103515625,262.39999771118164
1762231468712,51.600006103515625,261.39999771118164
1762231468728,50.600006103515625,261.39999771118164
1762231468904,50.600006103515625,261.39999771118164
1762231468922,50.600006103515625,264.39999771118164
1762231468939,50.600006103515625,265.39999771118164
1762231468956,50.600006103515625,267.39999771118164
1762231468972,51.600006103515625,269.39999771118164
1762231468989,51.600006103515625,271.39999771118164
1762231469005,51.600006103515625,272.39999771118164
1762231469022,51.600006103515625,273.39999771118164
1762231469039,51.600006103515625,275.39999771118164
1762231469063,50.600006103515625,275.39999771118164
1762231469105,48.600006103515625,277.39999771118164
1762231469122,48.600006103515625,278.39999771118164
1762231469139,47.600006103515625,278.39999771118164
1762231469167,46.600006103515625,278.39999771118164
1762231469182,45.600006103515625,278.39999771118164
1762231469222,43.600006103515625,275.39999771118164
1762231469238,43.600006103515625,271.39999771118164
1762231469255,43.600006103515625,268.39999771118164
1762231469272,43.600006103515625,267.39999771118164
1762231469288,44.600006103515625,264.39999771118164
1762231469305,45.600006103515625,263.39999771118164
1762231469322,45.600006103515625,261.39999771118164
1762231469338,46.600006103515625,258.39999771118164
1762231469355,46.600006103515625,257.39999771118164
1762231469372,47.600006103515625,255.39999771118164
1762231469388,47.600006103515625,254.39999771118164
1762231469405,47.600006103515625,251.39999771118164
1762231469422,49.600006103515625,250.39999771118164
1762231469438,49.600006103515625,249.39999771118164
1762231469455,50.600006103515625,247.39999771118164
1762231469479,50.600006103515625,246.39999771118164
1762231469488,51.600006103515625,245.39999771118164
1762231469505,51.600006103515625,244.39999771118164
1762231469521,52.600006103515625,242.39999771118164
1762231469728,52.600006103515625,243.39999771118164
1762231469739,51.600006103515625,244.39999771118164
1762231469755,50.600006103515625,246.39999771118164
1762231469771,50.600006103515625,250.39999771118164
1762231469788,49.600006103515625,250.39999771118164
1762231469805,48.600006103515625,252.39999771118164
1762231469821,48.600006103515625,253.39999771118164
1762231469921,47.600006103515625,254.39999771118164
1762231469951,47.600006103515625,254.39999771118164
1762231469971,45.600006103515625,254.39999771118164
1762231469992,45.600006103515625,253.39999771118164
1762231470005,44.600006103515625,252.39999771118164
1762231470021,44.600006103515625,250.39999771118164
1762231470038,44.600006103515625,247.39999771118164
1762231470054,44.600006103515625,246.39999771118164
1762231470071,44.600006103515625,245.39999771118164
1762231470088,42.600006103515625,243.39999771118164
1762231470104,42.600006103515625,242.39999771118164
1762231470121,42.600006103515625,240.39999771118164
1762231470138,42.600006103515625,239.39999771118164
1762231470159,42.600006103515625,238.39999771118164
1762231470288,42.600006103515625,239.39999771118164
1762231470304,40.600006103515625,241.39999771118164
1762231470327,40.600006103515625,243.39999771118164
1762231470354,40.600006103515625,245.39999771118164
1762231470371,40.600006103515625,246.39999771118164
1762231470391,40.600006103515625,248.39999771118164
1762231470407,40.600006103515625,249.39999771118164
1762231470454,40.600006103515625,250.39999771118164
1762231470471,41.600006103515625,251.39999771118164
1762231470487,42.600006103515625,252.39999771118164
1762231470568,43.600006103515625,252.39999771118164
1762231470591,43.600006103515625,253.39999771118164
1762231470607,43.600006103515625,254.39999771118164
1762231470654,43.600006103515625,257.39999771118164
1762231470784,43.600006103515625,256.39999771118164
1762231470804,43.600006103515625,256.39999771118164
1762231470831,43.600006103515625,254.39999771118164
1762231470842,43.600006103515625,253.39999771118164
1762231470870,45.600006103515625,252.39999771118164
1762231470887,45.600006103515625,249.39999771118164
1762231470904,45.600006103515625,248.39999771118164
1762231470920,45.600006103515625,246.39999771118164
1762231470942,45.600006103515625,245.39999771118164
1762231470953,45.600006103515625,245.39999771118164
1762231470970,45.600006103515625,244.39999771118164
1762231470990,45.600006103515625,242.39999771118164
1762231471006,45.600006103515625,241.39999771118164
1762231471054,46.600006103515625,239.39999771118164
1762231471070,47.600006103515625,238.39999771118164
1762231471088,48.600006103515625,238.39999771118164
1762231471104,49.600006103515625,237.39999771118164
1762231471120,50.600006103515625,236.39999771118164
1762231471192,51.600006103515625,236.39999771118164
1762231471208,51.600006103515625,236.39999771118164
1762231471253,53.600006103515625,236.39999771118164
1762231471303,54.600006103515625,237.39999771118164
1762231471320,54.600006103515625,239.39999771118164
1762231471337,54.600006103515625,240.39999771118164
1762231471353,54.600006103515625,240.39999771118164
1762231471370,53.600006103515625,243.39999771118164
1762231471386,52.600006103515625,244.39999771118164
1762231471403,51.600006103515625,244.39999771118164
1762231471422,50.600006103515625,245.39999771118164
1762231471446,50.600006103515625,246.39999771118164
1762231471470,49.600006103515625,246.39999771118164
1762231471520,48.600006103515625,247.39999771118164
1762231471537,48.600006103515625,248.39999771118164
1762231471592,47.600006103515625,249.39999771118164
1762231471607,47.600006103515625,249.39999771118164
1762231471623,46.600006103515625,250.39999771118164
1762231471647,46.600006103515625,251.39999771118164
1762231471670,46.600006103515625,252.39999771118164
1762231471686,46.600006103515625,254.39999771118164
1762231471703,46.600006103515625,256.39999771118164
1762231471719,46.600006103515625,257.39999771118164
1762231471736,46.600006103515625,259.39999771118164
1762231471786,47.600006103515625,261.39999771118164
1762231471856,49.600006103515625,262.39999771118164
1762231471904,49.600006103515625,262.39999771118164
1762231471920,49.600006103515625,263.39999771118164
1762231471943,49.600006103515625,264.39999771118164
1762231471958,49.600006103515625,265.39999771118164
1762231471982,49.600006103515625,267.39999771118164
1762231472002,49.600006103515625,268.39999771118164
1762231472022,49.600006103515625,269.39999771118164
1762231472047,49.600006103515625,270.39999771118164
1762231472079,49.600006103515625,271.39999771118164
1762231472103,50.600006103515625,273.39999771118164
1762231472119,50.600006103515625,273.39999771118164
1762231472136,50.600006103515625,274.39999771118164
1762231472153,50.600006103515625,276.39999771118164
1762231472169,50.600006103515625,276.39999771118164
1762231472190,50.600006103515625,278.39999771118164
1762231472206,50.600006103515625,279.39999771118164
1762231472230,50.600006103515625,280.39999771118164
1762231472238,50.600006103515625,281.39999771118164
1762231472288,50.600006103515625,283.39999771118164
1762231472303,50.600006103515625,283.39999771118164
1762231472319,49.600006103515625,286.39999771118164
1762231472351,49.600006103515625,287.39999771118164
1762231472369,49.600006103515625,288.39999771118164
1762231472386,49.600006103515625,290.39999771118164
1762231472402,49.600006103515625,290.39999771118164
1762231472419,48.600006103515625,292.39999771118164
1762231472436,48.600006103515625,294.39999771118164
1762231474017,186.60000610351562,247.39999771118164
1762231474034,185.60000610351562,247.39999771118164
1762231474182,184.60000610351562,248.39999771118164
1762231474201,184.60000610351562,248.39999771118164
1762231474217,183.60000610351562,250.39999771118164
1762231474408,183.60000610351562,251.39999771118164
1762231474816,183.60000610351562,251.39999771118164
1762231474871,182.60000610351562,251.39999771118164
1762231474921,182.60000610351562,252.39999771118164
1762231474938,182.60000610351562,253.39999771118164
1762231474988,181.60000610351562,254.39999771118164
1762231475005,181.60000610351562,254.39999771118164
1762231475055,181.60000610351562,255.39999771118164
1762231475071,181.60000610351562,256.39999771118164
1762231475088,181.60000610351562,257.39999771118164
1762231475104,181.60000610351562,258.39999771118164
1762231475121,181.60000610351562,260.39999771118164
1762231475142,181.60000610351562,260.39999771118164
1762231475166,181.60000610351562,262.39999771118164
1762231475198,181.60000610351562,263.39999771118164
1762231475223,181.60000610351562,263.39999771118164
1762231475238,181.60000610351562,264.39999771118164
1762231475255,181.60000610351562,265.39999771118164
1762231475279,181.60000610351562,265.39999771118164
1762231475289,181.60000610351562,266.39999771118164
1762231475321,181.60000610351562,267.39999771118164
1762231475343,181.60000610351562,268.39999771118164
1762231475367,181.60000610351562,269.39999771118164
1762231475387,181.60000610351562,270.39999771118164
1762231475404,181.60000610351562,271.39999771118164
1762231475431,181.60000610351562,272.39999771118164
1762231475463,181.60000610351562,273.39999771118164
1762231475487,180.60000610351562,275.39999771118164
1762231475519,180.60000610351562,277.39999771118164
1762231475529,180.60000610351562,278.39999771118164
1762231475554,179.60000610351562,279.39999771118164
1762231475571,178.60000610351562,280.39999771118164
1762231475591,178.60000610351562,282.39999771118164
1762231475615,178.60000610351562,282.39999771118164
1762231475639,178.60000610351562,284.39999771118164
1762231475654,178.60000610351562,285.39999771118164
1762231475670,178.60000610351562,286.39999771118164
1762231475687,178.60000610351562,287.39999771118164
1762231475718,178.60000610351562,288.39999771118164
1762231475742,178.60000610351562,289.39999771118164
1762231475758,178.60000610351562,291.39999771118164
1762231475782,178.60000610351562,291.39999771118164
1762231475807,178.60000610351562,293.39999771118164
1762231475822,178.60000610351562,294.39999771118164
1762231475870,178.60000610351562,295.39999771118164
1762231475887,178.60000610351562,296.39999771118164
1762231475911,178.60000610351562,297.39999771118164
1762231475943,178.60000610351562,298.39999771118164
1762231475955,178.60000610351562,298.39999771118164
1762231475987,178.60000610351562,299.39999771118164
1762231476119,178.60000610351562,300.39999771118164
1762231476170,178.60000610351562,301.39999771118164
1762231476231,179.60000610351562,302.39999771118164
1762231476399,180.60000610351562,303.39999771118164
1762231476527,180.60000610351562,303.39999771118164
1762231476559,181.60000610351562,303.39999771118164
1762231476639,181.60000610351562,303.39999771118164
1762231476711,182.60000610351562,303.39999771118164
1762231476736,182.60000610351562,303.39999771118164
1762231476767,184.60000610351562,303.39999771118164
1762231476799,184.60000610351562,303.39999771118164
1762231476820,185.60000610351562,304.39999771118164
1762231476847,186.60000610351562,305.39999771118164
1762231476903,186.60000610351562,305.39999771118164
1762231477031,187.60000610351562,304.39999771118164
1762231477043,188.60000610351562,304.39999771118164
1762231477057,189.60000610351562,303.39999771118164
1762231477069,189.60000610351562,303.39999771118164
1762231477085,190.60000610351562,302.39999771118164
1762231477153,191.60000610351562,301.39999771118164
1762231477175,191.60000610351562,301.39999771118164
1762231477236,192.60000610351562,300.39999771118164
1762231477327,192.60000610351562,300.39999771118164
1762231477407,192.60000610351562,299.39999771118164
1762231477439,192.60000610351562,298.39999771118164
1762231477453,192.60000610351562,298.39999771118164
1762231477470,192.60000610351562,296.39999771118164
1762231477486,192.60000610351562,295.39999771118164
1762231477510,192.60000610351562,294.39999771118164
1762231477534,192.60000610351562,293.39999771118164
1762231477552,192.60000610351562,291.39999771118164
1762231477575,192.60000610351562,291.39999771118164
1762231477607,192.60000610351562,289.39999771118164
1762231477636,192.60000610351562,289.39999771118164
1762231477652,192.60000610351562,287.39999771118164
1762231477669,192.60000610351562,285.39999771118164
1762231477686,192.60000610351562,285.39999771118164
1762231477702,192.60000610351562,284.39999771118164
1762231477719,192.60000610351562,282.39999771118164
1762231477735,192.60000610351562,280.39999771118164
1762231477766,192.60000610351562,279.39999771118164
1762231477785,192.60000610351562,278.39999771118164
1762231477802,192.60000610351562,277.39999771118164
1762231477818,192.60000610351562,275.39999771118164
1762231477835,192.60000610351562,275.39999771118164
1762231477852,192.60000610351562,272.39999771118164
1762231477868,192.60000610351562,271.39999771118164
1762231477885,192.60000610351562,271.39999771118164
1762231477902,192.60000610351562,268.39999771118164
1762231477918,192.60000610351562,267.39999771118164
1762231477935,192.60000610351562,266.39999771118164
1762231477958,192.60000610351562,265.39999771118164
1762231477983,192.60000610351562,264.39999771118164
1762231478007,192.60000610351562,263.39999771118164
1762231478035,192.60000610351562,261.39999771118164
1762231478052,192.60000610351562,261.39999771118164
1762231478069,192.60000610351562,259.39999771118164
1762231478085,192.60000610351562,258.39999771118164
1762231478101,192.60000610351562,256.39999771118164
1762231478133,192.60000610351562,254.39999771118164
1762231478151,192.60000610351562,254.39999771118164
1762231478166,192.60000610351562,252.39999771118164
1762231478191,192.60000610351562,251.39999771118164
1762231478231,192.60000610351562,250.39999771118164
1762231478263,192.60000610351562,250.39999771118164
1762231478295,192.60000610351562,248.39999771118164
1762231478479,191.60000610351562,248.39999771118164
1762231478535,190.60000610351562,250.39999771118164
1762231478551,189.60000610351562,251.39999771118164
1762231478568,188.60000610351562,252.39999771118164
1762231478584,188.60000610351562,254.39999771118164
1762231478601,187.60000610351562,255.39999771118164
1762231478618,187.60000610351562,257.39999771118164
1762231478634,185.60000610351562,259.39999771118164
1762231478651,185.60000610351562,260.39999771118164
1762231478668,185.60000610351562,261.39999771118164
1762231478684,185.60000610351562,262.39999771118164
1762231478701,185.60000610351562,264.39999771118164
1762231478717,186.60000610351562,267.39999771118164
1762231478742,186.60000610351562,268.39999771118164
1762231478751,186.60000610351562,269.39999771118164
1762231478768,186.60000610351562,271.39999771118164
1762231478784,186.60000610351562,272.39999771118164
1762231478801,186.60000610351562,273.39999771118164
1762231478818,186.60000610351562,275.39999771118164
1762231478834,186.60000610351562,276.39999771118164
1762231478851,186.60000610351562,278.39999771118164
1762231478867,186.60000610351562,280.39999771118164
1762231478884,186.60000610351562,281.39999771118164
1762231478901,186.60000610351562,283.39999771118164
1762231478917,186.60000610351562,284.39999771118164
1762231478934,186.60000610351562,286.39999771118164
1762231478952,186.60000610351562,288.39999771118164
1762231478969,186.60000610351562,288.39999771118164
1762231478984,186.60000610351562,290.39999771118164
1762231479001,186.60000610351562,291.39999771118164
1762231479017,186.60000610351562,292.39999771118164
1762231479034,186.60000610351562,293.39999771118164
1762231479051,186.60000610351562,295.39999771118164
1762231479067,186.60000610351562,296.39999771118164
1762231479084,186.60000610351562,297.39999771118164
1762231479101,186.60000610351562,298.39999771118164
1762231479117,186.60000610351562,299.39999771118164
1762231479134,186.60000610351562,300.39999771118164
1762231479150,186.60000610351562,301.39999771118164
1762231479167,185.60000610351562,302.39999771118164
1762231479186,184.60000610351562,303.39999771118164
1762231479254,184.60000610351562,303.39999771118164
1762231479327,183.60000610351562,303.39999771118164
1762231479351,182.60000610351562,303.39999771118164
1762231479368,181.60000610351562,303.39999771118164
1762231479398,180.60000610351562,303.39999771118164
1762231479422,179.60000610351562,303.39999771118164
1762231479479,178.60000610351562,303.39999771118164
1762231479511,177.60000610351562,303.39999771118164
1762231479607,176.60000610351562,303.39999771118164
1762231479634,176.60000610351562,302.39999771118164
1762231479650,176.60000610351562,301.39999771118164
1762231479700,176.60000610351562,301.39999771118164
1762231479717,176.60000610351562,300.39999771118164
1762231479733,176.60000610351562,299.39999771118164
1762231479750,175.60000610351562,299.39999771118164
1762231479767,175.60000610351562,295.39999771118164
1762231479783,175.60000610351562,294.39999771118164
1762231479800,175.60000610351562,292.39999771118164
1762231479817,175.60000610351562,291.39999771118164
1762231479833,175.60000610351562,289.39999771118164
1762231479850,177.60000610351562,287.39999771118164
1762231479867,177.60000610351562,286.39999771118164
1762231479883,178.60000610351562,284.39999771118164
1762231479900,180.60000610351562,282.39999771118164
1762231479916,181.60000610351562,281.39999771118164
1762231479933,181.60000610351562,279.39999771118164
1762231479950,181.60000610351562,277.39999771118164
1762231479966,181.60000610351562,275.39999771118164
1762231479983,181.60000610351562,272.39999771118164
1762231480000,181.60000610351562,271.39999771118164
1762231480016,181.60000610351562,269.39999771118164
1762231480033,181.60000610351562,267.39999771118164
1762231480050,181.60000610351562,265.39999771118164
1762231480066,181.60000610351562,263.39999771118164
1762231480083,181.60000610351562,261.39999771118164
1762231480100,181.60000610351562,260.39999771118164
1762231480116,183.60000610351562,259.39999771118164
1762231480133,183.60000610351562,257.39999771118164
1762231480150,183.60000610351562,255.39999771118164
1762231480166,183.60000610351562,254.39999771118164
1762231480183,183.60000610351562,253.39999771118164
1762231480200,184.60000610351562,251.39999771118164
1762231480250,184.60000610351562,248.39999771118164
1762231480271,185.60000610351562,248.39999771118164
1762231480399,185.60000610351562,248.39999771118164
1762231480416,186.60000610351562,248.39999771118164
1762231480527,187.60000610351562,248.39999771118164
1762231480551,188.60000610351562,248.39999771118164
1762231480623,189.60000610351562,248.39999771118164
1762231480639,190.60000610351562,248.39999771118164
1762231480743,190.60000610351562,251.39999771118164
1762231480847,191.60000610351562,251.39999771118164
1762231480903,191.60000610351562,251.39999771118164
1762231480933,191.60000610351562,252.39999771118164
1762231480951,191.60000610351562,253.39999771118164
1762231480965,191.60000610351562,254.39999771118164
1762231482440,49.600006103515625,238.39999771118164
1762231482471,49.600006103515625,238.39999771118164
1762231482498,50.600006103515625,237.39999771118164
1762231482598,50.600006103515625,236.39999771118164
1762231482611,51.600006103515625,236.39999771118164
1762231482637,53.600006103515625,236.39999771118164
1762231482686,54.600006103515625,236.39999771118164
1762231482695,55.600006103515625,237.39999771118164
1762231482734,56.600006103515625,238.39999771118164
1762231482823,56.600006103515625,239.39999771118164
1762231482838,56.600006103515625,240.39999771118164
1762231482855,56.600006103515625,242.39999771118164
1762231482878,56.600006103515625,242.39999771118164
1762231482895,55.600006103515625,243.39999771118164
1762231482911,55.600006103515625,244.39999771118164
1762231482928,55.600006103515625,245.39999771118164
1762231482949,55.600006103515625,245.39999771118164
1762231482961,55.600006103515625,246.39999771118164
1762231482978,54.600006103515625,247.39999771118164
1762231483028,54.600006103515625,248.39999771118164
1762231483046,54.600006103515625,249.39999771118164
1762231483062,54.600006103515625,250.39999771118164
1762231483094,54.600006103515625,251.39999771118164
1762231483111,54.600006103515625,252.39999771118164
1762231483128,54.600006103515625,253.39999771118164
1762231483149,54.600006103515625,255.39999771118164
1762231483165,54.600006103515625,256.39999771118164
1762231483178,54.600006103515625,257.39999771118164
1762231483194,54.600006103515625,258.39999771118164
1762231483211,54.600006103515625,260.39999771118164
1762231483228,54.600006103515625,260.39999771118164
1762231483244,53.600006103515625,263.39999771118164
1762231483261,52.600006103515625,264.39999771118164
1762231483277,52.600006103515625,265.39999771118164
1762231483294,52.600006103515625,267.39999771118164
1762231483311,52.600006103515625,267.39999771118164
1762231483327,51.600006103515625,270.39999771118164
1762231483345,50.600006103515625,271.39999771118164
1762231483361,49.600006103515625,272.39999771118164
1762231483383,48.600006103515625,273.39999771118164
1762231483402,47.600006103515625,275.39999771118164
1762231483411,47.600006103515625,276.39999771118164
1762231483427,46.600006103515625,278.39999771118164
1762231483444,44.600006103515625,279.39999771118164
1762231483461,43.600006103515625,281.39999771118164
1762231483477,42.600006103515625,284.39999771118164
1762231483511,42.600006103515625,286.39999771118164
1762231483527,40.600006103515625,287.39999771118164
1762231483544,40.600006103515625,288.39999771118164
1762231483561,40.600006103515625,289.39999771118164
1762231483577,40.600006103515625,291.39999771118164
1762231483594,40.600006103515625,291.39999771118164
1762231483611,40.600006103515625,293.39999771118164
1762231483627,40.600006103515625,294.39999771118164
1762231483644,40.600006103515625,295.39999771118164
1762231483660,40.600006103515625,296.39999771118164
1762231483677,40.600006103515625,298.39999771118164
1762231483694,38.600006103515625,300.39999771118164
1762231483717,37.600006103515625,301.39999771118164
1762231483741,37.600006103515625,302.39999771118164
1762231483794,37.600006103515625,303.39999771118164
1762231483827,37.600006103515625,304.39999771118164
1762231483846,37.600006103515625,305.39999771118164
1762231483927,38.600006103515625,305.39999771118164
1762231483966,39.600006103515625,306.39999771118164
1762231483981,40.600006103515625,307.39999771118164
1762231484010,41.600006103515625,307.39999771118164
1762231484029,42.600006103515625,307.39999771118164
1762231484053,42.600006103515625,307.39999771118164
1762231484077,44.600006103515625,307.39999771118164
1762231484093,45.600006103515625,307.39999771118164
1762231484110,45.600006103515625,307.39999771118164
1762231484127,46.600006103515625,307.39999771118164
1762231484149,47.600006103515625,307.39999771118164
1762231484160,48.600006103515625,307.39999771118164
1762231484231,48.600006103515625,307.39999771118164
1762231484260,49.600006103515625,307.39999771118164
1762231484277,50.600006103515625,306.39999771118164
1762231484310,51.600006103515625,305.39999771118164
1762231484360,52.600006103515625,304.39999771118164
1762231484393,52.600006103515625,303.39999771118164
1762231484410,52.600006103515625,303.39999771118164
1762231484427,52.600006103515625,301.39999771118164
1762231484443,53.600006103515625,300.39999771118164
1762231484460,53.600006103515625,299.39999771118164
1762231484493,53.600006103515625,298.39999771118164
1762231484510,54.600006103515625,297.39999771118164
1762231484526,55.600006103515625,297.39999771118164
1762231484543,55.600006103515625,296.39999771118164
1762231484743,55.600006103515625,297.39999771118164
1762231484777,55.600006103515625,297.39999771118164
1762231484810,55.600006103515625,298.39999771118164
1762231484827,54.600006103515625,299.39999771118164
1762231484843,53.600006103515625,300.39999771118164
1762231484876,52.600006103515625,301.39999771118164
1762231484893,51.600006103515625,301.39999771118164
1762231484943,49.600006103515625,301.39999771118164
1762231484976,48.600006103515625,302.39999771118164
1762231485013,47.600006103515625,302.39999771118164
1762231485060,46.600006103515625,302.39999771118164
1762231485093,45.600006103515625,302.39999771118164
1762231485109,43.600006103515625,302.39999771118164
1762231485143,41.600006103515625,301.39999771118164
1762231485159,39.600006103515625,301.39999771118164
1762231485181,39.600006103515625,299.39999771118164
1762231485226,38.600006103515625,298.39999771118164
1762231485259,36.600006103515625,297.39999771118164
1762231485277,36.600006103515625,294.39999771118164
1762231485294,36.600006103515625,293.39999771118164
1762231485309,35.600006103515625,290.39999771118164
1762231485342,35.600006103515625,288.39999771118164
1762231485359,35.600006103515625,287.39999771118164
1762231485376,35.600006103515625,286.39999771118164
1762231485392,35.600006103515625,285.39999771118164
1762231485409,35.600006103515625,283.39999771118164
1762231485426,35.600006103515625,283.39999771118164
1762231485442,35.600006103515625,281.39999771118164
1762231485459,35.600006103515625,280.39999771118164
1762231485476,36.600006103515625,279.39999771118164
1762231485492,36.600006103515625,278.39999771118164
1762231485509,37.600006103515625,277.39999771118164
1762231485525,38.600006103515625,276.39999771118164
1762231485542,38.600006103515625,276.39999771118164
1762231485559,40.600006103515625,274.39999771118164
1762231485575,40.600006103515625,273.39999771118164
1762231485592,40.600006103515625,272.39999771118164
1762231485609,40.600006103515625,271.39999771118164
1762231485625,40.600006103515625,270.39999771118164
1762231485642,41.600006103515625,269.39999771118164
1762231485661,42.600006103515625,268.39999771118164
1762231485709,43.600006103515625,267.39999771118164
1762231485726,43.600006103515625,267.39999771118164
1762231485759,44.600006103515625,265.39999771118164
1762231485809,44.600006103515625,265.39999771118164
1762231485838,44.600006103515625,263.39999771118164
1762231494213,73.60000610351562,308.39999771118164
1762231494381,73.60000610351562,309.39999771118164
1762231494401,73.60000610351562,309.39999771118164
1762231494423,73.60000610351562,311.39999771118164
1762231494439,73.60000610351562,312.39999771118164
1762231494468,73.60000610351562,313.39999771118164
1762231494638,72.60000610351562,313.39999771118164
1762231494677,71.60000610351562,313.39999771118164
1762231494709,71.60000610351562,313.39999771118164
1762231494740,69.60000610351562,313.39999771118164
1762231494822,69.60000610351562,312.39999771118164
1762231494856,71.60000610351562,310.39999771118164
1762231494918,72.60000610351562,310.39999771118164
1762231494942,73.60000610351562,310.39999771118164
1762231494961,74.60000610351562,310.39999771118164
1762231494996,75.60000610351562,310.39999771118164
1762231495022,76.60000610351562,310.39999771118164
1762231495045,77.60000610351562,310.39999771118164
1762231495089,78.60000610351562,310.39999771118164
1762231495107,79.60000610351562,310.39999771118164
1762231495126,80.60000610351562,311.39999771118164
1762231495144,80.60000610351562,311.39999771118164
1762231495155,81.60000610351562,311.39999771118164
1762231495189,83.60000610351562,311.39999771118164
1762231495205,83.60000610351562,311.39999771118164
1762231495222,84.60000610351562,311.39999771118164
1762231495239,85.60000610351562,311.39999771118164
1762231495255,86.60000610351562,310.39999771118164
1762231495306,86.60000610351562,310.39999771118164
1762231495326,87.60000610351562,310.39999771118164
1762231495343,88.60000610351562,310.39999771118164
1762231495372,89.60000610351562,310.39999771118164
1762231495388,90.60000610351562,310.39999771118164
1762231495405,91.60000610351562,309.39999771118164
1762231495436,92.60000610351562,309.39999771118164
1762231495460,94.60000610351562,309.39999771118164
1762231495493,94.60000610351562,309.39999771118164
1762231495525,95.60000610351562,309.39999771118164
1762231495555,96.60000610351562,309.39999771118164
1762231495589,98.60000610351562,309.39999771118164
1762231495606,98.60000610351562,309.39999771118164
1762231495655,99.60000610351562,309.39999771118164
1762231495676,100.60000610351562,309.39999771118164
1762231495742,101.60000610351562,309.39999771118164
1762231495772,101.60000610351562,309.39999771118164
1762231495791,102.60000610351562,310.39999771118164
1762231495805,102.60000610351562,310.39999771118164
1762231495821,102.60000610351562,311.39999771118164
1762231495838,102.60000610351562,313.39999771118164
1762231495871,102.60000610351562,315.39999771118164
1762231495888,102.60000610351562,317.39999771118164
1762231495908,102.60000610351562,318.39999771118164
1762231495924,102.60000610351562,320.39999771118164
1762231495982,102.60000610351562,320.39999771118164
1762231496174,103.60000610351562,320.39999771118164
1762231496193,103.60000610351562,319.39999771118164
1762231496212,104.60000610351562,316.39999771118164
1762231496222,105.60000610351562,314.39999771118164
1762231496238,106.60000610351562,312.39999771118164
1762231496254,106.60000610351562,312.39999771118164
1762231496271,106.60000610351562,311.39999771118164
1762231496288,107.60000610351562,310.39999771118164
1762231496304,107.60000610351562,309.39999771118164
1762231496414,108.60000610351562,309.39999771118164
1762231496478,108.60000610351562,309.39999771118164
1762231496498,109.60000610351562,309.39999771118164
1762231496566,108.60000610351562,309.39999771118164
1762231496590,108.60000610351562,309.39999771118164
1762231496636,107.60000610351562,309.39999771118164
1762231496661,106.60000610351562,309.39999771118164
1762231496682,105.60000610351562,309.39999771118164
1762231496696,103.60000610351562,309.39999771118164
1762231496721,101.60000610351562,309.39999771118164
1762231496771,100.60000610351562,309.39999771118164
1762231496787,99.60000610351562,309.39999771118164
1762231496804,98.60000610351562,309.39999771118164
1762231496828,97.60000610351562,309.39999771118164
1762231496837,96.60000610351562,308.39999771118164
1762231496854,95.60000610351562,307.39999771118164
1762231496871,94.60000610351562,307.39999771118164
1762231496888,93.60000610351562,307.39999771118164
1762231496904,92.60000610351562,307.39999771118164
1762231496920,90.60000610351562,306.39999771118164
1762231496937,89.60000610351562,306.39999771118164
1762231496954,88.60000610351562,305.39999771118164
1762231496970,87.60000610351562,304.39999771118164
1762231496988,86.60000610351562,304.39999771118164
1762231497004,86.60000610351562,303.39999771118164
1762231497102,85.60000610351562,304.39999771118164
1762231497121,84.60000610351562,306.39999771118164
1762231497142,83.60000610351562,308.39999771118164
1762231497154,83.60000610351562,310.39999771118164
1762231497170,83.60000610351562,312.39999771118164
1762231497187,82.60000610351562,313.39999771118164
1762231497220,81.60000610351562,314.39999771118164
1762231497244,81.60000610351562,315.39999771118164
1762231497260,80.60000610351562,316.39999771118164
1762231497276,79.60000610351562,316.39999771118164
1762231497292,79.60000610351562,317.39999771118164
1762231497303,78.60000610351562,317.39999771118164
1762231497358,77.60000610351562,317.39999771118164
1762231497391,76.60000610351562,317.39999771118164
1762231497429,75.60000610351562,317.39999771118164
1762231497574,75.60000610351562,317.39999771118164
1762231497594,76.60000610351562,319.39999771118164
1762231497614,78.60000610351562,323.39999771118164
1762231497637,78.60000610351562,323.39999771118164
1762231497653,78.60000610351562,325.39999771118164
1762231497670,80.60000610351562,327.39999771118164
1762231497687,80.60000610351562,327.39999771118164
1762231497781,79.60000610351562,328.39999771118164
1762231497801,79.60000610351562,328.39999771118164
1762231497821,77.60000610351562,326.39999771118164
1762231497836,77.60000610351562,325.39999771118164
1762231497853,77.60000610351562,323.39999771118164
1762231497870,77.60000610351562,321.39999771118164
1762231497886,77.60000610351562,320.39999771118164
1762231497903,77.60000610351562,318.39999771118164
1762231497920,77.60000610351562,316.39999771118164
1762231497936,77.60000610351562,315.39999771118164
1762231498006,77.60000610351562,315.39999771118164
1762231498053,77.60000610351562,315.39999771118164
1762231498073,78.60000610351562,315.39999771118164
1762231498086,78.60000610351562,317.39999771118164
1762231498103,78.60000610351562,319.39999771118164
1762231498119,78.60000610351562,322.39999771118164
1762231498136,78.60000610351562,324.39999771118164
1762231498153,78.60000610351562,325.39999771118164
1762231498169,78.60000610351562,327.39999771118164
1762231498186,78.60000610351562,329.39999771118164
1762231498203,78.60000610351562,331.39999771118164
1762231498219,78.60000610351562,332.39999771118164
1762231498236,78.60000610351562,334.39999771118164
1762231498269,78.60000610351562,334.39999771118164
1762231498405,78.60000610351562,334.39999771118164
1762231498426,78.60000610351562,331.39999771118164
1762231498443,78.60000610351562,328.39999771118164
1762231498453,78.60000610351562,325.39999771118164
1762231498469,78.60000610351562,323.39999771118164
1762231498486,78.60000610351562,321.39999771118164
1762231498502,78.60000610351562,318.39999771118164
1762231498536,78.60000610351562,317.39999771118164
1762231498646,78.60000610351562,318.39999771118164
1762231498667,78.60000610351562,322.39999771118164
1762231498687,79.60000610351562,326.39999771118164
1762231498702,79.60000610351562,328.39999771118164
1762231498719,79.60000610351562,329.39999771118164
1762231498736,81.60000610351562,332.39999771118164
1762231498770,81.60000610351562,333.39999771118164
1762231498894,81.60000610351562,332.39999771118164
1762231498921,83.60000610351562,325.39999771118164
1762231498936,84.60000610351562,322.39999771118164
1762231498952,85.60000610351562,318.39999771118164
1762231498969,85.60000610351562,317.39999771118164
1762231498985,85.60000610351562,316.39999771118164
1762231499052,85.60000610351562,315.39999771118164
1762231499086,86.60000610351562,314.39999771118164
1762231499107,86.60000610351562,318.39999771118164
1762231499119,86.60000610351562,322.39999771118164
1762231499135,86.60000610351562,322.39999771118164
1762231499152,86.60000610351562,325.39999771118164
1762231499168,86.60000610351562,327.39999771118164
1762231499185,86.60000610351562,329.39999771118164
1762231499202,86.60000610351562,331.39999771118164
1762231499235,88.60000610351562,334.39999771118164
1762231499350,88.60000610351562,333.39999771118164
1762231499371,87.60000610351562,331.39999771118164
1762231499391,87.60000610351562,328.39999771118164
1762231499402,87.60000610351562,327.39999771118164
1762231499418,87.60000610351562,323.39999771118164
1762231499435,87.60000610351562,321.39999771118164
1762231499452,87.60000610351562,319.39999771118164
1762231499468,88.60000610351562,318.39999771118164
1762231499605,89.60000610351562,319.39999771118164
1762231499627,89.60000610351562,321.39999771118164
1762231499645,89.60000610351562,323.39999771118164
1762231499654,89.60000610351562,326.39999771118164
1762231499668,89.60000610351562,328.39999771118164
1762231499685,90.60000610351562,330.39999771118164
1762231499718,90.60000610351562,332.39999771118164
1762231499854,90.60000610351562,331.39999771118164
1762231499877,91.60000610351562,328.39999771118164
1762231499895,91.60000610351562,324.39999771118164
1762231499904,91.60000610351562,324.39999771118164
1762231499918,92.60000610351562,322.39999771118164
1762231500038,92.60000610351562,323.39999771118164
1762231500060,92.60000610351562,326.39999771118164
1762231500078,92.60000610351562,331.39999771118164
1762231500089,92.60000610351562,332.39999771118164
1762231500101,92.60000610351562,335.39999771118164
1762231500118,93.60000610351562,336.39999771118164
1762231500134,94.60000610351562,337.39999771118164
1762231500229,94.60000610351562,336.39999771118164
1762231500252,94.60000610351562,333.39999771118164
1762231500272,95.60000610351562,327.39999771118164
1762231500301,96.60000610351562,327.39999771118164
1762231500318,97.60000610351562,324.39999771118164
1762231500334,97.60000610351562,324.39999771118164
1762231500351,97.60000610351562,322.39999771118164
1762231500469,97.60000610351562,323.39999771118164
1762231500491,98.60000610351562,327.39999771118164
1762231500511,99.60000610351562,330.39999771118164
1762231500522,99.60000610351562,332.39999771118164
1762231500534,99.60000610351562,334.39999771118164
1762231500551,99.60000610351562,335.39999771118164
1762231500567,100.60000610351562,338.39999771118164
1762231500584,101.60000610351562,338.39999771118164
1762231500701,102.60000610351562,335.39999771118164
1762231500723,102.60000610351562,328.39999771118164
1762231500742,103.60000610351562,321.39999771118164
1762231500753,104.60000610351562,320.39999771118164
1762231500767,104.60000610351562,319.39999771118164
1762231500784,104.60000610351562,318.39999771118164
1762231500885,104.60000610351562,319.39999771118164
1762231500909,106.60000610351562,324.39999771118164
1762231500928,106.60000610351562,328.39999771118164
1762231500950,106.60000610351562,332.39999771118164
1762231500967,106.60000610351562,334.39999771118164
1762231500984,106.60000610351562,336.39999771118164
1762231501000,106.60000610351562,336.39999771118164
1762231501017,106.60000610351562,339.39999771118164
1762231501034,106.60000610351562,340.39999771118164
1762231501050,106.60000610351562,340.39999771118164
1762231501157,106.60000610351562,340.39999771118164
1762231501181,106.60000610351562,337.39999771118164
1762231501197,106.60000610351562,332.39999771118164
1762231501207,106.60000610351562,328.39999771118164
1762231501217,106.60000610351562,327.39999771118164
1762231501233,108.60000610351562,325.39999771118164
1762231501250,109.60000610351562,322.39999771118164
1762231501283,109.60000610351562,321.39999771118164
1762231501316,108.60000610351562,319.39999771118164
1762231501422,108.60000610351562,320.39999771118164
1762231501450,106.60000610351562,321.39999771118164
1762231501467,106.60000610351562,324.39999771118164
1762231501483,106.60000610351562,328.39999771118164
1762231501500,105.60000610351562,334.39999771118164
1762231501516,105.60000610351562,336.39999771118164
1762231501533,105.60000610351562,338.39999771118164
1762231501550,105.60000610351562,340.39999771118164
1762231501566,105.60000610351562,343.39999771118164
1762231501600,105.60000610351562,344.39999771118164
1762231501616,105.60000610351562,344.39999771118164
1762231501677,104.60000610351562,344.39999771118164
1762231501700,103.60000610351562,343.39999771118164
1762231501724,101.60000610351562,338.39999771118164
1762231501744,99.60000610351562,332.39999771118164
1762231501754,99.60000610351562,330.39999771118164
1762231501766,97.60000610351562,328.39999771118164
1762231501783,97.60000610351562,324.39999771118164
1762231501800,97.60000610351562,323.39999771118164
1762231501816,96.60000610351562,320.39999771118164
1762231501850,96.60000610351562,320.39999771118164
1762231501866,96.60000610351562,318.39999771118164
1762231501883,95.60000610351562,317.39999771118164
1762231501933,95.60000610351562,317.39999771118164
1762231501972,94.60000610351562,317.39999771118164
1762231502037,93.60000610351562,317.39999771118164
1762231502154,91.60000610351562,320.39999771118164
1762231502166,91.60000610351562,321.39999771118164
1762231502183,91.60000610351562,323.39999771118164
1762231502199,91.60000610351562,325.39999771118164
1762231502216,91.60000610351562,328.39999771118164
1762231502233,91.60000610351562,329.39999771118164
1762231502249,89.60000610351562,330.39999771118164
1762231502266,89.60000610351562,333.39999771118164
1762231502282,89.60000610351562,333.39999771118164
1762231502299,88.60000610351562,336.39999771118164
1762231502324,88.60000610351562,337.39999771118164
1762231502333,88.60000610351562,338.39999771118164
1762231502366,87.60000610351562,339.39999771118164
1762231502382,87.60000610351562,340.39999771118164
1762231502399,86.60000610351562,340.39999771118164
1762231502449,85.60000610351562,341.39999771118164
1762231502533,83.60000610351562,341.39999771118164
1762231502558,83.60000610351562,341.39999771118164
1762231502575,81.60000610351562,341.39999771118164
1762231502585,80.60000610351562,341.39999771118164
1762231502599,78.60000610351562,340.39999771118164
1762231502633,77.60000610351562,340.39999771118164
1762231502657,76.60000610351562,338.39999771118164
1762231502715,76.60000610351562,337.39999771118164
1762231502885,76.60000610351562,338.39999771118164
1762231502909,77.60000610351562,338.39999771118164
1762231502931,78.60000610351562,339.39999771118164
1762231502948,79.60000610351562,340.39999771118164
1762231502971,80.60000610351562,341.39999771118164
1762231502987,80.60000610351562,341.39999771118164
1762231503032,80.60000610351562,342.39999771118164
1762231503052,80.60000610351562,343.39999771118164
1762231503115,80.60000610351562,344.39999771118164
1762231503182,80.60000610351562,345.39999771118164
1762231503293,80.60000610351562,345.39999771118164
1762231503318,80.60000610351562,346.39999771118164
1762231503338,80.60000610351562,347.39999771118164
1762231503379,80.60000610351562,348.39999771118164
1762231503437,80.60000610351562,349.39999771118164
1762231503477,80.60000610351562,350.39999771118164
1762231503621,80.60000610351562,350.39999771118164
1762231503646,80.60000610351562,351.39999771118164
1762231503663,80.60000610351562,352.39999771118164
1762231503691,80.60000610351562,352.39999771118164
1762231503701,80.60000610351562,353.39999771118164
1762231503739,80.60000610351562,354.39999771118164
1762231503780,80.60000610351562,354.39999771118164
1762231503853,80.60000610351562,355.39999771118164
1762231504141,80.60000610351562,355.39999771118164
1762231504181,80.60000610351562,357.39999771118164
1762231504212,80.60000610351562,358.39999771118164
1762231504268,80.60000610351562,358.39999771118164
1762231504279,81.60000610351562,359.39999771118164
1762231504397,82.60000610351562,360.39999771118164
1762231504436,82.60000610351562,360.39999771118164
1762231504475,82.60000610351562,361.39999771118164
1762231504549,82.60000610351562,362.39999771118164
1762231504574,82.60000610351562,362.39999771118164
1762231504612,82.60000610351562,363.39999771118164
1762231504663,82.60000610351562,364.39999771118164
1762231504709,82.60000610351562,365.39999771118164
1762231504748,82.60000610351562,365.39999771118164
1762231504780,82.60000610351562,367.39999771118164
1762231504813,82.60000610351562,367.39999771118164
1762231504830,82.60000610351562,369.39999771118164
1762231504879,83.60000610351562,370.39999771118164
1762231504896,83.60000610351562,371.39999771118164
1762231504916,83.60000610351562,372.39999771118164
1762231504964,83.60000610351562,373.39999771118164
1762231505037,83.60000610351562,373.39999771118164
1762231505113,83.60000610351562,374.39999771118164
1762231505277,83.60000610351562,374.39999771118164
1762231505312,83.60000610351562,376.39999771118164
1762231505329,83.60000610351562,377.39999771118164
1762231505379,82.60000610351562,378.39999771118164
1762231505429,82.60000610351562,380.39999771118164
1762231505462,81.60000610351562,381.39999771118164
1762231505508,81.60000610351562,382.39999771118164
1762231505562,81.60000610351562,382.39999771118164
1762231505693,81.60000610351562,383.39999771118164
1762231505729,81.60000610351562,383.39999771118164
1762231505764,81.60000610351562,385.39999771118164
1762231505829,81.60000610351562,385.39999771118164
1762231505868,81.60000610351562,386.39999771118164
1762231505908,82.60000610351562,387.39999771118164
1762231506005,82.60000610351562,388.39999771118164
1762231506052,82.60000610351562,388.39999771118164
1762231506117,82.60000610351562,389.39999771118164
1762231506142,82.60000610351562,389.39999771118164
1762231506212,82.60000610351562,391.39999771118164
1762231506237,82.60000610351562,391.39999771118164
1762231506275,82.60000610351562,392.39999771118164
1762231506307,82.60000610351562,393.39999771118164
1762231506328,82.60000610351562,394.39999771118164
1762231506344,82.60000610351562,395.39999771118164
1762231506361,82.60000610351562,397.39999771118164
1762231506378,82.60000610351562,397.39999771118164
1762231506395,82.60000610351562,399.39999771118164
1762231506427,82.60000610351562,400.39999771118164
1762231506478,82.60000610351562,401.39999771118164
1762231506528,82.60000610351562,401.39999771118164
1762231506561,82.60000610351562,402.39999771118164
1762231506628,82.60000610351562,403.39999771118164
1762231506653,82.60000610351562,404.39999771118164
1762231506711,82.60000610351562,404.39999771118164
1762231506744,82.60000610351562,406.39999771118164
1762231506788,82.60000610351562,406.39999771118164
1762231506820,82.60000610351562,407.39999771118164
1762231506860,82.60000610351562,408.39999771118164
1762231506911,82.60000610351562,409.39999771118164
1762231506936,82.60000610351562,409.39999771118164
1762231506963,82.60000610351562,410.39999771118164
1762231506977,82.60000610351562,411.39999771118164
1762231506994,82.60000610351562,412.39999771118164
1762231507019,82.60000610351562,413.39999771118164
1762231507044,82.60000610351562,415.39999771118164
1762231507075,82.60000610351562,416.39999771118164
1762231507099,82.60000610351562,417.39999771118164
1762231507123,82.60000610351562,418.39999771118164
1762231507144,82.60000610351562,420.39999771118164
1762231507160,82.60000610351562,420.39999771118164
1762231507188,82.60000610351562,422.39999771118164
1762231507235,82.60000610351562,423.39999771118164
1762231507276,82.60000610351562,424.39999771118164
1762231507296,83.60000610351562,424.39999771118164
1762231507339,83.60000610351562,426.39999771118164
1762231507394,84.60000610351562,427.39999771118164
1762231507420,84.60000610351562,428.39999771118164
1762231507451,84.60000610351562,428.39999771118164
1762231507477,85.60000610351562,430.39999771118164
1762231507527,85.60000610351562,430.39999771118164
1762231507564,85.60000610351562,431.39999771118164
1762231507627,85.60000610351562,433.39999771118164
1762231507757,86.60000610351562,433.39999771118164
1762231507784,86.60000610351562,435.39999771118164
1762231507860,86.60000610351562,436.39999771118164
1762231507900,86.60000610351562,437.39999771118164
1762231507939,86.60000610351562,438.39999771118164
1762231508173,86.60000610351562,438.39999771118164
1762231508199,86.60000610351562,439.39999771118164
1762231508220,86.60000610351562,440.39999771118164
1762231508251,86.60000610351562,441.39999771118164
1762231508300,86.60000610351562,442.39999771118164
1762231508382,86.60000610351562,443.39999771118164
1762231508428,86.60000610351562,444.39999771118164
1762231508501,86.60000610351562,444.39999771118164
1762231508565,86.60000610351562,445.39999771118164
1762231508661,86.60000610351562,445.39999771118164
1762231508731,86.60000610351562,446.39999771118164
1762231508758,86.60000610351562,447.39999771118164
1762231508814,87.60000610351562,448.39999771118164
1762231508843,87.60000610351562,448.39999771118164
1762231508875,88.60000610351562,450.39999771118164
1762231508931,88.60000610351562,450.39999771118164
1762231508959,88.60000610351562,452.39999771118164
1762231508981,89.60000610351562,453.39999771118164
1762231509003,89.60000610351562,454.39999771118164
1762231509043,89.60000610351562,454.39999771118164
1762231509075,89.60000610351562,456.39999771118164
1762231509131,89.60000610351562,456.39999771118164
1762231509197,89.60000610351562,457.39999771118164
1762231509219,89.60000610351562,458.39999771118164
1762231509264,89.60000610351562,459.39999771118164
1762231509291,89.60000610351562,459.39999771118164
1762231509309,89.60000610351562,461.39999771118164
1762231509347,89.60000610351562,461.39999771118164
1762231509364,90.60000610351562,463.39999771118164
1762231509395,92.60000610351562,464.39999771118164
1762231509414,92.60000610351562,465.39999771118164
1762231509435,92.60000610351562,466.39999771118164
1762231509459,92.60000610351562,467.39999771118164
1762231509480,92.60000610351562,468.39999771118164
1762231509499,92.60000610351562,469.39999771118164
1762231509514,92.60000610351562,470.39999771118164
1762231509530,93.60000610351562,471.39999771118164
1762231509564,94.60000610351562,472.39999771118164
1762231509590,94.60000610351562,472.39999771118164
1762231509614,95.60000610351562,473.39999771118164
1762231509630,95.60000610351562,474.39999771118164
1762231509659,95.60000610351562,475.39999771118164
1762231509691,95.60000610351562,476.39999771118164
1762231509713,96.60000610351562,477.39999771118164
1762231509731,96.60000610351562,478.39999771118164
1762231509763,96.60000610351562,479.39999771118164
1762231509775,96.60000610351562,479.39999771118164
1762231509786,96.60000610351562,480.39999771118164
1762231509797,96.60000610351562,481.39999771118164
1762231509813,96.60000610351562,483.39999771118164
1762231509830,96.60000610351562,483.39999771118164
1762231509875,96.60000610351562,485.39999771118164
1762231509888,96.60000610351562,485.39999771118164
1762231509902,97.60000610351562,486.39999771118164
1762231509913,97.60000610351562,487.39999771118164
1762231509947,97.60000610351562,488.39999771118164
1762231509963,97.60000610351562,489.39999771118164
1762231509995,97.60000610351562,490.39999771118164
1762231510047,97.60000610351562,491.39999771118164
1762231510077,96.60000610351562,492.39999771118164
1762231510097,96.60000610351562,493.39999771118164
1762231510114,96.60000610351562,494.39999771118164
1762231510130,96.60000610351562,495.39999771118164
1762231510146,96.60000610351562,495.39999771118164
1762231510163,95.60000610351562,497.39999771118164
1762231510197,95.60000610351562,498.39999771118164
1762231510230,95.60000610351562,498.39999771118164
1762231510248,94.60000610351562,499.39999771118164
1762231510263,94.60000610351562,500.39999771118164
1762231510308,94.60000610351562,500.39999771118164
1762231510380,94.60000610351562,501.39999771118164
1762231510408,94.60000610351562,502.39999771118164
1762231510446,94.60000610351562,503.39999771118164
1762231510467,93.60000610351562,504.39999771118164
1762231510513,93.60000610351562,505.39999771118164
1762231510580,93.60000610351562,505.39999771118164
1762231510608,93.60000610351562,507.39999771118164
1762231510644,93.60000610351562,509.39999771118164
1762231510667,93.60000610351562,509.39999771118164
1762231510713,93.60000610351562,511.39999771118164
1762231510742,93.60000610351562,511.39999771118164
1762231510771,93.60000610351562,512.3999977111816
1762231510782,93.60000610351562,513.3999977111816
1762231510819,93.60000610351562,513.3999977111816
1762231510830,93.60000610351562,515.3999977111816
1762231510896,93.60000610351562,516.3999977111816
1762231510925,93.60000610351562,517.3999977111816
1762231510947,93.60000610351562,517.3999977111816
1762231510971,93.60000610351562,518.3999977111816
1762231510982,93.60000610351562,519.3999977111816
1762231511027,93.60000610351562,519.3999977111816
1762231511059,93.60000610351562,521.3999977111816
1762231511221,93.60000610351562,521.3999977111816
1762231511249,93.60000610351562,523.3999977111816
1762231511271,93.60000610351562,523.3999977111816
1762231511540,94.60000610351562,524.3999977111816
1762231511813,93.60000610351562,524.3999977111816
1762231511828,93.60000610351562,525.3999977111816
1762231511980,92.60000610351562,526.3999977111816
1762231512018,91.60000610351562,526.3999977111816
1762231512229,91.60000610351562,526.3999977111816
1762231512258,90.60000610351562,525.3999977111816
1762231512653,91.60000610351562,524.3999977111816
1762231512692,91.60000610351562,524.3999977111816
1762231512900,91.60000610351562,524.3999977111816
1762231512929,91.60000610351562,523.3999977111816
1762231512958,89.60000610351562,522.3999977111816
1762231512987,88.60000610351562,522.3999977111816
1762231513044,88.60000610351562,522.3999977111816
1762231513076,87.60000610351562,521.3999977111816
1762231513228,88.60000610351562,521.3999977111816
1762231513258,89.60000610351562,521.3999977111816
1762231513276,91.60000610351562,521.3999977111816
1762231513308,91.60000610351562,521.3999977111816
1762231513341,93.60000610351562,521.3999977111816
1762231513371,93.60000610351562,521.3999977111816
1762231513390,94.60000610351562,521.3999977111816
1762231513407,95.60000610351562,521.3999977111816
1762231513435,95.60000610351562,521.3999977111816
1762231513500,96.60000610351562,521.3999977111816
1762231513556,97.60000610351562,521.3999977111816
1762231513581,98.60000610351562,521.3999977111816
1762231513619,99.60000610351562,521.3999977111816
1762231513643,100.60000610351562,522.3999977111816
1762231513690,101.60000610351562,522.3999977111816
1762231513724,102.60000610351562,523.3999977111816
1762231513757,102.60000610351562,523.3999977111816
1762231513773,103.60000610351562,523.3999977111816
1762231513790,105.60000610351562,524.3999977111816
1762231513957,107.60000610351562,524.3999977111816
1762231514147,107.60000610351562,524.3999977111816
1762231514158,107.60000610351562,523.3999977111816
1762231514173,107.60000610351562,522.3999977111816
1762231514240,107.60000610351562,521.3999977111816
1762231514277,108.60000610351562,521.3999977111816
1762231514306,108.60000610351562,520.3999977111816
1762231514323,108.60000610351562,519.3999977111816
1762231514420,107.60000610351562,519.3999977111816
1762231514468,106.60000610351562,519.3999977111816
1762231514490,105.60000610351562,519.3999977111816
1762231514507,104.60000610351562,519.3999977111816
1762231514525,102.60000610351562,519.3999977111816
1762231514556,100.60000610351562,521.3999977111816
1762231514692,100.60000610351562,521.3999977111816
1762231514812,100.60000610351562,521.3999977111816
1762231514842,102.60000610351562,520.3999977111816
1762231514863,103.60000610351562,518.3999977111816
1762231514875,104.60000610351562,518.3999977111816
1762231514889,106.60000610351562,516.3999977111816
1762231514923,106.60000610351562,514.3999977111816
1762231514939,106.60000610351562,514.3999977111816
1762231514963,107.60000610351562,513.3999977111816
1762231514989,107.60000610351562,512.3999977111816
1762231515006,108.60000610351562,511.39999771118164
1762231515026,108.60000610351562,510.39999771118164
1762231515073,110.60000610351562,508.39999771118164
1762231515108,110.60000610351562,508.39999771118164
1762231515139,110.60000610351562,507.39999771118164
1762231515348,110.60000610351562,508.39999771118164
1762231515378,110.60000610351562,511.39999771118164
1762231515398,110.60000610351562,515.3999977111816
1762231515422,110.60000610351562,516.3999977111816
1762231515439,110.60000610351562,518.3999977111816
1762231515455,110.60000610351562,519.3999977111816
1762231515472,110.60000610351562,520.3999977111816
1762231515660,110.60000610351562,519.3999977111816
1762231515690,110.60000610351562,517.3999977111816
1762231515712,110.60000610351562,515.3999977111816
1762231515738,110.60000610351562,512.3999977111816
1762231515755,110.60000610351562,510.39999771118164
1762231515772,110.60000610351562,509.39999771118164
1762231515788,110.60000610351562,507.39999771118164
1762231515805,110.60000610351562,505.39999771118164
1762231515826,110.60000610351562,504.39999771118164
1762231515850,110.60000610351562,503.39999771118164
1762231515883,110.60000610351562,502.39999771118164
1762231515948,110.60000610351562,501.39999771118164
1762231515988,110.60000610351562,501.39999771118164
1762231516055,109.60000610351562,501.39999771118164
1762231516085,108.60000610351562,501.39999771118164
1762231516098,106.60000610351562,503.39999771118164
1762231516110,106.60000610351562,504.39999771118164
1762231516121,106.60000610351562,505.39999771118164
1762231516138,105.60000610351562,505.39999771118164
1762231516155,103.60000610351562,508.39999771118164
1762231516188,103.60000610351562,509.39999771118164
1762231516210,103.60000610351562,512.3999977111816
1762231516238,103.60000610351562,514.3999977111816
1762231516255,103.60000610351562,515.3999977111816
1762231516282,103.60000610351562,516.3999977111816
1762231516306,103.60000610351562,517.3999977111816
1762231516321,103.60000610351562,519.3999977111816
1762231516354,103.60000610351562,519.3999977111816
1762231516476,104.60000610351562,518.3999977111816
1762231516507,104.60000610351562,515.3999977111816
1762231516528,104.60000610351562,511.39999771118164
1762231516540,105.60000610351562,507.39999771118164
1762231516554,105.60000610351562,507.39999771118164
1762231516571,105.60000610351562,504.39999771118164
1762231516588,105.60000610351562,503.39999771118164
1762231516604,106.60000610351562,500.39999771118164
1762231516621,106.60000610351562,499.39999771118164
1762231516638,106.60000610351562,499.39999771118164
1762231516654,106.60000610351562,497.39999771118164
1762231516671,106.60000610351562,496.39999771118164
1762231516704,106.60000610351562,495.39999771118164
1762231516755,105.60000610351562,494.39999771118164
1762231516828,105.60000610351562,495.39999771118164
1762231516858,105.60000610351562,497.39999771118164
1762231516872,105.60000610351562,500.39999771118164
1762231516904,105.60000610351562,500.39999771118164
1762231516921,105.60000610351562,502.39999771118164
1762231516937,105.60000610351562,503.39999771118164
1762231516954,105.60000610351562,504.39999771118164
1762231516971,106.60000610351562,506.39999771118164
1762231517068,107.60000610351562,506.39999771118164
1762231517099,108.60000610351562,506.39999771118164
1762231517163,109.60000610351562,505.39999771118164
1762231517183,109.60000610351562,503.39999771118164
1762231517204,109.60000610351562,501.39999771118164
1762231517220,109.60000610351562,500.39999771118164
1762231517237,109.60000610351562,499.39999771118164
1762231517254,109.60000610351562,496.39999771118164
1762231517282,109.60000610351562,496.39999771118164
1762231517314,109.60000610351562,495.39999771118164
1762231517337,109.60000610351562,494.39999771118164
1762231517354,108.60000610351562,493.39999771118164
1762231517370,108.60000610351562,491.39999771118164
1762231517420,108.60000610351562,490.39999771118164
1762231517438,108.60000610351562,489.39999771118164
1762231517454,108.60000610351562,488.39999771118164
1762231517487,108.60000610351562,487.39999771118164
1762231517504,108.60000610351562,486.39999771118164
1762231517530,108.60000610351562,485.39999771118164
1762231517562,108.60000610351562,484.39999771118164
1762231517668,108.60000610351562,484.39999771118164
1762231517700,108.60000610351562,485.39999771118164
1762231517720,109.60000610351562,488.39999771118164
1762231517737,109.60000610351562,488.39999771118164
1762231517753,110.60000610351562,490.39999771118164
1762231517770,111.60000610351562,492.39999771118164
1762231517810,111.60000610351562,493.39999771118164
1762231517932,111.60000610351562,494.39999771118164
1762231518003,109.60000610351562,492.39999771118164
1762231518035,106.60000610351562,487.39999771118164
1762231518049,106.60000610351562,485.39999771118164
1762231518061,106.60000610351562,484.39999771118164
1762231518073,106.60000610351562,483.39999771118164
1762231518086,106.60000610351562,482.39999771118164
1762231518103,104.60000610351562,481.39999771118164
1762231518120,104.60000610351562,480.39999771118164
1762231518136,103.60000610351562,477.39999771118164
1762231518153,103.60000610351562,476.39999771118164
1762231518170,103.60000610351562,473.39999771118164
1762231518203,103.60000610351562,473.39999771118164
1762231518219,103.60000610351562,471.39999771118164
1762231518236,103.60000610351562,469.39999771118164
1762231518253,103.60000610351562,468.39999771118164
1762231518269,103.60000610351562,466.39999771118164
1762231518286,103.60000610351562,466.39999771118164
1762231518303,103.60000610351562,464.39999771118164
1762231518319,103.60000610351562,463.39999771118164
1762231518420,103.60000610351562,464.39999771118164
1762231518453,104.60000610351562,470.39999771118164
1762231518486,105.60000610351562,472.39999771118164
1762231518503,106.60000610351562,475.39999771118164
1762231518519,106.60000610351562,475.39999771118164
1762231518536,106.60000610351562,476.39999771118164
1762231518553,106.60000610351562,477.39999771118164
1762231518569,107.60000610351562,479.39999771118164
1762231518586,107.60000610351562,479.39999771118164
1762231518796,107.60000610351562,478.39999771118164
1762231518838,107.60000610351562,473.39999771118164
1762231518854,106.60000610351562,470.39999771118164
1762231518869,106.60000610351562,469.39999771118164
1762231518886,106.60000610351562,466.39999771118164
1762231518902,106.60000610351562,466.39999771118164
1762231518919,106.60000610351562,464.39999771118164
1762231518936,106.60000610351562,463.39999771118164
1762231518952,106.60000610351562,462.39999771118164
1762231519060,106.60000610351562,462.39999771118164
1762231519093,106.60000610351562,466.39999771118164
1762231519110,106.60000610351562,468.39999771118164
1762231519123,106.60000610351562,470.39999771118164
1762231519136,106.60000610351562,471.39999771118164
1762231519152,106.60000610351562,472.39999771118164
1762231519169,106.60000610351562,474.39999771118164
1762231519202,104.60000610351562,476.39999771118164
1762231519332,103.60000610351562,476.39999771118164
1762231519367,101.60000610351562,471.39999771118164
1762231519383,101.60000610351562,468.39999771118164
1762231519396,101.60000610351562,464.39999771118164
1762231519409,101.60000610351562,463.39999771118164
1762231519422,101.60000610351562,460.39999771118164
1762231519435,101.60000610351562,458.39999771118164
1762231519452,101.60000610351562,456.39999771118164
1762231519468,101.60000610351562,453.39999771118164
1762231519485,101.60000610351562,451.39999771118164
1762231519502,101.60000610351562,448.39999771118164
1762231519521,101.60000610351562,447.39999771118164
1762231519535,101.60000610351562,446.39999771118164
1762231519552,101.60000610351562,444.39999771118164
1762231519618,102.60000610351562,444.39999771118164
1762231519647,102.60000610351562,444.39999771118164
1762231519662,102.60000610351562,447.39999771118164
1762231519675,102.60000610351562,452.39999771118164
1762231519688,102.60000610351562,453.39999771118164
1762231519702,104.60000610351562,456.39999771118164
1762231519718,105.60000610351562,458.39999771118164
1762231519751,105.60000610351562,460.39999771118164
1762231519770,105.60000610351562,460.39999771118164
1762231519916,105.60000610351562,460.39999771118164
1762231519968,105.60000610351562,449.39999771118164
1762231519985,105.60000610351562,446.39999771118164
1762231520001,105.60000610351562,444.39999771118164
1762231520018,105.60000610351562,442.39999771118164
1762231520135,106.60000610351562,444.39999771118164
1762231520168,106.60000610351562,451.39999771118164
1762231520184,106.60000610351562,455.39999771118164
1762231520201,106.60000610351562,457.39999771118164
1762231520235,106.60000610351562,458.39999771118164
1762231520332,106.60000610351562,457.39999771118164
1762231520365,104.60000610351562,447.39999771118164
1762231520379,104.60000610351562,443.39999771118164
1762231520392,104.60000610351562,442.39999771118164
1762231520405,104.60000610351562,439.39999771118164
1762231520434,104.60000610351562,438.39999771118164
1762231520451,103.60000610351562,437.39999771118164
1762231520532,103.60000610351562,438.39999771118164
1762231520565,103.60000610351562,448.39999771118164
1762231520582,102.60000610351562,452.39999771118164
1762231520595,102.60000610351562,454.39999771118164
1762231520609,102.60000610351562,455.39999771118164
1762231520622,101.60000610351562,456.39999771118164
1762231520732,101.60000610351562,455.39999771118164
1762231520767,101.60000610351562,447.39999771118164
1762231520784,98.60000610351562,444.39999771118164
1762231520801,98.60000610351562,443.39999771118164
1762231520868,98.60000610351562,444.39999771118164
1762231520900,98.60000610351562,450.39999771118164
1762231520917,98.60000610351562,454.39999771118164
1762231520934,98.60000610351562,456.39999771118164
1762231520950,98.60000610351562,458.39999771118164
1762231520967,98.60000610351562,459.39999771118164
1762231521068,98.60000610351562,458.39999771118164
1762231521102,98.60000610351562,450.39999771118164
1762231521120,97.60000610351562,446.39999771118164
1762231521137,97.60000610351562,446.39999771118164
1762231521212,97.60000610351562,447.39999771118164
1762231521245,97.60000610351562,453.39999771118164
1762231521260,97.60000610351562,456.39999771118164
1762231521284,97.60000610351562,458.39999771118164
1762231521396,97.60000610351562,457.39999771118164
1762231521429,97.60000610351562,445.39999771118164
1762231521445,97.60000610351562,441.39999771118164
1762231521458,97.60000610351562,439.39999771118164
1762231521472,97.60000610351562,437.39999771118164
1762231521533,97.60000610351562,435.39999771118164
1762231521600,97.60000610351562,436.39999771118164
1762231521632,97.60000610351562,438.39999771118164
1762231521646,98.60000610351562,442.39999771118164
1762231521683,98.60000610351562,442.39999771118164
1762231521710,98.60000610351562,443.39999771118164
1762231521738,99.60000610351562,443.39999771118164
1762231521751,100.60000610351562,443.39999771118164
1762231521766,102.60000610351562,441.39999771118164
1762231521783,104.60000610351562,436.39999771118164
1762231521800,106.60000610351562,431.39999771118164
1762231521816,107.60000610351562,428.39999771118164
1762231521833,107.60000610351562,426.39999771118164
1762231521850,107.60000610351562,424.39999771118164
1762231521940,107.60000610351562,425.39999771118164
1762231521983,107.60000610351562,430.39999771118164
1762231522000,107.60000610351562,433.39999771118164
1762231522016,107.60000610351562,435.39999771118164
1762231522033,107.60000610351562,437.39999771118164
1762231522050,107.60000610351562,438.39999771118164
1762231522066,107.60000610351562,440.39999771118164
1762231522090,107.60000610351562,442.39999771118164
1762231522116,107.60000610351562,444.39999771118164
1762231522133,107.60000610351562,445.39999771118164
1762231522149,106.60000610351562,447.39999771118164
1762231522178,106.60000610351562,449.39999771118164
1762231522235,106.60000610351562,451.39999771118164
1762231522356,106.60000610351562,450.39999771118164
1762231522390,107.60000610351562,441.39999771118164
1762231522406,107.60000610351562,438.39999771118164
1762231522420,107.60000610351562,435.39999771118164
1762231522434,107.60000610351562,434.39999771118164
1762231522449,107.60000610351562,429.39999771118164
1762231522482,107.60000610351562,427.39999771118164
1762231522499,107.60000610351562,426.39999771118164
1762231522522,107.60000610351562,425.39999771118164
1762231522628,107.60000610351562,425.39999771118164
1762231522664,107.60000610351562,436.39999771118164
1762231522680,107.60000610351562,444.39999771118164
1762231522694,106.60000610351562,447.39999771118164
1762231522708,105.60000610351562,451.39999771118164
1762231522722,105.60000610351562,451.39999771118164
1762231522736,105.60000610351562,453.39999771118164
1762231522750,103.60000610351562,455.39999771118164
1762231522844,103.60000610351562,451.39999771118164
1762231522879,103.60000610351562,440.39999771118164
1762231522895,103.60000610351562,435.39999771118164
1762231522909,103.60000610351562,430.39999771118164
1762231522923,103.60000610351562,429.39999771118164
1762231522937,103.60000610351562,428.39999771118164
1762231522951,103.60000610351562,427.39999771118164
1762231522965,103.60000610351562,426.39999771118164
1762231523043,103.60000610351562,426.39999771118164
1762231523076,103.60000610351562,433.39999771118164
1762231523092,101.60000610351562,438.39999771118164
1762231523105,101.60000610351562,440.39999771118164
1762231523120,101.60000610351562,444.39999771118164
1762231523133,101.60000610351562,449.39999771118164
1762231523149,101.60000610351562,451.39999771118164
1762231523165,100.60000610351562,453.39999771118164
1762231523182,100.60000610351562,455.39999771118164
1762231523215,100.60000610351562,456.39999771118164
1762231523265,100.60000610351562,457.39999771118164
1762231523306,100.60000610351562,456.39999771118164
1762231523327,100.60000610351562,450.39999771118164
1762231523345,100.60000610351562,443.39999771118164
1762231523359,100.60000610351562,438.39999771118164
1762231523373,100.60000610351562,434.39999771118164
1762231523387,100.60000610351562,432.39999771118164
1762231523402,100.60000610351562,431.39999771118164
1762231523416,99.60000610351562,429.39999771118164
1762231523482,99.60000610351562,427.39999771118164
1762231523513,97.60000610351562,426.39999771118164
1762231523529,96.60000610351562,428.39999771118164
1762231523543,96.60000610351562,431.39999771118164
1762231523557,96.60000610351562,436.39999771118164
1762231523571,96.60000610351562,441.39999771118164
1762231523585,96.60000610351562,443.39999771118164
1762231523600,96.60000610351562,447.39999771118164
1762231523615,96.60000610351562,450.39999771118164
1762231523631,96.60000610351562,453.39999771118164
1762231523648,96.60000610351562,454.39999771118164
1762231523665,94.60000610351562,456.39999771118164
1762231523698,94.60000610351562,457.39999771118164
1762231523755,94.60000610351562,456.39999771118164
1762231523786,94.60000610351562,448.39999771118164
1762231523804,94.60000610351562,443.39999771118164
1762231523818,94.60000610351562,441.39999771118164
1762231523832,94.60000610351562,436.39999771118164
1762231523848,94.60000610351562,433.39999771118164
1762231523865,94.60000610351562,430.39999771118164
1762231523881,94.60000610351562,427.39999771118164
1762231523898,94.60000610351562,422.39999771118164
1762231523915,94.60000610351562,420.39999771118164
1762231523932,94.60000610351562,419.39999771118164
1762231523952,94.60000610351562,418.39999771118164
1762231524076,94.60000610351562,418.39999771118164
1762231524117,94.60000610351562,426.39999771118164
1762231524131,95.60000610351562,429.39999771118164
1762231524148,95.60000610351562,431.39999771118164
1762231524164,96.60000610351562,433.39999771118164
1762231524181,96.60000610351562,433.39999771118164
1762231524214,97.60000610351562,434.39999771118164
1762231524291,98.60000610351562,433.39999771118164
1762231524326,98.60000610351562,427.39999771118164
1762231524343,99.60000610351562,423.39999771118164
1762231524357,100.60000610351562,419.39999771118164
1762231524371,101.60000610351562,415.39999771118164
1762231524386,101.60000610351562,414.39999771118164
1762231524400,103.60000610351562,411.39999771118164
1762231524415,103.60000610351562,409.39999771118164
1762231524431,103.60000610351562,407.39999771118164
1762231524447,103.60000610351562,407.39999771118164
1762231524464,103.60000610351562,406.39999771118164
1762231524481,103.60000610351562,405.39999771118164
1762231524555,103.60000610351562,406.39999771118164
1762231524591,103.60000610351562,412.39999771118164
1762231524607,103.60000610351562,414.39999771118164
1762231524622,104.60000610351562,416.39999771118164
1762231524636,104.60000610351562,420.39999771118164
1762231524651,104.60000610351562,421.39999771118164
1762231524666,104.60000610351562,423.39999771118164
1762231524681,104.60000610351562,424.39999771118164
1762231524697,104.60000610351562,425.39999771118164
1762231524714,104.60000610351562,426.39999771118164
1762231524748,104.60000610351562,428.39999771118164
1762231524836,104.60000610351562,427.39999771118164
1762231524871,105.60000610351562,422.39999771118164
1762231524889,106.60000610351562,418.39999771118164
1762231524904,106.60000610351562,415.39999771118164
1762231524919,106.60000610351562,412.39999771118164
1762231524934,108.60000610351562,410.39999771118164
1762231524949,108.60000610351562,408.39999771118164
1762231524964,108.60000610351562,407.39999771118164
1762231524980,108.60000610351562,405.39999771118164
1762231525018,108.60000610351562,404.39999771118164
1762231525100,108.60000610351562,405.39999771118164
1762231525147,108.60000610351562,414.39999771118164
1762231525163,108.60000610351562,418.39999771118164
1762231525180,108.60000610351562,421.39999771118164
1762231525197,108.60000610351562,425.39999771118164
1762231525213,108.60000610351562,426.39999771118164
1762231525230,108.60000610351562,428.39999771118164
1762231525247,108.60000610351562,428.39999771118164
1762231525372,108.60000610351562,427.39999771118164
1762231525409,108.60000610351562,419.39999771118164
1762231525432,108.60000610351562,413.39999771118164
1762231525451,108.60000610351562,406.39999771118164
1762231525465,108.60000610351562,404.39999771118164
1762231525480,108.60000610351562,401.39999771118164
1762231525496,108.60000610351562,400.39999771118164
1762231525603,108.60000610351562,401.39999771118164
1762231525640,107.60000610351562,409.39999771118164
1762231525657,107.60000610351562,411.39999771118164
1762231525672,107.60000610351562,414.39999771118164
1762231525687,107.60000610351562,416.39999771118164
1762231525702,107.60000610351562,418.39999771118164
1762231525819,107.60000610351562,417.39999771118164
1762231525856,107.60000610351562,407.39999771118164
1762231525872,107.60000610351562,404.39999771118164
1762231525887,107.60000610351562,400.39999771118164
1762231525901,107.60000610351562,397.39999771118164
1762231525916,107.60000610351562,393.39999771118164
1762231525930,107.60000610351562,392.39999771118164
1762231525946,107.60000610351562,388.39999771118164
1762231525963,107.60000610351562,385.39999771118164
1762231526075,107.60000610351562,386.39999771118164
1762231526113,107.60000610351562,394.39999771118164
1762231526130,107.60000610351562,401.39999771118164
1762231526163,107.60000610351562,408.39999771118164
1762231526179,107.60000610351562,408.39999771118164
1762231526296,107.60000610351562,407.39999771118164
1762231526331,107.60000610351562,394.39999771118164
1762231526348,108.60000610351562,384.39999771118164
1762231526362,108.60000610351562,379.39999771118164
1762231526379,108.60000610351562,376.39999771118164
1762231526396,108.60000610351562,374.39999771118164
1762231526475,108.60000610351562,375.39999771118164
1762231526511,108.60000610351562,380.39999771118164
1762231526528,108.60000610351562,384.39999771118164
1762231526542,108.60000610351562,389.39999771118164
1762231526557,108.60000610351562,392.39999771118164
1762231526572,108.60000610351562,396.39999771118164
1762231526586,108.60000610351562,397.39999771118164
1762231526601,108.60000610351562,400.39999771118164
1762231526629,108.60000610351562,401.39999771118164
1762231526715,108.60000610351562,401.39999771118164
1762231526751,108.60000610351562,393.39999771118164
1762231526769,108.60000610351562,387.39999771118164
1762231526785,110.60000610351562,379.39999771118164
1762231526801,110.60000610351562,374.39999771118164
1762231526817,111.60000610351562,370.39999771118164
1762231526833,111.60000610351562,368.39999771118164
1762231526848,111.60000610351562,367.39999771118164
1762231526864,111.60000610351562,366.39999771118164
1762231526947,111.60000610351562,366.39999771118164
1762231526983,111.60000610351562,374.39999771118164
1762231527000,111.60000610351562,379.39999771118164
1762231527016,111.60000610351562,384.39999771118164
1762231527032,111.60000610351562,385.39999771118164
1762231527047,111.60000610351562,386.39999771118164
1762231527155,111.60000610351562,385.39999771118164
1762231527197,111.60000610351562,373.39999771118164
1762231527212,111.60000610351562,367.39999771118164
1762231527228,111.60000610351562,362.39999771118164
1762231527245,111.60000610351562,358.39999771118164
1762231527261,111.60000610351562,355.39999771118164
1762231527278,111.60000610351562,352.39999771118164
1762231527295,111.60000610351562,349.39999771118164
1762231527311,111.60000610351562,347.39999771118164
1762231527328,111.60000610351562,346.39999771118164
1762231527427,110.60000610351562,345.39999771118164
1762231527465,108.60000610351562,349.39999771118164
1762231527482,108.60000610351562,355.39999771118164
1762231527498,107.60000610351562,362.39999771118164
1762231527513,106.60000610351562,368.39999771118164
1762231527528,106.60000610351562,375.39999771118164
1762231527545,105.60000610351562,378.39999771118164
1762231527561,104.60000610351562,384.39999771118164
1762231527578,103.60000610351562,388.39999771118164
1762231527595,102.60000610351562,390.39999771118164
1762231527611,102.60000610351562,392.39999771118164
1762231527715,102.60000610351562,391.39999771118164
1762231527752,102.60000610351562,381.39999771118164
1762231527769,102.60000610351562,370.39999771118164
1762231527784,102.60000610351562,361.39999771118164
1762231527800,102.60000610351562,356.39999771118164
1762231527815,102.60000610351562,352.39999771118164
1762231527830,102.60000610351562,349.39999771118164
1762231527845,102.60000610351562,345.39999771118164
1762231527861,102.60000610351562,343.39999771118164
1762231527947,102.60000610351562,342.39999771118164
1762231527985,101.60000610351562,344.39999771118164
1762231528002,100.60000610351562,353.39999771118164
1762231528018,100.60000610351562,360.39999771118164
1762231528033,99.60000610351562,365.39999771118164
1762231528049,99.60000610351562,368.39999771118164
1762231528064,99.60000610351562,373.39999771118164
1762231528080,99.60000610351562,375.39999771118164
1762231528095,99.60000610351562,378.39999771118164
1762231528111,99.60000610351562,379.39999771118164
1762231528228,99.60000610351562,378.39999771118164
1762231528277,99.60000610351562,353.39999771118164
1762231528294,99.60000610351562,344.39999771118164
1762231528311,99.60000610351562,337.39999771118164
1762231528327,99.60000610351562,332.39999771118164
1762231528344,99.60000610351562,331.39999771118164
1762231528360,99.60000610351562,329.39999771118164
1762231528435,98.60000610351562,331.39999771118164
1762231528472,96.60000610351562,345.39999771118164
1762231528489,96.60000610351562,357.39999771118164
1762231528505,96.60000610351562,369.39999771118164
1762231528520,96.60000610351562,380.39999771118164
1762231528538,96.60000610351562,386.39999771118164
1762231528553,96.60000610351562,392.39999771118164
1762231528569,96.60000610351562,394.39999771118164
1762231528584,96.60000610351562,396.39999771118164
1762231528661,97.60000610351562,397.39999771118164
1762231528697,97.60000610351562,393.39999771118164
1762231528715,97.60000610351562,384.39999771118164
1762231528731,97.60000610351562,364.39999771118164
1762231528747,97.60000610351562,355.39999771118164
1762231528762,97.60000610351562,352.39999771118164
1762231528778,97.60000610351562,345.39999771118164
1762231528794,97.60000610351562,342.39999771118164
1762231528810,97.60000610351562,341.39999771118164
1762231528827,97.60000610351562,340.39999771118164
1762231528860,96.60000610351562,339.39999771118164
1762231528914,96.60000610351562,340.39999771118164
1762231528937,95.60000610351562,344.39999771118164
1762231528954,95.60000610351562,351.39999771118164
1762231528970,95.60000610351562,358.39999771118164
1762231528986,95.60000610351562,367.39999771118164
1762231529002,95.60000610351562,374.39999771118164
1762231529018,95.60000610351562,382.39999771118164
1762231529034,95.60000610351562,387.39999771118164
1762231529050,95.60000610351562,390.39999771118164
1762231529066,95.60000610351562,391.39999771118164
1762231529081,95.60000610351562,392.39999771118164
1762231529162,95.60000610351562,392.39999771118164
1762231529179,93.60000610351562,386.39999771118164
1762231529196,93.60000610351562,379.39999771118164
1762231529213,90.60000610351562,367.39999771118164
1762231529229,90.60000610351562,361.39999771118164
1762231529245,90.60000610351562,355.39999771118164
1762231529262,90.60000610351562,351.39999771118164
1762231529293,90.60000610351562,345.39999771118164
1762231529310,90.60000610351562,342.39999771118164
1762231529326,90.60000610351562,341.39999771118164
1762231529360,89.60000610351562,341.39999771118164
1762231529410,89.60000610351562,341.39999771118164
1762231529429,89.60000610351562,345.39999771118164
1762231529448,89.60000610351562,351.39999771118164
1762231529465,89.60000610351562,355.39999771118164
1762231529481,89.60000610351562,364.39999771118164
1762231529497,89.60000610351562,367.39999771118164
1762231529514,89.60000610351562,373.39999771118164
1762231529530,90.60000610351562,378.39999771118164
1762231529546,90.60000610351562,380.39999771118164
1762231529563,90.60000610351562,385.39999771118164
1762231529579,90.60000610351562,386.39999771118164
1762231529595,90.60000610351562,387.39999771118164
1762231529710,90.60000610351562,386.39999771118164
1762231529748,90.60000610351562,372.39999771118164
1762231529765,90.60000610351562,359.39999771118164
1762231529781,90.60000610351562,354.39999771118164
1762231529797,90.60000610351562,351.39999771118164
1762231529814,90.60000610351562,349.39999771118164
1762231529915,90.60000610351562,350.39999771118164
1762231529953,90.60000610351562,370.39999771118164
1762231529977,90.60000610351562,382.39999771118164
1762231529997,90.60000610351562,393.39999771118164
1762231530014,91.60000610351562,398.39999771118164
1762231530031,91.60000610351562,399.39999771118164
1762231530047,93.60000610351562,402.39999771118164
1762231530076,93.60000610351562,404.39999771118164
1762231530093,94.60000610351562,405.39999771118164
1762231530109,94.60000610351562,406.39999771118164
1762231530219,94.60000610351562,406.39999771118164
1762231530258,94.60000610351562,390.39999771118164
1762231530276,94.60000610351562,371.39999771118164
1762231530309,94.60000610351562,361.39999771118164
1762231530326,94.60000610351562,360.39999771118164
1762231530342,93.60000610351562,359.39999771118164
1762231530409,92.60000610351562,364.39999771118164
1762231530444,92.60000610351562,383.39999771118164
1762231530462,92.60000610351562,396.39999771118164
1762231530479,92.60000610351562,403.39999771118164
1762231530495,92.60000610351562,407.39999771118164
1762231530511,92.60000610351562,412.39999771118164
1762231530527,92.60000610351562,417.39999771118164
1762231530543,92.60000610351562,421.39999771118164
1762231530559,92.60000610351562,423.39999771118164
1762231530576,92.60000610351562,424.39999771118164
1762231530659,92.60000610351562,423.39999771118164
1762231530698,92.60000610351562,412.39999771118164
1762231530716,92.60000610351562,398.39999771118164
1762231530732,92.60000610351562,386.39999771118164
1762231530748,92.60000610351562,378.39999771118164
1762231530764,92.60000610351562,374.39999771118164
1762231530781,92.60000610351562,370.39999771118164
1762231530797,92.60000610351562,369.39999771118164
1762231530858,92.60000610351562,371.39999771118164
1762231530879,92.60000610351562,376.39999771118164
1762231530897,92.60000610351562,385.39999771118164
1762231530913,92.60000610351562,397.39999771118164
1762231530930,90.60000610351562,404.39999771118164
1762231530946,89.60000610351562,410.39999771118164
1762231530962,88.60000610351562,419.39999771118164
1762231530977,87.60000610351562,424.39999771118164
1762231530993,87.60000610351562,429.39999771118164
1762231531008,87.60000610351562,430.39999771118164
1762231531025,87.60000610351562,431.39999771118164
1762231531107,87.60000610351562,430.39999771118164
1762231531146,89.60000610351562,409.39999771118164
1762231531164,90.60000610351562,400.39999771118164
1762231531181,93.60000610351562,393.39999771118164
1762231531197,94.60000610351562,390.39999771118164
1762231531213,94.60000610351562,387.39999771118164
1762231531229,94.60000610351562,386.39999771118164
1762231531246,95.60000610351562,385.39999771118164
1762231531289,96.60000610351562,386.39999771118164
1762231531309,96.60000610351562,389.39999771118164
1762231531325,98.60000610351562,393.39999771118164
1762231531342,99.60000610351562,400.39999771118164
1762231531358,99.60000610351562,405.39999771118164
1762231531375,99.60000610351562,409.39999771118164
1762231531391,99.60000610351562,413.39999771118164
1762231531408,99.60000610351562,416.39999771118164
1762231531425,99.60000610351562,417.39999771118164
1762231531441,100.60000610351562,418.39999771118164
1762231531508,100.60000610351562,418.39999771118164
1762231531546,102.60000610351562,406.39999771118164
1762231531564,102.60000610351562,398.39999771118164
1762231531580,102.60000610351562,394.39999771118164
1762231531596,102.60000610351562,390.39999771118164
1762231531612,102.60000610351562,388.39999771118164
1762231531628,102.60000610351562,387.39999771118164
1762231531644,102.60000610351562,385.39999771118164
1762231531659,102.60000610351562,383.39999771118164
1762231531675,102.60000610351562,382.39999771118164
1762231531691,102.60000610351562,381.39999771118164
1762231531737,102.60000610351562,382.39999771118164
1762231531758,102.60000610351562,383.39999771118164
1762231531774,100.60000610351562,386.39999771118164
1762231531791,100.60000610351562,392.39999771118164
1762231531808,100.60000610351562,396.39999771118164
1762231531825,99.60000610351562,401.39999771118164
1762231531848,99.60000610351562,406.39999771118164
1762231531873,99.60000610351562,408.39999771118164
1762231531955,99.60000610351562,407.39999771118164
1762231531994,99.60000610351562,392.39999771118164
1762231532014,99.60000610351562,378.39999771118164
1762231532031,100.60000610351562,367.39999771118164
1762231532049,99.60000610351562,359.39999771118164
1762231532066,100.60000610351562,354.39999771118164
1762231532083,100.60000610351562,349.39999771118164
1762231532100,101.60000610351562,347.39999771118164
1762231532118,101.60000610351562,344.39999771118164
1762231532134,101.60000610351562,343.39999771118164
1762231532151,101.60000610351562,342.39999771118164
1762231532207,101.60000610351562,343.39999771118164
1762231532226,101.60000610351562,344.39999771118164
1762231532245,101.60000610351562,352.39999771118164
1762231532263,101.60000610351562,361.39999771118164
1762231532280,101.60000610351562,371.39999771118164
1762231532298,101.60000610351562,378.39999771118164
1762231532324,101.60000610351562,385.39999771118164
1762231532341,101.60000610351562,386.39999771118164
1762231532359,101.60000610351562,388.39999771118164
1762231532377,101.60000610351562,390.39999771118164
1762231532442,102.60000610351562,390.39999771118164
1762231532481,102.60000610351562,390.39999771118164
1762231532502,103.60000610351562,384.39999771118164
1762231532521,103.60000610351562,379.39999771118164
1762231532538,104.60000610351562,369.39999771118164
1762231532555,106.60000610351562,358.39999771118164
1762231532572,106.60000610351562,351.39999771118164
1762231532590,108.60000610351562,346.39999771118164
1762231532607,109.60000610351562,341.39999771118164
1762231532624,109.60000610351562,338.39999771118164
1762231532641,109.60000610351562,336.39999771118164
1762231532658,109.60000610351562,335.39999771118164
1762231532771,108.60000610351562,339.39999771118164
1762231532810,104.60000610351562,353.39999771118164
1762231532829,102.60000610351562,361.39999771118164
1762231532847,102.60000610351562,362.39999771118164
1762231532865,102.60000610351562,365.39999771118164
1762231532955,102.60000610351562,364.39999771118164
1762231532994,100.60000610351562,361.39999771118164
1762231533013,100.60000610351562,352.39999771118164
1762231533031,100.60000610351562,347.39999771118164
1762231533049,100.60000610351562,341.39999771118164
1762231533067,100.60000610351562,336.39999771118164
1762231533084,101.60000610351562,328.39999771118164
1762231533101,101.60000610351562,323.39999771118164
1762231533119,101.60000610351562,320.39999771118164
1762231533137,101.60000610351562,316.39999771118164
1762231533154,101.60000610351562,314.39999771118164
1762231533174,101.60000610351562,307.39999771118164
1762231533206,101.60000610351562,307.39999771118164
1762231533223,101.60000610351562,305.39999771118164
1762231533331,101.60000610351562,306.39999771118164
1762231533375,101.60000610351562,318.39999771118164
1762231533391,101.60000610351562,321.39999771118164
1762231533408,101.60000610351562,323.39999771118164
1762231533425,101.60000610351562,326.39999771118164
1762231533442,101.60000610351562,328.39999771118164
1762231533459,101.60000610351562,331.39999771118164
1762231533476,101.60000610351562,332.39999771118164
1762231533611,101.60000610351562,331.39999771118164
1762231533651,103.60000610351562,322.39999771118164
1762231533670,106.60000610351562,319.39999771118164
1762231533688,106.60000610351562,316.39999771118164
1762231533705,108.60000610351562,315.39999771118164
1762231533722,108.60000610351562,314.39999771118164
1762231533738,108.60000610351562,312.39999771118164
1762231533915,108.60000610351562,313.39999771118164
1762231533956,108.60000610351562,320.39999771118164
1762231533974,108.60000610351562,323.39999771118164
1762231533991,108.60000610351562,325.39999771118164
1762231534008,108.60000610351562,326.39999771118164
1762231534082,108.60000610351562,326.39999771118164
1762231534226,108.60000610351562,326.39999771118164
1762231534257,108.60000610351562,320.39999771118164
1762231534278,108.60000610351562,314.39999771118164
1762231534296,108.60000610351562,312.39999771118164
1762231534313,108.60000610351562,308.39999771118164
1762231534330,109.60000610351562,307.39999771118164
1762231547046,112.60000610351562,34.39999771118164
1762231547137,111.60000610351562,34.39999771118164
1762231547202,112.60000610351562,34.39999771118164
1762231547254,115.60000610351562,35.39999771118164
1762231547271,116.60000610351562,36.39999771118164
1762231547312,116.60000610351562,37.39999771118164
1762231547378,116.60000610351562,38.39999771118164
1762231547414,115.60000610351562,39.39999771118164
1762231547432,112.60000610351562,39.39999771118164
1762231547449,112.60000610351562,39.39999771118164
1762231547466,110.60000610351562,41.39999771118164
1762231547578,109.60000610351562,42.39999771118164
1762231547617,110.60000610351562,44.39999771118164
1762231547635,111.60000610351562,44.39999771118164
1762231547651,112.60000610351562,44.39999771118164
1762231547668,113.60000610351562,44.39999771118164
1762231547685,114.60000610351562,44.39999771118164
1762231547702,116.60000610351562,46.39999771118164
1762231547720,116.60000610351562,47.39999771118164
1762231547737,116.60000610351562,47.39999771118164
1762231547754,117.60000610351562,49.39999771118164
1762231547771,117.60000610351562,50.39999771118164
1762231547788,117.60000610351562,51.39999771118164
1762231547805,117.60000610351562,52.39999771118164
1762231547922,117.60000610351562,54.39999771118164
1762231547961,117.60000610351562,56.39999771118164
1762231547986,117.60000610351562,56.39999771118164
1762231548017,117.60000610351562,57.39999771118164
1762231548034,117.60000610351562,57.39999771118164
1762231548051,117.60000610351562,59.39999771118164
1762231548067,117.60000610351562,60.39999771118164
1762231548210,117.60000610351562,61.39999771118164
1762231548257,117.60000610351562,65.39999771118164
1762231548288,116.60000610351562,66.39999771118164
1762231548305,116.60000610351562,67.39999771118164
1762231548322,116.60000610351562,67.39999771118164
1762231548436,116.60000610351562,66.39999771118164
1762231548477,116.60000610351562,58.39999771118164
1762231548496,116.60000610351562,54.39999771118164
1762231548514,116.60000610351562,50.39999771118164
1762231548532,116.60000610351562,47.39999771118164
1762231548549,116.60000610351562,45.39999771118164
1762231548566,117.60000610351562,43.39999771118164
1762231548583,117.60000610351562,42.39999771118164
1762231548636,117.60000610351562,42.39999771118164
1762231548653,117.60000610351562,41.39999771118164
1762231548670,117.60000610351562,41.39999771118164
1762231548737,118.60000610351562,40.39999771118164
1762231548774,119.60000610351562,40.39999771118164
1762231548808,119.60000610351562,40.39999771118164
1762231548825,120.60000610351562,40.39999771118164
1762231548843,121.60000610351562,40.39999771118164
1762231548860,122.60000610351562,40.39999771118164
1762231548878,124.60000610351562,38.39999771118164
1762231548904,125.60000610351562,37.39999771118164
1762231548920,125.60000610351562,36.39999771118164
1762231549042,126.60000610351562,35.39999771118164
1762231549121,126.60000610351562,35.39999771118164
1762231549160,127.60000610351562,35.39999771118164
1762231549314,128.60000610351562,36.39999771118164
1762231549369,126.60000610351562,38.39999771118164
1762231549417,125.60000610351562,38.39999771118164
1762231549452,123.60000610351562,37.39999771118164
1762231549485,123.60000610351562,36.39999771118164
1762231549518,123.60000610351562,35.39999771118164
1762231549552,125.60000610351562,35.39999771118164
1762231549585,128.60000610351562,35.39999771118164
1762231549618,130.60000610351562,36.39999771118164
1762231549652,131.60000610351562,36.39999771118164
1762231549669,133.60000610351562,38.39999771118164
1762231549686,134.60000610351562,38.39999771118164
1762231549704,135.60000610351562,40.39999771118164
1762231549778,136.60000610351562,41.39999771118164
1762231549832,136.60000610351562,41.39999771118164
1762231549851,138.60000610351562,43.39999771118164
1762231550066,138.60000610351562,43.39999771118164
1762231550107,138.60000610351562,46.39999771118164
1762231550126,138.60000610351562,48.39999771118164
1762231550144,138.60000610351562,50.39999771118164
1762231550162,138.60000610351562,51.39999771118164
1762231550330,138.60000610351562,50.39999771118164
1762231550384,138.60000610351562,42.39999771118164
1762231550403,138.60000610351562,40.39999771118164
1762231550421,138.60000610351562,37.39999771118164
1762231550438,138.60000610351562,36.39999771118164
1762231550456,138.60000610351562,33.39999771118164
1762231550474,137.60000610351562,32.39999771118164
1762231550534,136.60000610351562,32.39999771118164
1762231550568,135.60000610351562,31.39999771118164
1762231550634,135.60000610351562,29.39999771118164
1762231550672,134.60000610351562,28.39999771118164
1762231550690,133.60000610351562,27.39999771118164
1762231550708,133.60000610351562,26.39999771118164
1762231550809,133.60000610351562,26.39999771118164
1762231550848,132.60000610351562,26.39999771118164
1762231550867,132.60000610351562,26.39999771118164
1762231550901,130.60000610351562,26.39999771118164
1762231550920,129.60000610351562,25.39999771118164
1762231550938,129.60000610351562,24.39999771118164
1762231550967,129.60000610351562,22.39999771118164
1762231550984,129.60000610351562,22.39999771118164
1762231551002,129.60000610351562,20.39999771118164
1762231551019,128.60000610351562,19.39999771118164
1762231551114,127.60000610351562,20.39999771118164
1762231551154,127.60000610351562,24.39999771118164
1762231551181,126.60000610351562,25.39999771118164
1762231551216,126.60000610351562,25.39999771118164
1762231551284,124.60000610351562,25.39999771118164
1762231551324,122.60000610351562,24.39999771118164
1762231551360,121.60000610351562,24.39999771118164
1762231551417,119.60000610351562,23.39999771118164
1762231551450,118.60000610351562,23.39999771118164
1762231551470,117.60000610351562,23.39999771118164
1762231551488,115.60000610351562,23.39999771118164
1762231551506,114.60000610351562,22.39999771118164
1762231551524,113.60000610351562,21.39999771118164
1762231551542,112.60000610351562,21.39999771118164
1762231551567,110.60000610351562,21.39999771118164
1762231551583,110.60000610351562,20.39999771118164
1762231551601,109.60000610351562,19.39999771118164
1762231551667,108.60000610351562,19.39999771118164
1762231551733,108.60000610351562,19.39999771118164
1762231551773,104.60000610351562,19.39999771118164
1762231551792,102.60000610351562,20.39999771118164
1762231551810,102.60000610351562,20.39999771118164
1762231551828,100.60000610351562,21.39999771118164
1762231551845,99.60000610351562,22.39999771118164
1762231551862,97.60000610351562,24.39999771118164
1762231551880,96.60000610351562,25.39999771118164
1762231551897,95.60000610351562,26.39999771118164
1762231551915,95.60000610351562,27.39999771118164
1762231551932,93.60000610351562,29.39999771118164
1762231551950,91.60000610351562,29.39999771118164
1762231551968,91.60000610351562,30.39999771118164
1762231551985,90.60000610351562,31.39999771118164
1762231552003,89.60000610351562,32.39999771118164
1762231552033,87.60000610351562,32.39999771118164
1762231552051,86.60000610351562,33.39999771118164
1762231552088,86.60000610351562,35.39999771118164
1762231552116,86.60000610351562,36.39999771118164
1762231552234,86.60000610351562,36.39999771118164
1762231552276,88.60000610351562,37.39999771118164
1762231552304,88.60000610351562,38.39999771118164
1762231552344,89.60000610351562,39.39999771118164
1762231552364,89.60000610351562,39.39999771118164
1762231552399,89.60000610351562,42.39999771118164
1762231552418,89.60000610351562,43.39999771118164
1762231552602,90.60000610351562,42.39999771118164
1762231552643,94.60000610351562,35.39999771118164
1762231552663,96.60000610351562,33.39999771118164
1762231552681,98.60000610351562,30.39999771118164
1762231552701,100.60000610351562,28.39999771118164
1762231552719,101.60000610351562,26.39999771118164
1762231552738,102.60000610351562,24.39999771118164
1762231552757,102.60000610351562,23.39999771118164
1762231552775,102.60000610351562,21.39999771118164
1762231552794,102.60000610351562,19.39999771118164
1762231552811,103.60000610351562,17.39999771118164
1762231552829,105.60000610351562,16.39999771118164
1762231552847,105.60000610351562,16.39999771118164
1762231552866,105.60000610351562,14.39999771118164
1762231552883,107.60000610351562,12.39999771118164
1762231552916,109.60000610351562,12.39999771118164
1762231552935,109.60000610351562,12.39999771118164
1762231552953,113.60000610351562,12.39999771118164
1762231552972,114.60000610351562,12.39999771118164
1762231552990,116.60000610351562,12.39999771118164
1762231553015,116.60000610351562,12.39999771118164
1762231553033,118.60000610351562,12.39999771118164
1762231553051,119.60000610351562,13.39999771118164
1762231553082,121.60000610351562,14.39999771118164
1762231553128,122.60000610351562,15.39999771118164
1762231553147,123.60000610351562,15.39999771118164
1762231553192,123.60000610351562,15.39999771118164
1762231553212,124.60000610351562,17.39999771118164
1762231553232,125.60000610351562,18.39999771118164
1762231553251,125.60000610351562,19.39999771118164
1762231553282,127.60000610351562,19.39999771118164
1762231553349,128.60000610351562,19.39999771118164
1762231553398,126.60000610351562,20.39999771118164
1762231553417,122.60000610351562,20.39999771118164
1762231553437,119.60000610351562,20.39999771118164
1762231553456,116.60000610351562,20.39999771118164
1762231553475,114.60000610351562,20.39999771118164
1762231553494,114.60000610351562,20.39999771118164
1762231553513,111.60000610351562,20.39999771118164
1762231553531,110.60000610351562,22.39999771118164
1762231553550,109.60000610351562,23.39999771118164
1762231553568,107.60000610351562,25.39999771118164
1762231553587,106.60000610351562,27.39999771118164
1762231553606,104.60000610351562,29.39999771118164
1762231553625,103.60000610351562,31.39999771118164
1762231553644,103.60000610351562,33.39999771118164
1762231553662,102.60000610351562,35.39999771118164
1762231553681,102.60000610351562,35.39999771118164
1762231553700,102.60000610351562,39.39999771118164
1762231553718,101.60000610351562,39.39999771118164
1762231553737,101.60000610351562,40.39999771118164
1762231553841,101.60000610351562,41.39999771118164
1762231553883,104.60000610351562,39.39999771118164
1762231553903,107.60000610351562,36.39999771118164
1762231553923,110.60000610351562,33.39999771118164
1762231553943,113.60000610351562,33.39999771118164
1762231553963,114.60000610351562,33.39999771118164
1762231553982,115.60000610351562,33.39999771118164
1762231554001,117.60000610351562,33.39999771118164
1762231554065,117.60000610351562,33.39999771118164
1762231554097,118.60000610351562,34.39999771118164
1762231554131,118.60000610351562,35.39999771118164
1762231554152,116.60000610351562,37.39999771118164
1762231554172,113.60000610351562,38.39999771118164
1762231554194,113.60000610351562,38.39999771118164
1762231554214,111.60000610351562,38.39999771118164
1762231554233,109.60000610351562,39.39999771118164
1762231554252,108.60000610351562,39.39999771118164
1762231554281,106.60000610351562,39.39999771118164
1762231554314,106.60000610351562,39.39999771118164
1762231554333,104.60000610351562,40.39999771118164
1762231554353,103.60000610351562,40.39999771118164
1762231554381,103.60000610351562,41.39999771118164
1762231554414,101.60000610351562,42.39999771118164
1762231554433,101.60000610351562,44.39999771118164
1762231554465,100.60000610351562,46.39999771118164
1762231554494,99.60000610351562,47.39999771118164
1762231554514,98.60000610351562,48.39999771118164
1762231554533,98.60000610351562,49.39999771118164
1762231554617,98.60000610351562,49.39999771118164
1762231554659,96.60000610351562,45.39999771118164
1762231554679,96.60000610351562,43.39999771118164
1762231554700,95.60000610351562,40.39999771118164
1762231554720,95.60000610351562,38.39999771118164
1762231554740,95.60000610351562,37.39999771118164
1762231554809,95.60000610351562,37.39999771118164
1762231554851,101.60000610351562,35.39999771118164
1762231554872,102.60000610351562,35.39999771118164
1762231554891,104.60000610351562,35.39999771118164
1762231554910,106.60000610351562,35.39999771118164
1762231554930,106.60000610351562,35.39999771118164
1762231554949,108.60000610351562,35.39999771118164
1762231554980,109.60000610351562,35.39999771118164
1762231554999,111.60000610351562,36.39999771118164
1762231555019,113.60000610351562,36.39999771118164
1762231555038,115.60000610351562,36.39999771118164
1762231555058,118.60000610351562,36.39999771118164
1762231555077,120.60000610351562,36.39999771118164
1762231555096,123.60000610351562,36.39999771118164
1762231555115,125.60000610351562,36.39999771118164
1762231555135,127.60000610351562,36.39999771118164
1762231555167,128.60000610351562,36.39999771118164
1762231555197,128.60000610351562,36.39999771118164
1762231555215,129.60000610351562,37.39999771118164
1762231555235,130.60000610351562,38.39999771118164
1762231555263,131.60000610351562,40.39999771118164
1762231555282,131.60000610351562,40.39999771118164
1762231555301,132.60000610351562,40.39999771118164
1762231555335,133.60000610351562,40.39999771118164
1762231555355,134.60000610351562,41.39999771118164
1762231555374,134.60000610351562,42.39999771118164
1762231555394,135.60000610351562,43.39999771118164
1762231555447,136.60000610351562,44.39999771118164
1762231555569,136.60000610351562,45.39999771118164
1762231555614,133.60000610351562,46.39999771118164
1762231555635,132.60000610351562,46.39999771118164
1762231555655,130.60000610351562,46.39999771118164
1762231555675,129.60000610351562,46.39999771118164
1762231555695,128.60000610351562,46.39999771118164
1762231555730,126.60000610351562,45.39999771118164
1762231555749,125.60000610351562,43.39999771118164
1762231555769,125.60000610351562,41.39999771118164
1762231555790,125.60000610351562,37.39999771118164
1762231555809,125.60000610351562,37.39999771118164
1762231555829,125.60000610351562,35.39999771118164
1762231555848,125.60000610351562,34.39999771118164
1762231555879,124.60000610351562,34.39999771118164
1762231555899,123.60000610351562,32.39999771118164
1762231555936,122.60000610351562,32.39999771118164
1762231555955,121.60000610351562,32.39999771118164
1762231555975,119.60000610351562,31.39999771118164
1762231555995,117.60000610351562,31.39999771118164
1762231556015,116.60000610351562,31.39999771118164
1762231556035,113.60000610351562,31.39999771118164
1762231556055,111.60000610351562,31.39999771118164
1762231556079,109.60000610351562,31.39999771118164
1762231556099,107.60000610351562,31.39999771118164
1762231556119,106.60000610351562,31.39999771118164
1762231556139,102.60000610351562,31.39999771118164
1762231556158,101.60000610351562,32.39999771118164
1762231556313,99.60000610351562,32.39999771118164
1762231556355,96.60000610351562,34.39999771118164
1762231556376,96.60000610351562,34.39999771118164
1762231556398,95.60000610351562,34.39999771118164
1762231556546,95.60000610351562,34.39999771118164
1762231556587,95.60000610351562,30.39999771118164
1762231556608,95.60000610351562,28.39999771118164
1762231556629,95.60000610351562,25.39999771118164
1762231556650,96.60000610351562,24.39999771118164
1762231556670,97.60000610351562,23.39999771118164
1762231556689,98.60000610351562,22.39999771118164
1762231556712,98.60000610351562,21.39999771118164
1762231556745,99.60000610351562,21.39999771118164
1762231556833,100.60000610351562,20.39999771118164
1762231556875,107.60000610351562,17.39999771118164
1762231556897,108.60000610351562,15.39999771118164
1762231556917,108.60000610351562,15.39999771118164
1762231556938,109.60000610351562,15.39999771118164
1762231556995,110.60000610351562,14.39999771118164
1762231557015,113.60000610351562,14.39999771118164
1762231557035,114.60000610351562,14.39999771118164
1762231557055,115.60000610351562,14.39999771118164
1762231557074,116.60000610351562,14.39999771118164
1762231557095,117.60000610351562,14.39999771118164
1762231557114,118.60000610351562,14.39999771118164
1762231557134,120.60000610351562,15.39999771118164
1762231557153,121.60000610351562,16.39999771118164
1762231557173,122.60000610351562,17.39999771118164
1762231557192,124.60000610351562,18.39999771118164
1762231557212,124.60000610351562,19.39999771118164
1762231557231,125.60000610351562,20.39999771118164
1762231557262,126.60000610351562,20.39999771118164
1762231557281,127.60000610351562,20.39999771118164
1762231557312,129.60000610351562,21.39999771118164
1762231557330,130.60000610351562,21.39999771118164
1762231557350,131.60000610351562,22.39999771118164
1762231557378,133.60000610351562,24.39999771118164
1762231557397,134.60000610351562,24.39999771118164
1762231557418,135.60000610351562,24.39999771118164
1762231557445,138.60000610351562,26.39999771118164
1762231557464,138.60000610351562,27.39999771118164
1762231557485,139.60000610351562,28.39999771118164
1762231557505,140.60000610351562,28.39999771118164
1762231557524,140.60000610351562,30.39999771118164
1762231557545,140.60000610351562,31.39999771118164
1762231557564,140.60000610351562,33.39999771118164
1762231557583,140.60000610351562,35.39999771118164
1762231557604,140.60000610351562,37.39999771118164
1762231557623,140.60000610351562,38.39999771118164
1762231557647,140.60000610351562,39.39999771118164
1762231557667,140.60000610351562,40.39999771118164
1762231557687,140.60000610351562,42.39999771118164
1762231557707,140.60000610351562,42.39999771118164
1762231557913,140.60000610351562,42.39999771118164
1762231557955,140.60000610351562,36.39999771118164
1762231557976,140.60000610351562,36.39999771118164
1762231557995,140.60000610351562,33.39999771118164
1762231558015,140.60000610351562,32.39999771118164
1762231558035,140.60000610351562,29.39999771118164
1762231558055,140.60000610351562,28.39999771118164
1762231558074,139.60000610351562,26.39999771118164
1762231558094,138.60000610351562,25.39999771118164
1762231558128,138.60000610351562,25.39999771118164
1762231558147,138.60000610351562,24.39999771118164
1762231558169,137.60000610351562,24.39999771118164
1762231558190,135.60000610351562,23.39999771118164
1762231558223,134.60000610351562,22.39999771118164
1762231558277,133.60000610351562,22.39999771118164
1762231558303,133.60000610351562,22.39999771118164
1762231558323,131.60000610351562,19.39999771118164
1762231558344,130.60000610351562,18.39999771118164
1762231558364,127.60000610351562,18.39999771118164
1762231558384,126.60000610351562,16.39999771118164
1762231558415,124.60000610351562,14.39999771118164
1762231558477,123.60000610351562,14.39999771118164
1762231558577,123.60000610351562,14.39999771118164
1762231558620,117.60000610351562,14.39999771118164
1762231558641,115.60000610351562,14.39999771118164
1762231558662,113.60000610351562,14.39999771118164
1762231558684,110.60000610351562,14.39999771118164
1762231558704,108.60000610351562,14.39999771118164
1762231558724,108.60000610351562,14.39999771118164
1762231558760,106.60000610351562,14.39999771118164
1762231558873,106.60000610351562,14.39999771118164
1762231558927,105.60000610351562,15.39999771118164
1762231558949,104.60000610351562,16.39999771118164
1762231558970,101.60000610351562,16.39999771118164
1762231558990,100.60000610351562,17.39999771118164
1762231559010,98.60000610351562,19.39999771118164
1762231559043,97.60000610351562,20.39999771118164
1762231559064,96.60000610351562,21.39999771118164
1762231559093,95.60000610351562,22.39999771118164
1762231559160,94.60000610351562,23.39999771118164
1762231559182,92.60000610351562,24.39999771118164
1762231559206,91.60000610351562,25.39999771118164
1762231559226,91.60000610351562,26.39999771118164
1762231559246,90.60000610351562,26.39999771118164
1762231559266,89.60000610351562,27.39999771118164
1762231559286,88.60000610351562,29.39999771118164
1762231559311,87.60000610351562,29.39999771118164
1762231559331,87.60000610351562,30.39999771118164
1762231559351,87.60000610351562,31.39999771118164
1762231559391,87.60000610351562,32.39999771118164
1762231559426,87.60000610351562,32.39999771118164
1762231559446,87.60000610351562,33.39999771118164
1762231559466,87.60000610351562,34.39999771118164
1762231559495,87.60000610351562,35.39999771118164
1762231559526,87.60000610351562,38.39999771118164
1762231559546,87.60000610351562,41.39999771118164
1762231559566,87.60000610351562,41.39999771118164
1762231559586,87.60000610351562,43.39999771118164
1762231559605,87.60000610351562,44.39999771118164
1762231559660,87.60000610351562,45.39999771118164
1762231559695,87.60000610351562,45.39999771118164
1762231559881,87.60000610351562,46.39999771118164
1762231559918,89.60000610351562,45.39999771118164
1762231559940,90.60000610351562,45.39999771118164
1762231559961,91.60000610351562,45.39999771118164
1762231559982,93.60000610351562,45.39999771118164
1762231560003,93.60000610351562,45.39999771118164
1762231560024,96.60000610351562,45.39999771118164
1762231560045,98.60000610351562,45.39999771118164
1762231560066,100.60000610351562,45.39999771118164
1762231560087,101.60000610351562,45.39999771118164
1762231560126,102.60000610351562,45.39999771118164
1762231560145,103.60000610351562,45.39999771118164
1762231560176,104.60000610351562,45.39999771118164
1762231560195,104.60000610351562,45.39999771118164
1762231560215,106.60000610351562,45.39999771118164
1762231560235,107.60000610351562,45.39999771118164
1762231560255,109.60000610351562,44.39999771118164
1762231560328,111.60000610351562,44.39999771118164
1762231560368,111.60000610351562,44.39999771118164
1762231560389,112.60000610351562,44.39999771118164
1762231560411,115.60000610351562,45.39999771118164
1762231560529,116.60000610351562,45.39999771118164
1762231560580,118.60000610351562,45.39999771118164
1762231560601,119.60000610351562,45.39999771118164
1762231560622,121.60000610351562,45.39999771118164
1762231560643,121.60000610351562,45.39999771118164
1762231560664,123.60000610351562,45.39999771118164
1762231560684,125.60000610351562,45.39999771118164
1762231560704,126.60000610351562,45.39999771118164
1762231560724,128.60000610351562,45.39999771118164
1762231560744,129.60000610351562,45.39999771118164
1762231560765,129.60000610351562,46.39999771118164
1762231560785,130.60000610351562,47.39999771118164
1762231560842,131.60000610351562,48.39999771118164
1762231560872,131.60000610351562,49.39999771118164
1762231560893,131.60000610351562,51.39999771118164
1762231560914,128.60000610351562,53.39999771118164
1762231560935,126.60000610351562,56.39999771118164
1762231560955,125.60000610351562,58.39999771118164
1762231560975,124.60000610351562,58.39999771118164
1762231561008,124.60000610351562,58.39999771118164
1762231561055,123.60000610351562,58.39999771118164
1762231561075,122.60000610351562,58.39999771118164
1762231561097,120.60000610351562,58.39999771118164
1762231561118,120.60000610351562,58.39999771118164
1762231561138,120.60000610351562,59.39999771118164
1762231561159,120.60000610351562,61.39999771118164
1762231561181,120.60000610351562,63.39999771118164
1762231561202,120.60000610351562,64.39999771118164
1762231561305,119.60000610351562,64.39999771118164
1762231561344,119.60000610351562,64.39999771118164
1762231561365,116.60000610351562,64.39999771118164
1762231561386,115.60000610351562,63.39999771118164
1762231561407,113.60000610351562,59.39999771118164
1762231561428,112.60000610351562,56.39999771118164
1762231561449,112.60000610351562,55.39999771118164
1762231561471,111.60000610351562,52.39999771118164
1762231561492,111.60000610351562,52.39999771118164
1762231561513,111.60000610351562,50.39999771118164
1762231561551,111.60000610351562,49.39999771118164
1762231561729,110.60000610351562,50.39999771118164
1762231561791,109.60000610351562,53.39999771118164
1762231561897,110.60000610351562,53.39999771118164
1762231561941,114.60000610351562,52.39999771118164
1762231561963,115.60000610351562,51.39999771118164
1762231561984,116.60000610351562,51.39999771118164
1762231562005,117.60000610351562,51.39999771118164
1762231562041,118.60000610351562,51.39999771118164
1762231562061,119.60000610351562,51.39999771118164
1762231562091,120.60000610351562,51.39999771118164
1762231562111,121.60000610351562,51.39999771118164
1762231562193,122.60000610351562,51.39999771118164
1762231562236,125.60000610351562,49.39999771118164
1762231562308,125.60000610351562,47.39999771118164
1762231562352,129.60000610351562,43.39999771118164
1762231563826,98.60000610351562,47.39999771118164
1762231563863,99.60000610351562,47.39999771118164
1762231563889,100.60000610351562,47.39999771118164
1762231563909,101.60000610351562,47.39999771118164
1762231563930,102.60000610351562,48.39999771118164
1762231563951,105.60000610351562,50.39999771118164
1762231563982,108.60000610351562,52.39999771118164
1762231564002,110.60000610351562,52.39999771118164
1762231564033,111.60000610351562,54.39999771118164
1762231564065,113.60000610351562,56.39999771118164
1762231564086,113.60000610351562,56.39999771118164
1762231564108,113.60000610351562,57.39999771118164
1762231564129,113.60000610351562,59.39999771118164
1762231565557,125.60000610351562,306.39999771118164
1762231565753,125.60000610351562,306.39999771118164
1762231565796,124.60000610351562,307.39999771118164
1762231565818,124.60000610351562,307.39999771118164
1762231565968,123.60000610351562,306.39999771118164
1762231566030,123.60000610351562,304.39999771118164
1762231566096,123.60000610351562,303.39999771118164
1762231566130,123.60000610351562,302.39999771118164
1762231566248,122.60000610351562,302.39999771118164
1762231566335,122.60000610351562,303.39999771118164
1762231566372,122.60000610351562,304.39999771118164
1762231566394,122.60000610351562,306.39999771118164
1762231566416,123.60000610351562,307.39999771118164
1762231566440,123.60000610351562,309.39999771118164
1762231566462,124.60000610351562,311.39999771118164
1762231566529,124.60000610351562,311.39999771118164
1762231566576,125.60000610351562,311.39999771118164
1762231566611,125.60000610351562,311.39999771118164
1762231566634,127.60000610351562,310.39999771118164
1762231566655,127.60000610351562,307.39999771118164
1762231566677,127.60000610351562,307.39999771118164
1762231566699,129.60000610351562,305.39999771118164
1762231566784,129.60000610351562,304.39999771118164
1762231566830,130.60000610351562,304.39999771118164
1762231566853,130.60000610351562,304.39999771118164
1762231566874,132.60000610351562,304.39999771118164
1762231566897,133.60000610351562,304.39999771118164
1762231566918,134.60000610351562,304.39999771118164
1762231566940,135.60000610351562,304.39999771118164
1762231566962,135.60000610351562,305.39999771118164
1762231566996,136.60000610351562,305.39999771118164
1762231567031,137.60000610351562,306.39999771118164
1762231567144,138.60000610351562,306.39999771118164
1762231567190,138.60000610351562,306.39999771118164
1762231567212,140.60000610351562,306.39999771118164
1762231567234,140.60000610351562,307.39999771118164
1762231567263,142.60000610351562,307.39999771118164
1762231567295,143.60000610351562,308.39999771118164
1762231567329,144.60000610351562,309.39999771118164
1762231567351,145.60000610351562,309.39999771118164
1762231567373,146.60000610351562,309.39999771118164
1762231567429,147.60000610351562,309.39999771118164
1762231567450,148.60000610351562,309.39999771118164
1762231567471,149.60000610351562,309.39999771118164
1762231567552,150.60000610351562,309.39999771118164
1762231567612,150.60000610351562,309.39999771118164
1762231567645,152.60000610351562,309.39999771118164
1762231567728,152.60000610351562,309.39999771118164
1762231567778,153.60000610351562,309.39999771118164
1762231567800,154.60000610351562,309.39999771118164
1762231567839,154.60000610351562,310.39999771118164
1762231567895,156.60000610351562,311.39999771118164
1762231568032,156.60000610351562,312.39999771118164
1762231568083,156.60000610351562,312.39999771118164
1762231568151,156.60000610351562,314.39999771118164
1762231568185,156.60000610351562,316.39999771118164
1762231568296,156.60000610351562,317.39999771118164
1762231568341,156.60000610351562,318.39999771118164
1762231568364,156.60000610351562,318.39999771118164
1762231568386,156.60000610351562,320.39999771118164
1762231568409,156.60000610351562,321.39999771118164
1762231568431,156.60000610351562,322.39999771118164
1762231568453,156.60000610351562,323.39999771118164
1762231568511,156.60000610351562,324.39999771118164
1762231568535,157.60000610351562,325.39999771118164
1762231568561,158.60000610351562,326.39999771118164
1762231568594,158.60000610351562,326.39999771118164
1762231568631,158.60000610351562,327.39999771118164
1762231568661,158.60000610351562,328.39999771118164
1762231568682,158.60000610351562,329.39999771118164
1762231568704,158.60000610351562,330.39999771118164
1762231568734,158.60000610351562,331.39999771118164
1762231568794,158.60000610351562,332.39999771118164
1762231568825,158.60000610351562,332.39999771118164
1762231568848,158.60000610351562,334.39999771118164
1762231568870,158.60000610351562,335.39999771118164
1762231568892,158.60000610351562,336.39999771118164
1762231568914,158.60000610351562,337.39999771118164
1762231568937,158.60000610351562,338.39999771118164
1762231568966,157.60000610351562,339.39999771118164
1762231569031,157.60000610351562,340.39999771118164
1762231569077,157.60000610351562,340.39999771118164
1762231569110,156.60000610351562,341.39999771118164
1762231569144,156.60000610351562,341.39999771118164
1762231569166,156.60000610351562,342.39999771118164
1762231569191,156.60000610351562,344.39999771118164
1762231569217,155.60000610351562,345.39999771118164
1762231569239,155.60000610351562,346.39999771118164
1762231569310,155.60000610351562,347.39999771118164
1762231569347,155.60000610351562,348.39999771118164
1762231569370,155.60000610351562,348.39999771118164
1762231569396,154.60000610351562,350.39999771118164
1762231569419,154.60000610351562,350.39999771118164
1762231569441,153.60000610351562,353.39999771118164
1762231569477,153.60000610351562,354.39999771118164
1762231569499,153.60000610351562,355.39999771118164
1762231569521,152.60000610351562,356.39999771118164
1762231569543,151.60000610351562,356.39999771118164
1762231569577,151.60000610351562,357.39999771118164
1762231569599,151.60000610351562,358.39999771118164
1762231569630,150.60000610351562,359.39999771118164
1762231569652,149.60000610351562,360.39999771118164
1762231569710,149.60000610351562,361.39999771118164
1762231569737,149.60000610351562,361.39999771118164
1762231569761,149.60000610351562,364.39999771118164
1762231569783,149.60000610351562,365.39999771118164
1762231569814,149.60000610351562,366.39999771118164
1762231569846,149.60000610351562,367.39999771118164
1762231569886,149.60000610351562,368.39999771118164
1762231569908,149.60000610351562,369.39999771118164
1762231569930,149.60000610351562,370.39999771118164
1762231569953,149.60000610351562,372.39999771118164
1762231569975,149.60000610351562,374.39999771118164
1762231570010,149.60000610351562,375.39999771118164
1762231570032,149.60000610351562,376.39999771118164
1762231570054,149.60000610351562,377.39999771118164
1762231570135,149.60000610351562,378.39999771118164
1762231570174,149.60000610351562,378.39999771118164
1762231570243,149.60000610351562,379.39999771118164
1762231570284,149.60000610351562,381.39999771118164
1762231570308,149.60000610351562,381.39999771118164
1762231570358,149.60000610351562,382.39999771118164
1762231570382,149.60000610351562,383.39999771118164
1762231570406,149.60000610351562,384.39999771118164
1762231570428,149.60000610351562,386.39999771118164
1762231570451,149.60000610351562,386.39999771118164
1762231570474,149.60000610351562,388.39999771118164
1762231570497,150.60000610351562,389.39999771118164
1762231570520,150.60000610351562,390.39999771118164
1762231570543,150.60000610351562,391.39999771118164
1762231570576,150.60000610351562,392.39999771118164
1762231570609,150.60000610351562,393.39999771118164
1762231570631,150.60000610351562,394.39999771118164
1762231570654,150.60000610351562,395.39999771118164
1762231570692,150.60000610351562,397.39999771118164
1762231570726,150.60000610351562,398.39999771118164
1762231570747,150.60000610351562,399.39999771118164
1762231570770,150.60000610351562,401.39999771118164
1762231570794,150.60000610351562,403.39999771118164
1762231570819,150.60000610351562,404.39999771118164
1762231570843,150.60000610351562,406.39999771118164
1762231570868,150.60000610351562,408.39999771118164
1762231570893,150.60000610351562,408.39999771118164
1762231570919,150.60000610351562,410.39999771118164
1762231570945,149.60000610351562,413.39999771118164
1762231570975,149.60000610351562,415.39999771118164
1762231570998,149.60000610351562,415.39999771118164
1762231571025,149.60000610351562,417.39999771118164
1762231571048,149.60000610351562,418.39999771118164
1762231571071,149.60000610351562,419.39999771118164
1762231571094,147.60000610351562,421.39999771118164
1762231571118,147.60000610351562,421.39999771118164
1762231571141,147.60000610351562,422.39999771118164
1762231571175,147.60000610351562,424.39999771118164
1762231571209,147.60000610351562,426.39999771118164
1762231571242,147.60000610351562,426.39999771118164
1762231571263,147.60000610351562,428.39999771118164
1762231571294,147.60000610351562,428.39999771118164
1762231571326,147.60000610351562,430.39999771118164
1762231571358,147.60000610351562,430.39999771118164
1762231571431,147.60000610351562,431.39999771118164
1762231571477,146.60000610351562,432.39999771118164
1762231571500,146.60000610351562,433.39999771118164
1762231571527,146.60000610351562,434.39999771118164
1762231571558,146.60000610351562,435.39999771118164
1762231571592,146.60000610351562,436.39999771118164
1762231571615,145.60000610351562,436.39999771118164
1762231571637,145.60000610351562,437.39999771118164
1762231571675,144.60000610351562,438.39999771118164
1762231571697,144.60000610351562,439.39999771118164
1762231571720,144.60000610351562,440.39999771118164
1762231571742,143.60000610351562,441.39999771118164
1762231571765,141.60000610351562,441.39999771118164
1762231571789,140.60000610351562,441.39999771118164
1762231571813,140.60000610351562,442.39999771118164
1762231571854,140.60000610351562,443.39999771118164
1762231571877,140.60000610351562,444.39999771118164
1762231571900,140.60000610351562,444.39999771118164
1762231571923,140.60000610351562,446.39999771118164
1762231571958,140.60000610351562,446.39999771118164
1762231572032,140.60000610351562,447.39999771118164
1762231572091,140.60000610351562,448.39999771118164
1762231572124,140.60000610351562,449.39999771118164
1762231572158,140.60000610351562,449.39999771118164
1762231572264,140.60000610351562,450.39999771118164
1762231572358,141.60000610351562,449.39999771118164
1762231572402,142.60000610351562,446.39999771118164
1762231572427,142.60000610351562,446.39999771118164
1762231572451,142.60000610351562,445.39999771118164
1762231572476,143.60000610351562,444.39999771118164
1762231572499,144.60000610351562,443.39999771118164
1762231572523,145.60000610351562,442.39999771118164
1762231572768,145.60000610351562,443.39999771118164
1762231572816,145.60000610351562,444.39999771118164
1762231572841,143.60000610351562,446.39999771118164
1762231572865,143.60000610351562,447.39999771118164
1762231572889,143.60000610351562,448.39999771118164
1762231572913,143.60000610351562,451.39999771118164
1762231572937,143.60000610351562,451.39999771118164
1762231572962,143.60000610351562,454.39999771118164
1762231573024,143.60000610351562,455.39999771118164
1762231573066,143.60000610351562,456.39999771118164
1762231573091,143.60000610351562,458.39999771118164
1762231573124,143.60000610351562,460.39999771118164
1762231573146,143.60000610351562,460.39999771118164
1762231573207,143.60000610351562,461.39999771118164
1762231573240,143.60000610351562,462.39999771118164
1762231573262,143.60000610351562,463.39999771118164
1762231573294,143.60000610351562,464.39999771118164
1762231573318,142.60000610351562,464.39999771118164
1762231573357,141.60000610351562,465.39999771118164
1762231573390,141.60000610351562,466.39999771118164
1762231573423,140.60000610351562,468.39999771118164
1762231573447,140.60000610351562,468.39999771118164
1762231573470,139.60000610351562,468.39999771118164
1762231573540,138.60000610351562,469.39999771118164
1762231573579,138.60000610351562,469.39999771118164
1762231573606,138.60000610351562,470.39999771118164
1762231573631,138.60000610351562,471.39999771118164
1762231573671,138.60000610351562,471.39999771118164
1762231573706,138.60000610351562,472.39999771118164
1762231573729,138.60000610351562,473.39999771118164
1762231573753,138.60000610351562,475.39999771118164
1762231573776,138.60000610351562,476.39999771118164
1762231573800,138.60000610351562,477.39999771118164
1762231573824,138.60000610351562,480.39999771118164
1762231573848,138.60000610351562,480.39999771118164
1762231573886,138.60000610351562,481.39999771118164
1762231573923,138.60000610351562,482.39999771118164
1762231573947,139.60000610351562,484.39999771118164
1762231574006,139.60000610351562,486.39999771118164
1762231574032,139.60000610351562,486.39999771118164
1762231574056,139.60000610351562,488.39999771118164
1762231574080,139.60000610351562,489.39999771118164
1762231574104,139.60000610351562,490.39999771118164
1762231574128,139.60000610351562,491.39999771118164
1762231574153,140.60000610351562,492.39999771118164
1762231574189,140.60000610351562,493.39999771118164
1762231574256,140.60000610351562,494.39999771118164
1762231574294,140.60000610351562,494.39999771118164
1762231574323,140.60000610351562,495.39999771118164
1762231574347,140.60000610351562,496.39999771118164
1762231574371,140.60000610351562,496.39999771118164
1762231574395,140.60000610351562,498.39999771118164
1762231574419,140.60000610351562,498.39999771118164
1762231574489,140.60000610351562,499.39999771118164
1762231574524,140.60000610351562,500.39999771118164
1762231574548,140.60000610351562,501.39999771118164
1762231574598,140.60000610351562,502.39999771118164
1762231574630,140.60000610351562,502.39999771118164
1762231574656,141.60000610351562,503.39999771118164
1762231574689,141.60000610351562,505.39999771118164
1762231574712,141.60000610351562,506.39999771118164
1762231574742,142.60000610351562,506.39999771118164
1762231574764,142.60000610351562,507.39999771118164
1762231574822,143.60000610351562,509.39999771118164
1762231574855,143.60000610351562,509.39999771118164
1762231574902,143.60000610351562,510.39999771118164
1762231574939,143.60000610351562,512.3999977111816
1762231575032,143.60000610351562,513.3999977111816
1762231575077,143.60000610351562,516.3999977111816
1762231575101,144.60000610351562,516.3999977111816
1762231575139,144.60000610351562,518.3999977111816
1762231575215,144.60000610351562,518.3999977111816
1762231575305,144.60000610351562,519.3999977111816
1762231575355,144.60000610351562,519.3999977111816
1762231575388,144.60000610351562,520.3999977111816
1762231575410,144.60000610351562,521.3999977111816
1762231575446,144.60000610351562,521.3999977111816
1762231575469,143.60000610351562,522.3999977111816
1762231575492,142.60000610351562,524.3999977111816
1762231575516,141.60000610351562,524.3999977111816
1762231575540,138.60000610351562,525.3999977111816
1762231575563,138.60000610351562,526.3999977111816
1762231575587,136.60000610351562,527.3999977111816
1762231575655,135.60000610351562,527.3999977111816
1762231575694,134.60000610351562,527.3999977111816
1762231575755,133.60000610351562,527.3999977111816
1762231575783,131.60000610351562,527.3999977111816
1762231575807,129.60000610351562,527.3999977111816
1762231575831,128.60000610351562,527.3999977111816
1762231575855,127.60000610351562,527.3999977111816
1762231575878,126.60000610351562,527.3999977111816
1762231575902,125.60000610351562,526.3999977111816
1762231575926,124.60000610351562,526.3999977111816
1762231576040,124.60000610351562,526.3999977111816
1762231576087,122.60000610351562,525.3999977111816
1762231576111,122.60000610351562,522.3999977111816
1762231576135,122.60000610351562,521.3999977111816
1762231576159,122.60000610351562,520.3999977111816
1762231576183,122.60000610351562,518.3999977111816
1762231576208,122.60000610351562,515.3999977111816
1762231576232,122.60000610351562,514.3999977111816
1762231576257,122.60000610351562,513.3999977111816
1762231576281,122.60000610351562,512.3999977111816
1762231576305,122.60000610351562,510.39999771118164
1762231576342,122.60000610351562,510.39999771118164
1762231576471,122.60000610351562,509.39999771118164
1762231576517,123.60000610351562,509.39999771118164
1762231576542,123.60000610351562,509.39999771118164
1762231576567,125.60000610351562,509.39999771118164
1762231576591,126.60000610351562,509.39999771118164
1762231576615,128.60000610351562,509.39999771118164
1762231576639,129.60000610351562,510.39999771118164
1762231576663,130.60000610351562,510.39999771118164
1762231576687,132.60000610351562,511.39999771118164
1762231576712,133.60000610351562,513.3999977111816
1762231576770,135.60000610351562,513.3999977111816
1762231576837,136.60000610351562,514.3999977111816
1762231576882,137.60000610351562,516.3999977111816
1762231576920,137.60000610351562,518.3999977111816
1762231576987,137.60000610351562,519.3999977111816
1762231577030,136.60000610351562,521.3999977111816
1762231577070,135.60000610351562,521.3999977111816
1762231577094,133.60000610351562,521.3999977111816
1762231577117,133.60000610351562,521.3999977111816
1762231577142,131.60000610351562,519.3999977111816
1762231577166,130.60000610351562,518.3999977111816
1762231577191,130.60000610351562,517.3999977111816
1762231577216,130.60000610351562,517.3999977111816
1762231577240,130.60000610351562,515.3999977111816
1762231577270,130.60000610351562,514.3999977111816
1762231577376,130.60000610351562,514.3999977111816
1762231577436,130.60000610351562,513.3999977111816
1762231577503,130.60000610351562,513.3999977111816
1762231577536,130.60000610351562,512.3999977111816
1762231577561,130.60000610351562,510.39999771118164
1762231577586,130.60000610351562,508.39999771118164
1762231577610,130.60000610351562,507.39999771118164
1762231577646,128.60000610351562,507.39999771118164
1762231577670,127.60000610351562,506.39999771118164
1762231577710,127.60000610351562,506.39999771118164
1762231577770,127.60000610351562,505.39999771118164
1762231577799,127.60000610351562,504.39999771118164
1762231577823,127.60000610351562,503.39999771118164
1762231577848,127.60000610351562,502.39999771118164
1762231577874,127.60000610351562,501.39999771118164
1762231577899,127.60000610351562,500.39999771118164
1762231577924,127.60000610351562,499.39999771118164
1762231577949,127.60000610351562,498.39999771118164
1762231577975,125.60000610351562,496.39999771118164
1762231578014,124.60000610351562,495.39999771118164
1762231578176,124.60000610351562,496.39999771118164
1762231578223,124.60000610351562,500.39999771118164
1762231578376,124.60000610351562,501.39999771118164
1762231578536,124.60000610351562,500.39999771118164
1762231578583,123.60000610351562,499.39999771118164
1762231578608,123.60000610351562,498.39999771118164
1762231578633,123.60000610351562,497.39999771118164
1762231578669,123.60000610351562,495.39999771118164
1762231578693,123.60000610351562,495.39999771118164
1762231578717,123.60000610351562,493.39999771118164
1762231578752,123.60000610351562,493.39999771118164
1762231578775,123.60000610351562,492.39999771118164
1762231578846,125.60000610351562,492.39999771118164
1762231578885,126.60000610351562,493.39999771118164
1762231578913,126.60000610351562,494.39999771118164
1762231578938,128.60000610351562,496.39999771118164
1762231578963,129.60000610351562,497.39999771118164
1762231578988,129.60000610351562,499.39999771118164
1762231579014,129.60000610351562,500.39999771118164
1762231579040,130.60000610351562,501.39999771118164
1762231579066,131.60000610351562,503.39999771118164
1762231579091,132.60000610351562,503.39999771118164
1762231579134,132.60000610351562,503.39999771118164
1762231579159,134.60000610351562,503.39999771118164
1762231579239,134.60000610351562,502.39999771118164
1762231579270,134.60000610351562,500.39999771118164
1762231579296,134.60000610351562,500.39999771118164
1762231579321,134.60000610351562,497.39999771118164
1762231579351,134.60000610351562,496.39999771118164
1762231579376,133.60000610351562,495.39999771118164
1762231579400,132.60000610351562,494.39999771118164
1762231579435,131.60000610351562,492.39999771118164
1762231579468,131.60000610351562,491.39999771118164
1762231579567,131.60000610351562,492.39999771118164
1762231579614,130.60000610351562,499.39999771118164
1762231579640,130.60000610351562,501.39999771118164
1762231579664,129.60000610351562,503.39999771118164
1762231579691,129.60000610351562,504.39999771118164
1762231579734,129.60000610351562,506.39999771118164
1762231579758,127.60000610351562,506.39999771118164
1762231579818,126.60000610351562,506.39999771118164
1762231579842,125.60000610351562,506.39999771118164
1762231579901,124.60000610351562,506.39999771118164
1762231579927,123.60000610351562,506.39999771118164
1762231579952,123.60000610351562,504.39999771118164
1762231579977,123.60000610351562,502.39999771118164
1762231580002,123.60000610351562,500.39999771118164
1762231580028,123.60000610351562,498.39999771118164
1762231580053,123.60000610351562,497.39999771118164
1762231580079,124.60000610351562,494.39999771118164
1762231580105,126.60000610351562,492.39999771118164
1762231580132,126.60000610351562,488.39999771118164
1762231580158,126.60000610351562,487.39999771118164
1762231580183,126.60000610351562,484.39999771118164
1762231580209,126.60000610351562,483.39999771118164
1762231580238,126.60000610351562,482.39999771118164
1762231580262,126.60000610351562,481.39999771118164
1762231580288,126.60000610351562,479.39999771118164
1762231580313,126.60000610351562,479.39999771118164
1762231580338,126.60000610351562,477.39999771118164
1762231580373,126.60000610351562,477.39999771118164
1762231580399,126.60000610351562,475.39999771118164
1762231580424,126.60000610351562,474.39999771118164
1762231580484,126.60000610351562,472.39999771118164
1762231580526,126.60000610351562,471.39999771118164
1762231580550,126.60000610351562,470.39999771118164
1762231580590,126.60000610351562,469.39999771118164
1762231580650,126.60000610351562,468.39999771118164
1762231580680,126.60000610351562,467.39999771118164
1762231580706,126.60000610351562,466.39999771118164
1762231580731,126.60000610351562,465.39999771118164
1762231580756,126.60000610351562,464.39999771118164
1762231580782,126.60000610351562,463.39999771118164
1762231580808,126.60000610351562,463.39999771118164
1762231580833,126.60000610351562,462.39999771118164
1762231580858,125.60000610351562,462.39999771118164
1762231580886,125.60000610351562,461.39999771118164
1762231580926,125.60000610351562,461.39999771118164
1762231580967,125.60000610351562,460.39999771118164
1762231580992,125.60000610351562,459.39999771118164
1762231581050,125.60000610351562,458.39999771118164
1762231581076,125.60000610351562,457.39999771118164
1762231581101,125.60000610351562,456.39999771118164
1762231581126,125.60000610351562,454.39999771118164
1762231581152,125.60000610351562,453.39999771118164
1762231581216,125.60000610351562,452.39999771118164
1762231581254,125.60000610351562,451.39999771118164
1762231581316,124.60000610351562,451.39999771118164
1762231581346,124.60000610351562,450.39999771118164
1762231581371,124.60000610351562,450.39999771118164
1762231581397,124.60000610351562,448.39999771118164
1762231581422,124.60000610351562,447.39999771118164
1762231581466,124.60000610351562,444.39999771118164
1762231581511,124.60000610351562,443.39999771118164
1762231581566,124.60000610351562,441.39999771118164
1762231581606,124.60000610351562,440.39999771118164
1762231581638,124.60000610351562,439.39999771118164
1762231581678,124.60000610351562,438.39999771118164
1762231581749,124.60000610351562,436.39999771118164
1762231581798,124.60000610351562,434.39999771118164
1762231581824,124.60000610351562,433.39999771118164
1762231581851,124.60000610351562,431.39999771118164
1762231581885,124.60000610351562,431.39999771118164
1762231581919,124.60000610351562,429.39999771118164
1762231581949,124.60000610351562,429.39999771118164
1762231582016,124.60000610351562,427.39999771118164
1762231582082,124.60000610351562,426.39999771118164
1762231582119,124.60000610351562,426.39999771118164
1762231582146,124.60000610351562,424.39999771118164
1762231582175,124.60000610351562,424.39999771118164
1762231582216,124.60000610351562,423.39999771118164
1762231582243,124.60000610351562,422.39999771118164
1762231582271,124.60000610351562,420.39999771118164
1762231582299,124.60000610351562,419.39999771118164
1762231582326,124.60000610351562,418.39999771118164
1762231582353,124.60000610351562,417.39999771118164
1762231582381,124.60000610351562,415.39999771118164
1762231582409,124.60000610351562,413.39999771118164
1762231582437,124.60000610351562,411.39999771118164
1762231582468,124.60000610351562,410.39999771118164
1762231582495,124.60000610351562,408.39999771118164
1762231582522,124.60000610351562,406.39999771118164
1762231582550,124.60000610351562,404.39999771118164
1762231582582,123.60000610351562,403.39999771118164
1762231582608,122.60000610351562,402.39999771118164
1762231582636,122.60000610351562,399.39999771118164
1762231582663,122.60000610351562,399.39999771118164
1762231582690,122.60000610351562,397.39999771118164
1762231582732,122.60000610351562,396.39999771118164
1762231582758,122.60000610351562,394.39999771118164
1762231582784,123.60000610351562,393.39999771118164
1762231582812,123.60000610351562,393.39999771118164
1762231582838,123.60000610351562,392.39999771118164
1762231582865,124.60000610351562,390.39999771118164
1762231582967,124.60000610351562,390.39999771118164
1762231583015,124.60000610351562,388.39999771118164
1762231583043,124.60000610351562,388.39999771118164
1762231583071,124.60000610351562,387.39999771118164
1762231583098,124.60000610351562,386.39999771118164
1762231583131,124.60000610351562,385.39999771118164
1762231583157,124.60000610351562,384.39999771118164
1762231583183,124.60000610351562,383.39999771118164
1762231583210,124.60000610351562,382.39999771118164
1762231583236,124.60000610351562,380.39999771118164
1762231583262,124.60000610351562,378.39999771118164
1762231583287,124.60000610351562,376.39999771118164
1762231583314,124.60000610351562,375.39999771118164
1762231583340,124.60000610351562,373.39999771118164
1762231583366,124.60000610351562,371.39999771118164
1762231583393,124.60000610351562,368.39999771118164
1762231583420,124.60000610351562,366.39999771118164
1762231583446,124.60000610351562,363.39999771118164
1762231583481,123.60000610351562,361.39999771118164
1762231583506,123.60000610351562,359.39999771118164
1762231583533,123.60000610351562,357.39999771118164
1762231583559,123.60000610351562,356.39999771118164
1762231583616,123.60000610351562,351.39999771118164
1762231583641,123.60000610351562,350.39999771118164
1762231583667,123.60000610351562,349.39999771118164
1762231583693,121.60000610351562,347.39999771118164
1762231583719,121.60000610351562,345.39999771118164
1762231583745,121.60000610351562,343.39999771118164
1762231583771,119.60000610351562,341.39999771118164
1762231583797,119.60000610351562,340.39999771118164
1762231583823,119.60000610351562,337.39999771118164
1762231583849,119.60000610351562,336.39999771118164
1762231583875,119.60000610351562,334.39999771118164
1762231583901,119.60000610351562,333.39999771118164
1762231583927,119.60000610351562,331.39999771118164
1762231583953,119.60000610351562,328.39999771118164
1762231583979,119.60000610351562,326.39999771118164
1762231584005,119.60000610351562,323.39999771118164
1762231584030,119.60000610351562,321.39999771118164
1762231584057,119.60000610351562,317.39999771118164
1762231584082,119.60000610351562,315.39999771118164
1762231584109,119.60000610351562,313.39999771118164
1762231584134,119.60000610351562,311.39999771118164
1762231584162,119.60000610351562,310.39999771118164
1762231584189,119.60000610351562,309.39999771118164
1762231584216,119.60000610351562,307.39999771118164
1762231584311,119.60000610351562,306.39999771118164
1762231584358,123.60000610351562,309.39999771118164
1762231584386,126.60000610351562,313.39999771118164
1762231584412,126.60000610351562,314.39999771118164
1762231584438,126.60000610351562,317.39999771118164
1762231584464,128.60000610351562,321.39999771118164
1762231584497,128.60000610351562,324.39999771118164
1762231584523,129.60000610351562,325.39999771118164
1762231584549,129.60000610351562,325.39999771118164
1762231584687,129.60000610351562,325.39999771118164
1762231584747,127.60000610351562,323.39999771118164
1762231584772,126.60000610351562,320.39999771118164
1762231584799,126.60000610351562,316.39999771118164
1762231584827,126.60000610351562,313.39999771118164
1762231584853,126.60000610351562,311.39999771118164
1762231584975,126.60000610351562,310.39999771118164
1762231585022,128.60000610351562,311.39999771118164
1762231585050,128.60000610351562,312.39999771118164
1762231585077,130.60000610351562,314.39999771118164
1762231585103,131.60000610351562,315.39999771118164
1762231585129,132.60000610351562,317.39999771118164
1762231585155,133.60000610351562,317.39999771118164
1762231585181,134.60000610351562,317.39999771118164
1762231585208,134.60000610351562,317.39999771118164
1762231585246,136.60000610351562,317.39999771118164
1762231585293,136.60000610351562,317.39999771118164
1762231585320,138.60000610351562,317.39999771118164
1762231585396,140.60000610351562,317.39999771118164
1762231585442,140.60000610351562,317.39999771118164
1762231585469,142.60000610351562,317.39999771118164
1762231585513,144.60000610351562,317.39999771118164
1762231585540,145.60000610351562,317.39999771118164
1762231585566,147.60000610351562,317.39999771118164
1762231585598,148.60000610351562,317.39999771118164
1762231585629,149.60000610351562,318.39999771118164
1762231585669,150.60000610351562,319.39999771118164
1762231585746,150.60000610351562,319.39999771118164
1762231585799,149.60000610351562,323.39999771118164
1762231585829,148.60000610351562,324.39999771118164
1762231585857,146.60000610351562,325.39999771118164
1762231585896,146.60000610351562,325.39999771118164
1762231585933,145.60000610351562,325.39999771118164
1762231585960,143.60000610351562,325.39999771118164
1762231585987,141.60000610351562,325.39999771118164
1762231586029,140.60000610351562,325.39999771118164
1762231586056,138.60000610351562,325.39999771118164
1762231586096,138.60000610351562,325.39999771118164
1762231586121,137.60000610351562,325.39999771118164
1762231586148,136.60000610351562,325.39999771118164
1762231586174,134.60000610351562,325.39999771118164
1762231586202,133.60000610351562,326.39999771118164
1762231586228,132.60000610351562,328.39999771118164
1762231586255,131.60000610351562,329.39999771118164
1762231586283,130.60000610351562,332.39999771118164
1762231586311,129.60000610351562,335.39999771118164
1762231586345,129.60000610351562,336.39999771118164
1762231586371,129.60000610351562,337.39999771118164
1762231586445,129.60000610351562,338.39999771118164
1762231586535,129.60000610351562,339.39999771118164
1762231586628,129.60000610351562,337.39999771118164
1762231586666,129.60000610351562,330.39999771118164
1762231586694,129.60000610351562,327.39999771118164
1762231586723,129.60000610351562,323.39999771118164
1762231586751,129.60000610351562,322.39999771118164
1762231586779,129.60000610351562,318.39999771118164
1762231586812,129.60000610351562,317.39999771118164
1762231586839,129.60000610351562,316.39999771118164
1762231586867,130.60000610351562,315.39999771118164
1762231586895,130.60000610351562,315.39999771118164
1762231586924,133.60000610351562,315.39999771118164
1762231586952,134.60000610351562,315.39999771118164
1762231586979,136.60000610351562,317.39999771118164
1762231587007,140.60000610351562,319.39999771118164
1762231587035,140.60000610351562,319.39999771118164
1762231587063,142.60000610351562,321.39999771118164
1762231587092,144.60000610351562,323.39999771118164
1762231587120,144.60000610351562,326.39999771118164
1762231587147,145.60000610351562,329.39999771118164
1762231587176,147.60000610351562,330.39999771118164
1762231587203,147.60000610351562,332.39999771118164
1762231587231,147.60000610351562,334.39999771118164
1762231587258,147.60000610351562,337.39999771118164
1762231587286,147.60000610351562,338.39999771118164
1762231587313,148.60000610351562,338.39999771118164
1762231587479,148.60000610351562,338.39999771118164
1762231587529,148.60000610351562,337.39999771118164
1762231587558,148.60000610351562,336.39999771118164
1762231587594,148.60000610351562,334.39999771118164
1762231587637,148.60000610351562,333.39999771118164
1762231587677,148.60000610351562,332.39999771118164
1762231587847,148.60000610351562,333.39999771118164
1762231587911,144.60000610351562,338.39999771118164
1762231587942,143.60000610351562,339.39999771118164
1762231587971,142.60000610351562,339.39999771118164
1762231587998,142.60000610351562,340.39999771118164
1762231588026,140.60000610351562,343.39999771118164
1762231588054,139.60000610351562,343.39999771118164
1762231588082,139.60000610351562,344.39999771118164
1762231588110,138.60000610351562,344.39999771118164
1762231588138,136.60000610351562,345.39999771118164
1762231588279,135.60000610351562,345.39999771118164
1762231588331,135.60000610351562,339.39999771118164
1762231588359,135.60000610351562,337.39999771118164
1762231588427,135.60000610351562,336.39999771118164
1762231588476,135.60000610351562,332.39999771118164
1762231588505,136.60000610351562,330.39999771118164
1762231588534,137.60000610351562,329.39999771118164
1762231588562,137.60000610351562,329.39999771118164
1762231588595,138.60000610351562,329.39999771118164
1762231588623,141.60000610351562,329.39999771118164
1762231588652,142.60000610351562,330.39999771118164
1762231588681,142.60000610351562,333.39999771118164
1762231588710,142.60000610351562,336.39999771118164
1762231588738,142.60000610351562,339.39999771118164
1762231588767,142.60000610351562,342.39999771118164
1762231588795,142.60000610351562,343.39999771118164
1762231588824,142.60000610351562,347.39999771118164
1762231588853,140.60000610351562,350.39999771118164
1762231588881,138.60000610351562,353.39999771118164
1762231588926,137.60000610351562,358.39999771118164
1762231588955,137.60000610351562,360.39999771118164
1762231588983,137.60000610351562,364.39999771118164
1762231589012,136.60000610351562,366.39999771118164
1762231589040,136.60000610351562,366.39999771118164
1762231589174,136.60000610351562,366.39999771118164
1762231589207,136.60000610351562,365.39999771118164
1762231589236,136.60000610351562,361.39999771118164
1762231589263,134.60000610351562,357.39999771118164
1762231589291,134.60000610351562,353.39999771118164
1762231589320,133.60000610351562,349.39999771118164
1762231589348,132.60000610351562,347.39999771118164
1762231589377,131.60000610351562,345.39999771118164
1762231589405,130.60000610351562,342.39999771118164
1762231589433,129.60000610351562,340.39999771118164
1762231589461,127.60000610351562,338.39999771118164
1762231589489,127.60000610351562,337.39999771118164
1762231589517,127.60000610351562,336.39999771118164
1762231589545,126.60000610351562,334.39999771118164
1762231589614,126.60000610351562,335.39999771118164
1762231589676,127.60000610351562,344.39999771118164
1762231589704,129.60000610351562,350.39999771118164
1762231589733,130.60000610351562,356.39999771118164
1762231589762,130.60000610351562,360.39999771118164
1762231589790,130.60000610351562,364.39999771118164
1762231589818,132.60000610351562,365.39999771118164
1762231589846,132.60000610351562,366.39999771118164
1762231589875,132.60000610351562,368.39999771118164
1762231589903,132.60000610351562,370.39999771118164
1762231589942,132.60000610351562,371.39999771118164
1762231590015,132.60000610351562,370.39999771118164
1762231590062,132.60000610351562,360.39999771118164
1762231590091,135.60000610351562,354.39999771118164
1762231590120,135.60000610351562,350.39999771118164
1762231590148,137.60000610351562,345.39999771118164
1762231590176,139.60000610351562,342.39999771118164
1762231590205,140.60000610351562,338.39999771118164
1762231590233,141.60000610351562,338.39999771118164
1762231590275,141.60000610351562,338.39999771118164
1762231590309,142.60000610351562,338.39999771118164
1762231590337,143.60000610351562,339.39999771118164
1762231590365,143.60000610351562,341.39999771118164
1762231590393,143.60000610351562,346.39999771118164
1762231590421,143.60000610351562,351.39999771118164
1762231590451,143.60000610351562,357.39999771118164
1762231590479,143.60000610351562,361.39999771118164
1762231590507,143.60000610351562,364.39999771118164
1762231590536,143.60000610351562,366.39999771118164
1762231590564,143.60000610351562,369.39999771118164
1762231590592,143.60000610351562,370.39999771118164
1762231590658,144.60000610351562,371.39999771118164
1762231590741,146.60000610351562,368.39999771118164
1762231590772,146.60000610351562,364.39999771118164
1762231590800,146.60000610351562,358.39999771118164
1762231590828,146.60000610351562,354.39999771118164
1762231590857,148.60000610351562,350.39999771118164
1762231590885,148.60000610351562,346.39999771118164
1762231590913,148.60000610351562,346.39999771118164
1762231590958,149.60000610351562,345.39999771118164
1762231591079,149.60000610351562,345.39999771118164
1762231591130,149.60000610351562,355.39999771118164
1762231591159,148.60000610351562,361.39999771118164
1762231591189,147.60000610351562,368.39999771118164
1762231591218,145.60000610351562,377.39999771118164
1762231591250,142.60000610351562,383.39999771118164
1762231591281,141.60000610351562,390.39999771118164
1762231591310,140.60000610351562,393.39999771118164
1762231591339,139.60000610351562,398.39999771118164
1762231591367,137.60000610351562,402.39999771118164
1762231591395,137.60000610351562,405.39999771118164
1762231591423,137.60000610351562,406.39999771118164
1762231591451,136.60000610351562,408.39999771118164
1762231591491,136.60000610351562,409.39999771118164
1762231591558,135.60000610351562,409.39999771118164
1762231591606,134.60000610351562,404.39999771118164
1762231591635,134.60000610351562,395.39999771118164
1762231591666,134.60000610351562,388.39999771118164
1762231591697,134.60000610351562,382.39999771118164
1762231591741,134.60000610351562,378.39999771118164
1762231591768,134.60000610351562,373.39999771118164
1762231591807,135.60000610351562,372.39999771118164
1762231591903,135.60000610351562,372.39999771118164
1762231591959,136.60000610351562,380.39999771118164
1762231591987,136.60000610351562,387.39999771118164
1762231592016,136.60000610351562,394.39999771118164
1762231592045,136.60000610351562,399.39999771118164
1762231592074,136.60000610351562,407.39999771118164
1762231592103,136.60000610351562,411.39999771118164
1762231592132,136.60000610351562,416.39999771118164
1762231592160,136.60000610351562,418.39999771118164
1762231592255,136.60000610351562,416.39999771118164
1762231592307,136.60000610351562,407.39999771118164
1762231592336,136.60000610351562,400.39999771118164
1762231592364,136.60000610351562,396.39999771118164
1762231592392,136.60000610351562,391.39999771118164
1762231592420,136.60000610351562,387.39999771118164
1762231592449,136.60000610351562,380.39999771118164
1762231592477,136.60000610351562,376.39999771118164
1762231592505,136.60000610351562,372.39999771118164
1762231592534,136.60000610351562,370.39999771118164
1762231592562,136.60000610351562,367.39999771118164
1762231592590,136.60000610351562,366.39999771118164
1762231592618,136.60000610351562,365.39999771118164
1762231592645,136.60000610351562,364.39999771118164
1762231592673,135.60000610351562,362.39999771118164
1762231592702,135.60000610351562,362.39999771118164
1762231592739,135.60000610351562,357.39999771118164
1762231592766,135.60000610351562,355.39999771118164
1762231592795,135.60000610351562,352.39999771118164
1762231592823,135.60000610351562,347.39999771118164
1762231592852,133.60000610351562,343.39999771118164
1762231592879,133.60000610351562,343.39999771118164
1762231592908,133.60000610351562,340.39999771118164
1762231592937,133.60000610351562,338.39999771118164
1762231592972,133.60000610351562,336.39999771118164
1762231593000,133.60000610351562,336.39999771118164
1762231593072,133.60000610351562,338.39999771118164
1762231593109,133.60000610351562,346.39999771118164
1762231593138,134.60000610351562,353.39999771118164
1762231593169,134.60000610351562,359.39999771118164
1762231593198,134.60000610351562,364.39999771118164
1762231593227,134.60000610351562,366.39999771118164
1762231593257,136.60000610351562,370.39999771118164
1762231593286,136.60000610351562,375.39999771118164
1762231593316,136.60000610351562,378.39999771118164
1762231593346,136.60000610351562,383.39999771118164
1762231593375,136.60000610351562,387.39999771118164
1762231593404,136.60000610351562,390.39999771118164
1762231593433,136.60000610351562,394.39999771118164
1762231593463,136.60000610351562,397.39999771118164
1762231593491,136.60000610351562,401.39999771118164
1762231593521,136.60000610351562,405.39999771118164
1762231593551,135.60000610351562,408.39999771118164
1762231593580,134.60000610351562,412.39999771118164
1762231593609,134.60000610351562,414.39999771118164
1762231593639,133.60000610351562,416.39999771118164
1762231593750,133.60000610351562,415.39999771118164
1762231593806,133.60000610351562,405.39999771118164
1762231593835,131.60000610351562,401.39999771118164
1762231593864,130.60000610351562,397.39999771118164
1762231593892,130.60000610351562,393.39999771118164
1762231593922,130.60000610351562,391.39999771118164
1762231593952,130.60000610351562,390.39999771118164
1762231593988,130.60000610351562,389.39999771118164
1762231594054,131.60000610351562,388.39999771118164
1762231594121,131.60000610351562,390.39999771118164
1762231594171,131.60000610351562,401.39999771118164
1762231594200,131.60000610351562,407.39999771118164
1762231594230,131.60000610351562,409.39999771118164
1762231594258,132.60000610351562,410.39999771118164
1762231594286,132.60000610351562,410.39999771118164
1762231594315,135.60000610351562,409.39999771118164
1762231594343,136.60000610351562,403.39999771118164
1762231594372,138.60000610351562,394.39999771118164
1762231594402,138.60000610351562,387.39999771118164
1762231594431,138.60000610351562,382.39999771118164
1762231594460,138.60000610351562,378.39999771118164
1762231594488,138.60000610351562,375.39999771118164
1762231594517,138.60000610351562,373.39999771118164
1762231594546,139.60000610351562,368.39999771118164
1762231594575,140.60000610351562,365.39999771118164
1762231594678,140.60000610351562,365.39999771118164
1762231594730,140.60000610351562,374.39999771118164
1762231594759,140.60000610351562,380.39999771118164
1762231594788,140.60000610351562,382.39999771118164
1762231594822,140.60000610351562,386.39999771118164
1762231594851,140.60000610351562,389.39999771118164
1762231594880,140.60000610351562,393.39999771118164
1762231594909,140.60000610351562,396.39999771118164
1762231594939,140.60000610351562,401.39999771118164
1762231594968,140.60000610351562,406.39999771118164
1762231595003,140.60000610351562,408.39999771118164
1762231595035,140.60000610351562,412.39999771118164
1762231595065,140.60000610351562,415.39999771118164
1762231595093,141.60000610351562,416.39999771118164
1762231595122,141.60000610351562,418.39999771118164
1762231595153,141.60000610351562,424.39999771118164
1762231595182,140.60000610351562,428.39999771118164
1762231595211,140.60000610351562,432.39999771118164
1762231595240,138.60000610351562,436.39999771118164
1762231595269,137.60000610351562,439.39999771118164
1762231595298,137.60000610351562,441.39999771118164
1762231595326,137.60000610351562,442.39999771118164
1762231595355,136.60000610351562,444.39999771118164
1762231595383,136.60000610351562,446.39999771118164
1762231595412,135.60000610351562,447.39999771118164
1762231595441,133.60000610351562,449.39999771118164
1762231595469,132.60000610351562,452.39999771118164
1762231595498,132.60000610351562,453.39999771118164
1762231595622,132.60000610351562,452.39999771118164
1762231595675,131.60000610351562,442.39999771118164
1762231595710,131.60000610351562,434.39999771118164
1762231595739,131.60000610351562,428.39999771118164
1762231595769,131.60000610351562,424.39999771118164
1762231595799,131.60000610351562,422.39999771118164
1762231595836,131.60000610351562,419.39999771118164
1762231595864,132.60000610351562,418.39999771118164
1762231595982,132.60000610351562,420.39999771118164
1762231596053,132.60000610351562,433.39999771118164
1762231596082,132.60000610351562,435.39999771118164
1762231596111,132.60000610351562,437.39999771118164
1762231596140,132.60000610351562,437.39999771118164
1762231596171,132.60000610351562,439.39999771118164
1762231596201,132.60000610351562,439.39999771118164
1762231596269,132.60000610351562,440.39999771118164
1762231596319,134.60000610351562,438.39999771118164
1762231596349,134.60000610351562,433.39999771118164
1762231596378,136.60000610351562,422.39999771118164
1762231596407,139.60000610351562,415.39999771118164
1762231596437,139.60000610351562,413.39999771118164
1762231596466,139.60000610351562,410.39999771118164
1762231596496,141.60000610351562,405.39999771118164
1762231596525,141.60000610351562,403.39999771118164
1762231596554,143.60000610351562,401.39999771118164
1762231596583,143.60000610351562,400.39999771118164
1762231596612,145.60000610351562,397.39999771118164
1762231596641,146.60000610351562,396.39999771118164
1762231596766,146.60000610351562,397.39999771118164
1762231596819,145.60000610351562,408.39999771118164
1762231596854,142.60000610351562,419.39999771118164
1762231596883,142.60000610351562,422.39999771118164
1762231596914,140.60000610351562,426.39999771118164
1762231596943,139.60000610351562,429.39999771118164
1762231596972,138.60000610351562,433.39999771118164
1762231597002,137.60000610351562,439.39999771118164
1762231597031,135.60000610351562,443.39999771118164
1762231597068,134.60000610351562,450.39999771118164
1762231597097,134.60000610351562,453.39999771118164
1762231597128,133.60000610351562,457.39999771118164
1762231597158,133.60000610351562,458.39999771118164
1762231597186,133.60000610351562,460.39999771118164
1762231597216,133.60000610351562,463.39999771118164
1762231597245,132.60000610351562,467.39999771118164
1762231597275,132.60000610351562,469.39999771118164
1762231597304,132.60000610351562,472.39999771118164
1762231597334,130.60000610351562,475.39999771118164
1762231597363,130.60000610351562,478.39999771118164
1762231597393,130.60000610351562,479.39999771118164
1762231597422,130.60000610351562,481.39999771118164
1762231597606,130.60000610351562,480.39999771118164
1762231597659,130.60000610351562,470.39999771118164
1762231597689,130.60000610351562,464.39999771118164
1762231597719,130.60000610351562,460.39999771118164
1762231597750,130.60000610351562,456.39999771118164
1762231597782,130.60000610351562,448.39999771118164
1762231597813,130.60000610351562,446.39999771118164
1762231597844,130.60000610351562,442.39999771118164
1762231597884,130.60000610351562,440.39999771118164
1762231597951,130.60000610351562,439.39999771118164
1762231599429,144.60000610351562,365.39999771118164
1762231599460,143.60000610351562,366.39999771118164
1762231599502,139.60000610351562,373.39999771118164
1762231599544,138.60000610351562,385.39999771118164
1762231599580,138.60000610351562,391.39999771118164
1762231599617,138.60000610351562,398.39999771118164
1762231599651,138.60000610351562,405.39999771118164
1762231599683,138.60000610351562,412.39999771118164
1762231599714,138.60000610351562,418.39999771118164
1762231599748,138.60000610351562,427.39999771118164
1762231599779,137.60000610351562,436.39999771118164
1762231599810,135.60000610351562,444.39999771118164
1762231599842,134.60000610351562,446.39999771118164
1762231599873,134.60000610351562,449.39999771118164
1762231599982,134.60000610351562,448.39999771118164
1762231600038,134.60000610351562,422.39999771118164
1762231600070,134.60000610351562,407.39999771118164
1762231600102,134.60000610351562,390.39999771118164
1762231600134,134.60000610351562,382.39999771118164
1762231600165,134.60000610351562,372.39999771118164
1762231600199,133.60000610351562,364.39999771118164
1762231600231,132.60000610351562,359.39999771118164
1762231600263,132.60000610351562,351.39999771118164
1762231600295,132.60000610351562,345.39999771118164
1762231600363,132.60000610351562,338.39999771118164
1762231600394,132.60000610351562,335.39999771118164
1762231600426,133.60000610351562,331.39999771118164
1762231600457,134.60000610351562,330.39999771118164
1762231600488,134.60000610351562,328.39999771118164
1762231606724,800.6000061035156,141.39999771118164
1762231606854,799.6000061035156,142.39999771118164
1762231606904,799.6000061035156,146.39999771118164
1762231606935,799.6000061035156,148.39999771118164
1762231606974,799.6000061035156,149.39999771118164
1762231607086,800.6000061035156,150.39999771118164
1762231607140,801.6000061035156,150.39999771118164
1762231607238,801.6000061035156,150.39999771118164
1762231607307,801.6000061035156,149.39999771118164
1762231607338,801.6000061035156,148.39999771118164
1762231607368,801.6000061035156,147.39999771118164
1762231607646,801.6000061035156,145.39999771118164
1762231607702,802.6000061035156,145.39999771118164
1762231607733,802.6000061035156,143.39999771118164
1762231607838,802.6000061035156,143.39999771118164
1762231607901,802.6000061035156,142.39999771118164
1762231607948,802.6000061035156,142.39999771118164
1762231607977,805.6000061035156,142.39999771118164
1762231608007,807.6000061035156,143.39999771118164
1762231608038,808.6000061035156,145.39999771118164
1762231608069,808.6000061035156,145.39999771118164
1762231608100,808.6000061035156,148.39999771118164
1762231608132,808.6000061035156,150.39999771118164
1762231608167,808.6000061035156,152.39999771118164
1762231608234,808.6000061035156,152.39999771118164
1762231608264,808.6000061035156,154.39999771118164
1762231608302,807.6000061035156,154.39999771118164
1762231608333,807.6000061035156,155.39999771118164
1762231608469,807.6000061035156,155.39999771118164
1762231608522,807.6000061035156,156.39999771118164
1762231608553,807.6000061035156,158.39999771118164
1762231608584,807.6000061035156,159.39999771118164
1762231608615,807.6000061035156,161.39999771118164
1762231608647,806.6000061035156,163.39999771118164
1762231608700,805.6000061035156,163.39999771118164
1762231608730,804.6000061035156,163.39999771118164
1762231608760,803.6000061035156,163.39999771118164
1762231608813,802.6000061035156,163.39999771118164
1762231608892,802.6000061035156,163.39999771118164
1762231608941,801.6000061035156,163.39999771118164
1762231609000,801.6000061035156,161.39999771118164
1762231609031,801.6000061035156,161.39999771118164
1762231609062,801.6000061035156,159.39999771118164
1762231609094,802.6000061035156,158.39999771118164
1762231609125,802.6000061035156,157.39999771118164
1762231609157,802.6000061035156,155.39999771118164
1762231609189,800.6000061035156,153.39999771118164
1762231609221,800.6000061035156,152.39999771118164
1762231609251,799.6000061035156,151.39999771118164
1762231609282,797.6000061035156,149.39999771118164
1762231609324,797.6000061035156,148.39999771118164
1762231609366,797.6000061035156,147.39999771118164
1762231609397,797.6000061035156,146.39999771118164
1762231609428,797.6000061035156,145.39999771118164
1762231609468,797.6000061035156,144.39999771118164
1762231609498,797.6000061035156,143.39999771118164
1762231609529,798.6000061035156,142.39999771118164
1762231609560,799.6000061035156,141.39999771118164
1762231609591,800.6000061035156,140.39999771118164
1762231609622,802.6000061035156,139.39999771118164
1762231609717,803.6000061035156,139.39999771118164
1762231609768,805.6000061035156,140.39999771118164
1762231609801,806.6000061035156,141.39999771118164
1762231609833,807.6000061035156,144.39999771118164
1762231609865,807.6000061035156,148.39999771118164
1762231609910,810.6000061035156,151.39999771118164
1762231609947,811.6000061035156,152.39999771118164
1762231609980,812.6000061035156,154.39999771118164
1762231610011,813.6000061035156,155.39999771118164
1762231610043,813.6000061035156,156.39999771118164
1762231610075,813.6000061035156,158.39999771118164
1762231610106,813.6000061035156,162.39999771118164
1762231610139,813.6000061035156,164.39999771118164
1762231610170,813.6000061035156,165.39999771118164
1762231610201,811.6000061035156,166.39999771118164
1762231610233,811.6000061035156,167.39999771118164
1762231610264,810.6000061035156,167.39999771118164
1762231610308,809.6000061035156,167.39999771118164
1762231610356,809.6000061035156,167.39999771118164
1762231610432,808.6000061035156,167.39999771118164
1762231610475,807.6000061035156,167.39999771118164
1762231610507,805.6000061035156,167.39999771118164
1762231610538,805.6000061035156,165.39999771118164
1762231610569,804.6000061035156,165.39999771118164
1762231610601,803.6000061035156,163.39999771118164
1762231610648,800.6000061035156,161.39999771118164
1762231610684,800.6000061035156,160.39999771118164
1762231610715,800.6000061035156,159.39999771118164
1762231610747,798.6000061035156,157.39999771118164
1762231610779,797.6000061035156,156.39999771118164
1762231610811,797.6000061035156,154.39999771118164
1762231610843,796.6000061035156,153.39999771118164
1762231610875,795.6000061035156,151.39999771118164
1762231610906,794.6000061035156,151.39999771118164
1762231610948,792.6000061035156,150.39999771118164
1762231610978,792.6000061035156,150.39999771118164
1762231611015,792.6000061035156,149.39999771118164
1762231611046,792.6000061035156,148.39999771118164
1762231611078,792.6000061035156,146.39999771118164
1762231611110,792.6000061035156,145.39999771118164
1762231611144,793.6000061035156,143.39999771118164
1762231611185,794.6000061035156,142.39999771118164
1762231611218,795.6000061035156,140.39999771118164
1762231611251,796.6000061035156,140.39999771118164
1762231611285,797.6000061035156,139.39999771118164
1762231611331,798.6000061035156,138.39999771118164
1762231611370,798.6000061035156,138.39999771118164
1762231611401,801.6000061035156,138.39999771118164
1762231611433,802.6000061035156,138.39999771118164
1762231611465,803.6000061035156,138.39999771118164
1762231611497,806.6000061035156,140.39999771118164
1762231611529,807.6000061035156,141.39999771118164
1762231611560,808.6000061035156,142.39999771118164
1762231611592,810.6000061035156,143.39999771118164
1762231611623,813.6000061035156,145.39999771118164
1762231611668,813.6000061035156,145.39999771118164
1762231611699,814.6000061035156,147.39999771118164
1762231611731,815.6000061035156,148.39999771118164
1762231611764,815.6000061035156,150.39999771118164
1762231611796,815.6000061035156,152.39999771118164
1762231611828,815.6000061035156,154.39999771118164
1762231611860,815.6000061035156,154.39999771118164
1762231611891,814.6000061035156,157.39999771118164
1762231611923,813.6000061035156,157.39999771118164
1762231611955,810.6000061035156,157.39999771118164
1762231611988,810.6000061035156,157.39999771118164
1762231612020,809.6000061035156,159.39999771118164
1762231612052,807.6000061035156,160.39999771118164
1762231612084,807.6000061035156,160.39999771118164
1762231612116,806.6000061035156,161.39999771118164
1762231612149,805.6000061035156,163.39999771118164
1762231612182,805.6000061035156,164.39999771118164
1762231612214,804.6000061035156,164.39999771118164
1762231612246,802.6000061035156,165.39999771118164
1762231612314,801.6000061035156,165.39999771118164
1762231612360,800.6000061035156,165.39999771118164
1762231612430,799.6000061035156,165.39999771118164
1762231612461,798.6000061035156,165.39999771118164
1762231612492,796.6000061035156,165.39999771118164
1762231612524,795.6000061035156,164.39999771118164
1762231612556,793.6000061035156,161.39999771118164
1762231612587,792.6000061035156,158.39999771118164
1762231612620,791.6000061035156,155.39999771118164
1762231612652,790.6000061035156,153.39999771118164
1762231612683,789.6000061035156,151.39999771118164
1762231612716,789.6000061035156,149.39999771118164
1762231612748,789.6000061035156,146.39999771118164
1762231612780,789.6000061035156,145.39999771118164
1762231612812,790.6000061035156,143.39999771118164
1762231612844,792.6000061035156,141.39999771118164
1762231612876,794.6000061035156,141.39999771118164
1762231612909,796.6000061035156,139.39999771118164
1762231612941,796.6000061035156,139.39999771118164
1762231612972,799.6000061035156,139.39999771118164
1762231613004,799.6000061035156,139.39999771118164
1762231613036,801.6000061035156,139.39999771118164
1762231613067,801.6000061035156,139.39999771118164
1762231613098,802.6000061035156,138.39999771118164
1762231613155,803.6000061035156,137.39999771118164
1762231613211,803.6000061035156,137.39999771118164
1762231613244,804.6000061035156,137.39999771118164
1762231613276,806.6000061035156,140.39999771118164
1762231613309,808.6000061035156,142.39999771118164
1762231613341,809.6000061035156,145.39999771118164
1762231613373,811.6000061035156,149.39999771118164
1762231613415,812.6000061035156,153.39999771118164
1762231613447,812.6000061035156,156.39999771118164
1762231613479,812.6000061035156,158.39999771118164
1762231613511,812.6000061035156,160.39999771118164
1762231613543,812.6000061035156,163.39999771118164
1762231613576,811.6000061035156,164.39999771118164
1762231613608,809.6000061035156,166.39999771118164
1762231613640,807.6000061035156,167.39999771118164
1762231613672,805.6000061035156,168.39999771118164
1762231613703,803.6000061035156,170.39999771118164
1762231613735,801.6000061035156,171.39999771118164
1762231613812,801.6000061035156,171.39999771118164
1762231613852,799.6000061035156,171.39999771118164
1762231613884,797.6000061035156,171.39999771118164
1762231613916,797.6000061035156,170.39999771118164
1762231613948,793.6000061035156,166.39999771118164
1762231613981,793.6000061035156,164.39999771118164
1762231614013,791.6000061035156,162.39999771118164
1762231614045,789.6000061035156,159.39999771118164
1762231614077,789.6000061035156,157.39999771118164
1762231614110,789.6000061035156,155.39999771118164
1762231614143,789.6000061035156,153.39999771118164
1762231614178,789.6000061035156,152.39999771118164
1762231614212,789.6000061035156,150.39999771118164
1762231614244,789.6000061035156,147.39999771118164
1762231614276,789.6000061035156,146.39999771118164
1762231614307,790.6000061035156,143.39999771118164
1762231614340,790.6000061035156,141.39999771118164
1762231614372,792.6000061035156,138.39999771118164
1762231614403,793.6000061035156,136.39999771118164
1762231614445,793.6000061035156,135.39999771118164
1762231614476,795.6000061035156,134.39999771118164
1762231614508,796.6000061035156,133.39999771118164
1762231614540,798.6000061035156,133.39999771118164
1762231614572,799.6000061035156,133.39999771118164
1762231614604,801.6000061035156,134.39999771118164
1762231614636,804.6000061035156,138.39999771118164
1762231614667,805.6000061035156,139.39999771118164
1762231614699,806.6000061035156,140.39999771118164
1762231614731,807.6000061035156,141.39999771118164
1762231614763,809.6000061035156,142.39999771118164
1762231614795,810.6000061035156,143.39999771118164
1762231614826,813.6000061035156,145.39999771118164
1762231614908,813.6000061035156,146.39999771118164
1762231614953,813.6000061035156,149.39999771118164
1762231614985,814.6000061035156,151.39999771118164
1762231615016,814.6000061035156,154.39999771118164
1762231615048,814.6000061035156,156.39999771118164
1762231615080,814.6000061035156,158.39999771118164
1762231615112,814.6000061035156,160.39999771118164
1762231615144,813.6000061035156,161.39999771118164
1762231615187,813.6000061035156,162.39999771118164
1762231615220,813.6000061035156,163.39999771118164
1762231615252,813.6000061035156,165.39999771118164
1762231615285,813.6000061035156,167.39999771118164
1762231615317,813.6000061035156,169.39999771118164
1762231615350,811.6000061035156,172.39999771118164
1762231615383,809.6000061035156,173.39999771118164
1762231615416,808.6000061035156,175.39999771118164
1762231615461,805.6000061035156,175.39999771118164
1762231615492,803.6000061035156,175.39999771118164
1762231615564,802.6000061035156,175.39999771118164
1762231615611,801.6000061035156,175.39999771118164
1762231615644,801.6000061035156,175.39999771118164
1762231615773,800.6000061035156,175.39999771118164
1762231615827,795.6000061035156,171.39999771118164
1762231615861,794.6000061035156,166.39999771118164
1762231615894,792.6000061035156,163.39999771118164
1762231615927,792.6000061035156,160.39999771118164
1762231615961,792.6000061035156,157.39999771118164
1762231615995,792.6000061035156,154.39999771118164
1762231616028,792.6000061035156,153.39999771118164
1762231616061,792.6000061035156,152.39999771118164
1762231616094,792.6000061035156,151.39999771118164
1762231616128,789.6000061035156,147.39999771118164
1762231616161,788.6000061035156,146.39999771118164
1762231616194,787.6000061035156,144.39999771118164
1762231616227,787.6000061035156,142.39999771118164
1762231616261,787.6000061035156,139.39999771118164
1762231616295,787.6000061035156,137.39999771118164
1762231616329,787.6000061035156,135.39999771118164
1762231616362,789.6000061035156,134.39999771118164
1762231616396,790.6000061035156,134.39999771118164
1762231616430,793.6000061035156,132.39999771118164
1762231616476,798.6000061035156,132.39999771118164
1762231616509,801.6000061035156,132.39999771118164
1762231616542,801.6000061035156,132.39999771118164
1762231616575,804.6000061035156,132.39999771118164
1762231616608,807.6000061035156,134.39999771118164
1762231616642,809.6000061035156,136.39999771118164
1762231616676,812.6000061035156,139.39999771118164
1762231616709,813.6000061035156,144.39999771118164
1762231616742,814.6000061035156,148.39999771118164
1762231616776,814.6000061035156,151.39999771118164
1762231616809,816.6000061035156,155.39999771118164
1762231616842,816.6000061035156,159.39999771118164
1762231616875,816.6000061035156,163.39999771118164
1762231616907,816.6000061035156,166.39999771118164
1762231616940,814.6000061035156,169.39999771118164
1762231616974,811.6000061035156,171.39999771118164
1762231617007,808.6000061035156,173.39999771118164
1762231617041,806.6000061035156,174.39999771118164
1762231617074,804.6000061035156,175.39999771118164
1762231617107,801.6000061035156,176.39999771118164
1762231617140,800.6000061035156,176.39999771118164
1762231617174,798.6000061035156,178.39999771118164
1762231617219,797.6000061035156,178.39999771118164
1762231617251,796.6000061035156,178.39999771118164
1762231617283,793.6000061035156,178.39999771118164
1762231617316,792.6000061035156,178.39999771118164
1762231617349,792.6000061035156,177.39999771118164
1762231617383,789.6000061035156,174.39999771118164
1762231617416,787.6000061035156,171.39999771118164
1762231617449,785.6000061035156,168.39999771118164
1762231617495,782.6000061035156,162.39999771118164
1762231617528,781.6000061035156,159.39999771118164
1762231617562,780.6000061035156,155.39999771118164
1762231617595,780.6000061035156,151.39999771118164
1762231617628,780.6000061035156,148.39999771118164
1762231617661,780.6000061035156,145.39999771118164
1762231617694,780.6000061035156,144.39999771118164
1762231617728,780.6000061035156,142.39999771118164
1762231617761,781.6000061035156,140.39999771118164
1762231617794,781.6000061035156,138.39999771118164
1762231617828,783.6000061035156,137.39999771118164
1762231617861,785.6000061035156,137.39999771118164
1762231617900,789.6000061035156,137.39999771118164
1762231617932,793.6000061035156,137.39999771118164
1762231617964,797.6000061035156,137.39999771118164
1762231617996,799.6000061035156,137.39999771118164
1762231618028,801.6000061035156,137.39999771118164
1762231618061,804.6000061035156,137.39999771118164
1762231618094,807.6000061035156,137.39999771118164
1762231618126,811.6000061035156,139.39999771118164
1762231618158,812.6000061035156,142.39999771118164
1762231618191,812.6000061035156,146.39999771118164
1762231618225,813.6000061035156,150.39999771118164
1762231618258,813.6000061035156,153.39999771118164
1762231618292,813.6000061035156,157.39999771118164
1762231618324,813.6000061035156,161.39999771118164
1762231618357,813.6000061035156,164.39999771118164
1762231618390,813.6000061035156,165.39999771118164
1762231618424,812.6000061035156,166.39999771118164
1762231618457,810.6000061035156,168.39999771118164
1762231618499,806.6000061035156,169.39999771118164
1762231618531,804.6000061035156,171.39999771118164
1762231618564,802.6000061035156,171.39999771118164
1762231618597,799.6000061035156,170.39999771118164
1762231618630,793.6000061035156,166.39999771118164
1762231618663,789.6000061035156,163.39999771118164
1762231618696,786.6000061035156,157.39999771118164
1762231618729,784.6000061035156,152.39999771118164
1762231618762,784.6000061035156,148.39999771118164
1762231618794,782.6000061035156,145.39999771118164
1762231618826,782.6000061035156,142.39999771118164
1762231618859,782.6000061035156,140.39999771118164
1762231618891,782.6000061035156,136.39999771118164
1762231618923,785.6000061035156,134.39999771118164
1762231618955,787.6000061035156,134.39999771118164
1762231618987,789.6000061035156,134.39999771118164
1762231619020,793.6000061035156,134.39999771118164
1762231619052,796.6000061035156,134.39999771118164
1762231619084,801.6000061035156,136.39999771118164
1762231619117,804.6000061035156,140.39999771118164
1762231619150,806.6000061035156,144.39999771118164
1762231619185,807.6000061035156,149.39999771118164
1762231619221,808.6000061035156,156.39999771118164
1762231619254,808.6000061035156,159.39999771118164
1762231619287,808.6000061035156,165.39999771118164
1762231619320,808.6000061035156,168.39999771118164
1762231619353,808.6000061035156,173.39999771118164
1762231619385,808.6000061035156,175.39999771118164
1762231619418,806.6000061035156,178.39999771118164
1762231619450,804.6000061035156,180.39999771118164
1762231619482,803.6000061035156,181.39999771118164
1762231619524,800.6000061035156,184.39999771118164
1762231619555,798.6000061035156,185.39999771118164
1762231619587,797.6000061035156,186.39999771118164
1762231619620,795.6000061035156,186.39999771118164
1762231619652,795.6000061035156,186.39999771118164
1762231619684,793.6000061035156,186.39999771118164
1762231619716,791.6000061035156,186.39999771118164
1762231619748,788.6000061035156,186.39999771118164
1762231619780,786.6000061035156,186.39999771118164
1762231619812,784.6000061035156,185.39999771118164
1762231619848,781.6000061035156,179.39999771118164
1762231619880,780.6000061035156,169.39999771118164
1762231619913,780.6000061035156,163.39999771118164
1762231619945,780.6000061035156,159.39999771118164
1762231619977,780.6000061035156,156.39999771118164
1762231620057,781.6000061035156,156.39999771118164
1762231620107,782.6000061035156,156.39999771118164
1762231620139,784.6000061035156,157.39999771118164
1762231620173,786.6000061035156,160.39999771118164
1762231620208,788.6000061035156,166.39999771118164
1762231620243,790.6000061035156,171.39999771118164
1762231620277,791.6000061035156,173.39999771118164
1762231620311,791.6000061035156,178.39999771118164
1762231620345,791.6000061035156,180.39999771118164
1762231620379,791.6000061035156,183.39999771118164
1762231620412,788.6000061035156,187.39999771118164
1762231620447,785.6000061035156,188.39999771118164
1762231620481,781.6000061035156,188.39999771118164
1762231620525,780.6000061035156,189.39999771118164
1762231620558,778.6000061035156,191.39999771118164
1762231620592,777.6000061035156,191.39999771118164
1762231620627,775.6000061035156,194.39999771118164
1762231620661,774.6000061035156,195.39999771118164
1762231620695,773.6000061035156,197.39999771118164
1762231620729,771.6000061035156,198.39999771118164
1762231620762,770.6000061035156,199.39999771118164
1762231620796,770.6000061035156,200.39999771118164
1762231620830,768.6000061035156,200.39999771118164
1762231620864,767.6000061035156,203.39999771118164
1762231620996,767.6000061035156,203.39999771118164
1762231621052,771.6000061035156,203.39999771118164
1762231621087,772.6000061035156,199.39999771118164
1762231621122,774.6000061035156,195.39999771118164
1762231621155,776.6000061035156,189.39999771118164
1762231621187,777.6000061035156,184.39999771118164
1762231621221,778.6000061035156,180.39999771118164
1762231621254,779.6000061035156,175.39999771118164
1762231621288,781.6000061035156,170.39999771118164
1762231621322,782.6000061035156,168.39999771118164
1762231621422,782.6000061035156,169.39999771118164
1762231621477,778.6000061035156,178.39999771118164
1762231621511,774.6000061035156,187.39999771118164
1762231621555,770.6000061035156,196.39999771118164
1762231621589,769.6000061035156,200.39999771118164
1762231621623,766.6000061035156,203.39999771118164
1762231621657,763.6000061035156,207.39999771118164
1762231621691,762.6000061035156,208.39999771118164
1762231621725,760.6000061035156,209.39999771118164
1762231621759,759.6000061035156,210.39999771118164
1762231621793,759.6000061035156,213.39999771118164
1762231621826,758.6000061035156,215.39999771118164
1762231621860,758.6000061035156,218.39999771118164
1762231621893,758.6000061035156,220.39999771118164
1762231621928,758.6000061035156,223.39999771118164
1762231621962,758.6000061035156,226.39999771118164
1762231621995,758.6000061035156,229.39999771118164
1762231622029,757.6000061035156,233.39999771118164
1762231622063,757.6000061035156,234.39999771118164
1762231622097,756.6000061035156,237.39999771118164
1762231622131,756.6000061035156,238.39999771118164
1762231622165,757.6000061035156,241.39999771118164
1762231622198,758.6000061035156,243.39999771118164
1762231622231,758.6000061035156,244.39999771118164
1762231622265,759.6000061035156,247.39999771118164
1762231622298,760.6000061035156,248.39999771118164
1762231622332,762.6000061035156,250.39999771118164
1762231622365,762.6000061035156,252.39999771118164
1762231622398,764.6000061035156,254.39999771118164
1762231622432,765.6000061035156,256.39999771118164
1762231622466,766.6000061035156,257.39999771118164
1762231622500,767.6000061035156,258.39999771118164
1762231622533,768.6000061035156,258.39999771118164
1762231622576,770.6000061035156,258.39999771118164
1762231622610,773.6000061035156,258.39999771118164
1762231622643,775.6000061035156,258.39999771118164
1762231622675,779.6000061035156,258.39999771118164
1762231622708,781.6000061035156,258.39999771118164
1762231622741,782.6000061035156,258.39999771118164
1762231622774,785.6000061035156,259.39999771118164
1762231622807,789.6000061035156,262.39999771118164
1762231622840,792.6000061035156,263.39999771118164
1762231622874,794.6000061035156,265.39999771118164
1762231622908,800.6000061035156,267.39999771118164
1762231622941,805.6000061035156,268.39999771118164
1762231622975,810.6000061035156,268.39999771118164
1762231623009,813.6000061035156,268.39999771118164
1762231623042,816.6000061035156,268.39999771118164
1762231623076,819.6000061035156,267.39999771118164
1762231623109,821.6000061035156,265.39999771118164
1762231623144,823.6000061035156,261.39999771118164
1762231623178,824.6000061035156,258.39999771118164
1762231623212,825.6000061035156,255.39999771118164
1762231623245,825.6000061035156,250.39999771118164
1762231623279,825.6000061035156,245.39999771118164
1762231623314,825.6000061035156,241.39999771118164
1762231623348,825.6000061035156,238.39999771118164
1762231623382,822.6000061035156,233.39999771118164
1762231623416,821.6000061035156,230.39999771118164
1762231623450,820.6000061035156,225.39999771118164
1762231623485,820.6000061035156,221.39999771118164
1762231623520,818.6000061035156,215.39999771118164
1762231623553,818.6000061035156,212.39999771118164
1762231623607,816.6000061035156,203.39999771118164
1762231623642,815.6000061035156,200.39999771118164
1762231623675,813.6000061035156,195.39999771118164
1762231623708,811.6000061035156,190.39999771118164
1762231623741,809.6000061035156,187.39999771118164
1762231623774,809.6000061035156,185.39999771118164
1762231623807,808.6000061035156,185.39999771118164
1762231623980,808.6000061035156,185.39999771118164
1762231624035,814.6000061035156,190.39999771118164
1762231624070,816.6000061035156,194.39999771118164
1762231624103,818.6000061035156,199.39999771118164
1762231624136,820.6000061035156,203.39999771118164
1762231624172,820.6000061035156,205.39999771118164
1762231624207,821.6000061035156,207.39999771118164
1762231624241,821.6000061035156,209.39999771118164
1762231624372,821.6000061035156,209.39999771118164
1762231624427,815.6000061035156,203.39999771118164
1762231624461,813.6000061035156,198.39999771118164
1762231624495,810.6000061035156,193.39999771118164
1762231624529,808.6000061035156,189.39999771118164
1762231624563,806.6000061035156,186.39999771118164
1762231624606,805.6000061035156,181.39999771118164
1762231624686,805.6000061035156,179.39999771118164
1762231624727,805.6000061035156,177.39999771118164
1762231624760,805.6000061035156,175.39999771118164
1762231624900,805.6000061035156,176.39999771118164
1762231624955,809.6000061035156,180.39999771118164
1762231624990,809.6000061035156,181.39999771118164
1762231625024,811.6000061035156,182.39999771118164
1762231625058,812.6000061035156,183.39999771118164
1762231625092,812.6000061035156,183.39999771118164
1762231625169,812.6000061035156,182.39999771118164
1762231625204,812.6000061035156,179.39999771118164
1762231625239,812.6000061035156,175.39999771118164
1762231625273,812.6000061035156,174.39999771118164
1762231625309,813.6000061035156,172.39999771118164
1762231625387,813.6000061035156,173.39999771118164
1762231625436,816.6000061035156,177.39999771118164
1762231625473,817.6000061035156,182.39999771118164
1762231625508,818.6000061035156,185.39999771118164
1762231625543,818.6000061035156,188.39999771118164
1762231625578,818.6000061035156,189.39999771118164
1762231625623,818.6000061035156,191.39999771118164
1762231625657,818.6000061035156,194.39999771118164
1762231625692,819.6000061035156,195.39999771118164
1762231625726,819.6000061035156,196.39999771118164
1762231625761,819.6000061035156,198.39999771118164
1762231625798,819.6000061035156,199.39999771118164
1762231625833,819.6000061035156,201.39999771118164
1762231625868,819.6000061035156,203.39999771118164
1762231625902,819.6000061035156,207.39999771118164
1762231625939,817.6000061035156,212.39999771118164
1762231625976,816.6000061035156,215.39999771118164
1762231626012,816.6000061035156,218.39999771118164
1762231626051,816.6000061035156,219.39999771118164
1762231626085,816.6000061035156,220.39999771118164
1762231626121,815.6000061035156,222.39999771118164
1762231626158,815.6000061035156,226.39999771118164
1762231626195,815.6000061035156,231.39999771118164
1762231626231,814.6000061035156,234.39999771118164
1762231626267,812.6000061035156,238.39999771118164
1762231626303,812.6000061035156,241.39999771118164
1762231626340,811.6000061035156,246.39999771118164
1762231626376,811.6000061035156,248.39999771118164
1762231626412,810.6000061035156,252.39999771118164
1762231626447,810.6000061035156,255.39999771118164
1762231626483,810.6000061035156,257.39999771118164
1762231626519,810.6000061035156,260.39999771118164
1762231626555,810.6000061035156,260.39999771118164
1762231626652,810.6000061035156,261.39999771118164
1762231626755,810.6000061035156,261.39999771118164
1762231626798,812.6000061035156,257.39999771118164
1762231626833,815.6000061035156,251.39999771118164
1762231626868,815.6000061035156,249.39999771118164
1762231626904,817.6000061035156,244.39999771118164
1762231626939,818.6000061035156,240.39999771118164
1762231626974,820.6000061035156,238.39999771118164
1762231627116,820.6000061035156,240.39999771118164
1762231627174,819.6000061035156,246.39999771118164
1762231627210,818.6000061035156,249.39999771118164
1762231627248,817.6000061035156,251.39999771118164
1762231627284,815.6000061035156,255.39999771118164
1762231627319,813.6000061035156,256.39999771118164
1762231627354,813.6000061035156,256.39999771118164
1762231627388,810.6000061035156,256.39999771118164
1762231627423,808.6000061035156,256.39999771118164
1762231627458,806.6000061035156,256.39999771118164
1762231627493,803.6000061035156,256.39999771118164
1762231627528,800.6000061035156,256.39999771118164
1762231627563,798.6000061035156,256.39999771118164
1762231627599,797.6000061035156,257.39999771118164
1762231627634,796.6000061035156,257.39999771118164
1762231627669,793.6000061035156,257.39999771118164
1762231627704,789.6000061035156,257.39999771118164
1762231627750,785.6000061035156,257.39999771118164
1762231627785,782.6000061035156,257.39999771118164
1762231627821,779.6000061035156,256.39999771118164
1762231627857,776.6000061035156,254.39999771118164
1762231627892,773.6000061035156,251.39999771118164
1762231627927,770.6000061035156,247.39999771118164
1762231627963,768.6000061035156,242.39999771118164
1762231628005,767.6000061035156,236.39999771118164
1762231628056,765.6000061035156,227.39999771118164
1762231628100,765.6000061035156,224.39999771118164
1762231628143,765.6000061035156,218.39999771118164
1762231628185,765.6000061035156,214.39999771118164
1762231628227,765.6000061035156,209.39999771118164
1762231628266,768.6000061035156,204.39999771118164
1762231628364,768.6000061035156,203.39999771118164
1762231628418,769.6000061035156,205.39999771118164
1762231628454,770.6000061035156,214.39999771118164
1762231628493,771.6000061035156,219.39999771118164
1762231628528,771.6000061035156,223.39999771118164
1762231628564,772.6000061035156,227.39999771118164
1762231628601,773.6000061035156,230.39999771118164
1762231628636,774.6000061035156,231.39999771118164
1762231628672,774.6000061035156,233.39999771118164
1762231628707,774.6000061035156,235.39999771118164
1762231628753,774.6000061035156,238.39999771118164
1762231628788,774.6000061035156,240.39999771118164
1762231628825,774.6000061035156,242.39999771118164
1762231628861,774.6000061035156,244.39999771118164
1762231628897,773.6000061035156,246.39999771118164
1762231628933,771.6000061035156,248.39999771118164
1762231628969,771.6000061035156,249.39999771118164
1762231629005,771.6000061035156,251.39999771118164
1762231629041,771.6000061035156,253.39999771118164
1762231629077,771.6000061035156,256.39999771118164
1762231629113,771.6000061035156,259.39999771118164
1762231629149,771.6000061035156,261.39999771118164
1762231629188,774.6000061035156,264.39999771118164
1762231629225,776.6000061035156,264.39999771118164
1762231629260,777.6000061035156,264.39999771118164
1762231629296,780.6000061035156,266.39999771118164
1762231629333,782.6000061035156,267.39999771118164
1762231629369,785.6000061035156,268.39999771118164
1762231629405,788.6000061035156,268.39999771118164
1762231629440,790.6000061035156,268.39999771118164
1762231629477,792.6000061035156,268.39999771118164
1762231629513,796.6000061035156,268.39999771118164
1762231629549,797.6000061035156,268.39999771118164
1762231629585,799.6000061035156,268.39999771118164
1762231629621,801.6000061035156,265.39999771118164
1762231629657,802.6000061035156,262.39999771118164
1762231629693,804.6000061035156,258.39999771118164
1762231629729,805.6000061035156,255.39999771118164
1762231629781,805.6000061035156,250.39999771118164
1762231629884,804.6000061035156,251.39999771118164
1762231629939,802.6000061035156,256.39999771118164
1762231629974,802.6000061035156,256.39999771118164
1762231630018,802.6000061035156,258.39999771118164
1762231630131,802.6000061035156,258.39999771118164
1762231630166,803.6000061035156,258.39999771118164
1762231630203,805.6000061035156,259.39999771118164
1762231630239,808.6000061035156,259.39999771118164
1762231630275,810.6000061035156,259.39999771118164
1762231630312,812.6000061035156,259.39999771118164
1762231630348,812.6000061035156,259.39999771118164
1762231630384,814.6000061035156,260.39999771118164
1762231630420,814.6000061035156,260.39999771118164
1762231630456,816.6000061035156,260.39999771118164
1762231630492,818.6000061035156,260.39999771118164
1762231630528,818.6000061035156,260.39999771118164
1762231630564,820.6000061035156,260.39999771118164
1762231630600,821.6000061035156,259.39999771118164
1762231630637,821.6000061035156,258.39999771118164
1762231630673,821.6000061035156,254.39999771118164
1762231630709,821.6000061035156,254.39999771118164
1762231630746,821.6000061035156,250.39999771118164
1762231630797,821.6000061035156,243.39999771118164
1762231630833,821.6000061035156,240.39999771118164
1762231630869,821.6000061035156,235.39999771118164
1762231630905,821.6000061035156,233.39999771118164
1762231630941,821.6000061035156,232.39999771118164
1762231630978,822.6000061035156,230.39999771118164
1762231631014,823.6000061035156,229.39999771118164
1762231631050,823.6000061035156,225.39999771118164
1762231631086,823.6000061035156,223.39999771118164
1762231631130,823.6000061035156,222.39999771118164
1762231631166,823.6000061035156,220.39999771118164
1762231631251,823.6000061035156,219.39999771118164
1762231631300,823.6000061035156,216.39999771118164
1762231631336,822.6000061035156,212.39999771118164
1762231631372,820.6000061035156,210.39999771118164
1762231631409,817.6000061035156,207.39999771118164
1762231631446,815.6000061035156,206.39999771118164
1762231631482,811.6000061035156,202.39999771118164
1762231631518,809.6000061035156,198.39999771118164
1762231631555,808.6000061035156,195.39999771118164
1762231631592,804.6000061035156,187.39999771118164
1762231631629,803.6000061035156,185.39999771118164
1762231631666,801.6000061035156,182.39999771118164
1762231631755,799.6000061035156,184.39999771118164
1762231631823,794.6000061035156,189.39999771118164
1762231631860,793.6000061035156,193.39999771118164
1762231631897,790.6000061035156,193.39999771118164
1762231631933,788.6000061035156,196.39999771118164
1762231632019,788.6000061035156,196.39999771118164
1762231632074,786.6000061035156,193.39999771118164
1762231632113,786.6000061035156,185.39999771118164
1762231632151,786.6000061035156,181.39999771118164
1762231632188,786.6000061035156,178.39999771118164
1762231632225,786.6000061035156,177.39999771118164
1762231632299,785.6000061035156,176.39999771118164
1762231632338,784.6000061035156,177.39999771118164
1762231632375,784.6000061035156,182.39999771118164
1762231632413,782.6000061035156,187.39999771118164
1762231632450,779.6000061035156,193.39999771118164
1762231632487,777.6000061035156,196.39999771118164
1762231632522,776.6000061035156,197.39999771118164
1762231632559,774.6000061035156,202.39999771118164
1762231632596,774.6000061035156,205.39999771118164
1762231632632,774.6000061035156,206.39999771118164
1762231632669,773.6000061035156,209.39999771118164
1762231632705,773.6000061035156,212.39999771118164
1762231632741,773.6000061035156,213.39999771118164
1762231632778,773.6000061035156,214.39999771118164
1762231632829,773.6000061035156,215.39999771118164
1762231632865,774.6000061035156,216.39999771118164
1762231632901,775.6000061035156,214.39999771118164
1762231632938,778.6000061035156,211.39999771118164
1762231632980,782.6000061035156,203.39999771118164
1762231633018,783.6000061035156,198.39999771118164
1762231633056,788.6000061035156,196.39999771118164
1762231633094,791.6000061035156,194.39999771118164
1762231633220,792.6000061035156,194.39999771118164
1762231633281,790.6000061035156,200.39999771118164
1762231633318,786.6000061035156,206.39999771118164
1762231633355,784.6000061035156,209.39999771118164
1762231633395,782.6000061035156,212.39999771118164
1762231633433,782.6000061035156,215.39999771118164
1762231633471,782.6000061035156,218.39999771118164
1762231633509,782.6000061035156,219.39999771118164
1762231633546,782.6000061035156,220.39999771118164
1762231633582,782.6000061035156,221.39999771118164
1762231633732,782.6000061035156,221.39999771118164
1762231633795,782.6000061035156,211.39999771118164
1762231633846,782.6000061035156,204.39999771118164
1762231633884,781.6000061035156,201.39999771118164
1762231634012,781.6000061035156,202.39999771118164
1762231634073,779.6000061035156,210.39999771118164
1762231634113,778.6000061035156,218.39999771118164
1762231634151,777.6000061035156,221.39999771118164
1762231634190,777.6000061035156,222.39999771118164
1762231634228,777.6000061035156,223.39999771118164
1762231634266,777.6000061035156,225.39999771118164
1762231634306,777.6000061035156,226.39999771118164
1762231634344,776.6000061035156,228.39999771118164
1762231634383,776.6000061035156,233.39999771118164
1762231634421,774.6000061035156,235.39999771118164
1762231634494,774.6000061035156,237.39999771118164
1762231634534,774.6000061035156,237.39999771118164
1762231634574,774.6000061035156,238.39999771118164
1762231634612,774.6000061035156,239.39999771118164
1762231635132,774.6000061035156,239.39999771118164
1762231635210,773.6000061035156,239.39999771118164
1762231635248,772.6000061035156,238.39999771118164
1762231635285,770.6000061035156,236.39999771118164
1762231635328,768.6000061035156,234.39999771118164
1762231635368,767.6000061035156,233.39999771118164
1762231635409,766.6000061035156,233.39999771118164
1762231635452,766.6000061035156,232.39999771118164
1762231635636,766.6000061035156,232.39999771118164
1762231635737,766.6000061035156,232.39999771118164
1762231635785,766.6000061035156,223.39999771118164
1762231635823,768.6000061035156,221.39999771118164
1762231635861,768.6000061035156,220.39999771118164
1762231635964,768.6000061035156,220.39999771118164
1762231636023,770.6000061035156,225.39999771118164
1762231636062,772.6000061035156,233.39999771118164
1762231636100,773.6000061035156,237.39999771118164
1762231636139,775.6000061035156,241.39999771118164
1762231636252,776.6000061035156,240.39999771118164
1762231636324,780.6000061035156,223.39999771118164
1762231636362,782.6000061035156,218.39999771118164
1762231636401,784.6000061035156,214.39999771118164
1762231636440,788.6000061035156,207.39999771118164
1762231636478,790.6000061035156,204.39999771118164
1762231636517,792.6000061035156,201.39999771118164
1762231636556,794.6000061035156,197.39999771118164
1762231636595,795.6000061035156,191.39999771118164
1762231636634,796.6000061035156,188.39999771118164
1762231636720,797.6000061035156,187.39999771118164
1762231636785,802.6000061035156,197.39999771118164
1762231636823,804.6000061035156,201.39999771118164
1762231636862,806.6000061035156,203.39999771118164
1762231636901,808.6000061035156,206.39999771118164
1762231636939,809.6000061035156,209.39999771118164
1762231636978,809.6000061035156,211.39999771118164
1762231637132,808.6000061035156,210.39999771118164
1762231637193,803.6000061035156,205.39999771118164
1762231637232,800.6000061035156,202.39999771118164
1762231637271,799.6000061035156,200.39999771118164
1762231637309,798.6000061035156,199.39999771118164
1762231637358,796.6000061035156,196.39999771118164
1762231637396,794.6000061035156,193.39999771118164
1762231637540,794.6000061035156,194.39999771118164
1762231637599,797.6000061035156,197.39999771118164
1762231637639,799.6000061035156,197.39999771118164
1762231637677,800.6000061035156,197.39999771118164
1762231637715,801.6000061035156,197.39999771118164
1762231637811,802.6000061035156,196.39999771118164
1762231637870,803.6000061035156,193.39999771118164
1762231637909,803.6000061035156,190.39999771118164
1762231637948,801.6000061035156,189.39999771118164
1762231638001,801.6000061035156,189.39999771118164
1762231638091,800.6000061035156,189.39999771118164
1762231638151,798.6000061035156,195.39999771118164
1762231638190,796.6000061035156,202.39999771118164
1762231638229,792.6000061035156,206.39999771118164
1762231638268,790.6000061035156,208.39999771118164
1762231638307,787.6000061035156,210.39999771118164
1762231638345,786.6000061035156,212.39999771118164
1762231638394,784.6000061035156,215.39999771118164
1762231638474,784.6000061035156,215.39999771118164
1762231638522,787.6000061035156,216.39999771118164
1762231638560,789.6000061035156,215.39999771118164
1762231638599,790.6000061035156,215.39999771118164
1762231638637,791.6000061035156,215.39999771118164
1762231638676,792.6000061035156,212.39999771118164
1762231638714,792.6000061035156,210.39999771118164
1762231638753,792.6000061035156,209.39999771118164
1762231638792,793.6000061035156,207.39999771118164
1762231638842,793.6000061035156,207.39999771118164
1762231638884,794.6000061035156,207.39999771118164
1762231638922,794.6000061035156,207.39999771118164
1762231638961,796.6000061035156,207.39999771118164
1762231638999,799.6000061035156,208.39999771118164
1762231639038,804.6000061035156,212.39999771118164
1762231639076,807.6000061035156,213.39999771118164
1762231639114,808.6000061035156,214.39999771118164
1762231639155,809.6000061035156,217.39999771118164
1762231639195,809.6000061035156,219.39999771118164
1762231639233,809.6000061035156,220.39999771118164
1762231639271,809.6000061035156,222.39999771118164
1762231639310,809.6000061035156,223.39999771118164
1762231639352,809.6000061035156,224.39999771118164
1762231639404,808.6000061035156,224.39999771118164
1762231639443,805.6000061035156,224.39999771118164
1762231639482,802.6000061035156,221.39999771118164
1762231639522,802.6000061035156,216.39999771118164
1762231639561,800.6000061035156,214.39999771118164
1762231639600,799.6000061035156,213.39999771118164
1762231639723,799.6000061035156,214.39999771118164
1762231639784,801.6000061035156,222.39999771118164
1762231639824,802.6000061035156,227.39999771118164
1762231639864,803.6000061035156,231.39999771118164
1762231639907,805.6000061035156,237.39999771118164
1762231639946,806.6000061035156,239.39999771118164
1762231639986,806.6000061035156,240.39999771118164
1762231640025,807.6000061035156,240.39999771118164
1762231640064,807.6000061035156,242.39999771118164
1762231640103,807.6000061035156,243.39999771118164
1762231640143,806.6000061035156,244.39999771118164
1762231640183,803.6000061035156,244.39999771118164
1762231640222,801.6000061035156,244.39999771118164
1762231640261,800.6000061035156,243.39999771118164
1762231640301,799.6000061035156,237.39999771118164
1762231640340,798.6000061035156,231.39999771118164
1762231640379,798.6000061035156,226.39999771118164
1762231640432,798.6000061035156,222.39999771118164
1762231640532,798.6000061035156,223.39999771118164
1762231640593,799.6000061035156,226.39999771118164
1762231640633,800.6000061035156,232.39999771118164
1762231640672,800.6000061035156,239.39999771118164
1762231640712,801.6000061035156,244.39999771118164
1762231640751,801.6000061035156,247.39999771118164
1762231640891,801.6000061035156,246.39999771118164
1762231640954,806.6000061035156,232.39999771118164
1762231640994,808.6000061035156,227.39999771118164
1762231641034,811.6000061035156,225.39999771118164
1762231641073,811.6000061035156,224.39999771118164
1762231641196,811.6000061035156,225.39999771118164
1762231641255,811.6000061035156,233.39999771118164
1762231641294,811.6000061035156,237.39999771118164
1762231641334,809.6000061035156,238.39999771118164
1762231641373,808.6000061035156,238.39999771118164
1762231641411,807.6000061035156,238.39999771118164
1762231641465,803.6000061035156,238.39999771118164
1762231641504,800.6000061035156,238.39999771118164
1762231641543,798.6000061035156,237.39999771118164
1762231641582,798.6000061035156,230.39999771118164
1762231641622,798.6000061035156,223.39999771118164
1762231641661,797.6000061035156,220.39999771118164
1762231641771,796.6000061035156,220.39999771118164
1762231641836,790.6000061035156,239.39999771118164
1762231641875,788.6000061035156,252.39999771118164
1762231641914,786.6000061035156,257.39999771118164
1762231641952,786.6000061035156,258.39999771118164
1762231642002,786.6000061035156,258.39999771118164
1762231642048,785.6000061035156,258.39999771118164
1762231642085,784.6000061035156,255.39999771118164
1762231642128,784.6000061035156,247.39999771118164
1762231642170,784.6000061035156,236.39999771118164
1762231642212,784.6000061035156,230.39999771118164
1762231642250,784.6000061035156,227.39999771118164
1762231642289,785.6000061035156,227.39999771118164
1762231642370,785.6000061035156,227.39999771118164
1762231642416,787.6000061035156,228.39999771118164
1762231642466,790.6000061035156,231.39999771118164
1762231642504,792.6000061035156,237.39999771118164
1762231642542,794.6000061035156,242.39999771118164
1762231642581,794.6000061035156,245.39999771118164
1762231642620,794.6000061035156,247.39999771118164
1762231642658,795.6000061035156,248.39999771118164
1762231642738,795.6000061035156,247.39999771118164
1762231642781,795.6000061035156,240.39999771118164
1762231642820,795.6000061035156,234.39999771118164
1762231642859,795.6000061035156,228.39999771118164
1762231642898,795.6000061035156,226.39999771118164
1762231642937,793.6000061035156,224.39999771118164
1762231642976,793.6000061035156,223.39999771118164
1762231643014,792.6000061035156,222.39999771118164
1762231643065,792.6000061035156,223.39999771118164
1762231643103,792.6000061035156,224.39999771118164
1762231643141,792.6000061035156,229.39999771118164
1762231643180,792.6000061035156,236.39999771118164
1762231643220,792.6000061035156,244.39999771118164
1762231643259,792.6000061035156,245.39999771118164
1762231643299,792.6000061035156,247.39999771118164
1762231643337,792.6000061035156,248.39999771118164
1762231643435,791.6000061035156,249.39999771118164
1762231643506,787.6000061035156,243.39999771118164
1762231643546,787.6000061035156,237.39999771118164
1762231643585,787.6000061035156,235.39999771118164
1762231643624,787.6000061035156,234.39999771118164
1762231643707,787.6000061035156,233.39999771118164
1762231643777,783.6000061035156,242.39999771118164
1762231643817,781.6000061035156,244.39999771118164
1762231643856,779.6000061035156,244.39999771118164
1762231643894,777.6000061035156,244.39999771118164
1762231643932,774.6000061035156,244.39999771118164
1762231643971,773.6000061035156,244.39999771118164
1762231644010,770.6000061035156,242.39999771118164
1762231644049,769.6000061035156,237.39999771118164
1762231644089,767.6000061035156,232.39999771118164
1762231644129,767.6000061035156,228.39999771118164
1762231644168,767.6000061035156,225.39999771118164
1762231644246,770.6000061035156,228.39999771118164
1762231644282,772.6000061035156,231.39999771118164
1762231644320,774.6000061035156,236.39999771118164
1762231644359,778.6000061035156,239.39999771118164
1762231644398,780.6000061035156,241.39999771118164
1762231644437,782.6000061035156,244.39999771118164
1762231644476,784.6000061035156,245.39999771118164
1762231644529,786.6000061035156,248.39999771118164
1762231644566,787.6000061035156,248.39999771118164
1762231644604,788.6000061035156,249.39999771118164
1762231644679,787.6000061035156,248.39999771118164
1762231644717,782.6000061035156,247.39999771118164
1762231644756,776.6000061035156,244.39999771118164
1762231644795,773.6000061035156,243.39999771118164
1762231644834,770.6000061035156,240.39999771118164
1762231644873,768.6000061035156,238.39999771118164
1762231644912,767.6000061035156,234.39999771118164
1762231644951,766.6000061035156,230.39999771118164
1762231644990,764.6000061035156,227.39999771118164
1762231645028,762.6000061035156,222.39999771118164
1762231645067,762.6000061035156,220.39999771118164
1762231645105,762.6000061035156,218.39999771118164
1762231645144,762.6000061035156,216.39999771118164
1762231645184,762.6000061035156,211.39999771118164
1762231645224,762.6000061035156,208.39999771118164
1762231645262,762.6000061035156,206.39999771118164
1762231645302,762.6000061035156,202.39999771118164
1762231645340,762.6000061035156,201.39999771118164
1762231645379,762.6000061035156,199.39999771118164
1762231645423,763.6000061035156,192.39999771118164
1762231645462,765.6000061035156,188.39999771118164
1762231645502,766.6000061035156,185.39999771118164
1762231645553,768.6000061035156,181.39999771118164
1762231645591,770.6000061035156,179.39999771118164
1762231645683,771.6000061035156,177.39999771118164
1762231645740,776.6000061035156,174.39999771118164
1762231645779,777.6000061035156,174.39999771118164
1762231645818,779.6000061035156,170.39999771118164
1762231645857,779.6000061035156,168.39999771118164
1762231645896,780.6000061035156,166.39999771118164
1762231645935,780.6000061035156,163.39999771118164
1762231645977,781.6000061035156,157.39999771118164
1762231646016,782.6000061035156,155.39999771118164
1762231646057,782.6000061035156,154.39999771118164
1762231646137,782.6000061035156,155.39999771118164
1762231646177,777.6000061035156,167.39999771118164
1762231646216,776.6000061035156,172.39999771118164
1762231646255,773.6000061035156,176.39999771118164
1762231646295,772.6000061035156,180.39999771118164
1762231646333,769.6000061035156,182.39999771118164
1762231646372,768.6000061035156,187.39999771118164
1762231646411,766.6000061035156,189.39999771118164
1762231646450,762.6000061035156,197.39999771118164
1762231646488,762.6000061035156,199.39999771118164
1762231646527,762.6000061035156,201.39999771118164
1762231646577,762.6000061035156,203.39999771118164
1762231646641,763.6000061035156,203.39999771118164
1762231646681,764.6000061035156,203.39999771118164
1762231646720,766.6000061035156,196.39999771118164
1762231646760,769.6000061035156,186.39999771118164
1762231646799,771.6000061035156,179.39999771118164
1762231646839,772.6000061035156,174.39999771118164
1762231646879,774.6000061035156,168.39999771118164
1762231646919,774.6000061035156,163.39999771118164
1762231646959,775.6000061035156,160.39999771118164
1762231646999,777.6000061035156,158.39999771118164
1762231647038,778.6000061035156,156.39999771118164
1762231647077,779.6000061035156,155.39999771118164
1762231647116,780.6000061035156,155.39999771118164
1762231647156,783.6000061035156,155.39999771118164
1762231647196,787.6000061035156,159.39999771118164
1762231647236,791.6000061035156,166.39999771118164
1762231647276,795.6000061035156,175.39999771118164
1762231647315,796.6000061035156,181.39999771118164
1762231647354,799.6000061035156,187.39999771118164
1762231647394,801.6000061035156,193.39999771118164
1762231647434,802.6000061035156,202.39999771118164
1762231647474,803.6000061035156,211.39999771118164
1762231647514,803.6000061035156,219.39999771118164
1762231647553,803.6000061035156,224.39999771118164
1762231647609,804.6000061035156,229.39999771118164
1762231647648,804.6000061035156,232.39999771118164
1762231647687,804.6000061035156,238.39999771118164
1762231647727,803.6000061035156,242.39999771118164
1762231647766,799.6000061035156,244.39999771118164
1762231647805,796.6000061035156,245.39999771118164
1762231647844,794.6000061035156,245.39999771118164
1762231647883,790.6000061035156,245.39999771118164
1762231647921,787.6000061035156,244.39999771118164
1762231647960,785.6000061035156,242.39999771118164
1762231647999,781.6000061035156,237.39999771118164
1762231648038,779.6000061035156,234.39999771118164
1762231648126,779.6000061035156,236.39999771118164
1762231648185,776.6000061035156,243.39999771118164
1762231648224,774.6000061035156,249.39999771118164
1762231648264,772.6000061035156,253.39999771118164
1762231648303,771.6000061035156,254.39999771118164
1762231648342,770.6000061035156,254.39999771118164
1762231648381,769.6000061035156,254.39999771118164
1762231648420,765.6000061035156,248.39999771118164
1762231648462,761.6000061035156,239.39999771118164
1762231648517,761.6000061035156,235.39999771118164
1762231648580,763.6000061035156,234.39999771118164
1762231648635,764.6000061035156,239.39999771118164
1762231648677,764.6000061035156,243.39999771118164
1762231648718,765.6000061035156,248.39999771118164
1762231648762,765.6000061035156,252.39999771118164
1762231648803,765.6000061035156,256.39999771118164
1762231648843,765.6000061035156,257.39999771118164
1762231648884,763.6000061035156,260.39999771118164
1762231648924,763.6000061035156,262.39999771118164
1762231648963,764.6000061035156,263.39999771118164
1762231649004,765.6000061035156,263.39999771118164
1762231649044,766.6000061035156,263.39999771118164
1762231649085,771.6000061035156,263.39999771118164
1762231649125,777.6000061035156,263.39999771118164
1762231649167,781.6000061035156,261.39999771118164
1762231649213,786.6000061035156,256.39999771118164
1762231649253,791.6000061035156,252.39999771118164
1762231649293,798.6000061035156,248.39999771118164
1762231649334,802.6000061035156,245.39999771118164
1762231649375,804.6000061035156,239.39999771118164
1762231649416,804.6000061035156,235.39999771118164
1762231649457,804.6000061035156,228.39999771118164
1762231649498,804.6000061035156,223.39999771118164
1762231649539,800.6000061035156,216.39999771118164
1762231649581,800.6000061035156,210.39999771118164
1762231649627,800.6000061035156,200.39999771118164
1762231649674,800.6000061035156,194.39999771118164
1762231649715,800.6000061035156,192.39999771118164
1762231649756,800.6000061035156,189.39999771118164
1762231649796,801.6000061035156,187.39999771118164
1762231649837,801.6000061035156,186.39999771118164
-1,-1,-1
1762231463680,,
1762231474017,,
1762231482440,,
1762231494213,,
1762231547046,,
1762231563826,,
1762231565557,,
1762231599429,,
1762231606724,,
-1,-1,-1
1762231472559,,
1762231481542,,
1762231485894,,
1762231534642,,
1762231562464,,
1762231564247,,
1762231598061,,
1762231600503,,
1762231649905,,
