1762230706553,41.79998779296875,598.3999977111816
1762230706560,49.79998779296875,584.3999977111816
1762230706566,55.79998779296875,565.3999977111816
1762230706574,64.79998779296875,545.3999977111816
1762230706580,73.79998779296875,521.3999977111816
1762230706588,84.79998779296875,496.39999771118164
1762230706594,95.79998779296875,471.39999771118164
1762230706601,104.79998779296875,446.39999771118164
1762230706608,115.79998779296875,426.39999771118164
1762230706615,121.79998779296875,415.39999771118164
1762230706622,125.79998779296875,405.39999771118164
1762230706629,126.79998779296875,400.39999771118164
1762230706636,129.79998779296875,397.39999771118164
1762230706643,129.79998779296875,394.39999771118164
1762230706650,129.79998779296875,393.39999771118164
1762230706657,130.79998779296875,392.39999771118164
1762230706664,130.79998779296875,391.39999771118164
1762230706672,131.79998779296875,391.39999771118164
1762230706742,130.79998779296875,392.39999771118164
1762230706761,130.79998779296875,393.39999771118164
1762230706768,129.79998779296875,394.39999771118164
1762230706775,129.79998779296875,396.39999771118164
1762230706782,128.79998779296875,397.39999771118164
1762230706789,128.79998779296875,398.39999771118164
1762230706796,126.79998779296875,398.39999771118164
1762230706803,125.79998779296875,401.39999771118164
1762230706810,124.79998779296875,401.39999771118164
1762230706817,124.79998779296875,403.39999771118164
1762230706824,121.79998779296875,404.39999771118164
1762230706831,121.79998779296875,405.39999771118164
1762230706838,119.79998779296875,405.39999771118164
1762230706845,118.79998779296875,406.39999771118164
1762230706852,116.79998779296875,408.39999771118164
1762230706859,114.79998779296875,409.39999771118164
1762230706865,113.79998779296875,409.39999771118164
1762230706872,111.79998779296875,411.39999771118164
1762230706879,109.79998779296875,412.39999771118164
1762230706886,107.79998779296875,415.39999771118164
1762230706893,105.79998779296875,416.39999771118164
1762230706900,101.79998779296875,417.39999771118164
1762230706907,99.79998779296875,421.39999771118164
1762230706914,96.79998779296875,421.39999771118164
1762230706921,93.79998779296875,423.39999771118164
1762230706928,90.79998779296875,426.39999771118164
1762230706935,88.79998779296875,427.39999771118164
1762230706942,83.79998779296875,429.39999771118164
1762230706948,82.79998779296875,431.39999771118164
1762230706955,79.79998779296875,433.39999771118164
1762230706962,77.79998779296875,434.39999771118164
1762230706969,76.79998779296875,434.39999771118164
1762230706976,74.79998779296875,435.39999771118164
1762230706983,73.79998779296875,435.39999771118164
1762230706990,72.79998779296875,437.39999771118164
1762230706998,71.79998779296875,437.39999771118164
1762230707008,69.79998779296875,437.39999771118164
1762230707076,69.79998779296875,436.39999771118164
1762230707095,69.79998779296875,435.39999771118164
1762230707109,69.79998779296875,433.39999771118164
1762230707138,70.79998779296875,433.39999771118164
1762230707145,70.79998779296875,432.39999771118164
1762230707151,71.79998779296875,432.39999771118164
1762230707161,71.79998779296875,430.39999771118164
1762230707166,73.79998779296875,430.39999771118164
1762230707171,73.79998779296875,429.39999771118164
1762230707194,73.79998779296875,428.39999771118164
1762230707199,75.79998779296875,427.39999771118164
1762230707220,75.79998779296875,426.39999771118164
1762230707226,76.79998779296875,426.39999771118164
1762230707235,77.79998779296875,425.39999771118164
1762230707254,78.79998779296875,424.39999771118164
1762230707262,79.79998779296875,424.39999771118164
1762230707284,81.79998779296875,424.39999771118164
1762230707346,81.79998779296875,425.39999771118164
1762230707368,81.79998779296875,426.39999771118164
1762230707374,80.79998779296875,426.39999771118164
1762230707380,80.79998779296875,427.39999771118164
1762230707400,80.79998779296875,429.39999771118164
1762230707407,79.79998779296875,429.39999771118164
1762230707428,79.79998779296875,431.39999771118164
1762230707436,79.79998779296875,432.39999771118164
1762230707458,79.79998779296875,433.39999771118164
1762230707881,79.79998779296875,433.39999771118164
1762230708087,79.79998779296875,433.39999771118164
1762230708202,79.79998779296875,434.39999771118164
1762230708213,79.79998779296875,435.39999771118164
1762230708219,79.79998779296875,437.39999771118164
1762230708227,79.79998779296875,439.39999771118164
1762230708233,79.79998779296875,440.39999771118164
1762230708241,79.79998779296875,441.39999771118164
1762230708247,79.79998779296875,442.39999771118164
1762230708254,81.79998779296875,445.39999771118164
1762230708261,81.79998779296875,447.39999771118164
1762230708268,81.79998779296875,449.39999771118164
1762230708275,81.79998779296875,449.39999771118164
1762230708283,81.79998779296875,451.39999771118164
1762230708289,83.79998779296875,453.39999771118164
1762230708296,83.79998779296875,454.39999771118164
1762230708303,84.79998779296875,456.39999771118164
1762230708310,84.79998779296875,457.39999771118164
1762230708317,85.79998779296875,459.39999771118164
1762230708324,85.79998779296875,461.39999771118164
1762230708331,86.79998779296875,461.39999771118164
1762230708338,86.79998779296875,464.39999771118164
1762230708344,86.79998779296875,465.39999771118164
1762230708351,88.79998779296875,466.39999771118164
1762230708358,88.79998779296875,467.39999771118164
1762230708365,89.79998779296875,469.39999771118164
1762230708372,89.79998779296875,469.39999771118164
1762230708381,89.79998779296875,471.39999771118164
1762230708392,89.79998779296875,472.39999771118164
1762230708417,89.79998779296875,474.39999771118164
1762230708430,89.79998779296875,475.39999771118164
1762230708438,91.79998779296875,477.39999771118164
1762230708462,91.79998779296875,477.39999771118164
1762230708471,92.79998779296875,478.39999771118164
1762230708490,92.79998779296875,480.39999771118164
1762230708525,93.79998779296875,480.39999771118164
1762230708531,93.79998779296875,481.39999771118164
1762230708568,93.79998779296875,482.39999771118164
1762230708573,94.79998779296875,482.39999771118164
1762230708602,96.79998779296875,483.39999771118164
1762230708636,97.79998779296875,485.39999771118164
1762230708657,97.79998779296875,485.39999771118164
1762230708740,99.79998779296875,485.39999771118164
1762230708762,100.79998779296875,485.39999771118164
1762230708774,101.79998779296875,485.39999771118164
1762230708797,102.79998779296875,485.39999771118164
1762230708809,102.79998779296875,485.39999771118164
1762230708816,104.79998779296875,485.39999771118164
1762230708823,104.79998779296875,486.39999771118164
1762230708830,105.79998779296875,486.39999771118164
1762230708851,105.79998779296875,486.39999771118164
1762230708863,107.79998779296875,488.39999771118164
1762230708878,108.79998779296875,488.39999771118164
1762230708916,109.79998779296875,488.39999771118164
1762230708961,110.79998779296875,488.39999771118164
1762230709036,110.79998779296875,487.39999771118164
1762230709070,110.79998779296875,486.39999771118164
1762230709081,110.79998779296875,485.39999771118164
1762230709109,110.79998779296875,484.39999771118164
1762230709115,109.79998779296875,483.39999771118164
1762230709143,108.79998779296875,481.39999771118164
1762230709149,106.79998779296875,481.39999771118164
1762230709163,105.79998779296875,481.39999771118164
1762230709171,105.79998779296875,479.39999771118164
1762230709184,105.79998779296875,478.39999771118164
1762230709187,105.79998779296875,478.39999771118164
1762230709199,105.79998779296875,477.39999771118164
1762230709227,105.79998779296875,476.39999771118164
1762230709233,105.79998779296875,475.39999771118164
1762230709246,105.79998779296875,473.39999771118164
1762230709268,105.79998779296875,473.39999771118164
1762230709281,105.79998779296875,472.39999771118164
1762230709296,105.79998779296875,470.39999771118164
1762230709319,105.79998779296875,469.39999771118164
1762230709330,105.79998779296875,468.39999771118164
1762230709342,105.79998779296875,467.39999771118164
1762230709365,105.79998779296875,465.39999771118164
1762230709377,105.79998779296875,465.39999771118164
1762230709400,105.79998779296875,462.39999771118164
1762230709406,105.79998779296875,461.39999771118164
1762230709420,105.79998779296875,460.39999771118164
1762230709423,105.79998779296875,459.39999771118164
1762230709435,105.79998779296875,457.39999771118164
1762230709444,105.79998779296875,457.39999771118164
1762230709463,105.79998779296875,456.39999771118164
1762230709469,105.79998779296875,454.39999771118164
1762230709483,105.79998779296875,453.39999771118164
1762230709486,105.79998779296875,452.39999771118164
1762230709497,105.79998779296875,451.39999771118164
1762230709518,105.79998779296875,449.39999771118164
1762230709524,107.79998779296875,449.39999771118164
1762230709532,107.79998779296875,448.39999771118164
1762230709553,107.79998779296875,445.39999771118164
1762230709574,107.79998779296875,443.39999771118164
1762230709583,107.79998779296875,442.39999771118164
1762230709609,107.79998779296875,441.39999771118164
1762230709615,107.79998779296875,440.39999771118164
1762230709623,108.79998779296875,440.39999771118164
1762230709629,108.79998779296875,438.39999771118164
1762230709658,108.79998779296875,437.39999771118164
1762230709665,108.79998779296875,436.39999771118164
1762230709685,108.79998779296875,435.39999771118164
1762230709715,108.79998779296875,434.39999771118164
1762230709724,108.79998779296875,433.39999771118164
1762230709748,108.79998779296875,432.39999771118164
1762230709769,109.79998779296875,432.39999771118164
1762230709806,110.79998779296875,432.39999771118164
1762230709884,109.79998779296875,432.39999771118164
1762230709908,108.79998779296875,432.39999771118164
1762230709928,106.79998779296875,433.39999771118164
1762230709934,105.79998779296875,433.39999771118164
1762230709941,105.79998779296875,434.39999771118164
1762230709948,105.79998779296875,434.39999771118164
1762230709955,103.79998779296875,434.39999771118164
1762230709962,102.79998779296875,434.39999771118164
1762230709969,101.79998779296875,434.39999771118164
1762230709976,100.79998779296875,435.39999771118164
1762230709983,98.79998779296875,435.39999771118164
1762230709990,98.79998779296875,437.39999771118164
1762230709997,97.79998779296875,437.39999771118164
1762230710004,97.79998779296875,437.39999771118164
1762230710011,95.79998779296875,437.39999771118164
1762230710018,94.79998779296875,437.39999771118164
1762230710025,93.79998779296875,439.39999771118164
1762230710038,92.79998779296875,440.39999771118164
1762230710046,90.79998779296875,440.39999771118164
1762230710052,89.79998779296875,440.39999771118164
1762230710060,89.79998779296875,440.39999771118164
1762230710066,89.79998779296875,441.39999771118164
1762230710073,87.79998779296875,441.39999771118164
1762230710094,86.79998779296875,441.39999771118164
1762230710101,85.79998779296875,441.39999771118164
1762230710123,84.79998779296875,441.39999771118164
1762230710151,84.79998779296875,442.39999771118164
1762230710172,84.79998779296875,443.39999771118164
1762230710184,84.79998779296875,445.39999771118164
1762230710205,84.79998779296875,447.39999771118164
1762230710212,85.79998779296875,448.39999771118164
1762230710233,86.79998779296875,449.39999771118164
1762230710240,86.79998779296875,451.39999771118164
1762230710247,88.79998779296875,453.39999771118164
1762230710254,88.79998779296875,453.39999771118164
1762230710261,89.79998779296875,455.39999771118164
1762230710268,89.79998779296875,456.39999771118164
1762230710275,89.79998779296875,457.39999771118164
1762230710281,89.79998779296875,458.39999771118164
1762230710288,89.79998779296875,459.39999771118164
1762230710295,91.79998779296875,461.39999771118164
1762230710302,91.79998779296875,461.39999771118164
1762230710309,92.79998779296875,463.39999771118164
1762230710316,92.79998779296875,464.39999771118164
1762230710337,93.79998779296875,466.39999771118164
1762230710344,94.79998779296875,466.39999771118164
1762230710365,96.79998779296875,467.39999771118164
1762230710371,96.79998779296875,469.39999771118164
1762230710379,97.79998779296875,469.39999771118164
1762230710386,97.79998779296875,469.39999771118164
1762230710392,97.79998779296875,469.39999771118164
1762230710405,97.79998779296875,471.39999771118164
1762230710413,99.79998779296875,471.39999771118164
1762230710437,100.79998779296875,471.39999771118164
1762230710473,101.79998779296875,471.39999771118164
1762230710477,101.79998779296875,470.39999771118164
1762230710504,102.79998779296875,469.39999771118164
1762230710511,102.79998779296875,468.39999771118164
1762230710518,102.79998779296875,467.39999771118164
1762230710524,102.79998779296875,465.39999771118164
1762230710531,102.79998779296875,465.39999771118164
1762230710538,102.79998779296875,464.39999771118164
1762230710545,102.79998779296875,461.39999771118164
1762230710566,102.79998779296875,458.39999771118164
1762230710573,102.79998779296875,457.39999771118164
1762230710580,102.79998779296875,457.39999771118164
1762230710587,102.79998779296875,455.39999771118164
1762230710594,102.79998779296875,454.39999771118164
1762230710601,102.79998779296875,453.39999771118164
1762230710608,102.79998779296875,452.39999771118164
1762230710615,102.79998779296875,450.39999771118164
1762230710636,102.79998779296875,449.39999771118164
1762230710642,102.79998779296875,449.39999771118164
1762230710649,102.79998779296875,447.39999771118164
1762230710671,102.79998779296875,446.39999771118164
1762230710731,101.79998779296875,446.39999771118164
1762230710740,100.79998779296875,446.39999771118164
1762230710746,100.79998779296875,448.39999771118164
1762230710754,98.79998779296875,448.39999771118164
1762230710779,97.79998779296875,449.39999771118164
1762230710788,97.79998779296875,449.39999771118164
1762230710866,97.79998779296875,447.39999771118164
1762230710877,97.79998779296875,446.39999771118164
1762230710891,97.79998779296875,445.39999771118164
1762230710914,97.79998779296875,444.39999771118164
1762230710925,97.79998779296875,442.39999771118164
1762230710949,97.79998779296875,441.39999771118164
1762230711025,97.79998779296875,443.39999771118164
1762230711053,97.79998779296875,444.39999771118164
1762230711099,97.79998779296875,445.39999771118164
1762230711147,97.79998779296875,446.39999771118164
1762230711238,97.79998779296875,445.39999771118164
1762230711247,97.79998779296875,444.39999771118164
1762230711268,95.79998779296875,444.39999771118164
1762230711274,94.79998779296875,442.39999771118164
1762230711281,94.79998779296875,441.39999771118164
1762230711288,93.79998779296875,441.39999771118164
1762230711295,92.79998779296875,441.39999771118164
1762230711317,90.79998779296875,441.39999771118164
1762230711324,89.79998779296875,441.39999771118164
1762230711402,89.79998779296875,443.39999771118164
1762230711426,89.79998779296875,444.39999771118164
1762230711431,89.79998779296875,444.39999771118164
1762230711710,91.79998779296875,444.39999771118164
1762230711717,93.79998779296875,444.39999771118164
1762230711733,99.79998779296875,444.39999771118164
1762230711742,101.79998779296875,442.39999771118164
1762230711747,103.79998779296875,442.39999771118164
1762230711755,105.79998779296875,442.39999771118164
1762230711762,108.79998779296875,442.39999771118164
1762230711768,109.79998779296875,442.39999771118164
1762230711775,110.79998779296875,442.39999771118164
1762230711782,113.79998779296875,441.39999771118164
1762230711794,115.79998779296875,440.39999771118164
1762230711799,116.79998779296875,440.39999771118164
1762230711808,117.79998779296875,438.39999771118164
1762230711813,118.79998779296875,438.39999771118164
1762230711822,119.79998779296875,438.39999771118164
1762230711827,119.79998779296875,437.39999771118164
1762230711844,121.79998779296875,437.39999771118164
1762230711872,123.79998779296875,437.39999771118164
1762230711893,124.79998779296875,437.39999771118164
1762230711906,125.79998779296875,435.39999771118164
1762230712119,124.79998779296875,435.39999771118164
1762230712139,122.79998779296875,435.39999771118164
1762230712160,121.79998779296875,435.39999771118164
1762230712189,121.79998779296875,434.39999771118164
1762230712209,121.79998779296875,433.39999771118164
1762230712229,121.79998779296875,432.39999771118164
1762230712286,121.79998779296875,431.39999771118164
1762230712320,121.79998779296875,429.39999771118164
1762230712488,120.79998779296875,429.39999771118164
1762230713040,120.79998779296875,430.39999771118164
1762230713046,120.79998779296875,431.39999771118164
1762230713052,120.79998779296875,432.39999771118164
1762230713059,121.79998779296875,433.39999771118164
1762230713073,121.79998779296875,434.39999771118164
1762230713076,121.79998779296875,436.39999771118164
1762230713087,121.79998779296875,437.39999771118164
1762230713094,121.79998779296875,437.39999771118164
1762230713101,121.79998779296875,439.39999771118164
1762230713108,121.79998779296875,440.39999771118164
1762230713118,121.79998779296875,441.39999771118164
1762230713124,121.79998779296875,442.39999771118164
1762230713134,121.79998779296875,444.39999771118164
1762230713149,121.79998779296875,445.39999771118164
1762230713153,121.79998779296875,445.39999771118164
1762230713168,121.79998779296875,447.39999771118164
1762230713178,121.79998779296875,448.39999771118164
1762230713184,121.79998779296875,449.39999771118164
1762230713207,121.79998779296875,450.39999771118164
1762230713212,121.79998779296875,452.39999771118164
1762230713226,123.79998779296875,453.39999771118164
1762230713238,123.79998779296875,453.39999771118164
1762230713254,123.79998779296875,455.39999771118164
1762230713263,123.79998779296875,456.39999771118164
1762230713282,123.79998779296875,457.39999771118164
1762230713294,123.79998779296875,458.39999771118164
1762230713309,123.79998779296875,459.39999771118164
1762230713332,124.79998779296875,461.39999771118164
1762230713342,124.79998779296875,461.39999771118164
1762230713358,124.79998779296875,463.39999771118164
1762230713371,124.79998779296875,464.39999771118164
1762230713374,124.79998779296875,465.39999771118164
1762230713393,124.79998779296875,466.39999771118164
1762230713397,125.79998779296875,466.39999771118164
1762230713407,125.79998779296875,467.39999771118164
1762230713428,125.79998779296875,469.39999771118164
1762230713435,125.79998779296875,469.39999771118164
1762230713442,125.79998779296875,471.39999771118164
1762230713448,125.79998779296875,472.39999771118164
1762230713461,125.79998779296875,473.39999771118164
1762230713484,125.79998779296875,474.39999771118164
1762230713491,125.79998779296875,475.39999771118164
1762230713511,125.79998779296875,477.39999771118164
1762230713532,125.79998779296875,477.39999771118164
1762230713538,125.79998779296875,479.39999771118164
1762230713560,125.79998779296875,480.39999771118164
1762230713581,125.79998779296875,481.39999771118164
1762230713588,125.79998779296875,482.39999771118164
1762230713608,125.79998779296875,483.39999771118164
1762230713618,125.79998779296875,485.39999771118164
1762230713644,125.79998779296875,485.39999771118164
1762230713655,125.79998779296875,487.39999771118164
1762230713678,125.79998779296875,488.39999771118164
1762230713722,125.79998779296875,489.39999771118164
1762230713786,125.79998779296875,490.39999771118164
1762230713872,126.79998779296875,490.39999771118164
1762230713887,127.79998779296875,490.39999771118164
1762230713908,129.79998779296875,490.39999771118164
1762230713920,129.79998779296875,489.39999771118164
1762230713942,131.79998779296875,489.39999771118164
1762230713949,131.79998779296875,489.39999771118164
1762230713955,132.79998779296875,489.39999771118164
1762230713963,132.79998779296875,488.39999771118164
1762230713970,133.79998779296875,488.39999771118164
1762230713977,133.79998779296875,486.39999771118164
1762230713984,134.79998779296875,486.39999771118164
1762230713990,134.79998779296875,485.39999771118164
1762230713999,135.79998779296875,485.39999771118164
1762230714025,137.79998779296875,485.39999771118164
1762230714031,137.79998779296875,485.39999771118164
1762230714054,139.79998779296875,485.39999771118164
1762230714090,139.79998779296875,484.39999771118164
1762230714125,139.79998779296875,483.39999771118164
1762230714151,139.79998779296875,482.39999771118164
1762230714157,139.79998779296875,481.39999771118164
1762230714185,139.79998779296875,480.39999771118164
1762230714213,139.79998779296875,478.39999771118164
1762230714220,139.79998779296875,477.39999771118164
1762230714241,139.79998779296875,476.39999771118164
1762230714262,139.79998779296875,475.39999771118164
1762230714268,139.79998779296875,474.39999771118164
1762230714290,139.79998779296875,473.39999771118164
1762230714310,139.79998779296875,472.39999771118164
1762230714316,139.79998779296875,470.39999771118164
1762230714331,140.79998779296875,469.39999771118164
1762230714351,141.79998779296875,469.39999771118164
1762230714358,141.79998779296875,467.39999771118164
1762230714365,142.79998779296875,467.39999771118164
1762230714372,142.79998779296875,466.39999771118164
1762230714379,143.79998779296875,465.39999771118164
1762230714385,143.79998779296875,464.39999771118164
1762230714393,145.79998779296875,462.39999771118164
1762230714414,145.79998779296875,461.39999771118164
1762230714420,145.79998779296875,460.39999771118164
1762230714428,147.79998779296875,459.39999771118164
1762230714448,147.79998779296875,458.39999771118164
1762230714455,148.79998779296875,457.39999771118164
1762230714463,149.79998779296875,456.39999771118164
1762230714469,149.79998779296875,454.39999771118164
1762230714476,150.79998779296875,454.39999771118164
1762230714483,150.79998779296875,453.39999771118164
1762230714504,150.79998779296875,453.39999771118164
1762230714510,151.79998779296875,451.39999771118164
1762230714533,151.79998779296875,450.39999771118164
1762230714553,151.79998779296875,449.39999771118164
1762230714560,153.79998779296875,448.39999771118164
1762230714581,153.79998779296875,446.39999771118164
1762230714594,153.79998779296875,445.39999771118164
1762230714616,153.79998779296875,445.39999771118164
1762230714637,153.79998779296875,443.39999771118164
1762230714643,153.79998779296875,442.39999771118164
1762230714664,153.79998779296875,441.39999771118164
1762230714685,153.79998779296875,440.39999771118164
1762230714692,153.79998779296875,438.39999771118164
1762230714713,153.79998779296875,437.39999771118164
1762230714734,153.79998779296875,437.39999771118164
1762230714740,153.79998779296875,435.39999771118164
1762230714761,153.79998779296875,434.39999771118164
1762230714790,153.79998779296875,433.39999771118164
1762230714796,153.79998779296875,432.39999771118164
1762230714810,153.79998779296875,431.39999771118164
1762230714865,152.79998779296875,431.39999771118164
1762230714874,152.79998779296875,429.39999771118164
1762230714947,151.79998779296875,429.39999771118164
1762230714955,149.79998779296875,430.39999771118164
1762230714976,149.79998779296875,430.39999771118164
1762230714983,148.79998779296875,431.39999771118164
1762230714990,148.79998779296875,432.39999771118164
1762230714997,146.79998779296875,432.39999771118164
1762230715004,145.79998779296875,433.39999771118164
1762230715011,144.79998779296875,433.39999771118164
1762230715018,143.79998779296875,433.39999771118164
1762230715025,141.79998779296875,434.39999771118164
1762230715045,141.79998779296875,436.39999771118164
1762230715052,138.79998779296875,436.39999771118164
1762230715059,137.79998779296875,437.39999771118164
1762230715066,136.79998779296875,437.39999771118164
1762230715088,135.79998779296875,437.39999771118164
1762230715094,133.79998779296875,437.39999771118164
1762230715101,133.79998779296875,437.39999771118164
1762230715108,132.79998779296875,437.39999771118164
1762230715129,132.79998779296875,439.39999771118164
1762230715135,130.79998779296875,440.39999771118164
1762230715142,129.79998779296875,440.39999771118164
1762230715164,129.79998779296875,441.39999771118164
1762230715170,128.79998779296875,442.39999771118164
1762230715177,128.79998779296875,444.39999771118164
1762230715184,128.79998779296875,445.39999771118164
1762230715191,128.79998779296875,445.39999771118164
1762230715212,128.79998779296875,447.39999771118164
1762230715219,128.79998779296875,450.39999771118164
1762230715226,128.79998779296875,452.39999771118164
1762230715233,128.79998779296875,453.39999771118164
1762230715239,128.79998779296875,455.39999771118164
1762230715247,128.79998779296875,457.39999771118164
1762230715253,128.79998779296875,457.39999771118164
1762230715261,129.79998779296875,460.39999771118164
1762230715268,129.79998779296875,461.39999771118164
1762230715275,129.79998779296875,462.39999771118164
1762230715281,129.79998779296875,463.39999771118164
1762230715288,129.79998779296875,465.39999771118164
1762230715295,129.79998779296875,465.39999771118164
1762230715302,129.79998779296875,467.39999771118164
1762230715324,129.79998779296875,468.39999771118164
1762230715330,129.79998779296875,469.39999771118164
1762230715355,129.79998779296875,470.39999771118164
1762230715360,129.79998779296875,470.39999771118164
1762230715365,129.79998779296875,471.39999771118164
1762230715393,131.79998779296875,471.39999771118164
1762230715414,132.79998779296875,471.39999771118164
1762230715420,133.79998779296875,471.39999771118164
1762230715427,133.79998779296875,470.39999771118164
1762230715434,134.79998779296875,470.39999771118164
1762230715455,135.79998779296875,469.39999771118164
1762230715462,135.79998779296875,466.39999771118164
1762230715469,137.79998779296875,465.39999771118164
1762230715476,137.79998779296875,464.39999771118164
1762230715483,137.79998779296875,463.39999771118164
1762230715490,137.79998779296875,461.39999771118164
1762230715496,137.79998779296875,460.39999771118164
1762230715504,139.79998779296875,458.39999771118164
1762230715510,139.79998779296875,457.39999771118164
1762230715517,140.79998779296875,456.39999771118164
1762230715526,140.79998779296875,455.39999771118164
1762230715531,141.79998779296875,453.39999771118164
1762230715547,141.79998779296875,453.39999771118164
1762230715552,141.79998779296875,452.39999771118164
1762230715559,141.79998779296875,450.39999771118164
1762230715583,141.79998779296875,449.39999771118164
1762230715642,141.79998779296875,451.39999771118164
1762230715650,140.79998779296875,453.39999771118164
1762230715657,140.79998779296875,454.39999771118164
1762230715663,138.79998779296875,455.39999771118164
1762230715677,138.79998779296875,457.39999771118164
1762230715684,137.79998779296875,460.39999771118164
1762230715706,136.79998779296875,463.39999771118164
1762230715712,136.79998779296875,464.39999771118164
1762230715718,135.79998779296875,465.39999771118164
1762230715726,135.79998779296875,466.39999771118164
1762230715733,133.79998779296875,467.39999771118164
1762230715739,133.79998779296875,469.39999771118164
1762230715747,133.79998779296875,469.39999771118164
1762230715754,133.79998779296875,469.39999771118164
1762230715780,133.79998779296875,471.39999771118164
1762230715795,133.79998779296875,470.39999771118164
1762230715823,133.79998779296875,469.39999771118164
1762230715831,134.79998779296875,465.39999771118164
1762230715837,134.79998779296875,465.39999771118164
1762230715844,135.79998779296875,462.39999771118164
1762230715851,135.79998779296875,461.39999771118164
1762230715858,135.79998779296875,458.39999771118164
1762230715865,137.79998779296875,456.39999771118164
1762230715871,137.79998779296875,453.39999771118164
1762230715879,137.79998779296875,452.39999771118164
1762230715886,137.79998779296875,451.39999771118164
1762230715893,137.79998779296875,449.39999771118164
1762230715900,139.79998779296875,447.39999771118164
1762230715906,139.79998779296875,446.39999771118164
1762230715914,139.79998779296875,445.39999771118164
1762230715921,139.79998779296875,444.39999771118164
1762230715927,139.79998779296875,443.39999771118164
1762230715934,139.79998779296875,441.39999771118164
1762230715941,139.79998779296875,441.39999771118164
1762230715964,139.79998779296875,439.39999771118164
1762230715969,139.79998779296875,438.39999771118164
1762230715976,139.79998779296875,437.39999771118164
1762230716048,139.79998779296875,437.39999771118164
1762230716085,139.79998779296875,437.39999771118164
1762230716305,141.79998779296875,429.39999771118164
1762230716312,145.79998779296875,413.39999771118164
1762230716319,149.79998779296875,396.39999771118164
1762230716326,151.79998779296875,382.39999771118164
1762230716333,155.79998779296875,365.39999771118164
1762230716339,157.79998779296875,352.39999771118164
1762230716346,161.79998779296875,337.39999771118164
1762230716354,163.79998779296875,329.39999771118164
1762230716361,165.79998779296875,321.39999771118164
1762230716368,166.79998779296875,314.39999771118164
1762230716375,166.79998779296875,310.39999771118164
1762230716381,168.79998779296875,304.39999771118164
1762230716388,168.79998779296875,301.39999771118164
1762230716395,169.79998779296875,297.39999771118164
1762230716402,169.79998779296875,293.39999771118164
1762230716409,170.79998779296875,290.39999771118164
1762230716417,170.79998779296875,285.39999771118164
1762230716423,170.79998779296875,283.39999771118164
1762230716430,172.79998779296875,281.39999771118164
1762230716437,173.79998779296875,277.39999771118164
1762230716444,174.79998779296875,273.39999771118164
1762230716450,176.79998779296875,269.39999771118164
1762230716458,177.79998779296875,266.39999771118164
1762230716464,177.79998779296875,261.39999771118164
1762230716472,179.79998779296875,257.39999771118164
1762230716490,180.79998779296875,253.39999771118164
1762230716498,180.79998779296875,251.39999771118164
1762230716504,181.79998779296875,250.39999771118164
1762230716512,181.79998779296875,249.39999771118164
1762230716519,182.79998779296875,248.39999771118164
1762230716526,182.79998779296875,246.39999771118164
1762230716533,182.79998779296875,245.39999771118164
1762230716647,184.79998779296875,245.39999771118164
1762230716690,184.79998779296875,243.39999771118164
1762230716713,184.79998779296875,242.39999771118164
1762230716725,184.79998779296875,241.39999771118164
1762230716748,183.79998779296875,240.39999771118164
1762230716758,183.79998779296875,239.39999771118164
1762230716775,183.79998779296875,237.39999771118164
1762230716802,182.79998779296875,237.39999771118164
1762230716815,182.79998779296875,235.39999771118164
1762230716823,182.79998779296875,233.39999771118164
1762230716829,181.79998779296875,232.39999771118164
1762230716836,181.79998779296875,230.39999771118164
1762230716843,180.79998779296875,228.39999771118164
1762230716848,180.79998779296875,227.39999771118164
1762230716857,180.79998779296875,225.39999771118164
1762230716872,178.79998779296875,225.39999771118164
1762230716879,178.79998779296875,224.39999771118164
1762230716886,178.79998779296875,222.39999771118164
1762230716894,178.79998779296875,221.39999771118164
1762230717009,178.79998779296875,223.39999771118164
1762230717033,178.79998779296875,224.39999771118164
1762230717127,177.79998779296875,224.39999771118164
1762230717148,176.79998779296875,224.39999771118164
1762230717180,175.79998779296875,224.39999771118164
1762230717200,174.79998779296875,224.39999771118164
1762230717220,174.79998779296875,222.39999771118164
1762230717263,174.79998779296875,221.39999771118164
1762230717268,173.79998779296875,221.39999771118164
1762230717413,173.79998779296875,220.39999771118164
1762230717474,173.79998779296875,219.39999771118164
1762230717530,173.79998779296875,217.39999771118164
1762230717664,172.79998779296875,217.39999771118164
1762230717687,170.79998779296875,217.39999771118164
1762230718247,170.79998779296875,218.39999771118164
1762230718254,170.79998779296875,219.39999771118164
1762230718268,170.79998779296875,221.39999771118164
1762230718275,171.79998779296875,221.39999771118164
1762230718295,171.79998779296875,221.39999771118164
1762230718302,172.79998779296875,223.39999771118164
1762230718324,172.79998779296875,224.39999771118164
1762230718330,173.79998779296875,224.39999771118164
1762230718337,173.79998779296875,225.39999771118164
1762230718359,174.79998779296875,226.39999771118164
1762230718379,174.79998779296875,227.39999771118164
1762230718385,175.79998779296875,229.39999771118164
1762230718407,175.79998779296875,229.39999771118164
1762230718420,175.79998779296875,231.39999771118164
1762230718443,175.79998779296875,232.39999771118164
1762230718449,177.79998779296875,232.39999771118164
1762230718456,177.79998779296875,233.39999771118164
1762230718495,177.79998779296875,233.39999771118164
1762230718504,177.79998779296875,234.39999771118164
1762230718533,177.79998779296875,235.39999771118164
1762230718547,179.79998779296875,237.39999771118164
1762230718574,179.79998779296875,237.39999771118164
1762230718581,179.79998779296875,238.39999771118164
1762230718595,179.79998779296875,240.39999771118164
1762230718601,180.79998779296875,240.39999771118164
1762230718639,181.79998779296875,241.39999771118164
1762230718683,181.79998779296875,242.39999771118164
1762230718689,182.79998779296875,242.39999771118164
1762230718731,182.79998779296875,243.39999771118164
1762230718740,182.79998779296875,245.39999771118164
1762230718761,183.79998779296875,245.39999771118164
1762230718778,183.79998779296875,246.39999771118164
1762230718790,185.79998779296875,246.39999771118164
1762230718836,185.79998779296875,248.39999771118164
1762230718874,185.79998779296875,248.39999771118164
1762230718886,185.79998779296875,249.39999771118164
1762230719000,187.79998779296875,249.39999771118164
1762230719069,188.79998779296875,249.39999771118164
1762230719080,188.79998779296875,247.39999771118164
1762230719109,188.79998779296875,246.39999771118164
1762230719116,189.79998779296875,245.39999771118164
1762230719129,189.79998779296875,244.39999771118164
1762230719136,190.79998779296875,244.39999771118164
1762230719143,190.79998779296875,243.39999771118164
1762230719150,190.79998779296875,241.39999771118164
1762230719156,191.79998779296875,241.39999771118164
1762230719163,191.79998779296875,241.39999771118164
1762230719184,191.79998779296875,239.39999771118164
1762230719191,193.79998779296875,238.39999771118164
1762230719213,193.79998779296875,237.39999771118164
1762230719233,193.79998779296875,236.39999771118164
1762230719239,193.79998779296875,235.39999771118164
1762230719262,193.79998779296875,233.39999771118164
1762230719289,195.79998779296875,233.39999771118164
1762230719307,195.79998779296875,232.39999771118164
1762230719331,196.79998779296875,230.39999771118164
1762230719346,197.79998779296875,229.39999771118164
1762230719392,197.79998779296875,228.39999771118164
1762230719421,198.79998779296875,228.39999771118164
1762230719435,198.79998779296875,227.39999771118164
1762230719462,198.79998779296875,225.39999771118164
1762230719469,199.79998779296875,225.39999771118164
1762230719524,199.79998779296875,225.39999771118164
1762230719573,199.79998779296875,224.39999771118164
1762230719590,199.79998779296875,222.39999771118164
1762230719622,197.79998779296875,222.39999771118164
1762230719635,197.79998779296875,222.39999771118164
1762230719643,196.79998779296875,222.39999771118164
1762230719663,194.79998779296875,222.39999771118164
1762230719671,192.79998779296875,222.39999771118164
1762230719677,191.79998779296875,222.39999771118164
1762230719684,190.79998779296875,222.39999771118164
1762230719692,189.79998779296875,223.39999771118164
1762230719712,188.79998779296875,223.39999771118164
1762230719718,185.79998779296875,224.39999771118164
1762230719740,184.79998779296875,224.39999771118164
1762230719747,183.79998779296875,224.39999771118164
1762230719761,183.79998779296875,225.39999771118164
1762230719768,182.79998779296875,225.39999771118164
1762230719789,181.79998779296875,226.39999771118164
1762230719796,180.79998779296875,226.39999771118164
1762230719823,178.79998779296875,226.39999771118164
1762230719831,177.79998779296875,226.39999771118164
1762230719844,177.79998779296875,227.39999771118164
1762230719872,177.79998779296875,229.39999771118164
1762230719879,177.79998779296875,229.39999771118164
1762230719914,177.79998779296875,232.39999771118164
1762230719921,177.79998779296875,233.39999771118164
1762230719935,177.79998779296875,234.39999771118164
1762230719941,179.79998779296875,237.39999771118164
1762230719948,179.79998779296875,237.39999771118164
1762230719955,179.79998779296875,238.39999771118164
1762230719962,180.79998779296875,240.39999771118164
1762230719969,180.79998779296875,242.39999771118164
1762230719977,181.79998779296875,243.39999771118164
1762230719983,181.79998779296875,245.39999771118164
1762230719990,182.79998779296875,247.39999771118164
1762230720011,182.79998779296875,248.39999771118164
1762230720018,184.79998779296875,250.39999771118164
1762230720039,184.79998779296875,252.39999771118164
1762230720046,184.79998779296875,253.39999771118164
1762230720054,185.79998779296875,253.39999771118164
1762230720073,185.79998779296875,253.39999771118164
1762230720125,185.79998779296875,253.39999771118164
1762230720132,185.79998779296875,253.39999771118164
1762230720143,187.79998779296875,251.39999771118164
1762230720164,187.79998779296875,250.39999771118164
1762230720183,187.79998779296875,249.39999771118164
1762230720187,188.79998779296875,248.39999771118164
1762230720192,188.79998779296875,246.39999771118164
1762230720205,188.79998779296875,245.39999771118164
1762230720212,188.79998779296875,243.39999771118164
1762230720219,188.79998779296875,241.39999771118164
1762230720228,188.79998779296875,240.39999771118164
1762230720233,188.79998779296875,238.39999771118164
1762230720241,189.79998779296875,237.39999771118164
1762230720247,189.79998779296875,237.39999771118164
1762230720257,189.79998779296875,235.39999771118164
1762230720261,189.79998779296875,234.39999771118164
1762230720277,189.79998779296875,233.39999771118164
1762230720282,189.79998779296875,230.39999771118164
1762230720300,189.79998779296875,229.39999771118164
1762230720304,189.79998779296875,228.39999771118164
1762230720316,189.79998779296875,227.39999771118164
1762230720323,189.79998779296875,226.39999771118164
1762230720330,189.79998779296875,225.39999771118164
1762230720341,190.79998779296875,224.39999771118164
1762230720345,190.79998779296875,222.39999771118164
1762230720362,190.79998779296875,221.39999771118164
1762230720438,190.79998779296875,220.39999771118164
1762230720451,190.79998779296875,219.39999771118164
1762230720466,190.79998779296875,218.39999771118164
1762230720505,190.79998779296875,217.39999771118164
1762230720518,190.79998779296875,216.39999771118164
1762230720535,190.79998779296875,214.39999771118164
1762230720550,190.79998779296875,213.39999771118164
1762230720606,189.79998779296875,213.39999771118164
1762230720617,189.79998779296875,215.39999771118164
1762230720630,188.79998779296875,215.39999771118164
1762230720636,188.79998779296875,216.39999771118164
1762230720643,186.79998779296875,217.39999771118164
1762230720663,186.79998779296875,218.39999771118164
1762230720670,185.79998779296875,219.39999771118164
1762230720677,185.79998779296875,221.39999771118164
1762230720684,185.79998779296875,221.39999771118164
1762230720691,185.79998779296875,223.39999771118164
1762230720698,183.79998779296875,224.39999771118164
1762230720704,183.79998779296875,225.39999771118164
1762230720711,183.79998779296875,226.39999771118164
1762230720719,182.79998779296875,229.39999771118164
1762230720726,182.79998779296875,230.39999771118164
1762230720732,182.79998779296875,233.39999771118164
1762230720739,182.79998779296875,233.39999771118164
1762230720746,182.79998779296875,235.39999771118164
1762230720753,182.79998779296875,237.39999771118164
1762230720760,182.79998779296875,238.39999771118164
1762230720767,182.79998779296875,239.39999771118164
1762230720774,182.79998779296875,241.39999771118164
1762230720781,182.79998779296875,241.39999771118164
1762230720788,182.79998779296875,243.39999771118164
1762230720797,182.79998779296875,244.39999771118164
1762230720804,182.79998779296875,245.39999771118164
1762230720810,182.79998779296875,246.39999771118164
1762230720818,182.79998779296875,247.39999771118164
1762230720824,182.79998779296875,249.39999771118164
1762230720844,182.79998779296875,249.39999771118164
1762230720864,182.79998779296875,251.39999771118164
1762230720878,182.79998779296875,252.39999771118164
1762230720887,182.79998779296875,253.39999771118164
1762230720913,182.79998779296875,254.39999771118164
1762230720941,182.79998779296875,255.39999771118164
1762230720970,182.79998779296875,257.39999771118164
1762230721001,182.79998779296875,257.39999771118164
1762230721025,182.79998779296875,259.39999771118164
1762230721040,182.79998779296875,260.39999771118164
1762230721068,182.79998779296875,261.39999771118164
1762230721081,182.79998779296875,262.39999771118164
1762230721101,182.79998779296875,263.39999771118164
1762230721138,182.79998779296875,265.39999771118164
1762230721165,182.79998779296875,265.39999771118164
1762230721193,182.79998779296875,267.39999771118164
1762230721221,182.79998779296875,268.39999771118164
1762230721233,182.79998779296875,269.39999771118164
1762230721277,182.79998779296875,270.39999771118164
1762230721319,183.79998779296875,270.39999771118164
1762230721346,185.79998779296875,269.39999771118164
1762230721355,185.79998779296875,269.39999771118164
1762230721363,185.79998779296875,268.39999771118164
1762230721378,185.79998779296875,266.39999771118164
1762230721384,187.79998779296875,266.39999771118164
1762230721407,188.79998779296875,265.39999771118164
1762230721415,188.79998779296875,264.39999771118164
1762230721421,189.79998779296875,264.39999771118164
1762230721435,190.79998779296875,263.39999771118164
1762230721446,191.79998779296875,261.39999771118164
1762230721455,191.79998779296875,261.39999771118164
1762230721465,193.79998779296875,261.39999771118164
1762230721471,193.79998779296875,260.39999771118164
1762230721480,193.79998779296875,258.39999771118164
1762230721490,193.79998779296875,257.39999771118164
1762230721496,193.79998779296875,257.39999771118164
1762230721511,193.79998779296875,256.39999771118164
1762230721517,195.79998779296875,255.39999771118164
1762230721524,195.79998779296875,253.39999771118164
1762230721553,196.79998779296875,252.39999771118164
1762230721559,196.79998779296875,250.39999771118164
1762230721588,197.79998779296875,249.39999771118164
1762230721596,197.79998779296875,248.39999771118164
1762230721623,197.79998779296875,247.39999771118164
1762230721630,197.79998779296875,246.39999771118164
1762230721643,197.79998779296875,245.39999771118164
1762230721656,197.79998779296875,244.39999771118164
1762230721678,197.79998779296875,242.39999771118164
1762230721687,197.79998779296875,241.39999771118164
1762230721713,197.79998779296875,240.39999771118164
1762230721722,197.79998779296875,239.39999771118164
1762230721752,196.79998779296875,239.39999771118164
1762230721775,194.79998779296875,239.39999771118164
1762230721788,193.79998779296875,239.39999771118164
1762230721816,193.79998779296875,239.39999771118164
1762230722068,186.79998779296875,239.39999771118164
1762230722074,178.79998779296875,239.39999771118164
1762230722087,156.79998779296875,237.39999771118164
1762230722096,145.79998779296875,235.39999771118164
1762230722102,133.79998779296875,233.39999771118164
1762230722109,125.79998779296875,232.39999771118164
1762230722116,117.79998779296875,232.39999771118164
1762230722123,110.79998779296875,230.39999771118164
1762230722131,105.79998779296875,230.39999771118164
1762230722137,100.79998779296875,229.39999771118164
1762230722144,97.79998779296875,229.39999771118164
1762230722151,95.79998779296875,229.39999771118164
1762230722158,93.79998779296875,229.39999771118164
1762230722165,91.79998779296875,229.39999771118164
1762230722172,89.79998779296875,229.39999771118164
1762230722192,88.79998779296875,229.39999771118164
1762230722199,86.79998779296875,229.39999771118164
1762230722205,85.79998779296875,229.39999771118164
1762230722215,83.79998779296875,229.39999771118164
1762230722220,82.79998779296875,229.39999771118164
1762230722243,81.79998779296875,229.39999771118164
1762230722247,78.79998779296875,229.39999771118164
1762230722255,77.79998779296875,229.39999771118164
1762230722283,75.79998779296875,229.39999771118164
1762230722345,75.79998779296875,230.39999771118164
1762230722358,75.79998779296875,231.39999771118164
1762230722366,74.79998779296875,231.39999771118164
1762230722387,73.79998779296875,233.39999771118164
1762230722407,72.79998779296875,233.39999771118164
1762230722414,70.79998779296875,233.39999771118164
1762230722435,69.79998779296875,233.39999771118164
1762230722458,67.79998779296875,233.39999771118164
1762230722463,66.79998779296875,233.39999771118164
1762230722471,64.79998779296875,233.39999771118164
1762230722478,61.79998779296875,233.39999771118164
1762230722484,58.79998779296875,233.39999771118164
1762230722491,56.79998779296875,233.39999771118164
1762230722498,52.79998779296875,233.39999771118164
1762230722504,49.79998779296875,233.39999771118164
1762230722512,48.79998779296875,233.39999771118164
1762230722518,45.79998779296875,233.39999771118164
1762230722525,43.79998779296875,233.39999771118164
1762230722532,42.79998779296875,233.39999771118164
1762230722540,41.79998779296875,233.39999771118164
1762230722547,40.79998779296875,233.39999771118164
1762230722553,38.79998779296875,233.39999771118164
1762230722560,37.79998779296875,233.39999771118164
1762230722567,36.79998779296875,233.39999771118164
1762230722574,35.79998779296875,233.39999771118164
1762230722598,34.79998779296875,233.39999771118164
1762230722649,34.79998779296875,232.39999771118164
1762230722672,34.79998779296875,231.39999771118164
1762230722684,34.79998779296875,229.39999771118164
1762230722692,35.79998779296875,229.39999771118164
1762230722713,37.79998779296875,229.39999771118164
1762230722721,37.79998779296875,228.39999771118164
1762230722741,37.79998779296875,226.39999771118164
1762230722762,37.79998779296875,225.39999771118164
1762230722819,37.79998779296875,224.39999771118164
1762230722853,36.79998779296875,224.39999771118164
1762230722894,36.79998779296875,223.39999771118164
1762230722929,35.79998779296875,223.39999771118164
1762230722950,35.79998779296875,222.39999771118164
1762230723069,35.79998779296875,221.39999771118164
1762230723074,34.79998779296875,221.39999771118164
1762230723103,34.79998779296875,220.39999771118164
1762230723153,34.79998779296875,218.39999771118164
1762230723187,34.79998779296875,217.39999771118164
1762230723823,34.79998779296875,219.39999771118164
1762230723832,34.79998779296875,220.39999771118164
1762230723839,34.79998779296875,221.39999771118164
1762230723853,34.79998779296875,222.39999771118164
1762230723860,34.79998779296875,223.39999771118164
1762230723865,34.79998779296875,225.39999771118164
1762230723884,34.79998779296875,225.39999771118164
1762230723893,34.79998779296875,227.39999771118164
1762230723914,34.79998779296875,228.39999771118164
1762230723921,34.79998779296875,229.39999771118164
1762230723940,34.79998779296875,230.39999771118164
1762230723949,34.79998779296875,231.39999771118164
1762230723976,34.79998779296875,233.39999771118164
1762230723991,34.79998779296875,233.39999771118164
1762230724008,34.79998779296875,235.39999771118164
1762230724018,34.79998779296875,236.39999771118164
1762230724040,34.79998779296875,237.39999771118164
1762230724057,34.79998779296875,238.39999771118164
1762230724066,34.79998779296875,239.39999771118164
1762230724074,35.79998779296875,239.39999771118164
1762230724088,35.79998779296875,241.39999771118164
1762230724105,35.79998779296875,241.39999771118164
1762230724151,37.79998779296875,243.39999771118164
1762230724169,37.79998779296875,244.39999771118164
1762230724179,37.79998779296875,245.39999771118164
1762230724198,39.79998779296875,245.39999771118164
1762230724204,39.79998779296875,246.39999771118164
1762230724215,40.79998779296875,246.39999771118164
1762230724219,40.79998779296875,247.39999771118164
1762230724253,40.79998779296875,249.39999771118164
1762230724260,41.79998779296875,249.39999771118164
1762230724289,41.79998779296875,249.39999771118164
1762230724344,42.79998779296875,249.39999771118164
1762230724386,42.79998779296875,251.39999771118164
1762230724561,43.79998779296875,251.39999771118164
1762230724573,45.79998779296875,251.39999771118164
1762230724594,45.79998779296875,250.39999771118164
1762230724629,45.79998779296875,249.39999771118164
1762230724643,47.79998779296875,248.39999771118164
1762230724660,47.79998779296875,247.39999771118164
1762230724667,48.79998779296875,247.39999771118164
1762230724673,48.79998779296875,245.39999771118164
1762230724699,48.79998779296875,245.39999771118164
1762230724713,49.79998779296875,245.39999771118164
1762230724720,49.79998779296875,244.39999771118164
1762230724770,49.79998779296875,242.39999771118164
1762230724809,49.79998779296875,241.39999771118164
1762230724817,50.79998779296875,241.39999771118164
1762230724859,50.79998779296875,240.39999771118164
1762230724878,50.79998779296875,239.39999771118164
1762230724899,50.79998779296875,237.39999771118164
1762230724938,50.79998779296875,237.39999771118164
1762230724963,50.79998779296875,236.39999771118164
1762230724991,50.79998779296875,234.39999771118164
1762230725026,50.79998779296875,233.39999771118164
1762230725034,50.79998779296875,232.39999771118164
1762230725088,50.79998779296875,231.39999771118164
1762230725097,50.79998779296875,229.39999771118164
1762230725110,51.79998779296875,229.39999771118164
1762230725116,51.79998779296875,229.39999771118164
1762230725143,51.79998779296875,228.39999771118164
1762230725171,51.79998779296875,226.39999771118164
1762230725185,51.79998779296875,225.39999771118164
1762230725221,51.79998779296875,224.39999771118164
1762230725229,53.79998779296875,224.39999771118164
1762230725238,53.79998779296875,223.39999771118164
1762230725253,53.79998779296875,222.39999771118164
1762230725267,53.79998779296875,222.39999771118164
1762230725281,53.79998779296875,221.39999771118164
1762230725310,53.79998779296875,220.39999771118164
1762230725324,53.79998779296875,218.39999771118164
1762230725448,52.79998779296875,218.39999771118164
1762230725464,51.79998779296875,218.39999771118164
1762230725478,50.79998779296875,218.39999771118164
1762230725503,49.79998779296875,218.39999771118164
1762230725514,48.79998779296875,218.39999771118164
1762230725539,46.79998779296875,218.39999771118164
1762230725552,45.79998779296875,218.39999771118164
1762230725560,45.79998779296875,219.39999771118164
1762230725567,44.79998779296875,219.39999771118164
1762230725580,43.79998779296875,220.39999771118164
1762230725587,43.79998779296875,221.39999771118164
1762230725601,42.79998779296875,221.39999771118164
1762230725607,42.79998779296875,222.39999771118164
1762230725614,41.79998779296875,222.39999771118164
1762230725621,41.79998779296875,223.39999771118164
1762230725634,40.79998779296875,225.39999771118164
1762230725645,38.79998779296875,225.39999771118164
1762230725657,38.79998779296875,225.39999771118164
1762230725678,38.79998779296875,227.39999771118164
1762230725691,38.79998779296875,228.39999771118164
1762230725703,38.79998779296875,229.39999771118164
1762230725709,38.79998779296875,230.39999771118164
1762230725719,38.79998779296875,231.39999771118164
1762230725732,38.79998779296875,233.39999771118164
1762230725736,38.79998779296875,233.39999771118164
1762230725747,38.79998779296875,235.39999771118164
1762230725753,38.79998779296875,236.39999771118164
1762230725760,38.79998779296875,237.39999771118164
1762230725772,38.79998779296875,238.39999771118164
1762230725777,38.79998779296875,239.39999771118164
1762230725788,38.79998779296875,241.39999771118164
1762230725801,38.79998779296875,241.39999771118164
1762230725805,39.79998779296875,241.39999771118164
1762230725816,39.79998779296875,243.39999771118164
1762230725837,40.79998779296875,243.39999771118164
1762230725843,40.79998779296875,244.39999771118164
1762230725850,40.79998779296875,245.39999771118164
1762230725885,40.79998779296875,246.39999771118164
1762230725936,40.79998779296875,247.39999771118164
1762230725999,40.79998779296875,249.39999771118164
1762230726010,40.79998779296875,249.39999771118164
1762230726039,40.79998779296875,251.39999771118164
1762230726049,40.79998779296875,252.39999771118164
1762230726056,40.79998779296875,253.39999771118164
1762230726083,40.79998779296875,254.39999771118164
1762230726093,40.79998779296875,255.39999771118164
1762230726115,40.79998779296875,257.39999771118164
1762230726129,40.79998779296875,257.39999771118164
1762230726151,41.79998779296875,258.39999771118164
1762230726160,41.79998779296875,260.39999771118164
1762230726186,41.79998779296875,261.39999771118164
1762230726195,41.79998779296875,262.39999771118164
1762230726205,41.79998779296875,263.39999771118164
1762230726251,41.79998779296875,265.39999771118164
1762230726282,41.79998779296875,265.39999771118164
1762230726470,41.79998779296875,264.39999771118164
1762230726483,41.79998779296875,261.39999771118164
1762230726491,42.79998779296875,261.39999771118164
1762230726497,42.79998779296875,259.39999771118164
1762230726503,42.79998779296875,257.39999771118164
1762230726511,44.79998779296875,254.39999771118164
1762230726518,44.79998779296875,253.39999771118164
1762230726524,45.79998779296875,250.39999771118164
1762230726532,45.79998779296875,249.39999771118164
1762230726538,46.79998779296875,248.39999771118164
1762230726545,46.79998779296875,247.39999771118164
1762230726552,46.79998779296875,246.39999771118164
1762230726559,46.79998779296875,245.39999771118164
1762230726566,46.79998779296875,244.39999771118164
1762230726573,46.79998779296875,242.39999771118164
1762230726587,47.79998779296875,242.39999771118164
1762230726593,47.79998779296875,241.39999771118164
1762230726606,47.79998779296875,240.39999771118164
1762230726614,49.79998779296875,240.39999771118164
1762230726636,49.79998779296875,239.39999771118164
1762230726644,49.79998779296875,238.39999771118164
1762230726689,49.79998779296875,237.39999771118164
1762230726749,49.79998779296875,237.39999771118164
1762230726971,49.79998779296875,236.39999771118164
1762230726984,51.79998779296875,232.39999771118164
1762230726990,51.79998779296875,231.39999771118164
1762230726997,52.79998779296875,229.39999771118164
1762230727004,53.79998779296875,225.39999771118164
1762230727011,54.79998779296875,223.39999771118164
1762230727018,56.79998779296875,220.39999771118164
1762230727025,57.79998779296875,217.39999771118164
1762230727032,59.79998779296875,215.39999771118164
1762230727040,59.79998779296875,210.39999771118164
1762230727046,60.79998779296875,209.39999771118164
1762230727053,61.79998779296875,207.39999771118164
1762230727061,62.79998779296875,204.39999771118164
1762230727066,64.79998779296875,203.39999771118164
1762230727074,65.79998779296875,201.39999771118164
1762230727081,66.79998779296875,197.39999771118164
1762230727102,68.79998779296875,194.39999771118164
1762230727108,70.79998779296875,190.39999771118164
1762230727116,71.79998779296875,188.39999771118164
1762230727122,73.79998779296875,185.39999771118164
1762230727130,73.79998779296875,184.39999771118164
1762230727136,74.79998779296875,181.39999771118164
1762230727144,75.79998779296875,178.39999771118164
1762230727150,77.79998779296875,177.39999771118164
1762230727157,77.79998779296875,175.39999771118164
1762230727164,77.79998779296875,174.39999771118164
1762230727171,77.79998779296875,173.39999771118164
1762230727178,77.79998779296875,172.39999771118164
1762230727185,79.79998779296875,170.39999771118164
1762230727192,79.79998779296875,169.39999771118164
1762230727199,80.79998779296875,168.39999771118164
1762230727221,80.79998779296875,167.39999771118164
1762230727226,81.79998779296875,166.39999771118164
1762230727248,81.79998779296875,165.39999771118164
1762230727254,82.79998779296875,165.39999771118164
1762230727262,82.79998779296875,164.39999771118164
1762230727268,82.79998779296875,162.39999771118164
1762230727288,82.79998779296875,161.39999771118164
1762230727355,81.79998779296875,161.39999771118164
1762230727390,80.79998779296875,161.39999771118164
1762230727433,78.79998779296875,161.39999771118164
1762230727480,77.79998779296875,161.39999771118164
1762230727502,76.79998779296875,161.39999771118164
1762230727519,75.79998779296875,161.39999771118164
1762230727530,73.79998779296875,161.39999771118164
1762230727598,73.79998779296875,159.39999771118164
1762230727625,73.79998779296875,158.39999771118164
1762230727652,73.79998779296875,157.39999771118164
1762230727709,73.79998779296875,156.39999771118164
1762230728794,73.79998779296875,157.39999771118164
1762230728805,73.79998779296875,158.39999771118164
1762230728831,73.79998779296875,160.39999771118164
1762230728840,73.79998779296875,161.39999771118164
1762230728854,73.79998779296875,161.39999771118164
1762230728870,73.79998779296875,163.39999771118164
1762230728881,73.79998779296875,164.39999771118164
1762230728907,73.79998779296875,165.39999771118164
1762230728921,73.79998779296875,166.39999771118164
1762230728930,73.79998779296875,167.39999771118164
1762230728947,73.79998779296875,169.39999771118164
1762230728969,73.79998779296875,169.39999771118164
1762230728983,73.79998779296875,171.39999771118164
1762230729004,73.79998779296875,172.39999771118164
1762230729018,73.79998779296875,173.39999771118164
1762230729026,73.79998779296875,174.39999771118164
1762230729052,73.79998779296875,175.39999771118164
1762230729059,74.79998779296875,175.39999771118164
1762230729066,74.79998779296875,177.39999771118164
1762230729080,74.79998779296875,177.39999771118164
1762230729094,75.79998779296875,177.39999771118164
1762230729101,75.79998779296875,179.39999771118164
1762230729116,75.79998779296875,180.39999771118164
1762230729124,77.79998779296875,181.39999771118164
1762230729151,77.79998779296875,182.39999771118164
1762230729159,77.79998779296875,183.39999771118164
1762230729165,79.79998779296875,183.39999771118164
1762230729178,79.79998779296875,185.39999771118164
1762230729206,80.79998779296875,185.39999771118164
1762230729219,81.79998779296875,185.39999771118164
1762230729239,82.79998779296875,187.39999771118164
1762230729268,83.79998779296875,187.39999771118164
1762230729288,85.79998779296875,187.39999771118164
1762230729303,85.79998779296875,187.39999771118164
1762230729332,86.79998779296875,187.39999771118164
1762230729341,88.79998779296875,187.39999771118164
1762230729357,89.79998779296875,187.39999771118164
1762230729393,90.79998779296875,187.39999771118164
1762230729408,90.79998779296875,186.39999771118164
1762230729418,91.79998779296875,186.39999771118164
1762230729436,93.79998779296875,185.39999771118164
1762230729446,93.79998779296875,185.39999771118164
1762230729460,94.79998779296875,185.39999771118164
1762230729483,96.79998779296875,185.39999771118164
1762230729498,97.79998779296875,185.39999771118164
1762230729512,98.79998779296875,185.39999771118164
1762230729539,99.79998779296875,185.39999771118164
1762230729549,101.79998779296875,185.39999771118164
1762230729557,101.79998779296875,185.39999771118164
1762230729563,102.79998779296875,185.39999771118164
1762230729569,104.79998779296875,185.39999771118164
1762230729580,105.79998779296875,185.39999771118164
1762230729593,106.79998779296875,185.39999771118164
1762230729599,107.79998779296875,185.39999771118164
1762230729609,108.79998779296875,185.39999771118164
1762230729615,109.79998779296875,185.39999771118164
1762230729622,110.79998779296875,185.39999771118164
1762230729636,112.79998779296875,185.39999771118164
1762230729643,113.79998779296875,185.39999771118164
1762230729649,114.79998779296875,185.39999771118164
1762230729656,115.79998779296875,185.39999771118164
1762230729664,116.79998779296875,185.39999771118164
1762230729678,117.79998779296875,185.39999771118164
1762230729684,118.79998779296875,185.39999771118164
1762230729691,120.79998779296875,185.39999771118164
1762230729698,121.79998779296875,185.39999771118164
1762230729706,122.79998779296875,185.39999771118164
1762230729713,123.79998779296875,185.39999771118164
1762230729729,124.79998779296875,185.39999771118164
1762230729743,125.79998779296875,185.39999771118164
1762230729757,126.79998779296875,185.39999771118164
1762230729782,128.79998779296875,185.39999771118164
1762230729795,129.79998779296875,185.39999771118164
1762230729806,130.79998779296875,185.39999771118164
1762230729830,131.79998779296875,185.39999771118164
1762230729844,132.79998779296875,185.39999771118164
1762230729866,133.79998779296875,185.39999771118164
1762230729880,134.79998779296875,185.39999771118164
1762230729893,136.79998779296875,185.39999771118164
1762230729907,137.79998779296875,185.39999771118164
1762230729944,137.79998779296875,185.39999771118164
1762230729971,139.79998779296875,185.39999771118164
1762230729999,140.79998779296875,185.39999771118164
1762230730026,141.79998779296875,185.39999771118164
1762230730054,142.79998779296875,185.39999771118164
1762230730145,144.79998779296875,185.39999771118164
1762230730252,145.79998779296875,185.39999771118164
1762230730310,145.79998779296875,185.39999771118164
1762230730364,147.79998779296875,185.39999771118164
1762230730393,148.79998779296875,185.39999771118164
1762230730456,149.79998779296875,185.39999771118164
1762230730467,150.79998779296875,185.39999771118164
1762230730504,152.79998779296875,185.39999771118164
1762230730535,153.79998779296875,185.39999771118164
1762230730613,153.79998779296875,185.39999771118164
1762230730702,155.79998779296875,185.39999771118164
1762230730824,156.79998779296875,185.39999771118164
1762230730837,157.79998779296875,184.39999771118164
1762230730865,157.79998779296875,183.39999771118164
1762230730874,158.79998779296875,183.39999771118164
1762230730887,158.79998779296875,182.39999771118164
1762230730937,159.79998779296875,181.39999771118164
1762230730963,159.79998779296875,180.39999771118164
1762230730976,159.79998779296875,178.39999771118164
1762230731008,159.79998779296875,177.39999771118164
1762230731018,161.79998779296875,176.39999771118164
1762230731047,161.79998779296875,175.39999771118164
1762230731074,161.79998779296875,174.39999771118164
1762230731087,161.79998779296875,173.39999771118164
1762230731119,161.79998779296875,172.39999771118164
1762230731168,161.79998779296875,170.39999771118164
1762230731200,161.79998779296875,169.39999771118164
1762230731234,161.79998779296875,168.39999771118164
1762230731262,161.79998779296875,167.39999771118164
1762230731271,161.79998779296875,166.39999771118164
1762230731296,161.79998779296875,165.39999771118164
1762230731327,161.79998779296875,164.39999771118164
1762230731352,161.79998779296875,162.39999771118164
1762230731386,161.79998779296875,161.39999771118164
1762230731395,161.79998779296875,161.39999771118164
1762230731425,161.79998779296875,159.39999771118164
1762230731468,161.79998779296875,158.39999771118164
1762230731484,161.79998779296875,157.39999771118164
1762230731511,161.79998779296875,156.39999771118164
1762230731590,161.79998779296875,154.39999771118164
1762230731600,161.79998779296875,153.39999771118164
1762230731655,161.79998779296875,153.39999771118164
1762230731690,161.79998779296875,151.39999771118164
1762230731725,161.79998779296875,150.39999771118164
1762230731759,161.79998779296875,149.39999771118164
1762230731789,161.79998779296875,148.39999771118164
1762230731824,160.79998779296875,148.39999771118164
1762230731858,159.79998779296875,148.39999771118164
1762230731905,158.79998779296875,148.39999771118164
1762230731922,157.79998779296875,148.39999771118164
1762230731955,156.79998779296875,148.39999771118164
1762230731968,154.79998779296875,148.39999771118164
1762230731984,153.79998779296875,148.39999771118164
1762230732010,153.79998779296875,148.39999771118164
1762230732019,150.79998779296875,148.39999771118164
1762230732026,149.79998779296875,148.39999771118164
1762230732031,148.79998779296875,148.39999771118164
1762230732045,146.79998779296875,148.39999771118164
1762230732052,145.79998779296875,148.39999771118164
1762230732066,145.79998779296875,148.39999771118164
1762230732073,143.79998779296875,148.39999771118164
1762230732087,143.79998779296875,149.39999771118164
1762230732094,142.79998779296875,149.39999771118164
1762230732101,141.79998779296875,149.39999771118164
1762230732121,140.79998779296875,149.39999771118164
1762230732139,138.79998779296875,149.39999771118164
1762230732147,137.79998779296875,149.39999771118164
1762230732154,137.79998779296875,150.39999771118164
1762230732160,135.79998779296875,150.39999771118164
1762230732165,134.79998779296875,150.39999771118164
1762230732170,134.79998779296875,152.39999771118164
1762230732184,133.79998779296875,152.39999771118164
1762230732198,132.79998779296875,152.39999771118164
1762230732204,131.79998779296875,152.39999771118164
1762230732219,129.79998779296875,152.39999771118164
1762230732225,129.79998779296875,152.39999771118164
1762230732232,127.79998779296875,152.39999771118164
1762230732253,126.79998779296875,152.39999771118164
1762230732260,124.79998779296875,152.39999771118164
1762230732279,123.79998779296875,152.39999771118164
1762230732288,121.79998779296875,152.39999771118164
1762230732294,121.79998779296875,152.39999771118164
1762230732302,119.79998779296875,152.39999771118164
1762230732323,118.79998779296875,152.39999771118164
1762230732330,117.79998779296875,152.39999771118164
1762230732344,116.79998779296875,152.39999771118164
1762230732351,113.79998779296875,152.39999771118164
1762230732365,113.79998779296875,152.39999771118164
1762230732372,111.79998779296875,152.39999771118164
1762230732378,110.79998779296875,152.39999771118164
1762230732385,109.79998779296875,152.39999771118164
1762230732392,108.79998779296875,152.39999771118164
1762230732399,107.79998779296875,152.39999771118164
1762230732406,105.79998779296875,152.39999771118164
1762230732427,105.79998779296875,152.39999771118164
1762230732434,102.79998779296875,152.39999771118164
1762230732453,101.79998779296875,152.39999771118164
1762230732462,100.79998779296875,152.39999771118164
1762230732468,99.79998779296875,152.39999771118164
1762230732490,97.79998779296875,152.39999771118164
1762230732499,97.79998779296875,152.39999771118164
1762230732514,95.79998779296875,152.39999771118164
1762230732538,94.79998779296875,152.39999771118164
1762230732545,93.79998779296875,152.39999771118164
1762230732562,92.79998779296875,152.39999771118164
1762230732587,91.79998779296875,152.39999771118164
1762230732596,91.79998779296875,151.39999771118164
1762230732612,91.79998779296875,150.39999771118164
1762230732623,89.79998779296875,150.39999771118164
1762230732635,89.79998779296875,149.39999771118164
1762230732643,89.79998779296875,148.39999771118164
1762230732657,89.79998779296875,146.39999771118164
1762230732693,89.79998779296875,145.39999771118164
1762230732703,89.79998779296875,145.39999771118164
1762230732711,89.79998779296875,143.39999771118164
1762230732734,89.79998779296875,142.39999771118164
1762230732747,89.79998779296875,141.39999771118164
1762230732766,89.79998779296875,141.39999771118164
1762230732797,89.79998779296875,140.39999771118164
1762230732824,87.79998779296875,140.39999771118164
1762230732833,87.79998779296875,138.39999771118164
1762230732848,86.79998779296875,138.39999771118164
1762230732879,86.79998779296875,137.39999771118164
1762230732898,86.79998779296875,137.39999771118164
1762230732914,86.79998779296875,135.39999771118164
1762230732923,86.79998779296875,134.39999771118164
1762230732939,86.79998779296875,133.39999771118164
1762230732946,86.79998779296875,132.39999771118164
1762230732959,86.79998779296875,131.39999771118164
1762230732984,86.79998779296875,129.39999771118164
1762230732995,88.79998779296875,129.39999771118164
1762230733003,89.79998779296875,127.39999771118164
1762230733010,90.79998779296875,127.39999771118164
1762230733016,91.79998779296875,127.39999771118164
1762230733023,91.79998779296875,126.39999771118164
1762230733029,93.79998779296875,126.39999771118164
1762230733034,93.79998779296875,125.39999771118164
1762230733040,94.79998779296875,125.39999771118164
1762230733053,96.79998779296875,124.39999771118164
1762230733059,97.79998779296875,124.39999771118164
1762230733067,98.79998779296875,124.39999771118164
1762230733080,99.79998779296875,124.39999771118164
1762230733087,101.79998779296875,124.39999771118164
1762230733094,101.79998779296875,124.39999771118164
1762230733101,102.79998779296875,124.39999771118164
1762230733108,104.79998779296875,124.39999771118164
1762230733114,105.79998779296875,124.39999771118164
1762230733129,106.79998779296875,124.39999771118164
1762230733136,107.79998779296875,124.39999771118164
1762230733143,108.79998779296875,124.39999771118164
1762230733152,109.79998779296875,124.39999771118164
1762230733169,110.79998779296875,124.39999771118164
1762230733181,112.79998779296875,124.39999771118164
1762230733188,113.79998779296875,124.39999771118164
1762230733205,114.79998779296875,124.39999771118164
1762230733214,115.79998779296875,124.39999771118164
1762230733227,116.79998779296875,124.39999771118164
1762230733240,117.79998779296875,124.39999771118164
1762230733247,117.79998779296875,123.39999771118164
1762230733253,118.79998779296875,123.39999771118164
1762230733261,120.79998779296875,123.39999771118164
1762230733275,121.79998779296875,123.39999771118164
1762230733282,122.79998779296875,121.39999771118164
1762230733296,123.79998779296875,121.39999771118164
1762230733303,124.79998779296875,121.39999771118164
1762230733309,125.79998779296875,121.39999771118164
1762230733316,126.79998779296875,121.39999771118164
1762230733331,128.79998779296875,121.39999771118164
1762230733337,129.79998779296875,121.39999771118164
1762230733344,130.79998779296875,121.39999771118164
1762230733351,131.79998779296875,121.39999771118164
1762230733358,132.79998779296875,121.39999771118164
1762230733372,134.79998779296875,121.39999771118164
1762230733380,137.79998779296875,121.39999771118164
1762230733386,138.79998779296875,121.39999771118164
1762230733392,139.79998779296875,121.39999771118164
1762230733399,140.79998779296875,121.39999771118164
1762230733406,141.79998779296875,121.39999771118164
1762230733413,142.79998779296875,121.39999771118164
1762230733427,144.79998779296875,121.39999771118164
1762230733434,145.79998779296875,121.39999771118164
1762230733441,146.79998779296875,121.39999771118164
1762230733460,147.79998779296875,121.39999771118164
1762230733473,148.79998779296875,121.39999771118164
1762230733504,149.79998779296875,121.39999771118164
1762230733516,150.79998779296875,121.39999771118164
1762230733553,150.79998779296875,122.39999771118164
1762230733564,152.79998779296875,122.39999771118164
1762230733581,152.79998779296875,123.39999771118164
1762230733600,153.79998779296875,123.39999771118164
1762230733630,153.79998779296875,124.39999771118164
1762230733642,154.79998779296875,124.39999771118164
1762230733657,154.79998779296875,125.39999771118164
1762230733686,155.79998779296875,125.39999771118164
1762230733721,155.79998779296875,126.39999771118164
1762230733784,155.79998779296875,128.39999771118164
1762230733836,155.79998779296875,129.39999771118164
1762230733888,155.79998779296875,130.39999771118164
1762230733922,155.79998779296875,131.39999771118164
1762230733939,155.79998779296875,132.39999771118164
1762230733971,155.79998779296875,133.39999771118164
1762230733981,155.79998779296875,134.39999771118164
1762230733991,155.79998779296875,136.39999771118164
1762230734004,155.79998779296875,137.39999771118164
1762230734033,155.79998779296875,137.39999771118164
1762230734045,155.79998779296875,139.39999771118164
1762230734055,155.79998779296875,140.39999771118164
1762230734073,155.79998779296875,141.39999771118164
1762230734087,155.79998779296875,142.39999771118164
1762230734095,153.79998779296875,142.39999771118164
1762230734108,153.79998779296875,144.39999771118164
1762230734136,153.79998779296875,145.39999771118164
1762230734146,153.79998779296875,145.39999771118164
1762230734165,153.79998779296875,147.39999771118164
1762230734174,153.79998779296875,147.39999771118164
1762230734181,153.79998779296875,148.39999771118164
1762230734194,153.79998779296875,149.39999771118164
1762230734219,153.79998779296875,150.39999771118164
1762230734232,153.79998779296875,152.39999771118164
1762230734242,153.79998779296875,153.39999771118164
1762230734269,153.79998779296875,153.39999771118164
1762230734277,153.79998779296875,155.39999771118164
1762230734319,153.79998779296875,156.39999771118164
1762230734328,153.79998779296875,157.39999771118164
1762230734344,153.79998779296875,158.39999771118164
1762230734372,153.79998779296875,160.39999771118164
1762230734383,153.79998779296875,161.39999771118164
1762230734393,153.79998779296875,161.39999771118164
1762230734413,153.79998779296875,163.39999771118164
1762230734427,153.79998779296875,164.39999771118164
1762230734448,153.79998779296875,165.39999771118164
1762230734462,153.79998779296875,166.39999771118164
1762230734476,153.79998779296875,167.39999771118164
1762230734490,153.79998779296875,169.39999771118164
1762230734518,153.79998779296875,169.39999771118164
1762230734529,153.79998779296875,171.39999771118164
1762230734561,153.79998779296875,172.39999771118164
1762230734597,153.79998779296875,173.39999771118164
1762230734631,153.79998779296875,174.39999771118164
1762230734671,153.79998779296875,175.39999771118164
1762230734728,153.79998779296875,177.39999771118164
1762230734752,153.79998779296875,177.39999771118164
1762230734790,153.79998779296875,179.39999771118164
1762230734802,151.79998779296875,180.39999771118164
1762230734809,150.79998779296875,180.39999771118164
1762230734823,149.79998779296875,181.39999771118164
1762230734851,147.79998779296875,181.39999771118164
1762230734864,145.79998779296875,181.39999771118164
1762230734871,145.79998779296875,181.39999771118164
1762230734878,143.79998779296875,181.39999771118164
1762230734885,142.79998779296875,181.39999771118164
1762230734892,141.79998779296875,181.39999771118164
1762230734906,140.79998779296875,181.39999771118164
1762230734913,139.79998779296875,181.39999771118164
1762230734920,137.79998779296875,181.39999771118164
1762230734927,137.79998779296875,181.39999771118164
1762230734933,135.79998779296875,181.39999771118164
1762230734941,134.79998779296875,181.39999771118164
1762230734955,133.79998779296875,181.39999771118164
1762230734975,132.79998779296875,181.39999771118164
1762230734983,131.79998779296875,181.39999771118164
1762230734990,129.79998779296875,181.39999771118164
1762230735003,129.79998779296875,181.39999771118164
1762230735010,127.79998779296875,180.39999771118164
1762230735031,126.79998779296875,180.39999771118164
1762230735038,124.79998779296875,180.39999771118164
1762230735045,124.79998779296875,178.39999771118164
1762230735059,123.79998779296875,178.39999771118164
1762230735072,121.79998779296875,178.39999771118164
1762230735094,121.79998779296875,178.39999771118164
1762230735102,119.79998779296875,178.39999771118164
1762230735115,118.79998779296875,178.39999771118164
1762230735121,117.79998779296875,178.39999771118164
1762230735135,116.79998779296875,178.39999771118164
1762230735144,115.79998779296875,178.39999771118164
1762230735156,113.79998779296875,178.39999771118164
1762230735163,113.79998779296875,178.39999771118164
1762230735169,112.79998779296875,178.39999771118164
1762230735184,110.79998779296875,178.39999771118164
1762230735191,109.79998779296875,178.39999771118164
1762230735197,108.79998779296875,178.39999771118164
1762230735212,107.79998779296875,178.39999771118164
1762230735219,105.79998779296875,178.39999771118164
1762230735247,105.79998779296875,178.39999771118164
1762230735256,104.79998779296875,178.39999771118164
1762230735262,102.79998779296875,178.39999771118164
1762230735289,101.79998779296875,178.39999771118164
1762230735300,100.79998779296875,178.39999771118164
1762230735308,99.79998779296875,178.39999771118164
1762230735322,97.79998779296875,178.39999771118164
1762230735336,97.79998779296875,178.39999771118164
1762230735350,96.79998779296875,178.39999771118164
1762230735379,94.79998779296875,178.39999771118164
1762230735389,93.79998779296875,178.39999771118164
1762230735397,92.79998779296875,178.39999771118164
1762230735428,91.79998779296875,178.39999771118164
1762230735439,89.79998779296875,178.39999771118164
1762230735454,89.79998779296875,178.39999771118164
1762230735476,88.79998779296875,178.39999771118164
1762230735486,86.79998779296875,178.39999771118164
1762230735511,85.79998779296875,178.39999771118164
1762230735522,84.79998779296875,178.39999771118164
1762230735546,83.79998779296875,178.39999771118164
1762230735599,82.79998779296875,178.39999771118164
1762230735615,82.79998779296875,177.39999771118164
1762230735655,82.79998779296875,176.39999771118164
1762230735667,82.79998779296875,175.39999771118164
1762230735691,82.79998779296875,174.39999771118164
1762230735699,82.79998779296875,173.39999771118164
1762230735712,82.79998779296875,172.39999771118164
1762230735741,82.79998779296875,170.39999771118164
1762230735754,82.79998779296875,169.39999771118164
1762230735764,82.79998779296875,168.39999771118164
1762230735772,82.79998779296875,167.39999771118164
1762230735781,82.79998779296875,166.39999771118164
1762230735788,82.79998779296875,165.39999771118164
1762230735795,82.79998779296875,164.39999771118164
1762230735802,82.79998779296875,162.39999771118164
1762230735817,82.79998779296875,161.39999771118164
1762230735824,82.79998779296875,161.39999771118164
1762230735831,82.79998779296875,159.39999771118164
1762230735845,82.79998779296875,158.39999771118164
1762230735858,82.79998779296875,157.39999771118164
1762230735871,82.79998779296875,156.39999771118164
1762230735912,81.79998779296875,154.39999771118164
1762230735927,81.79998779296875,153.39999771118164
1762230735941,81.79998779296875,153.39999771118164
1762230735955,81.79998779296875,151.39999771118164
1762230735969,81.79998779296875,150.39999771118164
1762230735997,81.79998779296875,149.39999771118164
1762230736008,81.79998779296875,148.39999771118164
1762230736016,81.79998779296875,146.39999771118164
1762230736046,81.79998779296875,145.39999771118164
1762230736056,81.79998779296875,145.39999771118164
1762230736066,81.79998779296875,143.39999771118164
1762230736094,81.79998779296875,142.39999771118164
1762230736106,81.79998779296875,141.39999771118164
1762230736115,81.79998779296875,140.39999771118164
1762230736128,81.79998779296875,138.39999771118164
1762230736144,81.79998779296875,137.39999771118164
1762230736171,81.79998779296875,137.39999771118164
1762230736182,81.79998779296875,135.39999771118164
1762230736192,81.79998779296875,134.39999771118164
1762230736204,81.79998779296875,133.39999771118164
1762230736225,81.79998779296875,132.39999771118164
1762230736293,82.79998779296875,132.39999771118164
1762230736310,83.79998779296875,132.39999771118164
1762230736323,85.79998779296875,132.39999771118164
1762230736340,85.79998779296875,131.39999771118164
1762230736352,87.79998779296875,131.39999771118164
1762230736360,88.79998779296875,131.39999771118164
1762230736368,89.79998779296875,131.39999771118164
1762230736375,90.79998779296875,131.39999771118164
1762230736383,91.79998779296875,131.39999771118164
1762230736393,93.79998779296875,131.39999771118164
1762230736400,93.79998779296875,131.39999771118164
1762230736406,95.79998779296875,131.39999771118164
1762230736414,96.79998779296875,131.39999771118164
1762230736420,97.79998779296875,131.39999771118164
1762230736427,98.79998779296875,131.39999771118164
1762230736434,99.79998779296875,131.39999771118164
1762230736448,101.79998779296875,131.39999771118164
1762230736455,101.79998779296875,131.39999771118164
1762230736462,103.79998779296875,131.39999771118164
1762230736469,104.79998779296875,131.39999771118164
1762230736483,105.79998779296875,131.39999771118164
1762230736490,107.79998779296875,131.39999771118164
1762230736506,109.79998779296875,131.39999771118164
1762230736513,111.79998779296875,131.39999771118164
1762230736520,112.79998779296875,131.39999771118164
1762230736527,113.79998779296875,131.39999771118164
1762230736535,114.79998779296875,131.39999771118164
1762230736542,115.79998779296875,131.39999771118164
1762230736549,117.79998779296875,131.39999771118164
1762230736560,117.79998779296875,131.39999771118164
1762230736566,119.79998779296875,131.39999771118164
1762230736573,120.79998779296875,131.39999771118164
1762230736580,121.79998779296875,131.39999771118164
1762230736608,122.79998779296875,131.39999771118164
1762230736617,123.79998779296875,131.39999771118164
1762230736643,125.79998779296875,131.39999771118164
1762230736684,124.79998779296875,131.39999771118164
1762230736700,123.79998779296875,131.39999771118164
1762230736710,121.79998779296875,131.39999771118164
1762230736720,120.79998779296875,131.39999771118164
1762230736728,117.79998779296875,131.39999771118164
1762230736735,116.79998779296875,131.39999771118164
1762230736741,113.79998779296875,133.39999771118164
1762230736748,111.79998779296875,133.39999771118164
1762230736754,109.79998779296875,133.39999771118164
1762230736761,107.79998779296875,133.39999771118164
1762230736774,105.79998779296875,133.39999771118164
1762230736781,102.79998779296875,135.39999771118164
1762230736788,98.79998779296875,136.39999771118164
1762230736796,97.79998779296875,136.39999771118164
1762230736804,96.79998779296875,137.39999771118164
1762230736812,95.79998779296875,137.39999771118164
1762230736818,93.79998779296875,138.39999771118164
1762230736824,93.79998779296875,140.39999771118164
1762230736831,93.79998779296875,140.39999771118164
1762230736839,92.79998779296875,141.39999771118164
1762230736846,90.79998779296875,141.39999771118164
1762230736853,89.79998779296875,143.39999771118164
1762230736861,88.79998779296875,144.39999771118164
1762230736868,88.79998779296875,145.39999771118164
1762230736875,88.79998779296875,146.39999771118164
1762230736883,87.79998779296875,146.39999771118164
1762230736890,87.79998779296875,148.39999771118164
1762230736898,86.79998779296875,149.39999771118164
1762230736905,86.79998779296875,149.39999771118164
1762230736927,86.79998779296875,151.39999771118164
1762230736941,86.79998779296875,152.39999771118164
1762230736948,86.79998779296875,153.39999771118164
1762230736956,87.79998779296875,153.39999771118164
1762230736971,89.79998779296875,153.39999771118164
1762230736978,89.79998779296875,153.39999771118164
1762230736992,91.79998779296875,153.39999771118164
1762230736998,92.79998779296875,153.39999771118164
1762230737006,93.79998779296875,153.39999771118164
1762230737013,94.79998779296875,153.39999771118164
1762230737022,95.79998779296875,153.39999771118164
1762230737029,97.79998779296875,153.39999771118164
1762230737038,97.79998779296875,153.39999771118164
1762230737046,99.79998779296875,153.39999771118164
1762230737053,100.79998779296875,153.39999771118164
1762230737061,101.79998779296875,153.39999771118164
1762230737069,102.79998779296875,153.39999771118164
1762230737076,103.79998779296875,153.39999771118164
1762230737084,105.79998779296875,153.39999771118164
1762230737094,105.79998779296875,153.39999771118164
1762230737106,108.79998779296875,153.39999771118164
1762230737118,110.79998779296875,152.39999771118164
1762230737130,111.79998779296875,152.39999771118164
1762230737141,113.79998779296875,150.39999771118164
1762230737153,114.79998779296875,150.39999771118164
1762230737166,116.79998779296875,149.39999771118164
1762230737175,118.79998779296875,149.39999771118164
1762230737183,119.79998779296875,149.39999771118164
1762230737191,119.79998779296875,147.39999771118164
1762230737198,121.79998779296875,147.39999771118164
1762230737205,121.79998779296875,147.39999771118164
1762230737213,121.79998779296875,145.39999771118164
1762230737222,122.79998779296875,144.39999771118164
1762230737229,122.79998779296875,142.39999771118164
1762230737237,124.79998779296875,141.39999771118164
1762230737248,124.79998779296875,141.39999771118164
1762230737260,123.79998779296875,141.39999771118164
1762230737268,122.79998779296875,139.39999771118164
1762230737282,121.79998779296875,139.39999771118164
1762230737289,120.79998779296875,139.39999771118164
1762230737296,119.79998779296875,139.39999771118164
1762230737304,117.79998779296875,139.39999771118164
1762230737312,115.79998779296875,139.39999771118164
1762230737319,114.79998779296875,139.39999771118164
1762230737326,113.79998779296875,139.39999771118164
1762230737334,112.79998779296875,139.39999771118164
1762230737342,109.79998779296875,139.39999771118164
1762230737349,109.79998779296875,140.39999771118164
1762230737356,107.79998779296875,140.39999771118164
1762230737363,106.79998779296875,140.39999771118164
1762230737370,104.79998779296875,141.39999771118164
1762230737378,102.79998779296875,141.39999771118164
1762230737385,101.79998779296875,142.39999771118164
1762230737392,100.79998779296875,143.39999771118164
1762230737400,99.79998779296875,144.39999771118164
1762230737408,97.79998779296875,146.39999771118164
1762230737421,96.79998779296875,148.39999771118164
1762230737433,94.79998779296875,149.39999771118164
1762230737440,93.79998779296875,149.39999771118164
1762230737449,93.79998779296875,150.39999771118164
1762230737456,92.79998779296875,150.39999771118164
1762230737463,92.79998779296875,151.39999771118164
1762230737477,92.79998779296875,152.39999771118164
1762230737505,93.79998779296875,152.39999771118164
1762230737518,93.79998779296875,151.39999771118164
1762230737525,95.79998779296875,151.39999771118164
1762230737534,96.79998779296875,151.39999771118164
1762230737542,97.79998779296875,149.39999771118164
1762230737549,100.79998779296875,149.39999771118164
1762230737558,101.79998779296875,147.39999771118164
1762230737566,101.79998779296875,147.39999771118164
1762230737573,105.79998779296875,146.39999771118164
1762230737581,105.79998779296875,145.39999771118164
1762230737589,110.79998779296875,143.39999771118164
1762230737596,113.79998779296875,143.39999771118164
1762230737603,116.79998779296875,142.39999771118164
1762230737611,119.79998779296875,141.39999771118164
1762230737618,121.79998779296875,141.39999771118164
1762230737626,124.79998779296875,139.39999771118164
1762230737634,126.79998779296875,139.39999771118164
1762230737642,128.79998779296875,139.39999771118164
1762230737649,130.79998779296875,138.39999771118164
1762230737656,131.79998779296875,138.39999771118164
1762230737664,133.79998779296875,137.39999771118164
1762230737671,133.79998779296875,137.39999771118164
1762230737678,135.79998779296875,137.39999771118164
1762230737685,136.79998779296875,136.39999771118164
1762230737692,137.79998779296875,136.39999771118164
1762230737699,138.79998779296875,136.39999771118164
1762230737712,138.79998779296875,135.39999771118164
1762230737719,139.79998779296875,135.39999771118164
1762230737733,141.79998779296875,135.39999771118164
1762230737780,140.79998779296875,135.39999771118164
1762230737792,139.79998779296875,135.39999771118164
1762230737803,137.79998779296875,136.39999771118164
1762230737812,134.79998779296875,137.39999771118164
1762230737822,132.79998779296875,138.39999771118164
1762230737832,130.79998779296875,140.39999771118164
1762230737841,124.79998779296875,142.39999771118164
1762230737849,121.79998779296875,142.39999771118164
1762230737856,118.79998779296875,144.39999771118164
1762230737864,116.79998779296875,145.39999771118164
1762230737872,114.79998779296875,145.39999771118164
1762230737880,109.79998779296875,146.39999771118164
1762230737889,109.79998779296875,146.39999771118164
1762230737898,107.79998779296875,148.39999771118164
1762230737906,106.79998779296875,148.39999771118164
1762230737915,105.79998779296875,148.39999771118164
1762230737947,105.79998779296875,147.39999771118164
1762230737961,106.79998779296875,147.39999771118164
1762230737969,108.79998779296875,146.39999771118164
1762230737978,109.79998779296875,144.39999771118164
1762230737986,112.79998779296875,144.39999771118164
1762230737994,113.79998779296875,141.39999771118164
1762230738002,117.79998779296875,140.39999771118164
1762230738010,119.79998779296875,140.39999771118164
1762230738019,120.79998779296875,138.39999771118164
1762230738027,125.79998779296875,136.39999771118164
1762230738034,126.79998779296875,135.39999771118164
1762230738042,129.79998779296875,133.39999771118164
1762230738050,130.79998779296875,133.39999771118164
1762230738058,131.79998779296875,133.39999771118164
1762230738066,133.79998779296875,131.39999771118164
1762230738074,135.79998779296875,130.39999771118164
1762230738082,136.79998779296875,130.39999771118164
1762230738094,138.79998779296875,129.39999771118164
1762230738105,139.79998779296875,128.39999771118164
1762230738117,141.79998779296875,128.39999771118164
1762230738127,141.79998779296875,128.39999771118164
1762230738137,143.79998779296875,128.39999771118164
1762230738153,144.79998779296875,128.39999771118164
1762230738207,142.79998779296875,128.39999771118164
1762230738219,141.79998779296875,128.39999771118164
1762230738232,139.79998779296875,129.39999771118164
1762230738244,137.79998779296875,130.39999771118164
1762230738252,136.79998779296875,130.39999771118164
1762230738260,133.79998779296875,132.39999771118164
1762230738268,132.79998779296875,132.39999771118164
1762230738276,131.79998779296875,132.39999771118164
1762230738285,127.79998779296875,134.39999771118164
1762230738294,126.79998779296875,135.39999771118164
1762230738301,125.79998779296875,135.39999771118164
1762230738308,124.79998779296875,136.39999771118164
1762230738316,121.79998779296875,136.39999771118164
1762230738325,120.79998779296875,137.39999771118164
1762230738333,118.79998779296875,138.39999771118164
1762230738340,117.79998779296875,138.39999771118164
1762230738349,117.79998779296875,140.39999771118164
1762230738357,116.79998779296875,140.39999771118164
1762230738365,114.79998779296875,141.39999771118164
1762230738378,114.79998779296875,142.39999771118164
1762230738399,114.79998779296875,143.39999771118164
1762230738407,115.79998779296875,143.39999771118164
1762230738414,116.79998779296875,143.39999771118164
1762230738421,117.79998779296875,143.39999771118164
1762230738428,118.79998779296875,143.39999771118164
1762230738434,119.79998779296875,143.39999771118164
1762230738441,121.79998779296875,143.39999771118164
1762230738449,123.79998779296875,141.39999771118164
1762230738457,125.79998779296875,141.39999771118164
1762230738464,128.79998779296875,140.39999771118164
1762230738471,132.79998779296875,137.39999771118164
1762230738479,133.79998779296875,137.39999771118164
1762230738487,136.79998779296875,137.39999771118164
1762230738495,137.79998779296875,137.39999771118164
1762230738502,138.79998779296875,137.39999771118164
1762230738511,141.79998779296875,137.39999771118164
1762230738524,141.79998779296875,137.39999771118164
1762230738531,142.79998779296875,137.39999771118164
1762230738545,144.79998779296875,137.39999771118164
1762230738579,143.79998779296875,138.39999771118164
1762230738591,142.79998779296875,139.39999771118164
1762230738602,141.79998779296875,140.39999771118164
1762230738611,139.79998779296875,141.39999771118164
1762230738620,137.79998779296875,142.39999771118164
1762230738628,135.79998779296875,144.39999771118164
1762230738636,133.79998779296875,145.39999771118164
1762230738645,129.79998779296875,146.39999771118164
1762230738653,125.79998779296875,149.39999771118164
1762230738662,121.79998779296875,149.39999771118164
1762230738672,119.79998779296875,150.39999771118164
1762230738680,114.79998779296875,152.39999771118164
1762230738689,109.79998779296875,155.39999771118164
1762230738698,106.79998779296875,155.39999771118164
1762230738707,104.79998779296875,156.39999771118164
1762230738715,101.79998779296875,156.39999771118164
1762230738723,97.79998779296875,156.39999771118164
1762230738731,97.79998779296875,156.39999771118164
1762230738741,94.79998779296875,157.39999771118164
1762230738750,93.79998779296875,158.39999771118164
1762230738759,92.79998779296875,158.39999771118164
1762230738767,91.79998779296875,158.39999771118164
1762230738794,92.79998779296875,157.39999771118164
1762230738805,94.79998779296875,157.39999771118164
1762230738815,97.79998779296875,156.39999771118164
1762230738831,101.79998779296875,152.39999771118164
1762230738850,110.79998779296875,146.39999771118164
1762230738863,113.79998779296875,146.39999771118164
1762230738876,121.79998779296875,144.39999771118164
1762230738890,125.79998779296875,142.39999771118164
1762230738907,132.79998779296875,141.39999771118164
1762230738921,133.79998779296875,141.39999771118164
1762230738930,137.79998779296875,141.39999771118164
1762230738939,137.79998779296875,141.39999771118164
1762230738946,139.79998779296875,141.39999771118164
1762230738959,140.79998779296875,141.39999771118164
1762230738968,140.79998779296875,141.39999771118164
1762230738987,138.79998779296875,142.39999771118164
1762230738995,137.79998779296875,142.39999771118164
1762230739003,137.79998779296875,144.39999771118164
1762230739011,134.79998779296875,145.39999771118164
1762230739019,131.79998779296875,146.39999771118164
1762230739027,127.79998779296875,148.39999771118164
1762230739035,121.79998779296875,149.39999771118164
1762230739044,117.79998779296875,150.39999771118164
1762230739054,114.79998779296875,152.39999771118164
1762230739063,110.79998779296875,154.39999771118164
1762230739072,108.79998779296875,156.39999771118164
1762230739082,105.79998779296875,156.39999771118164
1762230739091,101.79998779296875,157.39999771118164
1762230739099,99.79998779296875,158.39999771118164
1762230739108,98.79998779296875,159.39999771118164
1762230739117,95.79998779296875,161.39999771118164
1762230739125,93.79998779296875,163.39999771118164
1762230739133,92.79998779296875,163.39999771118164
1762230739141,91.79998779296875,164.39999771118164
1762230739150,91.79998779296875,165.39999771118164
1762230739157,89.79998779296875,166.39999771118164
1762230739169,89.79998779296875,167.39999771118164
1762230739184,89.79998779296875,169.39999771118164
1762230739191,90.79998779296875,169.39999771118164
1762230739201,90.79998779296875,169.39999771118164
1762230739209,91.79998779296875,169.39999771118164
1762230739217,95.79998779296875,169.39999771118164
1762230739226,97.79998779296875,169.39999771118164
1762230739234,100.79998779296875,169.39999771118164
1762230739242,101.79998779296875,169.39999771118164
1762230739250,104.79998779296875,168.39999771118164
1762230739259,107.79998779296875,167.39999771118164
1762230739267,109.79998779296875,167.39999771118164
1762230739276,113.79998779296875,165.39999771118164
1762230739284,115.79998779296875,165.39999771118164
1762230739292,117.79998779296875,164.39999771118164
1762230739300,121.79998779296875,163.39999771118164
1762230739308,122.79998779296875,161.39999771118164
1762230739317,124.79998779296875,161.39999771118164
1762230739326,125.79998779296875,161.39999771118164
1762230739335,128.79998779296875,159.39999771118164
1762230739343,129.79998779296875,159.39999771118164
1762230739352,130.79998779296875,158.39999771118164
1762230739361,132.79998779296875,158.39999771118164
1762230739370,133.79998779296875,157.39999771118164
1762230739379,134.79998779296875,156.39999771118164
1762230739392,135.79998779296875,156.39999771118164
1762230739412,136.79998779296875,156.39999771118164
1762230739427,137.79998779296875,156.39999771118164
1762230739447,137.79998779296875,156.39999771118164
1762230739462,136.79998779296875,156.39999771118164
1762230739473,136.79998779296875,157.39999771118164
1762230739481,132.79998779296875,158.39999771118164
1762230739490,131.79998779296875,158.39999771118164
1762230739499,129.79998779296875,160.39999771118164
1762230739506,126.79998779296875,161.39999771118164
1762230739514,123.79998779296875,162.39999771118164
1762230739521,121.79998779296875,162.39999771118164
1762230739528,117.79998779296875,164.39999771118164
1762230739537,113.79998779296875,165.39999771118164
1762230739545,111.79998779296875,165.39999771118164
1762230739553,110.79998779296875,166.39999771118164
1762230739561,108.79998779296875,166.39999771118164
1762230739569,107.79998779296875,168.39999771118164
1762230739578,105.79998779296875,169.39999771118164
1762230739587,103.79998779296875,169.39999771118164
1762230739596,103.79998779296875,169.39999771118164
1762230739604,102.79998779296875,169.39999771118164
1762230739613,102.79998779296875,171.39999771118164
1762230739642,104.79998779296875,171.39999771118164
1762230739651,106.79998779296875,170.39999771118164
1762230739659,109.79998779296875,170.39999771118164
1762230739666,111.79998779296875,169.39999771118164
1762230739674,112.79998779296875,169.39999771118164
1762230739682,115.79998779296875,168.39999771118164
1762230739689,120.79998779296875,167.39999771118164
1762230739697,121.79998779296875,165.39999771118164
1762230739706,122.79998779296875,165.39999771118164
1762230739713,123.79998779296875,165.39999771118164
1762230739720,126.79998779296875,165.39999771118164
1762230739728,127.79998779296875,165.39999771118164
1762230739735,128.79998779296875,163.39999771118164
1762230739742,129.79998779296875,163.39999771118164
1762230739751,132.79998779296875,163.39999771118164
1762230739764,134.79998779296875,163.39999771118164
1762230739775,135.79998779296875,163.39999771118164
1762230739784,137.79998779296875,163.39999771118164
1762230739795,137.79998779296875,163.39999771118164
1762230739811,138.79998779296875,163.39999771118164
1762230739824,140.79998779296875,163.39999771118164
1762230739859,140.79998779296875,164.39999771118164
1762230739873,140.79998779296875,165.39999771118164
1762230739893,139.79998779296875,165.39999771118164
1762230739905,138.79998779296875,168.39999771118164
1762230739915,137.79998779296875,169.39999771118164
1762230739924,137.79998779296875,170.39999771118164
1762230739932,134.79998779296875,172.39999771118164
1762230739941,133.79998779296875,173.39999771118164
1762230739950,129.79998779296875,174.39999771118164
1762230739962,129.79998779296875,175.39999771118164
1762230739975,126.79998779296875,175.39999771118164
1762230739989,125.79998779296875,176.39999771118164
1762230739998,124.79998779296875,177.39999771118164
1762230740034,125.79998779296875,177.39999771118164
1762230740047,127.79998779296875,177.39999771118164
1762230740058,128.79998779296875,176.39999771118164
1762230740068,129.79998779296875,176.39999771118164
1762230740077,130.79998779296875,176.39999771118164
1762230740087,133.79998779296875,175.39999771118164
1762230740096,133.79998779296875,175.39999771118164
1762230740107,135.79998779296875,175.39999771118164
1762230740115,136.79998779296875,175.39999771118164
1762230740125,137.79998779296875,173.39999771118164
1762230740135,138.79998779296875,173.39999771118164
1762230740144,138.79998779296875,173.39999771118164
1762230740154,139.79998779296875,173.39999771118164
1762230740169,141.79998779296875,171.39999771118164
1762230740184,141.79998779296875,170.39999771118164
1762230740197,143.79998779296875,170.39999771118164
1762230740226,144.79998779296875,170.39999771118164
1762230740238,145.79998779296875,170.39999771118164
1762230740268,146.79998779296875,170.39999771118164
1762230740307,145.79998779296875,170.39999771118164
1762230740321,145.79998779296875,172.39999771118164
1762230740334,144.79998779296875,173.39999771118164
1762230740345,142.79998779296875,175.39999771118164
1762230740355,141.79998779296875,175.39999771118164
1762230740365,139.79998779296875,177.39999771118164
1762230740374,137.79998779296875,177.39999771118164
1762230740382,137.79998779296875,178.39999771118164
1762230740392,137.79998779296875,178.39999771118164
1762230740401,137.79998779296875,180.39999771118164
1762230740434,137.79998779296875,179.39999771118164
1762230740447,137.79998779296875,178.39999771118164
1762230740456,138.79998779296875,178.39999771118164
1762230740466,138.79998779296875,177.39999771118164
1762230740475,139.79998779296875,176.39999771118164
1762230740490,141.79998779296875,175.39999771118164
1762230740503,141.79998779296875,173.39999771118164
1762230740517,141.79998779296875,173.39999771118164
1762230740525,140.79998779296875,173.39999771118164
1762230740533,140.79998779296875,171.39999771118164
1762230740542,140.79998779296875,170.39999771118164
1762230740551,139.79998779296875,170.39999771118164
1762230740561,137.79998779296875,169.39999771118164
1762230740570,137.79998779296875,169.39999771118164
1762230740587,137.79998779296875,169.39999771118164
1762230741078,154.79998779296875,173.39999771118164
1762230741082,179.79998779296875,180.39999771118164
1762230741091,203.79998779296875,186.39999771118164
1762230741102,222.79998779296875,193.39999771118164
1762230741104,241.79998779296875,200.39999771118164
1762230741116,261.79998779296875,206.39999771118164
1762230741117,281.79998779296875,213.39999771118164
1762230741138,314.79998779296875,225.39999771118164
1762230741145,329.79998779296875,231.39999771118164
1762230741152,342.79998779296875,237.39999771118164
1762230741159,357.79998779296875,243.39999771118164
1762230741166,369.79998779296875,247.39999771118164
1762230741173,377.79998779296875,253.39999771118164
1762230741179,389.79998779296875,259.39999771118164
1762230741186,404.79998779296875,265.39999771118164
1762230741193,415.79998779296875,269.39999771118164
1762230741201,427.79998779296875,274.39999771118164
1762230741207,439.79998779296875,278.39999771118164
1762230741214,448.79998779296875,282.39999771118164
1762230741221,455.79998779296875,287.39999771118164
1762230741228,461.79998779296875,289.39999771118164
1762230741235,465.79998779296875,290.39999771118164
1762230741242,468.79998779296875,292.39999771118164
1762230741249,471.79998779296875,293.39999771118164
1762230741256,473.79998779296875,294.39999771118164
1762230741263,476.79998779296875,296.39999771118164
1762230741270,477.79998779296875,297.39999771118164
1762230741277,480.79998779296875,298.39999771118164
1762230741283,482.79998779296875,299.39999771118164
1762230741291,484.79998779296875,299.39999771118164
1762230741645,488.79998779296875,303.39999771118164
1762230741652,493.79998779296875,308.39999771118164
1762230741659,500.79998779296875,315.39999771118164
1762230741666,505.79998779296875,322.39999771118164
1762230741673,510.79998779296875,329.39999771118164
1762230741680,517.7999877929688,334.39999771118164
1762230741687,522.7999877929688,341.39999771118164
1762230741694,527.7999877929688,346.39999771118164
1762230741700,532.7999877929688,350.39999771118164
1762230741708,536.7999877929688,355.39999771118164
1762230741715,541.7999877929688,362.39999771118164
1762230741721,546.7999877929688,367.39999771118164
1762230741728,553.7999877929688,374.39999771118164
1762230741735,558.7999877929688,381.39999771118164
1762230741742,566.7999877929688,393.39999771118164
1762230741749,574.7999877929688,405.39999771118164
1762230741757,585.7999877929688,420.39999771118164
1762230741763,591.7999877929688,434.39999771118164
1762230741770,599.7999877929688,449.39999771118164
1762230741776,607.7999877929688,461.39999771118164
1762230741783,613.7999877929688,473.39999771118164
1762230741790,617.7999877929688,481.39999771118164
1762230741798,620.7999877929688,486.39999771118164
1762230741805,621.7999877929688,490.39999771118164
1762230741811,623.7999877929688,495.39999771118164
1762230741818,625.7999877929688,497.39999771118164
1762230741825,625.7999877929688,500.39999771118164
1762230741832,627.7999877929688,503.39999771118164
1762230741839,627.7999877929688,504.39999771118164
1762230741846,628.7999877929688,505.39999771118164
1762230741854,628.7999877929688,506.39999771118164
1762230741860,629.7999877929688,509.39999771118164
1762230741881,630.7999877929688,511.39999771118164
1762230741888,630.7999877929688,512.3999977111816
1762230741909,630.7999877929688,513.3999977111816
1762230741922,630.7999877929688,514.3999977111816
1762230741943,630.7999877929688,516.3999977111816
1762230741964,630.7999877929688,517.3999977111816
1762230741971,629.7999877929688,518.3999977111816
1762230741979,628.7999877929688,519.3999977111816
1762230741985,625.7999877929688,521.3999977111816
1762230741993,619.7999877929688,524.3999977111816
1762230741999,613.7999877929688,527.3999977111816
1762230742007,601.7999877929688,530.3999977111816
1762230742013,587.7999877929688,534.3999977111816
1762230742020,568.7999877929688,539.3999977111816
1762230742028,549.7999877929688,543.3999977111816
1762230742034,529.7999877929688,545.3999977111816
1762230742041,511.79998779296875,547.3999977111816
1762230742048,489.79998779296875,549.3999977111816
1762230742056,473.79998779296875,549.3999977111816
1762230742062,460.79998779296875,551.3999977111816
1762230742069,445.79998779296875,553.3999977111816
1762230742075,432.79998779296875,555.3999977111816
1762230742083,421.79998779296875,557.3999977111816
1762230742088,407.79998779296875,559.3999977111816
1762230742095,396.79998779296875,559.3999977111816
1762230742102,385.79998779296875,561.3999977111816
1762230742108,374.79998779296875,561.3999977111816
1762230742115,363.79998779296875,561.3999977111816
1762230742123,354.79998779296875,563.3999977111816
1762230742130,346.79998779296875,563.3999977111816
1762230742137,340.79998779296875,565.3999977111816
1762230742145,334.79998779296875,565.3999977111816
1762230742152,328.79998779296875,566.3999977111816
1762230742159,322.79998779296875,566.3999977111816
1762230742166,316.79998779296875,566.3999977111816
1762230742172,308.79998779296875,568.3999977111816
1762230742180,301.79998779296875,569.3999977111816
1762230742187,296.79998779296875,570.3999977111816
1762230742193,289.79998779296875,572.3999977111816
1762230742201,283.79998779296875,573.3999977111816
1762230742208,277.79998779296875,575.3999977111816
1762230742215,273.79998779296875,575.3999977111816
1762230742221,269.79998779296875,577.3999977111816
1762230742228,264.79998779296875,578.3999977111816
1762230742235,261.79998779296875,580.3999977111816
1762230742242,257.79998779296875,580.3999977111816
1762230742249,253.79998779296875,581.3999977111816
1762230742256,249.79998779296875,582.3999977111816
1762230742264,245.79998779296875,584.3999977111816
1762230742270,244.79998779296875,585.3999977111816
1762230742579,276.79998779296875,576.3999977111816
1762230742596,335.79998779296875,549.3999977111816
1762230742605,361.79998779296875,535.3999977111816
1762230742610,383.79998779296875,521.3999977111816
1762230742616,403.79998779296875,508.39999771118164
1762230742623,417.79998779296875,497.39999771118164
1762230742631,429.79998779296875,489.39999771118164
1762230742637,439.79998779296875,482.39999771118164
1762230742645,444.79998779296875,477.39999771118164
1762230742651,449.79998779296875,470.39999771118164
1762230742657,453.79998779296875,467.39999771118164
1762230742665,457.79998779296875,463.39999771118164
1762230742671,457.79998779296875,461.39999771118164
1762230742677,459.79998779296875,459.39999771118164
1762230742686,461.79998779296875,457.39999771118164
1762230742693,461.79998779296875,453.39999771118164
1762230742698,463.79998779296875,451.39999771118164
1762230742706,466.79998779296875,445.39999771118164
1762230742713,469.79998779296875,436.39999771118164
1762230742720,476.79998779296875,424.39999771118164
1762230742728,480.79998779296875,407.39999771118164
1762230742734,488.79998779296875,393.39999771118164
1762230742740,494.79998779296875,376.39999771118164
1762230742747,502.79998779296875,364.39999771118164
1762230742754,509.79998779296875,352.39999771118164
1762230742761,516.7999877929688,342.39999771118164
1762230742768,521.7999877929688,333.39999771118164
1762230742775,532.7999877929688,323.39999771118164
1762230742784,541.7999877929688,313.39999771118164
1762230742790,551.7999877929688,305.39999771118164
1762230742797,568.7999877929688,295.39999771118164
1762230742804,585.7999877929688,285.39999771118164
1762230742816,608.7999877929688,271.39999771118164
1762230742817,632.7999877929688,262.39999771118164
1762230742824,654.7999877929688,253.39999771118164
1762230742831,676.7999877929688,246.39999771118164
1762230742839,695.7999877929688,242.39999771118164
1762230742845,709.7999877929688,238.39999771118164
1762230742852,726.7999877929688,234.39999771118164
1762230742858,737.7999877929688,233.39999771118164
1762230742865,749.7999877929688,229.39999771118164
1762230742873,757.7999877929688,227.39999771118164
1762230742879,766.7999877929688,225.39999771118164
1762230742887,772.7999877929688,224.39999771118164
1762230742893,781.7999877929688,220.39999771118164
1762230742899,785.7999877929688,218.39999771118164
1762230742906,792.7999877929688,215.39999771118164
1762230742913,797.7999877929688,213.39999771118164
1762230742921,801.7999877929688,213.39999771118164
1762230742928,804.7999877929688,211.39999771118164
1762230742935,806.7999877929688,209.39999771118164
1762230742942,807.7999877929688,209.39999771118164
1762230742949,809.7999877929688,207.39999771118164
1762230742963,809.7999877929688,206.39999771118164
1762230742970,811.7999877929688,206.39999771118164
1762230742977,811.7999877929688,205.39999771118164
1762230742983,812.7999877929688,204.39999771118164
1762230742990,812.7999877929688,201.39999771118164
1762230742997,812.7999877929688,197.39999771118164
1762230743004,810.7999877929688,191.39999771118164
1762230743011,809.7999877929688,185.39999771118164
1762230743019,806.7999877929688,176.39999771118164
1762230743025,805.7999877929688,170.39999771118164
1762230743032,804.7999877929688,164.39999771118164
1762230743039,802.7999877929688,159.39999771118164
1762230743046,801.7999877929688,157.39999771118164
1762230743053,801.7999877929688,154.39999771118164
1762230743060,799.7999877929688,151.39999771118164
1762230743067,798.7999877929688,150.39999771118164
1762230743073,797.7999877929688,149.39999771118164
1762230743081,796.7999877929688,148.39999771118164
1762230743087,793.7999877929688,147.39999771118164
1762230743102,791.7999877929688,147.39999771118164
1762230743109,790.7999877929688,147.39999771118164
1762230743115,788.7999877929688,147.39999771118164
1762230743122,786.7999877929688,147.39999771118164
1762230743129,784.7999877929688,147.39999771118164
1762230743137,780.7999877929688,147.39999771118164
1762230743142,775.7999877929688,147.39999771118164
1762230743150,769.7999877929688,149.39999771118164
1762230743395,764.7999877929688,198.39999771118164
1762230743400,757.7999877929688,255.39999771118164
1762230743408,752.7999877929688,296.39999771118164
1762230743414,752.7999877929688,322.39999771118164
1762230743422,749.7999877929688,344.39999771118164
1762230743428,748.7999877929688,355.39999771118164
1762230743435,748.7999877929688,364.39999771118164
1762230743442,748.7999877929688,369.39999771118164
1762230743449,746.7999877929688,372.39999771118164
1762230743456,746.7999877929688,375.39999771118164
1762230743463,745.7999877929688,376.39999771118164
1762230743470,745.7999877929688,377.39999771118164
1762230743477,745.7999877929688,378.39999771118164
1762230743485,745.7999877929688,379.39999771118164
1762230743507,745.7999877929688,381.39999771118164
1762230743535,745.7999877929688,383.39999771118164
1762230743553,743.7999877929688,383.39999771118164
1762230743673,743.7999877929688,384.39999771118164
1762230743678,743.7999877929688,385.39999771118164
1762230743686,743.7999877929688,387.39999771118164
1762230743694,744.7999877929688,390.39999771118164
1762230743699,744.7999877929688,396.39999771118164
1762230743708,744.7999877929688,401.39999771118164
1762230743712,745.7999877929688,406.39999771118164
1762230743720,747.7999877929688,413.39999771118164
1762230743727,749.7999877929688,419.39999771118164
1762230743734,749.7999877929688,423.39999771118164
1762230743742,749.7999877929688,428.39999771118164
1762230743748,749.7999877929688,432.39999771118164
1762230743755,751.7999877929688,434.39999771118164
1762230743762,751.7999877929688,437.39999771118164
1762230743769,751.7999877929688,438.39999771118164
1762230743776,753.7999877929688,439.39999771118164
1762230743783,753.7999877929688,441.39999771118164
1762230743790,753.7999877929688,443.39999771118164
1762230743796,753.7999877929688,444.39999771118164
1762230743804,753.7999877929688,445.39999771118164
1762230743824,753.7999877929688,446.39999771118164
1762230743832,753.7999877929688,448.39999771118164
1762230743853,753.7999877929688,449.39999771118164
1762230743885,753.7999877929688,451.39999771118164
1762230743897,753.7999877929688,452.39999771118164
1762230743920,753.7999877929688,453.39999771118164
1762230743937,753.7999877929688,454.39999771118164
1762230744001,753.7999877929688,456.39999771118164
1762230744057,752.7999877929688,456.39999771118164
1762230744080,751.7999877929688,456.39999771118164
1762230744090,751.7999877929688,455.39999771118164
1762230744097,749.7999877929688,455.39999771118164
1762230744106,749.7999877929688,454.39999771118164
1762230744124,749.7999877929688,453.39999771118164
1762230744144,749.7999877929688,452.39999771118164
1762230744155,749.7999877929688,450.39999771118164
1762230744157,749.7999877929688,449.39999771118164
1762230744179,748.7999877929688,449.39999771118164
1762230744186,748.7999877929688,447.39999771118164
1762230744193,746.7999877929688,446.39999771118164
1762230744199,746.7999877929688,444.39999771118164
1762230744212,745.7999877929688,442.39999771118164
1762230744213,745.7999877929688,441.39999771118164
1762230744226,744.7999877929688,440.39999771118164
1762230744227,744.7999877929688,439.39999771118164
1762230744240,743.7999877929688,438.39999771118164
1762230744241,743.7999877929688,437.39999771118164
1762230744261,743.7999877929688,436.39999771118164
1762230744269,743.7999877929688,434.39999771118164
1762230744276,743.7999877929688,433.39999771118164
1762230744288,743.7999877929688,431.39999771118164
1762230744289,743.7999877929688,429.39999771118164
1762230744298,743.7999877929688,426.39999771118164
1762230744308,743.7999877929688,424.39999771118164
1762230744310,741.7999877929688,419.39999771118164
1762230744323,741.7999877929688,417.39999771118164
1762230744324,740.7999877929688,414.39999771118164
1762230744336,740.7999877929688,411.39999771118164
1762230744338,740.7999877929688,410.39999771118164
1762230744346,740.7999877929688,408.39999771118164
1762230744365,740.7999877929688,406.39999771118164
1762230744373,740.7999877929688,405.39999771118164
1762230744385,740.7999877929688,403.39999771118164
1762230744386,740.7999877929688,402.39999771118164
1762230744407,740.7999877929688,401.39999771118164
1762230744420,740.7999877929688,400.39999771118164
1762230744435,740.7999877929688,399.39999771118164
1762230744448,740.7999877929688,397.39999771118164
1762230744585,740.7999877929688,398.39999771118164
1762230744588,740.7999877929688,399.39999771118164
1762230744597,740.7999877929688,400.39999771118164
1762230744603,740.7999877929688,401.39999771118164
1762230744624,740.7999877929688,402.39999771118164
1762230744631,740.7999877929688,404.39999771118164
1762230744638,740.7999877929688,405.39999771118164
1762230744646,740.7999877929688,407.39999771118164
1762230744652,740.7999877929688,408.39999771118164
1762230744660,740.7999877929688,409.39999771118164
1762230744666,740.7999877929688,410.39999771118164
1762230744674,740.7999877929688,412.39999771118164
1762230744680,740.7999877929688,413.39999771118164
1762230744701,740.7999877929688,415.39999771118164
1762230744708,741.7999877929688,416.39999771118164
1762230744715,741.7999877929688,417.39999771118164
1762230744722,741.7999877929688,418.39999771118164
1762230744728,741.7999877929688,420.39999771118164
1762230744752,741.7999877929688,421.39999771118164
1762230744780,741.7999877929688,423.39999771118164
1762230744800,741.7999877929688,424.39999771118164
1762230744818,741.7999877929688,425.39999771118164
1762230744830,741.7999877929688,426.39999771118164
1762230744909,741.7999877929688,425.39999771118164
1762230744921,741.7999877929688,424.39999771118164
1762230744950,741.7999877929688,422.39999771118164
1762230744957,741.7999877929688,421.39999771118164
1762230744999,741.7999877929688,419.39999771118164
1762230745005,741.7999877929688,418.39999771118164
1762230745065,741.7999877929688,420.39999771118164
1762230745082,741.7999877929688,421.39999771118164
1762230745090,741.7999877929688,423.39999771118164
1762230745095,741.7999877929688,424.39999771118164
1762230745104,741.7999877929688,425.39999771118164
1762230745111,741.7999877929688,426.39999771118164
1762230745118,741.7999877929688,428.39999771118164
1762230745125,741.7999877929688,429.39999771118164
1762230745146,741.7999877929688,432.39999771118164
1762230745152,743.7999877929688,435.39999771118164
1762230745158,743.7999877929688,436.39999771118164
1762230745165,744.7999877929688,438.39999771118164
1762230745174,744.7999877929688,441.39999771118164
1762230745179,745.7999877929688,444.39999771118164
1762230745186,745.7999877929688,445.39999771118164
1762230745193,745.7999877929688,447.39999771118164
1762230745200,747.7999877929688,449.39999771118164
1762230745207,747.7999877929688,451.39999771118164
1762230745214,748.7999877929688,453.39999771118164
1762230745221,748.7999877929688,455.39999771118164
1762230745228,749.7999877929688,457.39999771118164
1762230745233,749.7999877929688,460.39999771118164
1762230745241,749.7999877929688,461.39999771118164
1762230745249,749.7999877929688,463.39999771118164
1762230745256,749.7999877929688,466.39999771118164
1762230745263,749.7999877929688,469.39999771118164
1762230745270,750.7999877929688,469.39999771118164
1762230745277,750.7999877929688,472.39999771118164
1762230745283,750.7999877929688,477.39999771118164
1762230745290,752.7999877929688,479.39999771118164
1762230745297,752.7999877929688,481.39999771118164
1762230745304,752.7999877929688,484.39999771118164
1762230745311,752.7999877929688,487.39999771118164
1762230745319,752.7999877929688,488.39999771118164
1762230745325,752.7999877929688,490.39999771118164
1762230745330,752.7999877929688,492.39999771118164
1762230745337,752.7999877929688,493.39999771118164
1762230745350,752.7999877929688,495.39999771118164
1762230745355,752.7999877929688,496.39999771118164
1762230745365,752.7999877929688,497.39999771118164
1762230745380,752.7999877929688,498.39999771118164
1762230745393,752.7999877929688,499.39999771118164
1762230745415,752.7999877929688,501.39999771118164
1762230745440,752.7999877929688,503.39999771118164
1762230745566,753.7999877929688,503.39999771118164
1762230745615,754.7999877929688,503.39999771118164
1762230745684,755.7999877929688,503.39999771118164
1762230747381,757.7999877929688,502.39999771118164
1762230747396,757.7999877929688,501.39999771118164
1762230747432,757.7999877929688,501.39999771118164
1762230747471,758.7999877929688,501.39999771118164
1762230747486,758.7999877929688,500.39999771118164
1762230747501,760.7999877929688,500.39999771118164
1762230747512,760.7999877929688,499.39999771118164
1762230747520,761.7999877929688,499.39999771118164
1762230747546,761.7999877929688,498.39999771118164
1762230747561,762.7999877929688,498.39999771118164
1762230747750,762.7999877929688,499.39999771118164
1762230747790,762.7999877929688,501.39999771118164
1762230747853,763.7999877929688,501.39999771118164
1762230747869,765.7999877929688,501.39999771118164
1762230747886,765.7999877929688,501.39999771118164
1762230747914,766.7999877929688,501.39999771118164
1762230747929,768.7999877929688,501.39999771118164
1762230747944,769.7999877929688,501.39999771118164
1762230747957,770.7999877929688,501.39999771118164
1762230747968,771.7999877929688,501.39999771118164
1762230747983,773.7999877929688,501.39999771118164
1762230747997,773.7999877929688,501.39999771118164
1762230748025,774.7999877929688,501.39999771118164
1762230748041,776.7999877929688,501.39999771118164
1762230748054,777.7999877929688,501.39999771118164
1762230748219,777.7999877929688,500.39999771118164
1762230748235,777.7999877929688,499.39999771118164
1762230748280,775.7999877929688,499.39999771118164
1762230748295,774.7999877929688,499.39999771118164
1762230748309,773.7999877929688,499.39999771118164
1762230748322,772.7999877929688,499.39999771118164
1762230748337,772.7999877929688,501.39999771118164
1762230748365,772.7999877929688,501.39999771118164
1762230748377,772.7999877929688,503.39999771118164
1762230748412,772.7999877929688,504.39999771118164
1762230748425,771.7999877929688,505.39999771118164
1762230748438,771.7999877929688,506.39999771118164
1762230748457,771.7999877929688,507.39999771118164
1762230748468,771.7999877929688,509.39999771118164
1762230748485,771.7999877929688,509.39999771118164
1762230748512,771.7999877929688,511.39999771118164
1762230748526,771.7999877929688,512.3999977111816
1762230748538,771.7999877929688,513.3999977111816
1762230748567,771.7999877929688,514.3999977111816
1762230748581,769.7999877929688,515.3999977111816
1762230748615,769.7999877929688,517.3999977111816
1762230748628,769.7999877929688,517.3999977111816
1762230748658,769.7999877929688,519.3999977111816
1762230748702,769.7999877929688,520.3999977111816
1762230748732,769.7999877929688,521.3999977111816
1762230748746,767.7999877929688,522.3999977111816
1762230748760,767.7999877929688,523.3999977111816
1762230748802,767.7999877929688,525.3999977111816
1762230748849,766.7999877929688,525.3999977111816
1762230748864,765.7999877929688,525.3999977111816
1762230748888,764.7999877929688,525.3999977111816
1762230748900,763.7999877929688,525.3999977111816
1762230748915,761.7999877929688,525.3999977111816
1762230748941,761.7999877929688,525.3999977111816
1762230748951,759.7999877929688,525.3999977111816
1762230748962,758.7999877929688,525.3999977111816
1762230748989,757.7999877929688,525.3999977111816
1762230749001,756.7999877929688,525.3999977111816
1762230749045,755.7999877929688,525.3999977111816
1762230749060,755.7999877929688,524.3999977111816
1762230749073,755.7999877929688,523.3999977111816
1762230749089,755.7999877929688,521.3999977111816
1762230749113,755.7999877929688,521.3999977111816
1762230749133,755.7999877929688,520.3999977111816
1762230749150,755.7999877929688,518.3999977111816
1762230749163,757.7999877929688,517.3999977111816
1762230749181,757.7999877929688,516.3999977111816
1762230749192,757.7999877929688,515.3999977111816
1762230749202,758.7999877929688,514.3999977111816
1762230749209,758.7999877929688,513.3999977111816
1762230749217,760.7999877929688,513.3999977111816
1762230749227,761.7999877929688,510.39999771118164
1762230749235,761.7999877929688,509.39999771118164
1762230749247,762.7999877929688,508.39999771118164
1762230749261,763.7999877929688,507.39999771118164
1762230749276,763.7999877929688,506.39999771118164
1762230749289,763.7999877929688,505.39999771118164
1762230749298,763.7999877929688,504.39999771118164
1762230749309,765.7999877929688,504.39999771118164
1762230749336,765.7999877929688,502.39999771118164
1762230749347,765.7999877929688,501.39999771118164
1762230749371,765.7999877929688,501.39999771118164
1762230749386,766.7999877929688,501.39999771118164
1762230749434,768.7999877929688,501.39999771118164
1762230749449,768.7999877929688,503.39999771118164
1762230749468,768.7999877929688,505.39999771118164
1762230749478,769.7999877929688,506.39999771118164
1762230749488,769.7999877929688,507.39999771118164
1762230749497,769.7999877929688,509.39999771118164
1762230749524,769.7999877929688,511.39999771118164
1762230749533,769.7999877929688,512.3999977111816
1762230749546,769.7999877929688,513.3999977111816
1762230749563,769.7999877929688,514.3999977111816
1762230749579,769.7999877929688,515.3999977111816
1762230749594,769.7999877929688,517.3999977111816
1762230749608,769.7999877929688,517.3999977111816
1762230749625,769.7999877929688,519.3999977111816
1762230749650,769.7999877929688,520.3999977111816
1762230749661,769.7999877929688,521.3999977111816
1762230749672,769.7999877929688,522.3999977111816
1762230749722,769.7999877929688,523.3999977111816
1762230749755,769.7999877929688,525.3999977111816
1762230749790,769.7999877929688,525.3999977111816
1762230749852,769.7999877929688,527.3999977111816
1762230749905,770.7999877929688,527.3999977111816
1762230749928,771.7999877929688,526.3999977111816
1762230749949,773.7999877929688,525.3999977111816
1762230749963,773.7999877929688,524.3999977111816
1762230749977,773.7999877929688,523.3999977111816
1762230749998,773.7999877929688,521.3999977111816
1762230750010,773.7999877929688,521.3999977111816
1762230750022,773.7999877929688,520.3999977111816
1762230750076,773.7999877929688,518.3999977111816
1762230750092,773.7999877929688,517.3999977111816
1762230750114,773.7999877929688,516.3999977111816
1762230750149,773.7999877929688,515.3999977111816
1762230750251,773.7999877929688,515.3999977111816
1762230750546,774.7999877929688,515.3999977111816
1762230750554,776.7999877929688,514.3999977111816
1762230750561,777.7999877929688,513.3999977111816
1762230750568,779.7999877929688,512.3999977111816
1762230750575,781.7999877929688,510.39999771118164
1762230750582,781.7999877929688,509.39999771118164
1762230750590,783.7999877929688,508.39999771118164
1762230750596,784.7999877929688,508.39999771118164
1762230750603,785.7999877929688,507.39999771118164
1762230750624,786.7999877929688,505.39999771118164
1762230750631,787.7999877929688,505.39999771118164
1762230750652,789.7999877929688,505.39999771118164
1762230750671,789.7999877929688,504.39999771118164
1762230750878,788.7999877929688,504.39999771118164
1762230750882,788.7999877929688,505.39999771118164
1762230750890,787.7999877929688,505.39999771118164
1762230750908,785.7999877929688,505.39999771118164
1762230750915,785.7999877929688,506.39999771118164
1762230750942,784.7999877929688,506.39999771118164
1762230751178,784.7999877929688,505.39999771118164
1762230751233,785.7999877929688,505.39999771118164
1762230751305,786.7999877929688,505.39999771118164
1762230751505,786.7999877929688,504.39999771118164
1762230752140,786.7999877929688,502.39999771118164
1762230752158,786.7999877929688,499.39999771118164
1762230752169,786.7999877929688,497.39999771118164
1762230752191,786.7999877929688,497.39999771118164
1762230752382,786.7999877929688,498.39999771118164
1762230752399,786.7999877929688,499.39999771118164
1762230752411,786.7999877929688,501.39999771118164
1762230752428,786.7999877929688,501.39999771118164
1762230752444,786.7999877929688,503.39999771118164
1762230752458,787.7999877929688,504.39999771118164
1762230752471,787.7999877929688,505.39999771118164
1762230752481,787.7999877929688,506.39999771118164
1762230752491,787.7999877929688,507.39999771118164
1762230752501,789.7999877929688,509.39999771118164
1762230752511,789.7999877929688,509.39999771118164
1762230752524,789.7999877929688,511.39999771118164
1762230752539,789.7999877929688,512.3999977111816
1762230752552,789.7999877929688,513.3999977111816
1762230752582,789.7999877929688,514.3999977111816
1762230752598,791.7999877929688,515.3999977111816
1762230752612,791.7999877929688,517.3999977111816
1762230752622,791.7999877929688,517.3999977111816
1762230752635,792.7999877929688,517.3999977111816
1762230752667,792.7999877929688,519.3999977111816
1762230752681,793.7999877929688,519.3999977111816
1762230752722,793.7999877929688,520.3999977111816
1762230752771,793.7999877929688,521.3999977111816
1762230752824,793.7999877929688,522.3999977111816
1762230752839,794.7999877929688,522.3999977111816
1762230752880,795.7999877929688,522.3999977111816
1762230752955,795.7999877929688,523.3999977111816
1762230753139,797.7999877929688,523.3999977111816
1762230753157,797.7999877929688,523.3999977111816
1762230753185,799.7999877929688,523.3999977111816
1762230753212,800.7999877929688,523.3999977111816
1762230753226,801.7999877929688,523.3999977111816
1762230753254,802.7999877929688,523.3999977111816
1762230753304,803.7999877929688,523.3999977111816
1762230753338,805.7999877929688,523.3999977111816
1762230753522,805.7999877929688,521.3999977111816
1762230753561,805.7999877929688,521.3999977111816
1762230753579,805.7999877929688,520.3999977111816
1762230753599,805.7999877929688,518.3999977111816
1762230753614,805.7999877929688,517.3999977111816
1762230753628,805.7999877929688,516.3999977111816
1762230753639,804.7999877929688,516.3999977111816
1762230753649,803.7999877929688,515.3999977111816
1762230753665,803.7999877929688,513.3999977111816
1762230753674,801.7999877929688,513.3999977111816
1762230753685,801.7999877929688,513.3999977111816
1762230753695,801.7999877929688,513.3999977111816
1762230753704,800.7999877929688,513.3999977111816
1762230753714,800.7999877929688,512.3999977111816
1762230753724,798.7999877929688,512.3999977111816
1762230753733,797.7999877929688,510.39999771118164
1762230753760,797.7999877929688,509.39999771118164
1762230753773,796.7999877929688,508.39999771118164
1762230753815,795.7999877929688,507.39999771118164
1762230753851,795.7999877929688,505.39999771118164
1762230753885,793.7999877929688,505.39999771118164
1762230753955,793.7999877929688,504.39999771118164
1762230753971,793.7999877929688,502.39999771118164
1762230753986,793.7999877929688,501.39999771118164
1762230754025,793.7999877929688,500.39999771118164
1762230754102,794.7999877929688,500.39999771118164
1762230754267,795.7999877929688,499.39999771118164
1762230754284,797.7999877929688,499.39999771118164
1762230754303,797.7999877929688,499.39999771118164
1762230754315,799.7999877929688,499.39999771118164
1762230754380,799.7999877929688,501.39999771118164
1762230754397,799.7999877929688,501.39999771118164
1762230754411,799.7999877929688,503.39999771118164
1762230754432,799.7999877929688,504.39999771118164
1762230754473,799.7999877929688,505.39999771118164
1762230754489,799.7999877929688,506.39999771118164
1762230754506,799.7999877929688,507.39999771118164
1762230754518,799.7999877929688,509.39999771118164
1762230754536,799.7999877929688,509.39999771118164
1762230754557,799.7999877929688,511.39999771118164
1762230754567,799.7999877929688,512.3999977111816
1762230754581,799.7999877929688,513.3999977111816
1762230754607,799.7999877929688,514.3999977111816
1762230754616,799.7999877929688,515.3999977111816
1762230754762,799.7999877929688,517.3999977111816
1762230754780,799.7999877929688,517.3999977111816
1762230754808,799.7999877929688,517.3999977111816
1762230755161,799.7999877929688,513.3999977111816
1762230755168,799.7999877929688,505.39999771118164
1762230755174,799.7999877929688,492.39999771118164
1762230755182,799.7999877929688,478.39999771118164
1762230755189,801.7999877929688,462.39999771118164
1762230755196,801.7999877929688,443.39999771118164
1762230755203,803.7999877929688,429.39999771118164
1762230755210,803.7999877929688,416.39999771118164
1762230755216,803.7999877929688,402.39999771118164
1762230755224,805.7999877929688,391.39999771118164
1762230755230,805.7999877929688,385.39999771118164
1762230755240,805.7999877929688,377.39999771118164
1762230755242,805.7999877929688,373.39999771118164
1762230755250,804.7999877929688,369.39999771118164
1762230755257,804.7999877929688,365.39999771118164
1762230755264,804.7999877929688,362.39999771118164
1762230755271,803.7999877929688,361.39999771118164
1762230755278,803.7999877929688,358.39999771118164
1762230755286,801.7999877929688,356.39999771118164
1762230755292,801.7999877929688,354.39999771118164
1762230755299,801.7999877929688,353.39999771118164
1762230755306,800.7999877929688,352.39999771118164
1762230755314,797.7999877929688,351.39999771118164
1762230755319,795.7999877929688,351.39999771118164
1762230755326,793.7999877929688,348.39999771118164
1762230755333,788.7999877929688,346.39999771118164
1762230755341,784.7999877929688,345.39999771118164
1762230755348,777.7999877929688,342.39999771118164
1762230755355,773.7999877929688,342.39999771118164
1762230755362,770.7999877929688,341.39999771118164
1762230755372,765.7999877929688,339.39999771118164
1762230755377,763.7999877929688,337.39999771118164
1762230755385,761.7999877929688,337.39999771118164
1762230755392,757.7999877929688,337.39999771118164
1762230755406,756.7999877929688,335.39999771118164
1762230755413,754.7999877929688,335.39999771118164
1762230755420,752.7999877929688,335.39999771118164
1762230755427,751.7999877929688,335.39999771118164
1762230755435,749.7999877929688,334.39999771118164
1762230755447,747.7999877929688,334.39999771118164
1762230755455,746.7999877929688,334.39999771118164
1762230755462,745.7999877929688,334.39999771118164
1762230755469,744.7999877929688,334.39999771118164
1762230755475,743.7999877929688,334.39999771118164
1762230755482,741.7999877929688,333.39999771118164
1762230755511,739.7999877929688,332.39999771118164
1762230755532,738.7999877929688,332.39999771118164
1762230755540,738.7999877929688,331.39999771118164
1762230755546,737.7999877929688,329.39999771118164
1762230755553,736.7999877929688,329.39999771118164
1762230755574,735.7999877929688,329.39999771118164
1762230755580,733.7999877929688,327.39999771118164
1762230755589,731.7999877929688,325.39999771118164
1762230755596,729.7999877929688,324.39999771118164
1762230755603,728.7999877929688,321.39999771118164
1762230755608,726.7999877929688,320.39999771118164
1762230755616,725.7999877929688,319.39999771118164
1762230755622,723.7999877929688,317.39999771118164
1762230755630,721.7999877929688,315.39999771118164
1762230755636,721.7999877929688,313.39999771118164
1762230755643,719.7999877929688,313.39999771118164
1762230755650,717.7999877929688,311.39999771118164
1762230755657,716.7999877929688,310.39999771118164
1762230755663,714.7999877929688,309.39999771118164
1762230755670,713.7999877929688,308.39999771118164
1762230755677,712.7999877929688,308.39999771118164
1762230755684,712.7999877929688,307.39999771118164
1762230755692,711.7999877929688,307.39999771118164
1762230755698,711.7999877929688,305.39999771118164
1762230755705,709.7999877929688,305.39999771118164
1762230755819,709.7999877929688,303.39999771118164
1762230755853,709.7999877929688,302.39999771118164
1762230755881,708.7999877929688,301.39999771118164
1762230755907,706.7999877929688,301.39999771118164
1762230755920,706.7999877929688,300.39999771118164
1762230755927,705.7999877929688,299.39999771118164
1762230755949,705.7999877929688,297.39999771118164
1762230755991,705.7999877929688,295.39999771118164
1762230755998,705.7999877929688,294.39999771118164
1762230756104,705.7999877929688,293.39999771118164
1762230756160,705.7999877929688,292.39999771118164
1762230756188,705.7999877929688,291.39999771118164
1762230756207,705.7999877929688,289.39999771118164
1762230756234,705.7999877929688,287.39999771118164
1762230756240,705.7999877929688,285.39999771118164
1762230756248,705.7999877929688,284.39999771118164
1762230756255,705.7999877929688,280.39999771118164
1762230756262,705.7999877929688,274.39999771118164
1762230756268,705.7999877929688,264.39999771118164
1762230756274,705.7999877929688,253.39999771118164
1762230756281,706.7999877929688,234.39999771118164
1762230756288,709.7999877929688,213.39999771118164
1762230756295,713.7999877929688,189.39999771118164
1762230756302,717.7999877929688,167.39999771118164
1762230756309,721.7999877929688,150.39999771118164
1762230756316,725.7999877929688,136.39999771118164
1762230756323,727.7999877929688,127.39999771118164
1762230756330,729.7999877929688,121.39999771118164
1762230756337,730.7999877929688,118.39999771118164
1762230756344,730.7999877929688,116.39999771118164
1762230756351,731.7999877929688,115.39999771118164
1762230756358,731.7999877929688,113.39999771118164
1762230756381,731.7999877929688,111.39999771118164
1762230756386,731.7999877929688,110.39999771118164
1762230756409,731.7999877929688,109.39999771118164
1762230756708,733.7999877929688,106.39999771118164
1762230756712,733.7999877929688,105.39999771118164
1762230756720,735.7999877929688,103.39999771118164
1762230756727,738.7999877929688,100.39999771118164
1762230756734,741.7999877929688,97.39999771118164
1762230756741,744.7999877929688,94.39999771118164
1762230756747,746.7999877929688,90.39999771118164
1762230756755,752.7999877929688,83.39999771118164
1762230756762,756.7999877929688,79.39999771118164
1762230756769,759.7999877929688,72.39999771118164
1762230756775,762.7999877929688,68.39999771118164
1762230756783,765.7999877929688,65.39999771118164
1762230756790,766.7999877929688,62.39999771118164
1762230756796,768.7999877929688,59.39999771118164
1762230756804,769.7999877929688,58.39999771118164
1762230756810,770.7999877929688,57.39999771118164
1762230756817,771.7999877929688,57.39999771118164
1762230756824,771.7999877929688,56.39999771118164
1762230756833,773.7999877929688,55.39999771118164
1762230756853,773.7999877929688,53.39999771118164
1762230756859,775.7999877929688,53.39999771118164
1762230756885,776.7999877929688,53.39999771118164
1762230756928,776.7999877929688,54.39999771118164
1762230756936,776.7999877929688,55.39999771118164
1762230756946,776.7999877929688,56.39999771118164
1762230756962,776.7999877929688,57.39999771118164
1762230756970,776.7999877929688,58.39999771118164
1762230756978,776.7999877929688,60.39999771118164
1762230756984,776.7999877929688,61.39999771118164
1762230756991,776.7999877929688,62.39999771118164
1762230756998,774.7999877929688,62.39999771118164
1762230757005,774.7999877929688,63.39999771118164
1762230757012,773.7999877929688,64.39999771118164
1762230757019,773.7999877929688,65.39999771118164
1762230757026,772.7999877929688,68.39999771118164
1762230757033,772.7999877929688,69.39999771118164
1762230757040,772.7999877929688,70.39999771118164
1762230757046,771.7999877929688,73.39999771118164
1762230757053,769.7999877929688,75.39999771118164
1762230757074,769.7999877929688,76.39999771118164
1762230757080,769.7999877929688,77.39999771118164
1762230757089,769.7999877929688,78.39999771118164
1762230757095,767.7999877929688,79.39999771118164
1762230757107,766.7999877929688,79.39999771118164
1762230757108,766.7999877929688,81.39999771118164
1762230757130,765.7999877929688,81.39999771118164
1762230757178,765.7999877929688,80.39999771118164
1762230757198,765.7999877929688,79.39999771118164
1762230757211,765.7999877929688,78.39999771118164
1762230757225,765.7999877929688,77.39999771118164
1762230757236,765.7999877929688,76.39999771118164
1762230757260,765.7999877929688,74.39999771118164
1762230757271,765.7999877929688,73.39999771118164
1762230757306,765.7999877929688,71.39999771118164
1762230757324,765.7999877929688,70.39999771118164
1762230757684,764.7999877929688,72.39999771118164
1762230757694,764.7999877929688,73.39999771118164
1762230757715,764.7999877929688,75.39999771118164
1762230757737,763.7999877929688,76.39999771118164
1762230757741,763.7999877929688,77.39999771118164
1762230757749,763.7999877929688,78.39999771118164
1762230757771,761.7999877929688,78.39999771118164
1762230757778,761.7999877929688,79.39999771118164
1762230757784,761.7999877929688,81.39999771118164
1762230757821,761.7999877929688,83.39999771118164
1762230757839,761.7999877929688,84.39999771118164
1762230757847,761.7999877929688,85.39999771118164
1762230757869,761.7999877929688,86.39999771118164
1762230757888,761.7999877929688,87.39999771118164
1762230758042,761.7999877929688,86.39999771118164
1762230758064,761.7999877929688,85.39999771118164
1762230758611,761.7999877929688,84.39999771118164
1762230758625,762.7999877929688,81.39999771118164
1762230758637,763.7999877929688,79.39999771118164
1762230758663,763.7999877929688,78.39999771118164
1762230758675,765.7999877929688,78.39999771118164
1762230758688,765.7999877929688,78.39999771118164
1762230758705,766.7999877929688,78.39999771118164
1762230758720,768.7999877929688,78.39999771118164
1762230758734,769.7999877929688,78.39999771118164
1762230758748,770.7999877929688,78.39999771118164
1762230758767,771.7999877929688,78.39999771118164
1762230758780,773.7999877929688,78.39999771118164
1762230758790,773.7999877929688,79.39999771118164
1762230758801,773.7999877929688,79.39999771118164
1762230758816,774.7999877929688,79.39999771118164
1762230758826,776.7999877929688,79.39999771118164
1762230758844,777.7999877929688,79.39999771118164
1762230758864,778.7999877929688,79.39999771118164
1762230758874,779.7999877929688,79.39999771118164
1762230758900,781.7999877929688,79.39999771118164
1762230758912,781.7999877929688,79.39999771118164
1762230758922,782.7999877929688,79.39999771118164
1762230758956,784.7999877929688,79.39999771118164
1762230758983,785.7999877929688,79.39999771118164
1762230759000,785.7999877929688,81.39999771118164
1762230759022,785.7999877929688,83.39999771118164
1762230759034,785.7999877929688,84.39999771118164
1762230759066,783.7999877929688,84.39999771118164
1762230759079,783.7999877929688,86.39999771118164
1762230759093,782.7999877929688,89.39999771118164
1762230759103,780.7999877929688,91.39999771118164
1762230759121,779.7999877929688,92.39999771118164
1762230759135,777.7999877929688,93.39999771118164
1762230759155,777.7999877929688,94.39999771118164
1762230759165,775.7999877929688,95.39999771118164
1762230759184,774.7999877929688,95.39999771118164
1762230759248,774.7999877929688,94.39999771118164
1762230759264,776.7999877929688,93.39999771118164
1762230759281,777.7999877929688,92.39999771118164
1762230759301,778.7999877929688,90.39999771118164
1762230759315,779.7999877929688,90.39999771118164
1762230759333,781.7999877929688,89.39999771118164
1762230759351,781.7999877929688,89.39999771118164
1762230759361,782.7999877929688,89.39999771118164
1762230759375,784.7999877929688,89.39999771118164
1762230759386,785.7999877929688,89.39999771118164
1762230759401,786.7999877929688,89.39999771118164
1762230759412,787.7999877929688,89.39999771118164
1762230759429,789.7999877929688,89.39999771118164
1762230759450,789.7999877929688,89.39999771118164
1762230759468,790.7999877929688,89.39999771118164
1762230759485,792.7999877929688,88.39999771118164
1762230759500,793.7999877929688,88.39999771118164
1762230759520,794.7999877929688,88.39999771118164
1762230759535,795.7999877929688,88.39999771118164
1762230759546,795.7999877929688,87.39999771118164
1762230759562,795.7999877929688,86.39999771118164
1762230759580,796.7999877929688,86.39999771118164
1762230759592,796.7999877929688,85.39999771118164
1762230759628,796.7999877929688,84.39999771118164
1762230759645,796.7999877929688,82.39999771118164
1762230759664,796.7999877929688,81.39999771118164
1762230759677,796.7999877929688,80.39999771118164
1762230759689,796.7999877929688,79.39999771118164
1762230759709,796.7999877929688,78.39999771118164
1762230759725,795.7999877929688,77.39999771118164
1762230759739,793.7999877929688,76.39999771118164
1762230759752,793.7999877929688,76.39999771118164
1762230759763,791.7999877929688,74.39999771118164
1762230759774,790.7999877929688,74.39999771118164
1762230759784,788.7999877929688,74.39999771118164
1762230759793,787.7999877929688,74.39999771118164
1762230759810,785.7999877929688,74.39999771118164
1762230759824,783.7999877929688,74.39999771118164
1762230759838,781.7999877929688,74.39999771118164
1762230759852,780.7999877929688,75.39999771118164
1762230759864,777.7999877929688,75.39999771118164
1762230759879,775.7999877929688,75.39999771118164
1762230759890,773.7999877929688,76.39999771118164
1762230759905,772.7999877929688,77.39999771118164
1762230759915,771.7999877929688,77.39999771118164
1762230759926,769.7999877929688,78.39999771118164
1762230759938,767.7999877929688,78.39999771118164
1762230759952,766.7999877929688,81.39999771118164
1762230759964,765.7999877929688,81.39999771118164
1762230759978,764.7999877929688,81.39999771118164
1762230759994,764.7999877929688,83.39999771118164
1762230760006,764.7999877929688,84.39999771118164
1762230760038,764.7999877929688,86.39999771118164
1762230760052,764.7999877929688,87.39999771118164
1762230760065,765.7999877929688,89.39999771118164
1762230760079,765.7999877929688,89.39999771118164
1762230760093,766.7999877929688,91.39999771118164
1762230760105,769.7999877929688,91.39999771118164
1762230760115,770.7999877929688,92.39999771118164
1762230760125,771.7999877929688,92.39999771118164
1762230760135,773.7999877929688,92.39999771118164
1762230760145,773.7999877929688,92.39999771118164
1762230760154,776.7999877929688,92.39999771118164
1762230760165,777.7999877929688,92.39999771118164
1762230760175,778.7999877929688,92.39999771118164
1762230760185,779.7999877929688,92.39999771118164
1762230760195,781.7999877929688,92.39999771118164
1762230760204,782.7999877929688,92.39999771118164
1762230760218,784.7999877929688,92.39999771118164
1762230760232,785.7999877929688,92.39999771118164
1762230760245,786.7999877929688,92.39999771118164
1762230760274,787.7999877929688,92.39999771118164
1762230760287,789.7999877929688,92.39999771118164
1762230760300,789.7999877929688,90.39999771118164
1762230760315,790.7999877929688,90.39999771118164
1762230760334,790.7999877929688,89.39999771118164
1762230760364,790.7999877929688,88.39999771118164
1762230760379,790.7999877929688,87.39999771118164
1762230760393,790.7999877929688,86.39999771118164
1762230760408,790.7999877929688,85.39999771118164
1762230760423,789.7999877929688,85.39999771118164
1762230760438,787.7999877929688,85.39999771118164
1762230760451,785.7999877929688,85.39999771118164
1762230760463,783.7999877929688,85.39999771118164
1762230760474,782.7999877929688,85.39999771118164
1762230760484,780.7999877929688,85.39999771118164
1762230760496,779.7999877929688,85.39999771118164
1762230760507,777.7999877929688,85.39999771118164
1762230760518,775.7999877929688,85.39999771118164
1762230760529,774.7999877929688,85.39999771118164
1762230760540,773.7999877929688,85.39999771118164
1762230760551,772.7999877929688,85.39999771118164
1762230760562,771.7999877929688,85.39999771118164
1762230760574,769.7999877929688,85.39999771118164
1762230760585,769.7999877929688,85.39999771118164
1762230760595,769.7999877929688,86.39999771118164
1762230760606,767.7999877929688,87.39999771118164
1762230760635,767.7999877929688,89.39999771118164
1762230760646,767.7999877929688,89.39999771118164
1762230760663,767.7999877929688,91.39999771118164
1762230760691,768.7999877929688,91.39999771118164
1762230760704,769.7999877929688,91.39999771118164
1762230760715,770.7999877929688,91.39999771118164
1762230760726,773.7999877929688,91.39999771118164
1762230760738,773.7999877929688,90.39999771118164
1762230760749,774.7999877929688,90.39999771118164
1762230760759,777.7999877929688,89.39999771118164
1762230760771,778.7999877929688,89.39999771118164
1762230760782,779.7999877929688,89.39999771118164
1762230760793,781.7999877929688,88.39999771118164
1762230760805,781.7999877929688,88.39999771118164
1762230760816,782.7999877929688,87.39999771118164
1762230760828,784.7999877929688,87.39999771118164
1762230760839,784.7999877929688,86.39999771118164
1762230760850,785.7999877929688,86.39999771118164
1762230760862,786.7999877929688,85.39999771118164
1762230760891,786.7999877929688,84.39999771118164
1762230760906,785.7999877929688,82.39999771118164
1762230760920,785.7999877929688,82.39999771118164
1762230760933,783.7999877929688,81.39999771118164
1762230760961,782.7999877929688,81.39999771118164
1762230760975,781.7999877929688,79.39999771118164
1762230760989,780.7999877929688,79.39999771118164
1762230761002,779.7999877929688,79.39999771118164
1762230761012,779.7999877929688,78.39999771118164
1762230761030,779.7999877929688,77.39999771118164
1762230761044,779.7999877929688,76.39999771118164
1762230761072,779.7999877929688,76.39999771118164
1762230762070,779.7999877929688,80.39999771118164
1762230762075,779.7999877929688,90.39999771118164
1762230762083,779.7999877929688,101.39999771118164
1762230762091,780.7999877929688,117.39999771118164
1762230762097,780.7999877929688,131.39999771118164
1762230762105,782.7999877929688,145.39999771118164
1762230762111,782.7999877929688,156.39999771118164
1762230762118,782.7999877929688,166.39999771118164
1762230762124,784.7999877929688,180.39999771118164
1762230762132,784.7999877929688,191.39999771118164
1762230762140,786.7999877929688,205.39999771118164
1762230762144,786.7999877929688,221.39999771118164
1762230762152,788.7999877929688,237.39999771118164
1762230762160,788.7999877929688,253.39999771118164
1762230762165,788.7999877929688,266.39999771118164
1762230762174,790.7999877929688,281.39999771118164
1762230762180,790.7999877929688,297.39999771118164
1762230762188,792.7999877929688,310.39999771118164
1762230762193,792.7999877929688,324.39999771118164
1762230762200,792.7999877929688,334.39999771118164
1762230762207,792.7999877929688,345.39999771118164
1762230762216,792.7999877929688,353.39999771118164
1762230762221,792.7999877929688,360.39999771118164
1762230762228,792.7999877929688,365.39999771118164
1762230762235,792.7999877929688,369.39999771118164
1762230762242,792.7999877929688,373.39999771118164
1762230762250,792.7999877929688,375.39999771118164
1762230762256,792.7999877929688,376.39999771118164
1762230762265,792.7999877929688,377.39999771118164
1762230762270,792.7999877929688,380.39999771118164
1762230762277,792.7999877929688,381.39999771118164
1762230762285,792.7999877929688,383.39999771118164
1762230762291,790.7999877929688,385.39999771118164
1762230762297,790.7999877929688,387.39999771118164
1762230762305,790.7999877929688,391.39999771118164
1762230762313,789.7999877929688,395.39999771118164
1762230762318,789.7999877929688,401.39999771118164
1762230762325,789.7999877929688,409.39999771118164
1762230762334,787.7999877929688,418.39999771118164
1762230762341,787.7999877929688,429.39999771118164
1762230762347,787.7999877929688,440.39999771118164
1762230762355,785.7999877929688,449.39999771118164
1762230762362,785.7999877929688,454.39999771118164
1762230762368,785.7999877929688,461.39999771118164
1762230762375,784.7999877929688,466.39999771118164
1762230762380,784.7999877929688,469.39999771118164
1762230762388,782.7999877929688,472.39999771118164
1762230762396,782.7999877929688,473.39999771118164
1762230762403,782.7999877929688,475.39999771118164
1762230762410,782.7999877929688,477.39999771118164
1762230762429,782.7999877929688,480.39999771118164
1762230762439,782.7999877929688,481.39999771118164
1762230762445,782.7999877929688,482.39999771118164
1762230762453,781.7999877929688,484.39999771118164
1762230762459,781.7999877929688,485.39999771118164
1762230762478,777.7999877929688,487.39999771118164
1762230762485,777.7999877929688,488.39999771118164
1762230762492,776.7999877929688,491.39999771118164
1762230762497,773.7999877929688,492.39999771118164
1762230762504,770.7999877929688,495.39999771118164
1762230762511,769.7999877929688,497.39999771118164
1762230762517,765.7999877929688,499.39999771118164
1762230762524,763.7999877929688,501.39999771118164
1762230762531,761.7999877929688,505.39999771118164
1762230762538,759.7999877929688,506.39999771118164
1762230762547,753.7999877929688,512.3999977111816
1762230762558,752.7999877929688,514.3999977111816
1762230762565,749.7999877929688,516.3999977111816
1762230762571,746.7999877929688,518.3999977111816
1762230762587,741.7999877929688,525.3999977111816
1762230762595,737.7999877929688,527.3999977111816
1762230762602,735.7999877929688,530.3999977111816
1762230762610,732.7999877929688,534.3999977111816
1762230762617,729.7999877929688,537.3999977111816
1762230762624,721.7999877929688,543.3999977111816
1762230762631,719.7999877929688,546.3999977111816
1762230762641,716.7999877929688,549.3999977111816
1762230762657,709.7999877929688,555.3999977111816
1762230762664,705.7999877929688,559.3999977111816
1762230762671,703.7999877929688,561.3999977111816
1762230762679,700.7999877929688,563.3999977111816
1762230762686,697.7999877929688,565.3999977111816
1762230762693,694.7999877929688,568.3999977111816
1762230762700,693.7999877929688,569.3999977111816
1762230762707,691.7999877929688,570.3999977111816
1762230762714,689.7999877929688,571.3999977111816
1762230762721,687.7999877929688,573.3999977111816
1762230762728,686.7999877929688,573.3999977111816
1762230762747,684.7999877929688,573.3999977111816
1762230762755,684.7999877929688,574.3999977111816
1762230762762,682.7999877929688,574.3999977111816
1762230762770,682.7999877929688,576.3999977111816
1762230762777,681.7999877929688,576.3999977111816
1762230762819,679.7999877929688,576.3999977111816
1762230762914,679.7999877929688,575.3999977111816
1762230762925,679.7999877929688,574.3999977111816
1762230762948,679.7999877929688,573.3999977111816
1762230762961,679.7999877929688,572.3999977111816
1762230762983,679.7999877929688,571.3999977111816
1762230762998,679.7999877929688,569.3999977111816
1762230763046,680.7999877929688,569.3999977111816
1762230763088,681.7999877929688,569.3999977111816
1762230763115,683.7999877929688,569.3999977111816
1762230763129,684.7999877929688,569.3999977111816
1762230763137,685.7999877929688,568.3999977111816
1762230763159,689.7999877929688,566.3999977111816
1762230763165,691.7999877929688,565.3999977111816
1762230763171,694.7999877929688,565.3999977111816
1762230763178,697.7999877929688,565.3999977111816
1762230763185,701.7999877929688,564.3999977111816
1762230763190,703.7999877929688,564.3999977111816
1762230763200,706.7999877929688,562.3999977111816
1762230763205,709.7999877929688,562.3999977111816
1762230763212,712.7999877929688,561.3999977111816
1762230763220,714.7999877929688,561.3999977111816
1762230763226,715.7999877929688,561.3999977111816
1762230763234,717.7999877929688,561.3999977111816
1762230763239,719.7999877929688,561.3999977111816
1762230763248,720.7999877929688,561.3999977111816
1762230763253,721.7999877929688,561.3999977111816
1762230763275,722.7999877929688,561.3999977111816
1762230763283,723.7999877929688,561.3999977111816
1762230763288,725.7999877929688,561.3999977111816
1762230763327,727.7999877929688,561.3999977111816
1762230763372,728.7999877929688,561.3999977111816
1762230763393,729.7999877929688,561.3999977111816
1762230763399,731.7999877929688,561.3999977111816
1762230763407,733.7999877929688,561.3999977111816
1762230763413,738.7999877929688,561.3999977111816
1762230763421,741.7999877929688,561.3999977111816
1762230763427,745.7999877929688,563.3999977111816
1762230763435,749.7999877929688,565.3999977111816
1762230763441,756.7999877929688,565.3999977111816
1762230763449,760.7999877929688,567.3999977111816
1762230763455,765.7999877929688,569.3999977111816
1762230763464,769.7999877929688,569.3999977111816
1762230763469,771.7999877929688,570.3999977111816
1762230763477,776.7999877929688,570.3999977111816
1762230763483,778.7999877929688,572.3999977111816
1762230763504,781.7999877929688,573.3999977111816
1762230763511,782.7999877929688,573.3999977111816
1762230763517,783.7999877929688,573.3999977111816
1762230763525,785.7999877929688,574.3999977111816
1762230763532,787.7999877929688,574.3999977111816
1762230763538,788.7999877929688,574.3999977111816
1762230763560,789.7999877929688,574.3999977111816
1762230763573,790.7999877929688,574.3999977111816
1762230763597,791.7999877929688,574.3999977111816
1762230763623,793.7999877929688,574.3999977111816
1762230763652,795.7999877929688,574.3999977111816
1762230763678,796.7999877929688,574.3999977111816
1762230764458,796.7999877929688,575.3999977111816
1762230764484,796.7999877929688,576.3999977111816
1762230764491,796.7999877929688,577.3999977111816
1762230764582,796.7999877929688,578.3999977111816
1762230764593,794.7999877929688,578.3999977111816
1762230764596,794.7999877929688,580.3999977111816
1762230764616,793.7999877929688,581.3999977111816
1762230764621,793.7999877929688,582.3999977111816
1762230764630,793.7999877929688,583.3999977111816
1762230764636,793.7999877929688,584.3999977111816
1762230764644,793.7999877929688,585.3999977111816
1762230764655,793.7999877929688,586.3999977111816
1762230764670,793.7999877929688,588.3999977111816
1762230764684,793.7999877929688,589.3999977111816
1762230764706,793.7999877929688,590.3999977111816
1762230765099,795.7999877929688,590.3999977111816
1762230765116,796.7999877929688,590.3999977111816
1762230765122,797.7999877929688,590.3999977111816
1762230765145,798.7999877929688,590.3999977111816
1762230765151,799.7999877929688,590.3999977111816
1762230765157,801.7999877929688,590.3999977111816
1762230765179,803.7999877929688,590.3999977111816
1762230765186,804.7999877929688,590.3999977111816
1762230765193,806.7999877929688,590.3999977111816
1762230765200,807.7999877929688,590.3999977111816
1762230765207,809.7999877929688,590.3999977111816
1762230765214,813.7999877929688,591.3999977111816
1762230765221,815.7999877929688,591.3999977111816
1762230765228,817.7999877929688,591.3999977111816
1762230765235,820.7999877929688,591.3999977111816
1762230765242,823.7999877929688,591.3999977111816
1762230765249,824.7999877929688,591.3999977111816
1762230765255,825.7999877929688,591.3999977111816
1762230765263,828.7999877929688,591.3999977111816
1762230765269,829.7999877929688,591.3999977111816
1762230765280,831.7999877929688,591.3999977111816
1762230765296,832.7999877929688,591.3999977111816
1762230765309,833.7999877929688,591.3999977111816
1762230765324,834.7999877929688,591.3999977111816
1762230765344,836.7999877929688,591.3999977111816
1762230765358,837.7999877929688,591.3999977111816
1762230765393,839.7999877929688,591.3999977111816
1762230765406,840.7999877929688,591.3999977111816
1762230765428,841.7999877929688,591.3999977111816
1762230765441,842.7999877929688,591.3999977111816
1762230765455,843.7999877929688,591.3999977111816
1762230765489,845.7999877929688,591.3999977111816
1762230765515,847.7999877929688,593.3999977111816
1762230765535,848.7999877929688,593.3999977111816
1762230765541,849.7999877929688,595.3999977111816
1762230765548,850.7999877929688,595.3999977111816
1762230765556,850.7999877929688,596.3999977111816
1762230765567,851.7999877929688,596.3999977111816
1762230765587,853.7999877929688,596.3999977111816
1762230765615,853.7999877929688,597.3999977111816
1762230765620,855.7999877929688,597.3999977111816
1762230765629,855.7999877929688,598.3999977111816
1762230765635,856.7999877929688,598.3999977111816
1762230765651,857.7999877929688,599.3999977111816
1762230765658,858.7999877929688,599.3999977111816
1762230765667,859.7999877929688,601.3999977111816
1762230765679,861.7999877929688,601.3999977111816
1762230767526,852.7999877929688,604.3999977111816
1762230767532,852.7999877929688,603.3999977111816
1762230767540,853.7999877929688,601.3999977111816
1762230767546,853.7999877929688,599.3999977111816
1762230767552,853.7999877929688,598.3999977111816
1762230767560,854.7999877929688,597.3999977111816
1762230767567,854.7999877929688,596.3999977111816
1762230767587,854.7999877929688,595.3999977111816
1762230767595,854.7999877929688,593.3999977111816
1762230767658,854.7999877929688,591.3999977111816
1762230767678,854.7999877929688,589.3999977111816
1762230767685,854.7999877929688,587.3999977111816
1762230768969,841.7999877929688,578.3999977111816
1762230768970,824.7999877929688,560.3999977111816
1762230768978,806.7999877929688,543.3999977111816
1762230768985,791.7999877929688,528.3999977111816
1762230768992,776.7999877929688,513.3999977111816
1762230768998,764.7999877929688,500.39999771118164
1762230769007,751.7999877929688,488.39999771118164
1762230769013,741.7999877929688,478.39999771118164
1762230769020,732.7999877929688,468.39999771118164
1762230769028,721.7999877929688,457.39999771118164
1762230769033,709.7999877929688,446.39999771118164
1762230769042,701.7999877929688,437.39999771118164
1762230769047,693.7999877929688,427.39999771118164
1762230769055,684.7999877929688,419.39999771118164
1762230769061,679.7999877929688,413.39999771118164
1762230769068,672.7999877929688,407.39999771118164
1762230769077,665.7999877929688,400.39999771118164
1762230769082,658.7999877929688,395.39999771118164
1762230769092,651.7999877929688,388.39999771118164
1762230769097,643.7999877929688,381.39999771118164
1762230769104,639.7999877929688,376.39999771118164
1762230769111,632.7999877929688,369.39999771118164
1762230769119,625.7999877929688,361.39999771118164
1762230769124,617.7999877929688,354.39999771118164
1762230769133,610.7999877929688,349.39999771118164
1762230769138,603.7999877929688,341.39999771118164
1762230769145,596.7999877929688,334.39999771118164
1762230769152,589.7999877929688,329.39999771118164
1762230769159,579.7999877929688,321.39999771118164
1762230769166,572.7999877929688,316.39999771118164
1762230769173,565.7999877929688,309.39999771118164
1762230769179,558.7999877929688,304.39999771118164
1762230769187,553.7999877929688,301.39999771118164
1762230769194,549.7999877929688,296.39999771118164
1762230769200,545.7999877929688,293.39999771118164
1762230769209,540.7999877929688,289.39999771118164
1762230769216,535.7999877929688,285.39999771118164
1762230769223,531.7999877929688,282.39999771118164
1762230769228,526.7999877929688,278.39999771118164
1762230769236,521.7999877929688,275.39999771118164
1762230769242,517.7999877929688,270.39999771118164
1762230769251,513.7999877929688,267.39999771118164
1762230769256,508.79998779296875,263.39999771118164
1762230769263,504.79998779296875,260.39999771118164
1762230769270,501.79998779296875,255.39999771118164
1762230769279,494.79998779296875,252.39999771118164
1762230769285,491.79998779296875,248.39999771118164
1762230769292,486.79998779296875,243.39999771118164
1762230769298,482.79998779296875,240.39999771118164
1762230769304,477.79998779296875,236.39999771118164
1762230769311,473.79998779296875,233.39999771118164
1762230769317,469.79998779296875,228.39999771118164
1762230769325,464.79998779296875,225.39999771118164
1762230769333,459.79998779296875,221.39999771118164
1762230769341,455.79998779296875,217.39999771118164
1762230769348,450.79998779296875,213.39999771118164
1762230769355,447.79998779296875,208.39999771118164
1762230769360,443.79998779296875,204.39999771118164
1762230769369,440.79998779296875,199.39999771118164
1762230769374,435.79998779296875,194.39999771118164
1762230769383,433.79998779296875,192.39999771118164
1762230769388,429.79998779296875,187.39999771118164
1762230769395,426.79998779296875,185.39999771118164
1762230769402,424.79998779296875,180.39999771118164
1762230769409,421.79998779296875,177.39999771118164
1762230769417,417.79998779296875,173.39999771118164
1762230769435,413.79998779296875,164.39999771118164
1762230769444,412.79998779296875,159.39999771118164
1762230769452,409.79998779296875,155.39999771118164
1762230769456,407.79998779296875,152.39999771118164
1762230769464,406.79998779296875,148.39999771118164
1762230769472,405.79998779296875,145.39999771118164
1762230769479,403.79998779296875,142.39999771118164
1762230769485,403.79998779296875,140.39999771118164
1762230769492,403.79998779296875,138.39999771118164
1762230769500,402.79998779296875,136.39999771118164
1762230769506,402.79998779296875,135.39999771118164
1762230769513,401.79998779296875,133.39999771118164
1762230769520,401.79998779296875,133.39999771118164
1762230769527,401.79998779296875,131.39999771118164
1762230769534,401.79998779296875,130.39999771118164
1762230769542,401.79998779296875,129.39999771118164
1762230769547,401.79998779296875,128.39999771118164
1762230769569,401.79998779296875,127.39999771118164
1762230769589,401.79998779296875,125.39999771118164
1762230769610,401.79998779296875,125.39999771118164
1762230769661,402.79998779296875,124.39999771118164
1762230769680,402.79998779296875,122.39999771118164
1762230769687,403.79998779296875,122.39999771118164
1762230769694,405.79998779296875,122.39999771118164
1762230769701,407.79998779296875,121.39999771118164
1762230769708,409.79998779296875,121.39999771118164
1762230769715,413.79998779296875,120.39999771118164
1762230769722,415.79998779296875,118.39999771118164
1762230769729,417.79998779296875,117.39999771118164
1762230769735,424.79998779296875,113.39999771118164
1762230769742,429.79998779296875,113.39999771118164
1762230769750,435.79998779296875,111.39999771118164
1762230769756,444.79998779296875,107.39999771118164
1762230769763,453.79998779296875,104.39999771118164
1762230769770,462.79998779296875,98.39999771118164
1762230769777,471.79998779296875,96.39999771118164
1762230769783,477.79998779296875,93.39999771118164
1762230769790,484.79998779296875,89.39999771118164
1762230769796,489.79998779296875,88.39999771118164
1762230769802,493.79998779296875,87.39999771118164
1762230769810,496.79998779296875,85.39999771118164
1762230769816,498.79998779296875,85.39999771118164
1762230769823,501.79998779296875,84.39999771118164
1762230769830,504.79998779296875,82.39999771118164
1762230769838,506.79998779296875,81.39999771118164
1762230769844,507.79998779296875,81.39999771118164
1762230769851,509.79998779296875,81.39999771118164
1762230769858,513.7999877929688,80.39999771118164
1762230769880,519.7999877929688,78.39999771118164
1762230769888,521.7999877929688,77.39999771118164
1762230769895,522.7999877929688,77.39999771118164
1762230769902,524.7999877929688,77.39999771118164
1762230769909,525.7999877929688,77.39999771118164
1762230769915,527.7999877929688,77.39999771118164
1762230769937,529.7999877929688,77.39999771118164
1762230769960,531.7999877929688,77.39999771118164
1762230769978,532.7999877929688,77.39999771118164
1762230769985,533.7999877929688,77.39999771118164
1762230770007,534.7999877929688,77.39999771118164
1762230770013,535.7999877929688,77.39999771118164
1762230770020,537.7999877929688,77.39999771118164
1762230770040,539.7999877929688,77.39999771118164
1762230770046,542.7999877929688,77.39999771118164
1762230770052,543.7999877929688,77.39999771118164
1762230770059,545.7999877929688,77.39999771118164
1762230770066,549.7999877929688,77.39999771118164
1762230770074,551.7999877929688,77.39999771118164
1762230770081,555.7999877929688,77.39999771118164
1762230770087,558.7999877929688,79.39999771118164
1762230770094,564.7999877929688,81.39999771118164
1762230770102,569.7999877929688,82.39999771118164
1762230770108,575.7999877929688,84.39999771118164
1762230770116,579.7999877929688,85.39999771118164
1762230770123,583.7999877929688,85.39999771118164
1762230770130,588.7999877929688,86.39999771118164
1762230770137,592.7999877929688,88.39999771118164
1762230770144,597.7999877929688,89.39999771118164
1762230770151,599.7999877929688,89.39999771118164
1762230770159,601.7999877929688,89.39999771118164
1762230770166,603.7999877929688,91.39999771118164
1762230770172,605.7999877929688,91.39999771118164
1762230770179,606.7999877929688,92.39999771118164
1762230770184,609.7999877929688,92.39999771118164
1762230770192,610.7999877929688,93.39999771118164
1762230770198,611.7999877929688,93.39999771118164
1762230770205,612.7999877929688,93.39999771118164
1762230770218,613.7999877929688,93.39999771118164
1762230770230,614.7999877929688,93.39999771118164
1762230770248,616.7999877929688,93.39999771118164
1762230770268,617.7999877929688,93.39999771118164
1762230770281,618.7999877929688,93.39999771118164
1762230770440,618.7999877929688,94.39999771118164
1762230770526,618.7999877929688,95.39999771118164
1762230770558,618.7999877929688,97.39999771118164
1762230770559,617.7999877929688,97.39999771118164
1762230770569,617.7999877929688,97.39999771118164
1762230770589,617.7999877929688,98.39999771118164
1762230770595,615.7999877929688,100.39999771118164
1762230770616,614.7999877929688,100.39999771118164
1762230770624,613.7999877929688,102.39999771118164
1762230770630,610.7999877929688,105.39999771118164
1762230770636,608.7999877929688,106.39999771118164
1762230770645,605.7999877929688,110.39999771118164
1762230770652,600.7999877929688,115.39999771118164
1762230770657,593.7999877929688,118.39999771118164
1762230770665,586.7999877929688,124.39999771118164
1762230770671,579.7999877929688,131.39999771118164
1762230770679,570.7999877929688,137.39999771118164
1762230770685,563.7999877929688,141.39999771118164
1762230770692,556.7999877929688,147.39999771118164
1762230770700,547.7999877929688,150.39999771118164
1762230770705,542.7999877929688,155.39999771118164
1762230770714,538.7999877929688,157.39999771118164
1762230770719,533.7999877929688,158.39999771118164
1762230770728,531.7999877929688,159.39999771118164
1762230770734,526.7999877929688,161.39999771118164
1762230770741,525.7999877929688,161.39999771118164
1762230770747,523.7999877929688,162.39999771118164
1762230770753,521.7999877929688,162.39999771118164
1762230770762,519.7999877929688,162.39999771118164
1762230770769,518.7999877929688,163.39999771118164
1762230770776,517.7999877929688,163.39999771118164
1762230770782,514.7999877929688,163.39999771118164
1762230770789,513.7999877929688,163.39999771118164
1762230770798,511.79998779296875,163.39999771118164
1762230770802,509.79998779296875,163.39999771118164
1762230770809,505.79998779296875,163.39999771118164
1762230770816,503.79998779296875,163.39999771118164
1762230770823,499.79998779296875,163.39999771118164
1762230770831,497.79998779296875,163.39999771118164
1762230770837,492.79998779296875,163.39999771118164
1762230770844,489.79998779296875,163.39999771118164
1762230770852,485.79998779296875,163.39999771118164
1762230770859,482.79998779296875,163.39999771118164
1762230770865,480.79998779296875,161.39999771118164
1762230770873,476.79998779296875,161.39999771118164
1762230770880,473.79998779296875,160.39999771118164
1762230770886,470.79998779296875,160.39999771118164
1762230770893,469.79998779296875,159.39999771118164
1762230770900,467.79998779296875,159.39999771118164
1762230770907,464.79998779296875,159.39999771118164
1762230770914,463.79998779296875,157.39999771118164
1762230770921,462.79998779296875,157.39999771118164
1762230770928,459.79998779296875,157.39999771118164
1762230770935,458.79998779296875,157.39999771118164
1762230770942,457.79998779296875,157.39999771118164
1762230770949,454.79998779296875,155.39999771118164
1762230770955,453.79998779296875,154.39999771118164
1762230770963,453.79998779296875,153.39999771118164
1762230770970,451.79998779296875,152.39999771118164
1762230770977,449.79998779296875,150.39999771118164
1762230770983,448.79998779296875,149.39999771118164
1762230770989,446.79998779296875,149.39999771118164
1762230770997,445.79998779296875,149.39999771118164
1762230771005,443.79998779296875,148.39999771118164
1762230771011,441.79998779296875,148.39999771118164
1762230771020,441.79998779296875,147.39999771118164
1762230771038,438.79998779296875,145.39999771118164
1762230771046,436.79998779296875,145.39999771118164
1762230771052,435.79998779296875,145.39999771118164
1762230771059,433.79998779296875,145.39999771118164
1762230771080,430.79998779296875,144.39999771118164
1762230771087,429.79998779296875,142.39999771118164
1762230771094,428.79998779296875,142.39999771118164
1762230771102,425.79998779296875,142.39999771118164
1762230771108,424.79998779296875,141.39999771118164
1762230771115,423.79998779296875,141.39999771118164
1762230771122,422.79998779296875,141.39999771118164
1762230771129,421.79998779296875,141.39999771118164
1762230771136,420.79998779296875,141.39999771118164
1762230771142,418.79998779296875,141.39999771118164
1762230771150,417.79998779296875,141.39999771118164
1762230771157,416.79998779296875,141.39999771118164
1762230771178,415.79998779296875,140.39999771118164
1762230771185,414.79998779296875,140.39999771118164
1762230771192,413.79998779296875,139.39999771118164
1762230771212,412.79998779296875,139.39999771118164
1762230771220,410.79998779296875,139.39999771118164
1762230771226,409.79998779296875,138.39999771118164
1762230771257,407.79998779296875,137.39999771118164
1762230771278,406.79998779296875,137.39999771118164
1762230771364,406.79998779296875,134.39999771118164
1762230771402,406.79998779296875,133.39999771118164
1762230771530,408.79998779296875,133.39999771118164
1762230771540,409.79998779296875,133.39999771118164
1762230771572,411.79998779296875,133.39999771118164
1762230771575,412.79998779296875,133.39999771118164
1762230771595,413.79998779296875,133.39999771118164
1762230771603,416.79998779296875,133.39999771118164
1762230771609,417.79998779296875,133.39999771118164
1762230771616,419.79998779296875,132.39999771118164
1762230771623,421.79998779296875,132.39999771118164
1762230771630,423.79998779296875,132.39999771118164
1762230771637,425.79998779296875,131.39999771118164
1762230771644,429.79998779296875,131.39999771118164
1762230771651,431.79998779296875,131.39999771118164
1762230771656,433.79998779296875,131.39999771118164
1762230771665,436.79998779296875,131.39999771118164
1762230771672,437.79998779296875,131.39999771118164
1762230771679,438.79998779296875,131.39999771118164
1762230771685,439.79998779296875,131.39999771118164
1762230771693,441.79998779296875,131.39999771118164
1762230771698,443.79998779296875,131.39999771118164
1762230771706,444.79998779296875,131.39999771118164
1762230771713,446.79998779296875,131.39999771118164
1762230771719,448.79998779296875,131.39999771118164
1762230771728,449.79998779296875,131.39999771118164
1762230771734,451.79998779296875,131.39999771118164
1762230771741,453.79998779296875,131.39999771118164
1762230771748,455.79998779296875,131.39999771118164
1762230771754,457.79998779296875,131.39999771118164
1762230771761,460.79998779296875,131.39999771118164
1762230771774,463.79998779296875,131.39999771118164
1762230771775,465.79998779296875,131.39999771118164
1762230771782,467.79998779296875,131.39999771118164
1762230771794,469.79998779296875,131.39999771118164
1762230771799,472.79998779296875,133.39999771118164
1762230771806,473.79998779296875,133.39999771118164
1762230771813,476.79998779296875,133.39999771118164
1762230771823,478.79998779296875,133.39999771118164
1762230771825,481.79998779296875,134.39999771118164
1762230771836,482.79998779296875,134.39999771118164
1762230771840,485.79998779296875,134.39999771118164
1762230771847,487.79998779296875,135.39999771118164
1762230771854,489.79998779296875,135.39999771118164
1762230771860,491.79998779296875,135.39999771118164
1762230771868,493.79998779296875,135.39999771118164
1762230771874,494.79998779296875,135.39999771118164
1762230771879,497.79998779296875,135.39999771118164
1762230771885,500.79998779296875,135.39999771118164
1762230771893,501.79998779296875,135.39999771118164
1762230771901,503.79998779296875,135.39999771118164
1762230771908,505.79998779296875,135.39999771118164
1762230771915,508.79998779296875,135.39999771118164
1762230771922,509.79998779296875,135.39999771118164
1762230771929,512.7999877929688,137.39999771118164
1762230771936,514.7999877929688,137.39999771118164
1762230771943,516.7999877929688,137.39999771118164
1762230771950,518.7999877929688,137.39999771118164
1762230771957,521.7999877929688,137.39999771118164
1762230771964,523.7999877929688,137.39999771118164
1762230771976,524.7999877929688,137.39999771118164
1762230771978,526.7999877929688,137.39999771118164
1762230771989,529.7999877929688,137.39999771118164
1762230771991,530.7999877929688,137.39999771118164
1762230772004,533.7999877929688,137.39999771118164
1762230772006,535.7999877929688,137.39999771118164
1762230772016,537.7999877929688,137.39999771118164
1762230772018,539.7999877929688,137.39999771118164
1762230772032,541.7999877929688,137.39999771118164
1762230772033,542.7999877929688,137.39999771118164
1762230772043,545.7999877929688,137.39999771118164
1762230772045,546.7999877929688,137.39999771118164
1762230772057,549.7999877929688,137.39999771118164
1762230772074,551.7999877929688,137.39999771118164
1762230772082,552.7999877929688,137.39999771118164
1762230772089,554.7999877929688,137.39999771118164
1762230772096,555.7999877929688,137.39999771118164
1762230772102,557.7999877929688,137.39999771118164
1762230772109,559.7999877929688,137.39999771118164
1762230772122,560.7999877929688,137.39999771118164
1762230772124,561.7999877929688,137.39999771118164
1762230772133,562.7999877929688,137.39999771118164
1762230772138,564.7999877929688,137.39999771118164
1762230772158,565.7999877929688,137.39999771118164
1762230772192,567.7999877929688,137.39999771118164
1762230772213,567.7999877929688,137.39999771118164
1762230772226,568.7999877929688,137.39999771118164
1762230772322,568.7999877929688,139.39999771118164
1762230772412,568.7999877929688,140.39999771118164
1762230772499,566.7999877929688,141.39999771118164
1762230772519,566.7999877929688,142.39999771118164
1762230772526,565.7999877929688,142.39999771118164
1762230772547,565.7999877929688,143.39999771118164
1762230772553,563.7999877929688,143.39999771118164
1762230772574,562.7999877929688,145.39999771118164
1762230772600,561.7999877929688,145.39999771118164
1762230772606,561.7999877929688,145.39999771118164
1762230772614,560.7999877929688,145.39999771118164
1762230772637,558.7999877929688,147.39999771118164
1762230772649,557.7999877929688,148.39999771118164
1762230772671,555.7999877929688,149.39999771118164
1762230772680,554.7999877929688,149.39999771118164
1762230772685,553.7999877929688,150.39999771118164
1762230772698,552.7999877929688,151.39999771118164
1762230772700,551.7999877929688,151.39999771118164
1762230772713,549.7999877929688,151.39999771118164
1762230772714,549.7999877929688,153.39999771118164
1762230772734,549.7999877929688,153.39999771118164
1762230772742,547.7999877929688,153.39999771118164
1762230772749,547.7999877929688,155.39999771118164
1762230772760,546.7999877929688,155.39999771118164
1762230772783,545.7999877929688,156.39999771118164
1762230772790,544.7999877929688,156.39999771118164
1762230772812,543.7999877929688,157.39999771118164
1762230772817,543.7999877929688,158.39999771118164
1762230772825,541.7999877929688,158.39999771118164
1762230772846,539.7999877929688,159.39999771118164
1762230772851,538.7999877929688,161.39999771118164
1762230772874,537.7999877929688,161.39999771118164
1762230772886,536.7999877929688,163.39999771118164
1762230772900,535.7999877929688,164.39999771118164
1762230772922,533.7999877929688,165.39999771118164
1762230772935,531.7999877929688,166.39999771118164
1762230772950,530.7999877929688,167.39999771118164
1762230772957,529.7999877929688,169.39999771118164
1762230772964,528.7999877929688,169.39999771118164
1762230772971,528.7999877929688,169.39999771118164
1762230772978,527.7999877929688,169.39999771118164
1762230772985,527.7999877929688,170.39999771118164
1762230772992,525.7999877929688,170.39999771118164
1762230772999,525.7999877929688,172.39999771118164
1762230773020,525.7999877929688,174.39999771118164
1762230773027,523.7999877929688,175.39999771118164
1762230773034,523.7999877929688,177.39999771118164
1762230773041,522.7999877929688,177.39999771118164
1762230773048,522.7999877929688,178.39999771118164
1762230773055,521.7999877929688,180.39999771118164
1762230773074,521.7999877929688,185.39999771118164
1762230773082,521.7999877929688,185.39999771118164
1762230773089,521.7999877929688,188.39999771118164
1762230773096,521.7999877929688,190.39999771118164
1762230773103,521.7999877929688,197.39999771118164
1762230773110,521.7999877929688,201.39999771118164
1762230773117,521.7999877929688,207.39999771118164
1762230773124,521.7999877929688,213.39999771118164
1762230773131,523.7999877929688,219.39999771118164
1762230773138,523.7999877929688,225.39999771118164
1762230773145,525.7999877929688,229.39999771118164
1762230773152,526.7999877929688,236.39999771118164
1762230773159,528.7999877929688,241.39999771118164
1762230773168,529.7999877929688,248.39999771118164
1762230773171,529.7999877929688,252.39999771118164
1762230773180,531.7999877929688,258.39999771118164
1762230773187,534.7999877929688,263.39999771118164
1762230773192,536.7999877929688,269.39999771118164
1762230773201,538.7999877929688,273.39999771118164
1762230773208,542.7999877929688,281.39999771118164
1762230773215,548.7999877929688,291.39999771118164
1762230773221,551.7999877929688,300.39999771118164
1762230773229,557.7999877929688,309.39999771118164
1762230773234,561.7999877929688,318.39999771118164
1762230773241,566.7999877929688,328.39999771118164
1762230773249,569.7999877929688,334.39999771118164
1762230773257,575.7999877929688,344.39999771118164
1762230773262,578.7999877929688,350.39999771118164
1762230773268,583.7999877929688,357.39999771118164
1762230773277,586.7999877929688,364.39999771118164
1762230773283,589.7999877929688,369.39999771118164
1762230773290,593.7999877929688,375.39999771118164
1762230773298,596.7999877929688,381.39999771118164
1762230773304,599.7999877929688,386.39999771118164
1762230773311,605.7999877929688,394.39999771118164
1762230773319,608.7999877929688,401.39999771118164
1762230773326,613.7999877929688,410.39999771118164
1762230773333,621.7999877929688,422.39999771118164
1762230773340,627.7999877929688,432.39999771118164
1762230773347,632.7999877929688,439.39999771118164
1762230773353,640.7999877929688,449.39999771118164
1762230773361,645.7999877929688,458.39999771118164
1762230773368,653.7999877929688,465.39999771118164
1762230773374,658.7999877929688,474.39999771118164
1762230773381,664.7999877929688,484.39999771118164
1762230773388,667.7999877929688,492.39999771118164
1762230773395,673.7999877929688,502.39999771118164
1762230773402,678.7999877929688,512.3999977111816
1762230773409,684.7999877929688,520.3999977111816
1762230773415,689.7999877929688,528.3999977111816
1762230773423,693.7999877929688,536.3999977111816
1762230773430,697.7999877929688,543.3999977111816
1762230773436,700.7999877929688,550.3999977111816
1762230773442,703.7999877929688,556.3999977111816
1762230773448,708.7999877929688,561.3999977111816
1762230773456,711.7999877929688,568.3999977111816
1762230773463,713.7999877929688,571.3999977111816
1762230773470,717.7999877929688,577.3999977111816
1762230773475,720.7999877929688,581.3999977111816
1762230773483,725.7999877929688,588.3999977111816
1762230773489,730.7999877929688,595.3999977111816
1762230773497,733.7999877929688,601.3999977111816
1762230773786,748.7999877929688,603.3999977111816
1762230773794,748.7999877929688,590.3999977111816
1762230773799,748.7999877929688,571.3999977111816
1762230773808,748.7999877929688,552.3999977111816
1762230773817,749.7999877929688,533.3999977111816
1762230773819,752.7999877929688,515.3999977111816
1762230773827,756.7999877929688,498.39999771118164
1762230773835,757.7999877929688,489.39999771118164
1762230773842,759.7999877929688,478.39999771118164
1762230773850,761.7999877929688,472.39999771118164
1762230773856,765.7999877929688,463.39999771118164
1762230773863,766.7999877929688,457.39999771118164
1762230773869,768.7999877929688,451.39999771118164
1762230773877,771.7999877929688,441.39999771118164
1762230773884,773.7999877929688,433.39999771118164
1762230773891,776.7999877929688,426.39999771118164
1762230773898,780.7999877929688,417.39999771118164
1762230773904,783.7999877929688,411.39999771118164
1762230773912,785.7999877929688,405.39999771118164
1762230773919,788.7999877929688,398.39999771118164
1762230773926,789.7999877929688,389.39999771118164
1762230773933,793.7999877929688,381.39999771118164
1762230773939,795.7999877929688,372.39999771118164
1762230773947,797.7999877929688,365.39999771118164
1762230773953,798.7999877929688,357.39999771118164
1762230773961,800.7999877929688,345.39999771118164
1762230773967,802.7999877929688,337.39999771118164
1762230773975,804.7999877929688,325.39999771118164
1762230773981,804.7999877929688,315.39999771118164
1762230773990,804.7999877929688,306.39999771118164
1762230773995,804.7999877929688,298.39999771118164
1762230774003,804.7999877929688,293.39999771118164
1762230774009,804.7999877929688,288.39999771118164
1762230774017,804.7999877929688,282.39999771118164
1762230774023,804.7999877929688,276.39999771118164
1762230774030,804.7999877929688,268.39999771118164
1762230774037,804.7999877929688,260.39999771118164
1762230774047,804.7999877929688,249.39999771118164
1762230774050,804.7999877929688,233.39999771118164
1762230774056,804.7999877929688,220.39999771118164
1762230774063,804.7999877929688,206.39999771118164
1762230774081,804.7999877929688,193.39999771118164
1762230774086,805.7999877929688,161.39999771118164
1762230774095,808.7999877929688,144.39999771118164
1762230774101,808.7999877929688,125.39999771118164
1762230774107,808.7999877929688,106.39999771118164
1762230774116,810.7999877929688,90.39999771118164
1762230774121,812.7999877929688,71.39999771118164
1762230774130,816.7999877929688,57.39999771118164
1762230774135,822.7999877929688,41.39999771118164
1762230774143,826.7999877929688,24.39999771118164
1762230774149,835.7999877929688,5.399997711181641
1762230782164,730.7999877929688,9.39999771118164
1762230782172,729.7999877929688,17.39999771118164
1762230782177,725.7999877929688,27.39999771118164
1762230782186,721.7999877929688,36.39999771118164
1762230782193,720.7999877929688,42.39999771118164
1762230782200,717.7999877929688,49.39999771118164
1762230782205,715.7999877929688,55.39999771118164
1762230782213,713.7999877929688,59.39999771118164
1762230782219,713.7999877929688,62.39999771118164
1762230782227,711.7999877929688,65.39999771118164
1762230782234,709.7999877929688,69.39999771118164
1762230782255,709.7999877929688,71.39999771118164
1762230782260,709.7999877929688,73.39999771118164
1762230782268,709.7999877929688,73.39999771118164
1762230782275,707.7999877929688,75.39999771118164
1762230782283,707.7999877929688,76.39999771118164
1762230782292,707.7999877929688,77.39999771118164
1762230782322,707.7999877929688,79.39999771118164
1762230783624,708.7999877929688,84.39999771118164
1762230783629,709.7999877929688,88.39999771118164
1762230783638,711.7999877929688,92.39999771118164
1762230783644,713.7999877929688,96.39999771118164
1762230783651,715.7999877929688,100.39999771118164
1762230783659,717.7999877929688,107.39999771118164
1762230783666,720.7999877929688,111.39999771118164
1762230783671,721.7999877929688,117.39999771118164
1762230783678,725.7999877929688,124.39999771118164
1762230783685,726.7999877929688,130.39999771118164
1762230783693,729.7999877929688,137.39999771118164
1762230783698,731.7999877929688,145.39999771118164
1762230783706,733.7999877929688,157.39999771118164
1762230783712,737.7999877929688,165.39999771118164
1762230783719,740.7999877929688,175.39999771118164
1762230783726,742.7999877929688,184.39999771118164
1762230783734,745.7999877929688,192.39999771118164
1762230783740,747.7999877929688,204.39999771118164
1762230783747,751.7999877929688,217.39999771118164
1762230783754,755.7999877929688,229.39999771118164
1762230783761,759.7999877929688,246.39999771118164
1762230783768,763.7999877929688,260.39999771118164
1762230783776,768.7999877929688,277.39999771118164
1762230783782,772.7999877929688,290.39999771118164
1762230783791,778.7999877929688,307.39999771118164
1762230783796,782.7999877929688,321.39999771118164
1762230783805,788.7999877929688,336.39999771118164
1762230783810,792.7999877929688,347.39999771118164
1762230783818,796.7999877929688,361.39999771118164
1762230783824,800.7999877929688,375.39999771118164
1762230783832,804.7999877929688,387.39999771118164
1762230783838,809.7999877929688,399.39999771118164
1762230783845,811.7999877929688,407.39999771118164
1762230783852,815.7999877929688,417.39999771118164
1762230783859,819.7999877929688,428.39999771118164
1762230783865,821.7999877929688,434.39999771118164
1762230783872,824.7999877929688,443.39999771118164
1762230783880,825.7999877929688,452.39999771118164
1762230783887,827.7999877929688,461.39999771118164
1762230783893,829.7999877929688,469.39999771118164
1762230783901,833.7999877929688,478.39999771118164
1762230783908,834.7999877929688,487.39999771118164
1762230783915,837.7999877929688,496.39999771118164
1762230783922,840.7999877929688,505.39999771118164
1762230783929,841.7999877929688,511.39999771118164
1762230783936,843.7999877929688,517.3999977111816
1762230783943,845.7999877929688,523.3999977111816
1762230783950,846.7999877929688,528.3999977111816
1762230783957,846.7999877929688,532.3999977111816
1762230783964,847.7999877929688,534.3999977111816
1762230783971,847.7999877929688,539.3999977111816
1762230783977,849.7999877929688,541.3999977111816
1762230783984,849.7999877929688,544.3999977111816
1762230783991,849.7999877929688,547.3999977111816
1762230783998,850.7999877929688,549.3999977111816
1762230784005,850.7999877929688,552.3999977111816
1762230784012,852.7999877929688,557.3999977111816
1762230784019,852.7999877929688,559.3999977111816
1762230784025,852.7999877929688,560.3999977111816
1762230784033,853.7999877929688,562.3999977111816
1762230784041,853.7999877929688,564.3999977111816
1762230784047,854.7999877929688,565.3999977111816
1762230784054,854.7999877929688,566.3999977111816
1762230784060,855.7999877929688,567.3999977111816
1762230784067,855.7999877929688,569.3999977111816
1762230784088,855.7999877929688,569.3999977111816
1762230784109,855.7999877929688,572.3999977111816
1762230784204,856.7999877929688,572.3999977111816
1762230784287,857.7999877929688,572.3999977111816
1762230784290,857.7999877929688,573.3999977111816
1762230784298,858.7999877929688,573.3999977111816
1762230784317,858.7999877929688,574.3999977111816
1762230784327,858.7999877929688,575.3999977111816
1762230784350,858.7999877929688,576.3999977111816
1762230784366,858.7999877929688,577.3999977111816
1762230784433,858.7999877929688,580.3999977111816
1762230784445,858.7999877929688,581.3999977111816
1762230784469,858.7999877929688,582.3999977111816
1762230784506,858.7999877929688,584.3999977111816
1762230784512,857.7999877929688,585.3999977111816
1762230784522,856.7999877929688,588.3999977111816
1762230784529,856.7999877929688,589.3999977111816
1762230784546,855.7999877929688,591.3999977111816
1762230784554,855.7999877929688,592.3999977111816
1762230784561,853.7999877929688,593.3999977111816
1762230784569,853.7999877929688,596.3999977111816
1762230784575,853.7999877929688,597.3999977111816
1762230784582,853.7999877929688,598.3999977111816
1762230784589,851.7999877929688,599.3999977111816
-1,-1,-1
1762230707873,79.79998779296875,433.39999771118164
1762230707881,79.79998779296875,433.39999771118164
1762230708087,79.79998779296875,433.39999771118164
1762230708202,79.79998779296875,434.39999771118164
1762230708213,79.79998779296875,435.39999771118164
1762230708219,79.79998779296875,437.39999771118164
1762230708227,79.79998779296875,439.39999771118164
1762230708233,79.79998779296875,440.39999771118164
1762230708241,79.79998779296875,441.39999771118164
1762230708247,79.79998779296875,442.39999771118164
1762230708254,81.79998779296875,445.39999771118164
1762230708261,81.79998779296875,447.39999771118164
1762230708268,81.79998779296875,449.39999771118164
1762230708275,81.79998779296875,449.39999771118164
1762230708283,81.79998779296875,451.39999771118164
1762230708289,83.79998779296875,453.39999771118164
1762230708296,83.79998779296875,454.39999771118164
1762230708303,84.79998779296875,456.39999771118164
1762230708310,84.79998779296875,457.39999771118164
1762230708317,85.79998779296875,459.39999771118164
1762230708324,85.79998779296875,461.39999771118164
1762230708331,86.79998779296875,461.39999771118164
1762230708338,86.79998779296875,464.39999771118164
1762230708344,86.79998779296875,465.39999771118164
1762230708351,88.79998779296875,466.39999771118164
1762230708358,88.79998779296875,467.39999771118164
1762230708365,89.79998779296875,469.39999771118164
1762230708372,89.79998779296875,469.39999771118164
1762230708381,89.79998779296875,471.39999771118164
1762230708392,89.79998779296875,472.39999771118164
1762230708417,89.79998779296875,474.39999771118164
1762230708430,89.79998779296875,475.39999771118164
1762230708438,91.79998779296875,477.39999771118164
1762230708462,91.79998779296875,477.39999771118164
1762230708471,92.79998779296875,478.39999771118164
1762230708490,92.79998779296875,480.39999771118164
1762230708525,93.79998779296875,480.39999771118164
1762230708531,93.79998779296875,481.39999771118164
1762230708568,93.79998779296875,482.39999771118164
1762230708573,94.79998779296875,482.39999771118164
1762230708602,96.79998779296875,483.39999771118164
1762230708636,97.79998779296875,485.39999771118164
1762230708657,97.79998779296875,485.39999771118164
1762230708740,99.79998779296875,485.39999771118164
1762230708762,100.79998779296875,485.39999771118164
1762230708774,101.79998779296875,485.39999771118164
1762230708797,102.79998779296875,485.39999771118164
1762230708809,102.79998779296875,485.39999771118164
1762230708816,104.79998779296875,485.39999771118164
1762230708823,104.79998779296875,486.39999771118164
1762230708830,105.79998779296875,486.39999771118164
1762230708851,105.79998779296875,486.39999771118164
1762230708863,107.79998779296875,488.39999771118164
1762230708878,108.79998779296875,488.39999771118164
1762230708916,109.79998779296875,488.39999771118164
1762230708961,110.79998779296875,488.39999771118164
1762230709036,110.79998779296875,487.39999771118164
1762230709070,110.79998779296875,486.39999771118164
1762230709081,110.79998779296875,485.39999771118164
1762230709109,110.79998779296875,484.39999771118164
1762230709115,109.79998779296875,483.39999771118164
1762230709143,108.79998779296875,481.39999771118164
1762230709149,106.79998779296875,481.39999771118164
1762230709163,105.79998779296875,481.39999771118164
1762230709171,105.79998779296875,479.39999771118164
1762230709184,105.79998779296875,478.39999771118164
1762230709187,105.79998779296875,478.39999771118164
1762230709199,105.79998779296875,477.39999771118164
1762230709227,105.79998779296875,476.39999771118164
1762230709233,105.79998779296875,475.39999771118164
1762230709246,105.79998779296875,473.39999771118164
1762230709268,105.79998779296875,473.39999771118164
1762230709281,105.79998779296875,472.39999771118164
1762230709296,105.79998779296875,470.39999771118164
1762230709319,105.79998779296875,469.39999771118164
1762230709330,105.79998779296875,468.39999771118164
1762230709342,105.79998779296875,467.39999771118164
1762230709365,105.79998779296875,465.39999771118164
1762230709377,105.79998779296875,465.39999771118164
1762230709400,105.79998779296875,462.39999771118164
1762230709406,105.79998779296875,461.39999771118164
1762230709420,105.79998779296875,460.39999771118164
1762230709423,105.79998779296875,459.39999771118164
1762230709435,105.79998779296875,457.39999771118164
1762230709444,105.79998779296875,457.39999771118164
1762230709463,105.79998779296875,456.39999771118164
1762230709469,105.79998779296875,454.39999771118164
1762230709483,105.79998779296875,453.39999771118164
1762230709486,105.79998779296875,452.39999771118164
1762230709497,105.79998779296875,451.39999771118164
1762230709518,105.79998779296875,449.39999771118164
1762230709524,107.79998779296875,449.39999771118164
1762230709532,107.79998779296875,448.39999771118164
1762230709553,107.79998779296875,445.39999771118164
1762230709574,107.79998779296875,443.39999771118164
1762230709583,107.79998779296875,442.39999771118164
1762230709609,107.79998779296875,441.39999771118164
1762230709615,107.79998779296875,440.39999771118164
1762230709623,108.79998779296875,440.39999771118164
1762230709629,108.79998779296875,438.39999771118164
1762230709658,108.79998779296875,437.39999771118164
1762230709665,108.79998779296875,436.39999771118164
1762230709685,108.79998779296875,435.39999771118164
1762230709715,108.79998779296875,434.39999771118164
1762230709724,108.79998779296875,433.39999771118164
1762230709748,108.79998779296875,432.39999771118164
1762230709769,109.79998779296875,432.39999771118164
1762230709806,110.79998779296875,432.39999771118164
1762230709884,109.79998779296875,432.39999771118164
1762230709908,108.79998779296875,432.39999771118164
1762230709928,106.79998779296875,433.39999771118164
1762230709934,105.79998779296875,433.39999771118164
1762230709941,105.79998779296875,434.39999771118164
1762230709948,105.79998779296875,434.39999771118164
1762230709955,103.79998779296875,434.39999771118164
1762230709962,102.79998779296875,434.39999771118164
1762230709969,101.79998779296875,434.39999771118164
1762230709976,100.79998779296875,435.39999771118164
1762230709983,98.79998779296875,435.39999771118164
1762230709990,98.79998779296875,437.39999771118164
1762230709997,97.79998779296875,437.39999771118164
1762230710004,97.79998779296875,437.39999771118164
1762230710011,95.79998779296875,437.39999771118164
1762230710018,94.79998779296875,437.39999771118164
1762230710025,93.79998779296875,439.39999771118164
1762230710038,92.79998779296875,440.39999771118164
1762230710046,90.79998779296875,440.39999771118164
1762230710052,89.79998779296875,440.39999771118164
1762230710060,89.79998779296875,440.39999771118164
1762230710066,89.79998779296875,441.39999771118164
1762230710073,87.79998779296875,441.39999771118164
1762230710094,86.79998779296875,441.39999771118164
1762230710101,85.79998779296875,441.39999771118164
1762230710123,84.79998779296875,441.39999771118164
1762230710151,84.79998779296875,442.39999771118164
1762230710172,84.79998779296875,443.39999771118164
1762230710184,84.79998779296875,445.39999771118164
1762230710205,84.79998779296875,447.39999771118164
1762230710212,85.79998779296875,448.39999771118164
1762230710233,86.79998779296875,449.39999771118164
1762230710240,86.79998779296875,451.39999771118164
1762230710247,88.79998779296875,453.39999771118164
1762230710254,88.79998779296875,453.39999771118164
1762230710261,89.79998779296875,455.39999771118164
1762230710268,89.79998779296875,456.39999771118164
1762230710275,89.79998779296875,457.39999771118164
1762230710281,89.79998779296875,458.39999771118164
1762230710288,89.79998779296875,459.39999771118164
1762230710295,91.79998779296875,461.39999771118164
1762230710302,91.79998779296875,461.39999771118164
1762230710309,92.79998779296875,463.39999771118164
1762230710316,92.79998779296875,464.39999771118164
1762230710337,93.79998779296875,466.39999771118164
1762230710344,94.79998779296875,466.39999771118164
1762230710365,96.79998779296875,467.39999771118164
1762230710371,96.79998779296875,469.39999771118164
1762230710379,97.79998779296875,469.39999771118164
1762230710386,97.79998779296875,469.39999771118164
1762230710392,97.79998779296875,469.39999771118164
1762230710405,97.79998779296875,471.39999771118164
1762230710413,99.79998779296875,471.39999771118164
1762230710437,100.79998779296875,471.39999771118164
1762230710473,101.79998779296875,471.39999771118164
1762230710477,101.79998779296875,470.39999771118164
1762230710504,102.79998779296875,469.39999771118164
1762230710511,102.79998779296875,468.39999771118164
1762230710518,102.79998779296875,467.39999771118164
1762230710524,102.79998779296875,465.39999771118164
1762230710531,102.79998779296875,465.39999771118164
1762230710538,102.79998779296875,464.39999771118164
1762230710545,102.79998779296875,461.39999771118164
1762230710566,102.79998779296875,458.39999771118164
1762230710573,102.79998779296875,457.39999771118164
1762230710580,102.79998779296875,457.39999771118164
1762230710587,102.79998779296875,455.39999771118164
1762230710594,102.79998779296875,454.39999771118164
1762230710601,102.79998779296875,453.39999771118164
1762230710608,102.79998779296875,452.39999771118164
1762230710615,102.79998779296875,450.39999771118164
1762230710636,102.79998779296875,449.39999771118164
1762230710642,102.79998779296875,449.39999771118164
1762230710649,102.79998779296875,447.39999771118164
1762230710671,102.79998779296875,446.39999771118164
1762230710731,101.79998779296875,446.39999771118164
1762230710740,100.79998779296875,446.39999771118164
1762230710746,100.79998779296875,448.39999771118164
1762230710754,98.79998779296875,448.39999771118164
1762230710779,97.79998779296875,449.39999771118164
1762230710788,97.79998779296875,449.39999771118164
1762230710866,97.79998779296875,447.39999771118164
1762230710877,97.79998779296875,446.39999771118164
1762230710891,97.79998779296875,445.39999771118164
1762230710914,97.79998779296875,444.39999771118164
1762230710925,97.79998779296875,442.39999771118164
1762230710949,97.79998779296875,441.39999771118164
1762230711025,97.79998779296875,443.39999771118164
1762230711053,97.79998779296875,444.39999771118164
1762230711099,97.79998779296875,445.39999771118164
1762230711147,97.79998779296875,446.39999771118164
1762230711238,97.79998779296875,445.39999771118164
1762230711247,97.79998779296875,444.39999771118164
1762230711268,95.79998779296875,444.39999771118164
1762230711274,94.79998779296875,442.39999771118164
1762230711281,94.79998779296875,441.39999771118164
1762230711288,93.79998779296875,441.39999771118164
1762230711295,92.79998779296875,441.39999771118164
1762230711317,90.79998779296875,441.39999771118164
1762230711324,89.79998779296875,441.39999771118164
1762230711402,89.79998779296875,443.39999771118164
1762230711426,89.79998779296875,444.39999771118164
1762230712744,120.79998779296875,429.39999771118164
1762230713040,120.79998779296875,430.39999771118164
1762230713046,120.79998779296875,431.39999771118164
1762230713052,120.79998779296875,432.39999771118164
1762230713059,121.79998779296875,433.39999771118164
1762230713073,121.79998779296875,434.39999771118164
1762230713076,121.79998779296875,436.39999771118164
1762230713087,121.79998779296875,437.39999771118164
1762230713094,121.79998779296875,437.39999771118164
1762230713101,121.79998779296875,439.39999771118164
1762230713108,121.79998779296875,440.39999771118164
1762230713118,121.79998779296875,441.39999771118164
1762230713124,121.79998779296875,442.39999771118164
1762230713134,121.79998779296875,444.39999771118164
1762230713149,121.79998779296875,445.39999771118164
1762230713153,121.79998779296875,445.39999771118164
1762230713168,121.79998779296875,447.39999771118164
1762230713178,121.79998779296875,448.39999771118164
1762230713184,121.79998779296875,449.39999771118164
1762230713207,121.79998779296875,450.39999771118164
1762230713212,121.79998779296875,452.39999771118164
1762230713226,123.79998779296875,453.39999771118164
1762230713238,123.79998779296875,453.39999771118164
1762230713254,123.79998779296875,455.39999771118164
1762230713263,123.79998779296875,456.39999771118164
1762230713282,123.79998779296875,457.39999771118164
1762230713294,123.79998779296875,458.39999771118164
1762230713309,123.79998779296875,459.39999771118164
1762230713332,124.79998779296875,461.39999771118164
1762230713342,124.79998779296875,461.39999771118164
1762230713358,124.79998779296875,463.39999771118164
1762230713371,124.79998779296875,464.39999771118164
1762230713374,124.79998779296875,465.39999771118164
1762230713393,124.79998779296875,466.39999771118164
1762230713397,125.79998779296875,466.39999771118164
1762230713407,125.79998779296875,467.39999771118164
1762230713428,125.79998779296875,469.39999771118164
1762230713435,125.79998779296875,469.39999771118164
1762230713442,125.79998779296875,471.39999771118164
1762230713448,125.79998779296875,472.39999771118164
1762230713461,125.79998779296875,473.39999771118164
1762230713484,125.79998779296875,474.39999771118164
1762230713491,125.79998779296875,475.39999771118164
1762230713511,125.79998779296875,477.39999771118164
1762230713532,125.79998779296875,477.39999771118164
1762230713538,125.79998779296875,479.39999771118164
1762230713560,125.79998779296875,480.39999771118164
1762230713581,125.79998779296875,481.39999771118164
1762230713588,125.79998779296875,482.39999771118164
1762230713608,125.79998779296875,483.39999771118164
1762230713618,125.79998779296875,485.39999771118164
1762230713644,125.79998779296875,485.39999771118164
1762230713655,125.79998779296875,487.39999771118164
1762230713678,125.79998779296875,488.39999771118164
1762230713722,125.79998779296875,489.39999771118164
1762230713786,125.79998779296875,490.39999771118164
1762230713872,126.79998779296875,490.39999771118164
1762230713887,127.79998779296875,490.39999771118164
1762230713908,129.79998779296875,490.39999771118164
1762230713920,129.79998779296875,489.39999771118164
1762230713942,131.79998779296875,489.39999771118164
1762230713949,131.79998779296875,489.39999771118164
1762230713955,132.79998779296875,489.39999771118164
1762230713963,132.79998779296875,488.39999771118164
1762230713970,133.79998779296875,488.39999771118164
1762230713977,133.79998779296875,486.39999771118164
1762230713984,134.79998779296875,486.39999771118164
1762230713990,134.79998779296875,485.39999771118164
1762230713999,135.79998779296875,485.39999771118164
1762230714025,137.79998779296875,485.39999771118164
1762230714031,137.79998779296875,485.39999771118164
1762230714054,139.79998779296875,485.39999771118164
1762230714090,139.79998779296875,484.39999771118164
1762230714125,139.79998779296875,483.39999771118164
1762230714151,139.79998779296875,482.39999771118164
1762230714157,139.79998779296875,481.39999771118164
1762230714185,139.79998779296875,480.39999771118164
1762230714213,139.79998779296875,478.39999771118164
1762230714220,139.79998779296875,477.39999771118164
1762230714241,139.79998779296875,476.39999771118164
1762230714262,139.79998779296875,475.39999771118164
1762230714268,139.79998779296875,474.39999771118164
1762230714290,139.79998779296875,473.39999771118164
1762230714310,139.79998779296875,472.39999771118164
1762230714316,139.79998779296875,470.39999771118164
1762230714331,140.79998779296875,469.39999771118164
1762230714351,141.79998779296875,469.39999771118164
1762230714358,141.79998779296875,467.39999771118164
1762230714365,142.79998779296875,467.39999771118164
1762230714372,142.79998779296875,466.39999771118164
1762230714379,143.79998779296875,465.39999771118164
1762230714385,143.79998779296875,464.39999771118164
1762230714393,145.79998779296875,462.39999771118164
1762230714414,145.79998779296875,461.39999771118164
1762230714420,145.79998779296875,460.39999771118164
1762230714428,147.79998779296875,459.39999771118164
1762230714448,147.79998779296875,458.39999771118164
1762230714455,148.79998779296875,457.39999771118164
1762230714463,149.79998779296875,456.39999771118164
1762230714469,149.79998779296875,454.39999771118164
1762230714476,150.79998779296875,454.39999771118164
1762230714483,150.79998779296875,453.39999771118164
1762230714504,150.79998779296875,453.39999771118164
1762230714510,151.79998779296875,451.39999771118164
1762230714533,151.79998779296875,450.39999771118164
1762230714553,151.79998779296875,449.39999771118164
1762230714560,153.79998779296875,448.39999771118164
1762230714581,153.79998779296875,446.39999771118164
1762230714594,153.79998779296875,445.39999771118164
1762230714616,153.79998779296875,445.39999771118164
1762230714637,153.79998779296875,443.39999771118164
1762230714643,153.79998779296875,442.39999771118164
1762230714664,153.79998779296875,441.39999771118164
1762230714685,153.79998779296875,440.39999771118164
1762230714692,153.79998779296875,438.39999771118164
1762230714713,153.79998779296875,437.39999771118164
1762230714734,153.79998779296875,437.39999771118164
1762230714740,153.79998779296875,435.39999771118164
1762230714761,153.79998779296875,434.39999771118164
1762230714790,153.79998779296875,433.39999771118164
1762230714796,153.79998779296875,432.39999771118164
1762230714810,153.79998779296875,431.39999771118164
1762230714865,152.79998779296875,431.39999771118164
1762230714874,152.79998779296875,429.39999771118164
1762230714947,151.79998779296875,429.39999771118164
1762230714955,149.79998779296875,430.39999771118164
1762230714976,149.79998779296875,430.39999771118164
1762230714983,148.79998779296875,431.39999771118164
1762230714990,148.79998779296875,432.39999771118164
1762230714997,146.79998779296875,432.39999771118164
1762230715004,145.79998779296875,433.39999771118164
1762230715011,144.79998779296875,433.39999771118164
1762230715018,143.79998779296875,433.39999771118164
1762230715025,141.79998779296875,434.39999771118164
1762230715045,141.79998779296875,436.39999771118164
1762230715052,138.79998779296875,436.39999771118164
1762230715059,137.79998779296875,437.39999771118164
1762230715066,136.79998779296875,437.39999771118164
1762230715088,135.79998779296875,437.39999771118164
1762230715094,133.79998779296875,437.39999771118164
1762230715101,133.79998779296875,437.39999771118164
1762230715108,132.79998779296875,437.39999771118164
1762230715129,132.79998779296875,439.39999771118164
1762230715135,130.79998779296875,440.39999771118164
1762230715142,129.79998779296875,440.39999771118164
1762230715164,129.79998779296875,441.39999771118164
1762230715170,128.79998779296875,442.39999771118164
1762230715177,128.79998779296875,444.39999771118164
1762230715184,128.79998779296875,445.39999771118164
1762230715191,128.79998779296875,445.39999771118164
1762230715212,128.79998779296875,447.39999771118164
1762230715219,128.79998779296875,450.39999771118164
1762230715226,128.79998779296875,452.39999771118164
1762230715233,128.79998779296875,453.39999771118164
1762230715239,128.79998779296875,455.39999771118164
1762230715247,128.79998779296875,457.39999771118164
1762230715253,128.79998779296875,457.39999771118164
1762230715261,129.79998779296875,460.39999771118164
1762230715268,129.79998779296875,461.39999771118164
1762230715275,129.79998779296875,462.39999771118164
1762230715281,129.79998779296875,463.39999771118164
1762230715288,129.79998779296875,465.39999771118164
1762230715295,129.79998779296875,465.39999771118164
1762230715302,129.79998779296875,467.39999771118164
1762230715324,129.79998779296875,468.39999771118164
1762230715330,129.79998779296875,469.39999771118164
1762230715355,129.79998779296875,470.39999771118164
1762230715360,129.79998779296875,470.39999771118164
1762230715365,129.79998779296875,471.39999771118164
1762230715393,131.79998779296875,471.39999771118164
1762230715414,132.79998779296875,471.39999771118164
1762230715420,133.79998779296875,471.39999771118164
1762230715427,133.79998779296875,470.39999771118164
1762230715434,134.79998779296875,470.39999771118164
1762230715455,135.79998779296875,469.39999771118164
1762230715462,135.79998779296875,466.39999771118164
1762230715469,137.79998779296875,465.39999771118164
1762230715476,137.79998779296875,464.39999771118164
1762230715483,137.79998779296875,463.39999771118164
1762230715490,137.79998779296875,461.39999771118164
1762230715496,137.79998779296875,460.39999771118164
1762230715504,139.79998779296875,458.39999771118164
1762230715510,139.79998779296875,457.39999771118164
1762230715517,140.79998779296875,456.39999771118164
1762230715526,140.79998779296875,455.39999771118164
1762230715531,141.79998779296875,453.39999771118164
1762230715547,141.79998779296875,453.39999771118164
1762230715552,141.79998779296875,452.39999771118164
1762230715559,141.79998779296875,450.39999771118164
1762230715583,141.79998779296875,449.39999771118164
1762230715642,141.79998779296875,451.39999771118164
1762230715650,140.79998779296875,453.39999771118164
1762230715657,140.79998779296875,454.39999771118164
1762230715663,138.79998779296875,455.39999771118164
1762230715677,138.79998779296875,457.39999771118164
1762230715684,137.79998779296875,460.39999771118164
1762230715706,136.79998779296875,463.39999771118164
1762230715712,136.79998779296875,464.39999771118164
1762230715718,135.79998779296875,465.39999771118164
1762230715726,135.79998779296875,466.39999771118164
1762230715733,133.79998779296875,467.39999771118164
1762230715739,133.79998779296875,469.39999771118164
1762230715747,133.79998779296875,469.39999771118164
1762230715754,133.79998779296875,469.39999771118164
1762230715780,133.79998779296875,471.39999771118164
1762230715795,133.79998779296875,470.39999771118164
1762230715823,133.79998779296875,469.39999771118164
1762230715831,134.79998779296875,465.39999771118164
1762230715837,134.79998779296875,465.39999771118164
1762230715844,135.79998779296875,462.39999771118164
1762230715851,135.79998779296875,461.39999771118164
1762230715858,135.79998779296875,458.39999771118164
1762230715865,137.79998779296875,456.39999771118164
1762230715871,137.79998779296875,453.39999771118164
1762230715879,137.79998779296875,452.39999771118164
1762230715886,137.79998779296875,451.39999771118164
1762230715893,137.79998779296875,449.39999771118164
1762230715900,139.79998779296875,447.39999771118164
1762230715906,139.79998779296875,446.39999771118164
1762230715914,139.79998779296875,445.39999771118164
1762230715921,139.79998779296875,444.39999771118164
1762230715927,139.79998779296875,443.39999771118164
1762230715934,139.79998779296875,441.39999771118164
1762230715941,139.79998779296875,441.39999771118164
1762230715964,139.79998779296875,439.39999771118164
1762230715969,139.79998779296875,438.39999771118164
1762230715976,139.79998779296875,437.39999771118164
1762230716048,139.79998779296875,437.39999771118164
1762230717948,170.79998779296875,217.39999771118164
1762230718247,170.79998779296875,218.39999771118164
1762230718254,170.79998779296875,219.39999771118164
1762230718268,170.79998779296875,221.39999771118164
1762230718275,171.79998779296875,221.39999771118164
1762230718295,171.79998779296875,221.39999771118164
1762230718302,172.79998779296875,223.39999771118164
1762230718324,172.79998779296875,224.39999771118164
1762230718330,173.79998779296875,224.39999771118164
1762230718337,173.79998779296875,225.39999771118164
1762230718359,174.79998779296875,226.39999771118164
1762230718379,174.79998779296875,227.39999771118164
1762230718385,175.79998779296875,229.39999771118164
1762230718407,175.79998779296875,229.39999771118164
1762230718420,175.79998779296875,231.39999771118164
1762230718443,175.79998779296875,232.39999771118164
1762230718449,177.79998779296875,232.39999771118164
1762230718456,177.79998779296875,233.39999771118164
1762230718495,177.79998779296875,233.39999771118164
1762230718504,177.79998779296875,234.39999771118164
1762230718533,177.79998779296875,235.39999771118164
1762230718547,179.79998779296875,237.39999771118164
1762230718574,179.79998779296875,237.39999771118164
1762230718581,179.79998779296875,238.39999771118164
1762230718595,179.79998779296875,240.39999771118164
1762230718601,180.79998779296875,240.39999771118164
1762230718639,181.79998779296875,241.39999771118164
1762230718683,181.79998779296875,242.39999771118164
1762230718689,182.79998779296875,242.39999771118164
1762230718731,182.79998779296875,243.39999771118164
1762230718740,182.79998779296875,245.39999771118164
1762230718761,183.79998779296875,245.39999771118164
1762230718778,183.79998779296875,246.39999771118164
1762230718790,185.79998779296875,246.39999771118164
1762230718836,185.79998779296875,248.39999771118164
1762230718874,185.79998779296875,248.39999771118164
1762230718886,185.79998779296875,249.39999771118164
1762230719000,187.79998779296875,249.39999771118164
1762230719069,188.79998779296875,249.39999771118164
1762230719080,188.79998779296875,247.39999771118164
1762230719109,188.79998779296875,246.39999771118164
1762230719116,189.79998779296875,245.39999771118164
1762230719129,189.79998779296875,244.39999771118164
1762230719136,190.79998779296875,244.39999771118164
1762230719143,190.79998779296875,243.39999771118164
1762230719150,190.79998779296875,241.39999771118164
1762230719156,191.79998779296875,241.39999771118164
1762230719163,191.79998779296875,241.39999771118164
1762230719184,191.79998779296875,239.39999771118164
1762230719191,193.79998779296875,238.39999771118164
1762230719213,193.79998779296875,237.39999771118164
1762230719233,193.79998779296875,236.39999771118164
1762230719239,193.79998779296875,235.39999771118164
1762230719262,193.79998779296875,233.39999771118164
1762230719289,195.79998779296875,233.39999771118164
1762230719307,195.79998779296875,232.39999771118164
1762230719331,196.79998779296875,230.39999771118164
1762230719346,197.79998779296875,229.39999771118164
1762230719392,197.79998779296875,228.39999771118164
1762230719421,198.79998779296875,228.39999771118164
1762230719435,198.79998779296875,227.39999771118164
1762230719462,198.79998779296875,225.39999771118164
1762230719469,199.79998779296875,225.39999771118164
1762230719524,199.79998779296875,225.39999771118164
1762230719573,199.79998779296875,224.39999771118164
1762230719590,199.79998779296875,222.39999771118164
1762230719622,197.79998779296875,222.39999771118164
1762230719635,197.79998779296875,222.39999771118164
1762230719643,196.79998779296875,222.39999771118164
1762230719663,194.79998779296875,222.39999771118164
1762230719671,192.79998779296875,222.39999771118164
1762230719677,191.79998779296875,222.39999771118164
1762230719684,190.79998779296875,222.39999771118164
1762230719692,189.79998779296875,223.39999771118164
1762230719712,188.79998779296875,223.39999771118164
1762230719718,185.79998779296875,224.39999771118164
1762230719740,184.79998779296875,224.39999771118164
1762230719747,183.79998779296875,224.39999771118164
1762230719761,183.79998779296875,225.39999771118164
1762230719768,182.79998779296875,225.39999771118164
1762230719789,181.79998779296875,226.39999771118164
1762230719796,180.79998779296875,226.39999771118164
1762230719823,178.79998779296875,226.39999771118164
1762230719831,177.79998779296875,226.39999771118164
1762230719844,177.79998779296875,227.39999771118164
1762230719872,177.79998779296875,229.39999771118164
1762230719879,177.79998779296875,229.39999771118164
1762230719914,177.79998779296875,232.39999771118164
1762230719921,177.79998779296875,233.39999771118164
1762230719935,177.79998779296875,234.39999771118164
1762230719941,179.79998779296875,237.39999771118164
1762230719948,179.79998779296875,237.39999771118164
1762230719955,179.79998779296875,238.39999771118164
1762230719962,180.79998779296875,240.39999771118164
1762230719969,180.79998779296875,242.39999771118164
1762230719977,181.79998779296875,243.39999771118164
1762230719983,181.79998779296875,245.39999771118164
1762230719990,182.79998779296875,247.39999771118164
1762230720011,182.79998779296875,248.39999771118164
1762230720018,184.79998779296875,250.39999771118164
1762230720039,184.79998779296875,252.39999771118164
1762230720046,184.79998779296875,253.39999771118164
1762230720054,185.79998779296875,253.39999771118164
1762230720073,185.79998779296875,253.39999771118164
1762230720125,185.79998779296875,253.39999771118164
1762230720132,185.79998779296875,253.39999771118164
1762230720143,187.79998779296875,251.39999771118164
1762230720164,187.79998779296875,250.39999771118164
1762230720183,187.79998779296875,249.39999771118164
1762230720187,188.79998779296875,248.39999771118164
1762230720192,188.79998779296875,246.39999771118164
1762230720205,188.79998779296875,245.39999771118164
1762230720212,188.79998779296875,243.39999771118164
1762230720219,188.79998779296875,241.39999771118164
1762230720228,188.79998779296875,240.39999771118164
1762230720233,188.79998779296875,238.39999771118164
1762230720241,189.79998779296875,237.39999771118164
1762230720247,189.79998779296875,237.39999771118164
1762230720257,189.79998779296875,235.39999771118164
1762230720261,189.79998779296875,234.39999771118164
1762230720277,189.79998779296875,233.39999771118164
1762230720282,189.79998779296875,230.39999771118164
1762230720300,189.79998779296875,229.39999771118164
1762230720304,189.79998779296875,228.39999771118164
1762230720316,189.79998779296875,227.39999771118164
1762230720323,189.79998779296875,226.39999771118164
1762230720330,189.79998779296875,225.39999771118164
1762230720341,190.79998779296875,224.39999771118164
1762230720345,190.79998779296875,222.39999771118164
1762230720362,190.79998779296875,221.39999771118164
1762230720438,190.79998779296875,220.39999771118164
1762230720451,190.79998779296875,219.39999771118164
1762230720466,190.79998779296875,218.39999771118164
1762230720505,190.79998779296875,217.39999771118164
1762230720518,190.79998779296875,216.39999771118164
1762230720535,190.79998779296875,214.39999771118164
1762230720550,190.79998779296875,213.39999771118164
1762230720606,189.79998779296875,213.39999771118164
1762230720617,189.79998779296875,215.39999771118164
1762230720630,188.79998779296875,215.39999771118164
1762230720636,188.79998779296875,216.39999771118164
1762230720643,186.79998779296875,217.39999771118164
1762230720663,186.79998779296875,218.39999771118164
1762230720670,185.79998779296875,219.39999771118164
1762230720677,185.79998779296875,221.39999771118164
1762230720684,185.79998779296875,221.39999771118164
1762230720691,185.79998779296875,223.39999771118164
1762230720698,183.79998779296875,224.39999771118164
1762230720704,183.79998779296875,225.39999771118164
1762230720711,183.79998779296875,226.39999771118164
1762230720719,182.79998779296875,229.39999771118164
1762230720726,182.79998779296875,230.39999771118164
1762230720732,182.79998779296875,233.39999771118164
1762230720739,182.79998779296875,233.39999771118164
1762230720746,182.79998779296875,235.39999771118164
1762230720753,182.79998779296875,237.39999771118164
1762230720760,182.79998779296875,238.39999771118164
1762230720767,182.79998779296875,239.39999771118164
1762230720774,182.79998779296875,241.39999771118164
1762230720781,182.79998779296875,241.39999771118164
1762230720788,182.79998779296875,243.39999771118164
1762230720797,182.79998779296875,244.39999771118164
1762230720804,182.79998779296875,245.39999771118164
1762230720810,182.79998779296875,246.39999771118164
1762230720818,182.79998779296875,247.39999771118164
1762230720824,182.79998779296875,249.39999771118164
1762230720844,182.79998779296875,249.39999771118164
1762230720864,182.79998779296875,251.39999771118164
1762230720878,182.79998779296875,252.39999771118164
1762230720887,182.79998779296875,253.39999771118164
1762230720913,182.79998779296875,254.39999771118164
1762230720941,182.79998779296875,255.39999771118164
1762230720970,182.79998779296875,257.39999771118164
1762230721001,182.79998779296875,257.39999771118164
1762230721025,182.79998779296875,259.39999771118164
1762230721040,182.79998779296875,260.39999771118164
1762230721068,182.79998779296875,261.39999771118164
1762230721081,182.79998779296875,262.39999771118164
1762230721101,182.79998779296875,263.39999771118164
1762230721138,182.79998779296875,265.39999771118164
1762230721165,182.79998779296875,265.39999771118164
1762230721193,182.79998779296875,267.39999771118164
1762230721221,182.79998779296875,268.39999771118164
1762230721233,182.79998779296875,269.39999771118164
1762230721277,182.79998779296875,270.39999771118164
1762230721319,183.79998779296875,270.39999771118164
1762230721346,185.79998779296875,269.39999771118164
1762230721355,185.79998779296875,269.39999771118164
1762230721363,185.79998779296875,268.39999771118164
1762230721378,185.79998779296875,266.39999771118164
1762230721384,187.79998779296875,266.39999771118164
1762230721407,188.79998779296875,265.39999771118164
1762230721415,188.79998779296875,264.39999771118164
1762230721421,189.79998779296875,264.39999771118164
1762230721435,190.79998779296875,263.39999771118164
1762230721446,191.79998779296875,261.39999771118164
1762230721455,191.79998779296875,261.39999771118164
1762230721465,193.79998779296875,261.39999771118164
1762230721471,193.79998779296875,260.39999771118164
1762230721480,193.79998779296875,258.39999771118164
1762230721490,193.79998779296875,257.39999771118164
1762230721496,193.79998779296875,257.39999771118164
1762230721511,193.79998779296875,256.39999771118164
1762230721517,195.79998779296875,255.39999771118164
1762230721524,195.79998779296875,253.39999771118164
1762230721553,196.79998779296875,252.39999771118164
1762230721559,196.79998779296875,250.39999771118164
1762230721588,197.79998779296875,249.39999771118164
1762230721596,197.79998779296875,248.39999771118164
1762230721623,197.79998779296875,247.39999771118164
1762230721630,197.79998779296875,246.39999771118164
1762230721643,197.79998779296875,245.39999771118164
1762230721656,197.79998779296875,244.39999771118164
1762230721678,197.79998779296875,242.39999771118164
1762230721687,197.79998779296875,241.39999771118164
1762230721713,197.79998779296875,240.39999771118164
1762230721722,197.79998779296875,239.39999771118164
1762230721752,196.79998779296875,239.39999771118164
1762230721775,194.79998779296875,239.39999771118164
1762230721788,193.79998779296875,239.39999771118164
1762230723521,34.79998779296875,217.39999771118164
1762230723823,34.79998779296875,219.39999771118164
1762230723832,34.79998779296875,220.39999771118164
1762230723839,34.79998779296875,221.39999771118164
1762230723853,34.79998779296875,222.39999771118164
1762230723860,34.79998779296875,223.39999771118164
1762230723865,34.79998779296875,225.39999771118164
1762230723884,34.79998779296875,225.39999771118164
1762230723893,34.79998779296875,227.39999771118164
1762230723914,34.79998779296875,228.39999771118164
1762230723921,34.79998779296875,229.39999771118164
1762230723940,34.79998779296875,230.39999771118164
1762230723949,34.79998779296875,231.39999771118164
1762230723976,34.79998779296875,233.39999771118164
1762230723991,34.79998779296875,233.39999771118164
1762230724008,34.79998779296875,235.39999771118164
1762230724018,34.79998779296875,236.39999771118164
1762230724040,34.79998779296875,237.39999771118164
1762230724057,34.79998779296875,238.39999771118164
1762230724066,34.79998779296875,239.39999771118164
1762230724074,35.79998779296875,239.39999771118164
1762230724088,35.79998779296875,241.39999771118164
1762230724105,35.79998779296875,241.39999771118164
1762230724151,37.79998779296875,243.39999771118164
1762230724169,37.79998779296875,244.39999771118164
1762230724179,37.79998779296875,245.39999771118164
1762230724198,39.79998779296875,245.39999771118164
1762230724204,39.79998779296875,246.39999771118164
1762230724215,40.79998779296875,246.39999771118164
1762230724219,40.79998779296875,247.39999771118164
1762230724253,40.79998779296875,249.39999771118164
1762230724260,41.79998779296875,249.39999771118164
1762230724289,41.79998779296875,249.39999771118164
1762230724344,42.79998779296875,249.39999771118164
1762230724386,42.79998779296875,251.39999771118164
1762230724561,43.79998779296875,251.39999771118164
1762230724573,45.79998779296875,251.39999771118164
1762230724594,45.79998779296875,250.39999771118164
1762230724629,45.79998779296875,249.39999771118164
1762230724643,47.79998779296875,248.39999771118164
1762230724660,47.79998779296875,247.39999771118164
1762230724667,48.79998779296875,247.39999771118164
1762230724673,48.79998779296875,245.39999771118164
1762230724699,48.79998779296875,245.39999771118164
1762230724713,49.79998779296875,245.39999771118164
1762230724720,49.79998779296875,244.39999771118164
1762230724770,49.79998779296875,242.39999771118164
1762230724809,49.79998779296875,241.39999771118164
1762230724817,50.79998779296875,241.39999771118164
1762230724859,50.79998779296875,240.39999771118164
1762230724878,50.79998779296875,239.39999771118164
1762230724899,50.79998779296875,237.39999771118164
1762230724938,50.79998779296875,237.39999771118164
1762230724963,50.79998779296875,236.39999771118164
1762230724991,50.79998779296875,234.39999771118164
1762230725026,50.79998779296875,233.39999771118164
1762230725034,50.79998779296875,232.39999771118164
1762230725088,50.79998779296875,231.39999771118164
1762230725097,50.79998779296875,229.39999771118164
1762230725110,51.79998779296875,229.39999771118164
1762230725116,51.79998779296875,229.39999771118164
1762230725143,51.79998779296875,228.39999771118164
1762230725171,51.79998779296875,226.39999771118164
1762230725185,51.79998779296875,225.39999771118164
1762230725221,51.79998779296875,224.39999771118164
1762230725229,53.79998779296875,224.39999771118164
1762230725238,53.79998779296875,223.39999771118164
1762230725253,53.79998779296875,222.39999771118164
1762230725267,53.79998779296875,222.39999771118164
1762230725281,53.79998779296875,221.39999771118164
1762230725310,53.79998779296875,220.39999771118164
1762230725324,53.79998779296875,218.39999771118164
1762230725448,52.79998779296875,218.39999771118164
1762230725464,51.79998779296875,218.39999771118164
1762230725478,50.79998779296875,218.39999771118164
1762230725503,49.79998779296875,218.39999771118164
1762230725514,48.79998779296875,218.39999771118164
1762230725539,46.79998779296875,218.39999771118164
1762230725552,45.79998779296875,218.39999771118164
1762230725560,45.79998779296875,219.39999771118164
1762230725567,44.79998779296875,219.39999771118164
1762230725580,43.79998779296875,220.39999771118164
1762230725587,43.79998779296875,221.39999771118164
1762230725601,42.79998779296875,221.39999771118164
1762230725607,42.79998779296875,222.39999771118164
1762230725614,41.79998779296875,222.39999771118164
1762230725621,41.79998779296875,223.39999771118164
1762230725634,40.79998779296875,225.39999771118164
1762230725645,38.79998779296875,225.39999771118164
1762230725657,38.79998779296875,225.39999771118164
1762230725678,38.79998779296875,227.39999771118164
1762230725691,38.79998779296875,228.39999771118164
1762230725703,38.79998779296875,229.39999771118164
1762230725709,38.79998779296875,230.39999771118164
1762230725719,38.79998779296875,231.39999771118164
1762230725732,38.79998779296875,233.39999771118164
1762230725736,38.79998779296875,233.39999771118164
1762230725747,38.79998779296875,235.39999771118164
1762230725753,38.79998779296875,236.39999771118164
1762230725760,38.79998779296875,237.39999771118164
1762230725772,38.79998779296875,238.39999771118164
1762230725777,38.79998779296875,239.39999771118164
1762230725788,38.79998779296875,241.39999771118164
1762230725801,38.79998779296875,241.39999771118164
1762230725805,39.79998779296875,241.39999771118164
1762230725816,39.79998779296875,243.39999771118164
1762230725837,40.79998779296875,243.39999771118164
1762230725843,40.79998779296875,244.39999771118164
1762230725850,40.79998779296875,245.39999771118164
1762230725885,40.79998779296875,246.39999771118164
1762230725936,40.79998779296875,247.39999771118164
1762230725999,40.79998779296875,249.39999771118164
1762230726010,40.79998779296875,249.39999771118164
1762230726039,40.79998779296875,251.39999771118164
1762230726049,40.79998779296875,252.39999771118164
1762230726056,40.79998779296875,253.39999771118164
1762230726083,40.79998779296875,254.39999771118164
1762230726093,40.79998779296875,255.39999771118164
1762230726115,40.79998779296875,257.39999771118164
1762230726129,40.79998779296875,257.39999771118164
1762230726151,41.79998779296875,258.39999771118164
1762230726160,41.79998779296875,260.39999771118164
1762230726186,41.79998779296875,261.39999771118164
1762230726195,41.79998779296875,262.39999771118164
1762230726205,41.79998779296875,263.39999771118164
1762230726251,41.79998779296875,265.39999771118164
1762230726282,41.79998779296875,265.39999771118164
1762230726470,41.79998779296875,264.39999771118164
1762230726483,41.79998779296875,261.39999771118164
1762230726491,42.79998779296875,261.39999771118164
1762230726497,42.79998779296875,259.39999771118164
1762230726503,42.79998779296875,257.39999771118164
1762230726511,44.79998779296875,254.39999771118164
1762230726518,44.79998779296875,253.39999771118164
1762230726524,45.79998779296875,250.39999771118164
1762230726532,45.79998779296875,249.39999771118164
1762230726538,46.79998779296875,248.39999771118164
1762230726545,46.79998779296875,247.39999771118164
1762230726552,46.79998779296875,246.39999771118164
1762230726559,46.79998779296875,245.39999771118164
1762230726566,46.79998779296875,244.39999771118164
1762230726573,46.79998779296875,242.39999771118164
1762230726587,47.79998779296875,242.39999771118164
1762230726593,47.79998779296875,241.39999771118164
1762230726606,47.79998779296875,240.39999771118164
1762230726614,49.79998779296875,240.39999771118164
1762230726636,49.79998779296875,239.39999771118164
1762230726644,49.79998779296875,238.39999771118164
1762230726689,49.79998779296875,237.39999771118164
1762230728502,73.79998779296875,156.39999771118164
1762230728794,73.79998779296875,157.39999771118164
1762230728805,73.79998779296875,158.39999771118164
1762230728831,73.79998779296875,160.39999771118164
1762230728840,73.79998779296875,161.39999771118164
1762230728854,73.79998779296875,161.39999771118164
1762230728870,73.79998779296875,163.39999771118164
1762230728881,73.79998779296875,164.39999771118164
1762230728907,73.79998779296875,165.39999771118164
1762230728921,73.79998779296875,166.39999771118164
1762230728930,73.79998779296875,167.39999771118164
1762230728947,73.79998779296875,169.39999771118164
1762230728969,73.79998779296875,169.39999771118164
1762230728983,73.79998779296875,171.39999771118164
1762230729004,73.79998779296875,172.39999771118164
1762230729018,73.79998779296875,173.39999771118164
1762230729026,73.79998779296875,174.39999771118164
1762230729052,73.79998779296875,175.39999771118164
1762230729059,74.79998779296875,175.39999771118164
1762230729066,74.79998779296875,177.39999771118164
1762230729080,74.79998779296875,177.39999771118164
1762230729094,75.79998779296875,177.39999771118164
1762230729101,75.79998779296875,179.39999771118164
1762230729116,75.79998779296875,180.39999771118164
1762230729124,77.79998779296875,181.39999771118164
1762230729151,77.79998779296875,182.39999771118164
1762230729159,77.79998779296875,183.39999771118164
1762230729165,79.79998779296875,183.39999771118164
1762230729178,79.79998779296875,185.39999771118164
1762230729206,80.79998779296875,185.39999771118164
1762230729219,81.79998779296875,185.39999771118164
1762230729239,82.79998779296875,187.39999771118164
1762230729268,83.79998779296875,187.39999771118164
1762230729288,85.79998779296875,187.39999771118164
1762230729303,85.79998779296875,187.39999771118164
1762230729332,86.79998779296875,187.39999771118164
1762230729341,88.79998779296875,187.39999771118164
1762230729357,89.79998779296875,187.39999771118164
1762230729393,90.79998779296875,187.39999771118164
1762230729408,90.79998779296875,186.39999771118164
1762230729418,91.79998779296875,186.39999771118164
1762230729436,93.79998779296875,185.39999771118164
1762230729446,93.79998779296875,185.39999771118164
1762230729460,94.79998779296875,185.39999771118164
1762230729483,96.79998779296875,185.39999771118164
1762230729498,97.79998779296875,185.39999771118164
1762230729512,98.79998779296875,185.39999771118164
1762230729539,99.79998779296875,185.39999771118164
1762230729549,101.79998779296875,185.39999771118164
1762230729557,101.79998779296875,185.39999771118164
1762230729563,102.79998779296875,185.39999771118164
1762230729569,104.79998779296875,185.39999771118164
1762230729580,105.79998779296875,185.39999771118164
1762230729593,106.79998779296875,185.39999771118164
1762230729599,107.79998779296875,185.39999771118164
1762230729609,108.79998779296875,185.39999771118164
1762230729615,109.79998779296875,185.39999771118164
1762230729622,110.79998779296875,185.39999771118164
1762230729636,112.79998779296875,185.39999771118164
1762230729643,113.79998779296875,185.39999771118164
1762230729649,114.79998779296875,185.39999771118164
1762230729656,115.79998779296875,185.39999771118164
1762230729664,116.79998779296875,185.39999771118164
1762230729678,117.79998779296875,185.39999771118164
1762230729684,118.79998779296875,185.39999771118164
1762230729691,120.79998779296875,185.39999771118164
1762230729698,121.79998779296875,185.39999771118164
1762230729706,122.79998779296875,185.39999771118164
1762230729713,123.79998779296875,185.39999771118164
1762230729729,124.79998779296875,185.39999771118164
1762230729743,125.79998779296875,185.39999771118164
1762230729757,126.79998779296875,185.39999771118164
1762230729782,128.79998779296875,185.39999771118164
1762230729795,129.79998779296875,185.39999771118164
1762230729806,130.79998779296875,185.39999771118164
1762230729830,131.79998779296875,185.39999771118164
1762230729844,132.79998779296875,185.39999771118164
1762230729866,133.79998779296875,185.39999771118164
1762230729880,134.79998779296875,185.39999771118164
1762230729893,136.79998779296875,185.39999771118164
1762230729907,137.79998779296875,185.39999771118164
1762230729944,137.79998779296875,185.39999771118164
1762230729971,139.79998779296875,185.39999771118164
1762230729999,140.79998779296875,185.39999771118164
1762230730026,141.79998779296875,185.39999771118164
1762230730054,142.79998779296875,185.39999771118164
1762230730145,144.79998779296875,185.39999771118164
1762230730252,145.79998779296875,185.39999771118164
1762230730310,145.79998779296875,185.39999771118164
1762230730364,147.79998779296875,185.39999771118164
1762230730393,148.79998779296875,185.39999771118164
1762230730456,149.79998779296875,185.39999771118164
1762230730467,150.79998779296875,185.39999771118164
1762230730504,152.79998779296875,185.39999771118164
1762230730535,153.79998779296875,185.39999771118164
1762230730613,153.79998779296875,185.39999771118164
1762230730702,155.79998779296875,185.39999771118164
1762230730824,156.79998779296875,185.39999771118164
1762230730837,157.79998779296875,184.39999771118164
1762230730865,157.79998779296875,183.39999771118164
1762230730874,158.79998779296875,183.39999771118164
1762230730887,158.79998779296875,182.39999771118164
1762230730937,159.79998779296875,181.39999771118164
1762230730963,159.79998779296875,180.39999771118164
1762230730976,159.79998779296875,178.39999771118164
1762230731008,159.79998779296875,177.39999771118164
1762230731018,161.79998779296875,176.39999771118164
1762230731047,161.79998779296875,175.39999771118164
1762230731074,161.79998779296875,174.39999771118164
1762230731087,161.79998779296875,173.39999771118164
1762230731119,161.79998779296875,172.39999771118164
1762230731168,161.79998779296875,170.39999771118164
1762230731200,161.79998779296875,169.39999771118164
1762230731234,161.79998779296875,168.39999771118164
1762230731262,161.79998779296875,167.39999771118164
1762230731271,161.79998779296875,166.39999771118164
1762230731296,161.79998779296875,165.39999771118164
1762230731327,161.79998779296875,164.39999771118164
1762230731352,161.79998779296875,162.39999771118164
1762230731386,161.79998779296875,161.39999771118164
1762230731395,161.79998779296875,161.39999771118164
1762230731425,161.79998779296875,159.39999771118164
1762230731468,161.79998779296875,158.39999771118164
1762230731484,161.79998779296875,157.39999771118164
1762230731511,161.79998779296875,156.39999771118164
1762230731590,161.79998779296875,154.39999771118164
1762230731600,161.79998779296875,153.39999771118164
1762230731655,161.79998779296875,153.39999771118164
1762230731690,161.79998779296875,151.39999771118164
1762230731725,161.79998779296875,150.39999771118164
1762230731759,161.79998779296875,149.39999771118164
1762230731789,161.79998779296875,148.39999771118164
1762230731824,160.79998779296875,148.39999771118164
1762230731858,159.79998779296875,148.39999771118164
1762230731905,158.79998779296875,148.39999771118164
1762230731922,157.79998779296875,148.39999771118164
1762230731955,156.79998779296875,148.39999771118164
1762230731968,154.79998779296875,148.39999771118164
1762230731984,153.79998779296875,148.39999771118164
1762230732010,153.79998779296875,148.39999771118164
1762230732019,150.79998779296875,148.39999771118164
1762230732026,149.79998779296875,148.39999771118164
1762230732031,148.79998779296875,148.39999771118164
1762230732045,146.79998779296875,148.39999771118164
1762230732052,145.79998779296875,148.39999771118164
1762230732066,145.79998779296875,148.39999771118164
1762230732073,143.79998779296875,148.39999771118164
1762230732087,143.79998779296875,149.39999771118164
1762230732094,142.79998779296875,149.39999771118164
1762230732101,141.79998779296875,149.39999771118164
1762230732121,140.79998779296875,149.39999771118164
1762230732139,138.79998779296875,149.39999771118164
1762230732147,137.79998779296875,149.39999771118164
1762230732154,137.79998779296875,150.39999771118164
1762230732160,135.79998779296875,150.39999771118164
1762230732165,134.79998779296875,150.39999771118164
1762230732170,134.79998779296875,152.39999771118164
1762230732184,133.79998779296875,152.39999771118164
1762230732198,132.79998779296875,152.39999771118164
1762230732204,131.79998779296875,152.39999771118164
1762230732219,129.79998779296875,152.39999771118164
1762230732225,129.79998779296875,152.39999771118164
1762230732232,127.79998779296875,152.39999771118164
1762230732253,126.79998779296875,152.39999771118164
1762230732260,124.79998779296875,152.39999771118164
1762230732279,123.79998779296875,152.39999771118164
1762230732288,121.79998779296875,152.39999771118164
1762230732294,121.79998779296875,152.39999771118164
1762230732302,119.79998779296875,152.39999771118164
1762230732323,118.79998779296875,152.39999771118164
1762230732330,117.79998779296875,152.39999771118164
1762230732344,116.79998779296875,152.39999771118164
1762230732351,113.79998779296875,152.39999771118164
1762230732365,113.79998779296875,152.39999771118164
1762230732372,111.79998779296875,152.39999771118164
1762230732378,110.79998779296875,152.39999771118164
1762230732385,109.79998779296875,152.39999771118164
1762230732392,108.79998779296875,152.39999771118164
1762230732399,107.79998779296875,152.39999771118164
1762230732406,105.79998779296875,152.39999771118164
1762230732427,105.79998779296875,152.39999771118164
1762230732434,102.79998779296875,152.39999771118164
1762230732453,101.79998779296875,152.39999771118164
1762230732462,100.79998779296875,152.39999771118164
1762230732468,99.79998779296875,152.39999771118164
1762230732490,97.79998779296875,152.39999771118164
1762230732499,97.79998779296875,152.39999771118164
1762230732514,95.79998779296875,152.39999771118164
1762230732538,94.79998779296875,152.39999771118164
1762230732545,93.79998779296875,152.39999771118164
1762230732562,92.79998779296875,152.39999771118164
1762230732587,91.79998779296875,152.39999771118164
1762230732596,91.79998779296875,151.39999771118164
1762230732612,91.79998779296875,150.39999771118164
1762230732623,89.79998779296875,150.39999771118164
1762230732635,89.79998779296875,149.39999771118164
1762230732643,89.79998779296875,148.39999771118164
1762230732657,89.79998779296875,146.39999771118164
1762230732693,89.79998779296875,145.39999771118164
1762230732703,89.79998779296875,145.39999771118164
1762230732711,89.79998779296875,143.39999771118164
1762230732734,89.79998779296875,142.39999771118164
1762230732747,89.79998779296875,141.39999771118164
1762230732766,89.79998779296875,141.39999771118164
1762230732797,89.79998779296875,140.39999771118164
1762230732824,87.79998779296875,140.39999771118164
1762230732833,87.79998779296875,138.39999771118164
1762230732848,86.79998779296875,138.39999771118164
1762230732879,86.79998779296875,137.39999771118164
1762230732898,86.79998779296875,137.39999771118164
1762230732914,86.79998779296875,135.39999771118164
1762230732923,86.79998779296875,134.39999771118164
1762230732939,86.79998779296875,133.39999771118164
1762230732946,86.79998779296875,132.39999771118164
1762230732959,86.79998779296875,131.39999771118164
1762230732984,86.79998779296875,129.39999771118164
1762230732995,88.79998779296875,129.39999771118164
1762230733003,89.79998779296875,127.39999771118164
1762230733010,90.79998779296875,127.39999771118164
1762230733016,91.79998779296875,127.39999771118164
1762230733023,91.79998779296875,126.39999771118164
1762230733029,93.79998779296875,126.39999771118164
1762230733034,93.79998779296875,125.39999771118164
1762230733040,94.79998779296875,125.39999771118164
1762230733053,96.79998779296875,124.39999771118164
1762230733059,97.79998779296875,124.39999771118164
1762230733067,98.79998779296875,124.39999771118164
1762230733080,99.79998779296875,124.39999771118164
1762230733087,101.79998779296875,124.39999771118164
1762230733094,101.79998779296875,124.39999771118164
1762230733101,102.79998779296875,124.39999771118164
1762230733108,104.79998779296875,124.39999771118164
1762230733114,105.79998779296875,124.39999771118164
1762230733129,106.79998779296875,124.39999771118164
1762230733136,107.79998779296875,124.39999771118164
1762230733143,108.79998779296875,124.39999771118164
1762230733152,109.79998779296875,124.39999771118164
1762230733169,110.79998779296875,124.39999771118164
1762230733181,112.79998779296875,124.39999771118164
1762230733188,113.79998779296875,124.39999771118164
1762230733205,114.79998779296875,124.39999771118164
1762230733214,115.79998779296875,124.39999771118164
1762230733227,116.79998779296875,124.39999771118164
1762230733240,117.79998779296875,124.39999771118164
1762230733247,117.79998779296875,123.39999771118164
1762230733253,118.79998779296875,123.39999771118164
1762230733261,120.79998779296875,123.39999771118164
1762230733275,121.79998779296875,123.39999771118164
1762230733282,122.79998779296875,121.39999771118164
1762230733296,123.79998779296875,121.39999771118164
1762230733303,124.79998779296875,121.39999771118164
1762230733309,125.79998779296875,121.39999771118164
1762230733316,126.79998779296875,121.39999771118164
1762230733331,128.79998779296875,121.39999771118164
1762230733337,129.79998779296875,121.39999771118164
1762230733344,130.79998779296875,121.39999771118164
1762230733351,131.79998779296875,121.39999771118164
1762230733358,132.79998779296875,121.39999771118164
1762230733372,134.79998779296875,121.39999771118164
1762230733380,137.79998779296875,121.39999771118164
1762230733386,138.79998779296875,121.39999771118164
1762230733392,139.79998779296875,121.39999771118164
1762230733399,140.79998779296875,121.39999771118164
1762230733406,141.79998779296875,121.39999771118164
1762230733413,142.79998779296875,121.39999771118164
1762230733427,144.79998779296875,121.39999771118164
1762230733434,145.79998779296875,121.39999771118164
1762230733441,146.79998779296875,121.39999771118164
1762230733460,147.79998779296875,121.39999771118164
1762230733473,148.79998779296875,121.39999771118164
1762230733504,149.79998779296875,121.39999771118164
1762230733516,150.79998779296875,121.39999771118164
1762230733553,150.79998779296875,122.39999771118164
1762230733564,152.79998779296875,122.39999771118164
1762230733581,152.79998779296875,123.39999771118164
1762230733600,153.79998779296875,123.39999771118164
1762230733630,153.79998779296875,124.39999771118164
1762230733642,154.79998779296875,124.39999771118164
1762230733657,154.79998779296875,125.39999771118164
1762230733686,155.79998779296875,125.39999771118164
1762230733721,155.79998779296875,126.39999771118164
1762230733784,155.79998779296875,128.39999771118164
1762230733836,155.79998779296875,129.39999771118164
1762230733888,155.79998779296875,130.39999771118164
1762230733922,155.79998779296875,131.39999771118164
1762230733939,155.79998779296875,132.39999771118164
1762230733971,155.79998779296875,133.39999771118164
1762230733981,155.79998779296875,134.39999771118164
1762230733991,155.79998779296875,136.39999771118164
1762230734004,155.79998779296875,137.39999771118164
1762230734033,155.79998779296875,137.39999771118164
1762230734045,155.79998779296875,139.39999771118164
1762230734055,155.79998779296875,140.39999771118164
1762230734073,155.79998779296875,141.39999771118164
1762230734087,155.79998779296875,142.39999771118164
1762230734095,153.79998779296875,142.39999771118164
1762230734108,153.79998779296875,144.39999771118164
1762230734136,153.79998779296875,145.39999771118164
1762230734146,153.79998779296875,145.39999771118164
1762230734165,153.79998779296875,147.39999771118164
1762230734174,153.79998779296875,147.39999771118164
1762230734181,153.79998779296875,148.39999771118164
1762230734194,153.79998779296875,149.39999771118164
1762230734219,153.79998779296875,150.39999771118164
1762230734232,153.79998779296875,152.39999771118164
1762230734242,153.79998779296875,153.39999771118164
1762230734269,153.79998779296875,153.39999771118164
1762230734277,153.79998779296875,155.39999771118164
1762230734319,153.79998779296875,156.39999771118164
1762230734328,153.79998779296875,157.39999771118164
1762230734344,153.79998779296875,158.39999771118164
1762230734372,153.79998779296875,160.39999771118164
1762230734383,153.79998779296875,161.39999771118164
1762230734393,153.79998779296875,161.39999771118164
1762230734413,153.79998779296875,163.39999771118164
1762230734427,153.79998779296875,164.39999771118164
1762230734448,153.79998779296875,165.39999771118164
1762230734462,153.79998779296875,166.39999771118164
1762230734476,153.79998779296875,167.39999771118164
1762230734490,153.79998779296875,169.39999771118164
1762230734518,153.79998779296875,169.39999771118164
1762230734529,153.79998779296875,171.39999771118164
1762230734561,153.79998779296875,172.39999771118164
1762230734597,153.79998779296875,173.39999771118164
1762230734631,153.79998779296875,174.39999771118164
1762230734671,153.79998779296875,175.39999771118164
1762230734728,153.79998779296875,177.39999771118164
1762230734752,153.79998779296875,177.39999771118164
1762230734790,153.79998779296875,179.39999771118164
1762230734802,151.79998779296875,180.39999771118164
1762230734809,150.79998779296875,180.39999771118164
1762230734823,149.79998779296875,181.39999771118164
1762230734851,147.79998779296875,181.39999771118164
1762230734864,145.79998779296875,181.39999771118164
1762230734871,145.79998779296875,181.39999771118164
1762230734878,143.79998779296875,181.39999771118164
1762230734885,142.79998779296875,181.39999771118164
1762230734892,141.79998779296875,181.39999771118164
1762230734906,140.79998779296875,181.39999771118164
1762230734913,139.79998779296875,181.39999771118164
1762230734920,137.79998779296875,181.39999771118164
1762230734927,137.79998779296875,181.39999771118164
1762230734933,135.79998779296875,181.39999771118164
1762230734941,134.79998779296875,181.39999771118164
1762230734955,133.79998779296875,181.39999771118164
1762230734975,132.79998779296875,181.39999771118164
1762230734983,131.79998779296875,181.39999771118164
1762230734990,129.79998779296875,181.39999771118164
1762230735003,129.79998779296875,181.39999771118164
1762230735010,127.79998779296875,180.39999771118164
1762230735031,126.79998779296875,180.39999771118164
1762230735038,124.79998779296875,180.39999771118164
1762230735045,124.79998779296875,178.39999771118164
1762230735059,123.79998779296875,178.39999771118164
1762230735072,121.79998779296875,178.39999771118164
1762230735094,121.79998779296875,178.39999771118164
1762230735102,119.79998779296875,178.39999771118164
1762230735115,118.79998779296875,178.39999771118164
1762230735121,117.79998779296875,178.39999771118164
1762230735135,116.79998779296875,178.39999771118164
1762230735144,115.79998779296875,178.39999771118164
1762230735156,113.79998779296875,178.39999771118164
1762230735163,113.79998779296875,178.39999771118164
1762230735169,112.79998779296875,178.39999771118164
1762230735184,110.79998779296875,178.39999771118164
1762230735191,109.79998779296875,178.39999771118164
1762230735197,108.79998779296875,178.39999771118164
1762230735212,107.79998779296875,178.39999771118164
1762230735219,105.79998779296875,178.39999771118164
1762230735247,105.79998779296875,178.39999771118164
1762230735256,104.79998779296875,178.39999771118164
1762230735262,102.79998779296875,178.39999771118164
1762230735289,101.79998779296875,178.39999771118164
1762230735300,100.79998779296875,178.39999771118164
1762230735308,99.79998779296875,178.39999771118164
1762230735322,97.79998779296875,178.39999771118164
1762230735336,97.79998779296875,178.39999771118164
1762230735350,96.79998779296875,178.39999771118164
1762230735379,94.79998779296875,178.39999771118164
1762230735389,93.79998779296875,178.39999771118164
1762230735397,92.79998779296875,178.39999771118164
1762230735428,91.79998779296875,178.39999771118164
1762230735439,89.79998779296875,178.39999771118164
1762230735454,89.79998779296875,178.39999771118164
1762230735476,88.79998779296875,178.39999771118164
1762230735486,86.79998779296875,178.39999771118164
1762230735511,85.79998779296875,178.39999771118164
1762230735522,84.79998779296875,178.39999771118164
1762230735546,83.79998779296875,178.39999771118164
1762230735599,82.79998779296875,178.39999771118164
1762230735615,82.79998779296875,177.39999771118164
1762230735655,82.79998779296875,176.39999771118164
1762230735667,82.79998779296875,175.39999771118164
1762230735691,82.79998779296875,174.39999771118164
1762230735699,82.79998779296875,173.39999771118164
1762230735712,82.79998779296875,172.39999771118164
1762230735741,82.79998779296875,170.39999771118164
1762230735754,82.79998779296875,169.39999771118164
1762230735764,82.79998779296875,168.39999771118164
1762230735772,82.79998779296875,167.39999771118164
1762230735781,82.79998779296875,166.39999771118164
1762230735788,82.79998779296875,165.39999771118164
1762230735795,82.79998779296875,164.39999771118164
1762230735802,82.79998779296875,162.39999771118164
1762230735817,82.79998779296875,161.39999771118164
1762230735824,82.79998779296875,161.39999771118164
1762230735831,82.79998779296875,159.39999771118164
1762230735845,82.79998779296875,158.39999771118164
1762230735858,82.79998779296875,157.39999771118164
1762230735871,82.79998779296875,156.39999771118164
1762230735912,81.79998779296875,154.39999771118164
1762230735927,81.79998779296875,153.39999771118164
1762230735941,81.79998779296875,153.39999771118164
1762230735955,81.79998779296875,151.39999771118164
1762230735969,81.79998779296875,150.39999771118164
1762230735997,81.79998779296875,149.39999771118164
1762230736008,81.79998779296875,148.39999771118164
1762230736016,81.79998779296875,146.39999771118164
1762230736046,81.79998779296875,145.39999771118164
1762230736056,81.79998779296875,145.39999771118164
1762230736066,81.79998779296875,143.39999771118164
1762230736094,81.79998779296875,142.39999771118164
1762230736106,81.79998779296875,141.39999771118164
1762230736115,81.79998779296875,140.39999771118164
1762230736128,81.79998779296875,138.39999771118164
1762230736144,81.79998779296875,137.39999771118164
1762230736171,81.79998779296875,137.39999771118164
1762230736182,81.79998779296875,135.39999771118164
1762230736192,81.79998779296875,134.39999771118164
1762230736204,81.79998779296875,133.39999771118164
1762230736225,81.79998779296875,132.39999771118164
1762230736293,82.79998779296875,132.39999771118164
1762230736310,83.79998779296875,132.39999771118164
1762230736323,85.79998779296875,132.39999771118164
1762230736340,85.79998779296875,131.39999771118164
1762230736352,87.79998779296875,131.39999771118164
1762230736360,88.79998779296875,131.39999771118164
1762230736368,89.79998779296875,131.39999771118164
1762230736375,90.79998779296875,131.39999771118164
1762230736383,91.79998779296875,131.39999771118164
1762230736393,93.79998779296875,131.39999771118164
1762230736400,93.79998779296875,131.39999771118164
1762230736406,95.79998779296875,131.39999771118164
1762230736414,96.79998779296875,131.39999771118164
1762230736420,97.79998779296875,131.39999771118164
1762230736427,98.79998779296875,131.39999771118164
1762230736434,99.79998779296875,131.39999771118164
1762230736448,101.79998779296875,131.39999771118164
1762230736455,101.79998779296875,131.39999771118164
1762230736462,103.79998779296875,131.39999771118164
1762230736469,104.79998779296875,131.39999771118164
1762230736483,105.79998779296875,131.39999771118164
1762230736490,107.79998779296875,131.39999771118164
1762230736506,109.79998779296875,131.39999771118164
1762230736513,111.79998779296875,131.39999771118164
1762230736520,112.79998779296875,131.39999771118164
1762230736527,113.79998779296875,131.39999771118164
1762230736535,114.79998779296875,131.39999771118164
1762230736542,115.79998779296875,131.39999771118164
1762230736549,117.79998779296875,131.39999771118164
1762230736560,117.79998779296875,131.39999771118164
1762230736566,119.79998779296875,131.39999771118164
1762230736573,120.79998779296875,131.39999771118164
1762230736580,121.79998779296875,131.39999771118164
1762230736608,122.79998779296875,131.39999771118164
1762230736617,123.79998779296875,131.39999771118164
1762230736643,125.79998779296875,131.39999771118164
1762230736684,124.79998779296875,131.39999771118164
1762230736700,123.79998779296875,131.39999771118164
1762230736710,121.79998779296875,131.39999771118164
1762230736720,120.79998779296875,131.39999771118164
1762230736728,117.79998779296875,131.39999771118164
1762230736735,116.79998779296875,131.39999771118164
1762230736741,113.79998779296875,133.39999771118164
1762230736748,111.79998779296875,133.39999771118164
1762230736754,109.79998779296875,133.39999771118164
1762230736761,107.79998779296875,133.39999771118164
1762230736774,105.79998779296875,133.39999771118164
1762230736781,102.79998779296875,135.39999771118164
1762230736788,98.79998779296875,136.39999771118164
1762230736796,97.79998779296875,136.39999771118164
1762230736804,96.79998779296875,137.39999771118164
1762230736812,95.79998779296875,137.39999771118164
1762230736818,93.79998779296875,138.39999771118164
1762230736824,93.79998779296875,140.39999771118164
1762230736831,93.79998779296875,140.39999771118164
1762230736839,92.79998779296875,141.39999771118164
1762230736846,90.79998779296875,141.39999771118164
1762230736853,89.79998779296875,143.39999771118164
1762230736861,88.79998779296875,144.39999771118164
1762230736868,88.79998779296875,145.39999771118164
1762230736875,88.79998779296875,146.39999771118164
1762230736883,87.79998779296875,146.39999771118164
1762230736890,87.79998779296875,148.39999771118164
1762230736898,86.79998779296875,149.39999771118164
1762230736905,86.79998779296875,149.39999771118164
1762230736927,86.79998779296875,151.39999771118164
1762230736941,86.79998779296875,152.39999771118164
1762230736948,86.79998779296875,153.39999771118164
1762230736956,87.79998779296875,153.39999771118164
1762230736971,89.79998779296875,153.39999771118164
1762230736978,89.79998779296875,153.39999771118164
1762230736992,91.79998779296875,153.39999771118164
1762230736998,92.79998779296875,153.39999771118164
1762230737006,93.79998779296875,153.39999771118164
1762230737013,94.79998779296875,153.39999771118164
1762230737022,95.79998779296875,153.39999771118164
1762230737029,97.79998779296875,153.39999771118164
1762230737038,97.79998779296875,153.39999771118164
1762230737046,99.79998779296875,153.39999771118164
1762230737053,100.79998779296875,153.39999771118164
1762230737061,101.79998779296875,153.39999771118164
1762230737069,102.79998779296875,153.39999771118164
1762230737076,103.79998779296875,153.39999771118164
1762230737084,105.79998779296875,153.39999771118164
1762230737094,105.79998779296875,153.39999771118164
1762230737106,108.79998779296875,153.39999771118164
1762230737118,110.79998779296875,152.39999771118164
1762230737130,111.79998779296875,152.39999771118164
1762230737141,113.79998779296875,150.39999771118164
1762230737153,114.79998779296875,150.39999771118164
1762230737166,116.79998779296875,149.39999771118164
1762230737175,118.79998779296875,149.39999771118164
1762230737183,119.79998779296875,149.39999771118164
1762230737191,119.79998779296875,147.39999771118164
1762230737198,121.79998779296875,147.39999771118164
1762230737205,121.79998779296875,147.39999771118164
1762230737213,121.79998779296875,145.39999771118164
1762230737222,122.79998779296875,144.39999771118164
1762230737229,122.79998779296875,142.39999771118164
1762230737237,124.79998779296875,141.39999771118164
1762230737248,124.79998779296875,141.39999771118164
1762230737260,123.79998779296875,141.39999771118164
1762230737268,122.79998779296875,139.39999771118164
1762230737282,121.79998779296875,139.39999771118164
1762230737289,120.79998779296875,139.39999771118164
1762230737296,119.79998779296875,139.39999771118164
1762230737304,117.79998779296875,139.39999771118164
1762230737312,115.79998779296875,139.39999771118164
1762230737319,114.79998779296875,139.39999771118164
1762230737326,113.79998779296875,139.39999771118164
1762230737334,112.79998779296875,139.39999771118164
1762230737342,109.79998779296875,139.39999771118164
1762230737349,109.79998779296875,140.39999771118164
1762230737356,107.79998779296875,140.39999771118164
1762230737363,106.79998779296875,140.39999771118164
1762230737370,104.79998779296875,141.39999771118164
1762230737378,102.79998779296875,141.39999771118164
1762230737385,101.79998779296875,142.39999771118164
1762230737392,100.79998779296875,143.39999771118164
1762230737400,99.79998779296875,144.39999771118164
1762230737408,97.79998779296875,146.39999771118164
1762230737421,96.79998779296875,148.39999771118164
1762230737433,94.79998779296875,149.39999771118164
1762230737440,93.79998779296875,149.39999771118164
1762230737449,93.79998779296875,150.39999771118164
1762230737456,92.79998779296875,150.39999771118164
1762230737463,92.79998779296875,151.39999771118164
1762230737477,92.79998779296875,152.39999771118164
1762230737505,93.79998779296875,152.39999771118164
1762230737518,93.79998779296875,151.39999771118164
1762230737525,95.79998779296875,151.39999771118164
1762230737534,96.79998779296875,151.39999771118164
1762230737542,97.79998779296875,149.39999771118164
1762230737549,100.79998779296875,149.39999771118164
1762230737558,101.79998779296875,147.39999771118164
1762230737566,101.79998779296875,147.39999771118164
1762230737573,105.79998779296875,146.39999771118164
1762230737581,105.79998779296875,145.39999771118164
1762230737589,110.79998779296875,143.39999771118164
1762230737596,113.79998779296875,143.39999771118164
1762230737603,116.79998779296875,142.39999771118164
1762230737611,119.79998779296875,141.39999771118164
1762230737618,121.79998779296875,141.39999771118164
1762230737626,124.79998779296875,139.39999771118164
1762230737634,126.79998779296875,139.39999771118164
1762230737642,128.79998779296875,139.39999771118164
1762230737649,130.79998779296875,138.39999771118164
1762230737656,131.79998779296875,138.39999771118164
1762230737664,133.79998779296875,137.39999771118164
1762230737671,133.79998779296875,137.39999771118164
1762230737678,135.79998779296875,137.39999771118164
1762230737685,136.79998779296875,136.39999771118164
1762230737692,137.79998779296875,136.39999771118164
1762230737699,138.79998779296875,136.39999771118164
1762230737712,138.79998779296875,135.39999771118164
1762230737719,139.79998779296875,135.39999771118164
1762230737733,141.79998779296875,135.39999771118164
1762230737780,140.79998779296875,135.39999771118164
1762230737792,139.79998779296875,135.39999771118164
1762230737803,137.79998779296875,136.39999771118164
1762230737812,134.79998779296875,137.39999771118164
1762230737822,132.79998779296875,138.39999771118164
1762230737832,130.79998779296875,140.39999771118164
1762230737841,124.79998779296875,142.39999771118164
1762230737849,121.79998779296875,142.39999771118164
1762230737856,118.79998779296875,144.39999771118164
1762230737864,116.79998779296875,145.39999771118164
1762230737872,114.79998779296875,145.39999771118164
1762230737880,109.79998779296875,146.39999771118164
1762230737889,109.79998779296875,146.39999771118164
1762230737898,107.79998779296875,148.39999771118164
1762230737906,106.79998779296875,148.39999771118164
1762230737915,105.79998779296875,148.39999771118164
1762230737947,105.79998779296875,147.39999771118164
1762230737961,106.79998779296875,147.39999771118164
1762230737969,108.79998779296875,146.39999771118164
1762230737978,109.79998779296875,144.39999771118164
1762230737986,112.79998779296875,144.39999771118164
1762230737994,113.79998779296875,141.39999771118164
1762230738002,117.79998779296875,140.39999771118164
1762230738010,119.79998779296875,140.39999771118164
1762230738019,120.79998779296875,138.39999771118164
1762230738027,125.79998779296875,136.39999771118164
1762230738034,126.79998779296875,135.39999771118164
1762230738042,129.79998779296875,133.39999771118164
1762230738050,130.79998779296875,133.39999771118164
1762230738058,131.79998779296875,133.39999771118164
1762230738066,133.79998779296875,131.39999771118164
1762230738074,135.79998779296875,130.39999771118164
1762230738082,136.79998779296875,130.39999771118164
1762230738094,138.79998779296875,129.39999771118164
1762230738105,139.79998779296875,128.39999771118164
1762230738117,141.79998779296875,128.39999771118164
1762230738127,141.79998779296875,128.39999771118164
1762230738137,143.79998779296875,128.39999771118164
1762230738153,144.79998779296875,128.39999771118164
1762230738207,142.79998779296875,128.39999771118164
1762230738219,141.79998779296875,128.39999771118164
1762230738232,139.79998779296875,129.39999771118164
1762230738244,137.79998779296875,130.39999771118164
1762230738252,136.79998779296875,130.39999771118164
1762230738260,133.79998779296875,132.39999771118164
1762230738268,132.79998779296875,132.39999771118164
1762230738276,131.79998779296875,132.39999771118164
1762230738285,127.79998779296875,134.39999771118164
1762230738294,126.79998779296875,135.39999771118164
1762230738301,125.79998779296875,135.39999771118164
1762230738308,124.79998779296875,136.39999771118164
1762230738316,121.79998779296875,136.39999771118164
1762230738325,120.79998779296875,137.39999771118164
1762230738333,118.79998779296875,138.39999771118164
1762230738340,117.79998779296875,138.39999771118164
1762230738349,117.79998779296875,140.39999771118164
1762230738357,116.79998779296875,140.39999771118164
1762230738365,114.79998779296875,141.39999771118164
1762230738378,114.79998779296875,142.39999771118164
1762230738399,114.79998779296875,143.39999771118164
1762230738407,115.79998779296875,143.39999771118164
1762230738414,116.79998779296875,143.39999771118164
1762230738421,117.79998779296875,143.39999771118164
1762230738428,118.79998779296875,143.39999771118164
1762230738434,119.79998779296875,143.39999771118164
1762230738441,121.79998779296875,143.39999771118164
1762230738449,123.79998779296875,141.39999771118164
1762230738457,125.79998779296875,141.39999771118164
1762230738464,128.79998779296875,140.39999771118164
1762230738471,132.79998779296875,137.39999771118164
1762230738479,133.79998779296875,137.39999771118164
1762230738487,136.79998779296875,137.39999771118164
1762230738495,137.79998779296875,137.39999771118164
1762230738502,138.79998779296875,137.39999771118164
1762230738511,141.79998779296875,137.39999771118164
1762230738524,141.79998779296875,137.39999771118164
1762230738531,142.79998779296875,137.39999771118164
1762230738545,144.79998779296875,137.39999771118164
1762230738579,143.79998779296875,138.39999771118164
1762230738591,142.79998779296875,139.39999771118164
1762230738602,141.79998779296875,140.39999771118164
1762230738611,139.79998779296875,141.39999771118164
1762230738620,137.79998779296875,142.39999771118164
1762230738628,135.79998779296875,144.39999771118164
1762230738636,133.79998779296875,145.39999771118164
1762230738645,129.79998779296875,146.39999771118164
1762230738653,125.79998779296875,149.39999771118164
1762230738662,121.79998779296875,149.39999771118164
1762230738672,119.79998779296875,150.39999771118164
1762230738680,114.79998779296875,152.39999771118164
1762230738689,109.79998779296875,155.39999771118164
1762230738698,106.79998779296875,155.39999771118164
1762230738707,104.79998779296875,156.39999771118164
1762230738715,101.79998779296875,156.39999771118164
1762230738723,97.79998779296875,156.39999771118164
1762230738731,97.79998779296875,156.39999771118164
1762230738741,94.79998779296875,157.39999771118164
1762230738750,93.79998779296875,158.39999771118164
1762230738759,92.79998779296875,158.39999771118164
1762230738767,91.79998779296875,158.39999771118164
1762230738794,92.79998779296875,157.39999771118164
1762230738805,94.79998779296875,157.39999771118164
1762230738815,97.79998779296875,156.39999771118164
1762230738831,101.79998779296875,152.39999771118164
1762230738850,110.79998779296875,146.39999771118164
1762230738863,113.79998779296875,146.39999771118164
1762230738876,121.79998779296875,144.39999771118164
1762230738890,125.79998779296875,142.39999771118164
1762230738907,132.79998779296875,141.39999771118164
1762230738921,133.79998779296875,141.39999771118164
1762230738930,137.79998779296875,141.39999771118164
1762230738939,137.79998779296875,141.39999771118164
1762230738946,139.79998779296875,141.39999771118164
1762230738959,140.79998779296875,141.39999771118164
1762230738968,140.79998779296875,141.39999771118164
1762230738987,138.79998779296875,142.39999771118164
1762230738995,137.79998779296875,142.39999771118164
1762230739003,137.79998779296875,144.39999771118164
1762230739011,134.79998779296875,145.39999771118164
1762230739019,131.79998779296875,146.39999771118164
1762230739027,127.79998779296875,148.39999771118164
1762230739035,121.79998779296875,149.39999771118164
1762230739044,117.79998779296875,150.39999771118164
1762230739054,114.79998779296875,152.39999771118164
1762230739063,110.79998779296875,154.39999771118164
1762230739072,108.79998779296875,156.39999771118164
1762230739082,105.79998779296875,156.39999771118164
1762230739091,101.79998779296875,157.39999771118164
1762230739099,99.79998779296875,158.39999771118164
1762230739108,98.79998779296875,159.39999771118164
1762230739117,95.79998779296875,161.39999771118164
1762230739125,93.79998779296875,163.39999771118164
1762230739133,92.79998779296875,163.39999771118164
1762230739141,91.79998779296875,164.39999771118164
1762230739150,91.79998779296875,165.39999771118164
1762230739157,89.79998779296875,166.39999771118164
1762230739169,89.79998779296875,167.39999771118164
1762230739184,89.79998779296875,169.39999771118164
1762230739191,90.79998779296875,169.39999771118164
1762230739201,90.79998779296875,169.39999771118164
1762230739209,91.79998779296875,169.39999771118164
1762230739217,95.79998779296875,169.39999771118164
1762230739226,97.79998779296875,169.39999771118164
1762230739234,100.79998779296875,169.39999771118164
1762230739242,101.79998779296875,169.39999771118164
1762230739250,104.79998779296875,168.39999771118164
1762230739259,107.79998779296875,167.39999771118164
1762230739267,109.79998779296875,167.39999771118164
1762230739276,113.79998779296875,165.39999771118164
1762230739284,115.79998779296875,165.39999771118164
1762230739292,117.79998779296875,164.39999771118164
1762230739300,121.79998779296875,163.39999771118164
1762230739308,122.79998779296875,161.39999771118164
1762230739317,124.79998779296875,161.39999771118164
1762230739326,125.79998779296875,161.39999771118164
1762230739335,128.79998779296875,159.39999771118164
1762230739343,129.79998779296875,159.39999771118164
1762230739352,130.79998779296875,158.39999771118164
1762230739361,132.79998779296875,158.39999771118164
1762230739370,133.79998779296875,157.39999771118164
1762230739379,134.79998779296875,156.39999771118164
1762230739392,135.79998779296875,156.39999771118164
1762230739412,136.79998779296875,156.39999771118164
1762230739427,137.79998779296875,156.39999771118164
1762230739447,137.79998779296875,156.39999771118164
1762230739462,136.79998779296875,156.39999771118164
1762230739473,136.79998779296875,157.39999771118164
1762230739481,132.79998779296875,158.39999771118164
1762230739490,131.79998779296875,158.39999771118164
1762230739499,129.79998779296875,160.39999771118164
1762230739506,126.79998779296875,161.39999771118164
1762230739514,123.79998779296875,162.39999771118164
1762230739521,121.79998779296875,162.39999771118164
1762230739528,117.79998779296875,164.39999771118164
1762230739537,113.79998779296875,165.39999771118164
1762230739545,111.79998779296875,165.39999771118164
1762230739553,110.79998779296875,166.39999771118164
1762230739561,108.79998779296875,166.39999771118164
1762230739569,107.79998779296875,168.39999771118164
1762230739578,105.79998779296875,169.39999771118164
1762230739587,103.79998779296875,169.39999771118164
1762230739596,103.79998779296875,169.39999771118164
1762230739604,102.79998779296875,169.39999771118164
1762230739613,102.79998779296875,171.39999771118164
1762230739642,104.79998779296875,171.39999771118164
1762230739651,106.79998779296875,170.39999771118164
1762230739659,109.79998779296875,170.39999771118164
1762230739666,111.79998779296875,169.39999771118164
1762230739674,112.79998779296875,169.39999771118164
1762230739682,115.79998779296875,168.39999771118164
1762230739689,120.79998779296875,167.39999771118164
1762230739697,121.79998779296875,165.39999771118164
1762230739706,122.79998779296875,165.39999771118164
1762230739713,123.79998779296875,165.39999771118164
1762230739720,126.79998779296875,165.39999771118164
1762230739728,127.79998779296875,165.39999771118164
1762230739735,128.79998779296875,163.39999771118164
1762230739742,129.79998779296875,163.39999771118164
1762230739751,132.79998779296875,163.39999771118164
1762230739764,134.79998779296875,163.39999771118164
1762230739775,135.79998779296875,163.39999771118164
1762230739784,137.79998779296875,163.39999771118164
1762230739795,137.79998779296875,163.39999771118164
1762230739811,138.79998779296875,163.39999771118164
1762230739824,140.79998779296875,163.39999771118164
1762230739859,140.79998779296875,164.39999771118164
1762230739873,140.79998779296875,165.39999771118164
1762230739893,139.79998779296875,165.39999771118164
1762230739905,138.79998779296875,168.39999771118164
1762230739915,137.79998779296875,169.39999771118164
1762230739924,137.79998779296875,170.39999771118164
1762230739932,134.79998779296875,172.39999771118164
1762230739941,133.79998779296875,173.39999771118164
1762230739950,129.79998779296875,174.39999771118164
1762230739962,129.79998779296875,175.39999771118164
1762230739975,126.79998779296875,175.39999771118164
1762230739989,125.79998779296875,176.39999771118164
1762230739998,124.79998779296875,177.39999771118164
1762230740034,125.79998779296875,177.39999771118164
1762230740047,127.79998779296875,177.39999771118164
1762230740058,128.79998779296875,176.39999771118164
1762230740068,129.79998779296875,176.39999771118164
1762230740077,130.79998779296875,176.39999771118164
1762230740087,133.79998779296875,175.39999771118164
1762230740096,133.79998779296875,175.39999771118164
1762230740107,135.79998779296875,175.39999771118164
1762230740115,136.79998779296875,175.39999771118164
1762230740125,137.79998779296875,173.39999771118164
1762230740135,138.79998779296875,173.39999771118164
1762230740144,138.79998779296875,173.39999771118164
1762230740154,139.79998779296875,173.39999771118164
1762230740169,141.79998779296875,171.39999771118164
1762230740184,141.79998779296875,170.39999771118164
1762230740197,143.79998779296875,170.39999771118164
1762230740226,144.79998779296875,170.39999771118164
1762230740238,145.79998779296875,170.39999771118164
1762230740268,146.79998779296875,170.39999771118164
1762230740307,145.79998779296875,170.39999771118164
1762230740321,145.79998779296875,172.39999771118164
1762230740334,144.79998779296875,173.39999771118164
1762230740345,142.79998779296875,175.39999771118164
1762230740355,141.79998779296875,175.39999771118164
1762230740365,139.79998779296875,177.39999771118164
1762230740374,137.79998779296875,177.39999771118164
1762230740382,137.79998779296875,178.39999771118164
1762230740392,137.79998779296875,178.39999771118164
1762230740401,137.79998779296875,180.39999771118164
1762230740434,137.79998779296875,179.39999771118164
1762230740447,137.79998779296875,178.39999771118164
1762230740456,138.79998779296875,178.39999771118164
1762230740466,138.79998779296875,177.39999771118164
1762230740475,139.79998779296875,176.39999771118164
1762230740490,141.79998779296875,175.39999771118164
1762230740503,141.79998779296875,173.39999771118164
1762230740517,141.79998779296875,173.39999771118164
1762230740525,140.79998779296875,173.39999771118164
1762230740533,140.79998779296875,171.39999771118164
1762230740542,140.79998779296875,170.39999771118164
1762230740551,139.79998779296875,170.39999771118164
1762230740561,137.79998779296875,169.39999771118164
1762230740570,137.79998779296875,169.39999771118164
1762230746414,755.7999877929688,503.39999771118164
1762230747381,757.7999877929688,502.39999771118164
1762230747396,757.7999877929688,501.39999771118164
1762230747432,757.7999877929688,501.39999771118164
1762230747471,758.7999877929688,501.39999771118164
1762230747486,758.7999877929688,500.39999771118164
1762230747501,760.7999877929688,500.39999771118164
1762230747512,760.7999877929688,499.39999771118164
1762230747520,761.7999877929688,499.39999771118164
1762230747546,761.7999877929688,498.39999771118164
1762230747561,762.7999877929688,498.39999771118164
1762230747750,762.7999877929688,499.39999771118164
1762230747790,762.7999877929688,501.39999771118164
1762230747853,763.7999877929688,501.39999771118164
1762230747869,765.7999877929688,501.39999771118164
1762230747886,765.7999877929688,501.39999771118164
1762230747914,766.7999877929688,501.39999771118164
1762230747929,768.7999877929688,501.39999771118164
1762230747944,769.7999877929688,501.39999771118164
1762230747957,770.7999877929688,501.39999771118164
1762230747968,771.7999877929688,501.39999771118164
1762230747983,773.7999877929688,501.39999771118164
1762230747997,773.7999877929688,501.39999771118164
1762230748025,774.7999877929688,501.39999771118164
1762230748041,776.7999877929688,501.39999771118164
1762230748054,777.7999877929688,501.39999771118164
1762230748219,777.7999877929688,500.39999771118164
1762230748235,777.7999877929688,499.39999771118164
1762230748280,775.7999877929688,499.39999771118164
1762230748295,774.7999877929688,499.39999771118164
1762230748309,773.7999877929688,499.39999771118164
1762230748322,772.7999877929688,499.39999771118164
1762230748337,772.7999877929688,501.39999771118164
1762230748365,772.7999877929688,501.39999771118164
1762230748377,772.7999877929688,503.39999771118164
1762230748412,772.7999877929688,504.39999771118164
1762230748425,771.7999877929688,505.39999771118164
1762230748438,771.7999877929688,506.39999771118164
1762230748457,771.7999877929688,507.39999771118164
1762230748468,771.7999877929688,509.39999771118164
1762230748485,771.7999877929688,509.39999771118164
1762230748512,771.7999877929688,511.39999771118164
1762230748526,771.7999877929688,512.3999977111816
1762230748538,771.7999877929688,513.3999977111816
1762230748567,771.7999877929688,514.3999977111816
1762230748581,769.7999877929688,515.3999977111816
1762230748615,769.7999877929688,517.3999977111816
1762230748628,769.7999877929688,517.3999977111816
1762230748658,769.7999877929688,519.3999977111816
1762230748702,769.7999877929688,520.3999977111816
1762230748732,769.7999877929688,521.3999977111816
1762230748746,767.7999877929688,522.3999977111816
1762230748760,767.7999877929688,523.3999977111816
1762230748802,767.7999877929688,525.3999977111816
1762230748849,766.7999877929688,525.3999977111816
1762230748864,765.7999877929688,525.3999977111816
1762230748888,764.7999877929688,525.3999977111816
1762230748900,763.7999877929688,525.3999977111816
1762230748915,761.7999877929688,525.3999977111816
1762230748941,761.7999877929688,525.3999977111816
1762230748951,759.7999877929688,525.3999977111816
1762230748962,758.7999877929688,525.3999977111816
1762230748989,757.7999877929688,525.3999977111816
1762230749001,756.7999877929688,525.3999977111816
1762230749045,755.7999877929688,525.3999977111816
1762230749060,755.7999877929688,524.3999977111816
1762230749073,755.7999877929688,523.3999977111816
1762230749089,755.7999877929688,521.3999977111816
1762230749113,755.7999877929688,521.3999977111816
1762230749133,755.7999877929688,520.3999977111816
1762230749150,755.7999877929688,518.3999977111816
1762230749163,757.7999877929688,517.3999977111816
1762230749181,757.7999877929688,516.3999977111816
1762230749192,757.7999877929688,515.3999977111816
1762230749202,758.7999877929688,514.3999977111816
1762230749209,758.7999877929688,513.3999977111816
1762230749217,760.7999877929688,513.3999977111816
1762230749227,761.7999877929688,510.39999771118164
1762230749235,761.7999877929688,509.39999771118164
1762230749247,762.7999877929688,508.39999771118164
1762230749261,763.7999877929688,507.39999771118164
1762230749276,763.7999877929688,506.39999771118164
1762230749289,763.7999877929688,505.39999771118164
1762230749298,763.7999877929688,504.39999771118164
1762230749309,765.7999877929688,504.39999771118164
1762230749336,765.7999877929688,502.39999771118164
1762230749347,765.7999877929688,501.39999771118164
1762230749371,765.7999877929688,501.39999771118164
1762230749386,766.7999877929688,501.39999771118164
1762230749434,768.7999877929688,501.39999771118164
1762230749449,768.7999877929688,503.39999771118164
1762230749468,768.7999877929688,505.39999771118164
1762230749478,769.7999877929688,506.39999771118164
1762230749488,769.7999877929688,507.39999771118164
1762230749497,769.7999877929688,509.39999771118164
1762230749524,769.7999877929688,511.39999771118164
1762230749533,769.7999877929688,512.3999977111816
1762230749546,769.7999877929688,513.3999977111816
1762230749563,769.7999877929688,514.3999977111816
1762230749579,769.7999877929688,515.3999977111816
1762230749594,769.7999877929688,517.3999977111816
1762230749608,769.7999877929688,517.3999977111816
1762230749625,769.7999877929688,519.3999977111816
1762230749650,769.7999877929688,520.3999977111816
1762230749661,769.7999877929688,521.3999977111816
1762230749672,769.7999877929688,522.3999977111816
1762230749722,769.7999877929688,523.3999977111816
1762230749755,769.7999877929688,525.3999977111816
1762230749790,769.7999877929688,525.3999977111816
1762230749852,769.7999877929688,527.3999977111816
1762230749905,770.7999877929688,527.3999977111816
1762230749928,771.7999877929688,526.3999977111816
1762230749949,773.7999877929688,525.3999977111816
1762230749963,773.7999877929688,524.3999977111816
1762230749977,773.7999877929688,523.3999977111816
1762230749998,773.7999877929688,521.3999977111816
1762230750010,773.7999877929688,521.3999977111816
1762230750022,773.7999877929688,520.3999977111816
1762230750076,773.7999877929688,518.3999977111816
1762230750092,773.7999877929688,517.3999977111816
1762230750114,773.7999877929688,516.3999977111816
1762230750149,773.7999877929688,515.3999977111816
1762230751831,786.7999877929688,504.39999771118164
1762230752140,786.7999877929688,502.39999771118164
1762230752158,786.7999877929688,499.39999771118164
1762230752169,786.7999877929688,497.39999771118164
1762230752191,786.7999877929688,497.39999771118164
1762230752382,786.7999877929688,498.39999771118164
1762230752399,786.7999877929688,499.39999771118164
1762230752411,786.7999877929688,501.39999771118164
1762230752428,786.7999877929688,501.39999771118164
1762230752444,786.7999877929688,503.39999771118164
1762230752458,787.7999877929688,504.39999771118164
1762230752471,787.7999877929688,505.39999771118164
1762230752481,787.7999877929688,506.39999771118164
1762230752491,787.7999877929688,507.39999771118164
1762230752501,789.7999877929688,509.39999771118164
1762230752511,789.7999877929688,509.39999771118164
1762230752524,789.7999877929688,511.39999771118164
1762230752539,789.7999877929688,512.3999977111816
1762230752552,789.7999877929688,513.3999977111816
1762230752582,789.7999877929688,514.3999977111816
1762230752598,791.7999877929688,515.3999977111816
1762230752612,791.7999877929688,517.3999977111816
1762230752622,791.7999877929688,517.3999977111816
1762230752635,792.7999877929688,517.3999977111816
1762230752667,792.7999877929688,519.3999977111816
1762230752681,793.7999877929688,519.3999977111816
1762230752722,793.7999877929688,520.3999977111816
1762230752771,793.7999877929688,521.3999977111816
1762230752824,793.7999877929688,522.3999977111816
1762230752839,794.7999877929688,522.3999977111816
1762230752880,795.7999877929688,522.3999977111816
1762230752955,795.7999877929688,523.3999977111816
1762230753139,797.7999877929688,523.3999977111816
1762230753157,797.7999877929688,523.3999977111816
1762230753185,799.7999877929688,523.3999977111816
1762230753212,800.7999877929688,523.3999977111816
1762230753226,801.7999877929688,523.3999977111816
1762230753254,802.7999877929688,523.3999977111816
1762230753304,803.7999877929688,523.3999977111816
1762230753338,805.7999877929688,523.3999977111816
1762230753522,805.7999877929688,521.3999977111816
1762230753561,805.7999877929688,521.3999977111816
1762230753579,805.7999877929688,520.3999977111816
1762230753599,805.7999877929688,518.3999977111816
1762230753614,805.7999877929688,517.3999977111816
1762230753628,805.7999877929688,516.3999977111816
1762230753639,804.7999877929688,516.3999977111816
1762230753649,803.7999877929688,515.3999977111816
1762230753665,803.7999877929688,513.3999977111816
1762230753674,801.7999877929688,513.3999977111816
1762230753685,801.7999877929688,513.3999977111816
1762230753695,801.7999877929688,513.3999977111816
1762230753704,800.7999877929688,513.3999977111816
1762230753714,800.7999877929688,512.3999977111816
1762230753724,798.7999877929688,512.3999977111816
1762230753733,797.7999877929688,510.39999771118164
1762230753760,797.7999877929688,509.39999771118164
1762230753773,796.7999877929688,508.39999771118164
1762230753815,795.7999877929688,507.39999771118164
1762230753851,795.7999877929688,505.39999771118164
1762230753885,793.7999877929688,505.39999771118164
1762230753955,793.7999877929688,504.39999771118164
1762230753971,793.7999877929688,502.39999771118164
1762230753986,793.7999877929688,501.39999771118164
1762230754025,793.7999877929688,500.39999771118164
1762230754102,794.7999877929688,500.39999771118164
1762230754267,795.7999877929688,499.39999771118164
1762230754284,797.7999877929688,499.39999771118164
1762230754303,797.7999877929688,499.39999771118164
1762230754315,799.7999877929688,499.39999771118164
1762230754380,799.7999877929688,501.39999771118164
1762230754397,799.7999877929688,501.39999771118164
1762230754411,799.7999877929688,503.39999771118164
1762230754432,799.7999877929688,504.39999771118164
1762230754473,799.7999877929688,505.39999771118164
1762230754489,799.7999877929688,506.39999771118164
1762230754506,799.7999877929688,507.39999771118164
1762230754518,799.7999877929688,509.39999771118164
1762230754536,799.7999877929688,509.39999771118164
1762230754557,799.7999877929688,511.39999771118164
1762230754567,799.7999877929688,512.3999977111816
1762230754581,799.7999877929688,513.3999977111816
1762230754607,799.7999877929688,514.3999977111816
1762230754616,799.7999877929688,515.3999977111816
1762230754762,799.7999877929688,517.3999977111816
1762230754780,799.7999877929688,517.3999977111816
1762230758307,761.7999877929688,85.39999771118164
1762230758611,761.7999877929688,84.39999771118164
1762230758625,762.7999877929688,81.39999771118164
1762230758637,763.7999877929688,79.39999771118164
1762230758663,763.7999877929688,78.39999771118164
1762230758675,765.7999877929688,78.39999771118164
1762230758688,765.7999877929688,78.39999771118164
1762230758705,766.7999877929688,78.39999771118164
1762230758720,768.7999877929688,78.39999771118164
1762230758734,769.7999877929688,78.39999771118164
1762230758748,770.7999877929688,78.39999771118164
1762230758767,771.7999877929688,78.39999771118164
1762230758780,773.7999877929688,78.39999771118164
1762230758790,773.7999877929688,79.39999771118164
1762230758801,773.7999877929688,79.39999771118164
1762230758816,774.7999877929688,79.39999771118164
1762230758826,776.7999877929688,79.39999771118164
1762230758844,777.7999877929688,79.39999771118164
1762230758864,778.7999877929688,79.39999771118164
1762230758874,779.7999877929688,79.39999771118164
1762230758900,781.7999877929688,79.39999771118164
1762230758912,781.7999877929688,79.39999771118164
1762230758922,782.7999877929688,79.39999771118164
1762230758956,784.7999877929688,79.39999771118164
1762230758983,785.7999877929688,79.39999771118164
1762230759000,785.7999877929688,81.39999771118164
1762230759022,785.7999877929688,83.39999771118164
1762230759034,785.7999877929688,84.39999771118164
1762230759066,783.7999877929688,84.39999771118164
1762230759079,783.7999877929688,86.39999771118164
1762230759093,782.7999877929688,89.39999771118164
1762230759103,780.7999877929688,91.39999771118164
1762230759121,779.7999877929688,92.39999771118164
1762230759135,777.7999877929688,93.39999771118164
1762230759155,777.7999877929688,94.39999771118164
1762230759165,775.7999877929688,95.39999771118164
1762230759184,774.7999877929688,95.39999771118164
1762230759248,774.7999877929688,94.39999771118164
1762230759264,776.7999877929688,93.39999771118164
1762230759281,777.7999877929688,92.39999771118164
1762230759301,778.7999877929688,90.39999771118164
1762230759315,779.7999877929688,90.39999771118164
1762230759333,781.7999877929688,89.39999771118164
1762230759351,781.7999877929688,89.39999771118164
1762230759361,782.7999877929688,89.39999771118164
1762230759375,784.7999877929688,89.39999771118164
1762230759386,785.7999877929688,89.39999771118164
1762230759401,786.7999877929688,89.39999771118164
1762230759412,787.7999877929688,89.39999771118164
1762230759429,789.7999877929688,89.39999771118164
1762230759450,789.7999877929688,89.39999771118164
1762230759468,790.7999877929688,89.39999771118164
1762230759485,792.7999877929688,88.39999771118164
1762230759500,793.7999877929688,88.39999771118164
1762230759520,794.7999877929688,88.39999771118164
1762230759535,795.7999877929688,88.39999771118164
1762230759546,795.7999877929688,87.39999771118164
1762230759562,795.7999877929688,86.39999771118164
1762230759580,796.7999877929688,86.39999771118164
1762230759592,796.7999877929688,85.39999771118164
1762230759628,796.7999877929688,84.39999771118164
1762230759645,796.7999877929688,82.39999771118164
1762230759664,796.7999877929688,81.39999771118164
1762230759677,796.7999877929688,80.39999771118164
1762230759689,796.7999877929688,79.39999771118164
1762230759709,796.7999877929688,78.39999771118164
1762230759725,795.7999877929688,77.39999771118164
1762230759739,793.7999877929688,76.39999771118164
1762230759752,793.7999877929688,76.39999771118164
1762230759763,791.7999877929688,74.39999771118164
1762230759774,790.7999877929688,74.39999771118164
1762230759784,788.7999877929688,74.39999771118164
1762230759793,787.7999877929688,74.39999771118164
1762230759810,785.7999877929688,74.39999771118164
1762230759824,783.7999877929688,74.39999771118164
1762230759838,781.7999877929688,74.39999771118164
1762230759852,780.7999877929688,75.39999771118164
1762230759864,777.7999877929688,75.39999771118164
1762230759879,775.7999877929688,75.39999771118164
1762230759890,773.7999877929688,76.39999771118164
1762230759905,772.7999877929688,77.39999771118164
1762230759915,771.7999877929688,77.39999771118164
1762230759926,769.7999877929688,78.39999771118164
1762230759938,767.7999877929688,78.39999771118164
1762230759952,766.7999877929688,81.39999771118164
1762230759964,765.7999877929688,81.39999771118164
1762230759978,764.7999877929688,81.39999771118164
1762230759994,764.7999877929688,83.39999771118164
1762230760006,764.7999877929688,84.39999771118164
1762230760038,764.7999877929688,86.39999771118164
1762230760052,764.7999877929688,87.39999771118164
1762230760065,765.7999877929688,89.39999771118164
1762230760079,765.7999877929688,89.39999771118164
1762230760093,766.7999877929688,91.39999771118164
1762230760105,769.7999877929688,91.39999771118164
1762230760115,770.7999877929688,92.39999771118164
1762230760125,771.7999877929688,92.39999771118164
1762230760135,773.7999877929688,92.39999771118164
1762230760145,773.7999877929688,92.39999771118164
1762230760154,776.7999877929688,92.39999771118164
1762230760165,777.7999877929688,92.39999771118164
1762230760175,778.7999877929688,92.39999771118164
1762230760185,779.7999877929688,92.39999771118164
1762230760195,781.7999877929688,92.39999771118164
1762230760204,782.7999877929688,92.39999771118164
1762230760218,784.7999877929688,92.39999771118164
1762230760232,785.7999877929688,92.39999771118164
1762230760245,786.7999877929688,92.39999771118164
1762230760274,787.7999877929688,92.39999771118164
1762230760287,789.7999877929688,92.39999771118164
1762230760300,789.7999877929688,90.39999771118164
1762230760315,790.7999877929688,90.39999771118164
1762230760334,790.7999877929688,89.39999771118164
1762230760364,790.7999877929688,88.39999771118164
1762230760379,790.7999877929688,87.39999771118164
1762230760393,790.7999877929688,86.39999771118164
1762230760408,790.7999877929688,85.39999771118164
1762230760423,789.7999877929688,85.39999771118164
1762230760438,787.7999877929688,85.39999771118164
1762230760451,785.7999877929688,85.39999771118164
1762230760463,783.7999877929688,85.39999771118164
1762230760474,782.7999877929688,85.39999771118164
1762230760484,780.7999877929688,85.39999771118164
1762230760496,779.7999877929688,85.39999771118164
1762230760507,777.7999877929688,85.39999771118164
1762230760518,775.7999877929688,85.39999771118164
1762230760529,774.7999877929688,85.39999771118164
1762230760540,773.7999877929688,85.39999771118164
1762230760551,772.7999877929688,85.39999771118164
1762230760562,771.7999877929688,85.39999771118164
1762230760574,769.7999877929688,85.39999771118164
1762230760585,769.7999877929688,85.39999771118164
1762230760595,769.7999877929688,86.39999771118164
1762230760606,767.7999877929688,87.39999771118164
1762230760635,767.7999877929688,89.39999771118164
1762230760646,767.7999877929688,89.39999771118164
1762230760663,767.7999877929688,91.39999771118164
1762230760691,768.7999877929688,91.39999771118164
1762230760704,769.7999877929688,91.39999771118164
1762230760715,770.7999877929688,91.39999771118164
1762230760726,773.7999877929688,91.39999771118164
1762230760738,773.7999877929688,90.39999771118164
1762230760749,774.7999877929688,90.39999771118164
1762230760759,777.7999877929688,89.39999771118164
1762230760771,778.7999877929688,89.39999771118164
1762230760782,779.7999877929688,89.39999771118164
1762230760793,781.7999877929688,88.39999771118164
1762230760805,781.7999877929688,88.39999771118164
1762230760816,782.7999877929688,87.39999771118164
1762230760828,784.7999877929688,87.39999771118164
1762230760839,784.7999877929688,86.39999771118164
1762230760850,785.7999877929688,86.39999771118164
1762230760862,786.7999877929688,85.39999771118164
1762230760891,786.7999877929688,84.39999771118164
1762230760906,785.7999877929688,82.39999771118164
1762230760920,785.7999877929688,82.39999771118164
1762230760933,783.7999877929688,81.39999771118164
1762230760961,782.7999877929688,81.39999771118164
1762230760975,781.7999877929688,79.39999771118164
1762230760989,780.7999877929688,79.39999771118164
1762230761002,779.7999877929688,79.39999771118164
1762230761012,779.7999877929688,78.39999771118164
1762230761030,779.7999877929688,77.39999771118164
1762230761044,779.7999877929688,76.39999771118164
-1,-1,-1
1762230707873,,
1762230712744,,
1762230717948,,
1762230723521,,
1762230728502,,
1762230746414,,
1762230751831,,
1762230758307,,
-1,-1,-1
1762230711430,,
1762230716068,,
1762230721806,,
1762230726733,,
1762230740579,,
1762230750243,,
1762230754797,,
1762230761065,,
