1767413807389,381.6000061035156,487.39999771118164
1767413807406,382.6000061035156,487.39999771118164
1767413807423,386.6000061035156,482.39999771118164
1767413807439,389.6000061035156,479.39999771118164
1767413807456,392.6000061035156,476.39999771118164
1767413807473,399.6000061035156,472.39999771118164
1767413807489,409.6000061035156,467.39999771118164
1767413807506,417.6000061035156,465.39999771118164
1767413807523,437.6000061035156,461.39999771118164
1767413807539,465.6000061035156,455.39999771118164
1767413807556,500.6000061035156,450.39999771118164
1767413807573,534.6000061035156,447.39999771118164
1767413807589,564.6000061035156,447.39999771118164
1767413807606,568.6000061035156,447.39999771118164
1767413807623,569.6000061035156,447.39999771118164
1767413807656,569.6000061035156,446.39999771118164
1767413807673,572.6000061035156,445.39999771118164
1767413807689,580.6000061035156,443.39999771118164
1767413807706,587.6000061035156,442.39999771118164
1767413807723,598.6000061035156,442.39999771118164
1767413807740,614.6000061035156,441.39999771118164
1767413807756,634.6000061035156,441.39999771118164
1767413807773,653.6000061035156,441.39999771118164
1767413807789,670.6000061035156,440.39999771118164
1767413807806,689.6000061035156,439.39999771118164
1767413807823,695.6000061035156,439.39999771118164
1767413807840,696.6000061035156,439.39999771118164
1767413807956,695.6000061035156,439.39999771118164
1767413807973,694.6000061035156,439.39999771118164
1767413807989,692.6000061035156,439.39999771118164
1767413808006,685.6000061035156,439.39999771118164
1767413808023,681.6000061035156,439.39999771118164
1767413808039,677.6000061035156,438.39999771118164
1767413808056,673.6000061035156,438.39999771118164
1767413808073,670.6000061035156,438.39999771118164
1767413808090,666.6000061035156,438.39999771118164
1767413808106,660.6000061035156,438.39999771118164
1767413808123,653.6000061035156,439.39999771118164
1767413808139,643.6000061035156,440.39999771118164
1767413808156,637.6000061035156,440.39999771118164
1767413808173,630.6000061035156,441.39999771118164
1767413808189,625.6000061035156,442.39999771118164
1767413808206,623.6000061035156,442.39999771118164
1767413808223,622.6000061035156,442.39999771118164
1767413808239,621.6000061035156,443.39999771118164
1767413808256,620.6000061035156,443.39999771118164
1767413808272,618.6000061035156,443.39999771118164
1767413808424,617.6000061035156,443.39999771118164
1767413808439,617.6000061035156,444.39999771118164
1767413808456,613.6000061035156,444.39999771118164
1767413808473,609.6000061035156,443.39999771118164
1767413808490,602.6000061035156,438.39999771118164
1767413808506,591.6000061035156,428.39999771118164
1767413808523,577.6000061035156,415.39999771118164
1767413808539,561.6000061035156,397.39999771118164
1767413808556,537.6000061035156,370.39999771118164
1767413808573,497.6000061035156,333.39999771118164
1767413808589,425.6000061035156,277.39999771118164
1767413808606,379.6000061035156,247.39999771118164
1767413808623,349.6000061035156,228.39999771118164
1767413808639,329.6000061035156,214.39999771118164
1767413808656,313.6000061035156,196.39999771118164
1767413808673,302.6000061035156,183.39999771118164
1767413808689,291.6000061035156,168.39999771118164
1767413808706,281.6000061035156,155.39999771118164
1767413808723,269.6000061035156,144.39999771118164
1767413808739,258.6000061035156,135.39999771118164
1767413808756,248.60000610351562,130.39999771118164
1767413808772,236.60000610351562,125.39999771118164
1767413808789,231.60000610351562,124.39999771118164
1767413808806,225.60000610351562,123.39999771118164
1767413808822,221.60000610351562,123.39999771118164
1767413808839,219.60000610351562,122.39999771118164
1767413808856,215.60000610351562,122.39999771118164
1767413808873,209.60000610351562,121.39999771118164
1767413808889,201.60000610351562,121.39999771118164
1767413808906,192.60000610351562,121.39999771118164
1767413808923,181.60000610351562,119.39999771118164
1767413808939,173.60000610351562,119.39999771118164
1767413808956,169.60000610351562,119.39999771118164
1767413808973,169.60000610351562,118.39999771118164
1767413809033,168.60000610351562,118.39999771118164
1767413809046,167.60000610351562,118.39999771118164
1767413809062,166.60000610351562,118.39999771118164
1767413809072,165.60000610351562,118.39999771118164
1767413809089,164.60000610351562,117.39999771118164
1767413809106,161.60000610351562,115.39999771118164
1767413809122,157.60000610351562,112.39999771118164
1767413809139,153.60000610351562,108.39999771118164
1767413809156,149.60000610351562,103.39999771118164
1767413809173,143.60000610351562,94.39999771118164
1767413809189,138.60000610351562,83.39999771118164
1767413809206,136.60000610351562,76.39999771118164
1767413809222,134.60000610351562,71.39999771118164
1767413809239,133.60000610351562,69.39999771118164
1767413809256,133.60000610351562,68.39999771118164
1767413809313,132.60000610351562,68.39999771118164
1767413809323,132.60000610351562,69.39999771118164
1767413809339,130.60000610351562,73.39999771118164
1767413809356,127.60000610351562,78.39999771118164
1767413809373,122.60000610351562,86.39999771118164
1767413809389,117.60000610351562,95.39999771118164
1767413809406,114.60000610351562,99.39999771118164
1767413809423,113.60000610351562,100.39999771118164
1767413809511,113.60000610351562,99.39999771118164
1767413809526,112.60000610351562,97.39999771118164
1767413809539,112.60000610351562,96.39999771118164
1767413809556,113.60000610351562,91.39999771118164
1767413809573,114.60000610351562,87.39999771118164
1767413809589,116.60000610351562,83.39999771118164
1767413809606,117.60000610351562,81.39999771118164
1767413809622,117.60000610351562,79.39999771118164
1767413809639,118.60000610351562,79.39999771118164
1767413809656,119.60000610351562,79.39999771118164
1767413809792,119.60000610351562,80.39999771118164
1767413809806,119.60000610351562,81.39999771118164
1767413809823,117.60000610351562,83.39999771118164
1767413809839,116.60000610351562,84.39999771118164
1767413809856,115.60000610351562,85.39999771118164
1767413809872,114.60000610351562,86.39999771118164
1767413809889,113.60000610351562,86.39999771118164
1767413810032,112.60000610351562,86.39999771118164
1767413810197,111.60000610351562,86.39999771118164
1767413810219,110.60000610351562,86.39999771118164
1767413810230,110.60000610351562,85.39999771118164
1767413810239,109.60000610351562,84.39999771118164
1767413810256,109.60000610351562,83.39999771118164
1767413810272,109.60000610351562,82.39999771118164
1767413810289,109.60000610351562,80.39999771118164
1767413810310,109.60000610351562,79.39999771118164
1767413810322,109.60000610351562,79.39999771118164
1767413810339,110.60000610351562,78.39999771118164
1767413810356,111.60000610351562,77.39999771118164
1767413810383,111.60000610351562,76.39999771118164
1767413810406,112.60000610351562,76.39999771118164
1767413810456,113.60000610351562,76.39999771118164
1767413810472,114.60000610351562,78.39999771118164
1767413810489,115.60000610351562,79.39999771118164
1767413810506,117.60000610351562,79.39999771118164
1767413810535,117.60000610351562,80.39999771118164
1767413810550,118.60000610351562,80.39999771118164
1767413810572,119.60000610351562,82.39999771118164
1767413810589,120.60000610351562,82.39999771118164
1767413810606,121.60000610351562,83.39999771118164
1767413810622,121.60000610351562,83.39999771118164
1767413810673,121.60000610351562,84.39999771118164
1767413810689,121.60000610351562,85.39999771118164
1767413810722,121.60000610351562,86.39999771118164
1767413810777,120.60000610351562,86.39999771118164
1767413810790,119.60000610351562,86.39999771118164
1767413810806,117.60000610351562,86.39999771118164
1767413810822,117.60000610351562,86.39999771118164
1767413810839,116.60000610351562,86.39999771118164
1767413810862,115.60000610351562,86.39999771118164
1767413810872,114.60000610351562,86.39999771118164
1767413810889,113.60000610351562,86.39999771118164
1767413810906,113.60000610351562,86.39999771118164
1767413810922,112.60000610351562,86.39999771118164
1767413810939,111.60000610351562,86.39999771118164
1767413810956,109.60000610351562,86.39999771118164
1767413810972,108.60000610351562,86.39999771118164
1767413810989,107.60000610351562,85.39999771118164
1767413811006,105.60000610351562,84.39999771118164
1767413811056,105.60000610351562,83.39999771118164
1767413811072,105.60000610351562,83.39999771118164
1767413811123,105.60000610351562,82.39999771118164
1767413811147,106.60000610351562,82.39999771118164
1767413811189,107.60000610351562,82.39999771118164
1767413811206,109.60000610351562,82.39999771118164
1767413811230,109.60000610351562,82.39999771118164
1767413811239,110.60000610351562,82.39999771118164
1767413811256,111.60000610351562,83.39999771118164
1767413811273,112.60000610351562,83.39999771118164
1767413811289,113.60000610351562,83.39999771118164
1767413811306,113.60000610351562,84.39999771118164
1767413811356,113.60000610351562,85.39999771118164
1767413811547,113.60000610351562,86.39999771118164
1767413811578,112.60000610351562,86.39999771118164
1767413811622,111.60000610351562,87.39999771118164
1767413811639,108.60000610351562,91.39999771118164
1767413811656,107.60000610351562,100.39999771118164
1767413811673,107.60000610351562,107.39999771118164
1767413811689,107.60000610351562,113.39999771118164
1767413811706,107.60000610351562,123.39999771118164
1767413811722,107.60000610351562,130.39999771118164
1767413811739,107.60000610351562,133.39999771118164
1767413811756,108.60000610351562,136.39999771118164
1767413811772,109.60000610351562,141.39999771118164
1767413811789,110.60000610351562,146.39999771118164
1767413811806,110.60000610351562,153.39999771118164
1767413811822,110.60000610351562,154.39999771118164
1767413811840,110.60000610351562,155.39999771118164
1767413811895,110.60000610351562,154.39999771118164
1767413811906,109.60000610351562,154.39999771118164
1767413811922,107.60000610351562,151.39999771118164
1767413811939,101.60000610351562,145.39999771118164
1767413811956,98.60000610351562,143.39999771118164
1767413811973,97.60000610351562,141.39999771118164
1767413811989,95.60000610351562,140.39999771118164
1767413812006,95.60000610351562,139.39999771118164
1767413812056,95.60000610351562,138.39999771118164
1767413812072,95.60000610351562,137.39999771118164
1767413812089,96.60000610351562,136.39999771118164
1767413812106,97.60000610351562,135.39999771118164
1767413812122,98.60000610351562,133.39999771118164
1767413812139,98.60000610351562,132.39999771118164
1767413812167,99.60000610351562,132.39999771118164
1767413812174,100.60000610351562,132.39999771118164
1767413812189,103.60000610351562,131.39999771118164
1767413812206,105.60000610351562,131.39999771118164
1767413812222,107.60000610351562,128.39999771118164
1767413812239,108.60000610351562,126.39999771118164
1767413812256,108.60000610351562,124.39999771118164
1767413812272,108.60000610351562,123.39999771118164
1767413812304,109.60000610351562,123.39999771118164
1767413812309,109.60000610351562,121.39999771118164
1767413812322,109.60000610351562,119.39999771118164
1767413812339,110.60000610351562,115.39999771118164
1767413812356,111.60000610351562,113.39999771118164
1767413812373,111.60000610351562,111.39999771118164
1767413812389,111.60000610351562,108.39999771118164
1767413812406,112.60000610351562,105.39999771118164
1767413812423,112.60000610351562,103.39999771118164
1767413812439,112.60000610351562,100.39999771118164
1767413812456,112.60000610351562,99.39999771118164
1767413812473,113.60000610351562,98.39999771118164
1767413812494,114.60000610351562,97.39999771118164
1767413812510,114.60000610351562,96.39999771118164
1767413812616,115.60000610351562,96.39999771118164
1767413812623,115.60000610351562,95.39999771118164
1767413812646,115.60000610351562,94.39999771118164
1767413812808,115.60000610351562,96.39999771118164
1767413812822,115.60000610351562,97.39999771118164
1767413812839,115.60000610351562,104.39999771118164
1767413812856,115.60000610351562,110.39999771118164
1767413812873,115.60000610351562,115.39999771118164
1767413812889,115.60000610351562,119.39999771118164
1767413812906,115.60000610351562,123.39999771118164
1767413812922,113.60000610351562,126.39999771118164
1767413812939,112.60000610351562,127.39999771118164
1767413812956,110.60000610351562,128.39999771118164
1767413812973,106.60000610351562,130.39999771118164
1767413812989,105.60000610351562,131.39999771118164
1767413813006,101.60000610351562,131.39999771118164
1767413813023,100.60000610351562,131.39999771118164
1767413813039,98.60000610351562,131.39999771118164
1767413813056,96.60000610351562,130.39999771118164
1767413813072,94.60000610351562,129.39999771118164
1767413813089,93.60000610351562,128.39999771118164
1767413813106,91.60000610351562,127.39999771118164
1767413813324,93.60000610351562,127.39999771118164
1767413813339,97.60000610351562,128.39999771118164
1767413813356,100.60000610351562,128.39999771118164
1767413813372,105.60000610351562,128.39999771118164
1767413813389,110.60000610351562,128.39999771118164
1767413813406,113.60000610351562,128.39999771118164
1767413813422,116.60000610351562,129.39999771118164
1767413813439,120.60000610351562,130.39999771118164
1767413813456,124.60000610351562,130.39999771118164
1767413813472,128.60000610351562,131.39999771118164
1767413813489,131.60000610351562,131.39999771118164
1767413813506,133.60000610351562,133.39999771118164
1767413813522,135.60000610351562,134.39999771118164
1767413813543,136.60000610351562,135.39999771118164
1767413813556,137.60000610351562,135.39999771118164
1767413813572,137.60000610351562,136.39999771118164
1767413813589,139.60000610351562,138.39999771118164
1767413813606,140.60000610351562,139.39999771118164
1767413813622,141.60000610351562,140.39999771118164
1767413813639,141.60000610351562,141.39999771118164
1767413813656,141.60000610351562,143.39999771118164
1767413813672,141.60000610351562,143.39999771118164
1767413813689,141.60000610351562,144.39999771118164
1767413813706,141.60000610351562,146.39999771118164
1767413813722,141.60000610351562,147.39999771118164
1767413813739,139.60000610351562,148.39999771118164
1767413813756,137.60000610351562,148.39999771118164
1767413813772,136.60000610351562,150.39999771118164
1767413813789,133.60000610351562,151.39999771118164
1767413813806,128.60000610351562,152.39999771118164
1767413813822,125.60000610351562,152.39999771118164
1767413813839,125.60000610351562,153.39999771118164
1767413813856,123.60000610351562,153.39999771118164
1767413813872,122.60000610351562,154.39999771118164
1767413813889,120.60000610351562,154.39999771118164
1767413813906,118.60000610351562,154.39999771118164
1767413813922,116.60000610351562,154.39999771118164
1767413813939,114.60000610351562,154.39999771118164
1767413813956,111.60000610351562,154.39999771118164
1767413813973,109.60000610351562,154.39999771118164
1767413813989,108.60000610351562,153.39999771118164
1767413814006,106.60000610351562,152.39999771118164
1767413814022,105.60000610351562,152.39999771118164
1767413814039,104.60000610351562,152.39999771118164
1767413814056,102.60000610351562,151.39999771118164
1767413814072,101.60000610351562,150.39999771118164
1767413814089,99.60000610351562,149.39999771118164
1767413814106,98.60000610351562,148.39999771118164
1767413814122,97.60000610351562,146.39999771118164
1767413814139,95.60000610351562,143.39999771118164
1767413814156,93.60000610351562,141.39999771118164
1767413814172,93.60000610351562,139.39999771118164
1767413814189,92.60000610351562,135.39999771118164
1767413814205,92.60000610351562,133.39999771118164
1767413814222,92.60000610351562,131.39999771118164
1767413814239,95.60000610351562,127.39999771118164
1767413814255,99.60000610351562,125.39999771118164
1767413814272,102.60000610351562,125.39999771118164
1767413814289,105.60000610351562,124.39999771118164
1767413814306,109.60000610351562,124.39999771118164
1767413814322,112.60000610351562,124.39999771118164
1767413814339,117.60000610351562,125.39999771118164
1767413814356,121.60000610351562,126.39999771118164
1767413814372,123.60000610351562,128.39999771118164
1767413814389,125.60000610351562,130.39999771118164
1767413814406,127.60000610351562,131.39999771118164
1767413814422,128.60000610351562,132.39999771118164
1767413814456,128.60000610351562,134.39999771118164
1767413814472,128.60000610351562,135.39999771118164
1767413814489,127.60000610351562,136.39999771118164
1767413814506,125.60000610351562,138.39999771118164
1767413814522,120.60000610351562,141.39999771118164
1767413814539,117.60000610351562,142.39999771118164
1767413814556,113.60000610351562,143.39999771118164
1767413814572,110.60000610351562,145.39999771118164
1767413814622,109.60000610351562,145.39999771118164
1767413814642,109.60000610351562,145.39999771118164
1767413814659,108.60000610351562,145.39999771118164
1767413814672,105.60000610351562,144.39999771118164
1767413814689,103.60000610351562,143.39999771118164
1767413814706,101.60000610351562,142.39999771118164
1767413814722,98.60000610351562,139.39999771118164
1767413814739,97.60000610351562,139.39999771118164
1767413814772,97.60000610351562,137.39999771118164
1767413814789,96.60000610351562,136.39999771118164
1767413814806,97.60000610351562,132.39999771118164
1767413814822,101.60000610351562,131.39999771118164
1767413814839,105.60000610351562,131.39999771118164
1767413814856,108.60000610351562,131.39999771118164
1767413814872,109.60000610351562,131.39999771118164
1767413814889,111.60000610351562,132.39999771118164
1767413814906,113.60000610351562,134.39999771118164
1767413814922,114.60000610351562,135.39999771118164
1767413814939,115.60000610351562,137.39999771118164
1767413814955,117.60000610351562,139.39999771118164
1767413814972,117.60000610351562,139.39999771118164
1767413814989,117.60000610351562,142.39999771118164
1767413815006,115.60000610351562,143.39999771118164
1767413815022,112.60000610351562,145.39999771118164
1767413815039,109.60000610351562,147.39999771118164
1767413815056,105.60000610351562,147.39999771118164
1767413815072,105.60000610351562,147.39999771118164
1767413815089,103.60000610351562,147.39999771118164
1767413815106,101.60000610351562,147.39999771118164
1767413815122,100.60000610351562,145.39999771118164
1767413815139,98.60000610351562,145.39999771118164
1767413815155,98.60000610351562,144.39999771118164
1767413815175,98.60000610351562,143.39999771118164
1767413815189,98.60000610351562,142.39999771118164
1767413815206,102.60000610351562,140.39999771118164
1767413815222,109.60000610351562,138.39999771118164
1767413815239,119.60000610351562,137.39999771118164
1767413815256,126.60000610351562,137.39999771118164
1767413815272,129.60000610351562,137.39999771118164
1767413815289,130.60000610351562,138.39999771118164
1767413815306,131.60000610351562,139.39999771118164
1767413815322,132.60000610351562,141.39999771118164
1767413815339,133.60000610351562,143.39999771118164
1767413815356,133.60000610351562,145.39999771118164
1767413815372,131.60000610351562,148.39999771118164
1767413815389,128.60000610351562,151.39999771118164
1767413815405,125.60000610351562,151.39999771118164
1767413815422,121.60000610351562,152.39999771118164
1767413815439,117.60000610351562,152.39999771118164
1767413815455,113.60000610351562,152.39999771118164
1767413815472,110.60000610351562,152.39999771118164
1767413815489,109.60000610351562,151.39999771118164
1767413815505,108.60000610351562,151.39999771118164
1767413815522,107.60000610351562,150.39999771118164
1767413815539,105.60000610351562,148.39999771118164
1767413815556,105.60000610351562,147.39999771118164
1767413815572,105.60000610351562,146.39999771118164
1767413815589,107.60000610351562,143.39999771118164
1767413815606,113.60000610351562,140.39999771118164
1767413815622,121.60000610351562,139.39999771118164
1767413815639,125.60000610351562,139.39999771118164
1767413815655,129.60000610351562,139.39999771118164
1767413815711,129.60000610351562,140.39999771118164
1767413815726,129.60000610351562,141.39999771118164
1767413815739,129.60000610351562,143.39999771118164
1767413815756,129.60000610351562,145.39999771118164
1767413815772,129.60000610351562,147.39999771118164
1767413815789,127.60000610351562,149.39999771118164
1767413815807,126.60000610351562,150.39999771118164
1767413815822,124.60000610351562,150.39999771118164
1767413815839,120.60000610351562,151.39999771118164
1767413815855,116.60000610351562,151.39999771118164
1767413815872,113.60000610351562,151.39999771118164
1767413815889,112.60000610351562,151.39999771118164
1767413815906,109.60000610351562,150.39999771118164
1767413815922,109.60000610351562,150.39999771118164
1767413815939,107.60000610351562,148.39999771118164
1767413815955,107.60000610351562,147.39999771118164
1767413815972,107.60000610351562,146.39999771118164
1767413815989,107.60000610351562,143.39999771118164
1767413816005,109.60000610351562,142.39999771118164
1767413816022,113.60000610351562,141.39999771118164
1767413816039,117.60000610351562,141.39999771118164
1767413816055,119.60000610351562,141.39999771118164
1767413816072,121.60000610351562,141.39999771118164
1767413816089,122.60000610351562,143.39999771118164
1767413816106,124.60000610351562,143.39999771118164
1767413816122,125.60000610351562,146.39999771118164
1767413816139,126.60000610351562,147.39999771118164
1767413816155,126.60000610351562,150.39999771118164
1767413816172,127.60000610351562,151.39999771118164
1767413816189,127.60000610351562,154.39999771118164
1767413816205,124.60000610351562,157.39999771118164
1767413816222,122.60000610351562,159.39999771118164
1767413816239,118.60000610351562,159.39999771118164
1767413816256,113.60000610351562,162.39999771118164
1767413816272,109.60000610351562,163.39999771118164
1767413816289,106.60000610351562,163.39999771118164
1767413816306,104.60000610351562,164.39999771118164
1767413816322,102.60000610351562,164.39999771118164
1767413816339,101.60000610351562,163.39999771118164
1767413816355,97.60000610351562,161.39999771118164
1767413816372,93.60000610351562,158.39999771118164
1767413816389,91.60000610351562,155.39999771118164
1767413816405,89.60000610351562,154.39999771118164
1767413816422,88.60000610351562,153.39999771118164
1767413816439,86.60000610351562,152.39999771118164
1767413816455,85.60000610351562,151.39999771118164
1767413816472,85.60000610351562,150.39999771118164
1767413816489,84.60000610351562,147.39999771118164
1767413816505,84.60000610351562,146.39999771118164
1767413816522,84.60000610351562,143.39999771118164
1767413816539,84.60000610351562,142.39999771118164
1767413816556,85.60000610351562,140.39999771118164
1767413816572,87.60000610351562,139.39999771118164
1767413816589,94.60000610351562,139.39999771118164
1767413816606,100.60000610351562,139.39999771118164
1767413816622,106.60000610351562,140.39999771118164
1767413816639,112.60000610351562,142.39999771118164
1767413816656,117.60000610351562,143.39999771118164
1767413816672,120.60000610351562,144.39999771118164
1767413816689,121.60000610351562,145.39999771118164
1767413816705,121.60000610351562,146.39999771118164
1767413816722,122.60000610351562,147.39999771118164
1767413816739,123.60000610351562,147.39999771118164
1767413816755,124.60000610351562,149.39999771118164
1767413816772,124.60000610351562,150.39999771118164
1767413816789,124.60000610351562,151.39999771118164
1767413816805,122.60000610351562,154.39999771118164
1767413816822,121.60000610351562,156.39999771118164
1767413816839,117.60000610351562,159.39999771118164
1767413816855,114.60000610351562,159.39999771118164
1767413816872,110.60000610351562,160.39999771118164
1767413816889,108.60000610351562,160.39999771118164
1767413816905,105.60000610351562,160.39999771118164
1767413816922,103.60000610351562,160.39999771118164
1767413816939,100.60000610351562,159.39999771118164
1767413816955,97.60000610351562,158.39999771118164
1767413816972,93.60000610351562,155.39999771118164
1767413816989,90.60000610351562,155.39999771118164
1767413817005,88.60000610351562,153.39999771118164
1767413817022,87.60000610351562,152.39999771118164
1767413817039,86.60000610351562,152.39999771118164
1767413817055,85.60000610351562,151.39999771118164
1767413817072,85.60000610351562,150.39999771118164
1767413817089,85.60000610351562,147.39999771118164
1767413817105,86.60000610351562,144.39999771118164
1767413817122,91.60000610351562,140.39999771118164
1767413817139,100.60000610351562,138.39999771118164
1767413817156,109.60000610351562,136.39999771118164
1767413817172,116.60000610351562,136.39999771118164
1767413817189,119.60000610351562,136.39999771118164
1767413817207,120.60000610351562,137.39999771118164
1767413817222,121.60000610351562,139.39999771118164
1767413817239,123.60000610351562,140.39999771118164
1767413817255,124.60000610351562,142.39999771118164
1767413817272,125.60000610351562,143.39999771118164
1767413817294,125.60000610351562,144.39999771118164
1767413817305,125.60000610351562,145.39999771118164
1767413817334,125.60000610351562,146.39999771118164
1767413817350,125.60000610351562,147.39999771118164
1767413817358,125.60000610351562,147.39999771118164
1767413817374,125.60000610351562,148.39999771118164
1767413817390,125.60000610351562,149.39999771118164
1767413817421,125.60000610351562,151.39999771118164
1767413817439,123.60000610351562,152.39999771118164
1767413817456,121.60000610351562,155.39999771118164
1767413817472,118.60000610351562,155.39999771118164
1767413817489,117.60000610351562,157.39999771118164
1767413817509,116.60000610351562,158.39999771118164
1767413817535,116.60000610351562,159.39999771118164
1767413817573,115.60000610351562,159.39999771118164
1767413817589,115.60000610351562,160.39999771118164
1767413817606,115.60000610351562,161.39999771118164
1767413817622,115.60000610351562,166.39999771118164
1767413817639,121.60000610351562,172.39999771118164
1767413817656,127.60000610351562,177.39999771118164
1767413817672,137.60000610351562,185.39999771118164
1767413817689,150.60000610351562,195.39999771118164
1767413817706,165.60000610351562,205.39999771118164
1767413817722,180.60000610351562,215.39999771118164
1767413817739,187.60000610351562,221.39999771118164
1767413817756,188.60000610351562,223.39999771118164
1767413817772,189.60000610351562,223.39999771118164
1767413817789,189.60000610351562,224.39999771118164
1767413817806,189.60000610351562,226.39999771118164
1767413817822,188.60000610351562,227.39999771118164
1767413817839,186.60000610351562,228.39999771118164
1767413817856,182.60000610351562,231.39999771118164
1767413817872,177.60000610351562,235.39999771118164
1767413817889,174.60000610351562,244.39999771118164
1767413817906,169.60000610351562,259.39999771118164
1767413817922,164.60000610351562,276.39999771118164
1767413817939,156.60000610351562,296.39999771118164
1767413817956,147.60000610351562,317.39999771118164
1767413817972,138.60000610351562,339.39999771118164
1767413817989,124.60000610351562,371.39999771118164
1767413818006,116.60000610351562,387.39999771118164
1767413818022,113.60000610351562,397.39999771118164
1767413818039,113.60000610351562,401.39999771118164
1767413818055,113.60000610351562,403.39999771118164
1767413818072,116.60000610351562,407.39999771118164
1767413818089,120.60000610351562,410.39999771118164
1767413818105,125.60000610351562,411.39999771118164
1767413818122,131.60000610351562,413.39999771118164
1767413818139,140.60000610351562,416.39999771118164
1767413818156,147.60000610351562,417.39999771118164
1767413818172,156.60000610351562,417.39999771118164
1767413818189,165.60000610351562,417.39999771118164
1767413818205,173.60000610351562,417.39999771118164
1767413818222,182.60000610351562,417.39999771118164
1767413818239,194.60000610351562,418.39999771118164
1767413818256,208.60000610351562,419.39999771118164
1767413818564,209.60000610351562,419.39999771118164
1767413818572,211.60000610351562,417.39999771118164
1767413818589,212.60000610351562,413.39999771118164
1767413818606,211.60000610351562,407.39999771118164
1767413818622,204.60000610351562,404.39999771118164
1767413818639,197.60000610351562,399.39999771118164
1767413818655,189.60000610351562,396.39999771118164
1767413818672,187.60000610351562,393.39999771118164
1767413818689,182.60000610351562,389.39999771118164
1767413818705,178.60000610351562,387.39999771118164
1767413818722,174.60000610351562,383.39999771118164
1767413818739,169.60000610351562,379.39999771118164
1767413818756,165.60000610351562,374.39999771118164
1767413818772,161.60000610351562,371.39999771118164
1767413818789,158.60000610351562,367.39999771118164
1767413818805,155.60000610351562,363.39999771118164
1767413818822,155.60000610351562,359.39999771118164
1767413818839,155.60000610351562,357.39999771118164
1767413818993,155.60000610351562,356.39999771118164
1767413819005,152.60000610351562,354.39999771118164
1767413819022,146.60000610351562,349.39999771118164
1767413819039,138.60000610351562,341.39999771118164
1767413819056,129.60000610351562,332.39999771118164
1767413819072,120.60000610351562,325.39999771118164
1767413819089,111.60000610351562,316.39999771118164
1767413819106,105.60000610351562,306.39999771118164
1767413819123,101.60000610351562,301.39999771118164
1767413819139,101.60000610351562,298.39999771118164
1767413819156,100.60000610351562,289.39999771118164
1767413819172,99.60000610351562,283.39999771118164
1767413819189,101.60000610351562,281.39999771118164
1767413819206,107.60000610351562,275.39999771118164
1767413819222,113.60000610351562,271.39999771118164
1767413819239,121.60000610351562,265.39999771118164
1767413819255,130.60000610351562,259.39999771118164
1767413819272,138.60000610351562,255.39999771118164
1767413819289,151.60000610351562,254.39999771118164
1767413819306,170.60000610351562,251.39999771118164
1767413819322,185.60000610351562,251.39999771118164
1767413819339,196.60000610351562,251.39999771118164
1767413819356,201.60000610351562,251.39999771118164
1767413819372,201.60000610351562,252.39999771118164
1767413819389,201.60000610351562,254.39999771118164
1767413819406,201.60000610351562,258.39999771118164
1767413819422,198.60000610351562,268.39999771118164
1767413819439,195.60000610351562,276.39999771118164
1767413819455,188.60000610351562,288.39999771118164
1767413819472,182.60000610351562,299.39999771118164
1767413819489,175.60000610351562,311.39999771118164
1767413819506,170.60000610351562,319.39999771118164
1767413819522,167.60000610351562,324.39999771118164
1767413819539,164.60000610351562,327.39999771118164
1767413819556,164.60000610351562,328.39999771118164
1767413819572,164.60000610351562,329.39999771118164
1767413819697,164.60000610351562,327.39999771118164
1767413819710,164.60000610351562,325.39999771118164
1767413819722,165.60000610351562,323.39999771118164
1767413819739,168.60000610351562,319.39999771118164
1767413819756,172.60000610351562,315.39999771118164
1767413819772,178.60000610351562,307.39999771118164
1767413819789,185.60000610351562,299.39999771118164
1767413819805,188.60000610351562,293.39999771118164
1767413819822,188.60000610351562,291.39999771118164
1767413819904,187.60000610351562,291.39999771118164
1767413819910,186.60000610351562,292.39999771118164
1767413819922,186.60000610351562,293.39999771118164
1767413819939,185.60000610351562,295.39999771118164
1767413819955,184.60000610351562,297.39999771118164
1767413819972,184.60000610351562,298.39999771118164
1767413819989,183.60000610351562,299.39999771118164
1767413820081,183.60000610351562,298.39999771118164
1767413820089,183.60000610351562,297.39999771118164
1767413820106,183.60000610351562,293.39999771118164
1767413820123,183.60000610351562,290.39999771118164
1767413820139,183.60000610351562,287.39999771118164
1767413820156,183.60000610351562,284.39999771118164
1767413820172,183.60000610351562,283.39999771118164
1767413820189,183.60000610351562,279.39999771118164
1767413820206,183.60000610351562,276.39999771118164
1767413820222,183.60000610351562,274.39999771118164
1767413820239,183.60000610351562,273.39999771118164
1767413820256,183.60000610351562,272.39999771118164
1767413820272,179.60000610351562,271.39999771118164
1767413820289,173.60000610351562,271.39999771118164
1767413820306,168.60000610351562,271.39999771118164
1767413820322,157.60000610351562,271.39999771118164
1767413820339,145.60000610351562,274.39999771118164
1767413820356,139.60000610351562,275.39999771118164
1767413820372,135.60000610351562,275.39999771118164
1767413820389,133.60000610351562,276.39999771118164
1767413820405,129.60000610351562,276.39999771118164
1767413820422,125.60000610351562,277.39999771118164
1767413820439,117.60000610351562,279.39999771118164
1767413820455,108.60000610351562,282.39999771118164
1767413820472,99.60000610351562,286.39999771118164
1767413820489,96.60000610351562,288.39999771118164
1767413820506,93.60000610351562,291.39999771118164
1767413820522,90.60000610351562,293.39999771118164
1767413820539,87.60000610351562,297.39999771118164
1767413820556,84.60000610351562,301.39999771118164
1767413820572,81.60000610351562,302.39999771118164
1767413820589,81.60000610351562,303.39999771118164
1767413820605,79.60000610351562,305.39999771118164
1767413820623,79.60000610351562,306.39999771118164
1767413820672,79.60000610351562,307.39999771118164
1767413820704,79.60000610351562,308.39999771118164
1767413820720,79.60000610351562,309.39999771118164
1767413820735,78.60000610351562,309.39999771118164
1767413820742,78.60000610351562,310.39999771118164
1767413820817,78.60000610351562,311.39999771118164
1767413821698,79.60000610351562,311.39999771118164
1767413821706,81.60000610351562,312.39999771118164
1767413821722,84.60000610351562,314.39999771118164
1767413821739,92.60000610351562,315.39999771118164
1767413821756,97.60000610351562,317.39999771118164
1767413821772,104.60000610351562,318.39999771118164
1767413821789,110.60000610351562,319.39999771118164
1767413821805,117.60000610351562,319.39999771118164
1767413821822,118.60000610351562,320.39999771118164
1767413821839,119.60000610351562,320.39999771118164
1767413821889,120.60000610351562,320.39999771118164
1767413821906,121.60000610351562,320.39999771118164
1767413821922,122.60000610351562,320.39999771118164
1767413821939,125.60000610351562,319.39999771118164
1767413821956,130.60000610351562,319.39999771118164
1767413821972,136.60000610351562,319.39999771118164
1767413821989,144.60000610351562,319.39999771118164
1767413822005,148.60000610351562,319.39999771118164
1767413822022,156.60000610351562,318.39999771118164
1767413822039,160.60000610351562,317.39999771118164
1767413822055,161.60000610351562,315.39999771118164
1767413822077,162.60000610351562,315.39999771118164
1767413822095,163.60000610351562,315.39999771118164
1767413822139,165.60000610351562,314.39999771118164
1767413822156,166.60000610351562,313.39999771118164
1767413822172,169.60000610351562,312.39999771118164
1767413822189,176.60000610351562,311.39999771118164
1767413822205,192.60000610351562,310.39999771118164
1767413822222,201.60000610351562,309.39999771118164
1767413822239,208.60000610351562,308.39999771118164
1767413822255,213.60000610351562,307.39999771118164
1767413822272,220.60000610351562,306.39999771118164
1767413822289,226.60000610351562,304.39999771118164
1767413822305,230.60000610351562,303.39999771118164
1767413822322,237.60000610351562,301.39999771118164
1767413822339,243.60000610351562,300.39999771118164
1767413822356,246.60000610351562,300.39999771118164
1767413822372,247.60000610351562,300.39999771118164
1767413822425,248.60000610351562,300.39999771118164
1767413822439,248.60000610351562,299.39999771118164
1767413822489,249.60000610351562,299.39999771118164
1767413822593,249.60000610351562,298.39999771118164
1767413822607,248.60000610351562,296.39999771118164
1767413822622,241.60000610351562,291.39999771118164
1767413822639,231.60000610351562,282.39999771118164
1767413822655,221.60000610351562,271.39999771118164
1767413822672,200.60000610351562,250.39999771118164
1767413822689,181.60000610351562,231.39999771118164
1767413822705,166.60000610351562,216.39999771118164
1767413822722,153.60000610351562,203.39999771118164
1767413822739,147.60000610351562,195.39999771118164
1767413822756,145.60000610351562,191.39999771118164
1767413822772,145.60000610351562,185.39999771118164
1767413822789,144.60000610351562,179.39999771118164
1767413822806,143.60000610351562,173.39999771118164
1767413822822,143.60000610351562,167.39999771118164
1767413822839,143.60000610351562,163.39999771118164
1767413822856,142.60000610351562,156.39999771118164
1767413822872,141.60000610351562,151.39999771118164
1767413822889,140.60000610351562,147.39999771118164
1767413822905,138.60000610351562,141.39999771118164
1767413822922,137.60000610351562,136.39999771118164
1767413822939,136.60000610351562,131.39999771118164
1767413822955,135.60000610351562,127.39999771118164
1767413822973,134.60000610351562,123.39999771118164
1767413822989,133.60000610351562,119.39999771118164
1767413823005,131.60000610351562,113.39999771118164
1767413823022,129.60000610351562,109.39999771118164
1767413823039,126.60000610351562,105.39999771118164
1767413823063,125.60000610351562,104.39999771118164
1767413823072,125.60000610351562,103.39999771118164
1767413823094,125.60000610351562,101.39999771118164
1767413823105,124.60000610351562,101.39999771118164
1767413823122,124.60000610351562,99.39999771118164
1767413823172,123.60000610351562,99.39999771118164
1767413823222,122.60000610351562,98.39999771118164
1767413823239,122.60000610351562,97.39999771118164
1767413823256,121.60000610351562,96.39999771118164
1767413823272,121.60000610351562,95.39999771118164
1767413823289,121.60000610351562,93.39999771118164
1767413823305,120.60000610351562,91.39999771118164
1767413823322,120.60000610351562,88.39999771118164
1767413823339,120.60000610351562,87.39999771118164
1767413823355,119.60000610351562,84.39999771118164
1767413823372,118.60000610351562,83.39999771118164
1767413823389,118.60000610351562,81.39999771118164
1767413823405,117.60000610351562,80.39999771118164
1767413823422,117.60000610351562,79.39999771118164
1767413823495,117.60000610351562,78.39999771118164
1767413823505,117.60000610351562,77.39999771118164
1767413823534,117.60000610351562,76.39999771118164
1767413823551,117.60000610351562,75.39999771118164
1767413823617,117.60000610351562,74.39999771118164
1767413823682,118.60000610351562,74.39999771118164
1767413823705,119.60000610351562,74.39999771118164
1767413823727,120.60000610351562,74.39999771118164
1767413823750,121.60000610351562,74.39999771118164
1767413823791,121.60000610351562,75.39999771118164
1767413823805,121.60000610351562,75.39999771118164
1767413823822,122.60000610351562,75.39999771118164
1767413823839,122.60000610351562,76.39999771118164
1767413823872,123.60000610351562,77.39999771118164
1767413823889,123.60000610351562,78.39999771118164
1767413823905,123.60000610351562,79.39999771118164
1767413823922,124.60000610351562,79.39999771118164
1767413823975,124.60000610351562,79.39999771118164
1767413823989,123.60000610351562,79.39999771118164
1767413824005,121.60000610351562,81.39999771118164
1767413824022,118.60000610351562,81.39999771118164
1767413824038,117.60000610351562,82.39999771118164
1767413824055,117.60000610351562,82.39999771118164
1767413824078,116.60000610351562,82.39999771118164
1767413824088,115.60000610351562,82.39999771118164
1767413824105,114.60000610351562,82.39999771118164
1767413824126,113.60000610351562,82.39999771118164
1767413824142,113.60000610351562,82.39999771118164
1767413824296,113.60000610351562,83.39999771118164
1767413824311,113.60000610351562,83.39999771118164
1767413824322,113.60000610351562,84.39999771118164
1767413824339,113.60000610351562,86.39999771118164
1767413824355,113.60000610351562,87.39999771118164
1767413824372,113.60000610351562,88.39999771118164
1767413824389,113.60000610351562,89.39999771118164
1767413824405,113.60000610351562,91.39999771118164
1767413824422,113.60000610351562,93.39999771118164
1767413824438,113.60000610351562,94.39999771118164
1767413824455,113.60000610351562,95.39999771118164
1767413824472,113.60000610351562,97.39999771118164
1767413824488,113.60000610351562,99.39999771118164
1767413824505,113.60000610351562,100.39999771118164
1767413824522,113.60000610351562,103.39999771118164
1767413824538,113.60000610351562,103.39999771118164
1767413824555,113.60000610351562,105.39999771118164
1767413824572,113.60000610351562,107.39999771118164
1767413824592,113.60000610351562,107.39999771118164
1767413824605,113.60000610351562,108.39999771118164
1767413824622,113.60000610351562,110.39999771118164
1767413824638,113.60000610351562,111.39999771118164
1767413824655,113.60000610351562,111.39999771118164
1767413824672,113.60000610351562,112.39999771118164
1767413824689,113.60000610351562,113.39999771118164
1767413824705,113.60000610351562,115.39999771118164
1767413824722,113.60000610351562,115.39999771118164
1767413824738,113.60000610351562,116.39999771118164
1767413824755,113.60000610351562,117.39999771118164
1767413824772,113.60000610351562,119.39999771118164
1767413824788,113.60000610351562,121.39999771118164
1767413824805,113.60000610351562,123.39999771118164
1767413824822,113.60000610351562,127.39999771118164
1767413824838,113.60000610351562,130.39999771118164
1767413824853,110.60000610351562,134.39999771118164
1767413824872,109.60000610351562,138.39999771118164
1767413824888,106.60000610351562,143.39999771118164
1767413824905,104.60000610351562,146.39999771118164
1767413824922,102.60000610351562,149.39999771118164
1767413824939,101.60000610351562,151.39999771118164
1767413824955,101.60000610351562,153.39999771118164
1767413824972,101.60000610351562,156.39999771118164
1767413824989,103.60000610351562,161.39999771118164
1767413825005,112.60000610351562,171.39999771118164
1767413825022,122.60000610351562,183.39999771118164
1767413825039,129.60000610351562,192.39999771118164
1767413825055,136.60000610351562,204.39999771118164
1767413825072,145.60000610351562,220.39999771118164
1767413825089,154.60000610351562,233.39999771118164
1767413825105,167.60000610351562,248.39999771118164
1767413825122,184.60000610351562,264.39999771118164
1767413825139,202.60000610351562,281.39999771118164
1767413825156,229.60000610351562,299.39999771118164
1767413825172,265.6000061035156,317.39999771118164
1767413825189,309.6000061035156,337.39999771118164
1767413825205,361.6000061035156,356.39999771118164
1767413825222,441.6000061035156,383.39999771118164
1767413825239,492.6000061035156,402.39999771118164
1767413825255,548.6000061035156,423.39999771118164
1767413825272,598.6000061035156,441.39999771118164
1767413825289,650.6000061035156,456.39999771118164
1767413825305,701.6000061035156,469.39999771118164
1767413825322,743.6000061035156,477.39999771118164
1767413825339,780.6000061035156,483.39999771118164
1767413825355,804.6000061035156,488.39999771118164
1767413825372,821.6000061035156,491.39999771118164
1767413825389,832.6000061035156,493.39999771118164
1767413825406,840.6000061035156,495.39999771118164
1767413825422,853.6000061035156,495.39999771118164
1767413825439,858.6000061035156,495.39999771118164
1767413825455,865.6000061035156,494.39999771118164
1767413825472,870.6000061035156,494.39999771118164
1767413825489,873.6000061035156,494.39999771118164
1767413825505,875.6000061035156,494.39999771118164
1767413825522,877.6000061035156,494.39999771118164
1767413825539,881.6000061035156,494.39999771118164
1767413825555,884.6000061035156,494.39999771118164
1767413825572,885.6000061035156,494.39999771118164
1767413825680,884.6000061035156,495.39999771118164
1767413825689,881.6000061035156,498.39999771118164
1767413825706,875.6000061035156,504.39999771118164
1767413825722,873.6000061035156,505.39999771118164
1767413825739,872.6000061035156,507.39999771118164
1767413825755,870.6000061035156,507.39999771118164
1767413825772,869.6000061035156,508.39999771118164
1767413825822,868.6000061035156,509.39999771118164
1767413825872,867.6000061035156,509.39999771118164
1767413825903,866.6000061035156,509.39999771118164
1767413826128,865.6000061035156,509.39999771118164
1767413826142,865.6000061035156,507.39999771118164
1767413826158,864.6000061035156,507.39999771118164
1767413826172,863.6000061035156,506.39999771118164
1767413826189,862.6000061035156,506.39999771118164
1767413826205,861.6000061035156,504.39999771118164
1767413826222,857.6000061035156,503.39999771118164
1767413826239,855.6000061035156,503.39999771118164
1767413826255,853.6000061035156,501.39999771118164
1767413826272,851.6000061035156,500.39999771118164
1767413826289,847.6000061035156,499.39999771118164
1767413826305,842.6000061035156,499.39999771118164
1767413826322,836.6000061035156,499.39999771118164
1767413826339,832.6000061035156,499.39999771118164
1767413826355,826.6000061035156,500.39999771118164
1767413826372,822.6000061035156,501.39999771118164
1767413826389,819.6000061035156,502.39999771118164
1767413826405,815.6000061035156,502.39999771118164
1767413826422,813.6000061035156,503.39999771118164
1767413826477,812.6000061035156,504.39999771118164
1767413826489,811.6000061035156,504.39999771118164
1767413826506,809.6000061035156,507.39999771118164
1767413826522,804.6000061035156,510.39999771118164
1767413826539,796.6000061035156,518.3999977111816
1767413826555,789.6000061035156,523.3999977111816
1767413826572,784.6000061035156,527.3999977111816
1767413826589,783.6000061035156,530.3999977111816
1767413826605,781.6000061035156,533.3999977111816
1767413826622,778.6000061035156,537.3999977111816
1767413826639,777.6000061035156,541.3999977111816
1767413826655,775.6000061035156,543.3999977111816
1767413826672,775.6000061035156,544.3999977111816
1767413826689,774.6000061035156,544.3999977111816
1767413826710,774.6000061035156,545.3999977111816
1767413826722,774.6000061035156,546.3999977111816
1767413826739,772.6000061035156,548.3999977111816
1767413826755,771.6000061035156,550.3999977111816
1767413826775,770.6000061035156,550.3999977111816
1767413826822,770.6000061035156,551.3999977111816
1767413826838,769.6000061035156,554.3999977111816
1767413826855,769.6000061035156,556.3999977111816
1767413826872,768.6000061035156,561.3999977111816
1767413826889,765.6000061035156,567.3999977111816
1767413826905,761.6000061035156,574.3999977111816
1767413826922,757.6000061035156,580.3999977111816
1767413826939,753.6000061035156,588.3999977111816
1767413826955,750.6000061035156,594.3999977111816
1767413826972,747.6000061035156,599.3999977111816
1767413826989,745.6000061035156,599.3999977111816
1767413828822,574.6000061035156,564.3999977111816
1767413828839,604.6000061035156,534.3999977111816
1767413828856,621.6000061035156,510.39999771118164
1767413828872,628.6000061035156,487.39999771118164
1767413828889,631.6000061035156,467.39999771118164
1767413828905,633.6000061035156,443.39999771118164
1767413828922,634.6000061035156,424.39999771118164
1767413828939,636.6000061035156,403.39999771118164
1767413828955,637.6000061035156,382.39999771118164
1767413828972,639.6000061035156,341.39999771118164
1767413828989,642.6000061035156,295.39999771118164
1767413829005,644.6000061035156,273.39999771118164
1767413829022,644.6000061035156,261.39999771118164
1767413829039,644.6000061035156,258.39999771118164
1767413829055,645.6000061035156,251.39999771118164
1767413829072,649.6000061035156,243.39999771118164
1767413829089,656.6000061035156,237.39999771118164
1767413829106,665.6000061035156,229.39999771118164
1767413829122,676.6000061035156,223.39999771118164
1767413829138,693.6000061035156,218.39999771118164
1767413829155,714.6000061035156,213.39999771118164
1767413829172,740.6000061035156,207.39999771118164
1767413829189,763.6000061035156,202.39999771118164
1767413829205,780.6000061035156,198.39999771118164
1767413829222,787.6000061035156,194.39999771118164
1767413829238,788.6000061035156,193.39999771118164
1767413829270,789.6000061035156,193.39999771118164
1767413829277,789.6000061035156,192.39999771118164
1767413829293,790.6000061035156,191.39999771118164
1767413829305,793.6000061035156,191.39999771118164
1767413829322,801.6000061035156,191.39999771118164
1767413829338,810.6000061035156,194.39999771118164
1767413829356,818.6000061035156,194.39999771118164
1767413829372,827.6000061035156,194.39999771118164
1767413829389,833.6000061035156,193.39999771118164
1767413829405,837.6000061035156,191.39999771118164
1767413829422,841.6000061035156,188.39999771118164
1767413829438,842.6000061035156,187.39999771118164
1767413829455,842.6000061035156,186.39999771118164
1767413829505,843.6000061035156,185.39999771118164
1767413829555,846.6000061035156,191.39999771118164
1767413829572,850.6000061035156,198.39999771118164
1767413829589,852.6000061035156,204.39999771118164
1767413829605,855.6000061035156,213.39999771118164
1767413829622,857.6000061035156,221.39999771118164
1767413829638,857.6000061035156,226.39999771118164
1767413829655,857.6000061035156,232.39999771118164
1767413829672,856.6000061035156,238.39999771118164
1767413829688,856.6000061035156,241.39999771118164
1767413829705,856.6000061035156,242.39999771118164
1767413829755,856.6000061035156,239.39999771118164
1767413829772,856.6000061035156,234.39999771118164
1767413829788,856.6000061035156,230.39999771118164
1767413829805,855.6000061035156,226.39999771118164
1767413829822,853.6000061035156,214.39999771118164
1767413829838,851.6000061035156,205.39999771118164
1767413829855,849.6000061035156,197.39999771118164
1767413829872,849.6000061035156,191.39999771118164
1767413829889,848.6000061035156,186.39999771118164
1767413829905,847.6000061035156,182.39999771118164
1767413829922,847.6000061035156,181.39999771118164
1767413829938,847.6000061035156,180.39999771118164
1767413829967,847.6000061035156,179.39999771118164
1767413829974,847.6000061035156,177.39999771118164
1767413829991,847.6000061035156,175.39999771118164
1767413830005,847.6000061035156,175.39999771118164
1767413830022,847.6000061035156,172.39999771118164
1767413830038,847.6000061035156,170.39999771118164
1767413830055,846.6000061035156,167.39999771118164
1767413830072,846.6000061035156,162.39999771118164
1767413830088,846.6000061035156,156.39999771118164
1767413830105,845.6000061035156,152.39999771118164
1767413830122,845.6000061035156,150.39999771118164
1767413830139,845.6000061035156,149.39999771118164
1767413830303,845.6000061035156,151.39999771118164
1767413830318,845.6000061035156,151.39999771118164
1767413830355,844.6000061035156,152.39999771118164
1767413830372,844.6000061035156,153.39999771118164
1767413830392,844.6000061035156,154.39999771118164
1767413830405,843.6000061035156,155.39999771118164
1767413830422,841.6000061035156,162.39999771118164
1767413830438,839.6000061035156,167.39999771118164
1767413830455,837.6000061035156,171.39999771118164
1767413830472,837.6000061035156,175.39999771118164
1767413830488,836.6000061035156,179.39999771118164
1767413830505,835.6000061035156,182.39999771118164
1767413830522,834.6000061035156,185.39999771118164
1767413830539,833.6000061035156,191.39999771118164
1767413830555,832.6000061035156,194.39999771118164
1767413830572,831.6000061035156,198.39999771118164
1767413830588,830.6000061035156,200.39999771118164
1767413830605,829.6000061035156,203.39999771118164
1767413830622,826.6000061035156,206.39999771118164
1767413830638,825.6000061035156,209.39999771118164
1767413830655,822.6000061035156,213.39999771118164
1767413830672,820.6000061035156,215.39999771118164
1767413830688,817.6000061035156,220.39999771118164
1767413830705,812.6000061035156,226.39999771118164
1767413830722,807.6000061035156,232.39999771118164
1767413830738,802.6000061035156,238.39999771118164
1767413830755,798.6000061035156,242.39999771118164
1767413830772,795.6000061035156,247.39999771118164
1767413830788,789.6000061035156,251.39999771118164
1767413830805,784.6000061035156,255.39999771118164
1767413830822,772.6000061035156,263.39999771118164
1767413830838,767.6000061035156,267.39999771118164
1767413830855,761.6000061035156,269.39999771118164
1767413830872,755.6000061035156,270.39999771118164
1767413830888,751.6000061035156,271.39999771118164
1767413830905,746.6000061035156,271.39999771118164
1767413830922,745.6000061035156,271.39999771118164
1767413830938,744.6000061035156,272.39999771118164
1767413830959,744.6000061035156,273.39999771118164
1767413830972,743.6000061035156,273.39999771118164
1767413830989,742.6000061035156,274.39999771118164
1767413831005,741.6000061035156,275.39999771118164
1767413831022,736.6000061035156,281.39999771118164
1767413831038,732.6000061035156,285.39999771118164
1767413831055,727.6000061035156,287.39999771118164
1767413831072,724.6000061035156,290.39999771118164
1767413831088,719.6000061035156,292.39999771118164
1767413831105,714.6000061035156,297.39999771118164
1767413831122,710.6000061035156,299.39999771118164
1767413831138,708.6000061035156,303.39999771118164
1767413831155,707.6000061035156,303.39999771118164
1767413831172,706.6000061035156,303.39999771118164
1767413831352,706.6000061035156,303.39999771118164
1767413831388,706.6000061035156,302.39999771118164
1767413831405,706.6000061035156,301.39999771118164
1767413831422,706.6000061035156,300.39999771118164
1767413831438,706.6000061035156,297.39999771118164
1767413831455,707.6000061035156,294.39999771118164
1767413831472,708.6000061035156,292.39999771118164
1767413831488,709.6000061035156,291.39999771118164
1767413831505,709.6000061035156,288.39999771118164
1767413831522,709.6000061035156,286.39999771118164
1767413831538,709.6000061035156,285.39999771118164
1767413831555,709.6000061035156,284.39999771118164
1767413831649,710.6000061035156,284.39999771118164
1767413831717,710.6000061035156,285.39999771118164
1767413831755,710.6000061035156,286.39999771118164
1767413831772,710.6000061035156,287.39999771118164
1767413831822,710.6000061035156,287.39999771118164
1767413831847,711.6000061035156,289.39999771118164
1767413831855,712.6000061035156,290.39999771118164
1767413831872,717.6000061035156,293.39999771118164
1767413831888,725.6000061035156,299.39999771118164
1767413831905,734.6000061035156,306.39999771118164
1767413831922,744.6000061035156,315.39999771118164
1767413831938,753.6000061035156,326.39999771118164
1767413831955,760.6000061035156,336.39999771118164
1767413831972,766.6000061035156,347.39999771118164
1767413831989,771.6000061035156,357.39999771118164
1767413832005,778.6000061035156,369.39999771118164
1767413832023,787.6000061035156,393.39999771118164
1767413832038,790.6000061035156,406.39999771118164
1767413832055,790.6000061035156,417.39999771118164
1767413832072,790.6000061035156,427.39999771118164
1767413832088,789.6000061035156,435.39999771118164
1767413832105,782.6000061035156,447.39999771118164
1767413832122,777.6000061035156,456.39999771118164
1767413832138,771.6000061035156,466.39999771118164
1767413832155,767.6000061035156,474.39999771118164
1767413832172,765.6000061035156,480.39999771118164
1767413832189,765.6000061035156,482.39999771118164
1767413832206,765.6000061035156,483.39999771118164
1767413832224,765.6000061035156,483.39999771118164
1767413832246,766.6000061035156,484.39999771118164
1767413832255,767.6000061035156,484.39999771118164
1767413832272,769.6000061035156,484.39999771118164
1767413832288,770.6000061035156,484.39999771118164
1767413832305,771.6000061035156,483.39999771118164
1767413832410,772.6000061035156,483.39999771118164
1767413832421,773.6000061035156,487.39999771118164
1767413832439,773.6000061035156,488.39999771118164
1767413832455,773.6000061035156,491.39999771118164
1767413832472,773.6000061035156,493.39999771118164
1767413832488,773.6000061035156,496.39999771118164
1767413832505,773.6000061035156,497.39999771118164
1767413832522,773.6000061035156,499.39999771118164
1767413832538,772.6000061035156,499.39999771118164
1767413832555,771.6000061035156,502.39999771118164
1767413832572,771.6000061035156,503.39999771118164
1767413832589,771.6000061035156,506.39999771118164
1767413832605,771.6000061035156,507.39999771118164
1767413832622,771.6000061035156,507.39999771118164
1767413832672,771.6000061035156,509.39999771118164
1767413832688,771.6000061035156,510.39999771118164
1767413832770,771.6000061035156,508.39999771118164
1767413832774,771.6000061035156,507.39999771118164
1767413832788,770.6000061035156,504.39999771118164
1767413832805,769.6000061035156,498.39999771118164
1767413832822,764.6000061035156,483.39999771118164
1767413832838,762.6000061035156,475.39999771118164
1767413832855,761.6000061035156,466.39999771118164
1767413832872,758.6000061035156,457.39999771118164
1767413832888,756.6000061035156,447.39999771118164
1767413832905,754.6000061035156,437.39999771118164
1767413832922,753.6000061035156,427.39999771118164
1767413832938,751.6000061035156,417.39999771118164
1767413832955,750.6000061035156,411.39999771118164
1767413832972,749.6000061035156,403.39999771118164
1767413832988,749.6000061035156,396.39999771118164
1767413833005,749.6000061035156,389.39999771118164
1767413833021,749.6000061035156,381.39999771118164
1767413833038,748.6000061035156,375.39999771118164
1767413833055,747.6000061035156,370.39999771118164
1767413833072,746.6000061035156,366.39999771118164
1767413833088,745.6000061035156,362.39999771118164
1767413833105,745.6000061035156,359.39999771118164
1767413833122,745.6000061035156,355.39999771118164
1767413833138,744.6000061035156,353.39999771118164
1767413833155,743.6000061035156,351.39999771118164
1767413833172,742.6000061035156,347.39999771118164
1767413833189,742.6000061035156,346.39999771118164
1767413833205,741.6000061035156,343.39999771118164
1767413833222,741.6000061035156,341.39999771118164
1767413833238,741.6000061035156,337.39999771118164
1767413833255,740.6000061035156,333.39999771118164
1767413833272,740.6000061035156,331.39999771118164
1767413833288,740.6000061035156,329.39999771118164
1767413833305,740.6000061035156,327.39999771118164
1767413833322,740.6000061035156,325.39999771118164
1767413833342,740.6000061035156,324.39999771118164
1767413833539,740.6000061035156,324.39999771118164
1767413833555,741.6000061035156,326.39999771118164
1767413833571,741.6000061035156,327.39999771118164
1767413833588,741.6000061035156,330.39999771118164
1767413833605,743.6000061035156,334.39999771118164
1767413833621,745.6000061035156,338.39999771118164
1767413833638,748.6000061035156,346.39999771118164
1767413833655,750.6000061035156,351.39999771118164
1767413833671,753.6000061035156,356.39999771118164
1767413833688,756.6000061035156,365.39999771118164
1767413833705,758.6000061035156,371.39999771118164
1767413833722,761.6000061035156,376.39999771118164
1767413833738,763.6000061035156,382.39999771118164
1767413833755,765.6000061035156,387.39999771118164
1767413833771,765.6000061035156,391.39999771118164
1767413833788,766.6000061035156,395.39999771118164
1767413833805,766.6000061035156,401.39999771118164
1767413833821,766.6000061035156,404.39999771118164
1767413833838,766.6000061035156,407.39999771118164
1767413833855,766.6000061035156,411.39999771118164
1767413833871,765.6000061035156,414.39999771118164
1767413833888,764.6000061035156,416.39999771118164
1767413833905,763.6000061035156,418.39999771118164
1767413833921,762.6000061035156,419.39999771118164
1767413833938,761.6000061035156,421.39999771118164
1767413833955,760.6000061035156,423.39999771118164
1767413833972,759.6000061035156,424.39999771118164
1767413833988,758.6000061035156,426.39999771118164
1767413834005,757.6000061035156,428.39999771118164
1767413834021,757.6000061035156,429.39999771118164
1767413834038,757.6000061035156,430.39999771118164
1767413834055,757.6000061035156,431.39999771118164
1767413834078,757.6000061035156,431.39999771118164
1767413834094,757.6000061035156,432.39999771118164
1767413834105,757.6000061035156,433.39999771118164
1767413834122,757.6000061035156,436.39999771118164
1767413834138,758.6000061035156,439.39999771118164
1767413834155,761.6000061035156,442.39999771118164
1767413834171,763.6000061035156,444.39999771118164
1767413834188,765.6000061035156,447.39999771118164
1767413834205,766.6000061035156,448.39999771118164
1767413834221,767.6000061035156,450.39999771118164
1767413834238,768.6000061035156,451.39999771118164
1767413834255,769.6000061035156,454.39999771118164
1767413834272,769.6000061035156,458.39999771118164
1767413834288,769.6000061035156,460.39999771118164
1767413834305,769.6000061035156,465.39999771118164
1767413834321,768.6000061035156,467.39999771118164
1767413834338,767.6000061035156,471.39999771118164
1767413834355,766.6000061035156,475.39999771118164
1767413834371,766.6000061035156,479.39999771118164
1767413834388,765.6000061035156,483.39999771118164
1767413834405,765.6000061035156,486.39999771118164
1767413834421,766.6000061035156,492.39999771118164
1767413834438,768.6000061035156,496.39999771118164
1767413834455,769.6000061035156,498.39999771118164
1767413834471,770.6000061035156,501.39999771118164
1767413834488,772.6000061035156,504.39999771118164
1767413834505,773.6000061035156,507.39999771118164
1767413834522,775.6000061035156,509.39999771118164
1767413834538,776.6000061035156,511.39999771118164
1767413834555,776.6000061035156,511.39999771118164
1767413834571,777.6000061035156,514.3999977111816
1767413834588,777.6000061035156,515.3999977111816
1767413834605,777.6000061035156,519.3999977111816
1767413834621,777.6000061035156,521.3999977111816
1767413834638,778.6000061035156,523.3999977111816
1767413834655,778.6000061035156,523.3999977111816
1767413834671,778.6000061035156,524.3999977111816
1767413834688,778.6000061035156,525.3999977111816
1767413834721,778.6000061035156,526.3999977111816
1767413834770,778.6000061035156,519.3999977111816
1767413834788,778.6000061035156,514.3999977111816
1767413834805,778.6000061035156,507.39999771118164
1767413834822,781.6000061035156,482.39999771118164
1767413834838,785.6000061035156,464.39999771118164
1767413834855,789.6000061035156,449.39999771118164
1767413834872,793.6000061035156,434.39999771118164
1767413834888,797.6000061035156,416.39999771118164
1767413834905,797.6000061035156,401.39999771118164
1767413834922,797.6000061035156,387.39999771118164
1767413834938,797.6000061035156,375.39999771118164
1767413834955,797.6000061035156,367.39999771118164
1767413834972,797.6000061035156,361.39999771118164
1767413834988,797.6000061035156,356.39999771118164
1767413835005,798.6000061035156,352.39999771118164
1767413835022,799.6000061035156,347.39999771118164
1767413835038,801.6000061035156,345.39999771118164
1767413835055,801.6000061035156,343.39999771118164
1767413835072,804.6000061035156,339.39999771118164
1767413835088,805.6000061035156,338.39999771118164
1767413835105,805.6000061035156,336.39999771118164
1767413835122,806.6000061035156,335.39999771118164
1767413835138,807.6000061035156,334.39999771118164
1767413835155,808.6000061035156,332.39999771118164
1767413835172,809.6000061035156,331.39999771118164
1767413835188,809.6000061035156,331.39999771118164
1767413835205,809.6000061035156,330.39999771118164
1767413835222,809.6000061035156,329.39999771118164
1767413835238,810.6000061035156,328.39999771118164
1767413835255,811.6000061035156,327.39999771118164
1767413835344,811.6000061035156,326.39999771118164
1767413835367,811.6000061035156,325.39999771118164
1767413835383,811.6000061035156,324.39999771118164
1767413835560,809.6000061035156,324.39999771118164
1767413835575,808.6000061035156,326.39999771118164
1767413835588,806.6000061035156,327.39999771118164
1767413835605,803.6000061035156,333.39999771118164
1767413835621,801.6000061035156,336.39999771118164
1767413835638,800.6000061035156,341.39999771118164
1767413835655,799.6000061035156,345.39999771118164
1767413835671,798.6000061035156,349.39999771118164
1767413835688,798.6000061035156,353.39999771118164
1767413835705,798.6000061035156,356.39999771118164
1767413835721,801.6000061035156,360.39999771118164
1767413835738,805.6000061035156,365.39999771118164
1767413835755,808.6000061035156,369.39999771118164
1767413835771,811.6000061035156,371.39999771118164
1767413835788,813.6000061035156,374.39999771118164
1767413835804,815.6000061035156,376.39999771118164
1767413835821,815.6000061035156,379.39999771118164
1767413835838,815.6000061035156,380.39999771118164
1767413835855,815.6000061035156,384.39999771118164
1767413835871,815.6000061035156,387.39999771118164
1767413835888,813.6000061035156,394.39999771118164
1767413835905,810.6000061035156,399.39999771118164
1767413835921,808.6000061035156,405.39999771118164
1767413835938,805.6000061035156,409.39999771118164
1767413835955,803.6000061035156,415.39999771118164
1767413835971,802.6000061035156,418.39999771118164
1767413835988,801.6000061035156,423.39999771118164
1767413836004,801.6000061035156,426.39999771118164
1767413836021,801.6000061035156,427.39999771118164
1767413836038,801.6000061035156,429.39999771118164
1767413836055,801.6000061035156,432.39999771118164
1767413836071,804.6000061035156,437.39999771118164
1767413836088,806.6000061035156,440.39999771118164
1767413836105,809.6000061035156,443.39999771118164
1767413836121,811.6000061035156,446.39999771118164
1767413836138,813.6000061035156,448.39999771118164
1767413836155,814.6000061035156,450.39999771118164
1767413836171,815.6000061035156,453.39999771118164
1767413836188,815.6000061035156,455.39999771118164
1767413836205,816.6000061035156,459.39999771118164
1767413836221,815.6000061035156,462.39999771118164
1767413836238,814.6000061035156,465.39999771118164
1767413836255,813.6000061035156,469.39999771118164
1767413836271,812.6000061035156,473.39999771118164
1767413836288,810.6000061035156,477.39999771118164
1767413836305,809.6000061035156,479.39999771118164
1767413836321,809.6000061035156,482.39999771118164
1767413836338,809.6000061035156,484.39999771118164
1767413836355,808.6000061035156,486.39999771118164
1767413836371,808.6000061035156,487.39999771118164
1767413836388,808.6000061035156,490.39999771118164
1767413836405,807.6000061035156,491.39999771118164
1767413836421,806.6000061035156,495.39999771118164
1767413836438,805.6000061035156,496.39999771118164
1767413836455,805.6000061035156,498.39999771118164
1767413836471,805.6000061035156,499.39999771118164
1767413836488,805.6000061035156,502.39999771118164
1767413836505,805.6000061035156,503.39999771118164
1767413836521,805.6000061035156,503.39999771118164
1767413836538,805.6000061035156,504.39999771118164
1767413836555,805.6000061035156,505.39999771118164
1767413836571,805.6000061035156,506.39999771118164
1767413836588,805.6000061035156,507.39999771118164
1767413836605,805.6000061035156,508.39999771118164
1767413836622,804.6000061035156,509.39999771118164
1767413836638,803.6000061035156,510.39999771118164
1767413836655,802.6000061035156,511.39999771118164
1767413836671,801.6000061035156,513.3999977111816
1767413836688,799.6000061035156,515.3999977111816
1767413836705,799.6000061035156,516.3999977111816
1767413836721,799.6000061035156,517.3999977111816
1767413836738,798.6000061035156,518.3999977111816
1767413836755,798.6000061035156,519.3999977111816
1767413836788,798.6000061035156,519.3999977111816
1767413836805,798.6000061035156,520.3999977111816
1767413836821,798.6000061035156,521.3999977111816
1767413836838,799.6000061035156,523.3999977111816
1767413836855,800.6000061035156,523.3999977111816
1767413836871,800.6000061035156,524.3999977111816
1767413836888,800.6000061035156,525.3999977111816
1767413836905,800.6000061035156,527.3999977111816
1767413836921,800.6000061035156,527.3999977111816
1767413836938,800.6000061035156,528.3999977111816
1767413836955,800.6000061035156,529.3999977111816
1767413837124,800.6000061035156,527.3999977111816
1767413837138,800.6000061035156,523.3999977111816
1767413837143,800.6000061035156,519.3999977111816
1767413837155,799.6000061035156,514.3999977111816
1767413837172,799.6000061035156,501.39999771118164
1767413837188,799.6000061035156,486.39999771118164
1767413837205,799.6000061035156,467.39999771118164
1767413837222,799.6000061035156,446.39999771118164
1767413837238,802.6000061035156,411.39999771118164
1767413837255,805.6000061035156,387.39999771118164
1767413837271,808.6000061035156,368.39999771118164
1767413837288,810.6000061035156,349.39999771118164
1767413837305,813.6000061035156,333.39999771118164
1767413837322,815.6000061035156,319.39999771118164
1767413837338,817.6000061035156,309.39999771118164
1767413837355,820.6000061035156,295.39999771118164
1767413837372,824.6000061035156,280.39999771118164
1767413837388,829.6000061035156,262.39999771118164
1767413837405,834.6000061035156,249.39999771118164
1767413837422,839.6000061035156,238.39999771118164
1767413837438,843.6000061035156,229.39999771118164
1767413837455,845.6000061035156,223.39999771118164
1767413837472,846.6000061035156,218.39999771118164
1767413837488,846.6000061035156,215.39999771118164
1767413837505,847.6000061035156,214.39999771118164
1767413837610,847.6000061035156,213.39999771118164
1767413837622,847.6000061035156,212.39999771118164
1767413837638,847.6000061035156,206.39999771118164
1767413837655,847.6000061035156,199.39999771118164
1767413837672,847.6000061035156,192.39999771118164
1767413837688,846.6000061035156,186.39999771118164
1767413837705,846.6000061035156,180.39999771118164
1767413837722,846.6000061035156,176.39999771118164
1767413837738,846.6000061035156,174.39999771118164
1767413837755,846.6000061035156,173.39999771118164
1767413837772,846.6000061035156,171.39999771118164
1767413837789,846.6000061035156,171.39999771118164
1767413837805,846.6000061035156,170.39999771118164
1767413837822,846.6000061035156,169.39999771118164
1767413837840,846.6000061035156,168.39999771118164
1767413837961,846.6000061035156,167.39999771118164
1767413838033,846.6000061035156,166.39999771118164
1767413838039,845.6000061035156,166.39999771118164
1767413838055,845.6000061035156,165.39999771118164
1767413838087,845.6000061035156,164.39999771118164
1767413838150,845.6000061035156,163.39999771118164
1767413838158,845.6000061035156,162.39999771118164
1767413838171,845.6000061035156,161.39999771118164
1767413838188,845.6000061035156,160.39999771118164
1767413838207,844.6000061035156,159.39999771118164
1767413838222,844.6000061035156,159.39999771118164
1767413838238,844.6000061035156,156.39999771118164
1767413838255,843.6000061035156,151.39999771118164
1767413838272,842.6000061035156,148.39999771118164
1767413838288,841.6000061035156,145.39999771118164
1767413838305,841.6000061035156,144.39999771118164
1767413838321,841.6000061035156,143.39999771118164
1767413838338,841.6000061035156,142.39999771118164
1767413838389,841.6000061035156,141.39999771118164
1767413838405,841.6000061035156,140.39999771118164
1767413838464,841.6000061035156,139.39999771118164
1767413838505,840.6000061035156,138.39999771118164
1767413838522,840.6000061035156,137.39999771118164
1767413838538,840.6000061035156,136.39999771118164
1767413838598,840.6000061035156,138.39999771118164
1767413838606,840.6000061035156,139.39999771118164
1767413838621,840.6000061035156,144.39999771118164
1767413838638,840.6000061035156,148.39999771118164
1767413838655,840.6000061035156,155.39999771118164
1767413838671,841.6000061035156,160.39999771118164
1767413838688,841.6000061035156,164.39999771118164
1767413838704,841.6000061035156,170.39999771118164
1767413838721,843.6000061035156,175.39999771118164
1767413838738,846.6000061035156,183.39999771118164
1767413838755,848.6000061035156,187.39999771118164
1767413838771,849.6000061035156,191.39999771118164
1767413838788,852.6000061035156,195.39999771118164
1767413838804,853.6000061035156,196.39999771118164
1767413838821,854.6000061035156,199.39999771118164
1767413838838,854.6000061035156,202.39999771118164
1767413838855,854.6000061035156,203.39999771118164
1767413838871,855.6000061035156,204.39999771118164
1767413838888,855.6000061035156,206.39999771118164
1767413838905,855.6000061035156,208.39999771118164
1767413838921,855.6000061035156,211.39999771118164
1767413838938,855.6000061035156,214.39999771118164
1767413838954,853.6000061035156,217.39999771118164
1767413838971,853.6000061035156,221.39999771118164
1767413838988,852.6000061035156,225.39999771118164
1767413839005,851.6000061035156,229.39999771118164
1767413839021,851.6000061035156,231.39999771118164
1767413839038,851.6000061035156,234.39999771118164
1767413839054,851.6000061035156,238.39999771118164
1767413839071,852.6000061035156,240.39999771118164
1767413839088,853.6000061035156,242.39999771118164
1767413839104,854.6000061035156,243.39999771118164
1767413839121,854.6000061035156,245.39999771118164
1767413839138,855.6000061035156,247.39999771118164
1767413839154,857.6000061035156,249.39999771118164
1767413839171,857.6000061035156,252.39999771118164
1767413839188,857.6000061035156,256.39999771118164
1767413839205,857.6000061035156,260.39999771118164
1767413839221,857.6000061035156,268.39999771118164
1767413839238,857.6000061035156,275.39999771118164
1767413839255,857.6000061035156,280.39999771118164
1767413839271,857.6000061035156,287.39999771118164
1767413839288,857.6000061035156,291.39999771118164
1767413839305,857.6000061035156,295.39999771118164
1767413839321,857.6000061035156,299.39999771118164
1767413839338,857.6000061035156,302.39999771118164
1767413839354,857.6000061035156,304.39999771118164
1767413839371,857.6000061035156,306.39999771118164
1767413839405,857.6000061035156,307.39999771118164
1767413839514,856.6000061035156,307.39999771118164
1767413839521,854.6000061035156,304.39999771118164
1767413839538,850.6000061035156,301.39999771118164
1767413839555,843.6000061035156,295.39999771118164
1767413839572,833.6000061035156,286.39999771118164
1767413839588,822.6000061035156,277.39999771118164
1767413839605,804.6000061035156,263.39999771118164
1767413839622,782.6000061035156,247.39999771118164
1767413839638,757.6000061035156,224.39999771118164
1767413839655,741.6000061035156,208.39999771118164
1767413839671,733.6000061035156,194.39999771118164
1767413839688,727.6000061035156,182.39999771118164
1767413839705,725.6000061035156,172.39999771118164
1767413839721,725.6000061035156,164.39999771118164
1767413839738,725.6000061035156,159.39999771118164
1767413839755,726.6000061035156,152.39999771118164
1767413839772,727.6000061035156,150.39999771118164
1767413839788,728.6000061035156,144.39999771118164
1767413839805,729.6000061035156,142.39999771118164
1767413839822,729.6000061035156,140.39999771118164
1767413839838,729.6000061035156,138.39999771118164
1767413839855,729.6000061035156,134.39999771118164
1767413839871,728.6000061035156,132.39999771118164
1767413839888,728.6000061035156,131.39999771118164
1767413839966,728.6000061035156,130.39999771118164
1767413840071,728.6000061035156,131.39999771118164
1767413840088,727.6000061035156,135.39999771118164
1767413840104,725.6000061035156,139.39999771118164
1767413840121,724.6000061035156,144.39999771118164
1767413840138,721.6000061035156,151.39999771118164
1767413840155,721.6000061035156,155.39999771118164
1767413840172,718.6000061035156,163.39999771118164
1767413840188,717.6000061035156,169.39999771118164
1767413840204,716.6000061035156,175.39999771118164
1767413840221,716.6000061035156,179.39999771118164
1767413840239,716.6000061035156,187.39999771118164
1767413840254,716.6000061035156,189.39999771118164
1767413840271,716.6000061035156,191.39999771118164
1767413840288,716.6000061035156,194.39999771118164
1767413840304,716.6000061035156,196.39999771118164
1767413840321,717.6000061035156,198.39999771118164
1767413840338,717.6000061035156,201.39999771118164
1767413840354,717.6000061035156,203.39999771118164
1767413840371,717.6000061035156,206.39999771118164
1767413840388,717.6000061035156,209.39999771118164
1767413840404,717.6000061035156,211.39999771118164
1767413840421,716.6000061035156,217.39999771118164
1767413840438,714.6000061035156,220.39999771118164
1767413840454,713.6000061035156,223.39999771118164
1767413840471,711.6000061035156,227.39999771118164
1767413840488,709.6000061035156,231.39999771118164
1767413840504,708.6000061035156,234.39999771118164
1767413840521,708.6000061035156,236.39999771118164
1767413840538,707.6000061035156,238.39999771118164
1767413840554,707.6000061035156,240.39999771118164
1767413840571,707.6000061035156,242.39999771118164
1767413840588,707.6000061035156,244.39999771118164
1767413840604,707.6000061035156,247.39999771118164
1767413840621,708.6000061035156,251.39999771118164
1767413840638,709.6000061035156,255.39999771118164
1767413840654,710.6000061035156,258.39999771118164
1767413840671,711.6000061035156,261.39999771118164
1767413840688,713.6000061035156,267.39999771118164
1767413840704,713.6000061035156,270.39999771118164
1767413840721,713.6000061035156,274.39999771118164
1767413840738,713.6000061035156,277.39999771118164
1767413840754,713.6000061035156,279.39999771118164
1767413840771,713.6000061035156,282.39999771118164
1767413840788,712.6000061035156,285.39999771118164
1767413840804,711.6000061035156,287.39999771118164
1767413840821,710.6000061035156,291.39999771118164
1767413840838,709.6000061035156,292.39999771118164
1767413840854,709.6000061035156,295.39999771118164
1767413840871,709.6000061035156,296.39999771118164
1767413840888,709.6000061035156,298.39999771118164
1767413840904,709.6000061035156,300.39999771118164
1767413840921,709.6000061035156,303.39999771118164
1767413840938,709.6000061035156,306.39999771118164
1767413840954,710.6000061035156,307.39999771118164
1767413840971,710.6000061035156,308.39999771118164
1767413840988,710.6000061035156,309.39999771118164
1767413841019,711.6000061035156,309.39999771118164
1767413841171,711.6000061035156,309.39999771118164
1767413841233,712.6000061035156,309.39999771118164
1767413841238,713.6000061035156,309.39999771118164
1767413841254,713.6000061035156,308.39999771118164
1767413841271,715.6000061035156,307.39999771118164
1767413841288,720.6000061035156,307.39999771118164
1767413841305,727.6000061035156,307.39999771118164
1767413841321,733.6000061035156,307.39999771118164
1767413841338,747.6000061035156,307.39999771118164
1767413841355,765.6000061035156,307.39999771118164
1767413841371,787.6000061035156,307.39999771118164
1767413841388,809.6000061035156,307.39999771118164
1767413841405,829.6000061035156,307.39999771118164
1767413841421,852.6000061035156,307.39999771118164
1767413841438,862.6000061035156,303.39999771118164
1767413841455,865.6000061035156,300.39999771118164
1767413841472,867.6000061035156,295.39999771118164
1767413841488,867.6000061035156,291.39999771118164
1767413841505,867.6000061035156,284.39999771118164
1767413841522,868.6000061035156,278.39999771118164
1767413841538,869.6000061035156,270.39999771118164
1767413841555,869.6000061035156,263.39999771118164
1767413841571,870.6000061035156,259.39999771118164
1767413841588,871.6000061035156,255.39999771118164
1767413841605,872.6000061035156,248.39999771118164
1767413841621,872.6000061035156,242.39999771118164
1767413841638,872.6000061035156,240.39999771118164
1767413841655,873.6000061035156,237.39999771118164
1767413841686,874.6000061035156,237.39999771118164
1767413841694,874.6000061035156,236.39999771118164
1767413841705,876.6000061035156,236.39999771118164
1767413841722,881.6000061035156,235.39999771118164
1767413841738,891.6000061035156,237.39999771118164
1767413842205,886.6000061035156,553.3999977111816
1767413842222,869.6000061035156,559.3999977111816
1767413842238,852.6000061035156,565.3999977111816
1767413842255,833.6000061035156,571.3999977111816
1767413842271,823.6000061035156,575.3999977111816
1767413842288,816.6000061035156,578.3999977111816
1767413842305,813.6000061035156,580.3999977111816
1767413842321,812.6000061035156,582.3999977111816
1767413842338,811.6000061035156,583.3999977111816
1767413842355,810.6000061035156,584.3999977111816
1767413842371,809.6000061035156,587.3999977111816
1767413842388,809.6000061035156,591.3999977111816
1767413842405,808.6000061035156,593.3999977111816
1767413842421,808.6000061035156,599.3999977111816
-1,-1,-1
1767413810063,112.60000610351562,86.39999771118164
1767413810197,111.60000610351562,86.39999771118164
1767413810219,110.60000610351562,86.39999771118164
1767413810230,110.60000610351562,85.39999771118164
1767413810239,109.60000610351562,84.39999771118164
1767413810256,109.60000610351562,83.39999771118164
1767413810272,109.60000610351562,82.39999771118164
1767413810289,109.60000610351562,80.39999771118164
1767413810310,109.60000610351562,79.39999771118164
1767413810322,109.60000610351562,79.39999771118164
1767413810339,110.60000610351562,78.39999771118164
1767413810356,111.60000610351562,77.39999771118164
1767413810383,111.60000610351562,76.39999771118164
1767413810406,112.60000610351562,76.39999771118164
1767413810456,113.60000610351562,76.39999771118164
1767413810472,114.60000610351562,78.39999771118164
1767413810489,115.60000610351562,79.39999771118164
1767413810506,117.60000610351562,79.39999771118164
1767413810535,117.60000610351562,80.39999771118164
1767413810550,118.60000610351562,80.39999771118164
1767413810572,119.60000610351562,82.39999771118164
1767413810589,120.60000610351562,82.39999771118164
1767413810606,121.60000610351562,83.39999771118164
1767413810622,121.60000610351562,83.39999771118164
1767413810673,121.60000610351562,84.39999771118164
1767413810689,121.60000610351562,85.39999771118164
1767413810722,121.60000610351562,86.39999771118164
1767413810777,120.60000610351562,86.39999771118164
1767413810790,119.60000610351562,86.39999771118164
1767413810806,117.60000610351562,86.39999771118164
1767413810822,117.60000610351562,86.39999771118164
1767413810839,116.60000610351562,86.39999771118164
1767413810862,115.60000610351562,86.39999771118164
1767413810872,114.60000610351562,86.39999771118164
1767413810889,113.60000610351562,86.39999771118164
1767413810906,113.60000610351562,86.39999771118164
1767413810922,112.60000610351562,86.39999771118164
1767413810939,111.60000610351562,86.39999771118164
1767413810956,109.60000610351562,86.39999771118164
1767413810972,108.60000610351562,86.39999771118164
1767413810989,107.60000610351562,85.39999771118164
1767413811006,105.60000610351562,84.39999771118164
1767413811056,105.60000610351562,83.39999771118164
1767413811072,105.60000610351562,83.39999771118164
1767413811123,105.60000610351562,82.39999771118164
1767413811147,106.60000610351562,82.39999771118164
1767413811189,107.60000610351562,82.39999771118164
1767413811206,109.60000610351562,82.39999771118164
1767413811230,109.60000610351562,82.39999771118164
1767413811239,110.60000610351562,82.39999771118164
1767413811256,111.60000610351562,83.39999771118164
1767413811273,112.60000610351562,83.39999771118164
1767413811289,113.60000610351562,83.39999771118164
1767413811306,113.60000610351562,84.39999771118164
1767413811356,113.60000610351562,85.39999771118164
1767413811547,113.60000610351562,86.39999771118164
1767413811578,112.60000610351562,86.39999771118164
1767413813256,91.60000610351562,127.39999771118164
1767413813324,93.60000610351562,127.39999771118164
1767413813339,97.60000610351562,128.39999771118164
1767413813356,100.60000610351562,128.39999771118164
1767413813372,105.60000610351562,128.39999771118164
1767413813389,110.60000610351562,128.39999771118164
1767413813406,113.60000610351562,128.39999771118164
1767413813422,116.60000610351562,129.39999771118164
1767413813439,120.60000610351562,130.39999771118164
1767413813456,124.60000610351562,130.39999771118164
1767413813472,128.60000610351562,131.39999771118164
1767413813489,131.60000610351562,131.39999771118164
1767413813506,133.60000610351562,133.39999771118164
1767413813522,135.60000610351562,134.39999771118164
1767413813543,136.60000610351562,135.39999771118164
1767413813556,137.60000610351562,135.39999771118164
1767413813572,137.60000610351562,136.39999771118164
1767413813589,139.60000610351562,138.39999771118164
1767413813606,140.60000610351562,139.39999771118164
1767413813622,141.60000610351562,140.39999771118164
1767413813639,141.60000610351562,141.39999771118164
1767413813656,141.60000610351562,143.39999771118164
1767413813672,141.60000610351562,143.39999771118164
1767413813689,141.60000610351562,144.39999771118164
1767413813706,141.60000610351562,146.39999771118164
1767413813722,141.60000610351562,147.39999771118164
1767413813739,139.60000610351562,148.39999771118164
1767413813756,137.60000610351562,148.39999771118164
1767413813772,136.60000610351562,150.39999771118164
1767413813789,133.60000610351562,151.39999771118164
1767413813806,128.60000610351562,152.39999771118164
1767413813822,125.60000610351562,152.39999771118164
1767413813839,125.60000610351562,153.39999771118164
1767413813856,123.60000610351562,153.39999771118164
1767413813872,122.60000610351562,154.39999771118164
1767413813889,120.60000610351562,154.39999771118164
1767413813906,118.60000610351562,154.39999771118164
1767413813922,116.60000610351562,154.39999771118164
1767413813939,114.60000610351562,154.39999771118164
1767413813956,111.60000610351562,154.39999771118164
1767413813973,109.60000610351562,154.39999771118164
1767413813989,108.60000610351562,153.39999771118164
1767413814006,106.60000610351562,152.39999771118164
1767413814022,105.60000610351562,152.39999771118164
1767413814039,104.60000610351562,152.39999771118164
1767413814056,102.60000610351562,151.39999771118164
1767413814072,101.60000610351562,150.39999771118164
1767413814089,99.60000610351562,149.39999771118164
1767413814106,98.60000610351562,148.39999771118164
1767413814122,97.60000610351562,146.39999771118164
1767413814139,95.60000610351562,143.39999771118164
1767413814156,93.60000610351562,141.39999771118164
1767413814172,93.60000610351562,139.39999771118164
1767413814189,92.60000610351562,135.39999771118164
1767413814205,92.60000610351562,133.39999771118164
1767413814222,92.60000610351562,131.39999771118164
1767413814239,95.60000610351562,127.39999771118164
1767413814255,99.60000610351562,125.39999771118164
1767413814272,102.60000610351562,125.39999771118164
1767413814289,105.60000610351562,124.39999771118164
1767413814306,109.60000610351562,124.39999771118164
1767413814322,112.60000610351562,124.39999771118164
1767413814339,117.60000610351562,125.39999771118164
1767413814356,121.60000610351562,126.39999771118164
1767413814372,123.60000610351562,128.39999771118164
1767413814389,125.60000610351562,130.39999771118164
1767413814406,127.60000610351562,131.39999771118164
1767413814422,128.60000610351562,132.39999771118164
1767413814456,128.60000610351562,134.39999771118164
1767413814472,128.60000610351562,135.39999771118164
1767413814489,127.60000610351562,136.39999771118164
1767413814506,125.60000610351562,138.39999771118164
1767413814522,120.60000610351562,141.39999771118164
1767413814539,117.60000610351562,142.39999771118164
1767413814556,113.60000610351562,143.39999771118164
1767413814572,110.60000610351562,145.39999771118164
1767413814622,109.60000610351562,145.39999771118164
1767413814642,109.60000610351562,145.39999771118164
1767413814659,108.60000610351562,145.39999771118164
1767413814672,105.60000610351562,144.39999771118164
1767413814689,103.60000610351562,143.39999771118164
1767413814706,101.60000610351562,142.39999771118164
1767413814722,98.60000610351562,139.39999771118164
1767413814739,97.60000610351562,139.39999771118164
1767413814772,97.60000610351562,137.39999771118164
1767413814789,96.60000610351562,136.39999771118164
1767413814806,97.60000610351562,132.39999771118164
1767413814822,101.60000610351562,131.39999771118164
1767413814839,105.60000610351562,131.39999771118164
1767413814856,108.60000610351562,131.39999771118164
1767413814872,109.60000610351562,131.39999771118164
1767413814889,111.60000610351562,132.39999771118164
1767413814906,113.60000610351562,134.39999771118164
1767413814922,114.60000610351562,135.39999771118164
1767413814939,115.60000610351562,137.39999771118164
1767413814955,117.60000610351562,139.39999771118164
1767413814972,117.60000610351562,139.39999771118164
1767413814989,117.60000610351562,142.39999771118164
1767413815006,115.60000610351562,143.39999771118164
1767413815022,112.60000610351562,145.39999771118164
1767413815039,109.60000610351562,147.39999771118164
1767413815056,105.60000610351562,147.39999771118164
1767413815072,105.60000610351562,147.39999771118164
1767413815089,103.60000610351562,147.39999771118164
1767413815106,101.60000610351562,147.39999771118164
1767413815122,100.60000610351562,145.39999771118164
1767413815139,98.60000610351562,145.39999771118164
1767413815155,98.60000610351562,144.39999771118164
1767413815175,98.60000610351562,143.39999771118164
1767413815189,98.60000610351562,142.39999771118164
1767413815206,102.60000610351562,140.39999771118164
1767413815222,109.60000610351562,138.39999771118164
1767413815239,119.60000610351562,137.39999771118164
1767413815256,126.60000610351562,137.39999771118164
1767413815272,129.60000610351562,137.39999771118164
1767413815289,130.60000610351562,138.39999771118164
1767413815306,131.60000610351562,139.39999771118164
1767413815322,132.60000610351562,141.39999771118164
1767413815339,133.60000610351562,143.39999771118164
1767413815356,133.60000610351562,145.39999771118164
1767413815372,131.60000610351562,148.39999771118164
1767413815389,128.60000610351562,151.39999771118164
1767413815405,125.60000610351562,151.39999771118164
1767413815422,121.60000610351562,152.39999771118164
1767413815439,117.60000610351562,152.39999771118164
1767413815455,113.60000610351562,152.39999771118164
1767413815472,110.60000610351562,152.39999771118164
1767413815489,109.60000610351562,151.39999771118164
1767413815505,108.60000610351562,151.39999771118164
1767413815522,107.60000610351562,150.39999771118164
1767413815539,105.60000610351562,148.39999771118164
1767413815556,105.60000610351562,147.39999771118164
1767413815572,105.60000610351562,146.39999771118164
1767413815589,107.60000610351562,143.39999771118164
1767413815606,113.60000610351562,140.39999771118164
1767413815622,121.60000610351562,139.39999771118164
1767413815639,125.60000610351562,139.39999771118164
1767413815655,129.60000610351562,139.39999771118164
1767413815711,129.60000610351562,140.39999771118164
1767413815726,129.60000610351562,141.39999771118164
1767413815739,129.60000610351562,143.39999771118164
1767413815756,129.60000610351562,145.39999771118164
1767413815772,129.60000610351562,147.39999771118164
1767413815789,127.60000610351562,149.39999771118164
1767413815807,126.60000610351562,150.39999771118164
1767413815822,124.60000610351562,150.39999771118164
1767413815839,120.60000610351562,151.39999771118164
1767413815855,116.60000610351562,151.39999771118164
1767413815872,113.60000610351562,151.39999771118164
1767413815889,112.60000610351562,151.39999771118164
1767413815906,109.60000610351562,150.39999771118164
1767413815922,109.60000610351562,150.39999771118164
1767413815939,107.60000610351562,148.39999771118164
1767413815955,107.60000610351562,147.39999771118164
1767413815972,107.60000610351562,146.39999771118164
1767413815989,107.60000610351562,143.39999771118164
1767413816005,109.60000610351562,142.39999771118164
1767413816022,113.60000610351562,141.39999771118164
1767413816039,117.60000610351562,141.39999771118164
1767413816055,119.60000610351562,141.39999771118164
1767413816072,121.60000610351562,141.39999771118164
1767413816089,122.60000610351562,143.39999771118164
1767413816106,124.60000610351562,143.39999771118164
1767413816122,125.60000610351562,146.39999771118164
1767413816139,126.60000610351562,147.39999771118164
1767413816155,126.60000610351562,150.39999771118164
1767413816172,127.60000610351562,151.39999771118164
1767413816189,127.60000610351562,154.39999771118164
1767413816205,124.60000610351562,157.39999771118164
1767413816222,122.60000610351562,159.39999771118164
1767413816239,118.60000610351562,159.39999771118164
1767413816256,113.60000610351562,162.39999771118164
1767413816272,109.60000610351562,163.39999771118164
1767413816289,106.60000610351562,163.39999771118164
1767413816306,104.60000610351562,164.39999771118164
1767413816322,102.60000610351562,164.39999771118164
1767413816339,101.60000610351562,163.39999771118164
1767413816355,97.60000610351562,161.39999771118164
1767413816372,93.60000610351562,158.39999771118164
1767413816389,91.60000610351562,155.39999771118164
1767413816405,89.60000610351562,154.39999771118164
1767413816422,88.60000610351562,153.39999771118164
1767413816439,86.60000610351562,152.39999771118164
1767413816455,85.60000610351562,151.39999771118164
1767413816472,85.60000610351562,150.39999771118164
1767413816489,84.60000610351562,147.39999771118164
1767413816505,84.60000610351562,146.39999771118164
1767413816522,84.60000610351562,143.39999771118164
1767413816539,84.60000610351562,142.39999771118164
1767413816556,85.60000610351562,140.39999771118164
1767413816572,87.60000610351562,139.39999771118164
1767413816589,94.60000610351562,139.39999771118164
1767413816606,100.60000610351562,139.39999771118164
1767413816622,106.60000610351562,140.39999771118164
1767413816639,112.60000610351562,142.39999771118164
1767413816656,117.60000610351562,143.39999771118164
1767413816672,120.60000610351562,144.39999771118164
1767413816689,121.60000610351562,145.39999771118164
1767413816705,121.60000610351562,146.39999771118164
1767413816722,122.60000610351562,147.39999771118164
1767413816739,123.60000610351562,147.39999771118164
1767413816755,124.60000610351562,149.39999771118164
1767413816772,124.60000610351562,150.39999771118164
1767413816789,124.60000610351562,151.39999771118164
1767413816805,122.60000610351562,154.39999771118164
1767413816822,121.60000610351562,156.39999771118164
1767413816839,117.60000610351562,159.39999771118164
1767413816855,114.60000610351562,159.39999771118164
1767413816872,110.60000610351562,160.39999771118164
1767413816889,108.60000610351562,160.39999771118164
1767413816905,105.60000610351562,160.39999771118164
1767413816922,103.60000610351562,160.39999771118164
1767413816939,100.60000610351562,159.39999771118164
1767413816955,97.60000610351562,158.39999771118164
1767413816972,93.60000610351562,155.39999771118164
1767413816989,90.60000610351562,155.39999771118164
1767413817005,88.60000610351562,153.39999771118164
1767413817022,87.60000610351562,152.39999771118164
1767413817039,86.60000610351562,152.39999771118164
1767413817055,85.60000610351562,151.39999771118164
1767413817072,85.60000610351562,150.39999771118164
1767413817089,85.60000610351562,147.39999771118164
1767413817105,86.60000610351562,144.39999771118164
1767413817122,91.60000610351562,140.39999771118164
1767413817139,100.60000610351562,138.39999771118164
1767413817156,109.60000610351562,136.39999771118164
1767413817172,116.60000610351562,136.39999771118164
1767413817189,119.60000610351562,136.39999771118164
1767413817207,120.60000610351562,137.39999771118164
1767413817222,121.60000610351562,139.39999771118164
1767413817239,123.60000610351562,140.39999771118164
1767413817255,124.60000610351562,142.39999771118164
1767413817272,125.60000610351562,143.39999771118164
1767413817294,125.60000610351562,144.39999771118164
1767413817305,125.60000610351562,145.39999771118164
1767413817334,125.60000610351562,146.39999771118164
1767413817350,125.60000610351562,147.39999771118164
1767413817358,125.60000610351562,147.39999771118164
1767413817374,125.60000610351562,148.39999771118164
1767413817390,125.60000610351562,149.39999771118164
1767413817421,125.60000610351562,151.39999771118164
1767413823682,118.60000610351562,74.39999771118164
1767413823705,119.60000610351562,74.39999771118164
1767413823727,120.60000610351562,74.39999771118164
1767413823750,121.60000610351562,74.39999771118164
1767413823791,121.60000610351562,75.39999771118164
1767413823805,121.60000610351562,75.39999771118164
1767413823822,122.60000610351562,75.39999771118164
1767413823839,122.60000610351562,76.39999771118164
1767413823872,123.60000610351562,77.39999771118164
1767413823889,123.60000610351562,78.39999771118164
1767413823905,123.60000610351562,79.39999771118164
1767413823922,124.60000610351562,79.39999771118164
1767413823975,124.60000610351562,79.39999771118164
1767413823989,123.60000610351562,79.39999771118164
1767413824005,121.60000610351562,81.39999771118164
1767413824022,118.60000610351562,81.39999771118164
1767413824038,117.60000610351562,82.39999771118164
1767413824055,117.60000610351562,82.39999771118164
1767413824078,116.60000610351562,82.39999771118164
1767413824088,115.60000610351562,82.39999771118164
1767413824105,114.60000610351562,82.39999771118164
1767413824126,113.60000610351562,82.39999771118164
1767413824142,113.60000610351562,82.39999771118164
1767413824296,113.60000610351562,83.39999771118164
1767413824311,113.60000610351562,83.39999771118164
1767413824322,113.60000610351562,84.39999771118164
1767413824339,113.60000610351562,86.39999771118164
1767413824355,113.60000610351562,87.39999771118164
1767413824372,113.60000610351562,88.39999771118164
1767413824389,113.60000610351562,89.39999771118164
1767413824405,113.60000610351562,91.39999771118164
1767413824422,113.60000610351562,93.39999771118164
1767413824438,113.60000610351562,94.39999771118164
1767413824455,113.60000610351562,95.39999771118164
1767413824472,113.60000610351562,97.39999771118164
1767413824488,113.60000610351562,99.39999771118164
1767413824505,113.60000610351562,100.39999771118164
1767413824522,113.60000610351562,103.39999771118164
1767413824538,113.60000610351562,103.39999771118164
1767413824555,113.60000610351562,105.39999771118164
1767413824572,113.60000610351562,107.39999771118164
1767413824592,113.60000610351562,107.39999771118164
1767413824605,113.60000610351562,108.39999771118164
1767413824622,113.60000610351562,110.39999771118164
1767413824638,113.60000610351562,111.39999771118164
1767413824655,113.60000610351562,111.39999771118164
1767413824672,113.60000610351562,112.39999771118164
1767413824689,113.60000610351562,113.39999771118164
1767413824705,113.60000610351562,115.39999771118164
1767413824722,113.60000610351562,115.39999771118164
1767413824738,113.60000610351562,116.39999771118164
1767413824755,113.60000610351562,117.39999771118164
1767413824772,113.60000610351562,119.39999771118164
1767413824788,113.60000610351562,121.39999771118164
1767413824805,113.60000610351562,123.39999771118164
1767413824822,113.60000610351562,127.39999771118164
1767413824838,113.60000610351562,130.39999771118164
1767413824853,110.60000610351562,134.39999771118164
1767413833519,740.6000061035156,323.39999771118164
1767413833539,740.6000061035156,324.39999771118164
1767413833555,741.6000061035156,326.39999771118164
1767413833571,741.6000061035156,327.39999771118164
1767413833588,741.6000061035156,330.39999771118164
1767413833605,743.6000061035156,334.39999771118164
1767413833621,745.6000061035156,338.39999771118164
1767413833638,748.6000061035156,346.39999771118164
1767413833655,750.6000061035156,351.39999771118164
1767413833671,753.6000061035156,356.39999771118164
1767413833688,756.6000061035156,365.39999771118164
1767413833705,758.6000061035156,371.39999771118164
1767413833722,761.6000061035156,376.39999771118164
1767413833738,763.6000061035156,382.39999771118164
1767413833755,765.6000061035156,387.39999771118164
1767413833771,765.6000061035156,391.39999771118164
1767413833788,766.6000061035156,395.39999771118164
1767413833805,766.6000061035156,401.39999771118164
1767413833821,766.6000061035156,404.39999771118164
1767413833838,766.6000061035156,407.39999771118164
1767413833855,766.6000061035156,411.39999771118164
1767413833871,765.6000061035156,414.39999771118164
1767413833888,764.6000061035156,416.39999771118164
1767413833905,763.6000061035156,418.39999771118164
1767413833921,762.6000061035156,419.39999771118164
1767413833938,761.6000061035156,421.39999771118164
1767413833955,760.6000061035156,423.39999771118164
1767413833972,759.6000061035156,424.39999771118164
1767413833988,758.6000061035156,426.39999771118164
1767413834005,757.6000061035156,428.39999771118164
1767413834021,757.6000061035156,429.39999771118164
1767413834038,757.6000061035156,430.39999771118164
1767413834055,757.6000061035156,431.39999771118164
1767413834078,757.6000061035156,431.39999771118164
1767413834094,757.6000061035156,432.39999771118164
1767413834105,757.6000061035156,433.39999771118164
1767413834122,757.6000061035156,436.39999771118164
1767413834138,758.6000061035156,439.39999771118164
1767413834155,761.6000061035156,442.39999771118164
1767413834171,763.6000061035156,444.39999771118164
1767413834188,765.6000061035156,447.39999771118164
1767413834205,766.6000061035156,448.39999771118164
1767413834221,767.6000061035156,450.39999771118164
1767413834238,768.6000061035156,451.39999771118164
1767413834255,769.6000061035156,454.39999771118164
1767413834272,769.6000061035156,458.39999771118164
1767413834288,769.6000061035156,460.39999771118164
1767413834305,769.6000061035156,465.39999771118164
1767413834321,768.6000061035156,467.39999771118164
1767413834338,767.6000061035156,471.39999771118164
1767413834355,766.6000061035156,475.39999771118164
1767413834371,766.6000061035156,479.39999771118164
1767413834388,765.6000061035156,483.39999771118164
1767413834405,765.6000061035156,486.39999771118164
1767413834421,766.6000061035156,492.39999771118164
1767413834438,768.6000061035156,496.39999771118164
1767413834455,769.6000061035156,498.39999771118164
1767413834471,770.6000061035156,501.39999771118164
1767413834488,772.6000061035156,504.39999771118164
1767413834505,773.6000061035156,507.39999771118164
1767413834522,775.6000061035156,509.39999771118164
1767413834538,776.6000061035156,511.39999771118164
1767413834555,776.6000061035156,511.39999771118164
1767413834571,777.6000061035156,514.3999977111816
1767413834588,777.6000061035156,515.3999977111816
1767413834605,777.6000061035156,519.3999977111816
1767413834621,777.6000061035156,521.3999977111816
1767413834638,778.6000061035156,523.3999977111816
1767413834655,778.6000061035156,523.3999977111816
1767413834671,778.6000061035156,524.3999977111816
1767413834688,778.6000061035156,525.3999977111816
1767413834721,778.6000061035156,526.3999977111816
1767413834770,778.6000061035156,519.3999977111816
1767413835432,811.6000061035156,324.39999771118164
1767413835560,809.6000061035156,324.39999771118164
1767413835575,808.6000061035156,326.39999771118164
1767413835588,806.6000061035156,327.39999771118164
1767413835605,803.6000061035156,333.39999771118164
1767413835621,801.6000061035156,336.39999771118164
1767413835638,800.6000061035156,341.39999771118164
1767413835655,799.6000061035156,345.39999771118164
1767413835671,798.6000061035156,349.39999771118164
1767413835688,798.6000061035156,353.39999771118164
1767413835705,798.6000061035156,356.39999771118164
1767413835721,801.6000061035156,360.39999771118164
1767413835738,805.6000061035156,365.39999771118164
1767413835755,808.6000061035156,369.39999771118164
1767413835771,811.6000061035156,371.39999771118164
1767413835788,813.6000061035156,374.39999771118164
1767413835804,815.6000061035156,376.39999771118164
1767413835821,815.6000061035156,379.39999771118164
1767413835838,815.6000061035156,380.39999771118164
1767413835855,815.6000061035156,384.39999771118164
1767413835871,815.6000061035156,387.39999771118164
1767413835888,813.6000061035156,394.39999771118164
1767413835905,810.6000061035156,399.39999771118164
1767413835921,808.6000061035156,405.39999771118164
1767413835938,805.6000061035156,409.39999771118164
1767413835955,803.6000061035156,415.39999771118164
1767413835971,802.6000061035156,418.39999771118164
1767413835988,801.6000061035156,423.39999771118164
1767413836004,801.6000061035156,426.39999771118164
1767413836021,801.6000061035156,427.39999771118164
1767413836038,801.6000061035156,429.39999771118164
1767413836055,801.6000061035156,432.39999771118164
1767413836071,804.6000061035156,437.39999771118164
1767413836088,806.6000061035156,440.39999771118164
1767413836105,809.6000061035156,443.39999771118164
1767413836121,811.6000061035156,446.39999771118164
1767413836138,813.6000061035156,448.39999771118164
1767413836155,814.6000061035156,450.39999771118164
1767413836171,815.6000061035156,453.39999771118164
1767413836188,815.6000061035156,455.39999771118164
1767413836205,816.6000061035156,459.39999771118164
1767413836221,815.6000061035156,462.39999771118164
1767413836238,814.6000061035156,465.39999771118164
1767413836255,813.6000061035156,469.39999771118164
1767413836271,812.6000061035156,473.39999771118164
1767413836288,810.6000061035156,477.39999771118164
1767413836305,809.6000061035156,479.39999771118164
1767413836321,809.6000061035156,482.39999771118164
1767413836338,809.6000061035156,484.39999771118164
1767413836355,808.6000061035156,486.39999771118164
1767413836371,808.6000061035156,487.39999771118164
1767413836388,808.6000061035156,490.39999771118164
1767413836405,807.6000061035156,491.39999771118164
1767413836421,806.6000061035156,495.39999771118164
1767413836438,805.6000061035156,496.39999771118164
1767413836455,805.6000061035156,498.39999771118164
1767413836471,805.6000061035156,499.39999771118164
1767413836488,805.6000061035156,502.39999771118164
1767413836505,805.6000061035156,503.39999771118164
1767413836521,805.6000061035156,503.39999771118164
1767413836538,805.6000061035156,504.39999771118164
1767413836555,805.6000061035156,505.39999771118164
1767413836571,805.6000061035156,506.39999771118164
1767413836588,805.6000061035156,507.39999771118164
1767413836605,805.6000061035156,508.39999771118164
1767413836622,804.6000061035156,509.39999771118164
1767413836638,803.6000061035156,510.39999771118164
1767413836655,802.6000061035156,511.39999771118164
1767413836671,801.6000061035156,513.3999977111816
1767413836688,799.6000061035156,515.3999977111816
1767413836705,799.6000061035156,516.3999977111816
1767413836721,799.6000061035156,517.3999977111816
1767413836738,798.6000061035156,518.3999977111816
1767413836755,798.6000061035156,519.3999977111816
1767413836788,798.6000061035156,519.3999977111816
1767413836805,798.6000061035156,520.3999977111816
1767413836821,798.6000061035156,521.3999977111816
1767413836838,799.6000061035156,523.3999977111816
1767413836855,800.6000061035156,523.3999977111816
1767413836871,800.6000061035156,524.3999977111816
1767413836888,800.6000061035156,525.3999977111816
1767413836905,800.6000061035156,527.3999977111816
1767413836921,800.6000061035156,527.3999977111816
1767413836938,800.6000061035156,528.3999977111816
1767413836955,800.6000061035156,529.3999977111816
1767413837124,800.6000061035156,527.3999977111816
1767413837138,800.6000061035156,523.3999977111816
1767413837143,800.6000061035156,519.3999977111816
1767413838550,840.6000061035156,136.39999771118164
1767413838598,840.6000061035156,138.39999771118164
1767413838606,840.6000061035156,139.39999771118164
1767413838621,840.6000061035156,144.39999771118164
1767413838638,840.6000061035156,148.39999771118164
1767413838655,840.6000061035156,155.39999771118164
1767413838671,841.6000061035156,160.39999771118164
1767413838688,841.6000061035156,164.39999771118164
1767413838704,841.6000061035156,170.39999771118164
1767413838721,843.6000061035156,175.39999771118164
1767413838738,846.6000061035156,183.39999771118164
1767413838755,848.6000061035156,187.39999771118164
1767413838771,849.6000061035156,191.39999771118164
1767413838788,852.6000061035156,195.39999771118164
1767413838804,853.6000061035156,196.39999771118164
1767413838821,854.6000061035156,199.39999771118164
1767413838838,854.6000061035156,202.39999771118164
1767413838855,854.6000061035156,203.39999771118164
1767413838871,855.6000061035156,204.39999771118164
1767413838888,855.6000061035156,206.39999771118164
1767413838905,855.6000061035156,208.39999771118164
1767413838921,855.6000061035156,211.39999771118164
1767413838938,855.6000061035156,214.39999771118164
1767413838954,853.6000061035156,217.39999771118164
1767413838971,853.6000061035156,221.39999771118164
1767413838988,852.6000061035156,225.39999771118164
1767413839005,851.6000061035156,229.39999771118164
1767413839021,851.6000061035156,231.39999771118164
1767413839038,851.6000061035156,234.39999771118164
1767413839054,851.6000061035156,238.39999771118164
1767413839071,852.6000061035156,240.39999771118164
1767413839088,853.6000061035156,242.39999771118164
1767413839104,854.6000061035156,243.39999771118164
1767413839121,854.6000061035156,245.39999771118164
1767413839138,855.6000061035156,247.39999771118164
1767413839154,857.6000061035156,249.39999771118164
1767413839171,857.6000061035156,252.39999771118164
1767413839188,857.6000061035156,256.39999771118164
1767413839205,857.6000061035156,260.39999771118164
1767413839221,857.6000061035156,268.39999771118164
1767413839238,857.6000061035156,275.39999771118164
1767413839255,857.6000061035156,280.39999771118164
1767413839271,857.6000061035156,287.39999771118164
1767413839288,857.6000061035156,291.39999771118164
1767413839305,857.6000061035156,295.39999771118164
1767413839321,857.6000061035156,299.39999771118164
1767413839338,857.6000061035156,302.39999771118164
1767413839354,857.6000061035156,304.39999771118164
1767413839371,857.6000061035156,306.39999771118164
1767413839405,857.6000061035156,307.39999771118164
1767413839514,856.6000061035156,307.39999771118164
1767413840055,728.6000061035156,130.39999771118164
1767413840071,728.6000061035156,131.39999771118164
1767413840088,727.6000061035156,135.39999771118164
1767413840104,725.6000061035156,139.39999771118164
1767413840121,724.6000061035156,144.39999771118164
1767413840138,721.6000061035156,151.39999771118164
1767413840155,721.6000061035156,155.39999771118164
1767413840172,718.6000061035156,163.39999771118164
1767413840188,717.6000061035156,169.39999771118164
1767413840204,716.6000061035156,175.39999771118164
1767413840221,716.6000061035156,179.39999771118164
1767413840239,716.6000061035156,187.39999771118164
1767413840254,716.6000061035156,189.39999771118164
1767413840271,716.6000061035156,191.39999771118164
1767413840288,716.6000061035156,194.39999771118164
1767413840304,716.6000061035156,196.39999771118164
1767413840321,717.6000061035156,198.39999771118164
1767413840338,717.6000061035156,201.39999771118164
1767413840354,717.6000061035156,203.39999771118164
1767413840371,717.6000061035156,206.39999771118164
1767413840388,717.6000061035156,209.39999771118164
1767413840404,717.6000061035156,211.39999771118164
1767413840421,716.6000061035156,217.39999771118164
1767413840438,714.6000061035156,220.39999771118164
1767413840454,713.6000061035156,223.39999771118164
1767413840471,711.6000061035156,227.39999771118164
1767413840488,709.6000061035156,231.39999771118164
1767413840504,708.6000061035156,234.39999771118164
1767413840521,708.6000061035156,236.39999771118164
1767413840538,707.6000061035156,238.39999771118164
1767413840554,707.6000061035156,240.39999771118164
1767413840571,707.6000061035156,242.39999771118164
1767413840588,707.6000061035156,244.39999771118164
1767413840604,707.6000061035156,247.39999771118164
1767413840621,708.6000061035156,251.39999771118164
1767413840638,709.6000061035156,255.39999771118164
1767413840654,710.6000061035156,258.39999771118164
1767413840671,711.6000061035156,261.39999771118164
1767413840688,713.6000061035156,267.39999771118164
1767413840704,713.6000061035156,270.39999771118164
1767413840721,713.6000061035156,274.39999771118164
1767413840738,713.6000061035156,277.39999771118164
1767413840754,713.6000061035156,279.39999771118164
1767413840771,713.6000061035156,282.39999771118164
1767413840788,712.6000061035156,285.39999771118164
1767413840804,711.6000061035156,287.39999771118164
1767413840821,710.6000061035156,291.39999771118164
1767413840838,709.6000061035156,292.39999771118164
1767413840854,709.6000061035156,295.39999771118164
1767413840871,709.6000061035156,296.39999771118164
1767413840888,709.6000061035156,298.39999771118164
1767413840904,709.6000061035156,300.39999771118164
1767413840921,709.6000061035156,303.39999771118164
1767413840938,709.6000061035156,306.39999771118164
1767413840954,710.6000061035156,307.39999771118164
1767413840971,710.6000061035156,308.39999771118164
1767413840988,710.6000061035156,309.39999771118164
1767413841019,711.6000061035156,309.39999771118164
-1,-1,-1
1767413810063,,
1767413813256,,
1767413823682,,
1767413833519,,
1767413835432,,
1767413838550,,
1767413840055,,
-1,-1,-1
1767413811585,,
1767413817423,,
1767413824855,,
1767413834772,,
1767413837145,,
1767413839517,,
1767413841163,,
