1762304011937,804.5,606
1762304011944,800.5,597
1762304011950,798.5,589
1762304011958,793.5,578
1762304011964,790.5,569
1762304011971,786.5,554
1762304011978,782.5,541
1762304011986,776.5,523
1762304011992,770.5,509
1762304011999,763.5,486
1762304012006,753.5,461
1762304012013,746.5,441
1762304012020,735.5,422
1762304012027,721.5,395
1762304012033,711.5,375
1762304012041,697.5,351
1762304012047,686.5,334
1762304012054,675.5,317
1762304012061,661.5,295
1762304012068,648.5,275
1762304012075,637.5,260
1762304012082,627.5,246
1762304012090,612.5,226
1762304012096,601.5,213
1762304012103,588.5,196
1762304012111,571.5,179
1762304012117,559.5,165
1762304012124,544.5,149
1762304012131,529.5,136
1762304012138,516.5,124
1762304012145,499.5,110
1762304012152,487.5,100
1762304012159,469.5,87
1762304012166,458.5,80
1762304012173,442.5,72
1762304012179,432.5,68
1762304012186,422.5,65
1762304012194,405.5,59
1762304012200,396.5,57
1762304012207,381.5,52
1762304012214,368.5,49
1762304012221,350.5,46
1762304012228,337.5,43
1762304012236,319.5,39
1762304012242,305.5,36
1762304012249,287.5,32
1762304012256,268.5,28
1762304012263,257.5,25
1762304012270,236.5,21
1762304012277,214.5,16
1762304012284,191.5,10
1762304012291,178.5,7
1762304012298,150.5,1
1762304012361,93.5,1
1762304012367,90.5,3
1762304012374,88.5,6
1762304012381,85.5,9
1762304012388,82.5,17
1762304012395,79.5,23
1762304012402,77.5,27
1762304012409,75.5,32
1762304012415,72.5,41
1762304012423,70.5,48
1762304012429,69.5,54
1762304012437,69.5,63
1762304012444,68.5,70
1762304012450,67.5,78
1762304012457,66.5,88
1762304012464,66.5,96
1762304012471,65.5,108
1762304012478,65.5,118
1762304012485,65.5,132
1762304012492,65.5,145
1762304012499,65.5,165
1762304012506,64.5,180
1762304012513,64.5,202
1762304012520,64.5,220
1762304012527,64.5,244
1762304012533,66.5,266
1762304012540,68.5,286
1762304012548,71.5,313
1762304012555,74.5,331
1762304012561,78.5,353
1762304012568,80.5,364
1762304012575,83.5,376
1762304012582,84.5,382
1762304012589,86.5,385
1762304012596,86.5,387
1762304012603,87.5,388
1762304012721,88.5,388
1762304012732,88.5,387
1762304012736,88.5,386
1762304012743,90.5,383
1762304012749,91.5,380
1762304012756,92.5,375
1762304012764,95.5,368
1762304012770,97.5,360
1762304012777,101.5,346
1762304012783,104.5,335
1762304012791,106.5,320
1762304012797,109.5,307
1762304012805,114.5,291
1762304012812,117.5,275
1762304012818,122.5,259
1762304012825,127.5,237
1762304012832,131.5,221
1762304012839,136.5,200
1762304012846,138.5,188
1762304012853,142.5,175
1762304012860,145.5,166
1762304012867,145.5,162
1762304012874,147.5,159
1762304012881,148.5,156
1762304012888,150.5,152
1762304012895,152.5,149
1762304012902,154.5,145
1762304012910,156.5,139
1762304012915,160.5,135
1762304012922,161.5,130
1762304012929,164.5,124
1762304012936,164.5,121
1762304012944,166.5,115
1762304012950,167.5,113
1762304012957,167.5,111
1762304012964,167.5,108
1762304012971,167.5,107
1762304012978,167.5,106
1762304012985,167.5,104
1762304012992,167.5,103
1762304012999,167.5,102
1762304013006,167.5,101
1762304013013,167.5,100
1762304013020,167.5,98
1762304013027,167.5,97
1762304013034,167.5,96
1762304013040,166.5,95
1762304013047,165.5,93
1762304013054,165.5,92
1762304013061,164.5,91
1762304013068,164.5,89
1762304013075,163.5,89
1762304013082,162.5,88
1762304013089,162.5,87
1762304013096,161.5,87
1762304013103,159.5,85
1762304013110,157.5,83
1762304013117,155.5,82
1762304013124,154.5,80
1762304013131,151.5,79
1762304013138,150.5,78
1762304013145,149.5,76
1762304013152,147.5,74
1762304013159,144.5,73
1762304013165,142.5,72
1762304013172,140.5,71
1762304013179,138.5,70
1762304013186,137.5,70
1762304013193,136.5,69
1762304013200,135.5,68
1762304013207,133.5,67
1762304013214,132.5,67
1762304013221,130.5,65
1762304013228,128.5,65
1762304013235,126.5,63
1762304013242,124.5,62
1762304013249,121.5,60
1762304013256,119.5,59
1762304013263,117.5,57
1762304013270,115.5,56
1762304013277,114.5,54
1762304013284,112.5,53
1762304013290,110.5,52
1762304013297,109.5,51
1762304013305,107.5,50
1762304013311,105.5,49
1762304013318,104.5,49
1762304013325,102.5,47
1762304013332,101.5,46
1762304013339,99.5,46
1762304013346,99.5,45
1762304013353,97.5,44
1762304013374,97.5,43
1762304013657,97.5,42
1762304014015,96.5,42
1762304014022,95.5,42
1762304014041,94.5,42
1762304014061,93.5,42
1762304014082,92.5,42
1762304014628,93.5,42
1762304014638,94.5,41
1762304014645,96.5,41
1762304014651,96.5,40
1762304014658,97.5,40
1762304014665,98.5,39
1762304014679,99.5,39
1762304014686,100.5,39
1762304014693,100.5,38
1762304014700,101.5,38
1762304014707,102.5,38
1762304014714,102.5,37
1762304014721,103.5,37
1762304014728,104.5,37
1762304014742,105.5,37
1762304014749,106.5,37
1762304014756,107.5,37
1762304014762,109.5,37
1762304014769,109.5,36
1762304014776,111.5,35
1762304014791,113.5,35
1762304014797,113.5,34
1762304014804,114.5,34
1762304014811,115.5,34
1762304014825,116.5,34
1762304014840,117.5,34
1762304014860,119.5,34
1762304014874,120.5,33
1762304014881,121.5,33
1762304014888,122.5,33
1762304014895,123.5,33
1762304014901,124.5,33
1762304014908,125.5,33
1762304014915,126.5,33
1762304014929,127.5,33
1762304014943,128.5,33
1762304014957,130.5,33
1762304014971,132.5,33
1762304014986,134.5,33
1762304014999,136.5,33
1762304015006,137.5,33
1762304015020,138.5,33
1762304015026,139.5,33
1762304015040,140.5,33
1762304015054,141.5,33
1762304015061,142.5,33
1762304015068,143.5,33
1762304015082,144.5,33
1762304015089,145.5,33
1762304015103,146.5,33
1762304015124,147.5,33
1762304015158,147.5,34
1762304015285,147.5,35
1762304015290,146.5,35
1762304015304,145.5,35
1762304015311,144.5,36
1762304015325,143.5,36
1762304015332,142.5,36
1762304015346,141.5,36
1762304015361,140.5,36
1762304015374,139.5,36
1762304015388,138.5,36
1762304015408,137.5,36
1762304015415,136.5,36
1762304015422,135.5,36
1762304015436,134.5,36
1762304015450,133.5,37
1762304015464,132.5,37
1762304015471,131.5,37
1762304015485,130.5,37
1762304015499,129.5,37
1762304015505,129.5,38
1762304015520,128.5,38
1762304015526,127.5,38
1762304015541,126.5,38
1762304015547,125.5,38
1762304015561,124.5,39
1762304015568,123.5,39
1762304015575,122.5,39
1762304015582,122.5,40
1762304015589,120.5,40
1762304015610,118.5,41
1762304015624,117.5,41
1762304015631,116.5,42
1762304015644,115.5,43
1762304015665,114.5,43
1762304015692,113.5,43
1762304015707,112.5,43
1762304015714,112.5,44
1762304015721,112.5,45
1762304015728,111.5,45
1762304015735,110.5,45
1762304015749,109.5,45
1762304015756,109.5,46
1762304015762,108.5,46
1762304015777,107.5,47
1762304015811,106.5,47
1762304015826,105.5,47
1762304015832,105.5,48
1762304015848,104.5,48
1762304015860,103.5,48
1762304015881,102.5,48
1762304015894,101.5,49
1762304015944,100.5,49
1762304015968,99.5,49
1762304015985,98.5,49
1762304015999,97.5,49
1762304016005,97.5,50
1762304016020,96.5,50
1762304016033,95.5,50
1762304016040,94.5,51
1762304016068,93.5,51
1762304016075,92.5,52
1762304016184,93.5,52
1762304016193,94.5,52
1762304016200,95.5,52
1762304016207,97.5,51
1762304016214,98.5,51
1762304016221,100.5,50
1762304016228,101.5,50
1762304016235,102.5,50
1762304016242,104.5,50
1762304016248,105.5,50
1762304016255,106.5,50
1762304016262,108.5,50
1762304016269,109.5,49
1762304016276,110.5,49
1762304016283,111.5,49
1762304016300,111.5,48
1762304016318,112.5,48
1762304016339,113.5,48
1762304016353,114.5,48
1762304016367,115.5,48
1762304016373,116.5,48
1762304016380,117.5,48
1762304016387,118.5,48
1762304016394,119.5,48
1762304016401,122.5,47
1762304016408,124.5,46
1762304016415,125.5,46
1762304016422,126.5,45
1762304016429,128.5,44
1762304016443,129.5,44
1762304016556,130.5,44
1762304016612,131.5,44
1762304016624,132.5,44
1762304016637,133.5,44
1762304016644,135.5,44
1762304016651,137.5,45
1762304016658,138.5,45
1762304016665,139.5,45
1762304016672,140.5,46
1762304016679,141.5,46
1762304016686,142.5,46
1762304016693,143.5,47
1762304016838,142.5,47
1762304016847,141.5,47
1762304016853,140.5,47
1762304016860,138.5,48
1762304016867,135.5,48
1762304016873,133.5,48
1762304016880,129.5,48
1762304016887,127.5,49
1762304016894,124.5,49
1762304016901,122.5,49
1762304016908,119.5,49
1762304016915,115.5,49
1762304016922,113.5,50
1762304016929,109.5,50
1762304016936,107.5,51
1762304016943,104.5,51
1762304016950,102.5,51
1762304016957,101.5,51
1762304016964,99.5,52
1762304016971,98.5,52
1762304016978,97.5,52
1762304016985,95.5,52
1762304016998,94.5,52
1762304017005,93.5,52
1762304017012,93.5,53
1762304017026,92.5,53
1762304017033,91.5,53
1762304017050,90.5,53
1762304017061,89.5,54
1762304017075,88.5,55
1762304017082,86.5,55
1762304017089,86.5,56
1762304017096,85.5,56
1762304017103,84.5,57
1762304017110,84.5,58
1762304017117,83.5,59
1762304017123,82.5,60
1762304017130,82.5,61
1762304017137,82.5,62
1762304017144,82.5,63
1762304017151,82.5,64
1762304017158,83.5,64
1762304017165,84.5,64
1762304017172,86.5,64
1762304017179,88.5,64
1762304017186,90.5,64
1762304017193,92.5,64
1762304017200,94.5,64
1762304017207,96.5,64
1762304017214,99.5,64
1762304017221,102.5,63
1762304017228,105.5,63
1762304017235,107.5,63
1762304017241,110.5,62
1762304017249,112.5,62
1762304017262,113.5,62
1762304017269,114.5,62
1762304017308,114.5,61
1762304017328,115.5,61
1762304017346,116.5,61
1762304017353,116.5,60
1762304017360,117.5,60
1762304017367,118.5,59
1762304017380,119.5,58
1762304017387,119.5,57
1762304017394,120.5,57
1762304017408,121.5,56
1762304017422,122.5,56
1762304017429,123.5,56
1762304017446,124.5,56
1762304017457,125.5,56
1762304017464,125.5,55
1762304017471,126.5,55
1762304017485,127.5,55
1762304017491,128.5,55
1762304017498,129.5,55
1762304017512,131.5,55
1762304017526,133.5,55
1762304017568,134.5,55
1762304017575,135.5,56
1762304017590,136.5,56
1762304017611,136.5,57
1762304017630,137.5,58
1762304017644,138.5,58
1762304017651,138.5,59
1762304017675,138.5,60
1762304017715,137.5,60
1762304017721,136.5,60
1762304017728,135.5,60
1762304017735,134.5,61
1762304017742,132.5,61
1762304017749,130.5,62
1762304017755,128.5,62
1762304017762,126.5,62
1762304017769,125.5,63
1762304017776,124.5,63
1762304017783,122.5,63
1762304017790,121.5,63
1762304017797,119.5,64
1762304017812,117.5,64
1762304017818,115.5,64
1762304017825,112.5,64
1762304017832,110.5,64
1762304017839,107.5,64
1762304017846,106.5,64
1762304017853,104.5,65
1762304017860,103.5,66
1762304017866,102.5,66
1762304017873,100.5,66
1762304017880,100.5,67
1762304017887,99.5,68
1762304017894,97.5,69
1762304017908,97.5,71
1762304017915,96.5,71
1762304017922,95.5,72
1762304017929,95.5,73
1762304017936,94.5,74
1762304017943,93.5,75
1762304017950,93.5,76
1762304017957,93.5,77
1762304017964,93.5,78
1762304017971,93.5,79
1762304017978,93.5,80
1762304017991,93.5,81
1762304018006,94.5,81
1762304018027,95.5,81
1762304018033,96.5,81
1762304018040,98.5,81
1762304018047,99.5,81
1762304018054,101.5,81
1762304018061,102.5,81
1762304018068,103.5,81
1762304018075,105.5,81
1762304018082,107.5,81
1762304018089,109.5,80
1762304018096,111.5,80
1762304018103,113.5,80
1762304018109,115.5,79
1762304018116,117.5,78
1762304018123,119.5,78
1762304018130,121.5,77
1762304018137,122.5,76
1762304018144,125.5,76
1762304018151,126.5,75
1762304018158,128.5,74
1762304018165,129.5,74
1762304018197,129.5,73
1762304018325,129.5,74
1762304018339,128.5,75
1762304018353,127.5,76
1762304018359,125.5,76
1762304018366,125.5,77
1762304018373,124.5,77
1762304018380,123.5,79
1762304018387,121.5,80
1762304018394,120.5,81
1762304018401,119.5,82
1762304018408,118.5,84
1762304018415,117.5,86
1762304018422,116.5,87
1762304018429,115.5,89
1762304018436,115.5,90
1762304018443,115.5,92
1762304018450,115.5,93
1762304018457,115.5,94
1762304018464,115.5,95
1762304018471,115.5,96
1762304018532,116.5,96
1762304018540,116.5,97
1762304018547,117.5,98
1762304018554,118.5,98
1762304018561,119.5,99
1762304018576,120.5,99
1762304018620,120.5,100
1762304018630,120.5,101
1762304018644,120.5,102
1762304018651,120.5,103
1762304018665,120.5,105
1762304018679,120.5,107
1762304018686,119.5,107
1762304018693,119.5,109
1762304018700,118.5,109
1762304018707,117.5,109
1762304018722,115.5,110
1762304018727,115.5,111
1762304018735,114.5,111
1762304018741,113.5,112
1762304018755,112.5,112
1762304018762,111.5,113
1762304018769,110.5,113
1762304018783,109.5,114
1762304018790,108.5,114
1762304018876,107.5,114
1762304018894,106.5,114
1762304018916,105.5,114
1762304018952,104.5,114
1762304018971,103.5,114
1762304018977,102.5,114
1762304018985,100.5,114
1762304018991,98.5,114
1762304018998,96.5,114
1762304019005,95.5,114
1762304019012,94.5,114
1762304019019,93.5,114
1762304019026,91.5,114
1762304019033,90.5,115
1762304019040,89.5,116
1762304019047,87.5,116
1762304019054,86.5,116
1762304019061,85.5,117
1762304019068,83.5,118
1762304019075,82.5,118
1762304019082,81.5,118
1762304019089,80.5,118
1762304019096,79.5,118
1762304019102,78.5,119
1762304019109,77.5,119
1762304019116,76.5,119
1762304019123,76.5,120
1762304019130,74.5,120
1762304019144,72.5,120
1762304019158,70.5,120
1762304019165,69.5,120
1762304019179,68.5,121
1762304019186,67.5,121
1762304019193,66.5,121
1762304019200,65.5,121
1762304019214,65.5,122
1762304019235,64.5,122
1762304019249,63.5,122
1762304019368,63.5,121
1762304019401,63.5,120
1762304019436,63.5,119
1762304019443,64.5,119
1762304019457,65.5,119
1762304019464,66.5,118
1762304019471,68.5,117
1762304019477,69.5,117
1762304019484,71.5,116
1762304019491,73.5,115
1762304019498,75.5,115
1762304019505,77.5,115
1762304019512,79.5,115
1762304019519,80.5,115
1762304019526,81.5,115
1762304019533,84.5,115
1762304019540,85.5,115
1762304019547,88.5,115
1762304019554,90.5,114
1762304019561,92.5,114
1762304019568,94.5,113
1762304019575,98.5,113
1762304019582,101.5,112
1762304019589,104.5,112
1762304019595,106.5,111
1762304019602,109.5,111
1762304019609,112.5,110
1762304019616,116.5,110
1762304019623,118.5,110
1762304019630,120.5,110
1762304019637,123.5,110
1762304019644,125.5,110
1762304019651,127.5,110
1762304019658,130.5,110
1762304019665,132.5,110
1762304019672,134.5,110
1762304019679,136.5,110
1762304019686,138.5,110
1762304019693,140.5,110
1762304019700,141.5,110
1762304019707,143.5,110
1762304019714,145.5,110
1762304019721,147.5,110
1762304019728,149.5,110
1762304019734,151.5,110
1762304019741,153.5,110
1762304019748,154.5,110
1762304019755,155.5,110
1762304019762,156.5,110
1762304019769,157.5,110
1762304019776,158.5,110
1762304019830,158.5,111
1762304019874,157.5,112
1762304019880,156.5,113
1762304019895,155.5,114
1762304019901,154.5,114
1762304019908,152.5,114
1762304019922,151.5,115
1762304019929,150.5,115
1762304019936,149.5,115
1762304019943,148.5,115
1762304019950,147.5,116
1762304019957,146.5,116
1762304019963,145.5,117
1762304019970,143.5,117
1762304019977,142.5,118
1762304019984,140.5,118
1762304019991,139.5,118
1762304019998,136.5,118
1762304020005,134.5,118
1762304020012,130.5,118
1762304020019,128.5,119
1762304020026,125.5,119
1762304020033,121.5,119
1762304020040,118.5,119
1762304020047,114.5,119
1762304020054,111.5,119
1762304020061,108.5,119
1762304020068,106.5,119
1762304020075,102.5,119
1762304020082,99.5,119
1762304020088,95.5,119
1762304020095,92.5,119
1762304020102,89.5,119
1762304020109,86.5,119
1762304020116,82.5,120
1762304020123,80.5,120
1762304020130,76.5,120
1762304020137,73.5,120
1762304020144,70.5,120
1762304020151,67.5,121
1762304020158,64.5,121
1762304020165,61.5,121
1762304020172,58.5,121
1762304020179,55.5,122
1762304020186,53.5,122
1762304020193,51.5,122
1762304020200,50.5,123
1762304020207,49.5,123
1762304020214,48.5,123
1762304020221,47.5,124
1762304020235,46.5,124
1762304020248,45.5,125
1762304020255,44.5,125
1762304020262,43.5,126
1762304020297,42.5,126
1762304020348,43.5,126
1762304020352,44.5,126
1762304020359,45.5,126
1762304020366,47.5,126
1762304020373,49.5,126
1762304020380,53.5,126
1762304020387,55.5,126
1762304020394,59.5,126
1762304020401,62.5,125
1762304020408,66.5,125
1762304020415,70.5,125
1762304020422,73.5,125
1762304020429,78.5,124
1762304020436,81.5,124
1762304020443,85.5,124
1762304020450,87.5,124
1762304020457,91.5,124
1762304020463,93.5,124
1762304020470,96.5,124
1762304020477,99.5,124
1762304020484,103.5,124
1762304020491,105.5,124
1762304020498,109.5,124
1762304020505,111.5,124
1762304020512,114.5,124
1762304020519,117.5,124
1762304020526,119.5,124
1762304020533,121.5,124
1762304020540,123.5,124
1762304020547,125.5,124
1762304020554,126.5,124
1762304020561,128.5,124
1762304020568,130.5,124
1762304020582,132.5,124
1762304020589,133.5,124
1762304020595,134.5,125
1762304020602,136.5,125
1762304020609,138.5,125
1762304020616,140.5,125
1762304020623,141.5,126
1762304020630,143.5,126
1762304020637,145.5,126
1762304020644,146.5,126
1762304020651,147.5,126
1762304020665,148.5,127
1762304020672,149.5,127
1762304020679,150.5,127
1762304020686,151.5,128
1762304020693,153.5,128
1762304020700,154.5,128
1762304020707,155.5,128
1762304020714,157.5,128
1762304020721,158.5,128
1762304020727,160.5,128
1762304020734,161.5,129
1762304020741,162.5,129
1762304020748,162.5,130
1762304020755,163.5,130
1762304020762,164.5,130
1762304020776,166.5,130
1762304020790,167.5,130
1762304020797,168.5,131
1762304020804,169.5,131
1762304020811,170.5,131
1762304020854,170.5,132
1762304020926,169.5,132
1762304020943,168.5,132
1762304020950,167.5,132
1762304020957,165.5,132
1762304020963,164.5,132
1762304020970,161.5,132
1762304020977,158.5,132
1762304020984,156.5,132
1762304020991,152.5,132
1762304020998,149.5,132
1762304021005,147.5,132
1762304021012,143.5,132
1762304021019,140.5,132
1762304021026,137.5,132
1762304021033,133.5,132
1762304021040,130.5,132
1762304021047,127.5,132
1762304021054,125.5,132
1762304021061,121.5,132
1762304021068,119.5,132
1762304021075,116.5,132
1762304021082,114.5,132
1762304021088,112.5,132
1762304021095,110.5,132
1762304021102,108.5,133
1762304021109,107.5,133
1762304021116,105.5,134
1762304021123,103.5,134
1762304021130,101.5,134
1762304021137,99.5,136
1762304021144,97.5,136
1762304021151,94.5,137
1762304021158,92.5,138
1762304021165,89.5,139
1762304021172,87.5,140
1762304021179,85.5,141
1762304021186,84.5,141
1762304021193,82.5,142
1762304021200,81.5,142
1762304021207,80.5,142
1762304021214,79.5,143
1762304021220,78.5,143
1762304021227,77.5,143
1762304021234,75.5,143
1762304021249,73.5,143
1762304021262,72.5,144
1762304021269,71.5,144
1762304021276,69.5,144
1762304021283,68.5,144
1762304021290,67.5,145
1762304021297,65.5,145
1762304021311,63.5,145
1762304021318,62.5,145
1762304021325,60.5,146
1762304021338,60.5,147
1762304021394,61.5,147
1762304021402,62.5,147
1762304021408,63.5,147
1762304021415,66.5,147
1762304021422,68.5,146
1762304021429,70.5,146
1762304021436,73.5,146
1762304021443,77.5,145
1762304021450,79.5,145
1762304021456,81.5,144
1762304021463,84.5,144
1762304021470,88.5,144
1762304021477,91.5,144
1762304021484,94.5,144
1762304021491,97.5,143
1762304021498,100.5,143
1762304021505,103.5,142
1762304021512,108.5,142
1762304021519,110.5,142
1762304021526,113.5,141
1762304021533,117.5,141
1762304021540,119.5,141
1762304021547,122.5,141
1762304021554,123.5,141
1762304021561,125.5,141
1762304021568,126.5,141
1762304021575,128.5,141
1762304021581,129.5,142
1762304021588,131.5,142
1762304021595,132.5,142
1762304021602,134.5,143
1762304021609,134.5,144
1762304021616,137.5,144
1762304021674,137.5,145
1762304021679,138.5,145
1762304021693,139.5,145
1762304021714,140.5,145
1762304021720,141.5,145
1762304021774,142.5,145
1762304021790,143.5,145
1762304021804,144.5,145
1762304021811,145.5,145
1762304021825,147.5,145
1762304021839,148.5,145
1762304021845,149.5,146
1762304021859,150.5,146
1762304021866,152.5,146
1762304021880,153.5,146
1762304021887,154.5,147
1762304021894,155.5,147
1762304021901,156.5,147
1762304021915,157.5,147
1762304021922,158.5,147
1762304021936,159.5,147
1762304022040,158.5,147
1762304022047,157.5,147
1762304022061,155.5,147
1762304022075,153.5,147
1762304022081,152.5,147
1762304022088,150.5,148
1762304022096,149.5,148
1762304022102,146.5,149
1762304022109,144.5,149
1762304022116,142.5,149
1762304022123,141.5,149
1762304022130,138.5,150
1762304022137,136.5,150
1762304022144,133.5,150
1762304022151,131.5,150
1762304022158,129.5,150
1762304022165,124.5,150
1762304022172,121.5,150
1762304022179,116.5,150
1762304022186,113.5,151
1762304022193,108.5,151
1762304022200,105.5,152
1762304022206,101.5,152
1762304022213,99.5,153
1762304022220,96.5,154
1762304022234,94.5,154
1762304022241,93.5,155
1762304022248,92.5,155
1762304022262,91.5,156
1762304022276,90.5,156
1762304022283,89.5,156
1762304022298,88.5,156
1762304022311,87.5,156
1762304022325,86.5,156
1762304022331,85.5,156
1762304022338,84.5,156
1762304022345,83.5,157
1762304022352,82.5,157
1762304022359,81.5,158
1762304022366,80.5,158
1762304022466,80.5,157
1762304022477,81.5,157
1762304022484,84.5,155
1762304022491,86.5,154
1762304022498,90.5,152
1762304022505,95.5,149
1762304022512,101.5,147
1762304022519,106.5,144
1762304022526,111.5,144
1762304022533,115.5,142
1762304022540,117.5,142
1762304022547,120.5,142
1762304022554,122.5,142
1762304022561,124.5,142
1762304022568,126.5,142
1762304022574,128.5,142
1762304022581,130.5,142
1762304022588,133.5,142
1762304022595,135.5,142
1762304022602,138.5,142
1762304022609,139.5,142
1762304022616,141.5,142
1762304022630,143.5,142
1762304022644,144.5,142
1762304022651,145.5,142
1762304022658,145.5,143
1762304022665,146.5,143
1762304022672,148.5,143
1762304022693,149.5,143
1762304022713,150.5,143
1762304022786,151.5,143
1762304022846,151.5,142
1762304022859,150.5,142
1762304022866,149.5,142
1762304022873,147.5,141
1762304022880,144.5,140
1762304022887,142.5,140
1762304022894,138.5,139
1762304022901,135.5,139
1762304022908,131.5,138
1762304022915,126.5,137
1762304022922,122.5,136
1762304022929,116.5,135
1762304022936,112.5,133
1762304022942,107.5,133
1762304022949,103.5,132
1762304022956,100.5,131
1762304022963,97.5,130
1762304022970,95.5,130
1762304022977,94.5,130
1762304022984,92.5,130
1762304022991,91.5,130
1762304022998,89.5,130
1762304023012,87.5,129
1762304023019,86.5,129
1762304023026,85.5,129
1762304023033,83.5,129
1762304023040,82.5,129
1762304023047,81.5,129
1762304023054,79.5,129
1762304023061,77.5,129
1762304023067,76.5,129
1762304023074,74.5,129
1762304023081,72.5,129
1762304023088,71.5,129
1762304023095,70.5,129
1762304023102,68.5,129
1762304023109,66.5,129
1762304023116,64.5,129
1762304023123,62.5,129
1762304023130,60.5,129
1762304023137,58.5,129
1762304023144,57.5,128
1762304023151,55.5,128
1762304023165,54.5,128
1762304023179,53.5,128
1762304023213,54.5,129
1762304023220,57.5,129
1762304023227,58.5,129
1762304023234,61.5,129
1762304023241,64.5,129
1762304023248,68.5,129
1762304023255,73.5,129
1762304023262,79.5,129
1762304023269,84.5,129
1762304023276,88.5,129
1762304023283,94.5,129
1762304023290,98.5,129
1762304023297,101.5,129
1762304023304,104.5,129
1762304023311,106.5,129
1762304023317,108.5,129
1762304023332,109.5,129
1762304023338,110.5,129
1762304023366,111.5,129
1762304023373,112.5,129
1762304023380,114.5,129
1762304023387,114.5,128
1762304023394,117.5,127
1762304023401,118.5,126
1762304023408,119.5,125
1762304023415,121.5,123
1762304023422,122.5,121
1762304023429,123.5,119
1762304023443,123.5,117
1762304023449,124.5,116
1762304023456,124.5,115
1762304023470,124.5,114
1762304023484,124.5,113
1762304023491,123.5,113
1762304023498,122.5,113
1762304023505,121.5,113
1762304023512,120.5,113
1762304023519,119.5,113
1762304023526,118.5,113
1762304023547,117.5,114
1762304023554,116.5,114
1762304023561,115.5,117
1762304023567,115.5,119
1762304023574,114.5,123
1762304023581,114.5,126
1762304023588,114.5,130
1762304023595,114.5,133
1762304023602,114.5,137
1762304023609,116.5,138
1762304023616,118.5,140
1762304023623,120.5,142
1762304023630,123.5,142
1762304023637,125.5,142
1762304023644,127.5,142
1762304023651,129.5,142
1762304023658,131.5,141
1762304023665,136.5,139
1762304023672,140.5,137
1762304023679,145.5,133
1762304023685,149.5,130
1762304023693,155.5,126
1762304023699,157.5,124
1762304023706,159.5,121
1762304023713,161.5,120
1762304023720,162.5,118
1762304023727,162.5,117
1762304023734,162.5,116
1762304023741,162.5,115
1762304023755,162.5,114
1762304023769,161.5,114
1762304023776,160.5,114
1762304023790,158.5,114
1762304023797,157.5,114
1762304023804,156.5,114
1762304023810,155.5,114
1762304023817,154.5,115
1762304023824,151.5,117
1762304023831,149.5,117
1762304023838,147.5,119
1762304023845,145.5,121
1762304023852,143.5,122
1762304023859,142.5,123
1762304023866,141.5,125
1762304023873,140.5,126
1762304023880,139.5,128
1762304023887,139.5,129
1762304023894,139.5,132
1762304023901,139.5,134
1762304023908,140.5,136
1762304023915,142.5,138
1762304023922,142.5,140
1762304023929,144.5,142
1762304023935,145.5,142
1762304023942,147.5,143
1762304023949,148.5,144
1762304023956,149.5,144
1762304023970,150.5,144
1762304023984,151.5,143
1762304023998,151.5,142
1762304024005,151.5,141
1762304024012,152.5,137
1762304024019,153.5,134
1762304024026,154.5,131
1762304024033,155.5,125
1762304024040,155.5,120
1762304024047,155.5,115
1762304024054,155.5,112
1762304024060,154.5,109
1762304024067,153.5,108
1762304024074,150.5,108
1762304024088,148.5,108
1762304024095,146.5,109
1762304024102,143.5,111
1762304024109,139.5,112
1762304024116,133.5,116
1762304024123,128.5,121
1762304024130,122.5,127
1762304024137,119.5,130
1762304024144,117.5,133
1762304024151,115.5,136
1762304024158,114.5,138
1762304024165,113.5,140
1762304024172,112.5,141
1762304024179,112.5,142
1762304024185,112.5,143
1762304024192,112.5,144
1762304024199,112.5,145
1762304024206,113.5,146
1762304024213,113.5,148
1762304024220,115.5,148
1762304024227,116.5,149
1762304024234,118.5,149
1762304024241,120.5,150
1762304024248,122.5,150
1762304024255,124.5,150
1762304024262,127.5,150
1762304024269,128.5,149
1762304024276,130.5,148
1762304024283,133.5,146
1762304024290,136.5,143
1762304024297,141.5,138
1762304024304,144.5,134
1762304024310,149.5,126
1762304024317,152.5,122
1762304024324,154.5,114
1762304024331,155.5,110
1762304024338,155.5,104
1762304024345,155.5,102
1762304024352,154.5,99
1762304024359,152.5,98
1762304024366,150.5,97
1762304024373,148.5,97
1762304024380,145.5,97
1762304024387,144.5,97
1762304024394,142.5,97
1762304024401,139.5,98
1762304024408,137.5,100
1762304024415,133.5,102
1762304024422,130.5,105
1762304024429,127.5,108
1762304024435,124.5,110
1762304024442,119.5,114
1762304024449,117.5,117
1762304024456,114.5,120
1762304024463,113.5,123
1762304024470,112.5,126
1762304024477,111.5,128
1762304024484,110.5,132
1762304024491,110.5,135
1762304024498,111.5,138
1762304024505,112.5,141
1762304024512,115.5,143
1762304024519,117.5,145
1762304024526,119.5,146
1762304024533,122.5,146
1762304024540,124.5,146
1762304024547,127.5,146
1762304024554,128.5,146
1762304024560,129.5,146
1762304024567,131.5,144
1762304024574,133.5,141
1762304024581,134.5,139
1762304024588,137.5,134
1762304024595,140.5,130
1762304024602,144.5,123
1762304024609,146.5,119
1762304024616,149.5,114
1762304024623,150.5,110
1762304024630,152.5,106
1762304024637,152.5,104
1762304024644,152.5,103
1762304024651,151.5,101
1762304024658,150.5,101
1762304024665,147.5,100
1762304024672,145.5,100
1762304024678,142.5,100
1762304024685,139.5,100
1762304024692,136.5,101
1762304024699,133.5,102
1762304024706,128.5,105
1762304024713,124.5,107
1762304024720,116.5,113
1762304024727,112.5,117
1762304024734,105.5,123
1762304024741,102.5,127
1762304024748,97.5,133
1762304024755,94.5,136
1762304024762,91.5,139
1762304024769,89.5,142
1762304024776,88.5,144
1762304024783,88.5,147
1762304024790,88.5,149
1762304024797,89.5,152
1762304024803,90.5,154
1762304024810,92.5,156
1762304024817,94.5,157
1762304024824,96.5,158
1762304024831,98.5,158
1762304024838,100.5,158
1762304024845,101.5,158
1762304024852,102.5,158
1762304024859,104.5,158
1762304024866,105.5,157
1762304024873,106.5,155
1762304024880,109.5,152
1762304024887,111.5,150
1762304024894,113.5,147
1762304024901,115.5,143
1762304024908,116.5,139
1762304024915,118.5,135
1762304024922,118.5,131
1762304024928,118.5,127
1762304024935,117.5,125
1762304024942,115.5,123
1762304024949,113.5,123
1762304024956,112.5,123
1762304024963,110.5,123
1762304024970,109.5,123
1762304024977,107.5,123
1762304024984,106.5,123
1762304024991,104.5,124
1762304024998,101.5,126
1762304025005,99.5,128
1762304025012,96.5,131
1762304025019,95.5,133
1762304025026,93.5,135
1762304025033,92.5,138
1762304025040,91.5,141
1762304025047,91.5,144
1762304025053,91.5,146
1762304025060,91.5,150
1762304025067,92.5,152
1762304025074,95.5,154
1762304025081,97.5,155
1762304025088,99.5,157
1762304025095,101.5,159
1762304025102,104.5,159
1762304025109,106.5,159
1762304025116,110.5,159
1762304025123,112.5,159
1762304025130,114.5,159
1762304025137,117.5,159
1762304025144,119.5,159
1762304025151,123.5,157
1762304025158,127.5,155
1762304025165,130.5,150
1762304025172,133.5,147
1762304025178,136.5,140
1762304025185,138.5,135
1762304025192,140.5,129
1762304025199,140.5,125
1762304025206,140.5,120
1762304025213,140.5,118
1762304025220,140.5,115
1762304025227,139.5,114
1762304025234,137.5,112
1762304025241,135.5,112
1762304025248,133.5,112
1762304025255,132.5,112
1762304025262,131.5,112
1762304025269,129.5,112
1762304025276,128.5,113
1762304025283,126.5,113
1762304025290,124.5,114
1762304025297,122.5,116
1762304025303,120.5,117
1762304025310,117.5,118
1762304025317,116.5,120
1762304025324,113.5,121
1762304025331,112.5,122
1762304025338,111.5,125
1762304025345,109.5,128
1762304025352,109.5,134
1762304025359,109.5,138
1762304025366,109.5,146
1762304025373,109.5,150
1762304025380,109.5,156
1762304025387,112.5,161
1762304025394,115.5,164
1762304025401,120.5,169
1762304025408,122.5,171
1762304025415,127.5,173
1762304025422,130.5,174
1762304025428,132.5,174
1762304025435,134.5,174
1762304025442,135.5,174
1762304025449,136.5,173
1762304025456,138.5,170
1762304025463,140.5,165
1762304025470,143.5,159
1762304025477,144.5,152
1762304025484,145.5,144
1762304025491,145.5,138
1762304025498,145.5,131
1762304025505,145.5,127
1762304025512,144.5,123
1762304025519,142.5,121
1762304025526,141.5,120
1762304025533,137.5,119
1762304025540,135.5,119
1762304025546,133.5,119
1762304025553,131.5,119
1762304025560,128.5,119
1762304025567,126.5,119
1762304025574,123.5,119
1762304025581,120.5,120
1762304025588,117.5,121
1762304025595,114.5,122
1762304025602,111.5,122
1762304025609,108.5,123
1762304025616,103.5,124
1762304025623,101.5,124
1762304025630,99.5,125
1762304025637,97.5,126
1762304025644,94.5,127
1762304025651,92.5,130
1762304025658,90.5,133
1762304025665,87.5,137
1762304025672,87.5,141
1762304025678,87.5,146
1762304025685,87.5,149
1762304025692,87.5,153
1762304025699,89.5,155
1762304025706,93.5,158
1762304025713,95.5,159
1762304025720,99.5,160
1762304025727,102.5,160
1762304025734,105.5,160
1762304025741,108.5,160
1762304025748,111.5,160
1762304025755,114.5,159
1762304025762,116.5,157
1762304025769,118.5,156
1762304025776,121.5,154
1762304025783,124.5,149
1762304025790,127.5,145
1762304025796,131.5,140
1762304025803,133.5,135
1762304025810,136.5,129
1762304025817,137.5,125
1762304025824,137.5,119
1762304025831,137.5,115
1762304025838,137.5,111
1762304025845,135.5,109
1762304025852,133.5,106
1762304025859,131.5,105
1762304025866,129.5,104
1762304025873,128.5,104
1762304025880,126.5,104
1762304025887,124.5,105
1762304025894,123.5,105
1762304025901,121.5,108
1762304025908,119.5,109
1762304025915,117.5,112
1762304025921,115.5,114
1762304025928,114.5,117
1762304025935,113.5,119
1762304025942,112.5,124
1762304025949,112.5,126
1762304025956,112.5,130
1762304025963,113.5,133
1762304025970,116.5,136
1762304025977,118.5,138
1762304025984,121.5,141
1762304025991,123.5,143
1762304025998,126.5,145
1762304026005,128.5,147
1762304026012,131.5,149
1762304026019,133.5,149
1762304026026,135.5,150
1762304026033,137.5,150
1762304026070,137.5,149
1762304026074,137.5,148
1762304026081,138.5,146
1762304026088,138.5,143
1762304026095,138.5,139
1762304026102,139.5,134
1762304026109,139.5,130
1762304026116,139.5,125
1762304026123,139.5,120
1762304026130,137.5,117
1762304026137,136.5,115
1762304026144,135.5,114
1762304026151,133.5,113
1762304026158,131.5,113
1762304026165,129.5,113
1762304026171,127.5,113
1762304026178,124.5,113
1762304026185,121.5,113
1762304026192,118.5,115
1762304026199,116.5,115
1762304026206,113.5,117
1762304026213,110.5,119
1762304026220,107.5,121
1762304026227,105.5,124
1762304026234,103.5,126
1762304026241,101.5,128
1762304026248,100.5,131
1762304026255,99.5,134
1762304026262,99.5,138
1762304026269,99.5,142
1762304026276,99.5,145
1762304026283,101.5,149
1762304026290,102.5,151
1762304026296,105.5,154
1762304026303,106.5,155
1762304026310,109.5,156
1762304026317,110.5,157
1762304026324,112.5,157
1762304026331,114.5,157
1762304026338,116.5,157
1762304026345,117.5,157
1762304026352,118.5,156
1762304026359,119.5,155
1762304026366,121.5,154
1762304026373,122.5,151
1762304026380,124.5,149
1762304026387,126.5,147
1762304026394,127.5,145
1762304026401,128.5,142
1762304026408,129.5,140
1762304026414,129.5,138
1762304026421,129.5,136
1762304026428,128.5,133
1762304026435,127.5,132
1762304026442,125.5,130
1762304026449,123.5,130
1762304026456,121.5,130
1762304026463,120.5,130
1762304026470,117.5,130
1762304026484,115.5,130
1762304026491,113.5,131
1762304026498,112.5,133
1762304026505,110.5,136
1762304026512,107.5,141
1762304026519,105.5,146
1762304026526,102.5,152
1762304026533,100.5,161
1762304026539,99.5,166
1762304026547,99.5,173
1762304026553,99.5,176
1762304026560,100.5,181
1762304026567,102.5,183
1762304026574,104.5,185
1762304026581,106.5,186
1762304026588,108.5,186
1762304026595,110.5,186
1762304026602,112.5,186
1762304026616,115.5,186
1762304026630,117.5,186
1762304026637,119.5,184
1762304026644,121.5,183
1762304026651,124.5,180
1762304026658,127.5,177
1762304026664,130.5,172
1762304026672,132.5,166
1762304026679,136.5,158
1762304026685,137.5,154
1762304026692,138.5,146
1762304026699,138.5,143
1762304026706,138.5,137
1762304026713,138.5,134
1762304026720,136.5,132
1762304026727,135.5,131
1762304026734,133.5,130
1762304026741,131.5,130
1762304026755,130.5,130
1762304026762,129.5,130
1762304026769,128.5,131
1762304026776,127.5,131
1762304026783,127.5,132
1762304026789,126.5,132
1762304026796,125.5,133
1762304026817,124.5,134
1762304026824,123.5,135
1762304026838,122.5,136
1762304026845,121.5,137
1762304026852,120.5,140
1762304026859,119.5,142
1762304026866,118.5,146
1762304026873,118.5,149
1762304026880,118.5,153
1762304026887,118.5,155
1762304026894,118.5,156
1762304026901,119.5,158
1762304026908,119.5,159
1762304026914,119.5,160
1762304026921,120.5,160
1762304026928,121.5,160
1762304026942,122.5,160
1762304026949,123.5,160
1762304026956,123.5,159
1762304026963,124.5,159
1762304026970,124.5,158
1762304026977,124.5,157
1762304026984,124.5,156
1762304026991,124.5,155
1762304027016,124.5,154
1762304027070,124.5,155
1762304027074,124.5,156
1762304027081,123.5,157
1762304027088,122.5,158
1762304027095,122.5,161
1762304027102,120.5,165
1762304027109,120.5,168
1762304027116,118.5,172
1762304027123,117.5,175
1762304027130,116.5,179
1762304027137,115.5,183
1762304027144,115.5,187
1762304027151,114.5,191
1762304027158,113.5,195
1762304027164,113.5,200
1762304027171,113.5,203
1762304027178,113.5,205
1762304027185,113.5,207
1762304027192,112.5,209
1762304027214,112.5,210
1762304027234,112.5,211
1762304027241,112.5,212
1762304027248,112.5,213
1762304027255,112.5,214
1762304027262,112.5,216
1762304027269,112.5,218
1762304027276,112.5,219
1762304027282,111.5,220
1762304027289,111.5,222
1762304027296,111.5,223
1762304027303,111.5,224
1762304027386,110.5,224
1762304027502,110.5,223
1762304027512,111.5,222
1762304027519,111.5,220
1762304027526,112.5,218
1762304027533,113.5,214
1762304027539,114.5,212
1762304027546,115.5,210
1762304027553,115.5,208
1762304027560,116.5,207
1762304027567,116.5,206
1762304027581,116.5,205
1762304027602,116.5,204
1762304027609,115.5,204
1762304027616,113.5,203
1762304027623,112.5,202
1762304027630,110.5,201
1762304027637,109.5,201
1762304027644,107.5,201
1762304027651,106.5,201
1762304027658,105.5,201
1762304027664,104.5,201
1762304027671,103.5,201
1762304027678,102.5,201
1762304027685,101.5,201
1762304027706,100.5,202
1762304027713,100.5,203
1762304027720,99.5,203
1762304027741,99.5,204
1762304027755,99.5,205
1762304027769,100.5,207
1762304027776,101.5,207
1762304027782,104.5,208
1762304027789,107.5,209
1762304027796,109.5,209
1762304027803,112.5,210
1762304027810,116.5,210
1762304027817,118.5,210
1762304027824,121.5,210
1762304027831,123.5,209
1762304027838,126.5,208
1762304027845,128.5,206
1762304027852,130.5,204
1762304027859,131.5,203
1762304027866,132.5,202
1762304027873,133.5,200
1762304027880,133.5,198
1762304027887,133.5,196
1762304027894,134.5,195
1762304027901,134.5,193
1762304027914,134.5,191
1762304027936,133.5,191
1762304027942,131.5,191
1762304027956,129.5,191
1762304027963,128.5,191
1762304027970,126.5,191
1762304027977,124.5,191
1762304027984,121.5,192
1762304027991,118.5,193
1762304027998,114.5,195
1762304028005,110.5,198
1762304028012,105.5,200
1762304028019,101.5,203
1762304028026,98.5,205
1762304028032,95.5,207
1762304028039,93.5,209
1762304028046,91.5,212
1762304028053,90.5,214
1762304028060,90.5,216
1762304028067,90.5,217
1762304028074,90.5,218
1762304028102,91.5,218
1762304028116,93.5,218
1762304028123,96.5,218
1762304028130,100.5,218
1762304028137,104.5,216
1762304028144,109.5,215
1762304028151,117.5,212
1762304028157,122.5,210
1762304028164,128.5,207
1762304028171,131.5,205
1762304028178,133.5,204
1762304028185,134.5,203
1762304028220,133.5,203
1762304028234,131.5,203
1762304028241,130.5,203
1762304028248,126.5,203
1762304028255,124.5,203
1762304028262,121.5,203
1762304028269,115.5,203
1762304028276,111.5,204
1762304028282,103.5,207
1762304028289,98.5,209
1762304028296,91.5,212
1762304028303,87.5,215
1762304028310,81.5,218
1762304028317,79.5,219
1762304028324,77.5,220
1762304028331,77.5,221
1762304028378,78.5,221
1762304028387,79.5,221
1762304028394,81.5,221
1762304028401,85.5,221
1762304028408,89.5,221
1762304028414,96.5,221
1762304028421,104.5,221
1762304028428,114.5,221
1762304028436,123.5,220
1762304028443,132.5,216
1762304028449,138.5,214
1762304028456,143.5,211
1762304028463,144.5,209
1762304028470,145.5,207
1762304028491,145.5,206
1762304028514,144.5,206
1762304028519,143.5,206
1762304028526,142.5,206
1762304028532,140.5,206
1762304028539,137.5,206
1762304028546,133.5,206
1762304028553,129.5,206
1762304028560,123.5,206
1762304028567,117.5,206
1762304028574,111.5,206
1762304028581,106.5,206
1762304028588,101.5,206
1762304028595,99.5,206
1762304028602,96.5,207
1762304028609,95.5,209
1762304028616,94.5,209
1762304028623,93.5,209
1762304028678,94.5,209
1762304028685,95.5,209
1762304028692,99.5,209
1762304028699,103.5,209
1762304028706,111.5,209
1762304028713,117.5,208
1762304028720,125.5,205
1762304028727,131.5,203
1762304028734,136.5,200
1762304028741,139.5,198
1762304028748,140.5,196
1762304028755,140.5,195
1762304028762,140.5,194
1762304028776,140.5,193
1762304028790,139.5,193
1762304028796,137.5,193
1762304028803,135.5,193
1762304028810,131.5,193
1762304028817,128.5,193
1762304028824,122.5,193
1762304028831,116.5,193
1762304028838,109.5,193
1762304028845,104.5,193
1762304028852,98.5,194
1762304028859,93.5,194
1762304028866,88.5,196
1762304028873,84.5,197
1762304028880,79.5,198
1762304028887,76.5,200
1762304028894,74.5,200
1762304028900,71.5,201
1762304028907,70.5,202
1762304028914,69.5,202
1762304028921,68.5,202
1762304028949,68.5,203
1762304028963,69.5,203
1762304028970,72.5,203
1762304028977,74.5,204
1762304028984,81.5,205
1762304028991,88.5,206
1762304028998,100.5,207
1762304029005,110.5,208
1762304029012,123.5,208
1762304029019,138.5,208
1762304029026,150.5,208
1762304029034,156.5,207
1762304029039,157.5,206
1762304029046,159.5,205
1762304029134,159.5,206
1762304029138,158.5,206
1762304029144,157.5,206
1762304029150,154.5,206
1762304029158,151.5,206
1762304029165,145.5,207
1762304029171,140.5,207
1762304029178,131.5,209
1762304029185,124.5,211
1762304029192,115.5,212
1762304029199,109.5,214
1762304029206,100.5,217
1762304029213,94.5,219
1762304029220,88.5,222
1762304029227,85.5,224
1762304029234,81.5,225
1762304029241,80.5,225
1762304029248,79.5,225
1762304029255,79.5,226
1762304029300,80.5,226
1762304029305,81.5,226
1762304029310,84.5,226
1762304029317,87.5,226
1762304029324,92.5,226
1762304029331,97.5,226
1762304029338,103.5,224
1762304029345,106.5,224
1762304029353,109.5,223
1762304029359,111.5,222
1762304029366,112.5,221
1762304029373,113.5,220
1762304029418,112.5,220
1762304029428,111.5,220
1762304029435,109.5,220
1762304029442,107.5,221
1762304029449,105.5,221
1762304029456,100.5,222
1762304029463,97.5,224
1762304029470,90.5,224
1762304029477,87.5,226
1762304029484,82.5,228
1762304029491,78.5,230
1762304029498,76.5,232
1762304029505,74.5,233
1762304029512,74.5,234
1762304029518,74.5,235
1762304029546,75.5,235
1762304029554,77.5,235
1762304029560,79.5,234
1762304029567,82.5,232
1762304029574,90.5,230
1762304029581,98.5,229
1762304029588,109.5,226
1762304029595,118.5,223
1762304029602,128.5,220
1762304029609,133.5,219
1762304029616,137.5,217
1762304029623,139.5,216
1762304029630,141.5,215
1762304029644,142.5,215
1762304029646,142.5,215
1762304029698,143.5,215
1762304029704,143.5,214
1762304029708,144.5,214
1762304029713,145.5,214
1762304029724,145.5,213
1762304029728,146.5,213
1762304029740,147.5,213
1762304029854,146.5,213
1762304029873,146.5,214
1762304029880,145.5,214
1762304029894,144.5,214
1762304029908,143.5,215
1762304029914,142.5,215
1762304029921,140.5,215
1762304029928,137.5,215
1762304029935,134.5,216
1762304029942,130.5,216
1762304029949,124.5,216
1762304029956,117.5,217
1762304029963,111.5,217
1762304029970,103.5,218
1762304029977,97.5,219
1762304029984,88.5,220
1762304029991,82.5,222
1762304029998,76.5,222
1762304030005,73.5,223
1762304030012,70.5,225
1762304030018,67.5,226
1762304030025,66.5,226
1762304030053,66.5,227
1762304030067,68.5,227
1762304030074,70.5,227
1762304030081,72.5,227
1762304030088,75.5,227
1762304030095,78.5,227
1762304030102,83.5,227
1762304030109,88.5,226
1762304030116,95.5,226
1762304030123,101.5,226
1762304030130,111.5,226
1762304030136,117.5,226
1762304030143,122.5,227
1762304030150,128.5,227
1762304030157,130.5,227
1762304030164,133.5,227
1762304030171,134.5,227
1762304030178,135.5,227
1762304030246,135.5,228
1762304030252,134.5,228
1762304030256,133.5,228
1762304030262,131.5,229
1762304030268,128.5,230
1762304030275,123.5,230
1762304030282,116.5,230
1762304030289,109.5,231
1762304030296,101.5,232
1762304030303,97.5,233
1762304030310,93.5,233
1762304030317,92.5,233
1762304030324,91.5,234
1762304030331,90.5,234
1762304030366,91.5,234
1762304030380,93.5,233
1762304030386,95.5,232
1762304030393,99.5,230
1762304030400,106.5,228
1762304030407,114.5,227
1762304030414,128.5,226
1762304030421,141.5,224
1762304030428,160.5,221
1762304030435,176.5,219
1762304030442,189.5,217
1762304030449,196.5,215
1762304030456,199.5,214
1762304030463,200.5,214
1762304030514,199.5,214
1762304030519,198.5,214
1762304030526,196.5,214
1762304030532,192.5,214
1762304030539,188.5,214
1762304030546,183.5,214
1762304030553,178.5,216
1762304030560,172.5,217
1762304030567,167.5,217
1762304030574,160.5,219
1762304030581,156.5,220
1762304030588,150.5,220
1762304030595,146.5,221
1762304030602,140.5,221
1762304030609,137.5,221
1762304030616,130.5,221
1762304030623,126.5,221
1762304030630,121.5,221
1762304030636,116.5,221
1762304030643,112.5,221
1762304030650,107.5,221
1762304030657,104.5,221
1762304030664,101.5,222
1762304030671,99.5,223
1762304030678,97.5,224
1762304030685,95.5,224
1762304030692,93.5,225
1762304030699,93.5,226
1762304030706,91.5,227
1762304030713,90.5,228
1762304030720,89.5,229
1762304030727,87.5,230
1762304030734,86.5,230
1762304030741,84.5,231
1762304030748,84.5,232
1762304030762,84.5,233
1762304030782,85.5,234
1762304030789,86.5,234
1762304030796,88.5,234
1762304030803,90.5,234
1762304030810,92.5,234
1762304030817,94.5,234
1762304030824,97.5,234
1762304030831,100.5,234
1762304030838,103.5,234
1762304030845,106.5,234
1762304030852,110.5,234
1762304030859,112.5,234
1762304030866,115.5,233
1762304030873,117.5,233
1762304030879,119.5,232
1762304030886,120.5,232
1762304030893,121.5,232
1762304030950,120.5,232
1762304030963,118.5,233
1762304030970,114.5,234
1762304030977,109.5,235
1762304030984,103.5,237
1762304030991,96.5,240
1762304030998,88.5,242
1762304031004,83.5,245
1762304031011,80.5,246
1762304031018,78.5,247
1762304031025,77.5,247
1762304031054,78.5,247
1762304031060,79.5,247
1762304031067,81.5,246
1762304031074,85.5,244
1762304031081,89.5,243
1762304031088,96.5,239
1762304031095,104.5,237
1762304031102,117.5,232
1762304031109,133.5,228
1762304031116,152.5,224
1762304031123,165.5,220
1762304031130,178.5,217
1762304031136,182.5,216
1762304031143,184.5,216
1762304031206,183.5,216
1762304031213,182.5,216
1762304031218,181.5,217
1762304031223,180.5,217
1762304031228,178.5,218
1762304031234,175.5,218
1762304031241,171.5,219
1762304031279,146.5,225
1762304031287,141.5,227
1762304031292,137.5,228
1762304031298,134.5,229
1762304031303,132.5,229
1762304031310,129.5,231
1762304031317,126.5,232
1762304031324,122.5,233
1762304031331,120.5,234
1762304031338,117.5,235
1762304031345,114.5,236
1762304031352,112.5,237
1762304031359,110.5,238
1762304031366,109.5,238
1762304031380,108.5,239
1762304031386,108.5,240
1762304031406,109.5,240
1762304031411,110.5,240
1762304031416,112.5,240
1762304031421,113.5,240
1762304031428,116.5,240
1762304031435,118.5,240
1762304031442,121.5,240
1762304031449,122.5,240
1762304031456,125.5,239
1762304031470,127.5,237
1762304031477,128.5,237
1762304031492,128.5,236
1762304031526,127.5,236
1762304031532,125.5,236
1762304031539,122.5,236
1762304031546,116.5,237
1762304031553,110.5,239
1762304031560,101.5,241
1762304031567,94.5,243
1762304031574,85.5,246
1762304031581,80.5,248
1762304031588,74.5,251
1762304031595,71.5,251
1762304031602,68.5,253
1762304031609,67.5,253
1762304031616,66.5,253
1762304031662,67.5,253
1762304031667,68.5,253
1762304031672,70.5,253
1762304031678,74.5,253
1762304031685,78.5,253
1762304031692,84.5,252
1762304031699,90.5,250
1762304031706,97.5,249
1762304031713,103.5,248
1762304031720,110.5,245
1762304031727,115.5,244
1762304031734,119.5,242
1762304031741,121.5,241
1762304031748,123.5,240
1762304031754,124.5,240
1762304031761,125.5,240
1762304031768,127.5,240
1762304031782,130.5,240
1762304031789,131.5,240
1762304031796,132.5,239
1762304031803,133.5,239
1762304031810,134.5,239
1762304031817,135.5,238
1762304031824,136.5,238
1762304031838,137.5,238
1762304031859,138.5,238
1762304031873,139.5,237
1762304031879,140.5,237
1762304031886,142.5,236
1762304031893,143.5,236
1762304031900,145.5,236
1762304031907,147.5,235
1762304031914,149.5,235
1762304031928,150.5,235
1762304032002,151.5,235
1762304032042,152.5,235
1762304032053,153.5,235
1762304032074,154.5,235
1762304032081,154.5,234
1762304032088,155.5,234
1762304032109,156.5,234
1762304032178,155.5,234
1762304032185,154.5,234
1762304032192,153.5,234
1762304032199,152.5,234
1762304032206,148.5,234
1762304032213,145.5,234
1762304032220,137.5,234
1762304032227,131.5,235
1762304032234,123.5,236
1762304032241,118.5,237
1762304032248,112.5,237
1762304032254,110.5,237
1762304032261,108.5,237
1762304032268,105.5,238
1762304032275,103.5,238
1762304032282,101.5,238
1762304032289,100.5,238
1762304032303,99.5,238
1762304032378,99.5,237
1762304032384,100.5,236
1762304032389,102.5,236
1762304032394,105.5,234
1762304032400,108.5,232
1762304032407,114.5,229
1762304032414,124.5,223
1762304032421,131.5,220
1762304032428,140.5,216
1762304032435,145.5,212
1762304032442,149.5,210
1762304032449,151.5,208
1762304032456,152.5,207
1762304032522,151.5,207
1762304032532,150.5,207
1762304032539,148.5,207
1762304032546,145.5,207
1762304032553,141.5,207
1762304032560,136.5,206
1762304032567,131.5,206
1762304032574,125.5,206
1762304032581,119.5,206
1762304032588,113.5,206
1762304032595,109.5,206
1762304032602,105.5,206
1762304032609,103.5,206
1762304032616,102.5,206
1762304032698,103.5,206
1762304032706,104.5,206
1762304032713,105.5,206
1762304032720,109.5,205
1762304032727,112.5,204
1762304032734,117.5,204
1762304032741,123.5,202
1762304032747,131.5,201
1762304032755,138.5,199
1762304032761,144.5,197
1762304032768,149.5,196
1762304032775,151.5,193
1762304032782,153.5,193
1762304032789,153.5,192
1762304032810,153.5,191
1762304032831,151.5,191
1762304032838,149.5,191
1762304032845,146.5,191
1762304032852,141.5,191
1762304032859,135.5,191
1762304032866,127.5,191
1762304032873,119.5,192
1762304032880,110.5,194
1762304032886,99.5,197
1762304032893,91.5,199
1762304032900,82.5,202
1762304032907,78.5,204
1762304032914,74.5,205
1762304032921,72.5,205
1762304032928,71.5,206
1762304032935,70.5,206
1762304032974,71.5,206
1762304032979,72.5,206
1762304032985,74.5,206
1762304032991,75.5,206
1762304032997,77.5,206
1762304033005,79.5,205
1762304033011,80.5,205
1762304033018,82.5,205
1762304033025,83.5,205
1762304033032,85.5,205
1762304033039,86.5,205
1762304033046,87.5,204
1762304033053,89.5,204
1762304033060,90.5,204
1762304033067,91.5,204
1762304033074,94.5,203
1762304033081,95.5,203
1762304033088,97.5,203
1762304033095,99.5,203
1762304033102,101.5,203
1762304033109,102.5,203
1762304033116,104.5,202
1762304033123,104.5,201
1762304033132,105.5,201
1762304033188,104.5,201
1762304033194,103.5,201
1762304033200,101.5,202
1762304033206,100.5,202
1762304033213,99.5,204
1762304033220,95.5,205
1762304033227,93.5,207
1762304033234,89.5,210
1762304033240,87.5,213
1762304033247,86.5,216
1762304033254,85.5,218
1762304033268,85.5,220
1762304033282,86.5,220
1762304033289,87.5,220
1762304033296,89.5,220
1762304033303,90.5,220
1762304033310,94.5,220
1762304033317,97.5,220
1762304033324,102.5,220
1762304033331,108.5,220
1762304033338,117.5,218
1762304033345,125.5,215
1762304033352,135.5,212
1762304033359,141.5,208
1762304033365,147.5,206
1762304033372,149.5,204
1762304033379,151.5,203
1762304033386,152.5,202
1762304033468,152.5,203
1762304033474,151.5,203
1762304033480,150.5,205
1762304033485,148.5,207
1762304033491,146.5,208
1762304033497,142.5,212
1762304033504,138.5,216
1762304033511,134.5,220
1762304033518,130.5,227
1762304033525,127.5,231
1762304033532,125.5,235
1762304033539,124.5,236
1762304033546,124.5,238
1762304033560,124.5,239
1762304033585,125.5,239
1762304033595,126.5,238
1762304033602,127.5,237
1762304033609,129.5,237
1762304033616,132.5,236
1762304033622,135.5,235
1762304033629,139.5,235
1762304033636,144.5,232
1762304033643,148.5,230
1762304033650,153.5,227
1762304033657,157.5,225
1762304033664,162.5,221
1762304033671,164.5,218
1762304033678,166.5,213
1762304033685,167.5,211
1762304033692,169.5,209
1762304033699,169.5,207
1762304033754,168.5,208
1762304033761,166.5,210
1762304033768,163.5,213
1762304033775,161.5,216
1762304033782,156.5,221
1762304033789,151.5,225
1762304033796,145.5,230
1762304033803,139.5,235
1762304033810,133.5,239
1762304033817,130.5,241
1762304033824,126.5,243
1762304033831,125.5,244
1762304033838,123.5,245
1762304033845,122.5,245
1762304033852,122.5,246
1762304033905,123.5,246
1762304033921,125.5,246
1762304033935,126.5,246
1762304033942,128.5,246
1762304033949,128.5,245
1762304033956,129.5,245
1762304033984,130.5,245
1762304034070,130.5,244
1762304034076,129.5,244
1762304034088,128.5,244
1762304034095,127.5,244
1762304034102,124.5,244
1762304034108,122.5,244
1762304034115,120.5,243
1762304034122,116.5,243
1762304034129,113.5,243
1762304034136,110.5,243
1762304034143,106.5,243
1762304034150,102.5,243
1762304034157,99.5,243
1762304034164,96.5,243
1762304034171,95.5,243
1762304034178,93.5,243
1762304034254,94.5,243
1762304034262,95.5,243
1762304034268,97.5,244
1762304034275,99.5,244
1762304034282,104.5,246
1762304034289,107.5,246
1762304034296,112.5,247
1762304034303,114.5,248
1762304034310,118.5,248
1762304034317,120.5,248
1762304034324,122.5,248
1762304034331,123.5,248
1762304034370,124.5,248
1762304034379,125.5,248
1762304034516,126.5,248
1762304034532,127.5,248
1762304034546,128.5,248
1762304034553,129.5,248
1762304034571,130.5,248
1762304034578,131.5,248
1762304034584,132.5,248
1762304034590,133.5,247
1762304034595,134.5,247
1762304034602,136.5,247
1762304034608,137.5,247
1762304034615,140.5,247
1762304034622,142.5,247
1762304034629,143.5,247
1762304034636,145.5,247
1762304034643,147.5,246
1762304034650,149.5,246
1762304034657,150.5,246
1762304034664,151.5,246
1762304034671,151.5,245
1762304034744,150.5,245
1762304034754,149.5,245
1762304034761,148.5,245
1762304034768,147.5,245
1762304034775,145.5,245
1762304034782,144.5,246
1762304034789,143.5,246
1762304034796,141.5,246
1762304034810,139.5,246
1762304034817,137.5,246
1762304034824,136.5,246
1762304034831,135.5,246
1762304034838,134.5,246
1762304034845,133.5,246
1762304034852,132.5,246
1762304034858,131.5,247
1762304034865,130.5,247
1762304034872,128.5,248
1762304034879,126.5,248
1762304034886,124.5,248
1762304034893,123.5,248
1762304034900,122.5,248
1762304034907,120.5,249
1762304034921,119.5,249
1762304034935,118.5,249
1762304034949,117.5,249
1762304034956,115.5,249
1762304034963,114.5,249
1762304034970,113.5,249
1762304034977,111.5,249
1762304034983,109.5,249
1762304034990,108.5,250
1762304034997,106.5,250
1762304035004,104.5,250
1762304035011,102.5,251
1762304035018,100.5,251
1762304035025,98.5,251
1762304035032,96.5,252
1762304035046,95.5,252
1762304035053,94.5,252
1762304035067,93.5,252
1762304035074,92.5,252
1762304035089,91.5,252
1762304035102,90.5,252
1762304035108,89.5,252
1762304035115,87.5,252
1762304035122,86.5,252
1762304035129,85.5,252
1762304035136,83.5,252
1762304035143,82.5,252
1762304035150,80.5,252
1762304035157,79.5,252
1762304035242,80.5,252
1762304035249,80.5,253
1762304035255,82.5,253
1762304035261,84.5,254
1762304035268,85.5,255
1762304035275,87.5,256
1762304035282,89.5,257
1762304035289,91.5,258
1762304035296,93.5,259
1762304035310,94.5,259
1762304035317,95.5,259
1762304035345,96.5,259
1762304035352,97.5,259
1762304035358,98.5,259
1762304035365,99.5,259
1762304035372,102.5,259
1762304035379,105.5,259
1762304035386,109.5,259
1762304035393,111.5,259
1762304035400,113.5,259
1762304035407,115.5,259
1762304035414,117.5,259
1762304035421,119.5,259
1762304035428,120.5,259
1762304035435,122.5,259
1762304035442,123.5,259
1762304035449,124.5,258
1762304035456,126.5,258
1762304035463,127.5,258
1762304035470,129.5,257
1762304035476,131.5,257
1762304035483,134.5,257
1762304035490,136.5,257
1762304035497,138.5,256
1762304035504,139.5,256
1762304035511,141.5,256
1762304035525,143.5,256
1762304035549,143.5,255
1762304035556,144.5,255
1762304035567,145.5,255
1762304035574,146.5,255
1762304035588,147.5,254
1762304035603,148.5,254
1762304035794,147.5,255
1762304035801,146.5,255
1762304035807,144.5,255
1762304035813,142.5,256
1762304035820,140.5,257
1762304035826,137.5,257
1762304035832,135.5,257
1762304035839,132.5,258
1762304035845,130.5,258
1762304035851,126.5,258
1762304035858,124.5,258
1762304035865,120.5,258
1762304035872,118.5,258
1762304035879,115.5,258
1762304035886,113.5,258
1762304035893,111.5,258
1762304035900,108.5,258
1762304035907,106.5,258
1762304035914,103.5,258
1762304035921,101.5,258
1762304035928,97.5,258
1762304035935,95.5,258
1762304035942,93.5,258
1762304035949,90.5,258
1762304035956,88.5,258
1762304035963,86.5,257
1762304035970,85.5,257
1762304035976,84.5,257
1762304035984,82.5,257
1762304035997,81.5,257
1762304036004,80.5,257
1762304036093,80.5,258
1762304036101,81.5,258
1762304036109,83.5,259
1762304036115,85.5,261
1762304036122,88.5,262
1762304036129,91.5,262
1762304036136,94.5,263
1762304036143,97.5,264
1762304036150,100.5,265
1762304036157,102.5,265
1762304036164,104.5,265
1762304036171,105.5,265
1762304036178,106.5,265
1762304036185,107.5,265
1762304036192,109.5,265
1762304036199,110.5,265
1762304036208,113.5,265
1762304036217,115.5,265
1762304036225,117.5,265
1762304036233,118.5,265
1762304036240,119.5,265
1762304036247,120.5,265
1762304036255,121.5,264
1762304036262,122.5,264
1762304036270,123.5,264
1762304036277,124.5,263
1762304036284,126.5,262
1762304036292,128.5,261
1762304036300,130.5,260
1762304036310,133.5,258
1762304036319,136.5,256
1762304036325,138.5,256
1762304036332,140.5,254
1762304036339,142.5,253
1762304036347,144.5,251
1762304036353,147.5,250
1762304036360,149.5,248
1762304036366,150.5,246
1762304036373,153.5,244
1762304036380,155.5,242
1762304036386,157.5,241
1762304036393,159.5,240
1762304036400,161.5,239
1762304036414,163.5,239
1762304036421,163.5,238
1762304036428,164.5,238
1762304036435,165.5,237
1762304036470,165.5,236
1762304036483,166.5,236
1762304036490,166.5,235
1762304036505,166.5,234
1762304036525,166.5,233
1762304036532,166.5,232
1762304036546,166.5,231
1762304036553,166.5,230
1762304036582,165.5,230
1762304036595,164.5,230
1762304036609,162.5,230
1762304036615,161.5,230
1762304036622,160.5,230
1762304036629,159.5,231
1762304036636,158.5,231
1762304036643,155.5,231
1762304036650,153.5,231
1762304036657,152.5,231
1762304036664,151.5,231
1762304036671,149.5,232
1762304036678,148.5,232
1762304036685,147.5,233
1762304036692,145.5,233
1762304036706,143.5,233
1762304036713,142.5,233
1762304036720,140.5,234
1762304036727,139.5,234
1762304036734,138.5,234
1762304036740,137.5,234
1762304036747,136.5,234
1762304036754,134.5,234
1762304036773,133.5,234
1762304036817,133.5,233
1762304036838,132.5,232
1762304036873,132.5,231
1762304036886,132.5,230
1762304036900,132.5,229
1762304036907,132.5,228
1762304036914,132.5,226
1762304036921,132.5,225
1762304036928,132.5,224
1762304036935,132.5,222
1762304036942,132.5,220
1762304036949,132.5,219
1762304036956,131.5,219
1762304036977,130.5,219
1762304036990,130.5,218
1762304036997,129.5,218
1762304037004,127.5,218
1762304037011,127.5,217
1762304037018,125.5,217
1762304037025,123.5,217
1762304037032,121.5,216
1762304037039,119.5,216
1762304037046,116.5,216
1762304037053,116.5,215
1762304037060,115.5,215
1762304037117,115.5,216
1762304037129,116.5,216
1762304037136,117.5,216
1762304037143,118.5,218
1762304037157,119.5,218
1762304037164,120.5,218
1762304037171,122.5,219
1762304037178,123.5,219
1762304037185,124.5,219
1762304037192,125.5,219
1762304037199,126.5,219
1762304037205,127.5,219
1762304037210,127.5,219
1762304037219,128.5,219
1762304037226,129.5,217
1762304037233,131.5,215
1762304037240,132.5,214
1762304037247,133.5,212
1762304037255,135.5,208
1762304037261,136.5,205
1762304037268,138.5,200
1762304037276,140.5,196
1762304037283,141.5,191
1762304037289,142.5,190
1762304037297,142.5,188
1762304037303,143.5,186
1762304037311,143.5,182
1762304037317,143.5,178
1762304037324,143.5,172
1762304037331,144.5,167
1762304037339,144.5,160
1762304037345,144.5,154
1762304037352,144.5,148
1762304037359,144.5,144
1762304037366,144.5,140
1762304037373,144.5,137
1762304037380,143.5,134
1762304037387,142.5,132
1762304037394,141.5,129
1762304037400,140.5,127
1762304037408,138.5,125
1762304037414,137.5,122
1762304037422,135.5,120
1762304037428,134.5,117
1762304037435,132.5,114
1762304037442,131.5,111
1762304037449,131.5,109
1762304037456,130.5,105
1762304037463,130.5,104
1762304037470,130.5,102
1762304037477,130.5,99
1762304037485,130.5,96
1762304037491,130.5,94
1762304037498,130.5,92
1762304037505,131.5,88
1762304037512,132.5,86
1762304037519,132.5,83
1762304037526,132.5,81
1762304037533,132.5,77
1762304037539,132.5,74
1762304037546,132.5,73
1762304037553,132.5,72
1762304037561,132.5,71
1762304037567,132.5,70
1762304037620,132.5,69
1762304037640,132.5,68
1762304037646,132.5,67
1762304037712,131.5,67
1762304037747,130.5,67
1762304037755,129.5,67
1762304037762,127.5,67
1762304037769,126.5,68
1762304037776,124.5,68
1762304037783,122.5,69
1762304037790,120.5,70
1762304037797,118.5,70
1762304037803,116.5,71
1762304037810,113.5,72
1762304037817,111.5,72
1762304037824,110.5,73
1762304037837,107.5,73
1762304037844,105.5,73
1762304037858,104.5,73
1762304037866,103.5,73
1762304037879,101.5,73
1762304037886,100.5,74
1762304037893,98.5,74
1762304037900,96.5,74
1762304037907,95.5,75
1762304037914,92.5,75
1762304037921,90.5,75
1762304037935,89.5,75
1762304038017,90.5,75
1762304038025,91.5,75
1762304038032,93.5,75
1762304038039,94.5,75
1762304038046,95.5,75
1762304038053,96.5,74
1762304038059,98.5,74
1762304038063,98.5,73
1762304038067,100.5,72
1762304038074,103.5,69
1762304038081,107.5,66
1762304038088,116.5,62
1762304038095,124.5,57
1762304038102,135.5,52
1762304038109,145.5,47
1762304038116,155.5,42
1762304038123,163.5,39
1762304038130,169.5,37
1762304038137,173.5,36
1762304038144,174.5,36
1762304038151,177.5,36
1762304038158,180.5,36
1762304038164,187.5,36
1762304038171,192.5,35
1762304038178,200.5,34
1762304038185,203.5,34
1762304038193,209.5,34
1762304038199,213.5,34
1762304038206,218.5,33
1762304038213,222.5,32
1762304038221,229.5,32
1762304038227,236.5,31
1762304038234,247.5,30
1762304038242,256.5,30
1762304038248,266.5,29
1762304038255,279.5,29
1762304038262,291.5,29
1762304038269,307.5,29
1762304038276,320.5,29
1762304038283,333.5,29
1762304038290,342.5,29
1762304038296,351.5,29
1762304038304,357.5,29
1762304038310,359.5,29
1762304038317,361.5,29
1762304038325,365.5,29
1762304038331,367.5,29
1762304038338,371.5,29
1762304038345,375.5,29
1762304038352,382.5,29
1762304038360,388.5,29
1762304038366,395.5,29
1762304038373,400.5,29
1762304038380,402.5,29
1762304038387,404.5,29
1762304038394,405.5,29
1762304038415,406.5,29
1762304038422,406.5,33
1762304038429,408.5,37
1762304038436,411.5,49
1762304038442,414.5,62
1762304038449,418.5,79
1762304038456,427.5,105
1762304038463,436.5,126
1762304038471,452.5,155
1762304038477,464.5,176
1762304038484,479.5,200
1762304038492,489.5,218
1762304038498,499.5,238
1762304038505,512.5,262
1762304038512,521.5,280
1762304038520,533.5,306
1762304038526,541.5,327
1762304038534,551.5,354
1762304038540,557.5,370
1762304038547,567.5,388
1762304038554,574.5,397
1762304038560,577.5,400
1762304038567,579.5,402
1762304038575,581.5,402
1762304038582,582.5,402
1762304038588,583.5,402
1762304038596,584.5,402
1762304038602,585.5,400
1762304038610,588.5,397
1762304038616,590.5,393
1762304038624,592.5,390
1762304038630,595.5,386
1762304038637,598.5,381
1762304038644,600.5,377
1762304038651,602.5,374
1762304038658,603.5,371
1762304038666,606.5,366
1762304038672,608.5,363
1762304038679,611.5,358
1762304038686,613.5,354
1762304038692,614.5,351
1762304038699,615.5,348
1762304038706,617.5,343
1762304038713,618.5,339
1762304038721,619.5,334
1762304038727,620.5,331
1762304038734,621.5,323
1762304038742,622.5,317
1762304038748,624.5,309
1762304038755,626.5,297
1762304038762,627.5,286
1762304038769,628.5,271
1762304038776,628.5,261
1762304038783,628.5,252
1762304038790,628.5,245
1762304038796,628.5,242
1762304038803,628.5,239
1762304038810,628.5,237
1762304038817,627.5,236
1762304038826,627.5,235
1762304038868,627.5,234
1762304038876,627.5,233
1762304038882,628.5,232
1762304038888,632.5,229
1762304038894,637.5,226
1762304038901,648.5,219
1762304038908,655.5,214
1762304038916,660.5,210
1762304038922,664.5,208
1762304038928,668.5,204
1762304038936,671.5,200
1762304038942,672.5,197
1762304038949,673.5,195
1762304038957,673.5,194
1762304038963,673.5,193
1762304038970,674.5,192
1762304038978,677.5,190
1762304038984,682.5,186
1762304038992,689.5,180
1762304038998,699.5,170
1762304039005,706.5,162
1762304039012,710.5,156
1762304039019,717.5,148
1762304039026,723.5,141
1762304039034,734.5,131
1762304039040,741.5,124
1762304039046,748.5,119
1762304039053,753.5,114
1762304039061,760.5,109
1762304039067,764.5,107
1762304039074,767.5,104
1762304039082,768.5,102
1762304039088,769.5,102
1762304039095,769.5,101
1762304039102,769.5,100
1762304039123,769.5,99
1762304039136,769.5,98
1762304039142,769.5,97
1762304039150,769.5,96
1762304039154,769.5,95
1762304039158,769.5,94
1762304039165,770.5,92
1762304039171,771.5,90
1762304039178,771.5,87
1762304039186,772.5,84
1762304039192,773.5,82
1762304039199,774.5,80
1762304039207,774.5,78
1762304039213,774.5,77
1762304039220,774.5,75
1762304039228,774.5,73
1762304039234,774.5,72
1762304039241,774.5,70
1762304039248,774.5,69
1762304039255,774.5,67
1762304039262,774.5,65
1762304039269,774.5,64
1762304039276,773.5,63
1762304039283,773.5,62
1762304039290,773.5,60
1762304039302,772.5,60
1762304039310,772.5,59
1762304039331,772.5,58
1762304039338,772.5,57
1762304039345,771.5,57
1762304039353,771.5,56
1762304039359,770.5,54
1762304039366,770.5,52
1762304039373,770.5,50
1762304039380,770.5,49
1762304039387,770.5,47
1762304039398,770.5,46
1762304039406,770.5,45
1762304039414,770.5,44
1762304039420,770.5,43
1762304039435,770.5,41
1762304039442,770.5,40
1762304039449,770.5,39
1762304039457,769.5,36
1762304039463,768.5,35
1762304039470,768.5,33
1762304039478,767.5,31
1762304039484,766.5,30
1762304039491,766.5,29
1762304039498,766.5,28
1762304039506,765.5,28
1762304039512,765.5,27
1762304039519,764.5,26
1762304039530,763.5,26
1762304039533,763.5,25
1762304039540,762.5,24
1762304039550,761.5,23
1762304039556,760.5,23
1762304039561,760.5,22
1762304039570,759.5,22
1762304039574,759.5,21
1762304039672,758.5,21
1762304039784,758.5,22
1762304039834,758.5,23
1762304039842,759.5,23
1762304039882,760.5,24
1762304039970,761.5,24
1762304040225,762.5,24
1762304040247,763.5,24
1762304040329,764.5,24
1762304040370,765.5,24
1762304040386,766.5,24
1762304040393,767.5,24
1762304040407,768.5,24
1762304040414,769.5,24
1762304040428,769.5,23
1762304040467,770.5,23
1762304040489,771.5,22
1762304040543,771.5,21
1762304040560,772.5,21
1762304040574,773.5,21
1762304040753,774.5,21
1762304040768,775.5,21
1762304040775,776.5,21
1762304040782,778.5,21
1762304040789,780.5,21
1762304040796,782.5,21
1762304040803,784.5,20
1762304040809,786.5,20
1762304040817,787.5,20
1762304040824,788.5,19
1762304040837,789.5,19
1762304040939,790.5,19
1762304041108,791.5,19
1762304041116,792.5,19
1762304041123,793.5,19
1762304041130,794.5,19
1762304041137,795.5,19
1762304041677,794.5,19
1762304041692,792.5,19
1762304041705,790.5,19
1762304041713,789.5,19
1762304041720,788.5,19
1762304041726,785.5,19
1762304041733,783.5,19
1762304041740,781.5,19
1762304041747,779.5,19
1762304041754,777.5,19
1762304041761,775.5,19
1762304041768,774.5,19
1762304041775,772.5,19
1762304041782,770.5,19
1762304041789,768.5,19
1762304041796,766.5,19
1762304041809,764.5,19
1762304041817,763.5,19
1762304041830,762.5,19
1762304041837,761.5,19
1762304042029,762.5,19
1762304042038,763.5,19
1762304042047,764.5,19
1762304042059,765.5,19
1762304042073,767.5,19
1762304042095,768.5,19
1762304042102,769.5,19
1762304042109,769.5,18
1762304042117,770.5,18
1762304042125,771.5,18
1762304042133,772.5,18
1762304042141,773.5,18
1762304042150,774.5,18
1762304042164,776.5,18
1762304042177,778.5,18
1762304042191,779.5,18
1762304042199,780.5,18
1762304042212,781.5,18
1762304042220,782.5,18
1762304042227,783.5,17
1762304042234,784.5,17
1762304042247,785.5,17
1762304042254,786.5,17
1762304042319,787.5,17
1762304042337,788.5,17
1762304042345,789.5,17
1762304042352,791.5,17
1762304042359,792.5,17
1762304042366,793.5,16
1762304042372,795.5,16
1762304042386,796.5,16
1762304042393,797.5,16
1762304042400,798.5,16
1762304042407,799.5,15
1762304042421,800.5,15
1762304042428,801.5,15
1762304042443,802.5,15
1762304042450,803.5,15
1762304042560,803.5,15
1762304042597,802.5,15
1762304042619,801.5,15
1762304042622,800.5,15
1762304042646,799.5,15
1762304042650,799.5,16
1762304042657,798.5,16
1762304042664,797.5,16
1762304042671,796.5,17
1762304042677,794.5,18
1762304042685,793.5,21
1762304042692,789.5,23
1762304042698,787.5,25
1762304042706,782.5,28
1762304042713,778.5,31
1762304042720,772.5,35
1762304042728,767.5,38
1762304042734,761.5,43
1762304042741,754.5,48
1762304042748,747.5,54
1762304042755,741.5,58
1762304042761,736.5,63
1762304042768,731.5,69
1762304042776,728.5,74
1762304042782,727.5,77
1762304042789,727.5,80
1762304042796,727.5,85
1762304042803,727.5,90
1762304042811,729.5,97
1762304042817,732.5,101
1762304042824,736.5,107
1762304042831,738.5,110
1762304042838,740.5,114
1762304042845,742.5,116
1762304042852,744.5,119
1762304042859,745.5,121
1762304042865,746.5,122
1762304042872,747.5,126
1762304042880,747.5,128
1762304042886,748.5,131
1762304042894,749.5,135
1762304042900,749.5,138
1762304042907,749.5,140
1762304042914,750.5,142
1762304042922,753.5,145
1762304042928,758.5,147
1762304042935,763.5,150
1762304043289,762.5,151
1762304043293,758.5,152
1762304043297,756.5,153
1762304043304,755.5,154
1762304043310,752.5,155
1762304043317,747.5,160
1762304043324,737.5,167
1762304043331,730.5,171
1762304043338,718.5,178
1762304043345,709.5,184
1762304043352,698.5,190
1762304043359,690.5,196
1762304043366,684.5,202
1762304043373,673.5,212
1762304043380,663.5,219
1762304043387,649.5,228
1762304043393,638.5,234
1762304043400,627.5,240
1762304043408,621.5,243
1762304043414,618.5,244
1762304043421,617.5,245
1762304043428,616.5,245
1762304043435,615.5,245
1762304043456,615.5,246
1762304043464,615.5,247
1762304043470,615.5,248
1762304043504,614.5,248
1762304043506,611.5,245
1762304043512,606.5,240
1762304043626,605.5,240
1762304043630,604.5,240
1762304043638,599.5,241
1762304043643,597.5,243
1762304043651,590.5,247
1762304043657,587.5,249
1762304043664,583.5,251
1762304043671,581.5,253
1762304043678,580.5,253
1762304043839,581.5,253
1762304043845,582.5,253
1762304043852,586.5,253
1762304043859,590.5,253
1762304043866,596.5,251
1762304043873,602.5,250
1762304043880,608.5,249
1762304043886,615.5,246
1762304043894,620.5,244
1762304043900,628.5,240
1762304043907,633.5,238
1762304043914,640.5,235
1762304043921,646.5,234
1762304043928,651.5,232
1762304043935,655.5,231
1762304043942,659.5,229
1762304043949,661.5,229
1762304043956,665.5,227
1762304043963,666.5,226
1762304043970,668.5,226
1762304043977,669.5,225
1762304043986,669.5,224
1762304043991,670.5,224
1762304044076,671.5,224
1762304044086,672.5,224
1762304044102,674.5,222
1762304044109,675.5,222
1762304044116,677.5,220
1762304044126,678.5,220
1762304044130,678.5,219
1762304044137,679.5,218
1762304044144,681.5,217
1762304044150,683.5,216
1762304044157,684.5,216
1762304044164,686.5,215
1762304044171,688.5,214
1762304044178,690.5,213
1762304044185,692.5,213
1762304044192,694.5,212
1762304044199,696.5,211
1762304044206,700.5,209
1762304044213,703.5,209
1762304044220,707.5,206
1762304044227,710.5,206
1762304044234,714.5,204
1762304044240,718.5,203
1762304044247,721.5,202
1762304044254,724.5,201
1762304044261,725.5,201
1762304044268,726.5,200
1762304044366,727.5,200
1762304044410,728.5,200
1762304044468,729.5,200
1762304044474,730.5,200
1762304044477,730.5,201
1762304044484,731.5,201
1762304044490,732.5,202
1762304044497,733.5,202
1762304044504,734.5,203
1762304044511,736.5,204
1762304044518,737.5,204
1762304044525,737.5,205
1762304044532,738.5,205
1762304044542,739.5,205
1762304044602,740.5,205
1762304044608,740.5,206
1762304044615,741.5,206
1762304044625,741.5,207
1762304044634,742.5,207
1762304044652,743.5,207
1762304044690,744.5,207
1762304044697,745.5,208
1762304044713,746.5,208
1762304044721,747.5,209
1762304044727,749.5,209
1762304044734,750.5,210
1762304044740,751.5,211
1762304044747,752.5,211
1762304044755,753.5,211
1762304044765,754.5,211
1762304044969,753.5,211
1762304044980,752.5,211
1762304044984,751.5,211
1762304044992,750.5,211
1762304044998,749.5,211
1762304045004,748.5,211
1762304045018,747.5,211
1762304045032,746.5,211
1762304045210,745.5,210
1762304045227,745.5,209
1762304045234,745.5,208
1762304045241,744.5,208
1762304045268,744.5,207
1762304045292,744.5,206
1762304045306,744.5,205
1762304045313,744.5,203
1762304045321,744.5,202
1762304045328,744.5,201
1762304045335,744.5,200
1762304045342,744.5,199
1762304045365,744.5,198
1762304045374,745.5,197
1762304045400,745.5,196
1762304045422,745.5,195
1762304045429,746.5,195
1762304045436,747.5,193
1762304045443,748.5,192
1762304045450,750.5,191
1762304045457,751.5,190
1762304045464,752.5,189
1762304045471,753.5,188
1762304045478,754.5,188
1762304045497,755.5,188
1762304045504,756.5,187
1762304045511,757.5,186
1762304045518,758.5,186
1762304045525,759.5,185
1762304045532,760.5,184
1762304045539,761.5,184
1762304045546,762.5,184
1762304045552,764.5,184
1762304045559,765.5,183
1762304045591,766.5,183
1762304045608,767.5,183
1762304045629,768.5,183
1762304045643,769.5,183
1762304045657,770.5,183
1762304045664,771.5,183
1762304045683,772.5,183
1762304045698,773.5,183
1762304045712,774.5,183
1762304045719,775.5,183
1762304045733,776.5,183
1762304045740,777.5,183
1762304045754,778.5,183
1762304045761,779.5,183
1762304045768,780.5,183
1762304045775,781.5,183
1762304045788,782.5,183
1762304045796,783.5,183
1762304045803,784.5,183
1762304045816,785.5,183
1762304045823,786.5,183
1762304045837,787.5,183
1762304045844,788.5,183
1762304045858,788.5,184
1762304045866,790.5,184
1762304045879,791.5,184
1762304045886,792.5,184
1762304045893,793.5,184
1762304045900,793.5,185
1762304045913,794.5,185
1762304045927,795.5,185
1762304045935,795.5,186
1762304045942,796.5,186
1762304045949,797.5,187
1762304045955,798.5,187
1762304045962,799.5,187
1762304045970,801.5,187
1762304045983,802.5,188
1762304045990,803.5,188
1762304045998,804.5,189
1762304046011,805.5,189
1762304046018,805.5,190
1762304046033,806.5,190
1762304046045,807.5,191
1762304046053,808.5,191
1762304046060,809.5,192
1762304046067,810.5,192
1762304046075,812.5,193
1762304046082,812.5,194
1762304046089,814.5,194
1762304046108,815.5,194
1762304046115,816.5,194
1762304046123,816.5,195
1762304046143,817.5,196
1762304046151,818.5,196
1762304046179,819.5,196
1762304046187,819.5,197
1762304046198,820.5,197
1762304046212,820.5,198
1762304046233,821.5,198
1762304046259,822.5,198
1762304046275,822.5,199
1762304046282,823.5,199
1762304046299,823.5,200
1762304046317,824.5,200
1762304046389,823.5,200
1762304046397,822.5,200
1762304046405,821.5,200
1762304046412,819.5,201
1762304046419,818.5,201
1762304046426,817.5,201
1762304046434,816.5,201
1762304046441,815.5,201
1762304046448,814.5,201
1762304046456,813.5,201
1762304046469,812.5,201
1762304046477,811.5,201
1762304046484,810.5,201
1762304046491,809.5,201
1762304046504,808.5,201
1762304046511,807.5,201
1762304046525,806.5,200
1762304046538,806.5,199
1762304046546,805.5,199
1762304046553,804.5,199
1762304046575,803.5,199
1762304046594,802.5,199
1762304046602,802.5,198
1762304046609,801.5,198
1762304046622,800.5,198
1762304046636,799.5,198
1762304046643,798.5,198
1762304046650,798.5,197
1762304046658,797.5,197
1762304046665,796.5,197
1762304046684,795.5,197
1762304046692,794.5,197
1762304046705,793.5,197
1762304046713,792.5,197
1762304046721,791.5,197
1762304046728,789.5,197
1762304046735,788.5,197
1762304046742,787.5,197
1762304046750,785.5,196
1762304046767,783.5,196
1762304046788,783.5,195
1762304046796,782.5,195
1762304046804,781.5,195
1762304046816,780.5,195
1762304046824,779.5,195
1762304046831,778.5,195
1762304046844,777.5,195
1762304046852,776.5,195
1762304046859,775.5,195
1762304046867,774.5,195
1762304046874,773.5,195
1762304046881,772.5,195
1762304046889,771.5,195
1762304046896,770.5,195
1762304046904,769.5,195
1762304046911,768.5,195
1762304046920,767.5,195
1762304046928,766.5,195
1762304046945,765.5,195
1762304046955,764.5,195
1762304046969,763.5,195
1762304046990,761.5,195
1762304047004,760.5,195
1762304047012,759.5,195
1762304047019,758.5,195
1762304047027,757.5,195
1762304047034,756.5,195
1762304047041,755.5,195
1762304047049,755.5,196
1762304047066,754.5,196
1762304047074,753.5,196
1762304047101,752.5,197
1762304047109,751.5,197
1762304047117,751.5,198
1762304047125,750.5,198
1762304047136,749.5,198
1762304047143,749.5,199
1762304047156,748.5,200
1762304047191,748.5,201
1762304047205,747.5,202
1762304047214,747.5,203
1762304047223,746.5,204
1762304047230,746.5,205
1762304047243,746.5,206
1762304047261,746.5,207
1762304047317,746.5,208
1762304047330,746.5,209
1762304047351,746.5,210
1762304047393,746.5,210
1762304047403,747.5,210
1762304047420,748.5,210
1762304047428,749.5,209
1762304047434,750.5,209
1762304047443,750.5,208
1762304047465,750.5,207
1762304047503,749.5,207
1762304047511,748.5,208
1762304047519,743.5,213
1762304047525,741.5,216
1762304047532,735.5,221
1762304047539,732.5,226
1762304047546,727.5,232
1762304047553,723.5,238
1762304047560,720.5,245
1762304047567,718.5,250
1762304047574,716.5,254
1762304047581,715.5,256
1762304047588,714.5,259
1762304047594,713.5,260
1762304047601,712.5,260
1762304047608,710.5,260
1762304047615,710.5,259
1762304047622,710.5,257
1762304047629,710.5,255
1762304047637,710.5,253
1762304047643,711.5,251
1762304047650,712.5,247
1762304047657,713.5,243
1762304047664,715.5,237
1762304047671,720.5,231
1762304047678,729.5,221
1762304047685,738.5,211
1762304047692,739.5,212
1762304048004,739.5,213
1762304048012,737.5,214
1762304048019,737.5,215
1762304048025,736.5,216
1762304048032,732.5,219
1762304048039,729.5,222
1762304048046,725.5,227
1762304048053,723.5,231
1762304048060,721.5,234
1762304048067,720.5,236
1762304048074,718.5,238
1762304048080,717.5,240
1762304048088,716.5,242
1762304048094,716.5,244
1762304048101,716.5,246
1762304048108,715.5,250
1762304048115,714.5,253
1762304048122,714.5,256
1762304048129,712.5,259
1762304048136,711.5,261
1762304048143,711.5,263
1762304048150,709.5,265
1762304048157,709.5,266
1762304048164,706.5,270
1762304048171,705.5,273
1762304048178,703.5,277
1762304048185,701.5,280
1762304048192,699.5,283
1762304048199,696.5,288
1762304048206,694.5,292
1762304048213,692.5,296
1762304048220,689.5,301
1762304048227,688.5,307
1762304048234,685.5,313
1762304048240,681.5,321
1762304048247,678.5,328
1762304048254,673.5,338
1762304048261,670.5,347
1762304048268,663.5,358
1762304048275,659.5,368
1762304048282,651.5,384
1762304048289,644.5,399
1762304048296,636.5,419
1762304048303,629.5,435
1762304048310,621.5,457
1762304048317,615.5,472
1762304048324,607.5,492
1762304048331,601.5,507
1762304048338,593.5,524
1762304048345,590.5,535
1762304048352,587.5,546
1762304048358,583.5,559
1762304048365,582.5,567
1762304048372,580.5,575
1762304048379,578.5,581
1762304048386,577.5,588
1762304048393,576.5,593
1762304048401,574.5,599
1762304051463,578.5,589
1762304051470,561.5,569
1762304051476,534.5,537
1762304051483,514.5,517
1762304051490,484.5,482
1762304051497,462.5,461
1762304051504,435.5,437
1762304051511,421.5,427
1762304051518,407.5,416
1762304051525,399.5,410
1762304051532,391.5,404
1762304051539,385.5,400
1762304051546,377.5,396
1762304051553,371.5,392
1762304051560,363.5,387
1762304051567,358.5,384
1762304051574,353.5,381
1762304051580,348.5,377
1762304051587,344.5,374
1762304051594,341.5,372
1762304051601,337.5,369
1762304051608,332.5,366
1762304051615,327.5,363
1762304051622,319.5,358
1762304051629,312.5,354
1762304051636,303.5,348
1762304051643,297.5,345
1762304051650,290.5,341
1762304051657,287.5,340
1762304051664,285.5,339
1762304051671,283.5,338
1762304051678,280.5,337
1762304051685,277.5,336
1762304051692,274.5,335
1762304051699,271.5,333
1762304051706,265.5,330
1762304051712,259.5,326
1762304051719,250.5,322
1762304051726,232.5,314
1762304051733,214.5,306
1762304051740,188.5,294
1762304051747,167.5,285
1762304051754,145.5,275
1762304051761,132.5,269
1762304051767,124.5,266
1762304051774,122.5,264
1762304051865,122.5,263
1762304051872,122.5,262
1762304051878,122.5,261
1762304051885,122.5,260
1762304051893,123.5,259
1762304051900,123.5,257
1762304051906,125.5,255
1762304051913,126.5,253
1762304051920,127.5,252
1762304051927,128.5,250
1762304051934,130.5,247
1762304051941,132.5,244
1762304051948,133.5,242
1762304051955,134.5,239
1762304051962,135.5,237
1762304051969,136.5,235
1762304051976,137.5,234
1762304051983,137.5,233
1762304051990,137.5,231
1762304052011,137.5,230
1762304052018,137.5,229
1762304052024,137.5,228
1762304052031,137.5,226
1762304052038,137.5,225
1762304052045,137.5,224
1762304052052,137.5,223
1762304052063,136.5,223
1762304052183,135.5,223
1762304052191,135.5,222
1762304052212,134.5,222
1762304052220,133.5,222
1762304052228,131.5,222
1762304052236,129.5,221
1762304052244,128.5,220
1762304052252,126.5,219
1762304052260,122.5,218
1762304052268,120.5,217
1762304052275,117.5,216
1762304052283,115.5,215
1762304052292,113.5,215
1762304052300,112.5,215
1762304052308,110.5,215
1762304052318,107.5,215
1762304052326,106.5,215
1762304052334,105.5,215
1762304052341,103.5,215
1762304052353,103.5,216
1762304052360,102.5,216
1762304052369,101.5,217
1762304052377,100.5,218
1762304052384,99.5,219
1762304052392,98.5,219
1762304052400,96.5,221
1762304052409,95.5,223
1762304052418,94.5,224
1762304052427,93.5,225
1762304052435,92.5,226
1762304052448,92.5,227
1762304052462,92.5,228
1762304052470,92.5,229
1762304052482,92.5,230
1762304052491,92.5,232
1762304052517,92.5,233
1762304052526,92.5,234
1762304052534,93.5,235
1762304052542,95.5,236
1762304052549,97.5,236
1762304052558,101.5,236
1762304052566,104.5,236
1762304052574,107.5,236
1762304052582,110.5,236
1762304052590,114.5,236
1762304052598,116.5,234
1762304052607,119.5,232
1762304052615,122.5,230
1762304052623,123.5,228
1762304052631,125.5,225
1762304052639,127.5,221
1762304052647,127.5,218
1762304052655,127.5,216
1762304052663,127.5,214
1762304052671,127.5,213
1762304052679,127.5,212
1762304052691,126.5,212
1762304052699,125.5,212
1762304052708,123.5,212
1762304052716,120.5,211
1762304052724,118.5,210
1762304052732,117.5,210
1762304052741,115.5,208
1762304052750,113.5,207
1762304052758,111.5,206
1762304052766,109.5,206
1762304052774,108.5,205
1762304052782,107.5,204
1762304052790,106.5,204
1762304052802,105.5,204
1762304052811,104.5,204
1762304052825,103.5,204
1762304052833,102.5,204
1762304052841,101.5,204
1762304052849,100.5,204
1762304052864,99.5,204
1762304052873,98.5,205
1762304052882,97.5,205
1762304052890,96.5,205
1762304052901,96.5,206
1762304052909,95.5,206
1762304052917,94.5,207
1762304052925,94.5,208
1762304052933,93.5,209
1762304052941,92.5,211
1762304052949,91.5,212
1762304052958,90.5,213
1762304052967,89.5,215
1762304052975,88.5,216
1762304052983,87.5,217
1762304052991,87.5,218
1762304053000,86.5,218
1762304053008,85.5,219
1762304053016,84.5,220
1762304053025,83.5,222
1762304053038,83.5,223
1762304053046,83.5,224
1762304053054,82.5,224
1762304053063,81.5,224
1762304053087,80.5,224
1762304053161,80.5,223
1762304053169,79.5,221
1762304053178,79.5,219
1762304053186,79.5,218
1762304053195,78.5,216
1762304053203,77.5,215
1762304053212,77.5,214
1762304053225,76.5,214
1762304053333,76.5,213
1762304053473,76.5,214
1762304053482,76.5,215
1762304053490,77.5,216
1762304053499,77.5,218
1762304053507,78.5,220
1762304053515,78.5,223
1762304053524,78.5,226
1762304053532,78.5,228
1762304053541,77.5,232
1762304053549,76.5,235
1762304053558,76.5,237
1762304053566,76.5,238
1762304053574,75.5,239
1762304053586,75.5,240
1762304053595,75.5,241
1762304053603,75.5,242
1762304053612,75.5,243
1762304053620,74.5,244
1762304053628,74.5,246
1762304053636,74.5,247
1762304053644,74.5,248
1762304053652,74.5,249
1762304053661,74.5,250
1762304053817,74.5,249
1762304053829,74.5,248
1762304053838,74.5,245
1762304053848,74.5,242
1762304053857,74.5,235
1762304053866,74.5,230
1762304053875,76.5,225
1762304053883,76.5,223
1762304053892,77.5,222
1762304053906,77.5,221
1762304053945,78.5,221
1762304053955,78.5,219
1762304053964,79.5,217
1762304053973,81.5,215
1762304053981,81.5,214
1762304054061,82.5,214
1762304054070,83.5,214
1762304054078,83.5,215
1762304054087,85.5,217
1762304054096,86.5,220
1762304054105,88.5,224
1762304054113,88.5,228
1762304054122,89.5,232
1762304054131,90.5,234
1762304054140,91.5,236
1762304054148,91.5,237
1762304054239,92.5,237
1762304054251,93.5,235
1762304054261,94.5,233
1762304054269,95.5,231
1762304054278,97.5,228
1762304054286,98.5,226
1762304054296,102.5,221
1762304054305,105.5,217
1762304054311,108.5,214
1762304054315,110.5,213
1762304054317,111.5,211
1762304054323,114.5,209
1762304054330,118.5,208
1762304054337,122.5,205
1762304054345,127.5,202
1762304054351,130.5,202
1762304054358,135.5,199
1762304054364,138.5,199
1762304054371,142.5,198
1762304054378,143.5,197
1762304054386,144.5,197
1762304054392,145.5,197
1762304054399,146.5,197
1762304054423,147.5,197
1762304054461,148.5,197
1762304054491,149.5,197
1762304054513,150.5,197
1762304054517,150.5,198
1762304054587,150.5,199
1762304054607,150.5,200
1762304054615,150.5,201
1762304054622,151.5,202
1762304054625,151.5,203
1762304054631,152.5,205
1762304054639,153.5,209
1762304054648,153.5,211
1762304054658,153.5,215
1762304054667,153.5,218
1762304054676,154.5,221
1762304054685,154.5,225
1762304054693,154.5,227
1762304054701,154.5,229
1762304054710,154.5,231
1762304054726,154.5,232
1762304054779,154.5,233
1762304054911,154.5,232
1762304054927,154.5,231
1762304054936,154.5,230
1762304054945,154.5,228
1762304054954,154.5,226
1762304054962,154.5,224
1762304054971,154.5,221
1762304054980,154.5,220
1762304054989,154.5,218
1762304054997,154.5,217
1762304055005,154.5,216
1762304055014,154.5,215
1762304055093,154.5,216
1762304055107,154.5,217
1762304055116,155.5,218
1762304055125,155.5,220
1762304055133,156.5,222
1762304055143,157.5,225
1762304055152,157.5,227
1762304055161,157.5,229
1762304055170,157.5,230
1762304055178,158.5,232
1762304055187,158.5,233
1762304055197,158.5,234
1762304055211,158.5,235
1762304055221,158.5,236
1762304055230,158.5,237
1762304055239,158.5,240
1762304055247,159.5,241
1762304055256,159.5,242
1762304055264,159.5,244
1762304055281,159.5,245
1762304055290,159.5,246
1762304055363,159.5,247
1762304055373,159.5,248
1762304055381,160.5,248
1762304055390,160.5,249
1762304055398,160.5,250
1762304055413,161.5,250
1762304055519,161.5,251
1762304055543,161.5,252
1762304055579,161.5,253
1762304055588,160.5,253
1762304055600,159.5,253
1762304055609,158.5,253
1762304055618,157.5,253
1762304055627,156.5,253
1762304055642,155.5,253
1762304055651,154.5,253
1762304055666,153.5,253
1762304055675,152.5,253
1762304055683,151.5,253
1762304055692,150.5,253
1762304055700,149.5,254
1762304055718,148.5,254
1762304055728,147.5,254
1762304055941,146.5,254
1762304055954,145.5,254
1762304055968,144.5,254
1762304055978,143.5,254
1762304055987,142.5,254
1762304055996,141.5,254
1762304056045,141.5,253
1762304056055,140.5,253
1762304056064,139.5,251
1762304056073,137.5,248
1762304056082,137.5,247
1762304056087,135.5,241
1762304056092,134.5,238
1762304056093,134.5,237
1762304056100,133.5,232
1762304056107,133.5,225
1762304056114,133.5,221
1762304056122,133.5,214
1762304056128,133.5,210
1762304056135,133.5,205
1762304056143,133.5,201
1762304056149,133.5,200
1762304056271,132.5,200
1762304056288,131.5,201
1762304056303,130.5,201
1762304056315,129.5,201
1762304056326,129.5,202
1762304056335,128.5,202
1762304056347,125.5,203
1762304056358,122.5,205
1762304056372,118.5,206
1762304056381,114.5,208
1762304056390,111.5,210
1762304056400,107.5,212
1762304056410,103.5,215
1762304056419,99.5,218
1762304056428,95.5,221
1762304056438,93.5,222
1762304056447,91.5,223
1762304056457,90.5,224
1762304056465,89.5,225
1762304056532,89.5,225
1762304056540,89.5,224
1762304056548,89.5,223
1762304056552,90.5,222
1762304056559,90.5,219
1762304056566,92.5,215
1762304056573,94.5,208
1762304056580,95.5,202
1762304056587,98.5,194
1762304056594,98.5,187
1762304056601,100.5,181
1762304056608,101.5,174
1762304056614,101.5,169
1762304056622,101.5,164
1762304056629,101.5,160
1762304056635,101.5,157
1762304056643,101.5,154
1762304056649,101.5,152
1762304056656,100.5,150
1762304056663,99.5,148
1762304056671,98.5,145
1762304056677,97.5,144
1762304056684,97.5,143
1762304056692,96.5,142
1762304056698,95.5,142
1762304056731,94.5,142
1762304056737,93.5,142
1762304056745,92.5,142
1762304056753,92.5,141
1762304056761,91.5,141
1762304056767,90.5,140
1762304056775,88.5,139
1762304056781,87.5,138
1762304056788,86.5,138
1762304056795,84.5,137
1762304056802,83.5,136
1762304056809,82.5,135
1762304056816,82.5,134
1762304056823,80.5,133
1762304056830,79.5,132
1762304056841,79.5,131
1762304056849,78.5,131
1762304056865,77.5,131
1762304056875,76.5,131
1762304056881,75.5,131
1762304056889,74.5,131
1762304056893,73.5,131
1762304056903,72.5,131
1762304056911,71.5,131
1762304056939,70.5,131
1762304056947,69.5,131
1762304057052,69.5,132
1762304057061,69.5,133
1762304057070,69.5,135
1762304057079,70.5,140
1762304057088,70.5,144
1762304057097,71.5,148
1762304057106,71.5,151
1762304057116,71.5,153
1762304057124,72.5,155
1762304057134,72.5,157
1762304057142,72.5,158
1762304057151,72.5,160
1762304057160,72.5,161
1762304057168,72.5,162
1762304057177,72.5,163
1762304057185,72.5,164
1762304057299,72.5,165
1762304057378,72.5,164
1762304057388,72.5,163
1762304057397,72.5,161
1762304057406,72.5,158
1762304057415,72.5,156
1762304057424,72.5,153
1762304057433,72.5,150
1762304057442,72.5,149
1762304057450,72.5,148
1762304057459,72.5,146
1762304057467,72.5,145
1762304057482,72.5,144
1762304057491,72.5,143
1762304057504,72.5,142
1762304057517,72.5,141
1762304057538,72.5,140
1762304057552,72.5,139
1762304057644,73.5,139
1762304057656,74.5,139
1762304057674,75.5,139
1762304057683,76.5,139
1762304057692,77.5,139
1762304057701,80.5,139
1762304057710,81.5,140
1762304057719,83.5,141
1762304057728,85.5,142
1762304057737,86.5,144
1762304057746,87.5,144
1762304057755,87.5,146
1762304057764,88.5,146
1762304057854,88.5,145
1762304057865,87.5,145
1762304057874,86.5,143
1762304057884,84.5,142
1762304057894,84.5,141
1762304057903,83.5,139
1762304057912,82.5,139
1762304057921,82.5,138
1762304057931,81.5,137
1762304057940,81.5,135
1762304057949,80.5,135
1762304057959,80.5,133
1762304057968,79.5,132
1762304057977,78.5,132
1762304058050,77.5,132
1762304058060,76.5,132
1762304058086,75.5,132
1762304058162,75.5,131
1762304058184,75.5,130
1762304058194,75.5,128
1762304058204,75.5,124
1762304058214,76.5,121
1762304058223,77.5,117
1762304058233,77.5,115
1762304058246,77.5,114
1762304058255,77.5,113
1762304058264,78.5,113
1762304058273,78.5,112
1762304058282,78.5,111
1762304058295,79.5,111
1762304058316,79.5,110
1762304058403,80.5,110
1762304058413,81.5,110
1762304058426,82.5,110
1762304058436,83.5,110
1762304058445,85.5,110
1762304058454,86.5,110
1762304058463,87.5,110
1762304058472,88.5,110
1762304058481,89.5,110
1762304058490,90.5,110
1762304058500,91.5,110
1762304058508,92.5,110
1762304058530,93.5,110
1762304058552,94.5,109
1762304058566,95.5,108
1762304058575,96.5,108
1762304058584,96.5,107
1762304058594,97.5,106
1762304058602,98.5,105
1762304058612,99.5,104
1762304058624,99.5,103
1762304058642,99.5,102
1762304058692,100.5,102
1762304058702,100.5,101
1762304058711,100.5,100
1762304058725,101.5,100
1762304058761,102.5,100
1762304058794,104.5,100
1762304058805,106.5,100
1762304058815,108.5,101
1762304058824,109.5,101
1762304058833,110.5,101
1762304058842,111.5,101
1762304058851,113.5,101
1762304058861,113.5,102
1762304058870,115.5,103
1762304058879,116.5,103
1762304058888,117.5,105
1762304058898,119.5,105
1762304058907,121.5,106
1762304058917,122.5,106
1762304058926,122.5,107
1762304058935,123.5,107
1762304058994,124.5,107
1762304059018,124.5,106
1762304059028,126.5,106
1762304059037,126.5,105
1762304059046,127.5,104
1762304059056,128.5,102
1762304059065,130.5,100
1762304059075,131.5,98
1762304059085,132.5,97
1762304059094,132.5,96
1762304059168,133.5,96
1762304059179,134.5,96
1762304059188,136.5,96
1762304059198,137.5,97
1762304059208,140.5,99
1762304059218,143.5,100
1762304059227,146.5,102
1762304059237,149.5,104
1762304059246,150.5,106
1762304059256,152.5,109
1762304059265,154.5,111
1762304059275,154.5,112
1762304059284,154.5,113
1762304059302,154.5,114
1762304059315,155.5,114
1762304059325,156.5,115
1762304059334,157.5,117
1762304059344,157.5,119
1762304059353,158.5,120
1762304059363,159.5,122
1762304059372,160.5,123
1762304059385,160.5,124
1762304059431,160.5,125
1762304059447,161.5,126
1762304059457,162.5,127
1762304059467,163.5,128
1762304059477,163.5,130
1762304059486,164.5,132
1762304059495,165.5,135
1762304059505,165.5,138
1762304059514,165.5,140
1762304059523,166.5,142
1762304059533,166.5,144
1762304059588,165.5,144
1762304059599,164.5,145
1762304059608,164.5,146
1762304059617,162.5,146
1762304059627,161.5,147
1762304059636,160.5,147
1762304059645,159.5,147
1762304059655,158.5,148
1762304059664,157.5,148
1762304059673,156.5,148
1762304059682,155.5,148
1762304059692,154.5,149
1762304059701,153.5,150
1762304059711,152.5,150
1762304059721,151.5,150
1762304059734,150.5,150
1762304059744,149.5,151
1762304059753,148.5,152
1762304059762,147.5,153
1762304059771,145.5,154
1762304059781,143.5,154
1762304059790,142.5,155
1762304059800,141.5,155
1762304059810,140.5,156
1762304059819,140.5,157
1762304059828,139.5,157
1762304059837,138.5,157
1762304059846,136.5,157
1762304059856,134.5,157
1762304059866,132.5,157
1762304059875,129.5,157
1762304059885,127.5,157
1762304059895,125.5,158
1762304059905,122.5,158
1762304059915,119.5,159
1762304059924,116.5,159
1762304059933,114.5,159
1762304059943,112.5,160
1762304059952,111.5,160
1762304059968,110.5,160
1762304060028,109.5,160
1762304060068,108.5,160
1762304060100,107.5,160
1762304060110,106.5,160
1762304060120,105.5,160
1762304060148,104.5,160
1762304060162,103.5,160
1762304060183,102.5,160
1762304060193,101.5,159
1762304060203,99.5,159
1762304060212,97.5,158
1762304060223,96.5,158
1762304060232,95.5,158
1762304060242,94.5,157
1762304060251,93.5,157
1762304060261,92.5,157
1762304060270,91.5,157
1762304060279,90.5,157
1762304060289,89.5,156
1762304060299,88.5,156
1762304060309,86.5,155
1762304060318,84.5,154
1762304060328,83.5,154
1762304060400,83.5,153
1762304060419,83.5,152
1762304060430,85.5,152
1762304060440,86.5,151
1762304060449,88.5,150
1762304060459,89.5,149
1762304060469,91.5,148
1762304060479,92.5,147
1762304060489,94.5,147
1762304060498,96.5,147
1762304060508,98.5,146
1762304060517,99.5,145
1762304060527,100.5,145
1762304060537,102.5,145
1762304060547,104.5,145
1762304060557,106.5,144
1762304060567,107.5,143
1762304060577,109.5,143
1762304060587,112.5,143
1762304060598,114.5,142
1762304060614,118.5,141
1762304060624,121.5,141
1762304060634,123.5,141
1762304060644,124.5,141
1762304060654,126.5,141
1762304060665,128.5,141
1762304060675,130.5,141
1762304060684,131.5,141
1762304060695,132.5,141
1762304060705,134.5,141
1762304060715,136.5,141
1762304060725,137.5,141
1762304060735,139.5,141
1762304060745,141.5,141
1762304060755,142.5,141
1762304060765,144.5,141
1762304060775,145.5,141
1762304060785,147.5,141
1762304060801,148.5,141
1762304060812,149.5,141
1762304060822,150.5,141
1762304060831,151.5,142
1762304060841,152.5,142
1762304060870,153.5,142
1762304060885,153.5,143
1762304060941,153.5,144
1762304060951,154.5,144
1762304060982,154.5,145
1762304061017,154.5,146
1762304061068,154.5,147
1762304061090,153.5,147
1762304061114,152.5,147
1762304061123,151.5,147
1762304061128,151.5,147
1762304061133,150.5,147
1762304061142,148.5,147
1762304061149,147.5,146
1762304061157,146.5,145
1762304061162,145.5,145
1762304061170,143.5,143
1762304061177,141.5,141
1762304061183,139.5,139
1762304061190,137.5,138
1762304061197,136.5,136
1762304061205,133.5,134
1762304061212,132.5,132
1762304061219,131.5,131
1762304061226,129.5,130
1762304061233,127.5,129
1762304061240,127.5,128
1762304061247,125.5,127
1762304061254,124.5,126
1762304061275,123.5,126
1762304061332,123.5,125
1762304061337,124.5,125
1762304061345,127.5,124
1762304061351,131.5,122
1762304061358,136.5,120
1762304061365,145.5,117
1762304061372,152.5,113
1762304061378,161.5,111
1762304061386,172.5,107
1762304061393,184.5,104
1762304061399,192.5,101
1762304061406,200.5,98
1762304061415,209.5,97
1762304061421,216.5,95
1762304061427,223.5,93
1762304061435,228.5,93
1762304061441,232.5,91
1762304061448,234.5,90
1762304061456,237.5,90
1762304061462,239.5,90
1762304061469,240.5,90
1762304061477,243.5,89
1762304061483,244.5,89
1762304061490,245.5,89
1762304061497,247.5,89
1762304061504,248.5,89
1762304061511,249.5,89
1762304061518,250.5,89
1762304061525,252.5,89
1762304061531,253.5,89
1762304061539,254.5,89
1762304061545,255.5,90
1762304061552,256.5,92
1762304061560,259.5,96
1762304061566,261.5,99
1762304061573,264.5,102
1762304061581,268.5,107
1762304061587,272.5,111
1762304061594,277.5,117
1762304061601,280.5,121
1762304061608,282.5,124
1762304061615,283.5,125
1762304061623,286.5,129
1762304061629,289.5,132
1762304061636,295.5,138
1762304061643,305.5,150
1762304061649,316.5,163
1762304061656,329.5,178
1762304061663,345.5,199
1762304061671,377.5,240
1762304061677,398.5,268
1762304061684,418.5,296
1762304061691,446.5,335
1762304061698,464.5,362
1762304061705,483.5,400
1762304061712,494.5,424
1762304061719,501.5,445
1762304061727,509.5,470
1762304061733,512.5,483
1762304061740,514.5,500
1762304061747,515.5,511
1762304061754,518.5,526
1762304061761,520.5,541
1762304061768,523.5,562
1762304061775,526.5,577
1762304061781,533.5,598
-1,-1,-1
1762304014385,92.5,42
1762304014628,93.5,42
1762304014638,94.5,41
1762304014645,96.5,41
1762304014651,96.5,40
1762304014658,97.5,40
1762304014665,98.5,39
1762304014679,99.5,39
1762304014686,100.5,39
1762304014693,100.5,38
1762304014700,101.5,38
1762304014707,102.5,38
1762304014714,102.5,37
1762304014721,103.5,37
1762304014728,104.5,37
1762304014742,105.5,37
1762304014749,106.5,37
1762304014756,107.5,37
1762304014762,109.5,37
1762304014769,109.5,36
1762304014776,111.5,35
1762304014791,113.5,35
1762304014797,113.5,34
1762304014804,114.5,34
1762304014811,115.5,34
1762304014825,116.5,34
1762304014840,117.5,34
1762304014860,119.5,34
1762304014874,120.5,33
1762304014881,121.5,33
1762304014888,122.5,33
1762304014895,123.5,33
1762304014901,124.5,33
1762304014908,125.5,33
1762304014915,126.5,33
1762304014929,127.5,33
1762304014943,128.5,33
1762304014957,130.5,33
1762304014971,132.5,33
1762304014986,134.5,33
1762304014999,136.5,33
1762304015006,137.5,33
1762304015020,138.5,33
1762304015026,139.5,33
1762304015040,140.5,33
1762304015054,141.5,33
1762304015061,142.5,33
1762304015068,143.5,33
1762304015082,144.5,33
1762304015089,145.5,33
1762304015103,146.5,33
1762304015124,147.5,33
1762304015158,147.5,34
1762304015285,147.5,35
1762304015290,146.5,35
1762304015304,145.5,35
1762304015311,144.5,36
1762304015325,143.5,36
1762304015332,142.5,36
1762304015346,141.5,36
1762304015361,140.5,36
1762304015374,139.5,36
1762304015388,138.5,36
1762304015408,137.5,36
1762304015415,136.5,36
1762304015422,135.5,36
1762304015436,134.5,36
1762304015450,133.5,37
1762304015464,132.5,37
1762304015471,131.5,37
1762304015485,130.5,37
1762304015499,129.5,37
1762304015505,129.5,38
1762304015520,128.5,38
1762304015526,127.5,38
1762304015541,126.5,38
1762304015547,125.5,38
1762304015561,124.5,39
1762304015568,123.5,39
1762304015575,122.5,39
1762304015582,122.5,40
1762304015589,120.5,40
1762304015610,118.5,41
1762304015624,117.5,41
1762304015631,116.5,42
1762304015644,115.5,43
1762304015665,114.5,43
1762304015692,113.5,43
1762304015707,112.5,43
1762304015714,112.5,44
1762304015721,112.5,45
1762304015728,111.5,45
1762304015735,110.5,45
1762304015749,109.5,45
1762304015756,109.5,46
1762304015762,108.5,46
1762304015777,107.5,47
1762304015811,106.5,47
1762304015826,105.5,47
1762304015832,105.5,48
1762304015848,104.5,48
1762304015860,103.5,48
1762304015881,102.5,48
1762304015894,101.5,49
1762304015944,100.5,49
1762304015968,99.5,49
1762304015985,98.5,49
1762304015999,97.5,49
1762304016005,97.5,50
1762304016020,96.5,50
1762304016033,95.5,50
1762304016040,94.5,51
1762304016068,93.5,51
1762304016075,92.5,52
1762304016184,93.5,52
1762304016193,94.5,52
1762304016200,95.5,52
1762304016207,97.5,51
1762304016214,98.5,51
1762304016221,100.5,50
1762304016228,101.5,50
1762304016235,102.5,50
1762304016242,104.5,50
1762304016248,105.5,50
1762304016255,106.5,50
1762304016262,108.5,50
1762304016269,109.5,49
1762304016276,110.5,49
1762304016283,111.5,49
1762304016300,111.5,48
1762304016318,112.5,48
1762304016339,113.5,48
1762304016353,114.5,48
1762304016367,115.5,48
1762304016373,116.5,48
1762304016380,117.5,48
1762304016387,118.5,48
1762304016394,119.5,48
1762304016401,122.5,47
1762304016408,124.5,46
1762304016415,125.5,46
1762304016422,126.5,45
1762304016429,128.5,44
1762304016443,129.5,44
1762304016556,130.5,44
1762304016612,131.5,44
1762304016624,132.5,44
1762304016637,133.5,44
1762304016644,135.5,44
1762304016651,137.5,45
1762304016658,138.5,45
1762304016665,139.5,45
1762304016672,140.5,46
1762304016679,141.5,46
1762304016686,142.5,46
1762304016693,143.5,47
1762304016838,142.5,47
1762304016847,141.5,47
1762304016853,140.5,47
1762304016860,138.5,48
1762304016867,135.5,48
1762304016873,133.5,48
1762304016880,129.5,48
1762304016887,127.5,49
1762304016894,124.5,49
1762304016901,122.5,49
1762304016908,119.5,49
1762304016915,115.5,49
1762304016922,113.5,50
1762304016929,109.5,50
1762304016936,107.5,51
1762304016943,104.5,51
1762304016950,102.5,51
1762304016957,101.5,51
1762304016964,99.5,52
1762304016971,98.5,52
1762304016978,97.5,52
1762304016985,95.5,52
1762304016998,94.5,52
1762304017005,93.5,52
1762304017012,93.5,53
1762304017026,92.5,53
1762304017033,91.5,53
1762304017050,90.5,53
1762304017061,89.5,54
1762304017075,88.5,55
1762304017082,86.5,55
1762304017089,86.5,56
1762304017096,85.5,56
1762304017103,84.5,57
1762304017110,84.5,58
1762304017117,83.5,59
1762304017123,82.5,60
1762304017130,82.5,61
1762304017137,82.5,62
1762304017144,82.5,63
1762304017151,82.5,64
1762304017158,83.5,64
1762304017165,84.5,64
1762304017172,86.5,64
1762304017179,88.5,64
1762304017186,90.5,64
1762304017193,92.5,64
1762304017200,94.5,64
1762304017207,96.5,64
1762304017214,99.5,64
1762304017221,102.5,63
1762304017228,105.5,63
1762304017235,107.5,63
1762304017241,110.5,62
1762304017249,112.5,62
1762304017262,113.5,62
1762304017269,114.5,62
1762304017308,114.5,61
1762304017328,115.5,61
1762304017346,116.5,61
1762304017353,116.5,60
1762304017360,117.5,60
1762304017367,118.5,59
1762304017380,119.5,58
1762304017387,119.5,57
1762304017394,120.5,57
1762304017408,121.5,56
1762304017422,122.5,56
1762304017429,123.5,56
1762304017446,124.5,56
1762304017457,125.5,56
1762304017464,125.5,55
1762304017471,126.5,55
1762304017485,127.5,55
1762304017491,128.5,55
1762304017498,129.5,55
1762304017512,131.5,55
1762304017526,133.5,55
1762304017568,134.5,55
1762304017575,135.5,56
1762304017590,136.5,56
1762304017611,136.5,57
1762304017630,137.5,58
1762304017644,138.5,58
1762304017651,138.5,59
1762304017675,138.5,60
1762304017715,137.5,60
1762304017721,136.5,60
1762304017728,135.5,60
1762304017735,134.5,61
1762304017742,132.5,61
1762304017749,130.5,62
1762304017755,128.5,62
1762304017762,126.5,62
1762304017769,125.5,63
1762304017776,124.5,63
1762304017783,122.5,63
1762304017790,121.5,63
1762304017797,119.5,64
1762304017812,117.5,64
1762304017818,115.5,64
1762304017825,112.5,64
1762304017832,110.5,64
1762304017839,107.5,64
1762304017846,106.5,64
1762304017853,104.5,65
1762304017860,103.5,66
1762304017866,102.5,66
1762304017873,100.5,66
1762304017880,100.5,67
1762304017887,99.5,68
1762304017894,97.5,69
1762304017908,97.5,71
1762304017915,96.5,71
1762304017922,95.5,72
1762304017929,95.5,73
1762304017936,94.5,74
1762304017943,93.5,75
1762304017950,93.5,76
1762304017957,93.5,77
1762304017964,93.5,78
1762304017971,93.5,79
1762304017978,93.5,80
1762304017991,93.5,81
1762304018006,94.5,81
1762304018027,95.5,81
1762304018033,96.5,81
1762304018040,98.5,81
1762304018047,99.5,81
1762304018054,101.5,81
1762304018061,102.5,81
1762304018068,103.5,81
1762304018075,105.5,81
1762304018082,107.5,81
1762304018089,109.5,80
1762304018096,111.5,80
1762304018103,113.5,80
1762304018109,115.5,79
1762304018116,117.5,78
1762304018123,119.5,78
1762304018130,121.5,77
1762304018137,122.5,76
1762304018144,125.5,76
1762304018151,126.5,75
1762304018158,128.5,74
1762304018165,129.5,74
1762304018197,129.5,73
1762304018325,129.5,74
1762304018339,128.5,75
1762304018353,127.5,76
1762304018359,125.5,76
1762304018366,125.5,77
1762304018373,124.5,77
1762304018380,123.5,79
1762304018387,121.5,80
1762304018394,120.5,81
1762304018401,119.5,82
1762304018408,118.5,84
1762304018415,117.5,86
1762304018422,116.5,87
1762304018429,115.5,89
1762304018436,115.5,90
1762304018443,115.5,92
1762304018450,115.5,93
1762304018457,115.5,94
1762304018464,115.5,95
1762304018471,115.5,96
1762304018532,116.5,96
1762304018540,116.5,97
1762304018547,117.5,98
1762304018554,118.5,98
1762304018561,119.5,99
1762304018576,120.5,99
1762304018620,120.5,100
1762304018630,120.5,101
1762304018644,120.5,102
1762304018651,120.5,103
1762304018665,120.5,105
1762304018679,120.5,107
1762304018686,119.5,107
1762304018693,119.5,109
1762304018700,118.5,109
1762304018707,117.5,109
1762304018722,115.5,110
1762304018727,115.5,111
1762304018735,114.5,111
1762304018741,113.5,112
1762304018755,112.5,112
1762304018762,111.5,113
1762304018769,110.5,113
1762304018783,109.5,114
1762304018790,108.5,114
1762304018876,107.5,114
1762304018894,106.5,114
1762304018916,105.5,114
1762304018952,104.5,114
1762304018971,103.5,114
1762304018977,102.5,114
1762304018985,100.5,114
1762304018991,98.5,114
1762304018998,96.5,114
1762304019005,95.5,114
1762304019012,94.5,114
1762304019019,93.5,114
1762304019026,91.5,114
1762304019033,90.5,115
1762304019040,89.5,116
1762304019047,87.5,116
1762304019054,86.5,116
1762304019061,85.5,117
1762304019068,83.5,118
1762304019075,82.5,118
1762304019082,81.5,118
1762304019089,80.5,118
1762304019096,79.5,118
1762304019102,78.5,119
1762304019109,77.5,119
1762304019116,76.5,119
1762304019123,76.5,120
1762304019130,74.5,120
1762304019144,72.5,120
1762304019158,70.5,120
1762304019165,69.5,120
1762304019179,68.5,121
1762304019186,67.5,121
1762304019193,66.5,121
1762304019200,65.5,121
1762304019214,65.5,122
1762304019235,64.5,122
1762304019249,63.5,122
1762304019368,63.5,121
1762304019401,63.5,120
1762304019436,63.5,119
1762304019443,64.5,119
1762304019457,65.5,119
1762304019464,66.5,118
1762304019471,68.5,117
1762304019477,69.5,117
1762304019484,71.5,116
1762304019491,73.5,115
1762304019498,75.5,115
1762304019505,77.5,115
1762304019512,79.5,115
1762304019519,80.5,115
1762304019526,81.5,115
1762304019533,84.5,115
1762304019540,85.5,115
1762304019547,88.5,115
1762304019554,90.5,114
1762304019561,92.5,114
1762304019568,94.5,113
1762304019575,98.5,113
1762304019582,101.5,112
1762304019589,104.5,112
1762304019595,106.5,111
1762304019602,109.5,111
1762304019609,112.5,110
1762304019616,116.5,110
1762304019623,118.5,110
1762304019630,120.5,110
1762304019637,123.5,110
1762304019644,125.5,110
1762304019651,127.5,110
1762304019658,130.5,110
1762304019665,132.5,110
1762304019672,134.5,110
1762304019679,136.5,110
1762304019686,138.5,110
1762304019693,140.5,110
1762304019700,141.5,110
1762304019707,143.5,110
1762304019714,145.5,110
1762304019721,147.5,110
1762304019728,149.5,110
1762304019734,151.5,110
1762304019741,153.5,110
1762304019748,154.5,110
1762304019755,155.5,110
1762304019762,156.5,110
1762304019769,157.5,110
1762304019776,158.5,110
1762304019830,158.5,111
1762304019874,157.5,112
1762304019880,156.5,113
1762304019895,155.5,114
1762304019901,154.5,114
1762304019908,152.5,114
1762304019922,151.5,115
1762304019929,150.5,115
1762304019936,149.5,115
1762304019943,148.5,115
1762304019950,147.5,116
1762304019957,146.5,116
1762304019963,145.5,117
1762304019970,143.5,117
1762304019977,142.5,118
1762304019984,140.5,118
1762304019991,139.5,118
1762304019998,136.5,118
1762304020005,134.5,118
1762304020012,130.5,118
1762304020019,128.5,119
1762304020026,125.5,119
1762304020033,121.5,119
1762304020040,118.5,119
1762304020047,114.5,119
1762304020054,111.5,119
1762304020061,108.5,119
1762304020068,106.5,119
1762304020075,102.5,119
1762304020082,99.5,119
1762304020088,95.5,119
1762304020095,92.5,119
1762304020102,89.5,119
1762304020109,86.5,119
1762304020116,82.5,120
1762304020123,80.5,120
1762304020130,76.5,120
1762304020137,73.5,120
1762304020144,70.5,120
1762304020151,67.5,121
1762304020158,64.5,121
1762304020165,61.5,121
1762304020172,58.5,121
1762304020179,55.5,122
1762304020186,53.5,122
1762304020193,51.5,122
1762304020200,50.5,123
1762304020207,49.5,123
1762304020214,48.5,123
1762304020221,47.5,124
1762304020235,46.5,124
1762304020248,45.5,125
1762304020255,44.5,125
1762304020262,43.5,126
1762304020297,42.5,126
1762304020348,43.5,126
1762304020352,44.5,126
1762304020359,45.5,126
1762304020366,47.5,126
1762304020373,49.5,126
1762304020380,53.5,126
1762304020387,55.5,126
1762304020394,59.5,126
1762304020401,62.5,125
1762304020408,66.5,125
1762304020415,70.5,125
1762304020422,73.5,125
1762304020429,78.5,124
1762304020436,81.5,124
1762304020443,85.5,124
1762304020450,87.5,124
1762304020457,91.5,124
1762304020463,93.5,124
1762304020470,96.5,124
1762304020477,99.5,124
1762304020484,103.5,124
1762304020491,105.5,124
1762304020498,109.5,124
1762304020505,111.5,124
1762304020512,114.5,124
1762304020519,117.5,124
1762304020526,119.5,124
1762304020533,121.5,124
1762304020540,123.5,124
1762304020547,125.5,124
1762304020554,126.5,124
1762304020561,128.5,124
1762304020568,130.5,124
1762304020582,132.5,124
1762304020589,133.5,124
1762304020595,134.5,125
1762304020602,136.5,125
1762304020609,138.5,125
1762304020616,140.5,125
1762304020623,141.5,126
1762304020630,143.5,126
1762304020637,145.5,126
1762304020644,146.5,126
1762304020651,147.5,126
1762304020665,148.5,127
1762304020672,149.5,127
1762304020679,150.5,127
1762304020686,151.5,128
1762304020693,153.5,128
1762304020700,154.5,128
1762304020707,155.5,128
1762304020714,157.5,128
1762304020721,158.5,128
1762304020727,160.5,128
1762304020734,161.5,129
1762304020741,162.5,129
1762304020748,162.5,130
1762304020755,163.5,130
1762304020762,164.5,130
1762304020776,166.5,130
1762304020790,167.5,130
1762304020797,168.5,131
1762304020804,169.5,131
1762304020811,170.5,131
1762304020854,170.5,132
1762304020926,169.5,132
1762304020943,168.5,132
1762304020950,167.5,132
1762304020957,165.5,132
1762304020963,164.5,132
1762304020970,161.5,132
1762304020977,158.5,132
1762304020984,156.5,132
1762304020991,152.5,132
1762304020998,149.5,132
1762304021005,147.5,132
1762304021012,143.5,132
1762304021019,140.5,132
1762304021026,137.5,132
1762304021033,133.5,132
1762304021040,130.5,132
1762304021047,127.5,132
1762304021054,125.5,132
1762304021061,121.5,132
1762304021068,119.5,132
1762304021075,116.5,132
1762304021082,114.5,132
1762304021088,112.5,132
1762304021095,110.5,132
1762304021102,108.5,133
1762304021109,107.5,133
1762304021116,105.5,134
1762304021123,103.5,134
1762304021130,101.5,134
1762304021137,99.5,136
1762304021144,97.5,136
1762304021151,94.5,137
1762304021158,92.5,138
1762304021165,89.5,139
1762304021172,87.5,140
1762304021179,85.5,141
1762304021186,84.5,141
1762304021193,82.5,142
1762304021200,81.5,142
1762304021207,80.5,142
1762304021214,79.5,143
1762304021220,78.5,143
1762304021227,77.5,143
1762304021234,75.5,143
1762304021249,73.5,143
1762304021262,72.5,144
1762304021269,71.5,144
1762304021276,69.5,144
1762304021283,68.5,144
1762304021290,67.5,145
1762304021297,65.5,145
1762304021311,63.5,145
1762304021318,62.5,145
1762304021325,60.5,146
1762304021338,60.5,147
1762304021394,61.5,147
1762304021402,62.5,147
1762304021408,63.5,147
1762304021415,66.5,147
1762304021422,68.5,146
1762304021429,70.5,146
1762304021436,73.5,146
1762304021443,77.5,145
1762304021450,79.5,145
1762304021456,81.5,144
1762304021463,84.5,144
1762304021470,88.5,144
1762304021477,91.5,144
1762304021484,94.5,144
1762304021491,97.5,143
1762304021498,100.5,143
1762304021505,103.5,142
1762304021512,108.5,142
1762304021519,110.5,142
1762304021526,113.5,141
1762304021533,117.5,141
1762304021540,119.5,141
1762304021547,122.5,141
1762304021554,123.5,141
1762304021561,125.5,141
1762304021568,126.5,141
1762304021575,128.5,141
1762304021581,129.5,142
1762304021588,131.5,142
1762304021595,132.5,142
1762304021602,134.5,143
1762304021609,134.5,144
1762304021616,137.5,144
1762304021674,137.5,145
1762304021679,138.5,145
1762304021693,139.5,145
1762304021714,140.5,145
1762304021720,141.5,145
1762304021774,142.5,145
1762304021790,143.5,145
1762304021804,144.5,145
1762304021811,145.5,145
1762304021825,147.5,145
1762304021839,148.5,145
1762304021845,149.5,146
1762304021859,150.5,146
1762304021866,152.5,146
1762304021880,153.5,146
1762304021887,154.5,147
1762304021894,155.5,147
1762304021901,156.5,147
1762304021915,157.5,147
1762304021922,158.5,147
1762304021936,159.5,147
1762304022040,158.5,147
1762304022047,157.5,147
1762304022061,155.5,147
1762304022075,153.5,147
1762304022081,152.5,147
1762304022088,150.5,148
1762304022096,149.5,148
1762304022102,146.5,149
1762304022109,144.5,149
1762304022116,142.5,149
1762304022123,141.5,149
1762304022130,138.5,150
1762304022137,136.5,150
1762304022144,133.5,150
1762304022151,131.5,150
1762304022158,129.5,150
1762304022165,124.5,150
1762304022172,121.5,150
1762304022179,116.5,150
1762304022186,113.5,151
1762304022193,108.5,151
1762304022200,105.5,152
1762304022206,101.5,152
1762304022213,99.5,153
1762304022220,96.5,154
1762304022234,94.5,154
1762304022241,93.5,155
1762304022248,92.5,155
1762304022262,91.5,156
1762304022276,90.5,156
1762304022283,89.5,156
1762304022298,88.5,156
1762304022311,87.5,156
1762304022325,86.5,156
1762304022331,85.5,156
1762304022338,84.5,156
1762304022345,83.5,157
1762304022352,82.5,157
1762304022359,81.5,158
1762304022366,80.5,158
1762304022466,80.5,157
1762304022477,81.5,157
1762304022484,84.5,155
1762304022491,86.5,154
1762304022498,90.5,152
1762304022505,95.5,149
1762304022512,101.5,147
1762304022519,106.5,144
1762304022526,111.5,144
1762304022533,115.5,142
1762304022540,117.5,142
1762304022547,120.5,142
1762304022554,122.5,142
1762304022561,124.5,142
1762304022568,126.5,142
1762304022574,128.5,142
1762304022581,130.5,142
1762304022588,133.5,142
1762304022595,135.5,142
1762304022602,138.5,142
1762304022609,139.5,142
1762304022616,141.5,142
1762304022630,143.5,142
1762304022644,144.5,142
1762304022651,145.5,142
1762304022658,145.5,143
1762304022665,146.5,143
1762304022672,148.5,143
1762304022693,149.5,143
1762304022713,150.5,143
1762304022786,151.5,143
1762304022846,151.5,142
1762304022859,150.5,142
1762304022866,149.5,142
1762304022873,147.5,141
1762304022880,144.5,140
1762304022887,142.5,140
1762304022894,138.5,139
1762304022901,135.5,139
1762304022908,131.5,138
1762304022915,126.5,137
1762304022922,122.5,136
1762304022929,116.5,135
1762304022936,112.5,133
1762304022942,107.5,133
1762304022949,103.5,132
1762304022956,100.5,131
1762304022963,97.5,130
1762304022970,95.5,130
1762304022977,94.5,130
1762304022984,92.5,130
1762304022991,91.5,130
1762304022998,89.5,130
1762304023012,87.5,129
1762304023019,86.5,129
1762304023026,85.5,129
1762304023033,83.5,129
1762304023040,82.5,129
1762304023047,81.5,129
1762304023054,79.5,129
1762304023061,77.5,129
1762304023067,76.5,129
1762304023074,74.5,129
1762304023081,72.5,129
1762304023088,71.5,129
1762304023095,70.5,129
1762304023102,68.5,129
1762304023109,66.5,129
1762304023116,64.5,129
1762304023123,62.5,129
1762304023130,60.5,129
1762304023137,58.5,129
1762304023144,57.5,128
1762304023151,55.5,128
1762304023165,54.5,128
1762304023179,53.5,128
1762304023213,54.5,129
1762304023220,57.5,129
1762304023227,58.5,129
1762304023234,61.5,129
1762304023241,64.5,129
1762304023248,68.5,129
1762304023255,73.5,129
1762304023262,79.5,129
1762304023269,84.5,129
1762304023276,88.5,129
1762304023283,94.5,129
1762304023290,98.5,129
1762304023297,101.5,129
1762304023304,104.5,129
1762304023311,106.5,129
1762304023317,108.5,129
1762304023332,109.5,129
1762304023338,110.5,129
1762304023366,111.5,129
1762304023373,112.5,129
1762304023380,114.5,129
1762304023387,114.5,128
1762304023394,117.5,127
1762304023401,118.5,126
1762304023408,119.5,125
1762304023415,121.5,123
1762304023422,122.5,121
1762304023429,123.5,119
1762304023443,123.5,117
1762304023449,124.5,116
1762304023456,124.5,115
1762304023470,124.5,114
1762304023484,124.5,113
1762304023491,123.5,113
1762304023498,122.5,113
1762304023505,121.5,113
1762304023512,120.5,113
1762304023519,119.5,113
1762304023526,118.5,113
1762304023547,117.5,114
1762304023554,116.5,114
1762304023561,115.5,117
1762304023567,115.5,119
1762304023574,114.5,123
1762304023581,114.5,126
1762304023588,114.5,130
1762304023595,114.5,133
1762304023602,114.5,137
1762304023609,116.5,138
1762304023616,118.5,140
1762304023623,120.5,142
1762304023630,123.5,142
1762304023637,125.5,142
1762304023644,127.5,142
1762304023651,129.5,142
1762304023658,131.5,141
1762304023665,136.5,139
1762304023672,140.5,137
1762304023679,145.5,133
1762304023685,149.5,130
1762304023693,155.5,126
1762304023699,157.5,124
1762304023706,159.5,121
1762304023713,161.5,120
1762304023720,162.5,118
1762304023727,162.5,117
1762304023734,162.5,116
1762304023741,162.5,115
1762304023755,162.5,114
1762304023769,161.5,114
1762304023776,160.5,114
1762304023790,158.5,114
1762304023797,157.5,114
1762304023804,156.5,114
1762304023810,155.5,114
1762304023817,154.5,115
1762304023824,151.5,117
1762304023831,149.5,117
1762304023838,147.5,119
1762304023845,145.5,121
1762304023852,143.5,122
1762304023859,142.5,123
1762304023866,141.5,125
1762304023873,140.5,126
1762304023880,139.5,128
1762304023887,139.5,129
1762304023894,139.5,132
1762304023901,139.5,134
1762304023908,140.5,136
1762304023915,142.5,138
1762304023922,142.5,140
1762304023929,144.5,142
1762304023935,145.5,142
1762304023942,147.5,143
1762304023949,148.5,144
1762304023956,149.5,144
1762304023970,150.5,144
1762304023984,151.5,143
1762304023998,151.5,142
1762304024005,151.5,141
1762304024012,152.5,137
1762304024019,153.5,134
1762304024026,154.5,131
1762304024033,155.5,125
1762304024040,155.5,120
1762304024047,155.5,115
1762304024054,155.5,112
1762304024060,154.5,109
1762304024067,153.5,108
1762304024074,150.5,108
1762304024088,148.5,108
1762304024095,146.5,109
1762304024102,143.5,111
1762304024109,139.5,112
1762304024116,133.5,116
1762304024123,128.5,121
1762304024130,122.5,127
1762304024137,119.5,130
1762304024144,117.5,133
1762304024151,115.5,136
1762304024158,114.5,138
1762304024165,113.5,140
1762304024172,112.5,141
1762304024179,112.5,142
1762304024185,112.5,143
1762304024192,112.5,144
1762304024199,112.5,145
1762304024206,113.5,146
1762304024213,113.5,148
1762304024220,115.5,148
1762304024227,116.5,149
1762304024234,118.5,149
1762304024241,120.5,150
1762304024248,122.5,150
1762304024255,124.5,150
1762304024262,127.5,150
1762304024269,128.5,149
1762304024276,130.5,148
1762304024283,133.5,146
1762304024290,136.5,143
1762304024297,141.5,138
1762304024304,144.5,134
1762304024310,149.5,126
1762304024317,152.5,122
1762304024324,154.5,114
1762304024331,155.5,110
1762304024338,155.5,104
1762304024345,155.5,102
1762304024352,154.5,99
1762304024359,152.5,98
1762304024366,150.5,97
1762304024373,148.5,97
1762304024380,145.5,97
1762304024387,144.5,97
1762304024394,142.5,97
1762304024401,139.5,98
1762304024408,137.5,100
1762304024415,133.5,102
1762304024422,130.5,105
1762304024429,127.5,108
1762304024435,124.5,110
1762304024442,119.5,114
1762304024449,117.5,117
1762304024456,114.5,120
1762304024463,113.5,123
1762304024470,112.5,126
1762304024477,111.5,128
1762304024484,110.5,132
1762304024491,110.5,135
1762304024498,111.5,138
1762304024505,112.5,141
1762304024512,115.5,143
1762304024519,117.5,145
1762304024526,119.5,146
1762304024533,122.5,146
1762304024540,124.5,146
1762304024547,127.5,146
1762304024554,128.5,146
1762304024560,129.5,146
1762304024567,131.5,144
1762304024574,133.5,141
1762304024581,134.5,139
1762304024588,137.5,134
1762304024595,140.5,130
1762304024602,144.5,123
1762304024609,146.5,119
1762304024616,149.5,114
1762304024623,150.5,110
1762304024630,152.5,106
1762304024637,152.5,104
1762304024644,152.5,103
1762304024651,151.5,101
1762304024658,150.5,101
1762304024665,147.5,100
1762304024672,145.5,100
1762304024678,142.5,100
1762304024685,139.5,100
1762304024692,136.5,101
1762304024699,133.5,102
1762304024706,128.5,105
1762304024713,124.5,107
1762304024720,116.5,113
1762304024727,112.5,117
1762304024734,105.5,123
1762304024741,102.5,127
1762304024748,97.5,133
1762304024755,94.5,136
1762304024762,91.5,139
1762304024769,89.5,142
1762304024776,88.5,144
1762304024783,88.5,147
1762304024790,88.5,149
1762304024797,89.5,152
1762304024803,90.5,154
1762304024810,92.5,156
1762304024817,94.5,157
1762304024824,96.5,158
1762304024831,98.5,158
1762304024838,100.5,158
1762304024845,101.5,158
1762304024852,102.5,158
1762304024859,104.5,158
1762304024866,105.5,157
1762304024873,106.5,155
1762304024880,109.5,152
1762304024887,111.5,150
1762304024894,113.5,147
1762304024901,115.5,143
1762304024908,116.5,139
1762304024915,118.5,135
1762304024922,118.5,131
1762304024928,118.5,127
1762304024935,117.5,125
1762304024942,115.5,123
1762304024949,113.5,123
1762304024956,112.5,123
1762304024963,110.5,123
1762304024970,109.5,123
1762304024977,107.5,123
1762304024984,106.5,123
1762304024991,104.5,124
1762304024998,101.5,126
1762304025005,99.5,128
1762304025012,96.5,131
1762304025019,95.5,133
1762304025026,93.5,135
1762304025033,92.5,138
1762304025040,91.5,141
1762304025047,91.5,144
1762304025053,91.5,146
1762304025060,91.5,150
1762304025067,92.5,152
1762304025074,95.5,154
1762304025081,97.5,155
1762304025088,99.5,157
1762304025095,101.5,159
1762304025102,104.5,159
1762304025109,106.5,159
1762304025116,110.5,159
1762304025123,112.5,159
1762304025130,114.5,159
1762304025137,117.5,159
1762304025144,119.5,159
1762304025151,123.5,157
1762304025158,127.5,155
1762304025165,130.5,150
1762304025172,133.5,147
1762304025178,136.5,140
1762304025185,138.5,135
1762304025192,140.5,129
1762304025199,140.5,125
1762304025206,140.5,120
1762304025213,140.5,118
1762304025220,140.5,115
1762304025227,139.5,114
1762304025234,137.5,112
1762304025241,135.5,112
1762304025248,133.5,112
1762304025255,132.5,112
1762304025262,131.5,112
1762304025269,129.5,112
1762304025276,128.5,113
1762304025283,126.5,113
1762304025290,124.5,114
1762304025297,122.5,116
1762304025303,120.5,117
1762304025310,117.5,118
1762304025317,116.5,120
1762304025324,113.5,121
1762304025331,112.5,122
1762304025338,111.5,125
1762304025345,109.5,128
1762304025352,109.5,134
1762304025359,109.5,138
1762304025366,109.5,146
1762304025373,109.5,150
1762304025380,109.5,156
1762304025387,112.5,161
1762304025394,115.5,164
1762304025401,120.5,169
1762304025408,122.5,171
1762304025415,127.5,173
1762304025422,130.5,174
1762304025428,132.5,174
1762304025435,134.5,174
1762304025442,135.5,174
1762304025449,136.5,173
1762304025456,138.5,170
1762304025463,140.5,165
1762304025470,143.5,159
1762304025477,144.5,152
1762304025484,145.5,144
1762304025491,145.5,138
1762304025498,145.5,131
1762304025505,145.5,127
1762304025512,144.5,123
1762304025519,142.5,121
1762304025526,141.5,120
1762304025533,137.5,119
1762304025540,135.5,119
1762304025546,133.5,119
1762304025553,131.5,119
1762304025560,128.5,119
1762304025567,126.5,119
1762304025574,123.5,119
1762304025581,120.5,120
1762304025588,117.5,121
1762304025595,114.5,122
1762304025602,111.5,122
1762304025609,108.5,123
1762304025616,103.5,124
1762304025623,101.5,124
1762304025630,99.5,125
1762304025637,97.5,126
1762304025644,94.5,127
1762304025651,92.5,130
1762304025658,90.5,133
1762304025665,87.5,137
1762304025672,87.5,141
1762304025678,87.5,146
1762304025685,87.5,149
1762304025692,87.5,153
1762304025699,89.5,155
1762304025706,93.5,158
1762304025713,95.5,159
1762304025720,99.5,160
1762304025727,102.5,160
1762304025734,105.5,160
1762304025741,108.5,160
1762304025748,111.5,160
1762304025755,114.5,159
1762304025762,116.5,157
1762304025769,118.5,156
1762304025776,121.5,154
1762304025783,124.5,149
1762304025790,127.5,145
1762304025796,131.5,140
1762304025803,133.5,135
1762304025810,136.5,129
1762304025817,137.5,125
1762304025824,137.5,119
1762304025831,137.5,115
1762304025838,137.5,111
1762304025845,135.5,109
1762304025852,133.5,106
1762304025859,131.5,105
1762304025866,129.5,104
1762304025873,128.5,104
1762304025880,126.5,104
1762304025887,124.5,105
1762304025894,123.5,105
1762304025901,121.5,108
1762304025908,119.5,109
1762304025915,117.5,112
1762304025921,115.5,114
1762304025928,114.5,117
1762304025935,113.5,119
1762304025942,112.5,124
1762304025949,112.5,126
1762304025956,112.5,130
1762304025963,113.5,133
1762304025970,116.5,136
1762304025977,118.5,138
1762304025984,121.5,141
1762304025991,123.5,143
1762304025998,126.5,145
1762304026005,128.5,147
1762304026012,131.5,149
1762304026019,133.5,149
1762304026026,135.5,150
1762304026033,137.5,150
1762304026070,137.5,149
1762304026074,137.5,148
1762304026081,138.5,146
1762304026088,138.5,143
1762304026095,138.5,139
1762304026102,139.5,134
1762304026109,139.5,130
1762304026116,139.5,125
1762304026123,139.5,120
1762304026130,137.5,117
1762304026137,136.5,115
1762304026144,135.5,114
1762304026151,133.5,113
1762304026158,131.5,113
1762304026165,129.5,113
1762304026171,127.5,113
1762304026178,124.5,113
1762304026185,121.5,113
1762304026192,118.5,115
1762304026199,116.5,115
1762304026206,113.5,117
1762304026213,110.5,119
1762304026220,107.5,121
1762304026227,105.5,124
1762304026234,103.5,126
1762304026241,101.5,128
1762304026248,100.5,131
1762304026255,99.5,134
1762304026262,99.5,138
1762304026269,99.5,142
1762304026276,99.5,145
1762304026283,101.5,149
1762304026290,102.5,151
1762304026296,105.5,154
1762304026303,106.5,155
1762304026310,109.5,156
1762304026317,110.5,157
1762304026324,112.5,157
1762304026331,114.5,157
1762304026338,116.5,157
1762304026345,117.5,157
1762304026352,118.5,156
1762304026359,119.5,155
1762304026366,121.5,154
1762304026373,122.5,151
1762304026380,124.5,149
1762304026387,126.5,147
1762304026394,127.5,145
1762304026401,128.5,142
1762304026408,129.5,140
1762304026414,129.5,138
1762304026421,129.5,136
1762304026428,128.5,133
1762304026435,127.5,132
1762304026442,125.5,130
1762304026449,123.5,130
1762304026456,121.5,130
1762304026463,120.5,130
1762304026470,117.5,130
1762304026484,115.5,130
1762304026491,113.5,131
1762304026498,112.5,133
1762304026505,110.5,136
1762304026512,107.5,141
1762304026519,105.5,146
1762304026526,102.5,152
1762304026533,100.5,161
1762304026539,99.5,166
1762304026547,99.5,173
1762304026553,99.5,176
1762304026560,100.5,181
1762304026567,102.5,183
1762304026574,104.5,185
1762304026581,106.5,186
1762304026588,108.5,186
1762304026595,110.5,186
1762304026602,112.5,186
1762304026616,115.5,186
1762304026630,117.5,186
1762304026637,119.5,184
1762304026644,121.5,183
1762304026651,124.5,180
1762304026658,127.5,177
1762304026664,130.5,172
1762304026672,132.5,166
1762304026679,136.5,158
1762304026685,137.5,154
1762304026692,138.5,146
1762304026699,138.5,143
1762304026706,138.5,137
1762304026713,138.5,134
1762304026720,136.5,132
1762304026727,135.5,131
1762304026734,133.5,130
1762304026741,131.5,130
1762304026755,130.5,130
1762304026762,129.5,130
1762304026769,128.5,131
1762304026776,127.5,131
1762304026783,127.5,132
1762304026789,126.5,132
1762304026796,125.5,133
1762304026817,124.5,134
1762304026824,123.5,135
1762304026838,122.5,136
1762304026845,121.5,137
1762304026852,120.5,140
1762304026859,119.5,142
1762304026866,118.5,146
1762304026873,118.5,149
1762304026880,118.5,153
1762304026887,118.5,155
1762304026894,118.5,156
1762304026901,119.5,158
1762304026908,119.5,159
1762304026914,119.5,160
1762304026921,120.5,160
1762304026928,121.5,160
1762304026942,122.5,160
1762304026949,123.5,160
1762304026956,123.5,159
1762304026963,124.5,159
1762304026970,124.5,158
1762304026977,124.5,157
1762304026984,124.5,156
1762304026991,124.5,155
1762304027016,124.5,154
1762304027070,124.5,155
1762304027074,124.5,156
1762304027081,123.5,157
1762304027088,122.5,158
1762304027095,122.5,161
1762304027102,120.5,165
1762304027109,120.5,168
1762304027116,118.5,172
1762304027123,117.5,175
1762304027130,116.5,179
1762304027137,115.5,183
1762304027144,115.5,187
1762304027151,114.5,191
1762304027158,113.5,195
1762304027164,113.5,200
1762304027171,113.5,203
1762304027178,113.5,205
1762304027185,113.5,207
1762304027192,112.5,209
1762304027214,112.5,210
1762304027234,112.5,211
1762304027241,112.5,212
1762304027248,112.5,213
1762304027255,112.5,214
1762304027262,112.5,216
1762304027269,112.5,218
1762304027276,112.5,219
1762304027282,111.5,220
1762304027289,111.5,222
1762304027296,111.5,223
1762304027303,111.5,224
1762304027386,110.5,224
1762304027502,110.5,223
1762304027512,111.5,222
1762304027519,111.5,220
1762304027526,112.5,218
1762304027533,113.5,214
1762304027539,114.5,212
1762304027546,115.5,210
1762304027553,115.5,208
1762304027560,116.5,207
1762304027567,116.5,206
1762304027581,116.5,205
1762304027602,116.5,204
1762304027609,115.5,204
1762304027616,113.5,203
1762304027623,112.5,202
1762304027630,110.5,201
1762304027637,109.5,201
1762304027644,107.5,201
1762304027651,106.5,201
1762304027658,105.5,201
1762304027664,104.5,201
1762304027671,103.5,201
1762304027678,102.5,201
1762304027685,101.5,201
1762304027706,100.5,202
1762304027713,100.5,203
1762304027720,99.5,203
1762304027741,99.5,204
1762304027755,99.5,205
1762304027769,100.5,207
1762304027776,101.5,207
1762304027782,104.5,208
1762304027789,107.5,209
1762304027796,109.5,209
1762304027803,112.5,210
1762304027810,116.5,210
1762304027817,118.5,210
1762304027824,121.5,210
1762304027831,123.5,209
1762304027838,126.5,208
1762304027845,128.5,206
1762304027852,130.5,204
1762304027859,131.5,203
1762304027866,132.5,202
1762304027873,133.5,200
1762304027880,133.5,198
1762304027887,133.5,196
1762304027894,134.5,195
1762304027901,134.5,193
1762304027914,134.5,191
1762304027936,133.5,191
1762304027942,131.5,191
1762304027956,129.5,191
1762304027963,128.5,191
1762304027970,126.5,191
1762304027977,124.5,191
1762304027984,121.5,192
1762304027991,118.5,193
1762304027998,114.5,195
1762304028005,110.5,198
1762304028012,105.5,200
1762304028019,101.5,203
1762304028026,98.5,205
1762304028032,95.5,207
1762304028039,93.5,209
1762304028046,91.5,212
1762304028053,90.5,214
1762304028060,90.5,216
1762304028067,90.5,217
1762304028074,90.5,218
1762304028102,91.5,218
1762304028116,93.5,218
1762304028123,96.5,218
1762304028130,100.5,218
1762304028137,104.5,216
1762304028144,109.5,215
1762304028151,117.5,212
1762304028157,122.5,210
1762304028164,128.5,207
1762304028171,131.5,205
1762304028178,133.5,204
1762304028185,134.5,203
1762304028220,133.5,203
1762304028234,131.5,203
1762304028241,130.5,203
1762304028248,126.5,203
1762304028255,124.5,203
1762304028262,121.5,203
1762304028269,115.5,203
1762304028276,111.5,204
1762304028282,103.5,207
1762304028289,98.5,209
1762304028296,91.5,212
1762304028303,87.5,215
1762304028310,81.5,218
1762304028317,79.5,219
1762304028324,77.5,220
1762304028331,77.5,221
1762304028378,78.5,221
1762304028387,79.5,221
1762304028394,81.5,221
1762304028401,85.5,221
1762304028408,89.5,221
1762304028414,96.5,221
1762304028421,104.5,221
1762304028428,114.5,221
1762304028436,123.5,220
1762304028443,132.5,216
1762304028449,138.5,214
1762304028456,143.5,211
1762304028463,144.5,209
1762304028470,145.5,207
1762304028491,145.5,206
1762304028514,144.5,206
1762304028519,143.5,206
1762304028526,142.5,206
1762304028532,140.5,206
1762304028539,137.5,206
1762304028546,133.5,206
1762304028553,129.5,206
1762304028560,123.5,206
1762304028567,117.5,206
1762304028574,111.5,206
1762304028581,106.5,206
1762304028588,101.5,206
1762304028595,99.5,206
1762304028602,96.5,207
1762304028609,95.5,209
1762304028616,94.5,209
1762304028623,93.5,209
1762304028678,94.5,209
1762304028685,95.5,209
1762304028692,99.5,209
1762304028699,103.5,209
1762304028706,111.5,209
1762304028713,117.5,208
1762304028720,125.5,205
1762304028727,131.5,203
1762304028734,136.5,200
1762304028741,139.5,198
1762304028748,140.5,196
1762304028755,140.5,195
1762304028762,140.5,194
1762304028776,140.5,193
1762304028790,139.5,193
1762304028796,137.5,193
1762304028803,135.5,193
1762304028810,131.5,193
1762304028817,128.5,193
1762304028824,122.5,193
1762304028831,116.5,193
1762304028838,109.5,193
1762304028845,104.5,193
1762304028852,98.5,194
1762304028859,93.5,194
1762304028866,88.5,196
1762304028873,84.5,197
1762304028880,79.5,198
1762304028887,76.5,200
1762304028894,74.5,200
1762304028900,71.5,201
1762304028907,70.5,202
1762304028914,69.5,202
1762304028921,68.5,202
1762304028949,68.5,203
1762304028963,69.5,203
1762304028970,72.5,203
1762304028977,74.5,204
1762304028984,81.5,205
1762304028991,88.5,206
1762304028998,100.5,207
1762304029005,110.5,208
1762304029012,123.5,208
1762304029019,138.5,208
1762304029026,150.5,208
1762304029034,156.5,207
1762304029039,157.5,206
1762304029046,159.5,205
1762304029134,159.5,206
1762304029138,158.5,206
1762304029144,157.5,206
1762304029150,154.5,206
1762304029158,151.5,206
1762304029165,145.5,207
1762304029171,140.5,207
1762304029178,131.5,209
1762304029185,124.5,211
1762304029192,115.5,212
1762304029199,109.5,214
1762304029206,100.5,217
1762304029213,94.5,219
1762304029220,88.5,222
1762304029227,85.5,224
1762304029234,81.5,225
1762304029241,80.5,225
1762304029248,79.5,225
1762304029255,79.5,226
1762304029300,80.5,226
1762304029305,81.5,226
1762304029310,84.5,226
1762304029317,87.5,226
1762304029324,92.5,226
1762304029331,97.5,226
1762304029338,103.5,224
1762304029345,106.5,224
1762304029353,109.5,223
1762304029359,111.5,222
1762304029366,112.5,221
1762304029373,113.5,220
1762304029418,112.5,220
1762304029428,111.5,220
1762304029435,109.5,220
1762304029442,107.5,221
1762304029449,105.5,221
1762304029456,100.5,222
1762304029463,97.5,224
1762304029470,90.5,224
1762304029477,87.5,226
1762304029484,82.5,228
1762304029491,78.5,230
1762304029498,76.5,232
1762304029505,74.5,233
1762304029512,74.5,234
1762304029518,74.5,235
1762304029546,75.5,235
1762304029554,77.5,235
1762304029560,79.5,234
1762304029567,82.5,232
1762304029574,90.5,230
1762304029581,98.5,229
1762304029588,109.5,226
1762304029595,118.5,223
1762304029602,128.5,220
1762304029609,133.5,219
1762304029616,137.5,217
1762304029623,139.5,216
1762304029630,141.5,215
1762304029644,142.5,215
1762304029856,146.5,213
1762304029873,146.5,214
1762304029880,145.5,214
1762304029894,144.5,214
1762304029908,143.5,215
1762304029914,142.5,215
1762304029921,140.5,215
1762304029928,137.5,215
1762304029935,134.5,216
1762304029942,130.5,216
1762304029949,124.5,216
1762304029956,117.5,217
1762304029963,111.5,217
1762304029970,103.5,218
1762304029977,97.5,219
1762304029984,88.5,220
1762304029991,82.5,222
1762304029998,76.5,222
1762304030005,73.5,223
1762304030012,70.5,225
1762304030018,67.5,226
1762304030025,66.5,226
1762304030053,66.5,227
1762304030067,68.5,227
1762304030074,70.5,227
1762304030081,72.5,227
1762304030088,75.5,227
1762304030095,78.5,227
1762304030102,83.5,227
1762304030109,88.5,226
1762304030116,95.5,226
1762304030123,101.5,226
1762304030130,111.5,226
1762304030136,117.5,226
1762304030143,122.5,227
1762304030150,128.5,227
1762304030157,130.5,227
1762304030164,133.5,227
1762304030171,134.5,227
1762304030178,135.5,227
1762304030246,135.5,228
1762304030252,134.5,228
1762304030256,133.5,228
1762304030262,131.5,229
1762304030268,128.5,230
1762304030275,123.5,230
1762304030282,116.5,230
1762304030289,109.5,231
1762304030296,101.5,232
1762304030303,97.5,233
1762304030310,93.5,233
1762304030317,92.5,233
1762304030324,91.5,234
1762304030331,90.5,234
1762304030366,91.5,234
1762304030380,93.5,233
1762304030386,95.5,232
1762304030393,99.5,230
1762304030400,106.5,228
1762304030407,114.5,227
1762304030414,128.5,226
1762304030421,141.5,224
1762304030428,160.5,221
1762304030435,176.5,219
1762304030442,189.5,217
1762304030449,196.5,215
1762304030456,199.5,214
1762304030463,200.5,214
1762304030514,199.5,214
1762304030519,198.5,214
1762304030526,196.5,214
1762304030532,192.5,214
1762304030539,188.5,214
1762304030546,183.5,214
1762304030553,178.5,216
1762304030560,172.5,217
1762304030567,167.5,217
1762304030574,160.5,219
1762304030581,156.5,220
1762304030588,150.5,220
1762304030595,146.5,221
1762304030602,140.5,221
1762304030609,137.5,221
1762304030616,130.5,221
1762304030623,126.5,221
1762304030630,121.5,221
1762304030636,116.5,221
1762304030643,112.5,221
1762304030650,107.5,221
1762304030657,104.5,221
1762304030664,101.5,222
1762304030671,99.5,223
1762304030678,97.5,224
1762304030685,95.5,224
1762304030692,93.5,225
1762304030699,93.5,226
1762304030706,91.5,227
1762304030713,90.5,228
1762304030720,89.5,229
1762304030727,87.5,230
1762304030734,86.5,230
1762304030741,84.5,231
1762304030748,84.5,232
1762304030762,84.5,233
1762304030782,85.5,234
1762304030789,86.5,234
1762304030796,88.5,234
1762304030803,90.5,234
1762304030810,92.5,234
1762304030817,94.5,234
1762304030824,97.5,234
1762304030831,100.5,234
1762304030838,103.5,234
1762304030845,106.5,234
1762304030852,110.5,234
1762304030859,112.5,234
1762304030866,115.5,233
1762304030873,117.5,233
1762304030879,119.5,232
1762304030886,120.5,232
1762304030893,121.5,232
1762304030950,120.5,232
1762304030963,118.5,233
1762304030970,114.5,234
1762304030977,109.5,235
1762304030984,103.5,237
1762304030991,96.5,240
1762304030998,88.5,242
1762304031004,83.5,245
1762304031011,80.5,246
1762304031018,78.5,247
1762304031025,77.5,247
1762304031054,78.5,247
1762304031060,79.5,247
1762304031067,81.5,246
1762304031074,85.5,244
1762304031081,89.5,243
1762304031088,96.5,239
1762304031095,104.5,237
1762304031102,117.5,232
1762304031109,133.5,228
1762304031116,152.5,224
1762304031123,165.5,220
1762304031130,178.5,217
1762304031136,182.5,216
1762304031143,184.5,216
1762304031206,183.5,216
1762304031213,182.5,216
1762304031218,181.5,217
1762304031223,180.5,217
1762304031228,178.5,218
1762304031234,175.5,218
1762304031241,171.5,219
1762304031279,146.5,225
1762304031287,141.5,227
1762304031292,137.5,228
1762304031298,134.5,229
1762304031303,132.5,229
1762304031310,129.5,231
1762304031317,126.5,232
1762304031324,122.5,233
1762304031331,120.5,234
1762304031338,117.5,235
1762304031345,114.5,236
1762304031352,112.5,237
1762304031359,110.5,238
1762304031366,109.5,238
1762304031380,108.5,239
1762304031386,108.5,240
1762304031406,109.5,240
1762304031411,110.5,240
1762304031416,112.5,240
1762304031421,113.5,240
1762304031428,116.5,240
1762304031435,118.5,240
1762304031442,121.5,240
1762304031449,122.5,240
1762304031456,125.5,239
1762304031470,127.5,237
1762304031477,128.5,237
1762304031492,128.5,236
1762304031526,127.5,236
1762304031532,125.5,236
1762304031539,122.5,236
1762304031546,116.5,237
1762304031553,110.5,239
1762304031560,101.5,241
1762304031567,94.5,243
1762304031574,85.5,246
1762304031581,80.5,248
1762304031588,74.5,251
1762304031595,71.5,251
1762304031602,68.5,253
1762304031609,67.5,253
1762304031616,66.5,253
1762304031662,67.5,253
1762304031667,68.5,253
1762304031672,70.5,253
1762304031678,74.5,253
1762304031685,78.5,253
1762304031692,84.5,252
1762304031699,90.5,250
1762304031706,97.5,249
1762304031713,103.5,248
1762304031720,110.5,245
1762304031727,115.5,244
1762304031734,119.5,242
1762304031741,121.5,241
1762304031748,123.5,240
1762304031754,124.5,240
1762304031761,125.5,240
1762304031768,127.5,240
1762304031782,130.5,240
1762304031789,131.5,240
1762304031796,132.5,239
1762304031803,133.5,239
1762304031810,134.5,239
1762304031817,135.5,238
1762304031824,136.5,238
1762304031838,137.5,238
1762304031859,138.5,238
1762304031873,139.5,237
1762304031879,140.5,237
1762304031886,142.5,236
1762304031893,143.5,236
1762304031900,145.5,236
1762304031907,147.5,235
1762304031914,149.5,235
1762304031928,150.5,235
1762304032002,151.5,235
1762304032042,152.5,235
1762304032053,153.5,235
1762304032074,154.5,235
1762304032081,154.5,234
1762304032088,155.5,234
1762304032109,156.5,234
1762304032178,155.5,234
1762304032185,154.5,234
1762304032192,153.5,234
1762304032199,152.5,234
1762304032206,148.5,234
1762304032213,145.5,234
1762304032220,137.5,234
1762304032227,131.5,235
1762304032234,123.5,236
1762304032241,118.5,237
1762304032248,112.5,237
1762304032254,110.5,237
1762304032261,108.5,237
1762304032268,105.5,238
1762304032275,103.5,238
1762304032282,101.5,238
1762304032289,100.5,238
1762304032303,99.5,238
1762304032378,99.5,237
1762304032384,100.5,236
1762304032389,102.5,236
1762304032394,105.5,234
1762304032400,108.5,232
1762304032407,114.5,229
1762304032414,124.5,223
1762304032421,131.5,220
1762304032428,140.5,216
1762304032435,145.5,212
1762304032442,149.5,210
1762304032449,151.5,208
1762304032456,152.5,207
1762304032522,151.5,207
1762304032532,150.5,207
1762304032539,148.5,207
1762304032546,145.5,207
1762304032553,141.5,207
1762304032560,136.5,206
1762304032567,131.5,206
1762304032574,125.5,206
1762304032581,119.5,206
1762304032588,113.5,206
1762304032595,109.5,206
1762304032602,105.5,206
1762304032609,103.5,206
1762304032616,102.5,206
1762304032698,103.5,206
1762304032706,104.5,206
1762304032713,105.5,206
1762304032720,109.5,205
1762304032727,112.5,204
1762304032734,117.5,204
1762304032741,123.5,202
1762304032747,131.5,201
1762304032755,138.5,199
1762304032761,144.5,197
1762304032768,149.5,196
1762304032775,151.5,193
1762304032782,153.5,193
1762304032789,153.5,192
1762304032810,153.5,191
1762304032831,151.5,191
1762304032838,149.5,191
1762304032845,146.5,191
1762304032852,141.5,191
1762304032859,135.5,191
1762304032866,127.5,191
1762304032873,119.5,192
1762304032880,110.5,194
1762304032886,99.5,197
1762304032893,91.5,199
1762304032900,82.5,202
1762304032907,78.5,204
1762304032914,74.5,205
1762304032921,72.5,205
1762304032928,71.5,206
1762304032935,70.5,206
1762304032974,71.5,206
1762304032979,72.5,206
1762304032985,74.5,206
1762304032991,75.5,206
1762304032997,77.5,206
1762304033005,79.5,205
1762304033011,80.5,205
1762304033018,82.5,205
1762304033025,83.5,205
1762304033032,85.5,205
1762304033039,86.5,205
1762304033046,87.5,204
1762304033053,89.5,204
1762304033060,90.5,204
1762304033067,91.5,204
1762304033074,94.5,203
1762304033081,95.5,203
1762304033088,97.5,203
1762304033095,99.5,203
1762304033102,101.5,203
1762304033109,102.5,203
1762304033116,104.5,202
1762304033123,104.5,201
1762304033132,105.5,201
1762304033188,104.5,201
1762304033194,103.5,201
1762304033200,101.5,202
1762304033206,100.5,202
1762304033213,99.5,204
1762304033220,95.5,205
1762304033227,93.5,207
1762304033234,89.5,210
1762304033240,87.5,213
1762304033247,86.5,216
1762304033254,85.5,218
1762304033268,85.5,220
1762304033282,86.5,220
1762304033289,87.5,220
1762304033296,89.5,220
1762304033303,90.5,220
1762304033310,94.5,220
1762304033317,97.5,220
1762304033324,102.5,220
1762304033331,108.5,220
1762304033338,117.5,218
1762304033345,125.5,215
1762304033352,135.5,212
1762304033359,141.5,208
1762304033365,147.5,206
1762304033372,149.5,204
1762304033379,151.5,203
1762304033386,152.5,202
1762304033468,152.5,203
1762304033474,151.5,203
1762304033480,150.5,205
1762304033485,148.5,207
1762304033491,146.5,208
1762304033497,142.5,212
1762304033504,138.5,216
1762304033511,134.5,220
1762304033518,130.5,227
1762304033525,127.5,231
1762304033532,125.5,235
1762304033539,124.5,236
1762304033546,124.5,238
1762304033560,124.5,239
1762304033585,125.5,239
1762304033595,126.5,238
1762304033602,127.5,237
1762304033609,129.5,237
1762304033616,132.5,236
1762304033622,135.5,235
1762304033629,139.5,235
1762304033636,144.5,232
1762304033643,148.5,230
1762304033650,153.5,227
1762304033657,157.5,225
1762304033664,162.5,221
1762304033671,164.5,218
1762304033678,166.5,213
1762304033685,167.5,211
1762304033692,169.5,209
1762304033699,169.5,207
1762304033754,168.5,208
1762304033761,166.5,210
1762304033768,163.5,213
1762304033775,161.5,216
1762304033782,156.5,221
1762304033789,151.5,225
1762304033796,145.5,230
1762304033803,139.5,235
1762304033810,133.5,239
1762304033817,130.5,241
1762304033824,126.5,243
1762304033831,125.5,244
1762304033838,123.5,245
1762304033845,122.5,245
1762304033852,122.5,246
1762304033905,123.5,246
1762304033921,125.5,246
1762304033935,126.5,246
1762304033942,128.5,246
1762304033949,128.5,245
1762304033956,129.5,245
1762304033984,130.5,245
1762304034070,130.5,244
1762304034076,129.5,244
1762304034088,128.5,244
1762304034095,127.5,244
1762304034102,124.5,244
1762304034108,122.5,244
1762304034115,120.5,243
1762304034122,116.5,243
1762304034129,113.5,243
1762304034136,110.5,243
1762304034143,106.5,243
1762304034150,102.5,243
1762304034157,99.5,243
1762304034164,96.5,243
1762304034171,95.5,243
1762304034178,93.5,243
1762304034254,94.5,243
1762304034262,95.5,243
1762304034268,97.5,244
1762304034275,99.5,244
1762304034282,104.5,246
1762304034289,107.5,246
1762304034296,112.5,247
1762304034303,114.5,248
1762304034310,118.5,248
1762304034317,120.5,248
1762304034324,122.5,248
1762304034331,123.5,248
1762304034370,124.5,248
1762304034379,125.5,248
1762304034516,126.5,248
1762304034532,127.5,248
1762304034546,128.5,248
1762304034553,129.5,248
1762304034571,130.5,248
1762304034578,131.5,248
1762304034584,132.5,248
1762304034590,133.5,247
1762304034595,134.5,247
1762304034602,136.5,247
1762304034608,137.5,247
1762304034615,140.5,247
1762304034622,142.5,247
1762304034629,143.5,247
1762304034636,145.5,247
1762304034643,147.5,246
1762304034650,149.5,246
1762304034657,150.5,246
1762304034664,151.5,246
1762304034671,151.5,245
1762304034744,150.5,245
1762304034754,149.5,245
1762304034761,148.5,245
1762304034768,147.5,245
1762304034775,145.5,245
1762304034782,144.5,246
1762304034789,143.5,246
1762304034796,141.5,246
1762304034810,139.5,246
1762304034817,137.5,246
1762304034824,136.5,246
1762304034831,135.5,246
1762304034838,134.5,246
1762304034845,133.5,246
1762304034852,132.5,246
1762304034858,131.5,247
1762304034865,130.5,247
1762304034872,128.5,248
1762304034879,126.5,248
1762304034886,124.5,248
1762304034893,123.5,248
1762304034900,122.5,248
1762304034907,120.5,249
1762304034921,119.5,249
1762304034935,118.5,249
1762304034949,117.5,249
1762304034956,115.5,249
1762304034963,114.5,249
1762304034970,113.5,249
1762304034977,111.5,249
1762304034983,109.5,249
1762304034990,108.5,250
1762304034997,106.5,250
1762304035004,104.5,250
1762304035011,102.5,251
1762304035018,100.5,251
1762304035025,98.5,251
1762304035032,96.5,252
1762304035046,95.5,252
1762304035053,94.5,252
1762304035067,93.5,252
1762304035074,92.5,252
1762304035089,91.5,252
1762304035102,90.5,252
1762304035108,89.5,252
1762304035115,87.5,252
1762304035122,86.5,252
1762304035129,85.5,252
1762304035136,83.5,252
1762304035143,82.5,252
1762304035150,80.5,252
1762304035157,79.5,252
1762304035242,80.5,252
1762304035249,80.5,253
1762304035255,82.5,253
1762304035261,84.5,254
1762304035268,85.5,255
1762304035275,87.5,256
1762304035282,89.5,257
1762304035289,91.5,258
1762304035296,93.5,259
1762304035310,94.5,259
1762304035317,95.5,259
1762304035345,96.5,259
1762304035352,97.5,259
1762304035358,98.5,259
1762304035365,99.5,259
1762304035372,102.5,259
1762304035379,105.5,259
1762304035386,109.5,259
1762304035393,111.5,259
1762304035400,113.5,259
1762304035407,115.5,259
1762304035414,117.5,259
1762304035421,119.5,259
1762304035428,120.5,259
1762304035435,122.5,259
1762304035442,123.5,259
1762304035449,124.5,258
1762304035456,126.5,258
1762304035463,127.5,258
1762304035470,129.5,257
1762304035476,131.5,257
1762304035483,134.5,257
1762304035490,136.5,257
1762304035497,138.5,256
1762304035504,139.5,256
1762304035511,141.5,256
1762304035525,143.5,256
1762304035549,143.5,255
1762304035556,144.5,255
1762304035567,145.5,255
1762304035574,146.5,255
1762304035588,147.5,254
1762304035603,148.5,254
1762304035794,147.5,255
1762304035801,146.5,255
1762304035807,144.5,255
1762304035813,142.5,256
1762304035820,140.5,257
1762304035826,137.5,257
1762304035832,135.5,257
1762304035839,132.5,258
1762304035845,130.5,258
1762304035851,126.5,258
1762304035858,124.5,258
1762304035865,120.5,258
1762304035872,118.5,258
1762304035879,115.5,258
1762304035886,113.5,258
1762304035893,111.5,258
1762304035900,108.5,258
1762304035907,106.5,258
1762304035914,103.5,258
1762304035921,101.5,258
1762304035928,97.5,258
1762304035935,95.5,258
1762304035942,93.5,258
1762304035949,90.5,258
1762304035956,88.5,258
1762304035963,86.5,257
1762304035970,85.5,257
1762304035976,84.5,257
1762304035984,82.5,257
1762304035997,81.5,257
1762304036004,80.5,257
1762304036093,80.5,258
1762304036101,81.5,258
1762304036109,83.5,259
1762304036115,85.5,261
1762304036122,88.5,262
1762304036129,91.5,262
1762304036136,94.5,263
1762304036143,97.5,264
1762304036150,100.5,265
1762304036157,102.5,265
1762304036164,104.5,265
1762304036171,105.5,265
1762304036178,106.5,265
1762304036185,107.5,265
1762304036192,109.5,265
1762304036199,110.5,265
1762304036208,113.5,265
1762304036217,115.5,265
1762304036225,117.5,265
1762304036233,118.5,265
1762304036240,119.5,265
1762304036247,120.5,265
1762304036255,121.5,264
1762304036262,122.5,264
1762304036270,123.5,264
1762304036277,124.5,263
1762304036284,126.5,262
1762304036292,128.5,261
1762304036300,130.5,260
1762304036310,133.5,258
1762304036319,136.5,256
1762304036325,138.5,256
1762304036332,140.5,254
1762304036339,142.5,253
1762304036347,144.5,251
1762304036353,147.5,250
1762304036360,149.5,248
1762304036366,150.5,246
1762304036373,153.5,244
1762304036380,155.5,242
1762304036386,157.5,241
1762304036393,159.5,240
1762304036400,161.5,239
1762304036414,163.5,239
1762304036421,163.5,238
1762304036428,164.5,238
1762304036435,165.5,237
1762304036470,165.5,236
1762304036483,166.5,236
1762304036490,166.5,235
1762304036505,166.5,234
1762304036525,166.5,233
1762304036532,166.5,232
1762304036546,166.5,231
1762304036553,166.5,230
1762304036582,165.5,230
1762304036595,164.5,230
1762304036609,162.5,230
1762304036615,161.5,230
1762304036622,160.5,230
1762304036629,159.5,231
1762304036636,158.5,231
1762304036643,155.5,231
1762304036650,153.5,231
1762304036657,152.5,231
1762304036664,151.5,231
1762304036671,149.5,232
1762304036678,148.5,232
1762304036685,147.5,233
1762304036692,145.5,233
1762304036706,143.5,233
1762304036713,142.5,233
1762304036720,140.5,234
1762304036727,139.5,234
1762304036734,138.5,234
1762304036740,137.5,234
1762304036747,136.5,234
1762304036754,134.5,234
1762304036773,133.5,234
1762304036817,133.5,233
1762304036838,132.5,232
1762304036873,132.5,231
1762304036886,132.5,230
1762304036900,132.5,229
1762304036907,132.5,228
1762304036914,132.5,226
1762304036921,132.5,225
1762304036928,132.5,224
1762304036935,132.5,222
1762304036942,132.5,220
1762304036949,132.5,219
1762304036956,131.5,219
1762304036977,130.5,219
1762304036990,130.5,218
1762304036997,129.5,218
1762304037004,127.5,218
1762304037011,127.5,217
1762304037018,125.5,217
1762304037025,123.5,217
1762304037032,121.5,216
1762304037039,119.5,216
1762304037046,116.5,216
1762304037053,116.5,215
1762304037060,115.5,215
1762304037117,115.5,216
1762304037129,116.5,216
1762304037136,117.5,216
1762304037143,118.5,218
1762304037157,119.5,218
1762304037164,120.5,218
1762304037171,122.5,219
1762304037178,123.5,219
1762304037185,124.5,219
1762304037192,125.5,219
1762304037199,126.5,219
1762304037205,127.5,219
1762304037698,132.5,67
1762304037712,131.5,67
1762304037747,130.5,67
1762304037755,129.5,67
1762304037762,127.5,67
1762304037769,126.5,68
1762304037776,124.5,68
1762304037783,122.5,69
1762304037790,120.5,70
1762304037797,118.5,70
1762304037803,116.5,71
1762304037810,113.5,72
1762304037817,111.5,72
1762304037824,110.5,73
1762304037837,107.5,73
1762304037844,105.5,73
1762304037858,104.5,73
1762304037866,103.5,73
1762304037879,101.5,73
1762304037886,100.5,74
1762304037893,98.5,74
1762304037900,96.5,74
1762304037907,95.5,75
1762304037914,92.5,75
1762304037921,90.5,75
1762304037935,89.5,75
1762304038017,90.5,75
1762304038025,91.5,75
1762304038032,93.5,75
1762304038039,94.5,75
1762304038046,95.5,75
1762304038053,96.5,74
1762304038059,98.5,74
1762304039961,760.5,24
1762304039970,761.5,24
1762304040225,762.5,24
1762304040247,763.5,24
1762304040329,764.5,24
1762304040370,765.5,24
1762304040386,766.5,24
1762304040393,767.5,24
1762304040407,768.5,24
1762304040414,769.5,24
1762304040428,769.5,23
1762304040467,770.5,23
1762304040489,771.5,22
1762304040543,771.5,21
1762304040560,772.5,21
1762304040574,773.5,21
1762304040753,774.5,21
1762304040768,775.5,21
1762304040775,776.5,21
1762304040782,778.5,21
1762304040789,780.5,21
1762304040796,782.5,21
1762304040803,784.5,20
1762304040809,786.5,20
1762304040817,787.5,20
1762304040824,788.5,19
1762304040837,789.5,19
1762304040939,790.5,19
1762304041108,791.5,19
1762304041116,792.5,19
1762304041123,793.5,19
1762304041130,794.5,19
1762304041137,795.5,19
1762304041677,794.5,19
1762304041692,792.5,19
1762304041705,790.5,19
1762304041713,789.5,19
1762304041720,788.5,19
1762304041726,785.5,19
1762304041733,783.5,19
1762304041740,781.5,19
1762304041747,779.5,19
1762304041754,777.5,19
1762304041761,775.5,19
1762304041768,774.5,19
1762304041775,772.5,19
1762304041782,770.5,19
1762304041789,768.5,19
1762304041796,766.5,19
1762304041809,764.5,19
1762304041817,763.5,19
1762304041830,762.5,19
1762304041837,761.5,19
1762304042029,762.5,19
1762304042038,763.5,19
1762304042047,764.5,19
1762304042059,765.5,19
1762304042073,767.5,19
1762304042095,768.5,19
1762304042102,769.5,19
1762304042109,769.5,18
1762304042117,770.5,18
1762304042125,771.5,18
1762304042133,772.5,18
1762304042141,773.5,18
1762304042150,774.5,18
1762304042164,776.5,18
1762304042177,778.5,18
1762304042191,779.5,18
1762304042199,780.5,18
1762304042212,781.5,18
1762304042220,782.5,18
1762304042227,783.5,17
1762304042234,784.5,17
1762304042247,785.5,17
1762304042254,786.5,17
1762304042319,787.5,17
1762304042337,788.5,17
1762304042345,789.5,17
1762304042352,791.5,17
1762304042359,792.5,17
1762304042366,793.5,16
1762304042372,795.5,16
1762304042386,796.5,16
1762304042393,797.5,16
1762304042400,798.5,16
1762304042407,799.5,15
1762304042421,800.5,15
1762304042428,801.5,15
1762304042443,802.5,15
1762304042450,803.5,15
1762304045302,744.5,206
1762304045306,744.5,205
1762304045313,744.5,203
1762304045321,744.5,202
1762304045328,744.5,201
1762304045335,744.5,200
1762304045342,744.5,199
1762304045365,744.5,198
1762304045374,745.5,197
1762304045400,745.5,196
1762304045422,745.5,195
1762304045429,746.5,195
1762304045436,747.5,193
1762304045443,748.5,192
1762304045450,750.5,191
1762304045457,751.5,190
1762304045464,752.5,189
1762304045471,753.5,188
1762304045478,754.5,188
1762304045497,755.5,188
1762304045504,756.5,187
1762304045511,757.5,186
1762304045518,758.5,186
1762304045525,759.5,185
1762304045532,760.5,184
1762304045539,761.5,184
1762304045546,762.5,184
1762304045552,764.5,184
1762304045559,765.5,183
1762304045591,766.5,183
1762304045608,767.5,183
1762304045629,768.5,183
1762304045643,769.5,183
1762304045657,770.5,183
1762304045664,771.5,183
1762304045683,772.5,183
1762304045698,773.5,183
1762304045712,774.5,183
1762304045719,775.5,183
1762304045733,776.5,183
1762304045740,777.5,183
1762304045754,778.5,183
1762304045761,779.5,183
1762304045768,780.5,183
1762304045775,781.5,183
1762304045788,782.5,183
1762304045796,783.5,183
1762304045803,784.5,183
1762304045816,785.5,183
1762304045823,786.5,183
1762304045837,787.5,183
1762304045844,788.5,183
1762304045858,788.5,184
1762304045866,790.5,184
1762304045879,791.5,184
1762304045886,792.5,184
1762304045893,793.5,184
1762304045900,793.5,185
1762304045913,794.5,185
1762304045927,795.5,185
1762304045935,795.5,186
1762304045942,796.5,186
1762304045949,797.5,187
1762304045955,798.5,187
1762304045962,799.5,187
1762304045970,801.5,187
1762304045983,802.5,188
1762304045990,803.5,188
1762304045998,804.5,189
1762304046011,805.5,189
1762304046018,805.5,190
1762304046033,806.5,190
1762304046045,807.5,191
1762304046053,808.5,191
1762304046060,809.5,192
1762304046067,810.5,192
1762304046075,812.5,193
1762304046082,812.5,194
1762304046089,814.5,194
1762304046108,815.5,194
1762304046115,816.5,194
1762304046123,816.5,195
1762304046143,817.5,196
1762304046151,818.5,196
1762304046179,819.5,196
1762304046187,819.5,197
1762304046198,820.5,197
1762304046212,820.5,198
1762304046233,821.5,198
1762304046259,822.5,198
1762304046275,822.5,199
1762304046282,823.5,199
1762304046299,823.5,200
1762304046317,824.5,200
1762304046389,823.5,200
1762304046397,822.5,200
1762304046405,821.5,200
1762304046412,819.5,201
1762304046419,818.5,201
1762304046426,817.5,201
1762304046434,816.5,201
1762304046441,815.5,201
1762304046448,814.5,201
1762304046456,813.5,201
1762304046469,812.5,201
1762304046477,811.5,201
1762304046484,810.5,201
1762304046491,809.5,201
1762304046504,808.5,201
1762304046511,807.5,201
1762304046525,806.5,200
1762304046538,806.5,199
1762304046546,805.5,199
1762304046553,804.5,199
1762304046575,803.5,199
1762304046594,802.5,199
1762304046602,802.5,198
1762304046609,801.5,198
1762304046622,800.5,198
1762304046636,799.5,198
1762304046643,798.5,198
1762304046650,798.5,197
1762304046658,797.5,197
1762304046665,796.5,197
1762304046684,795.5,197
1762304046692,794.5,197
1762304046705,793.5,197
1762304046713,792.5,197
1762304046721,791.5,197
1762304046728,789.5,197
1762304046735,788.5,197
1762304046742,787.5,197
1762304046750,785.5,196
1762304046767,783.5,196
1762304046788,783.5,195
1762304046796,782.5,195
1762304046804,781.5,195
1762304046816,780.5,195
1762304046824,779.5,195
1762304046831,778.5,195
1762304046844,777.5,195
1762304046852,776.5,195
1762304046859,775.5,195
1762304046867,774.5,195
1762304046874,773.5,195
1762304046881,772.5,195
1762304046889,771.5,195
1762304046896,770.5,195
1762304046904,769.5,195
1762304046911,768.5,195
1762304046920,767.5,195
1762304046928,766.5,195
1762304046945,765.5,195
1762304046955,764.5,195
1762304046969,763.5,195
1762304046990,761.5,195
1762304047004,760.5,195
1762304047012,759.5,195
1762304047019,758.5,195
1762304047027,757.5,195
1762304047034,756.5,195
1762304047041,755.5,195
1762304047049,755.5,196
1762304047066,754.5,196
1762304047074,753.5,196
1762304047101,752.5,197
1762304047109,751.5,197
1762304047117,751.5,198
1762304047125,750.5,198
1762304047136,749.5,198
1762304047143,749.5,199
1762304047156,748.5,200
1762304047191,748.5,201
1762304047205,747.5,202
1762304047214,747.5,203
1762304047223,746.5,204
1762304047230,746.5,205
1762304047243,746.5,206
1762304047261,746.5,207
1762304047317,746.5,208
1762304047330,746.5,209
1762304047351,746.5,210
1762304052173,136.5,223
1762304052183,135.5,223
1762304052191,135.5,222
1762304052212,134.5,222
1762304052220,133.5,222
1762304052228,131.5,222
1762304052236,129.5,221
1762304052244,128.5,220
1762304052252,126.5,219
1762304052260,122.5,218
1762304052268,120.5,217
1762304052275,117.5,216
1762304052283,115.5,215
1762304052292,113.5,215
1762304052300,112.5,215
1762304052308,110.5,215
1762304052318,107.5,215
1762304052326,106.5,215
1762304052334,105.5,215
1762304052341,103.5,215
1762304052353,103.5,216
1762304052360,102.5,216
1762304052369,101.5,217
1762304052377,100.5,218
1762304052384,99.5,219
1762304052392,98.5,219
1762304052400,96.5,221
1762304052409,95.5,223
1762304052418,94.5,224
1762304052427,93.5,225
1762304052435,92.5,226
1762304052448,92.5,227
1762304052462,92.5,228
1762304052470,92.5,229
1762304052482,92.5,230
1762304052491,92.5,232
1762304052517,92.5,233
1762304052526,92.5,234
1762304052534,93.5,235
1762304052542,95.5,236
1762304052549,97.5,236
1762304052558,101.5,236
1762304052566,104.5,236
1762304052574,107.5,236
1762304052582,110.5,236
1762304052590,114.5,236
1762304052598,116.5,234
1762304052607,119.5,232
1762304052615,122.5,230
1762304052623,123.5,228
1762304052631,125.5,225
1762304052639,127.5,221
1762304052647,127.5,218
1762304052655,127.5,216
1762304052663,127.5,214
1762304052671,127.5,213
1762304052679,127.5,212
1762304052691,126.5,212
1762304052699,125.5,212
1762304052708,123.5,212
1762304052716,120.5,211
1762304052724,118.5,210
1762304052732,117.5,210
1762304052741,115.5,208
1762304052750,113.5,207
1762304052758,111.5,206
1762304052766,109.5,206
1762304052774,108.5,205
1762304052782,107.5,204
1762304052790,106.5,204
1762304052802,105.5,204
1762304052811,104.5,204
1762304052825,103.5,204
1762304052833,102.5,204
1762304052841,101.5,204
1762304052849,100.5,204
1762304052864,99.5,204
1762304052873,98.5,205
1762304052882,97.5,205
1762304052890,96.5,205
1762304052901,96.5,206
1762304052909,95.5,206
1762304052917,94.5,207
1762304052925,94.5,208
1762304052933,93.5,209
1762304052941,92.5,211
1762304052949,91.5,212
1762304052958,90.5,213
1762304052967,89.5,215
1762304052975,88.5,216
1762304052983,87.5,217
1762304052991,87.5,218
1762304053000,86.5,218
1762304053008,85.5,219
1762304053016,84.5,220
1762304053025,83.5,222
1762304053038,83.5,223
1762304053046,83.5,224
1762304053054,82.5,224
1762304053063,81.5,224
1762304053087,80.5,224
1762304053161,80.5,223
1762304053169,79.5,221
1762304053178,79.5,219
1762304053186,79.5,218
1762304053195,78.5,216
1762304053203,77.5,215
1762304053212,77.5,214
1762304053225,76.5,214
1762304053333,76.5,213
1762304053473,76.5,214
1762304053482,76.5,215
1762304053490,77.5,216
1762304053499,77.5,218
1762304053507,78.5,220
1762304053515,78.5,223
1762304053524,78.5,226
1762304053532,78.5,228
1762304053541,77.5,232
1762304053549,76.5,235
1762304053558,76.5,237
1762304053566,76.5,238
1762304053574,75.5,239
1762304053586,75.5,240
1762304053595,75.5,241
1762304053603,75.5,242
1762304053612,75.5,243
1762304053620,74.5,244
1762304053628,74.5,246
1762304053636,74.5,247
1762304053644,74.5,248
1762304053652,74.5,249
1762304053661,74.5,250
1762304053817,74.5,249
1762304053829,74.5,248
1762304053838,74.5,245
1762304053848,74.5,242
1762304053857,74.5,235
1762304053866,74.5,230
1762304053875,76.5,225
1762304053883,76.5,223
1762304053892,77.5,222
1762304053906,77.5,221
1762304053945,78.5,221
1762304053955,78.5,219
1762304053964,79.5,217
1762304053973,81.5,215
1762304053981,81.5,214
1762304054061,82.5,214
1762304054070,83.5,214
1762304054078,83.5,215
1762304054087,85.5,217
1762304054096,86.5,220
1762304054105,88.5,224
1762304054113,88.5,228
1762304054122,89.5,232
1762304054131,90.5,234
1762304054140,91.5,236
1762304054148,91.5,237
1762304054239,92.5,237
1762304054251,93.5,235
1762304054261,94.5,233
1762304054269,95.5,231
1762304054278,97.5,228
1762304054286,98.5,226
1762304054296,102.5,221
1762304054305,105.5,217
1762304054625,151.5,203
1762304054631,152.5,205
1762304054639,153.5,209
1762304054648,153.5,211
1762304054658,153.5,215
1762304054667,153.5,218
1762304054676,154.5,221
1762304054685,154.5,225
1762304054693,154.5,227
1762304054701,154.5,229
1762304054710,154.5,231
1762304054726,154.5,232
1762304054779,154.5,233
1762304054911,154.5,232
1762304054927,154.5,231
1762304054936,154.5,230
1762304054945,154.5,228
1762304054954,154.5,226
1762304054962,154.5,224
1762304054971,154.5,221
1762304054980,154.5,220
1762304054989,154.5,218
1762304054997,154.5,217
1762304055005,154.5,216
1762304055014,154.5,215
1762304055093,154.5,216
1762304055107,154.5,217
1762304055116,155.5,218
1762304055125,155.5,220
1762304055133,156.5,222
1762304055143,157.5,225
1762304055152,157.5,227
1762304055161,157.5,229
1762304055170,157.5,230
1762304055178,158.5,232
1762304055187,158.5,233
1762304055197,158.5,234
1762304055211,158.5,235
1762304055221,158.5,236
1762304055230,158.5,237
1762304055239,158.5,240
1762304055247,159.5,241
1762304055256,159.5,242
1762304055264,159.5,244
1762304055281,159.5,245
1762304055290,159.5,246
1762304055363,159.5,247
1762304055373,159.5,248
1762304055381,160.5,248
1762304055390,160.5,249
1762304055398,160.5,250
1762304055413,161.5,250
1762304055519,161.5,251
1762304055543,161.5,252
1762304055579,161.5,253
1762304055588,160.5,253
1762304055600,159.5,253
1762304055609,158.5,253
1762304055618,157.5,253
1762304055627,156.5,253
1762304055642,155.5,253
1762304055651,154.5,253
1762304055666,153.5,253
1762304055675,152.5,253
1762304055683,151.5,253
1762304055692,150.5,253
1762304055700,149.5,254
1762304055718,148.5,254
1762304055728,147.5,254
1762304055941,146.5,254
1762304055954,145.5,254
1762304055968,144.5,254
1762304055978,143.5,254
1762304055987,142.5,254
1762304055996,141.5,254
1762304056045,141.5,253
1762304056055,140.5,253
1762304056064,139.5,251
1762304056073,137.5,248
1762304056082,137.5,247
1762304056297,131.5,201
1762304056303,130.5,201
1762304056315,129.5,201
1762304056326,129.5,202
1762304056335,128.5,202
1762304056347,125.5,203
1762304056358,122.5,205
1762304056372,118.5,206
1762304056381,114.5,208
1762304056390,111.5,210
1762304056400,107.5,212
1762304056410,103.5,215
1762304056419,99.5,218
1762304056428,95.5,221
1762304056438,93.5,222
1762304056447,91.5,223
1762304056457,90.5,224
1762304056465,89.5,225
1762304057029,69.5,131
1762304057052,69.5,132
1762304057061,69.5,133
1762304057070,69.5,135
1762304057079,70.5,140
1762304057088,70.5,144
1762304057097,71.5,148
1762304057106,71.5,151
1762304057116,71.5,153
1762304057124,72.5,155
1762304057134,72.5,157
1762304057142,72.5,158
1762304057151,72.5,160
1762304057160,72.5,161
1762304057168,72.5,162
1762304057177,72.5,163
1762304057185,72.5,164
1762304057299,72.5,165
1762304057378,72.5,164
1762304057388,72.5,163
1762304057397,72.5,161
1762304057406,72.5,158
1762304057415,72.5,156
1762304057424,72.5,153
1762304057433,72.5,150
1762304057442,72.5,149
1762304057450,72.5,148
1762304057459,72.5,146
1762304057467,72.5,145
1762304057482,72.5,144
1762304057491,72.5,143
1762304057504,72.5,142
1762304057517,72.5,141
1762304057538,72.5,140
1762304057552,72.5,139
1762304057644,73.5,139
1762304057656,74.5,139
1762304057674,75.5,139
1762304057683,76.5,139
1762304057692,77.5,139
1762304057701,80.5,139
1762304057710,81.5,140
1762304057719,83.5,141
1762304057728,85.5,142
1762304057737,86.5,144
1762304057746,87.5,144
1762304057755,87.5,146
1762304057764,88.5,146
1762304057854,88.5,145
1762304057865,87.5,145
1762304057874,86.5,143
1762304057884,84.5,142
1762304057894,84.5,141
1762304057903,83.5,139
1762304057912,82.5,139
1762304057921,82.5,138
1762304057931,81.5,137
1762304057940,81.5,135
1762304057949,80.5,135
1762304057959,80.5,133
1762304057968,79.5,132
1762304057977,78.5,132
1762304058050,77.5,132
1762304058060,76.5,132
1762304058086,75.5,132
1762304058162,75.5,131
1762304058184,75.5,130
1762304058194,75.5,128
1762304058204,75.5,124
1762304058214,76.5,121
1762304058223,77.5,117
1762304058233,77.5,115
1762304058246,77.5,114
1762304058255,77.5,113
1762304058264,78.5,113
1762304058273,78.5,112
1762304058282,78.5,111
1762304058295,79.5,111
1762304058316,79.5,110
1762304058403,80.5,110
1762304058413,81.5,110
1762304058426,82.5,110
1762304058436,83.5,110
1762304058445,85.5,110
1762304058454,86.5,110
1762304058463,87.5,110
1762304058472,88.5,110
1762304058481,89.5,110
1762304058490,90.5,110
1762304058500,91.5,110
1762304058508,92.5,110
1762304058530,93.5,110
1762304058552,94.5,109
1762304058566,95.5,108
1762304058575,96.5,108
1762304058584,96.5,107
1762304058594,97.5,106
1762304058602,98.5,105
1762304058612,99.5,104
1762304058624,99.5,103
1762304058642,99.5,102
1762304058692,100.5,102
1762304058702,100.5,101
1762304058711,100.5,100
1762304058725,101.5,100
1762304058761,102.5,100
1762304058794,104.5,100
1762304058805,106.5,100
1762304058815,108.5,101
1762304058824,109.5,101
1762304058833,110.5,101
1762304058842,111.5,101
1762304058851,113.5,101
1762304058861,113.5,102
1762304058870,115.5,103
1762304058879,116.5,103
1762304058888,117.5,105
1762304058898,119.5,105
1762304058907,121.5,106
1762304058917,122.5,106
1762304058926,122.5,107
1762304058935,123.5,107
1762304058994,124.5,107
1762304059018,124.5,106
1762304059028,126.5,106
1762304059037,126.5,105
1762304059046,127.5,104
1762304059056,128.5,102
1762304059065,130.5,100
1762304059075,131.5,98
1762304059085,132.5,97
1762304059094,132.5,96
1762304059168,133.5,96
1762304059179,134.5,96
1762304059188,136.5,96
1762304059198,137.5,97
1762304059208,140.5,99
1762304059218,143.5,100
1762304059227,146.5,102
1762304059237,149.5,104
1762304059246,150.5,106
1762304059256,152.5,109
1762304059265,154.5,111
1762304059275,154.5,112
1762304059284,154.5,113
1762304059302,154.5,114
1762304059315,155.5,114
1762304059325,156.5,115
1762304059334,157.5,117
1762304059344,157.5,119
1762304059353,158.5,120
1762304059363,159.5,122
1762304059372,160.5,123
1762304059385,160.5,124
1762304059431,160.5,125
1762304059447,161.5,126
1762304059457,162.5,127
1762304059467,163.5,128
1762304059477,163.5,130
1762304059486,164.5,132
1762304059495,165.5,135
1762304059505,165.5,138
1762304059514,165.5,140
1762304059523,166.5,142
1762304059533,166.5,144
1762304059588,165.5,144
1762304059599,164.5,145
1762304059608,164.5,146
1762304059617,162.5,146
1762304059627,161.5,147
1762304059636,160.5,147
1762304059645,159.5,147
1762304059655,158.5,148
1762304059664,157.5,148
1762304059673,156.5,148
1762304059682,155.5,148
1762304059692,154.5,149
1762304059701,153.5,150
1762304059711,152.5,150
1762304059721,151.5,150
1762304059734,150.5,150
1762304059744,149.5,151
1762304059753,148.5,152
1762304059762,147.5,153
1762304059771,145.5,154
1762304059781,143.5,154
1762304059790,142.5,155
1762304059800,141.5,155
1762304059810,140.5,156
1762304059819,140.5,157
1762304059828,139.5,157
1762304059837,138.5,157
1762304059846,136.5,157
1762304059856,134.5,157
1762304059866,132.5,157
1762304059875,129.5,157
1762304059885,127.5,157
1762304059895,125.5,158
1762304059905,122.5,158
1762304059915,119.5,159
1762304059924,116.5,159
1762304059933,114.5,159
1762304059943,112.5,160
1762304059952,111.5,160
1762304059968,110.5,160
1762304060028,109.5,160
1762304060068,108.5,160
1762304060100,107.5,160
1762304060110,106.5,160
1762304060120,105.5,160
1762304060148,104.5,160
1762304060162,103.5,160
1762304060183,102.5,160
1762304060193,101.5,159
1762304060203,99.5,159
1762304060212,97.5,158
1762304060223,96.5,158
1762304060232,95.5,158
1762304060242,94.5,157
1762304060251,93.5,157
1762304060261,92.5,157
1762304060270,91.5,157
1762304060279,90.5,157
1762304060289,89.5,156
1762304060299,88.5,156
1762304060309,86.5,155
1762304060318,84.5,154
1762304060328,83.5,154
1762304060400,83.5,153
1762304060419,83.5,152
1762304060430,85.5,152
1762304060440,86.5,151
1762304060449,88.5,150
1762304060459,89.5,149
1762304060469,91.5,148
1762304060479,92.5,147
1762304060489,94.5,147
1762304060498,96.5,147
1762304060508,98.5,146
1762304060517,99.5,145
1762304060527,100.5,145
1762304060537,102.5,145
1762304060547,104.5,145
1762304060557,106.5,144
1762304060567,107.5,143
1762304060577,109.5,143
1762304060587,112.5,143
1762304060598,114.5,142
1762304060614,118.5,141
1762304060624,121.5,141
1762304060634,123.5,141
1762304060644,124.5,141
1762304060654,126.5,141
1762304060665,128.5,141
1762304060675,130.5,141
1762304060684,131.5,141
1762304060695,132.5,141
1762304060705,134.5,141
1762304060715,136.5,141
1762304060725,137.5,141
1762304060735,139.5,141
1762304060745,141.5,141
1762304060755,142.5,141
1762304060765,144.5,141
1762304060775,145.5,141
1762304060785,147.5,141
1762304060801,148.5,141
1762304060812,149.5,141
1762304060822,150.5,141
1762304060831,151.5,142
1762304060841,152.5,142
1762304060870,153.5,142
1762304060885,153.5,143
1762304060941,153.5,144
1762304060951,154.5,144
1762304060982,154.5,145
1762304061017,154.5,146
1762304061068,154.5,147
1762304061090,153.5,147
1762304061114,152.5,147
1762304061123,151.5,147
-1,-1,-1
1762304014385,,
1762304029856,,
1762304037698,,
1762304039961,,
1762304045302,,
1762304052173,,
1762304054625,,
1762304056297,,
1762304057029,,
-1,-1,-1
1762304029646,,
1762304037209,,
1762304038063,,
1762304042559,,
1762304047391,,
1762304054310,,
1762304056087,,
1762304056526,,
1762304061128,,
