1762329216133,620,361.39999771118164
1762329216149,619,360.39999771118164
1762329216162,618,359.39999771118164
1762329216169,617,359.39999771118164
1762329216175,616,358.39999771118164
1762329216189,614,357.39999771118164
1762329216196,614,356.39999771118164
1762329216210,613,355.39999771118164
1762329216218,612,355.39999771118164
1762329216224,612,353.39999771118164
1762329216238,611,353.39999771118164
1762329216245,610,353.39999771118164
1762329216252,610,352.39999771118164
1762329216259,610,351.39999771118164
1762329216277,609,350.39999771118164
1762329216287,608,350.39999771118164
1762329216293,608,349.39999771118164
1762329216318,607,349.39999771118164
1762329216334,607,348.39999771118164
1762329216342,607,347.39999771118164
1762329216356,607,346.39999771118164
1762329216363,607,345.39999771118164
1762329216370,612,333.39999771118164
1762329216377,635,293.39999771118164
1762329216384,658,253.39999771118164
1762329216391,673,233.39999771118164
1762329216398,692,205.39999771118164
1762329216405,702,192.39999771118164
1762329216411,709,183.39999771118164
1762329216419,710,181.39999771118164
1762329216426,712,179.39999771118164
1762329216432,714,178.39999771118164
1762329216459,714,179.39999771118164
1762329216467,715,179.39999771118164
1762329216474,715,181.39999771118164
1762329216488,715,184.39999771118164
1762329216495,714,187.39999771118164
1762329216509,712,193.39999771118164
1762329216516,710,195.39999771118164
1762329216523,705,200.39999771118164
1762329216530,695,206.39999771118164
1762329216537,681,212.39999771118164
1762329216544,648,222.39999771118164
1762329216550,618,231.39999771118164
1762329216564,568,241.39999771118164
1762329216571,528,247.39999771118164
1762329216578,496,247.39999771118164
1762329216592,466,247.39999771118164
1762329216599,422,242.39999771118164
1762329216606,402,240.39999771118164
1762329216614,386,236.39999771118164
1762329216620,374,233.39999771118164
1762329216627,361,226.39999771118164
1762329216634,350,222.39999771118164
1762329216642,343,218.39999771118164
1762329216654,341,217.39999771118164
1762329216662,339,215.39999771118164
1762329216668,338,215.39999771118164
1762329216675,338,213.39999771118164
1762329216927,320,196.39999771118164
1762329216934,303,176.39999771118164
1762329216942,290,163.39999771118164
1762329216947,278,152.39999771118164
1762329216955,266,139.39999771118164
1762329216962,255,130.39999771118164
1762329216969,248,121.39999771118164
1762329216975,238,113.39999771118164
1762329216983,226,103.39999771118164
1762329216990,216,95.39999771118164
1762329216997,209,90.39999771118164
1762329217004,202,85.39999771118164
1762329217009,198,82.39999771118164
1762329217019,193,77.39999771118164
1762329217025,191,75.39999771118164
1762329217032,188,72.39999771118164
1762329217039,185,67.39999771118164
1762329217046,185,65.39999771118164
1762329217053,183,64.39999771118164
1762329217060,182,64.39999771118164
1762329217067,181,62.39999771118164
1762329217074,181,61.39999771118164
1762329217081,180,61.39999771118164
1762329217088,179,61.39999771118164
1762329217106,178,61.39999771118164
1762329217130,177,61.39999771118164
1762329217159,175,61.39999771118164
1762329217181,174,61.39999771118164
1762329217186,172,60.39999771118164
1762329217194,170,58.39999771118164
1762329217201,168,57.39999771118164
1762329217207,166,55.39999771118164
1762329217214,162,53.39999771118164
1762329217222,160,51.39999771118164
1762329217228,157,49.39999771118164
1762329217237,154,47.39999771118164
1762329217242,152,45.39999771118164
1762329217250,150,44.39999771118164
1762329217256,148,43.39999771118164
1762329217263,146,41.39999771118164
1762329217270,144,41.39999771118164
1762329217278,143,40.39999771118164
1762329217283,142,39.39999771118164
1762329217292,141,38.39999771118164
1762329217298,140,38.39999771118164
1762329217306,139,38.39999771118164
1762329217314,138,37.39999771118164
1762329217326,137,36.39999771118164
1762329217342,136,36.39999771118164
1762329217349,135,36.39999771118164
1762329217356,135,35.39999771118164
1762329217363,134,34.39999771118164
1762329217384,134,33.39999771118164
1762329217405,133,33.39999771118164
1762329217441,133,32.39999771118164
1762329217468,134,32.39999771118164
1762329217488,134,31.39999771118164
1762329217496,134,30.39999771118164
1762329217509,135,30.39999771118164
1762329217530,136,30.39999771118164
1762329217551,137,29.39999771118164
1762329217559,138,29.39999771118164
1762329217596,139,28.39999771118164
1762329217622,140,28.39999771118164
1762329217641,140,27.39999771118164
1762329217650,140,26.39999771118164
1762329217669,141,26.39999771118164
1762329218002,141,25.39999771118164
1762329218009,140,25.39999771118164
1762329218016,139,25.39999771118164
1762329218023,138,25.39999771118164
1762329218030,138,24.39999771118164
1762329218037,136,24.39999771118164
1762329218044,135,24.39999771118164
1762329218057,134,24.39999771118164
1762329218065,133,23.39999771118164
1762329218072,132,23.39999771118164
1762329218084,131,23.39999771118164
1762329218092,130,23.39999771118164
1762329218099,129,23.39999771118164
1762329218106,128,23.39999771118164
1762329218119,127,23.39999771118164
1762329218127,126,23.39999771118164
1762329218148,124,23.39999771118164
1762329218155,123,23.39999771118164
1762329218169,122,23.39999771118164
1762329218175,122,23.39999771118164
1762329218182,121,23.39999771118164
1762329218189,120,23.39999771118164
1762329218196,119,23.39999771118164
1762329218203,118,23.39999771118164
1762329218210,118,23.39999771118164
1762329218217,117,23.39999771118164
1762329218238,115,23.39999771118164
1762329218245,114,23.39999771118164
1762329218266,114,23.39999771118164
1762329218273,113,23.39999771118164
1762329218280,112,23.39999771118164
1762329218288,111,24.39999771118164
1762329218293,110,24.39999771118164
1762329218314,110,24.39999771118164
1762329218322,109,24.39999771118164
1762329218328,108,25.39999771118164
1762329218349,107,25.39999771118164
1762329218356,106,25.39999771118164
1762329218365,106,25.39999771118164
1762329218371,105,25.39999771118164
1762329218391,104,25.39999771118164
1762329218398,103,26.39999771118164
1762329218405,102,26.39999771118164
1762329218412,102,27.39999771118164
1762329218419,102,27.39999771118164
1762329218426,101,27.39999771118164
1762329218433,101,28.39999771118164
1762329218439,100,29.39999771118164
1762329218446,99,29.39999771118164
1762329218453,99,29.39999771118164
1762329218460,98,29.39999771118164
1762329218470,97,30.39999771118164
1762329218476,97,31.39999771118164
1762329218483,96,31.39999771118164
1762329218491,96,32.39999771118164
1762329218498,95,32.39999771118164
1762329218504,94,33.39999771118164
1762329218523,94,34.39999771118164
1762329218533,93,34.39999771118164
1762329218540,92,36.39999771118164
1762329218557,92,37.39999771118164
1762329218567,91,37.39999771118164
1762329218576,91,37.39999771118164
1762329218582,90,38.39999771118164
1762329218618,90,39.39999771118164
1762329218656,90,40.39999771118164
1762329218676,91,41.39999771118164
1762329218697,92,41.39999771118164
1762329218703,93,41.39999771118164
1762329218724,95,41.39999771118164
1762329218737,97,41.39999771118164
1762329218745,98,41.39999771118164
1762329218752,98,41.39999771118164
1762329218759,99,41.39999771118164
1762329218766,101,41.39999771118164
1762329218773,102,40.39999771118164
1762329218780,103,40.39999771118164
1762329218786,104,40.39999771118164
1762329218794,106,40.39999771118164
1762329218801,108,40.39999771118164
1762329218807,110,40.39999771118164
1762329218814,113,40.39999771118164
1762329218821,114,40.39999771118164
1762329218828,118,40.39999771118164
1762329218835,120,40.39999771118164
1762329218842,121,40.39999771118164
1762329218849,123,40.39999771118164
1762329218856,126,40.39999771118164
1762329218863,126,40.39999771118164
1762329218870,127,40.39999771118164
1762329218877,130,40.39999771118164
1762329218898,131,40.39999771118164
1762329218904,132,40.39999771118164
1762329218911,133,40.39999771118164
1762329218918,134,40.39999771118164
1762329218926,136,40.39999771118164
1762329218932,137,40.39999771118164
1762329218953,138,40.39999771118164
1762329218960,138,40.39999771118164
1762329218967,139,40.39999771118164
1762329218974,140,40.39999771118164
1762329218981,141,40.39999771118164
1762329218989,142,40.39999771118164
1762329218995,142,39.39999771118164
1762329219016,143,38.39999771118164
1762329219023,144,38.39999771118164
1762329219030,145,38.39999771118164
1762329219051,145,37.39999771118164
1762329219057,145,37.39999771118164
1762329219066,146,37.39999771118164
1762329219085,146,36.39999771118164
1762329219094,146,35.39999771118164
1762329219101,146,34.39999771118164
1762329219122,145,33.39999771118164
1762329219141,144,31.39999771118164
1762329219148,143,30.39999771118164
1762329219155,142,29.39999771118164
1762329219161,141,29.39999771118164
1762329219169,140,29.39999771118164
1762329219175,140,29.39999771118164
1762329219183,138,28.39999771118164
1762329219189,137,27.39999771118164
1762329219200,136,25.39999771118164
1762329219206,134,25.39999771118164
1762329219224,134,24.39999771118164
1762329219231,132,24.39999771118164
1762329219238,131,24.39999771118164
1762329219249,130,23.39999771118164
1762329219255,129,22.39999771118164
1762329219273,128,21.39999771118164
1762329219280,127,21.39999771118164
1762329219287,126,21.39999771118164
1762329219294,126,21.39999771118164
1762329219300,125,20.39999771118164
1762329219307,124,20.39999771118164
1762329219315,122,19.39999771118164
1762329219326,121,19.39999771118164
1762329219342,120,19.39999771118164
1762329219349,119,19.39999771118164
1762329219362,118,18.39999771118164
1762329219370,117,17.39999771118164
1762329219382,116,17.39999771118164
1762329219391,115,17.39999771118164
1762329219398,114,17.39999771118164
1762329219405,114,17.39999771118164
1762329219412,112,17.39999771118164
1762329219433,110,17.39999771118164
1762329219439,110,17.39999771118164
1762329219460,108,17.39999771118164
1762329219467,107,17.39999771118164
1762329219474,106,17.39999771118164
1762329219481,106,18.39999771118164
1762329219488,105,18.39999771118164
1762329219495,104,18.39999771118164
1762329219502,103,20.39999771118164
1762329219523,102,21.39999771118164
1762329219530,101,21.39999771118164
1762329219536,101,21.39999771118164
1762329219543,100,22.39999771118164
1762329219550,99,23.39999771118164
1762329219557,98,23.39999771118164
1762329219564,98,25.39999771118164
1762329219571,97,25.39999771118164
1762329219579,96,25.39999771118164
1762329219600,95,26.39999771118164
1762329219608,94,26.39999771118164
1762329219614,94,28.39999771118164
1762329219643,94,29.39999771118164
1762329219649,94,29.39999771118164
1762329219668,94,30.39999771118164
1762329219677,94,31.39999771118164
1762329219703,94,32.39999771118164
1762329219713,94,33.39999771118164
1762329219731,94,33.39999771118164
1762329219755,95,33.39999771118164
1762329219773,96,33.39999771118164
1762329219779,97,33.39999771118164
1762329219786,98,33.39999771118164
1762329219797,100,33.39999771118164
1762329219803,101,33.39999771118164
1762329219810,102,33.39999771118164
1762329219818,103,33.39999771118164
1762329219824,104,33.39999771118164
1762329219831,106,33.39999771118164
1762329219838,108,33.39999771118164
1762329219846,109,33.39999771118164
1762329219852,110,33.39999771118164
1762329219859,112,32.39999771118164
1762329219867,114,32.39999771118164
1762329219874,115,32.39999771118164
1762329219880,117,32.39999771118164
1762329219888,118,32.39999771118164
1762329219895,121,32.39999771118164
1762329219902,122,32.39999771118164
1762329219909,124,32.39999771118164
1762329219915,126,32.39999771118164
1762329219923,127,32.39999771118164
1762329219932,129,32.39999771118164
1762329219939,130,32.39999771118164
1762329219946,130,32.39999771118164
1762329219953,131,32.39999771118164
1762329219960,133,32.39999771118164
1762329219971,134,32.39999771118164
1762329219988,134,32.39999771118164
1762329219995,136,32.39999771118164
1762329220002,137,32.39999771118164
1762329220014,138,32.39999771118164
1762329220023,138,32.39999771118164
1762329220029,139,32.39999771118164
1762329220042,140,32.39999771118164
1762329220050,141,32.39999771118164
1762329220057,142,32.39999771118164
1762329220078,142,32.39999771118164
1762329220085,143,32.39999771118164
1762329220120,143,33.39999771118164
1762329220141,142,33.39999771118164
1762329220147,142,33.39999771118164
1762329220154,140,33.39999771118164
1762329220162,139,33.39999771118164
1762329220168,139,34.39999771118164
1762329220176,137,34.39999771118164
1762329220182,135,34.39999771118164
1762329220190,134,34.39999771118164
1762329220196,133,34.39999771118164
1762329220203,132,34.39999771118164
1762329220210,130,35.39999771118164
1762329220217,130,35.39999771118164
1762329220238,129,35.39999771118164
1762329220245,128,36.39999771118164
1762329220252,126,36.39999771118164
1762329220259,125,36.39999771118164
1762329220280,124,37.39999771118164
1762329220287,123,37.39999771118164
1762329220295,122,37.39999771118164
1762329220315,122,37.39999771118164
1762329220323,121,37.39999771118164
1762329220342,121,37.39999771118164
1762329220349,120,37.39999771118164
1762329220356,119,37.39999771118164
1762329220377,118,37.39999771118164
1762329220408,118,37.39999771118164
1762329220433,117,37.39999771118164
1762329220548,117,37.39999771118164
1762329220571,117,37.39999771118164
1762329220718,116,41.39999771118164
1762329220726,115,47.39999771118164
1762329220732,114,51.39999771118164
1762329220739,114,54.39999771118164
1762329220746,113,57.39999771118164
1762329220753,113,60.39999771118164
1762329220759,111,61.39999771118164
1762329220767,111,63.39999771118164
1762329220773,110,64.39999771118164
1762329220782,110,65.39999771118164
1762329220801,110,66.39999771118164
1762329220808,110,67.39999771118164
1762329220814,110,68.39999771118164
1762329220821,110,69.39999771118164
1762329220831,110,70.39999771118164
1762329220849,110,71.39999771118164
1762329220857,109,71.39999771118164
1762329220864,109,72.39999771118164
1762329220870,109,73.39999771118164
1762329220891,109,74.39999771118164
1762329220898,109,75.39999771118164
1762329220907,109,76.39999771118164
1762329220915,109,77.39999771118164
1762329220933,109,78.39999771118164
1762329220940,109,79.39999771118164
1762329220947,109,81.39999771118164
1762329220957,109,83.39999771118164
1762329220963,108,85.39999771118164
1762329220971,108,88.39999771118164
1762329220978,108,89.39999771118164
1762329220984,108,92.39999771118164
1762329220991,108,96.39999771118164
1762329220998,108,101.39999771118164
1762329221005,108,104.39999771118164
1762329221014,108,110.39999771118164
1762329221019,108,113.39999771118164
1762329221027,108,117.39999771118164
1762329221034,108,120.39999771118164
1762329221040,108,121.39999771118164
1762329221048,108,124.39999771118164
1762329221055,108,126.39999771118164
1762329221062,108,127.39999771118164
1762329221068,108,129.39999771118164
1762329221075,108,130.39999771118164
1762329221092,108,132.39999771118164
1762329221104,108,133.39999771118164
1762329221126,108,134.39999771118164
1762329221141,108,135.39999771118164
1762329221146,108,136.39999771118164
1762329221170,108,137.39999771118164
1762329221239,107,137.39999771118164
1762329221261,106,137.39999771118164
1762329221294,105,137.39999771118164
1762329221301,104,137.39999771118164
1762329221322,103,137.39999771118164
1762329221328,102,137.39999771118164
1762329221350,100,137.39999771118164
1762329221371,99,137.39999771118164
1762329221377,98,137.39999771118164
1762329221398,95,137.39999771118164
1762329221405,94,137.39999771118164
1762329221428,92,136.39999771118164
1762329221436,91,136.39999771118164
1762329221453,90,136.39999771118164
1762329221466,89,135.39999771118164
1762329221481,88,135.39999771118164
1762329221488,87,135.39999771118164
1762329221500,86,135.39999771118164
1762329221800,86,136.39999771118164
1762329221807,86,137.39999771118164
1762329221815,86,139.39999771118164
1762329221821,85,140.39999771118164
1762329221828,85,141.39999771118164
1762329221835,84,144.39999771118164
1762329221842,84,145.39999771118164
1762329221849,83,146.39999771118164
1762329221856,82,147.39999771118164
1762329221863,82,148.39999771118164
1762329221877,82,150.39999771118164
1762329221884,82,151.39999771118164
1762329221891,82,152.39999771118164
1762329221898,82,153.39999771118164
1762329221909,82,153.39999771118164
1762329221918,82,154.39999771118164
1762329221925,82,155.39999771118164
1762329221932,81,155.39999771118164
1762329221939,81,156.39999771118164
1762329221946,81,157.39999771118164
1762329221967,81,157.39999771118164
1762329221974,81,158.39999771118164
1762329221986,81,159.39999771118164
1762329222037,81,160.39999771118164
1762329222044,82,161.39999771118164
1762329222057,82,161.39999771118164
1762329222079,83,161.39999771118164
1762329222085,84,161.39999771118164
1762329222092,85,161.39999771118164
1762329222113,86,162.39999771118164
1762329222120,86,162.39999771118164
1762329222128,88,162.39999771118164
1762329222134,91,162.39999771118164
1762329222142,94,163.39999771118164
1762329222148,96,163.39999771118164
1762329222156,100,163.39999771118164
1762329222162,107,164.39999771118164
1762329222169,117,165.39999771118164
1762329222176,125,166.39999771118164
1762329222185,131,166.39999771118164
1762329222190,140,168.39999771118164
1762329222197,146,169.39999771118164
1762329222205,152,169.39999771118164
1762329222212,155,169.39999771118164
1762329222219,158,169.39999771118164
1762329222225,161,170.39999771118164
1762329222233,162,170.39999771118164
1762329222239,164,170.39999771118164
1762329222259,166,171.39999771118164
1762329222265,167,171.39999771118164
1762329222275,167,172.39999771118164
1762329222281,168,172.39999771118164
1762329222290,169,172.39999771118164
1762329222307,170,172.39999771118164
1762329222318,170,172.39999771118164
1762329222335,171,172.39999771118164
1762329222345,172,172.39999771118164
1762329222352,172,171.39999771118164
1762329222358,173,171.39999771118164
1762329222388,174,171.39999771118164
1762329222398,174,170.39999771118164
1762329222404,175,169.39999771118164
1762329222425,175,169.39999771118164
1762329222446,176,168.39999771118164
1762329222453,176,167.39999771118164
1762329222464,176,166.39999771118164
1762329222471,176,165.39999771118164
1762329222488,175,164.39999771118164
1762329222495,174,163.39999771118164
1762329222502,174,162.39999771118164
1762329222509,174,161.39999771118164
1762329222516,173,160.39999771118164
1762329222523,171,158.39999771118164
1762329222529,170,157.39999771118164
1762329222536,170,156.39999771118164
1762329222544,168,154.39999771118164
1762329222551,167,153.39999771118164
1762329222558,166,152.39999771118164
1762329222565,165,151.39999771118164
1762329222571,164,149.39999771118164
1762329222579,162,146.39999771118164
1762329222585,162,145.39999771118164
1762329222592,160,144.39999771118164
1762329222599,159,142.39999771118164
1762329222606,158,141.39999771118164
1762329222613,158,140.39999771118164
1762329222620,157,138.39999771118164
1762329222627,155,137.39999771118164
1762329222634,154,136.39999771118164
1762329222647,154,136.39999771118164
1762329222655,153,135.39999771118164
1762329222675,151,133.39999771118164
1762329222689,150,133.39999771118164
1762329222696,149,133.39999771118164
1762329222703,148,132.39999771118164
1762329222710,147,131.39999771118164
1762329222717,146,131.39999771118164
1762329222724,146,130.39999771118164
1762329222731,144,130.39999771118164
1762329222739,143,130.39999771118164
1762329222745,142,129.39999771118164
1762329222752,139,129.39999771118164
1762329222759,137,128.39999771118164
1762329222766,137,127.39999771118164
1762329222773,134,127.39999771118164
1762329222780,131,126.39999771118164
1762329222788,131,125.39999771118164
1762329222794,129,125.39999771118164
1762329222801,127,125.39999771118164
1762329222808,125,125.39999771118164
1762329222816,124,125.39999771118164
1762329222821,123,125.39999771118164
1762329222829,122,125.39999771118164
1762329222836,121,125.39999771118164
1762329222843,119,125.39999771118164
1762329222850,118,125.39999771118164
1762329222858,118,125.39999771118164
1762329222864,116,126.39999771118164
1762329222872,115,127.39999771118164
1762329222878,114,127.39999771118164
1762329222885,113,128.39999771118164
1762329222893,111,129.39999771118164
1762329222900,110,129.39999771118164
1762329222906,109,129.39999771118164
1762329222913,107,129.39999771118164
1762329222921,106,130.39999771118164
1762329222927,104,130.39999771118164
1762329222934,103,130.39999771118164
1762329222941,102,131.39999771118164
1762329222949,101,132.39999771118164
1762329222955,99,132.39999771118164
1762329222962,98,133.39999771118164
1762329222969,97,133.39999771118164
1762329222978,94,133.39999771118164
1762329222995,93,134.39999771118164
1762329223002,92,134.39999771118164
1762329223012,91,134.39999771118164
1762329223018,90,135.39999771118164
1762329223037,89,136.39999771118164
1762329223046,88,136.39999771118164
1762329223055,87,136.39999771118164
1762329223064,87,137.39999771118164
1762329223076,87,137.39999771118164
1762329223132,88,137.39999771118164
1762329223146,89,137.39999771118164
1762329223155,90,137.39999771118164
1762329223161,91,137.39999771118164
1762329223174,93,137.39999771118164
1762329223182,94,137.39999771118164
1762329223189,96,137.39999771118164
1762329223196,98,137.39999771118164
1762329223203,100,137.39999771118164
1762329223210,102,137.39999771118164
1762329223217,104,137.39999771118164
1762329223224,106,137.39999771118164
1762329223231,110,137.39999771118164
1762329223238,116,137.39999771118164
1762329223245,118,137.39999771118164
1762329223252,122,137.39999771118164
1762329223259,125,137.39999771118164
1762329223266,128,137.39999771118164
1762329223273,130,137.39999771118164
1762329223280,133,139.39999771118164
1762329223287,136,139.39999771118164
1762329223293,138,141.39999771118164
1762329223300,139,141.39999771118164
1762329223307,141,141.39999771118164
1762329223314,143,141.39999771118164
1762329223321,143,142.39999771118164
1762329223328,145,142.39999771118164
1762329223335,146,142.39999771118164
1762329223342,146,142.39999771118164
1762329223349,146,143.39999771118164
1762329223356,147,143.39999771118164
1762329223363,148,143.39999771118164
1762329223370,148,144.39999771118164
1762329223377,149,144.39999771118164
1762329223384,150,144.39999771118164
1762329223390,150,145.39999771118164
1762329223412,151,145.39999771118164
1762329223418,152,145.39999771118164
1762329223447,153,145.39999771118164
1762329223454,154,145.39999771118164
1762329223477,154,145.39999771118164
1762329223502,154,145.39999771118164
1762329223530,154,146.39999771118164
1762329223558,154,147.39999771118164
1762329223564,154,147.39999771118164
1762329223571,153,147.39999771118164
1762329223578,152,148.39999771118164
1762329223585,150,148.39999771118164
1762329223592,147,148.39999771118164
1762329223599,143,148.39999771118164
1762329223606,137,148.39999771118164
1762329223613,133,148.39999771118164
1762329223620,130,148.39999771118164
1762329223627,128,148.39999771118164
1762329223634,125,147.39999771118164
1762329223641,123,146.39999771118164
1762329223647,120,146.39999771118164
1762329223654,117,145.39999771118164
1762329223662,114,145.39999771118164
1762329223668,114,145.39999771118164
1762329223675,112,145.39999771118164
1762329223682,110,145.39999771118164
1762329223689,107,145.39999771118164
1762329223696,106,145.39999771118164
1762329223703,104,145.39999771118164
1762329223710,102,145.39999771118164
1762329223717,102,145.39999771118164
1762329223724,101,145.39999771118164
1762329223731,98,146.39999771118164
1762329223738,97,146.39999771118164
1762329223745,96,146.39999771118164
1762329223752,94,147.39999771118164
1762329223759,93,147.39999771118164
1762329223770,92,147.39999771118164
1762329223780,90,147.39999771118164
1762329223800,89,147.39999771118164
1762329223807,88,147.39999771118164
1762329223863,90,147.39999771118164
1762329223884,91,147.39999771118164
1762329223890,93,147.39999771118164
1762329223897,94,147.39999771118164
1762329223905,96,147.39999771118164
1762329223911,98,147.39999771118164
1762329223918,100,148.39999771118164
1762329223926,102,148.39999771118164
1762329223933,103,149.39999771118164
1762329223939,110,150.39999771118164
1762329223946,117,151.39999771118164
1762329223955,122,153.39999771118164
1762329223961,128,155.39999771118164
1762329223968,132,156.39999771118164
1762329223974,137,157.39999771118164
1762329223982,140,157.39999771118164
1762329223989,143,158.39999771118164
1762329223995,145,159.39999771118164
1762329224003,148,159.39999771118164
1762329224011,150,160.39999771118164
1762329224017,150,160.39999771118164
1762329224023,151,161.39999771118164
1762329224031,152,161.39999771118164
1762329224038,153,161.39999771118164
1762329224045,154,161.39999771118164
1762329224052,154,161.39999771118164
1762329224071,155,161.39999771118164
1762329224078,156,161.39999771118164
1762329224089,157,161.39999771118164
1762329224101,158,161.39999771118164
1762329224107,158,161.39999771118164
1762329224127,159,161.39999771118164
1762329224148,160,161.39999771118164
1762329224154,161,162.39999771118164
1762329224166,161,163.39999771118164
1762329224208,161,164.39999771118164
1762329224214,159,164.39999771118164
1762329224224,159,165.39999771118164
1762329224231,157,165.39999771118164
1762329224238,154,165.39999771118164
1762329224245,150,165.39999771118164
1762329224252,146,165.39999771118164
1762329224259,138,165.39999771118164
1762329224266,128,164.39999771118164
1762329224273,124,163.39999771118164
1762329224280,117,163.39999771118164
1762329224287,111,162.39999771118164
1762329224294,108,161.39999771118164
1762329224301,106,161.39999771118164
1762329224307,102,161.39999771118164
1762329224315,100,161.39999771118164
1762329224321,98,161.39999771118164
1762329224328,98,160.39999771118164
1762329224335,95,160.39999771118164
1762329224342,94,160.39999771118164
1762329224349,93,160.39999771118164
1762329224356,91,160.39999771118164
1762329224363,90,160.39999771118164
1762329224370,89,159.39999771118164
1762329224377,87,159.39999771118164
1762329224389,86,158.39999771118164
1762329224397,85,158.39999771118164
1762329224404,84,158.39999771118164
1762329224417,83,158.39999771118164
1762329224425,82,158.39999771118164
1762329224446,81,158.39999771118164
1762329224453,80,158.39999771118164
1762329224467,79,158.39999771118164
1762329224488,79,157.39999771118164
1762329224516,79,157.39999771118164
1762329224523,81,156.39999771118164
1762329224529,82,155.39999771118164
1762329224550,83,155.39999771118164
1762329224557,84,155.39999771118164
1762329224564,86,155.39999771118164
1762329224585,86,155.39999771118164
1762329224756,86,152.39999771118164
1762329224762,89,145.39999771118164
1762329224769,90,141.39999771118164
1762329224775,90,138.39999771118164
1762329224783,91,137.39999771118164
1762329224789,93,133.39999771118164
1762329224797,93,131.39999771118164
1762329224804,94,129.39999771118164
1762329224821,94,127.39999771118164
1762329224829,94,126.39999771118164
1762329224836,94,125.39999771118164
1762329224861,95,124.39999771118164
1762329224877,95,122.39999771118164
1762329224884,96,122.39999771118164
1762329224891,96,121.39999771118164
1762329224902,97,121.39999771118164
1762329224919,98,120.39999771118164
1762329224926,98,119.39999771118164
1762329224937,98,118.39999771118164
1762329224945,100,118.39999771118164
1762329224960,101,117.39999771118164
1762329224968,102,117.39999771118164
1762329224976,102,116.39999771118164
1762329224981,103,116.39999771118164
1762329224988,104,115.39999771118164
1762329224995,104,114.39999771118164
1762329225002,105,114.39999771118164
1762329225009,105,113.39999771118164
1762329225016,106,113.39999771118164
1762329225029,107,112.39999771118164
1762329225051,109,112.39999771118164
1762329225072,110,112.39999771118164
1762329225078,111,110.39999771118164
1762329225100,112,110.39999771118164
1762329225106,113,109.39999771118164
1762329225114,114,109.39999771118164
1762329225134,115,108.39999771118164
1762329225143,116,108.39999771118164
1762329225149,116,107.39999771118164
1762329225155,117,107.39999771118164
1762329225162,118,106.39999771118164
1762329225183,118,105.39999771118164
1762329225190,119,105.39999771118164
1762329225197,120,104.39999771118164
1762329225205,121,103.39999771118164
1762329225211,122,102.39999771118164
1762329225233,123,101.39999771118164
1762329225240,123,100.39999771118164
1762329225259,124,100.39999771118164
1762329225266,124,98.39999771118164
1762329225275,125,97.39999771118164
1762329225297,125,96.39999771118164
1762329225302,126,96.39999771118164
1762329225311,126,95.39999771118164
1762329225318,126,94.39999771118164
1762329225336,126,93.39999771118164
1762329225357,126,92.39999771118164
1762329225377,127,90.39999771118164
1762329225384,127,89.39999771118164
1762329225391,128,89.39999771118164
1762329225402,128,88.39999771118164
1762329225419,128,87.39999771118164
1762329225430,128,86.39999771118164
1762329225447,129,85.39999771118164
1762329225481,130,85.39999771118164
1762329225489,130,83.39999771118164
1762329225536,130,82.39999771118164
1762329225549,130,81.39999771118164
1762329225858,130,81.39999771118164
1762329225864,129,81.39999771118164
1762329225870,128,81.39999771118164
1762329225877,127,81.39999771118164
1762329225884,126,81.39999771118164
1762329225898,126,81.39999771118164
1762329225904,126,80.39999771118164
1762329225911,124,80.39999771118164
1762329225932,124,79.39999771118164
1762329225939,123,78.39999771118164
1762329225946,122,78.39999771118164
1762329225967,121,77.39999771118164
1762329225974,120,77.39999771118164
1762329225981,119,77.39999771118164
1762329225988,119,76.39999771118164
1762329225995,118,76.39999771118164
1762329226003,118,75.39999771118164
1762329226022,117,74.39999771118164
1762329226031,117,73.39999771118164
1762329226037,116,73.39999771118164
1762329226045,115,72.39999771118164
1762329226071,115,71.39999771118164
1762329226078,114,70.39999771118164
1762329226085,114,70.39999771118164
1762329226094,113,70.39999771118164
1762329226102,113,69.39999771118164
1762329226113,113,69.39999771118164
1762329226122,112,68.39999771118164
1762329226129,111,68.39999771118164
1762329226142,111,67.39999771118164
1762329226150,110,66.39999771118164
1762329226158,110,66.39999771118164
1762329226182,110,65.39999771118164
1762329226189,109,65.39999771118164
1762329226199,107,64.39999771118164
1762329226210,107,63.39999771118164
1762329226217,107,62.39999771118164
1762329226228,106,61.39999771118164
1762329226238,106,61.39999771118164
1762329226245,106,61.39999771118164
1762329226252,106,60.39999771118164
1762329226259,105,60.39999771118164
1762329226266,105,59.39999771118164
1762329226272,105,58.39999771118164
1762329226279,105,57.39999771118164
1762329226287,104,57.39999771118164
1762329226293,104,57.39999771118164
1762329226300,103,56.39999771118164
1762329226321,103,55.39999771118164
1762329226334,103,54.39999771118164
1762329226342,103,53.39999771118164
1762329226363,103,53.39999771118164
1762329226375,103,52.39999771118164
1762329226398,103,50.39999771118164
1762329226425,103,49.39999771118164
1762329226432,103,49.39999771118164
1762329226439,103,48.39999771118164
1762329226467,103,47.39999771118164
1762329226495,102,47.39999771118164
1762329226530,102,47.39999771118164
1762329226544,102,48.39999771118164
1762329226550,102,49.39999771118164
1762329226557,102,49.39999771118164
1762329226564,101,50.39999771118164
1762329226571,101,52.39999771118164
1762329226592,101,53.39999771118164
1762329226599,101,54.39999771118164
1762329226606,100,57.39999771118164
1762329226627,100,57.39999771118164
1762329226633,99,58.39999771118164
1762329226641,99,59.39999771118164
1762329226648,98,61.39999771118164
1762329226655,98,61.39999771118164
1762329226677,98,62.39999771118164
1762329226683,98,64.39999771118164
1762329226691,98,64.39999771118164
1762329226710,98,65.39999771118164
1762329226717,98,65.39999771118164
1762329226726,97,65.39999771118164
1762329226732,97,67.39999771118164
1762329226742,97,68.39999771118164
1762329226754,97,69.39999771118164
1762329226760,97,69.39999771118164
1762329226780,97,70.39999771118164
1762329226786,97,71.39999771118164
1762329226793,97,72.39999771118164
1762329226814,98,73.39999771118164
1762329226821,98,73.39999771118164
1762329226830,98,74.39999771118164
1762329226837,98,75.39999771118164
1762329226845,99,75.39999771118164
1762329226856,99,76.39999771118164
1762329226863,99,77.39999771118164
1762329226870,100,77.39999771118164
1762329226877,100,77.39999771118164
1762329226887,102,78.39999771118164
1762329226901,102,79.39999771118164
1762329226915,102,79.39999771118164
1762329226925,103,79.39999771118164
1762329226932,104,79.39999771118164
1762329226939,104,80.39999771118164
1762329226946,105,80.39999771118164
1762329226953,105,81.39999771118164
1762329226962,106,81.39999771118164
1762329226981,107,81.39999771118164
1762329226988,108,81.39999771118164
1762329227001,110,81.39999771118164
1762329227009,110,80.39999771118164
1762329227015,110,80.39999771118164
1762329227028,111,80.39999771118164
1762329227036,112,80.39999771118164
1762329227057,114,79.39999771118164
1762329227064,114,78.39999771118164
1762329227071,115,77.39999771118164
1762329227078,116,77.39999771118164
1762329227085,117,77.39999771118164
1762329227092,118,77.39999771118164
1762329227099,118,76.39999771118164
1762329227106,119,76.39999771118164
1762329227113,119,75.39999771118164
1762329227120,121,74.39999771118164
1762329227127,122,74.39999771118164
1762329227133,122,73.39999771118164
1762329227140,122,73.39999771118164
1762329227161,125,71.39999771118164
1762329227168,125,70.39999771118164
1762329227175,126,70.39999771118164
1762329227196,126,69.39999771118164
1762329227203,128,68.39999771118164
1762329227224,129,67.39999771118164
1762329227231,130,66.39999771118164
1762329227237,130,65.39999771118164
1762329227244,131,65.39999771118164
1762329227252,131,64.39999771118164
1762329227272,132,63.39999771118164
1762329227279,133,61.39999771118164
1762329227286,134,61.39999771118164
1762329227294,134,60.39999771118164
1762329227301,134,59.39999771118164
1762329227309,135,58.39999771118164
1762329227314,136,57.39999771118164
1762329227322,136,57.39999771118164
1762329227328,137,56.39999771118164
1762329227337,138,55.39999771118164
1762329227343,138,55.39999771118164
1762329227350,138,53.39999771118164
1762329227358,139,53.39999771118164
1762329227365,140,53.39999771118164
1762329227371,140,52.39999771118164
1762329227378,141,51.39999771118164
1762329227385,141,50.39999771118164
1762329227392,142,49.39999771118164
1762329227399,142,49.39999771118164
1762329227405,142,48.39999771118164
1762329227425,142,47.39999771118164
1762329227434,143,46.39999771118164
1762329227442,143,45.39999771118164
1762329227455,144,45.39999771118164
1762329227462,144,44.39999771118164
1762329227469,144,43.39999771118164
1762329227495,144,42.39999771118164
1762329227516,144,41.39999771118164
1762329227522,144,41.39999771118164
1762329227550,144,40.39999771118164
1762329227560,144,39.39999771118164
1762329227585,143,39.39999771118164
1762329227606,142,39.39999771118164
1762329227613,140,39.39999771118164
1762329227620,139,39.39999771118164
1762329227626,138,40.39999771118164
1762329227633,135,40.39999771118164
1762329227640,134,41.39999771118164
1762329227647,132,41.39999771118164
1762329227654,131,42.39999771118164
1762329227661,130,42.39999771118164
1762329227668,128,44.39999771118164
1762329227675,126,45.39999771118164
1762329227682,126,45.39999771118164
1762329227689,125,45.39999771118164
1762329227696,123,46.39999771118164
1762329227703,122,46.39999771118164
1762329227710,122,47.39999771118164
1762329227717,120,47.39999771118164
1762329227724,119,49.39999771118164
1762329227731,118,49.39999771118164
1762329227738,117,49.39999771118164
1762329227744,116,49.39999771118164
1762329227751,116,50.39999771118164
1762329227758,116,51.39999771118164
1762329227765,114,52.39999771118164
1762329227786,114,53.39999771118164
1762329227793,114,54.39999771118164
1762329227806,113,54.39999771118164
1762329227814,113,55.39999771118164
1762329227821,113,56.39999771118164
1762329227834,112,56.39999771118164
1762329227842,112,57.39999771118164
1762329227849,112,58.39999771118164
1762329227876,112,60.39999771118164
1762329227883,112,61.39999771118164
1762329227904,112,63.39999771118164
1762329227925,112,64.39999771118164
1762329227932,112,65.39999771118164
1762329227939,113,65.39999771118164
1762329227946,113,65.39999771118164
1762329227953,113,67.39999771118164
1762329227960,114,67.39999771118164
1762329227967,114,68.39999771118164
1762329227975,114,69.39999771118164
1762329227981,114,69.39999771118164
1762329227988,115,69.39999771118164
1762329227996,115,69.39999771118164
1762329228022,116,69.39999771118164
1762329228029,117,69.39999771118164
1762329228036,118,69.39999771118164
1762329228043,119,69.39999771118164
1762329228050,120,69.39999771118164
1762329228057,120,69.39999771118164
1762329228064,122,67.39999771118164
1762329228071,123,66.39999771118164
1762329228078,124,65.39999771118164
1762329228085,126,64.39999771118164
1762329228092,128,62.39999771118164
1762329228099,129,61.39999771118164
1762329228106,130,60.39999771118164
1762329228113,131,57.39999771118164
1762329228119,131,56.39999771118164
1762329228126,134,55.39999771118164
1762329228133,134,54.39999771118164
1762329228140,135,53.39999771118164
1762329228147,137,51.39999771118164
1762329228156,138,49.39999771118164
1762329228175,139,49.39999771118164
1762329228185,140,48.39999771118164
1762329228196,140,47.39999771118164
1762329228203,141,46.39999771118164
1762329228212,142,46.39999771118164
1762329228219,142,45.39999771118164
1762329228231,142,45.39999771118164
1762329228237,142,45.39999771118164
1762329228258,142,44.39999771118164
1762329228265,143,44.39999771118164
1762329228277,143,43.39999771118164
1762329228319,143,44.39999771118164
1762329228328,142,44.39999771118164
1762329228335,142,45.39999771118164
1762329228342,142,45.39999771118164
1762329228349,141,46.39999771118164
1762329228356,140,47.39999771118164
1762329228363,140,49.39999771118164
1762329228370,138,50.39999771118164
1762329228376,138,52.39999771118164
1762329228384,137,53.39999771118164
1762329228390,135,56.39999771118164
1762329228397,134,57.39999771118164
1762329228404,134,60.39999771118164
1762329228411,133,61.39999771118164
1762329228418,133,63.39999771118164
1762329228425,132,63.39999771118164
1762329228432,131,65.39999771118164
1762329228439,130,65.39999771118164
1762329228446,130,66.39999771118164
1762329228453,130,67.39999771118164
1762329228460,130,68.39999771118164
1762329228467,130,69.39999771118164
1762329228474,129,69.39999771118164
1762329228488,128,69.39999771118164
1762329228495,128,70.39999771118164
1762329228501,127,71.39999771118164
1762329228508,127,72.39999771118164
1762329228529,126,72.39999771118164
1762329228536,126,73.39999771118164
1762329228543,126,73.39999771118164
1762329228550,125,73.39999771118164
1762329228564,124,73.39999771118164
1762329228571,124,74.39999771118164
1762329228599,123,74.39999771118164
1762329228606,122,74.39999771118164
1762329228627,122,74.39999771118164
1762329228634,121,73.39999771118164
1762329228641,120,73.39999771118164
1762329228648,120,72.39999771118164
1762329228655,120,71.39999771118164
1762329228662,120,70.39999771118164
1762329228669,120,69.39999771118164
1762329228676,120,66.39999771118164
1762329228683,120,65.39999771118164
1762329228690,120,63.39999771118164
1762329228697,120,61.39999771118164
1762329228712,120,58.39999771118164
1762329228718,120,57.39999771118164
1762329228725,121,57.39999771118164
1762329228738,121,56.39999771118164
1762329228744,121,55.39999771118164
1762329228751,122,55.39999771118164
1762329228758,122,54.39999771118164
1762329228765,122,54.39999771118164
1762329228772,122,53.39999771118164
1762329228863,122,54.39999771118164
1762329228874,122,57.39999771118164
1762329228886,122,57.39999771118164
1762329228897,122,58.39999771118164
1762329228904,121,59.39999771118164
1762329228911,121,60.39999771118164
1762329228918,120,61.39999771118164
1762329228925,119,62.39999771118164
1762329228932,118,63.39999771118164
1762329228939,118,65.39999771118164
1762329228946,118,65.39999771118164
1762329228953,117,66.39999771118164
1762329228960,117,67.39999771118164
1762329228967,116,68.39999771118164
1762329228974,115,69.39999771118164
1762329228981,115,69.39999771118164
1762329228988,114,70.39999771118164
1762329228995,114,70.39999771118164
1762329229002,113,72.39999771118164
1762329229015,113,73.39999771118164
1762329229022,112,73.39999771118164
1762329229034,111,73.39999771118164
1762329229043,110,74.39999771118164
1762329229050,110,74.39999771118164
1762329229062,109,74.39999771118164
1762329229077,108,74.39999771118164
1762329229085,107,74.39999771118164
1762329229092,106,73.39999771118164
1762329229099,106,73.39999771118164
1762329229106,106,72.39999771118164
1762329229113,105,70.39999771118164
1762329229119,104,70.39999771118164
1762329229126,104,69.39999771118164
1762329229133,104,69.39999771118164
1762329229146,103,68.39999771118164
1762329229154,103,66.39999771118164
1762329229167,102,66.39999771118164
1762329229175,102,65.39999771118164
1762329229182,102,64.39999771118164
1762329229195,102,63.39999771118164
1762329229203,102,62.39999771118164
1762329229216,102,61.39999771118164
1762329229224,102,61.39999771118164
1762329229231,101,60.39999771118164
1762329229244,100,59.39999771118164
1762329229251,100,58.39999771118164
1762329229272,100,57.39999771118164
1762329229280,100,56.39999771118164
1762329229300,100,55.39999771118164
1762329229307,99,54.39999771118164
1762329229315,98,54.39999771118164
1762329229321,98,53.39999771118164
1762329229328,98,53.39999771118164
1762329229336,98,52.39999771118164
1762329229356,98,50.39999771118164
1762329229362,98,50.39999771118164
1762329229370,97,49.39999771118164
1762329229377,96,49.39999771118164
1762329229385,96,48.39999771118164
1762329229398,96,47.39999771118164
1762329229404,95,47.39999771118164
1762329229411,95,46.39999771118164
1762329229420,94,45.39999771118164
1762329229446,94,45.39999771118164
1762329229453,94,45.39999771118164
1762329229460,93,44.39999771118164
1762329229467,92,43.39999771118164
1762329229495,92,42.39999771118164
1762329229502,91,42.39999771118164
1762329229508,90,41.39999771118164
1762329229529,90,41.39999771118164
1762329229536,90,40.39999771118164
1762329229548,90,39.39999771118164
1762329229588,91,39.39999771118164
1762329229624,92,39.39999771118164
1762329229637,93,39.39999771118164
1762329229648,94,39.39999771118164
1762329229661,94,39.39999771118164
1762329229668,95,39.39999771118164
1762329229676,95,40.39999771118164
1762329229689,97,41.39999771118164
1762329229696,98,41.39999771118164
1762329229709,98,41.39999771118164
1762329229717,98,41.39999771118164
1762329229724,98,42.39999771118164
1762329229731,99,43.39999771118164
1762329229738,100,43.39999771118164
1762329229745,101,43.39999771118164
1762329229751,101,44.39999771118164
1762329229764,102,45.39999771118164
1762329229778,102,45.39999771118164
1762329229786,102,45.39999771118164
1762329229794,102,45.39999771118164
1762329230078,102,53.39999771118164
1762329230086,102,63.39999771118164
1762329230093,102,75.39999771118164
1762329230100,102,86.39999771118164
1762329230107,102,95.39999771118164
1762329230114,102,103.39999771118164
1762329230121,102,113.39999771118164
1762329230128,102,123.39999771118164
1762329230134,102,133.39999771118164
1762329230141,102,151.39999771118164
1762329230148,102,164.39999771118164
1762329230155,103,172.39999771118164
1762329230162,105,181.39999771118164
1762329230169,106,197.39999771118164
1762329230176,107,209.39999771118164
1762329230183,109,216.39999771118164
1762329230190,109,222.39999771118164
1762329230198,111,232.39999771118164
1762329230208,114,241.39999771118164
1762329230212,115,247.39999771118164
1762329230217,117,256.39999771118164
1762329230224,119,265.39999771118164
1762329230232,122,276.39999771118164
1762329230239,123,282.39999771118164
1762329230245,126,289.39999771118164
1762329230256,126,296.39999771118164
1762329230261,130,304.39999771118164
1762329230271,130,309.39999771118164
1762329230274,131,314.39999771118164
1762329230282,132,321.39999771118164
1762329230290,134,327.39999771118164
1762329230296,135,330.39999771118164
1762329230302,136,333.39999771118164
1762329230311,137,337.39999771118164
1762329230317,137,341.39999771118164
1762329230324,137,342.39999771118164
1762329230334,137,344.39999771118164
1762329230337,137,345.39999771118164
1762329230344,137,346.39999771118164
1762329230352,137,347.39999771118164
1762329230366,137,348.39999771118164
1762329230373,137,349.39999771118164
1762329230395,136,349.39999771118164
1762329230852,136,347.39999771118164
1762329230873,136,346.39999771118164
1762329230879,136,345.39999771118164
1762329230908,136,344.39999771118164
1762329230929,136,343.39999771118164
1762329230935,136,342.39999771118164
1762329230957,136,341.39999771118164
1762329230979,136,340.39999771118164
1762329230984,136,339.39999771118164
1762329231003,136,338.39999771118164
1762329231010,136,337.39999771118164
1762329231030,136,336.39999771118164
1762329231037,135,335.39999771118164
1762329231045,134,333.39999771118164
1762329231056,134,332.39999771118164
1762329231063,134,330.39999771118164
1762329231068,133,329.39999771118164
1762329231076,132,328.39999771118164
1762329231083,132,326.39999771118164
1762329231089,131,325.39999771118164
1762329231097,130,323.39999771118164
1762329231114,129,321.39999771118164
1762329231134,128,319.39999771118164
1762329231141,127,318.39999771118164
1762329231148,126,317.39999771118164
1762329231170,126,316.39999771118164
1762329231176,126,315.39999771118164
1762329231183,125,314.39999771118164
1762329231190,124,314.39999771118164
1762329231197,124,313.39999771118164
1762329231218,124,312.39999771118164
1762329231225,123,312.39999771118164
1762329231232,123,311.39999771118164
1762329231243,122,311.39999771118164
1762329231251,122,310.39999771118164
1762329231273,122,309.39999771118164
1762329231333,123,311.39999771118164
1762329231350,124,314.39999771118164
1762329231371,124,317.39999771118164
1762329231377,125,317.39999771118164
1762329231384,125,321.39999771118164
1762329231391,126,322.39999771118164
1762329231398,126,325.39999771118164
1762329231407,127,329.39999771118164
1762329231412,128,332.39999771118164
1762329231424,130,334.39999771118164
1762329231426,130,337.39999771118164
1762329231435,130,339.39999771118164
1762329231442,130,342.39999771118164
1762329231449,131,345.39999771118164
1762329231456,132,346.39999771118164
1762329231463,132,349.39999771118164
1762329231470,132,353.39999771118164
1762329231477,132,355.39999771118164
1762329231487,132,357.39999771118164
1762329231489,132,361.39999771118164
1762329231498,131,363.39999771118164
1762329231505,131,366.39999771118164
1762329231512,129,373.39999771118164
1762329231518,127,383.39999771118164
1762329231526,126,391.39999771118164
1762329231532,122,404.39999771118164
1762329231540,118,415.39999771118164
1762329231547,116,423.39999771118164
1762329231555,114,429.39999771118164
1762329231560,112,434.39999771118164
1762329231567,111,440.39999771118164
1762329231575,111,444.39999771118164
1762329231582,111,446.39999771118164
1762329231589,111,449.39999771118164
1762329231595,111,450.39999771118164
1762329231603,111,453.39999771118164
1762329231610,111,454.39999771118164
1762329231616,111,456.39999771118164
1762329231625,111,457.39999771118164
1762329231631,111,458.39999771118164
1762329231641,111,459.39999771118164
1762329231648,111,461.39999771118164
1762329231669,111,463.39999771118164
1762329231680,111,465.39999771118164
1762329231709,111,467.39999771118164
1762329231717,111,468.39999771118164
1762329231739,111,469.39999771118164
1762329231745,111,470.39999771118164
1762329231766,111,471.39999771118164
1762329231773,111,472.39999771118164
1762329231785,111,473.39999771118164
1762329231801,111,474.39999771118164
1762329231814,111,475.39999771118164
1762329231822,111,476.39999771118164
1762329231835,111,477.39999771118164
1762329231843,112,477.39999771118164
1762329231850,112,478.39999771118164
1762329231871,113,481.39999771118164
1762329231891,114,484.39999771118164
1762329231898,115,485.39999771118164
1762329231906,115,487.39999771118164
1762329231912,116,487.39999771118164
1762329231919,116,489.39999771118164
1762329231940,117,491.39999771118164
1762329231947,118,493.39999771118164
1762329231968,118,495.39999771118164
1762329231975,118,496.39999771118164
1762329231984,119,497.39999771118164
1762329232003,119,498.39999771118164
1762329232012,120,499.39999771118164
1762329232016,120,500.39999771118164
1762329232040,120,501.39999771118164
1762329232136,120,500.39999771118164
1762329232143,120,499.39999771118164
1762329232151,120,498.39999771118164
1762329232169,120,497.39999771118164
1762329232195,120,495.39999771118164
1762329232200,120,494.39999771118164
1762329232222,120,493.39999771118164
1762329232573,121,493.39999771118164
1762329232580,122,493.39999771118164
1762329232588,122,493.39999771118164
1762329232594,122,493.39999771118164
1762329232601,123,493.39999771118164
1762329232614,125,495.39999771118164
1762329232633,125,496.39999771118164
1762329232641,126,496.39999771118164
1762329232647,126,497.39999771118164
1762329232655,126,498.39999771118164
1762329232661,127,498.39999771118164
1762329232669,128,498.39999771118164
1762329232676,129,499.39999771118164
1762329232683,129,500.39999771118164
1762329232710,130,501.39999771118164
1762329232717,130,501.39999771118164
1762329232724,130,501.39999771118164
1762329232732,130,502.39999771118164
1762329232739,131,503.39999771118164
1762329232746,131,504.39999771118164
1762329232759,132,504.39999771118164
1762329232765,132,505.39999771118164
1762329232772,133,505.39999771118164
1762329232779,133,506.39999771118164
1762329232786,134,506.39999771118164
1762329232793,134,507.39999771118164
1762329232800,134,508.39999771118164
1762329232812,134,509.39999771118164
1762329232817,135,509.39999771118164
1762329232832,136,510.39999771118164
1762329232842,137,511.39999771118164
1762329232852,137,512.3999977111816
1762329232863,138,513.3999977111816
1762329232869,138,513.3999977111816
1762329232890,138,514.3999977111816
1762329232901,139,515.3999977111816
1762329232930,139,516.3999977111816
1762329232937,139,517.3999977111816
1762329232944,139,517.3999977111816
1762329232958,140,517.3999977111816
1762329232963,141,518.3999977111816
1762329232974,141,519.3999977111816
1762329233001,141,520.3999977111816
1762329233008,141,521.3999977111816
1762329233020,142,521.3999977111816
1762329233035,142,521.3999977111816
1762329233043,142,522.3999977111816
1762329233064,142,523.3999977111816
1762329233107,142,525.3999977111816
1762329233183,142,525.3999977111816
1762329233225,141,525.3999977111816
1762329233238,140,525.3999977111816
1762329233265,139,525.3999977111816
1762329233273,138,525.3999977111816
1762329233287,138,525.3999977111816
1762329233294,137,524.3999977111816
1762329233300,136,524.3999977111816
1762329233308,135,524.3999977111816
1762329233328,134,524.3999977111816
1762329233335,133,523.3999977111816
1762329233356,132,523.3999977111816
1762329233363,131,523.3999977111816
1762329233369,130,522.3999977111816
1762329233379,130,521.3999977111816
1762329233390,129,521.3999977111816
1762329233400,128,521.3999977111816
1762329233414,127,521.3999977111816
1762329233425,126,521.3999977111816
1762329233432,126,521.3999977111816
1762329233439,126,521.3999977111816
1762329233446,125,520.3999977111816
1762329233453,124,520.3999977111816
1762329233481,123,520.3999977111816
1762329233487,122,520.3999977111816
1762329233494,122,519.3999977111816
1762329233501,122,518.3999977111816
1762329233512,122,517.3999977111816
1762329233526,122,517.3999977111816
1762329233537,122,516.3999977111816
1762329233557,122,515.3999977111816
1762329233564,122,514.3999977111816
1762329233571,122,513.3999977111816
1762329233582,122,513.3999977111816
1762329233592,122,512.3999977111816
1762329233613,122,510.39999771118164
1762329233619,122,510.39999771118164
1762329233626,122,509.39999771118164
1762329233633,123,509.39999771118164
1762329233640,123,509.39999771118164
1762329233647,123,508.39999771118164
1762329233654,124,507.39999771118164
1762329233661,125,507.39999771118164
1762329233668,126,506.39999771118164
1762329233675,126,505.39999771118164
1762329233682,126,505.39999771118164
1762329233689,127,505.39999771118164
1762329233700,127,505.39999771118164
1762329233707,128,504.39999771118164
1762329233717,130,503.39999771118164
1762329233737,130,503.39999771118164
1762329233745,131,503.39999771118164
1762329233752,132,503.39999771118164
1762329233760,132,502.39999771118164
1762329233772,133,502.39999771118164
1762329233793,134,502.39999771118164
1762329233822,134,502.39999771118164
1762329233907,134,503.39999771118164
1762329233932,134,504.39999771118164
1762329233940,134,505.39999771118164
1762329233953,134,505.39999771118164
1762329233974,134,506.39999771118164
1762329233981,133,508.39999771118164
1762329233996,133,509.39999771118164
1762329234002,132,509.39999771118164
1762329234015,132,509.39999771118164
1762329234036,132,511.39999771118164
1762329234043,131,511.39999771118164
1762329234050,130,511.39999771118164
1762329234081,130,511.39999771118164
1762329234088,129,511.39999771118164
1762329234113,128,511.39999771118164
1762329234120,127,510.39999771118164
1762329234136,126,509.39999771118164
1762329234151,126,509.39999771118164
1762329234175,126,509.39999771118164
1762329234390,125,509.39999771118164
1762329234398,124,509.39999771118164
1762329234425,123,509.39999771118164
1762329234432,122,508.39999771118164
1762329234468,121,508.39999771118164
1762329234475,120,507.39999771118164
1762329234496,120,506.39999771118164
1762329234502,119,506.39999771118164
1762329234523,118,505.39999771118164
1762329234557,117,505.39999771118164
1762329234558,116,504.39999771118164
1762329234579,115,503.39999771118164
1762329234588,114,503.39999771118164
1762329234607,114,502.39999771118164
1762329234620,114,501.39999771118164
1762329234623,113,501.39999771118164
1762329234642,112,501.39999771118164
1762329234649,112,500.39999771118164
1762329234656,112,499.39999771118164
1762329234666,111,499.39999771118164
1762329234685,111,498.39999771118164
1762329234691,111,497.39999771118164
1762329234750,111,496.39999771118164
1762329234800,112,496.39999771118164
1762329234828,113,496.39999771118164
1762329234833,114,496.39999771118164
1762329235134,113,496.39999771118164
1762329235143,112,496.39999771118164
1762329235155,112,497.39999771118164
1762329235162,111,497.39999771118164
1762329235175,110,498.39999771118164
1762329235183,110,499.39999771118164
1762329235197,110,500.39999771118164
1762329235203,110,501.39999771118164
1762329235218,110,501.39999771118164
1762329235224,110,502.39999771118164
1762329235231,110,503.39999771118164
1762329235238,109,503.39999771118164
1762329235245,108,504.39999771118164
1762329235259,108,505.39999771118164
1762329235279,108,506.39999771118164
1762329235286,107,506.39999771118164
1762329235294,106,508.39999771118164
1762329235307,106,509.39999771118164
1762329235315,106,509.39999771118164
1762329235335,106,510.39999771118164
1762329235342,106,511.39999771118164
1762329235349,106,512.3999977111816
1762329235356,105,512.3999977111816
1762329235362,105,513.3999977111816
1762329235370,105,513.3999977111816
1762329235383,104,514.3999977111816
1762329235391,104,515.3999977111816
1762329235397,104,516.3999977111816
1762329235412,104,517.3999977111816
1762329235421,103,517.3999977111816
1762329235434,103,518.3999977111816
1762329235446,103,519.3999977111816
1762329235453,102,520.3999977111816
1762329235467,102,521.3999977111816
1762329235474,102,521.3999977111816
1762329235491,102,522.3999977111816
1762329235498,102,523.3999977111816
1762329235505,102,524.3999977111816
1762329235519,101,524.3999977111816
1762329235529,101,525.3999977111816
1762329235536,100,525.3999977111816
1762329235543,100,525.3999977111816
1762329235561,99,525.3999977111816
1762329235571,98,525.3999977111816
1762329235583,98,525.3999977111816
1762329235592,98,526.3999977111816
1762329235604,97,526.3999977111816
1762329235610,96,526.3999977111816
1762329235638,95,526.3999977111816
1762329235653,94,526.3999977111816
1762329235659,94,526.3999977111816
1762329235682,93,526.3999977111816
1762329235695,93,525.3999977111816
1762329235702,92,525.3999977111816
1762329235724,92,525.3999977111816
1762329235744,91,524.3999977111816
1762329235751,91,523.3999977111816
1762329235758,90,523.3999977111816
1762329235766,90,522.3999977111816
1762329235793,90,521.3999977111816
1762329235800,90,519.3999977111816
1762329235807,90,518.3999977111816
1762329235821,90,517.3999977111816
1762329235828,90,516.3999977111816
1762329235835,90,515.3999977111816
1762329235849,90,514.3999977111816
1762329235856,90,513.3999977111816
1762329235884,90,511.39999771118164
1762329235890,90,510.39999771118164
1762329235897,90,509.39999771118164
1762329235904,90,508.39999771118164
1762329235921,90,506.39999771118164
1762329235928,90,505.39999771118164
1762329235936,90,505.39999771118164
1762329235943,90,505.39999771118164
1762329235950,91,504.39999771118164
1762329235960,91,503.39999771118164
1762329235968,91,502.39999771118164
1762329235983,92,501.39999771118164
1762329235989,92,501.39999771118164
1762329236003,92,500.39999771118164
1762329236010,93,500.39999771118164
1762329236018,93,499.39999771118164
1762329236026,93,498.39999771118164
1762329236038,93,497.39999771118164
1762329236051,93,497.39999771118164
1762329236064,94,497.39999771118164
1762329236071,94,496.39999771118164
1762329236099,95,495.39999771118164
1762329236108,95,494.39999771118164
1762329236133,95,493.39999771118164
1762329236143,96,493.39999771118164
1762329236172,97,493.39999771118164
1762329236203,98,493.39999771118164
1762329236231,98,493.39999771118164
1762329236259,99,493.39999771118164
1762329236305,100,493.39999771118164
1762329236321,101,493.39999771118164
1762329236335,101,493.39999771118164
1762329236356,101,494.39999771118164
1762329236369,102,494.39999771118164
1762329236376,102,495.39999771118164
1762329236390,102,495.39999771118164
1762329236397,102,496.39999771118164
1762329236405,102,497.39999771118164
1762329236412,103,497.39999771118164
1762329236425,103,497.39999771118164
1762329236432,103,498.39999771118164
1762329236439,103,499.39999771118164
1762329236453,103,500.39999771118164
1762329236465,103,501.39999771118164
1762329236472,103,501.39999771118164
1762329236487,103,502.39999771118164
1762329236494,103,503.39999771118164
1762329236508,103,504.39999771118164
1762329236516,103,505.39999771118164
1762329236523,103,505.39999771118164
1762329236532,103,506.39999771118164
1762329236540,103,507.39999771118164
1762329236547,103,508.39999771118164
1762329236564,103,509.39999771118164
1762329236571,103,509.39999771118164
1762329236592,103,510.39999771118164
1762329236605,103,511.39999771118164
1762329236613,103,513.3999977111816
1762329236622,103,513.3999977111816
1762329236634,103,514.3999977111816
1762329236641,103,515.3999977111816
1762329236668,103,516.3999977111816
1762329236676,103,517.3999977111816
1762329236684,103,517.3999977111816
1762329236717,103,518.3999977111816
1762329236725,103,519.3999977111816
1762329236752,103,520.3999977111816
1762329236759,103,521.3999977111816
1762329236772,103,521.3999977111816
1762329236800,103,522.3999977111816
1762329236810,103,523.3999977111816
1762329236903,104,523.3999977111816
1762329236932,105,523.3999977111816
1762329236942,105,522.3999977111816
1762329236952,106,522.3999977111816
1762329236959,107,521.3999977111816
1762329236978,108,521.3999977111816
1762329236986,109,521.3999977111816
1762329236993,110,521.3999977111816
1762329237009,110,520.3999977111816
1762329237016,111,520.3999977111816
1762329237029,112,520.3999977111816
1762329237043,113,520.3999977111816
1762329237050,114,520.3999977111816
1762329237058,114,519.3999977111816
1762329237076,114,518.3999977111816
1762329237083,114,518.3999977111816
1762329237097,115,517.3999977111816
1762329237104,115,517.3999977111816
1762329237111,115,515.3999977111816
1762329237118,115,514.3999977111816
1762329237126,115,513.3999977111816
1762329237133,116,513.3999977111816
1762329237141,116,512.3999977111816
1762329237149,116,511.39999771118164
1762329237157,116,510.39999771118164
1762329237168,116,509.39999771118164
1762329237196,116,507.39999771118164
1762329237203,116,506.39999771118164
1762329237217,116,505.39999771118164
1762329237230,116,505.39999771118164
1762329237244,116,505.39999771118164
1762329237444,144,493.39999771118164
1762329237452,175,477.39999771118164
1762329237459,230,449.39999771118164
1762329237463,289,421.39999771118164
1762329237471,339,397.39999771118164
1762329237479,373,381.39999771118164
1762329237486,414,364.39999771118164
1762329237491,478,341.39999771118164
1762329237498,537,322.39999771118164
1762329237506,576,307.39999771118164
1762329237513,622,292.39999771118164
1762329237519,661,279.39999771118164
1762329237527,691,267.39999771118164
1762329237535,706,259.39999771118164
1762329237541,715,254.39999771118164
1762329237547,722,248.39999771118164
1762329237554,727,243.39999771118164
1762329237562,731,239.39999771118164
1762329237570,732,237.39999771118164
1762329237576,732,235.39999771118164
1762329237582,732,233.39999771118164
1762329237590,732,229.39999771118164
1762329237607,731,225.39999771118164
1762329237613,731,223.39999771118164
1762329237621,730,221.39999771118164
1762329237628,729,220.39999771118164
1762329237635,726,215.39999771118164
1762329237642,724,212.39999771118164
1762329237648,722,210.39999771118164
1762329237655,721,209.39999771118164
1762329237662,719,207.39999771118164
1762329237669,717,205.39999771118164
1762329237676,717,203.39999771118164
1762329237683,715,201.39999771118164
1762329237690,714,199.39999771118164
1762329237697,712,197.39999771118164
1762329237704,710,196.39999771118164
1762329237711,709,193.39999771118164
1762329237718,706,189.39999771118164
1762329237725,703,183.39999771118164
1762329237732,702,180.39999771118164
1762329237739,699,177.39999771118164
1762329237745,698,173.39999771118164
1762329237752,698,170.39999771118164
1762329237760,696,165.39999771118164
1762329237767,695,162.39999771118164
1762329237773,694,160.39999771118164
1762329237780,694,157.39999771118164
1762329237787,694,155.39999771118164
1762329237794,694,151.39999771118164
1762329237801,694,148.39999771118164
1762329237808,694,136.39999771118164
1762329237815,698,124.39999771118164
1762329237822,702,111.39999771118164
1762329237829,706,103.39999771118164
1762329237836,710,93.39999771118164
1762329237843,715,85.39999771118164
1762329237850,718,81.39999771118164
1762329237857,720,79.39999771118164
1762329237863,722,77.39999771118164
1762329237872,723,75.39999771118164
1762329237878,725,73.39999771118164
1762329237898,726,72.39999771118164
1762329237905,727,72.39999771118164
1762329237926,729,71.39999771118164
1762329237947,730,71.39999771118164
1762329237968,732,71.39999771118164
1762329237976,733,71.39999771118164
1762329237983,734,71.39999771118164
1762329238005,735,71.39999771118164
1762329238023,736,71.39999771118164
1762329238030,737,71.39999771118164
1762329238039,738,71.39999771118164
1762329238062,739,71.39999771118164
1762329238079,740,71.39999771118164
1762329238090,741,71.39999771118164
1762329238107,742,71.39999771118164
1762329238148,744,71.39999771118164
1762329238152,745,71.39999771118164
1762329238158,746,69.39999771118164
1762329238166,749,66.39999771118164
1762329238174,754,62.39999771118164
1762329238180,758,57.39999771118164
1762329238186,761,54.39999771118164
1762329238193,762,52.39999771118164
1762329238201,764,51.39999771118164
1762329238207,766,49.39999771118164
1762329238214,766,48.39999771118164
1762329238232,767,47.39999771118164
1762329238242,768,46.39999771118164
1762329238259,769,46.39999771118164
1762329238267,769,45.39999771118164
1762329238273,770,45.39999771118164
1762329238441,770,46.39999771118164
1762329238461,770,47.39999771118164
1762329238467,769,47.39999771118164
1762329238475,768,47.39999771118164
1762329238482,767,48.39999771118164
1762329238488,766,49.39999771118164
1762329238509,765,49.39999771118164
1762329238516,763,49.39999771118164
1762329238523,762,50.39999771118164
1762329238531,762,51.39999771118164
1762329238537,761,51.39999771118164
1762329238544,759,52.39999771118164
1762329238565,758,52.39999771118164
1762329238572,758,53.39999771118164
1762329238579,757,53.39999771118164
1762329238588,756,53.39999771118164
1762329238593,755,53.39999771118164
1762329238600,755,54.39999771118164
1762329238620,754,54.39999771118164
1762329238629,753,54.39999771118164
1762329238649,752,54.39999771118164
1762329238656,751,54.39999771118164
1762329238663,751,55.39999771118164
1762329238669,750,56.39999771118164
1762329238694,749,56.39999771118164
1762329238721,748,56.39999771118164
1762329238854,749,56.39999771118164
1762329238862,750,56.39999771118164
1762329238890,751,56.39999771118164
1762329238912,752,56.39999771118164
1762329238933,753,56.39999771118164
1762329238940,754,56.39999771118164
1762329238976,755,56.39999771118164
1762329238996,756,57.39999771118164
1762329239007,757,57.39999771118164
1762329239014,758,57.39999771118164
1762329239087,759,57.39999771118164
1762329239094,760,57.39999771118164
1762329239142,761,57.39999771118164
1762329239163,762,57.39999771118164
1762329239815,761,57.39999771118164
1762329239842,761,56.39999771118164
1762329239862,761,55.39999771118164
1762329239890,761,54.39999771118164
1762329239904,761,53.39999771118164
1762329239913,761,53.39999771118164
1762329239941,760,52.39999771118164
1762329239955,760,51.39999771118164
1762329240004,760,50.39999771118164
1762329240016,760,49.39999771118164
1762329240050,760,49.39999771118164
1762329240061,759,49.39999771118164
1762329240159,759,49.39999771118164
1762329240456,762,49.39999771118164
1762329240460,765,49.39999771118164
1762329240474,768,49.39999771118164
1762329240475,770,49.39999771118164
1762329240483,773,50.39999771118164
1762329240488,774,50.39999771118164
1762329240498,776,50.39999771118164
1762329240502,778,51.39999771118164
1762329240524,779,51.39999771118164
1762329240531,780,51.39999771118164
1762329240537,781,52.39999771118164
1762329240546,781,53.39999771118164
1762329240553,782,53.39999771118164
1762329240572,783,53.39999771118164
1762329240581,785,53.39999771118164
1762329240600,786,53.39999771118164
1762329240612,787,53.39999771118164
1762329240616,788,54.39999771118164
1762329240623,790,54.39999771118164
1762329240630,791,54.39999771118164
1762329240649,794,54.39999771118164
1762329240655,794,55.39999771118164
1762329240662,796,56.39999771118164
1762329240670,798,56.39999771118164
1762329240679,799,56.39999771118164
1762329240686,801,57.39999771118164
1762329240705,802,57.39999771118164
1762329240715,803,57.39999771118164
1762329240732,804,57.39999771118164
1762329240739,805,57.39999771118164
1762329240760,806,58.39999771118164
1762329240792,807,58.39999771118164
1762329240800,808,58.39999771118164
1762329240827,809,58.39999771118164
1762329240871,810,58.39999771118164
1762329241415,810,57.39999771118164
1762329241436,810,57.39999771118164
1762329241444,810,56.39999771118164
1762329241456,810,55.39999771118164
1762329241480,810,54.39999771118164
1762329241495,810,53.39999771118164
1762329241512,810,53.39999771118164
1762329241527,810,52.39999771118164
1762329241540,810,51.39999771118164
1762329241564,810,50.39999771118164
1762329241582,810,49.39999771118164
1762329241611,810,49.39999771118164
1762329241624,810,48.39999771118164
1762329241638,810,47.39999771118164
1762329241673,810,46.39999771118164
1762329241696,810,45.39999771118164
1762329241744,810,45.39999771118164
1762329241764,810,44.39999771118164
1762329241800,811,44.39999771118164
1762329241878,811,44.39999771118164
1762329242419,810,44.39999771118164
1762329242431,808,44.39999771118164
1762329242441,806,44.39999771118164
1762329242450,806,44.39999771118164
1762329242458,804,44.39999771118164
1762329242465,802,44.39999771118164
1762329242473,801,44.39999771118164
1762329242480,799,44.39999771118164
1762329242488,798,44.39999771118164
1762329242496,797,44.39999771118164
1762329242508,796,44.39999771118164
1762329242516,794,44.39999771118164
1762329242524,794,44.39999771118164
1762329242536,793,44.39999771118164
1762329242543,792,44.39999771118164
1762329242558,790,44.39999771118164
1762329242565,790,44.39999771118164
1762329242579,789,44.39999771118164
1762329242586,787,44.39999771118164
1762329242601,786,44.39999771118164
1762329242608,785,44.39999771118164
1762329242620,784,44.39999771118164
1762329242628,783,44.39999771118164
1762329242641,782,44.39999771118164
1762329242648,781,44.39999771118164
1762329242656,780,44.39999771118164
1762329242671,779,44.39999771118164
1762329242678,778,44.39999771118164
1762329242686,778,44.39999771118164
1762329242694,777,44.39999771118164
1762329242702,776,44.39999771118164
1762329242717,775,44.39999771118164
1762329242724,774,44.39999771118164
1762329242741,772,44.39999771118164
1762329242748,771,44.39999771118164
1762329242761,770,44.39999771118164
1762329242768,770,44.39999771118164
1762329242782,769,44.39999771118164
1762329242795,768,44.39999771118164
1762329242803,767,44.39999771118164
1762329242815,766,44.39999771118164
1762329242824,766,44.39999771118164
1762329242834,765,44.39999771118164
1762329242848,764,44.39999771118164
1762329242857,763,44.39999771118164
1762329242883,762,44.39999771118164
1762329242897,762,44.39999771118164
1762329242905,761,44.39999771118164
1762329242925,760,44.39999771118164
1762329242953,759,44.39999771118164
1762329242963,759,43.39999771118164
1762329243007,759,42.39999771118164
1762329243036,759,41.39999771118164
1762329243057,759,41.39999771118164
1762329243065,759,40.39999771118164
1762329243073,759,39.39999771118164
1762329243082,760,39.39999771118164
1762329243090,760,38.39999771118164
1762329243098,760,37.39999771118164
1762329243107,761,37.39999771118164
1762329243119,761,37.39999771118164
1762329243127,761,36.39999771118164
1762329243140,761,35.39999771118164
1762329243154,761,34.39999771118164
1762329243168,762,33.39999771118164
1762329243182,762,33.39999771118164
1762329243189,762,32.39999771118164
1762329243198,762,31.39999771118164
1762329243216,762,30.39999771118164
1762329243224,762,29.39999771118164
1762329243238,763,29.39999771118164
1762329243245,763,28.39999771118164
1762329243254,763,27.39999771118164
1762329243263,764,27.39999771118164
1762329243272,765,26.39999771118164
1762329243288,765,25.39999771118164
1762329243301,766,25.39999771118164
1762329243315,766,24.39999771118164
1762329243323,766,23.39999771118164
1762329243337,767,23.39999771118164
1762329243344,767,22.39999771118164
1762329243352,768,22.39999771118164
1762329243360,769,21.39999771118164
1762329243368,769,21.39999771118164
1762329243383,770,21.39999771118164
1762329243397,770,19.39999771118164
1762329243411,771,18.39999771118164
1762329243425,772,18.39999771118164
1762329243439,773,18.39999771118164
1762329243467,774,18.39999771118164
1762329243476,774,18.39999771118164
1762329243484,775,18.39999771118164
1762329243508,776,18.39999771118164
1762329243515,777,18.39999771118164
1762329243533,778,18.39999771118164
1762329243541,778,18.39999771118164
1762329243554,779,18.39999771118164
1762329243562,780,18.39999771118164
1762329243570,781,18.39999771118164
1762329243585,782,18.39999771118164
1762329243592,782,18.39999771118164
1762329243606,783,18.39999771118164
1762329243614,784,18.39999771118164
1762329243622,785,18.39999771118164
1762329243631,786,18.39999771118164
1762329243639,787,19.39999771118164
1762329243647,787,20.39999771118164
1762329243655,788,20.39999771118164
1762329243664,789,20.39999771118164
1762329243672,790,20.39999771118164
1762329243680,791,20.39999771118164
1762329243694,792,20.39999771118164
1762329243702,794,21.39999771118164
1762329243711,794,21.39999771118164
1762329243719,795,22.39999771118164
1762329243727,796,22.39999771118164
1762329243744,797,23.39999771118164
1762329243752,798,23.39999771118164
1762329243760,798,24.39999771118164
1762329243768,798,24.39999771118164
1762329243777,799,24.39999771118164
1762329243785,800,25.39999771118164
1762329243793,800,26.39999771118164
1762329243801,802,26.39999771118164
1762329243814,803,26.39999771118164
1762329243822,803,27.39999771118164
1762329243830,803,28.39999771118164
1762329243839,804,28.39999771118164
1762329243848,805,29.39999771118164
1762329243876,806,29.39999771118164
1762329243890,806,30.39999771118164
1762329243918,807,31.39999771118164
1762329243928,807,33.39999771118164
1762329243939,808,33.39999771118164
1762329243954,808,33.39999771118164
1762329243967,809,34.39999771118164
1762329243994,809,35.39999771118164
1762329244008,809,36.39999771118164
1762329244016,810,37.39999771118164
1762329244031,810,37.39999771118164
1762329244039,810,38.39999771118164
1762329244071,810,39.39999771118164
1762329244079,810,40.39999771118164
1762329244112,810,41.39999771118164
1762329244129,810,41.39999771118164
1762329244137,810,42.39999771118164
1762329244186,810,43.39999771118164
1762329244216,809,43.39999771118164
1762329244228,808,43.39999771118164
1762329244244,807,43.39999771118164
1762329244252,806,43.39999771118164
1762329244261,806,43.39999771118164
1762329244270,805,43.39999771118164
1762329244278,804,43.39999771118164
1762329244293,803,43.39999771118164
1762329244301,802,42.39999771118164
1762329244310,802,42.39999771118164
1762329244325,801,41.39999771118164
1762329244334,800,41.39999771118164
1762329244342,799,41.39999771118164
1762329244351,799,41.39999771118164
1762329244360,798,41.39999771118164
1762329244368,797,41.39999771118164
1762329244378,796,41.39999771118164
1762329244386,795,41.39999771118164
1762329244396,794,40.39999771118164
1762329244404,793,40.39999771118164
1762329244413,793,39.39999771118164
1762329244422,791,39.39999771118164
1762329244430,790,39.39999771118164
1762329244439,790,39.39999771118164
1762329244448,789,39.39999771118164
1762329244457,788,39.39999771118164
1762329244465,787,38.39999771118164
1762329244474,786,38.39999771118164
1762329244483,785,37.39999771118164
1762329244492,784,37.39999771118164
1762329244501,783,37.39999771118164
1762329244509,782,37.39999771118164
1762329244522,781,37.39999771118164
1762329244530,780,37.39999771118164
1762329244539,779,37.39999771118164
1762329244547,778,37.39999771118164
1762329244556,778,37.39999771118164
1762329244565,777,37.39999771118164
1762329244573,775,37.39999771118164
1762329244584,774,37.39999771118164
1762329244592,774,37.39999771118164
1762329244601,773,37.39999771118164
1762329244611,772,37.39999771118164
1762329244619,771,37.39999771118164
1762329244630,770,37.39999771118164
1762329244641,769,37.39999771118164
1762329244649,768,37.39999771118164
1762329244662,767,37.39999771118164
1762329244676,766,37.39999771118164
1762329244702,766,37.39999771118164
1762329244718,765,37.39999771118164
1762329244732,765,36.39999771118164
1762329244760,765,35.39999771118164
1762329244769,766,35.39999771118164
1762329244800,766,35.39999771118164
1762329244811,767,34.39999771118164
1762329244821,768,34.39999771118164
1762329244830,770,33.39999771118164
1762329244844,771,33.39999771118164
1762329244869,773,33.39999771118164
1762329244878,774,33.39999771118164
1762329244887,774,32.39999771118164
1762329244896,776,32.39999771118164
1762329244911,777,32.39999771118164
1762329244919,778,31.39999771118164
1762329244928,779,31.39999771118164
1762329244939,780,30.39999771118164
1762329244948,781,30.39999771118164
1762329244957,782,29.39999771118164
1762329244967,783,29.39999771118164
1762329244976,784,29.39999771118164
1762329244985,786,29.39999771118164
1762329245001,786,29.39999771118164
1762329245010,787,29.39999771118164
1762329245019,788,28.39999771118164
1762329245029,789,28.39999771118164
1762329245040,790,28.39999771118164
1762329245050,790,27.39999771118164
1762329245063,792,27.39999771118164
1762329245083,794,27.39999771118164
1762329245097,794,27.39999771118164
1762329245112,795,27.39999771118164
1762329245120,796,27.39999771118164
1762329245140,797,27.39999771118164
1762329245148,798,27.39999771118164
1762329245161,798,27.39999771118164
1762329245189,799,27.39999771118164
1762329245209,800,27.39999771118164
1762329245238,800,28.39999771118164
1762329245265,801,28.39999771118164
1762329245275,802,29.39999771118164
1762329245307,802,29.39999771118164
1762329245335,802,30.39999771118164
1762329245346,802,31.39999771118164
1762329245355,802,32.39999771118164
1762329245383,802,33.39999771118164
1762329245392,802,33.39999771118164
1762329245405,802,34.39999771118164
1762329245414,802,35.39999771118164
1762329245439,802,36.39999771118164
1762329245447,802,37.39999771118164
1762329245457,802,37.39999771118164
1762329245468,801,37.39999771118164
1762329245482,801,38.39999771118164
1762329245498,801,39.39999771118164
1762329245507,801,40.39999771118164
1762329245516,800,40.39999771118164
1762329245529,799,40.39999771118164
1762329245557,798,40.39999771118164
1762329245570,798,40.39999771118164
1762329245580,797,40.39999771118164
1762329245588,797,39.39999771118164
1762329245605,796,39.39999771118164
1762329245614,795,38.39999771118164
1762329245631,794,37.39999771118164
1762329245644,794,37.39999771118164
1762329245652,793,37.39999771118164
1762329245673,792,36.39999771118164
1762329245686,791,36.39999771118164
1762329245695,790,35.39999771118164
1762329245705,790,34.39999771118164
1762329245715,789,34.39999771118164
1762329245730,789,33.39999771118164
1762329245740,788,33.39999771118164
1762329245750,787,33.39999771118164
1762329245759,786,33.39999771118164
1762329245772,786,32.39999771118164
1762329245782,786,32.39999771118164
1762329245792,785,31.39999771118164
1762329245821,784,31.39999771118164
1762329245829,784,30.39999771118164
1762329245839,782,30.39999771118164
1762329245855,782,30.39999771118164
1762329245869,781,30.39999771118164
1762329245883,780,30.39999771118164
1762329245911,779,30.39999771118164
1762329245925,778,30.39999771118164
1762329245933,777,30.39999771118164
1762329245947,776,30.39999771118164
1762329245960,774,30.39999771118164
1762329245988,774,30.39999771118164
1762329245996,772,30.39999771118164
1762329246010,771,30.39999771118164
1762329246019,770,30.39999771118164
1762329246039,770,30.39999771118164
1762329246048,769,30.39999771118164
1762329246064,768,30.39999771118164
1762329246119,767,31.39999771118164
1762329246176,767,31.39999771118164
1762329246309,771,49.39999771118164
1762329246317,778,78.39999771118164
1762329246323,779,96.39999771118164
1762329246332,780,110.39999771118164
1762329246336,780,130.39999771118164
1762329246347,782,156.39999771118164
1762329246350,782,177.39999771118164
1762329246358,782,191.39999771118164
1762329246364,782,205.39999771118164
1762329246370,784,228.39999771118164
1762329246377,786,256.39999771118164
1762329246387,786,266.39999771118164
1762329246391,786,285.39999771118164
1762329246399,786,299.39999771118164
1762329246406,787,316.39999771118164
1762329246414,788,329.39999771118164
1762329246419,790,356.39999771118164
1762329246428,789,381.39999771118164
1762329246434,789,395.39999771118164
1762329246442,789,409.39999771118164
1762329246449,788,419.39999771118164
1762329246456,788,433.39999771118164
1762329246461,786,446.39999771118164
1762329246469,787,458.39999771118164
1762329246477,786,466.39999771118164
1762329246484,786,478.39999771118164
1762329246490,786,486.39999771118164
1762329246498,785,494.39999771118164
1762329246505,785,497.39999771118164
1762329246512,785,500.39999771118164
1762329246519,784,502.39999771118164
1762329246525,784,507.39999771118164
1762329246534,783,509.39999771118164
1762329246540,782,513.3999977111816
1762329246546,782,517.3999977111816
1762329246553,782,521.3999977111816
1762329246562,780,525.3999977111816
1762329246569,780,528.3999977111816
1762329246575,780,530.3999977111816
1762329246582,778,533.3999977111816
1762329246589,778,534.3999977111816
1762329246607,778,536.3999977111816
1762329246614,778,537.3999977111816
1762329246635,778,538.3999977111816
1762329246656,778,540.3999977111816
1762329246667,778,541.3999977111816
1762329246674,778,542.3999977111816
1762329246680,778,543.3999977111816
1762329246688,778,545.3999977111816
1762329246694,778,548.3999977111816
1762329246701,778,551.3999977111816
1762329246708,778,557.3999977111816
1762329246715,779,566.3999977111816
1762329246722,783,584.3999977111816
1762329246729,786,607.3999977111816
-1,-1,-1
1762329217736,141,26.39999771118164
1762329218002,141,25.39999771118164
1762329218009,140,25.39999771118164
1762329218016,139,25.39999771118164
1762329218023,138,25.39999771118164
1762329218030,138,24.39999771118164
1762329218037,136,24.39999771118164
1762329218044,135,24.39999771118164
1762329218057,134,24.39999771118164
1762329218065,133,23.39999771118164
1762329218072,132,23.39999771118164
1762329218084,131,23.39999771118164
1762329218092,130,23.39999771118164
1762329218099,129,23.39999771118164
1762329218106,128,23.39999771118164
1762329218119,127,23.39999771118164
1762329218127,126,23.39999771118164
1762329218148,124,23.39999771118164
1762329218155,123,23.39999771118164
1762329218169,122,23.39999771118164
1762329218175,122,23.39999771118164
1762329218182,121,23.39999771118164
1762329218189,120,23.39999771118164
1762329218196,119,23.39999771118164
1762329218203,118,23.39999771118164
1762329218210,118,23.39999771118164
1762329218217,117,23.39999771118164
1762329218238,115,23.39999771118164
1762329218245,114,23.39999771118164
1762329218266,114,23.39999771118164
1762329218273,113,23.39999771118164
1762329218280,112,23.39999771118164
1762329218288,111,24.39999771118164
1762329218293,110,24.39999771118164
1762329218314,110,24.39999771118164
1762329218322,109,24.39999771118164
1762329218328,108,25.39999771118164
1762329218349,107,25.39999771118164
1762329218356,106,25.39999771118164
1762329218365,106,25.39999771118164
1762329218371,105,25.39999771118164
1762329218391,104,25.39999771118164
1762329218398,103,26.39999771118164
1762329218405,102,26.39999771118164
1762329218412,102,27.39999771118164
1762329218419,102,27.39999771118164
1762329218426,101,27.39999771118164
1762329218433,101,28.39999771118164
1762329218439,100,29.39999771118164
1762329218446,99,29.39999771118164
1762329218453,99,29.39999771118164
1762329218460,98,29.39999771118164
1762329218470,97,30.39999771118164
1762329218476,97,31.39999771118164
1762329218483,96,31.39999771118164
1762329218491,96,32.39999771118164
1762329218498,95,32.39999771118164
1762329218504,94,33.39999771118164
1762329218523,94,34.39999771118164
1762329218533,93,34.39999771118164
1762329218540,92,36.39999771118164
1762329218557,92,37.39999771118164
1762329218567,91,37.39999771118164
1762329218576,91,37.39999771118164
1762329218582,90,38.39999771118164
1762329218618,90,39.39999771118164
1762329218656,90,40.39999771118164
1762329218676,91,41.39999771118164
1762329218697,92,41.39999771118164
1762329218703,93,41.39999771118164
1762329218724,95,41.39999771118164
1762329218737,97,41.39999771118164
1762329218745,98,41.39999771118164
1762329218752,98,41.39999771118164
1762329218759,99,41.39999771118164
1762329218766,101,41.39999771118164
1762329218773,102,40.39999771118164
1762329218780,103,40.39999771118164
1762329218786,104,40.39999771118164
1762329218794,106,40.39999771118164
1762329218801,108,40.39999771118164
1762329218807,110,40.39999771118164
1762329218814,113,40.39999771118164
1762329218821,114,40.39999771118164
1762329218828,118,40.39999771118164
1762329218835,120,40.39999771118164
1762329218842,121,40.39999771118164
1762329218849,123,40.39999771118164
1762329218856,126,40.39999771118164
1762329218863,126,40.39999771118164
1762329218870,127,40.39999771118164
1762329218877,130,40.39999771118164
1762329218898,131,40.39999771118164
1762329218904,132,40.39999771118164
1762329218911,133,40.39999771118164
1762329218918,134,40.39999771118164
1762329218926,136,40.39999771118164
1762329218932,137,40.39999771118164
1762329218953,138,40.39999771118164
1762329218960,138,40.39999771118164
1762329218967,139,40.39999771118164
1762329218974,140,40.39999771118164
1762329218981,141,40.39999771118164
1762329218989,142,40.39999771118164
1762329218995,142,39.39999771118164
1762329219016,143,38.39999771118164
1762329219023,144,38.39999771118164
1762329219030,145,38.39999771118164
1762329219051,145,37.39999771118164
1762329219057,145,37.39999771118164
1762329219066,146,37.39999771118164
1762329219085,146,36.39999771118164
1762329219094,146,35.39999771118164
1762329219101,146,34.39999771118164
1762329219122,145,33.39999771118164
1762329219141,144,31.39999771118164
1762329219148,143,30.39999771118164
1762329219155,142,29.39999771118164
1762329219161,141,29.39999771118164
1762329219169,140,29.39999771118164
1762329219175,140,29.39999771118164
1762329219183,138,28.39999771118164
1762329219189,137,27.39999771118164
1762329219200,136,25.39999771118164
1762329219206,134,25.39999771118164
1762329219224,134,24.39999771118164
1762329219231,132,24.39999771118164
1762329219238,131,24.39999771118164
1762329219249,130,23.39999771118164
1762329219255,129,22.39999771118164
1762329219273,128,21.39999771118164
1762329219280,127,21.39999771118164
1762329219287,126,21.39999771118164
1762329219294,126,21.39999771118164
1762329219300,125,20.39999771118164
1762329219307,124,20.39999771118164
1762329219315,122,19.39999771118164
1762329219326,121,19.39999771118164
1762329219342,120,19.39999771118164
1762329219349,119,19.39999771118164
1762329219362,118,18.39999771118164
1762329219370,117,17.39999771118164
1762329219382,116,17.39999771118164
1762329219391,115,17.39999771118164
1762329219398,114,17.39999771118164
1762329219405,114,17.39999771118164
1762329219412,112,17.39999771118164
1762329219433,110,17.39999771118164
1762329219439,110,17.39999771118164
1762329219460,108,17.39999771118164
1762329219467,107,17.39999771118164
1762329219474,106,17.39999771118164
1762329219481,106,18.39999771118164
1762329219488,105,18.39999771118164
1762329219495,104,18.39999771118164
1762329219502,103,20.39999771118164
1762329219523,102,21.39999771118164
1762329219530,101,21.39999771118164
1762329219536,101,21.39999771118164
1762329219543,100,22.39999771118164
1762329219550,99,23.39999771118164
1762329219557,98,23.39999771118164
1762329219564,98,25.39999771118164
1762329219571,97,25.39999771118164
1762329219579,96,25.39999771118164
1762329219600,95,26.39999771118164
1762329219608,94,26.39999771118164
1762329219614,94,28.39999771118164
1762329219643,94,29.39999771118164
1762329219649,94,29.39999771118164
1762329219668,94,30.39999771118164
1762329219677,94,31.39999771118164
1762329219703,94,32.39999771118164
1762329219713,94,33.39999771118164
1762329219731,94,33.39999771118164
1762329219755,95,33.39999771118164
1762329219773,96,33.39999771118164
1762329219779,97,33.39999771118164
1762329219786,98,33.39999771118164
1762329219797,100,33.39999771118164
1762329219803,101,33.39999771118164
1762329219810,102,33.39999771118164
1762329219818,103,33.39999771118164
1762329219824,104,33.39999771118164
1762329219831,106,33.39999771118164
1762329219838,108,33.39999771118164
1762329219846,109,33.39999771118164
1762329219852,110,33.39999771118164
1762329219859,112,32.39999771118164
1762329219867,114,32.39999771118164
1762329219874,115,32.39999771118164
1762329219880,117,32.39999771118164
1762329219888,118,32.39999771118164
1762329219895,121,32.39999771118164
1762329219902,122,32.39999771118164
1762329219909,124,32.39999771118164
1762329219915,126,32.39999771118164
1762329219923,127,32.39999771118164
1762329219932,129,32.39999771118164
1762329219939,130,32.39999771118164
1762329219946,130,32.39999771118164
1762329219953,131,32.39999771118164
1762329219960,133,32.39999771118164
1762329219971,134,32.39999771118164
1762329219988,134,32.39999771118164
1762329219995,136,32.39999771118164
1762329220002,137,32.39999771118164
1762329220014,138,32.39999771118164
1762329220023,138,32.39999771118164
1762329220029,139,32.39999771118164
1762329220042,140,32.39999771118164
1762329220050,141,32.39999771118164
1762329220057,142,32.39999771118164
1762329220078,142,32.39999771118164
1762329220085,143,32.39999771118164
1762329220120,143,33.39999771118164
1762329220141,142,33.39999771118164
1762329220147,142,33.39999771118164
1762329220154,140,33.39999771118164
1762329220162,139,33.39999771118164
1762329220168,139,34.39999771118164
1762329220176,137,34.39999771118164
1762329220182,135,34.39999771118164
1762329220190,134,34.39999771118164
1762329220196,133,34.39999771118164
1762329220203,132,34.39999771118164
1762329220210,130,35.39999771118164
1762329220217,130,35.39999771118164
1762329220238,129,35.39999771118164
1762329220245,128,36.39999771118164
1762329220252,126,36.39999771118164
1762329220259,125,36.39999771118164
1762329220280,124,37.39999771118164
1762329220287,123,37.39999771118164
1762329220295,122,37.39999771118164
1762329220315,122,37.39999771118164
1762329220323,121,37.39999771118164
1762329220342,121,37.39999771118164
1762329220349,120,37.39999771118164
1762329220356,119,37.39999771118164
1762329220377,118,37.39999771118164
1762329220408,118,37.39999771118164
1762329220433,117,37.39999771118164
1762329220548,117,37.39999771118164
1762329221504,86,135.39999771118164
1762329221800,86,136.39999771118164
1762329221807,86,137.39999771118164
1762329221815,86,139.39999771118164
1762329221821,85,140.39999771118164
1762329221828,85,141.39999771118164
1762329221835,84,144.39999771118164
1762329221842,84,145.39999771118164
1762329221849,83,146.39999771118164
1762329221856,82,147.39999771118164
1762329221863,82,148.39999771118164
1762329221877,82,150.39999771118164
1762329221884,82,151.39999771118164
1762329221891,82,152.39999771118164
1762329221898,82,153.39999771118164
1762329221909,82,153.39999771118164
1762329221918,82,154.39999771118164
1762329221925,82,155.39999771118164
1762329221932,81,155.39999771118164
1762329221939,81,156.39999771118164
1762329221946,81,157.39999771118164
1762329221967,81,157.39999771118164
1762329221974,81,158.39999771118164
1762329221986,81,159.39999771118164
1762329222037,81,160.39999771118164
1762329222044,82,161.39999771118164
1762329222057,82,161.39999771118164
1762329222079,83,161.39999771118164
1762329222085,84,161.39999771118164
1762329222092,85,161.39999771118164
1762329222113,86,162.39999771118164
1762329222120,86,162.39999771118164
1762329222128,88,162.39999771118164
1762329222134,91,162.39999771118164
1762329222142,94,163.39999771118164
1762329222148,96,163.39999771118164
1762329222156,100,163.39999771118164
1762329222162,107,164.39999771118164
1762329222169,117,165.39999771118164
1762329222176,125,166.39999771118164
1762329222185,131,166.39999771118164
1762329222190,140,168.39999771118164
1762329222197,146,169.39999771118164
1762329222205,152,169.39999771118164
1762329222212,155,169.39999771118164
1762329222219,158,169.39999771118164
1762329222225,161,170.39999771118164
1762329222233,162,170.39999771118164
1762329222239,164,170.39999771118164
1762329222259,166,171.39999771118164
1762329222265,167,171.39999771118164
1762329222275,167,172.39999771118164
1762329222281,168,172.39999771118164
1762329222290,169,172.39999771118164
1762329222307,170,172.39999771118164
1762329222318,170,172.39999771118164
1762329222335,171,172.39999771118164
1762329222345,172,172.39999771118164
1762329222352,172,171.39999771118164
1762329222358,173,171.39999771118164
1762329222388,174,171.39999771118164
1762329222398,174,170.39999771118164
1762329222404,175,169.39999771118164
1762329222425,175,169.39999771118164
1762329222446,176,168.39999771118164
1762329222453,176,167.39999771118164
1762329222464,176,166.39999771118164
1762329222471,176,165.39999771118164
1762329222488,175,164.39999771118164
1762329222495,174,163.39999771118164
1762329222502,174,162.39999771118164
1762329222509,174,161.39999771118164
1762329222516,173,160.39999771118164
1762329222523,171,158.39999771118164
1762329222529,170,157.39999771118164
1762329222536,170,156.39999771118164
1762329222544,168,154.39999771118164
1762329222551,167,153.39999771118164
1762329222558,166,152.39999771118164
1762329222565,165,151.39999771118164
1762329222571,164,149.39999771118164
1762329222579,162,146.39999771118164
1762329222585,162,145.39999771118164
1762329222592,160,144.39999771118164
1762329222599,159,142.39999771118164
1762329222606,158,141.39999771118164
1762329222613,158,140.39999771118164
1762329222620,157,138.39999771118164
1762329222627,155,137.39999771118164
1762329222634,154,136.39999771118164
1762329222647,154,136.39999771118164
1762329222655,153,135.39999771118164
1762329222675,151,133.39999771118164
1762329222689,150,133.39999771118164
1762329222696,149,133.39999771118164
1762329222703,148,132.39999771118164
1762329222710,147,131.39999771118164
1762329222717,146,131.39999771118164
1762329222724,146,130.39999771118164
1762329222731,144,130.39999771118164
1762329222739,143,130.39999771118164
1762329222745,142,129.39999771118164
1762329222752,139,129.39999771118164
1762329222759,137,128.39999771118164
1762329222766,137,127.39999771118164
1762329222773,134,127.39999771118164
1762329222780,131,126.39999771118164
1762329222788,131,125.39999771118164
1762329222794,129,125.39999771118164
1762329222801,127,125.39999771118164
1762329222808,125,125.39999771118164
1762329222816,124,125.39999771118164
1762329222821,123,125.39999771118164
1762329222829,122,125.39999771118164
1762329222836,121,125.39999771118164
1762329222843,119,125.39999771118164
1762329222850,118,125.39999771118164
1762329222858,118,125.39999771118164
1762329222864,116,126.39999771118164
1762329222872,115,127.39999771118164
1762329222878,114,127.39999771118164
1762329222885,113,128.39999771118164
1762329222893,111,129.39999771118164
1762329222900,110,129.39999771118164
1762329222906,109,129.39999771118164
1762329222913,107,129.39999771118164
1762329222921,106,130.39999771118164
1762329222927,104,130.39999771118164
1762329222934,103,130.39999771118164
1762329222941,102,131.39999771118164
1762329222949,101,132.39999771118164
1762329222955,99,132.39999771118164
1762329222962,98,133.39999771118164
1762329222969,97,133.39999771118164
1762329222978,94,133.39999771118164
1762329222995,93,134.39999771118164
1762329223002,92,134.39999771118164
1762329223012,91,134.39999771118164
1762329223018,90,135.39999771118164
1762329223037,89,136.39999771118164
1762329223046,88,136.39999771118164
1762329223055,87,136.39999771118164
1762329223064,87,137.39999771118164
1762329223076,87,137.39999771118164
1762329223132,88,137.39999771118164
1762329223146,89,137.39999771118164
1762329223155,90,137.39999771118164
1762329223161,91,137.39999771118164
1762329223174,93,137.39999771118164
1762329223182,94,137.39999771118164
1762329223189,96,137.39999771118164
1762329223196,98,137.39999771118164
1762329223203,100,137.39999771118164
1762329223210,102,137.39999771118164
1762329223217,104,137.39999771118164
1762329223224,106,137.39999771118164
1762329223231,110,137.39999771118164
1762329223238,116,137.39999771118164
1762329223245,118,137.39999771118164
1762329223252,122,137.39999771118164
1762329223259,125,137.39999771118164
1762329223266,128,137.39999771118164
1762329223273,130,137.39999771118164
1762329223280,133,139.39999771118164
1762329223287,136,139.39999771118164
1762329223293,138,141.39999771118164
1762329223300,139,141.39999771118164
1762329223307,141,141.39999771118164
1762329223314,143,141.39999771118164
1762329223321,143,142.39999771118164
1762329223328,145,142.39999771118164
1762329223335,146,142.39999771118164
1762329223342,146,142.39999771118164
1762329223349,146,143.39999771118164
1762329223356,147,143.39999771118164
1762329223363,148,143.39999771118164
1762329223370,148,144.39999771118164
1762329223377,149,144.39999771118164
1762329223384,150,144.39999771118164
1762329223390,150,145.39999771118164
1762329223412,151,145.39999771118164
1762329223418,152,145.39999771118164
1762329223447,153,145.39999771118164
1762329223454,154,145.39999771118164
1762329223477,154,145.39999771118164
1762329223502,154,145.39999771118164
1762329223530,154,146.39999771118164
1762329223558,154,147.39999771118164
1762329223564,154,147.39999771118164
1762329223571,153,147.39999771118164
1762329223578,152,148.39999771118164
1762329223585,150,148.39999771118164
1762329223592,147,148.39999771118164
1762329223599,143,148.39999771118164
1762329223606,137,148.39999771118164
1762329223613,133,148.39999771118164
1762329223620,130,148.39999771118164
1762329223627,128,148.39999771118164
1762329223634,125,147.39999771118164
1762329223641,123,146.39999771118164
1762329223647,120,146.39999771118164
1762329223654,117,145.39999771118164
1762329223662,114,145.39999771118164
1762329223668,114,145.39999771118164
1762329223675,112,145.39999771118164
1762329223682,110,145.39999771118164
1762329223689,107,145.39999771118164
1762329223696,106,145.39999771118164
1762329223703,104,145.39999771118164
1762329223710,102,145.39999771118164
1762329223717,102,145.39999771118164
1762329223724,101,145.39999771118164
1762329223731,98,146.39999771118164
1762329223738,97,146.39999771118164
1762329223745,96,146.39999771118164
1762329223752,94,147.39999771118164
1762329223759,93,147.39999771118164
1762329223770,92,147.39999771118164
1762329223780,90,147.39999771118164
1762329223800,89,147.39999771118164
1762329223807,88,147.39999771118164
1762329223863,90,147.39999771118164
1762329223884,91,147.39999771118164
1762329223890,93,147.39999771118164
1762329223897,94,147.39999771118164
1762329223905,96,147.39999771118164
1762329223911,98,147.39999771118164
1762329223918,100,148.39999771118164
1762329223926,102,148.39999771118164
1762329223933,103,149.39999771118164
1762329223939,110,150.39999771118164
1762329223946,117,151.39999771118164
1762329223955,122,153.39999771118164
1762329223961,128,155.39999771118164
1762329223968,132,156.39999771118164
1762329223974,137,157.39999771118164
1762329223982,140,157.39999771118164
1762329223989,143,158.39999771118164
1762329223995,145,159.39999771118164
1762329224003,148,159.39999771118164
1762329224011,150,160.39999771118164
1762329224017,150,160.39999771118164
1762329224023,151,161.39999771118164
1762329224031,152,161.39999771118164
1762329224038,153,161.39999771118164
1762329224045,154,161.39999771118164
1762329224052,154,161.39999771118164
1762329224071,155,161.39999771118164
1762329224078,156,161.39999771118164
1762329224089,157,161.39999771118164
1762329224101,158,161.39999771118164
1762329224107,158,161.39999771118164
1762329224127,159,161.39999771118164
1762329224148,160,161.39999771118164
1762329224154,161,162.39999771118164
1762329224166,161,163.39999771118164
1762329224208,161,164.39999771118164
1762329224214,159,164.39999771118164
1762329224224,159,165.39999771118164
1762329224231,157,165.39999771118164
1762329224238,154,165.39999771118164
1762329224245,150,165.39999771118164
1762329224252,146,165.39999771118164
1762329224259,138,165.39999771118164
1762329224266,128,164.39999771118164
1762329224273,124,163.39999771118164
1762329224280,117,163.39999771118164
1762329224287,111,162.39999771118164
1762329224294,108,161.39999771118164
1762329224301,106,161.39999771118164
1762329224307,102,161.39999771118164
1762329224315,100,161.39999771118164
1762329224321,98,161.39999771118164
1762329224328,98,160.39999771118164
1762329224335,95,160.39999771118164
1762329224342,94,160.39999771118164
1762329224349,93,160.39999771118164
1762329224356,91,160.39999771118164
1762329224363,90,160.39999771118164
1762329224370,89,159.39999771118164
1762329224377,87,159.39999771118164
1762329224389,86,158.39999771118164
1762329224397,85,158.39999771118164
1762329224404,84,158.39999771118164
1762329224417,83,158.39999771118164
1762329224425,82,158.39999771118164
1762329224446,81,158.39999771118164
1762329224453,80,158.39999771118164
1762329224467,79,158.39999771118164
1762329224488,79,157.39999771118164
1762329224516,79,157.39999771118164
1762329224523,81,156.39999771118164
1762329224529,82,155.39999771118164
1762329224550,83,155.39999771118164
1762329224557,84,155.39999771118164
1762329224564,86,155.39999771118164
1762329225576,130,81.39999771118164
1762329225858,130,81.39999771118164
1762329225864,129,81.39999771118164
1762329225870,128,81.39999771118164
1762329225877,127,81.39999771118164
1762329225884,126,81.39999771118164
1762329225898,126,81.39999771118164
1762329225904,126,80.39999771118164
1762329225911,124,80.39999771118164
1762329225932,124,79.39999771118164
1762329225939,123,78.39999771118164
1762329225946,122,78.39999771118164
1762329225967,121,77.39999771118164
1762329225974,120,77.39999771118164
1762329225981,119,77.39999771118164
1762329225988,119,76.39999771118164
1762329225995,118,76.39999771118164
1762329226003,118,75.39999771118164
1762329226022,117,74.39999771118164
1762329226031,117,73.39999771118164
1762329226037,116,73.39999771118164
1762329226045,115,72.39999771118164
1762329226071,115,71.39999771118164
1762329226078,114,70.39999771118164
1762329226085,114,70.39999771118164
1762329226094,113,70.39999771118164
1762329226102,113,69.39999771118164
1762329226113,113,69.39999771118164
1762329226122,112,68.39999771118164
1762329226129,111,68.39999771118164
1762329226142,111,67.39999771118164
1762329226150,110,66.39999771118164
1762329226158,110,66.39999771118164
1762329226182,110,65.39999771118164
1762329226189,109,65.39999771118164
1762329226199,107,64.39999771118164
1762329226210,107,63.39999771118164
1762329226217,107,62.39999771118164
1762329226228,106,61.39999771118164
1762329226238,106,61.39999771118164
1762329226245,106,61.39999771118164
1762329226252,106,60.39999771118164
1762329226259,105,60.39999771118164
1762329226266,105,59.39999771118164
1762329226272,105,58.39999771118164
1762329226279,105,57.39999771118164
1762329226287,104,57.39999771118164
1762329226293,104,57.39999771118164
1762329226300,103,56.39999771118164
1762329226321,103,55.39999771118164
1762329226334,103,54.39999771118164
1762329226342,103,53.39999771118164
1762329226363,103,53.39999771118164
1762329226375,103,52.39999771118164
1762329226398,103,50.39999771118164
1762329226425,103,49.39999771118164
1762329226432,103,49.39999771118164
1762329226439,103,48.39999771118164
1762329226467,103,47.39999771118164
1762329226495,102,47.39999771118164
1762329226530,102,47.39999771118164
1762329226544,102,48.39999771118164
1762329226550,102,49.39999771118164
1762329226557,102,49.39999771118164
1762329226564,101,50.39999771118164
1762329226571,101,52.39999771118164
1762329226592,101,53.39999771118164
1762329226599,101,54.39999771118164
1762329226606,100,57.39999771118164
1762329226627,100,57.39999771118164
1762329226633,99,58.39999771118164
1762329226641,99,59.39999771118164
1762329226648,98,61.39999771118164
1762329226655,98,61.39999771118164
1762329226677,98,62.39999771118164
1762329226683,98,64.39999771118164
1762329226691,98,64.39999771118164
1762329226710,98,65.39999771118164
1762329226717,98,65.39999771118164
1762329226726,97,65.39999771118164
1762329226732,97,67.39999771118164
1762329226742,97,68.39999771118164
1762329226754,97,69.39999771118164
1762329226760,97,69.39999771118164
1762329226780,97,70.39999771118164
1762329226786,97,71.39999771118164
1762329226793,97,72.39999771118164
1762329226814,98,73.39999771118164
1762329226821,98,73.39999771118164
1762329226830,98,74.39999771118164
1762329226837,98,75.39999771118164
1762329226845,99,75.39999771118164
1762329226856,99,76.39999771118164
1762329226863,99,77.39999771118164
1762329226870,100,77.39999771118164
1762329226877,100,77.39999771118164
1762329226887,102,78.39999771118164
1762329226901,102,79.39999771118164
1762329226915,102,79.39999771118164
1762329226925,103,79.39999771118164
1762329226932,104,79.39999771118164
1762329226939,104,80.39999771118164
1762329226946,105,80.39999771118164
1762329226953,105,81.39999771118164
1762329226962,106,81.39999771118164
1762329226981,107,81.39999771118164
1762329226988,108,81.39999771118164
1762329227001,110,81.39999771118164
1762329227009,110,80.39999771118164
1762329227015,110,80.39999771118164
1762329227028,111,80.39999771118164
1762329227036,112,80.39999771118164
1762329227057,114,79.39999771118164
1762329227064,114,78.39999771118164
1762329227071,115,77.39999771118164
1762329227078,116,77.39999771118164
1762329227085,117,77.39999771118164
1762329227092,118,77.39999771118164
1762329227099,118,76.39999771118164
1762329227106,119,76.39999771118164
1762329227113,119,75.39999771118164
1762329227120,121,74.39999771118164
1762329227127,122,74.39999771118164
1762329227133,122,73.39999771118164
1762329227140,122,73.39999771118164
1762329227161,125,71.39999771118164
1762329227168,125,70.39999771118164
1762329227175,126,70.39999771118164
1762329227196,126,69.39999771118164
1762329227203,128,68.39999771118164
1762329227224,129,67.39999771118164
1762329227231,130,66.39999771118164
1762329227237,130,65.39999771118164
1762329227244,131,65.39999771118164
1762329227252,131,64.39999771118164
1762329227272,132,63.39999771118164
1762329227279,133,61.39999771118164
1762329227286,134,61.39999771118164
1762329227294,134,60.39999771118164
1762329227301,134,59.39999771118164
1762329227309,135,58.39999771118164
1762329227314,136,57.39999771118164
1762329227322,136,57.39999771118164
1762329227328,137,56.39999771118164
1762329227337,138,55.39999771118164
1762329227343,138,55.39999771118164
1762329227350,138,53.39999771118164
1762329227358,139,53.39999771118164
1762329227365,140,53.39999771118164
1762329227371,140,52.39999771118164
1762329227378,141,51.39999771118164
1762329227385,141,50.39999771118164
1762329227392,142,49.39999771118164
1762329227399,142,49.39999771118164
1762329227405,142,48.39999771118164
1762329227425,142,47.39999771118164
1762329227434,143,46.39999771118164
1762329227442,143,45.39999771118164
1762329227455,144,45.39999771118164
1762329227462,144,44.39999771118164
1762329227469,144,43.39999771118164
1762329227495,144,42.39999771118164
1762329227516,144,41.39999771118164
1762329227522,144,41.39999771118164
1762329227550,144,40.39999771118164
1762329227560,144,39.39999771118164
1762329227585,143,39.39999771118164
1762329227606,142,39.39999771118164
1762329227613,140,39.39999771118164
1762329227620,139,39.39999771118164
1762329227626,138,40.39999771118164
1762329227633,135,40.39999771118164
1762329227640,134,41.39999771118164
1762329227647,132,41.39999771118164
1762329227654,131,42.39999771118164
1762329227661,130,42.39999771118164
1762329227668,128,44.39999771118164
1762329227675,126,45.39999771118164
1762329227682,126,45.39999771118164
1762329227689,125,45.39999771118164
1762329227696,123,46.39999771118164
1762329227703,122,46.39999771118164
1762329227710,122,47.39999771118164
1762329227717,120,47.39999771118164
1762329227724,119,49.39999771118164
1762329227731,118,49.39999771118164
1762329227738,117,49.39999771118164
1762329227744,116,49.39999771118164
1762329227751,116,50.39999771118164
1762329227758,116,51.39999771118164
1762329227765,114,52.39999771118164
1762329227786,114,53.39999771118164
1762329227793,114,54.39999771118164
1762329227806,113,54.39999771118164
1762329227814,113,55.39999771118164
1762329227821,113,56.39999771118164
1762329227834,112,56.39999771118164
1762329227842,112,57.39999771118164
1762329227849,112,58.39999771118164
1762329227876,112,60.39999771118164
1762329227883,112,61.39999771118164
1762329227904,112,63.39999771118164
1762329227925,112,64.39999771118164
1762329227932,112,65.39999771118164
1762329227939,113,65.39999771118164
1762329227946,113,65.39999771118164
1762329227953,113,67.39999771118164
1762329227960,114,67.39999771118164
1762329227967,114,68.39999771118164
1762329227975,114,69.39999771118164
1762329227981,114,69.39999771118164
1762329227988,115,69.39999771118164
1762329227996,115,69.39999771118164
1762329228022,116,69.39999771118164
1762329228029,117,69.39999771118164
1762329228036,118,69.39999771118164
1762329228043,119,69.39999771118164
1762329228050,120,69.39999771118164
1762329228057,120,69.39999771118164
1762329228064,122,67.39999771118164
1762329228071,123,66.39999771118164
1762329228078,124,65.39999771118164
1762329228085,126,64.39999771118164
1762329228092,128,62.39999771118164
1762329228099,129,61.39999771118164
1762329228106,130,60.39999771118164
1762329228113,131,57.39999771118164
1762329228119,131,56.39999771118164
1762329228126,134,55.39999771118164
1762329228133,134,54.39999771118164
1762329228140,135,53.39999771118164
1762329228147,137,51.39999771118164
1762329228156,138,49.39999771118164
1762329228175,139,49.39999771118164
1762329228185,140,48.39999771118164
1762329228196,140,47.39999771118164
1762329228203,141,46.39999771118164
1762329228212,142,46.39999771118164
1762329228219,142,45.39999771118164
1762329228231,142,45.39999771118164
1762329228237,142,45.39999771118164
1762329228258,142,44.39999771118164
1762329228265,143,44.39999771118164
1762329228277,143,43.39999771118164
1762329228319,143,44.39999771118164
1762329228328,142,44.39999771118164
1762329228335,142,45.39999771118164
1762329228342,142,45.39999771118164
1762329228349,141,46.39999771118164
1762329228356,140,47.39999771118164
1762329228363,140,49.39999771118164
1762329228370,138,50.39999771118164
1762329228376,138,52.39999771118164
1762329228384,137,53.39999771118164
1762329228390,135,56.39999771118164
1762329228397,134,57.39999771118164
1762329228404,134,60.39999771118164
1762329228411,133,61.39999771118164
1762329228418,133,63.39999771118164
1762329228425,132,63.39999771118164
1762329228432,131,65.39999771118164
1762329228439,130,65.39999771118164
1762329228446,130,66.39999771118164
1762329228453,130,67.39999771118164
1762329228460,130,68.39999771118164
1762329228467,130,69.39999771118164
1762329228474,129,69.39999771118164
1762329228488,128,69.39999771118164
1762329228495,128,70.39999771118164
1762329228501,127,71.39999771118164
1762329228508,127,72.39999771118164
1762329228529,126,72.39999771118164
1762329228536,126,73.39999771118164
1762329228543,126,73.39999771118164
1762329228550,125,73.39999771118164
1762329228564,124,73.39999771118164
1762329228571,124,74.39999771118164
1762329228599,123,74.39999771118164
1762329228606,122,74.39999771118164
1762329228627,122,74.39999771118164
1762329228634,121,73.39999771118164
1762329228641,120,73.39999771118164
1762329228648,120,72.39999771118164
1762329228655,120,71.39999771118164
1762329228662,120,70.39999771118164
1762329228669,120,69.39999771118164
1762329228676,120,66.39999771118164
1762329228683,120,65.39999771118164
1762329228690,120,63.39999771118164
1762329228697,120,61.39999771118164
1762329228712,120,58.39999771118164
1762329228718,120,57.39999771118164
1762329228725,121,57.39999771118164
1762329228738,121,56.39999771118164
1762329228744,121,55.39999771118164
1762329228751,122,55.39999771118164
1762329228758,122,54.39999771118164
1762329228765,122,54.39999771118164
1762329228772,122,53.39999771118164
1762329228863,122,54.39999771118164
1762329228874,122,57.39999771118164
1762329228886,122,57.39999771118164
1762329228897,122,58.39999771118164
1762329228904,121,59.39999771118164
1762329228911,121,60.39999771118164
1762329228918,120,61.39999771118164
1762329228925,119,62.39999771118164
1762329228932,118,63.39999771118164
1762329228939,118,65.39999771118164
1762329228946,118,65.39999771118164
1762329228953,117,66.39999771118164
1762329228960,117,67.39999771118164
1762329228967,116,68.39999771118164
1762329228974,115,69.39999771118164
1762329228981,115,69.39999771118164
1762329228988,114,70.39999771118164
1762329228995,114,70.39999771118164
1762329229002,113,72.39999771118164
1762329229015,113,73.39999771118164
1762329229022,112,73.39999771118164
1762329229034,111,73.39999771118164
1762329229043,110,74.39999771118164
1762329229050,110,74.39999771118164
1762329229062,109,74.39999771118164
1762329229077,108,74.39999771118164
1762329229085,107,74.39999771118164
1762329229092,106,73.39999771118164
1762329229099,106,73.39999771118164
1762329229106,106,72.39999771118164
1762329229113,105,70.39999771118164
1762329229119,104,70.39999771118164
1762329229126,104,69.39999771118164
1762329229133,104,69.39999771118164
1762329229146,103,68.39999771118164
1762329229154,103,66.39999771118164
1762329229167,102,66.39999771118164
1762329229175,102,65.39999771118164
1762329229182,102,64.39999771118164
1762329229195,102,63.39999771118164
1762329229203,102,62.39999771118164
1762329229216,102,61.39999771118164
1762329229224,102,61.39999771118164
1762329229231,101,60.39999771118164
1762329229244,100,59.39999771118164
1762329229251,100,58.39999771118164
1762329229272,100,57.39999771118164
1762329229280,100,56.39999771118164
1762329229300,100,55.39999771118164
1762329229307,99,54.39999771118164
1762329229315,98,54.39999771118164
1762329229321,98,53.39999771118164
1762329229328,98,53.39999771118164
1762329229336,98,52.39999771118164
1762329229356,98,50.39999771118164
1762329229362,98,50.39999771118164
1762329229370,97,49.39999771118164
1762329229377,96,49.39999771118164
1762329229385,96,48.39999771118164
1762329229398,96,47.39999771118164
1762329229404,95,47.39999771118164
1762329229411,95,46.39999771118164
1762329229420,94,45.39999771118164
1762329229446,94,45.39999771118164
1762329229453,94,45.39999771118164
1762329229460,93,44.39999771118164
1762329229467,92,43.39999771118164
1762329229495,92,42.39999771118164
1762329229502,91,42.39999771118164
1762329229508,90,41.39999771118164
1762329229529,90,41.39999771118164
1762329229536,90,40.39999771118164
1762329229548,90,39.39999771118164
1762329229588,91,39.39999771118164
1762329229624,92,39.39999771118164
1762329229637,93,39.39999771118164
1762329229648,94,39.39999771118164
1762329229661,94,39.39999771118164
1762329229668,95,39.39999771118164
1762329229676,95,40.39999771118164
1762329229689,97,41.39999771118164
1762329229696,98,41.39999771118164
1762329229709,98,41.39999771118164
1762329229717,98,41.39999771118164
1762329229724,98,42.39999771118164
1762329229731,99,43.39999771118164
1762329229738,100,43.39999771118164
1762329229745,101,43.39999771118164
1762329229751,101,44.39999771118164
1762329229764,102,45.39999771118164
1762329229778,102,45.39999771118164
1762329229786,102,45.39999771118164
1762329232235,120,493.39999771118164
1762329232573,121,493.39999771118164
1762329232580,122,493.39999771118164
1762329232588,122,493.39999771118164
1762329232594,122,493.39999771118164
1762329232601,123,493.39999771118164
1762329232614,125,495.39999771118164
1762329232633,125,496.39999771118164
1762329232641,126,496.39999771118164
1762329232647,126,497.39999771118164
1762329232655,126,498.39999771118164
1762329232661,127,498.39999771118164
1762329232669,128,498.39999771118164
1762329232676,129,499.39999771118164
1762329232683,129,500.39999771118164
1762329232710,130,501.39999771118164
1762329232717,130,501.39999771118164
1762329232724,130,501.39999771118164
1762329232732,130,502.39999771118164
1762329232739,131,503.39999771118164
1762329232746,131,504.39999771118164
1762329232759,132,504.39999771118164
1762329232765,132,505.39999771118164
1762329232772,133,505.39999771118164
1762329232779,133,506.39999771118164
1762329232786,134,506.39999771118164
1762329232793,134,507.39999771118164
1762329232800,134,508.39999771118164
1762329232812,134,509.39999771118164
1762329232817,135,509.39999771118164
1762329232832,136,510.39999771118164
1762329232842,137,511.39999771118164
1762329232852,137,512.3999977111816
1762329232863,138,513.3999977111816
1762329232869,138,513.3999977111816
1762329232890,138,514.3999977111816
1762329232901,139,515.3999977111816
1762329232930,139,516.3999977111816
1762329232937,139,517.3999977111816
1762329232944,139,517.3999977111816
1762329232958,140,517.3999977111816
1762329232963,141,518.3999977111816
1762329232974,141,519.3999977111816
1762329233001,141,520.3999977111816
1762329233008,141,521.3999977111816
1762329233020,142,521.3999977111816
1762329233035,142,521.3999977111816
1762329233043,142,522.3999977111816
1762329233064,142,523.3999977111816
1762329233107,142,525.3999977111816
1762329233183,142,525.3999977111816
1762329233225,141,525.3999977111816
1762329233238,140,525.3999977111816
1762329233265,139,525.3999977111816
1762329233273,138,525.3999977111816
1762329233287,138,525.3999977111816
1762329233294,137,524.3999977111816
1762329233300,136,524.3999977111816
1762329233308,135,524.3999977111816
1762329233328,134,524.3999977111816
1762329233335,133,523.3999977111816
1762329233356,132,523.3999977111816
1762329233363,131,523.3999977111816
1762329233369,130,522.3999977111816
1762329233379,130,521.3999977111816
1762329233390,129,521.3999977111816
1762329233400,128,521.3999977111816
1762329233414,127,521.3999977111816
1762329233425,126,521.3999977111816
1762329233432,126,521.3999977111816
1762329233439,126,521.3999977111816
1762329233446,125,520.3999977111816
1762329233453,124,520.3999977111816
1762329233481,123,520.3999977111816
1762329233487,122,520.3999977111816
1762329233494,122,519.3999977111816
1762329233501,122,518.3999977111816
1762329233512,122,517.3999977111816
1762329233526,122,517.3999977111816
1762329233537,122,516.3999977111816
1762329233557,122,515.3999977111816
1762329233564,122,514.3999977111816
1762329233571,122,513.3999977111816
1762329233582,122,513.3999977111816
1762329233592,122,512.3999977111816
1762329233613,122,510.39999771118164
1762329233619,122,510.39999771118164
1762329233626,122,509.39999771118164
1762329233633,123,509.39999771118164
1762329233640,123,509.39999771118164
1762329233647,123,508.39999771118164
1762329233654,124,507.39999771118164
1762329233661,125,507.39999771118164
1762329233668,126,506.39999771118164
1762329233675,126,505.39999771118164
1762329233682,126,505.39999771118164
1762329233689,127,505.39999771118164
1762329233700,127,505.39999771118164
1762329233707,128,504.39999771118164
1762329233717,130,503.39999771118164
1762329233737,130,503.39999771118164
1762329233745,131,503.39999771118164
1762329233752,132,503.39999771118164
1762329233760,132,502.39999771118164
1762329233772,133,502.39999771118164
1762329233793,134,502.39999771118164
1762329233822,134,502.39999771118164
1762329233907,134,503.39999771118164
1762329233932,134,504.39999771118164
1762329233940,134,505.39999771118164
1762329233953,134,505.39999771118164
1762329233974,134,506.39999771118164
1762329233981,133,508.39999771118164
1762329233996,133,509.39999771118164
1762329234002,132,509.39999771118164
1762329234015,132,509.39999771118164
1762329234036,132,511.39999771118164
1762329234043,131,511.39999771118164
1762329234050,130,511.39999771118164
1762329234081,130,511.39999771118164
1762329234088,129,511.39999771118164
1762329234113,128,511.39999771118164
1762329234120,127,510.39999771118164
1762329234136,126,509.39999771118164
1762329234151,126,509.39999771118164
1762329234840,114,496.39999771118164
1762329235134,113,496.39999771118164
1762329235143,112,496.39999771118164
1762329235155,112,497.39999771118164
1762329235162,111,497.39999771118164
1762329235175,110,498.39999771118164
1762329235183,110,499.39999771118164
1762329235197,110,500.39999771118164
1762329235203,110,501.39999771118164
1762329235218,110,501.39999771118164
1762329235224,110,502.39999771118164
1762329235231,110,503.39999771118164
1762329235238,109,503.39999771118164
1762329235245,108,504.39999771118164
1762329235259,108,505.39999771118164
1762329235279,108,506.39999771118164
1762329235286,107,506.39999771118164
1762329235294,106,508.39999771118164
1762329235307,106,509.39999771118164
1762329235315,106,509.39999771118164
1762329235335,106,510.39999771118164
1762329235342,106,511.39999771118164
1762329235349,106,512.3999977111816
1762329235356,105,512.3999977111816
1762329235362,105,513.3999977111816
1762329235370,105,513.3999977111816
1762329235383,104,514.3999977111816
1762329235391,104,515.3999977111816
1762329235397,104,516.3999977111816
1762329235412,104,517.3999977111816
1762329235421,103,517.3999977111816
1762329235434,103,518.3999977111816
1762329235446,103,519.3999977111816
1762329235453,102,520.3999977111816
1762329235467,102,521.3999977111816
1762329235474,102,521.3999977111816
1762329235491,102,522.3999977111816
1762329235498,102,523.3999977111816
1762329235505,102,524.3999977111816
1762329235519,101,524.3999977111816
1762329235529,101,525.3999977111816
1762329235536,100,525.3999977111816
1762329235543,100,525.3999977111816
1762329235561,99,525.3999977111816
1762329235571,98,525.3999977111816
1762329235583,98,525.3999977111816
1762329235592,98,526.3999977111816
1762329235604,97,526.3999977111816
1762329235610,96,526.3999977111816
1762329235638,95,526.3999977111816
1762329235653,94,526.3999977111816
1762329235659,94,526.3999977111816
1762329235682,93,526.3999977111816
1762329235695,93,525.3999977111816
1762329235702,92,525.3999977111816
1762329235724,92,525.3999977111816
1762329235744,91,524.3999977111816
1762329235751,91,523.3999977111816
1762329235758,90,523.3999977111816
1762329235766,90,522.3999977111816
1762329235793,90,521.3999977111816
1762329235800,90,519.3999977111816
1762329235807,90,518.3999977111816
1762329235821,90,517.3999977111816
1762329235828,90,516.3999977111816
1762329235835,90,515.3999977111816
1762329235849,90,514.3999977111816
1762329235856,90,513.3999977111816
1762329235884,90,511.39999771118164
1762329235890,90,510.39999771118164
1762329235897,90,509.39999771118164
1762329235904,90,508.39999771118164
1762329235921,90,506.39999771118164
1762329235928,90,505.39999771118164
1762329235936,90,505.39999771118164
1762329235943,90,505.39999771118164
1762329235950,91,504.39999771118164
1762329235960,91,503.39999771118164
1762329235968,91,502.39999771118164
1762329235983,92,501.39999771118164
1762329235989,92,501.39999771118164
1762329236003,92,500.39999771118164
1762329236010,93,500.39999771118164
1762329236018,93,499.39999771118164
1762329236026,93,498.39999771118164
1762329236038,93,497.39999771118164
1762329236051,93,497.39999771118164
1762329236064,94,497.39999771118164
1762329236071,94,496.39999771118164
1762329236099,95,495.39999771118164
1762329236108,95,494.39999771118164
1762329236133,95,493.39999771118164
1762329236143,96,493.39999771118164
1762329236172,97,493.39999771118164
1762329236203,98,493.39999771118164
1762329236231,98,493.39999771118164
1762329236259,99,493.39999771118164
1762329236305,100,493.39999771118164
1762329236321,101,493.39999771118164
1762329236335,101,493.39999771118164
1762329236356,101,494.39999771118164
1762329236369,102,494.39999771118164
1762329236376,102,495.39999771118164
1762329236390,102,495.39999771118164
1762329236397,102,496.39999771118164
1762329236405,102,497.39999771118164
1762329236412,103,497.39999771118164
1762329236425,103,497.39999771118164
1762329236432,103,498.39999771118164
1762329236439,103,499.39999771118164
1762329236453,103,500.39999771118164
1762329236465,103,501.39999771118164
1762329236472,103,501.39999771118164
1762329236487,103,502.39999771118164
1762329236494,103,503.39999771118164
1762329236508,103,504.39999771118164
1762329236516,103,505.39999771118164
1762329236523,103,505.39999771118164
1762329236532,103,506.39999771118164
1762329236540,103,507.39999771118164
1762329236547,103,508.39999771118164
1762329236564,103,509.39999771118164
1762329236571,103,509.39999771118164
1762329236592,103,510.39999771118164
1762329236605,103,511.39999771118164
1762329236613,103,513.3999977111816
1762329236622,103,513.3999977111816
1762329236634,103,514.3999977111816
1762329236641,103,515.3999977111816
1762329236668,103,516.3999977111816
1762329236676,103,517.3999977111816
1762329236684,103,517.3999977111816
1762329236717,103,518.3999977111816
1762329236725,103,519.3999977111816
1762329236752,103,520.3999977111816
1762329236759,103,521.3999977111816
1762329236772,103,521.3999977111816
1762329236800,103,522.3999977111816
1762329236810,103,523.3999977111816
1762329236903,104,523.3999977111816
1762329236932,105,523.3999977111816
1762329236942,105,522.3999977111816
1762329236952,106,522.3999977111816
1762329236959,107,521.3999977111816
1762329236978,108,521.3999977111816
1762329236986,109,521.3999977111816
1762329236993,110,521.3999977111816
1762329237009,110,520.3999977111816
1762329237016,111,520.3999977111816
1762329237029,112,520.3999977111816
1762329237043,113,520.3999977111816
1762329237050,114,520.3999977111816
1762329237058,114,519.3999977111816
1762329237076,114,518.3999977111816
1762329237083,114,518.3999977111816
1762329237097,115,517.3999977111816
1762329237104,115,517.3999977111816
1762329237111,115,515.3999977111816
1762329237118,115,514.3999977111816
1762329237126,115,513.3999977111816
1762329237133,116,513.3999977111816
1762329237141,116,512.3999977111816
1762329237149,116,511.39999771118164
1762329237157,116,510.39999771118164
1762329237168,116,509.39999771118164
1762329237196,116,507.39999771118164
1762329237203,116,506.39999771118164
1762329237217,116,505.39999771118164
1762329237230,116,505.39999771118164
1762329239209,762,57.39999771118164
1762329239815,761,57.39999771118164
1762329239842,761,56.39999771118164
1762329239862,761,55.39999771118164
1762329239890,761,54.39999771118164
1762329239904,761,53.39999771118164
1762329239913,761,53.39999771118164
1762329239941,760,52.39999771118164
1762329239955,760,51.39999771118164
1762329240004,760,50.39999771118164
1762329240016,760,49.39999771118164
1762329240050,760,49.39999771118164
1762329240061,759,49.39999771118164
1762329241031,810,58.39999771118164
1762329241415,810,57.39999771118164
1762329241436,810,57.39999771118164
1762329241444,810,56.39999771118164
1762329241456,810,55.39999771118164
1762329241480,810,54.39999771118164
1762329241495,810,53.39999771118164
1762329241512,810,53.39999771118164
1762329241527,810,52.39999771118164
1762329241540,810,51.39999771118164
1762329241564,810,50.39999771118164
1762329241582,810,49.39999771118164
1762329241611,810,49.39999771118164
1762329241624,810,48.39999771118164
1762329241638,810,47.39999771118164
1762329241673,810,46.39999771118164
1762329241696,810,45.39999771118164
1762329241744,810,45.39999771118164
1762329241764,810,44.39999771118164
1762329241800,811,44.39999771118164
1762329242193,811,44.39999771118164
1762329242419,810,44.39999771118164
1762329242431,808,44.39999771118164
1762329242441,806,44.39999771118164
1762329242450,806,44.39999771118164
1762329242458,804,44.39999771118164
1762329242465,802,44.39999771118164
1762329242473,801,44.39999771118164
1762329242480,799,44.39999771118164
1762329242488,798,44.39999771118164
1762329242496,797,44.39999771118164
1762329242508,796,44.39999771118164
1762329242516,794,44.39999771118164
1762329242524,794,44.39999771118164
1762329242536,793,44.39999771118164
1762329242543,792,44.39999771118164
1762329242558,790,44.39999771118164
1762329242565,790,44.39999771118164
1762329242579,789,44.39999771118164
1762329242586,787,44.39999771118164
1762329242601,786,44.39999771118164
1762329242608,785,44.39999771118164
1762329242620,784,44.39999771118164
1762329242628,783,44.39999771118164
1762329242641,782,44.39999771118164
1762329242648,781,44.39999771118164
1762329242656,780,44.39999771118164
1762329242671,779,44.39999771118164
1762329242678,778,44.39999771118164
1762329242686,778,44.39999771118164
1762329242694,777,44.39999771118164
1762329242702,776,44.39999771118164
1762329242717,775,44.39999771118164
1762329242724,774,44.39999771118164
1762329242741,772,44.39999771118164
1762329242748,771,44.39999771118164
1762329242761,770,44.39999771118164
1762329242768,770,44.39999771118164
1762329242782,769,44.39999771118164
1762329242795,768,44.39999771118164
1762329242803,767,44.39999771118164
1762329242815,766,44.39999771118164
1762329242824,766,44.39999771118164
1762329242834,765,44.39999771118164
1762329242848,764,44.39999771118164
1762329242857,763,44.39999771118164
1762329242883,762,44.39999771118164
1762329242897,762,44.39999771118164
1762329242905,761,44.39999771118164
1762329242925,760,44.39999771118164
1762329242953,759,44.39999771118164
1762329242963,759,43.39999771118164
1762329243007,759,42.39999771118164
1762329243036,759,41.39999771118164
1762329243057,759,41.39999771118164
1762329243065,759,40.39999771118164
1762329243073,759,39.39999771118164
1762329243082,760,39.39999771118164
1762329243090,760,38.39999771118164
1762329243098,760,37.39999771118164
1762329243107,761,37.39999771118164
1762329243119,761,37.39999771118164
1762329243127,761,36.39999771118164
1762329243140,761,35.39999771118164
1762329243154,761,34.39999771118164
1762329243168,762,33.39999771118164
1762329243182,762,33.39999771118164
1762329243189,762,32.39999771118164
1762329243198,762,31.39999771118164
1762329243216,762,30.39999771118164
1762329243224,762,29.39999771118164
1762329243238,763,29.39999771118164
1762329243245,763,28.39999771118164
1762329243254,763,27.39999771118164
1762329243263,764,27.39999771118164
1762329243272,765,26.39999771118164
1762329243288,765,25.39999771118164
1762329243301,766,25.39999771118164
1762329243315,766,24.39999771118164
1762329243323,766,23.39999771118164
1762329243337,767,23.39999771118164
1762329243344,767,22.39999771118164
1762329243352,768,22.39999771118164
1762329243360,769,21.39999771118164
1762329243368,769,21.39999771118164
1762329243383,770,21.39999771118164
1762329243397,770,19.39999771118164
1762329243411,771,18.39999771118164
1762329243425,772,18.39999771118164
1762329243439,773,18.39999771118164
1762329243467,774,18.39999771118164
1762329243476,774,18.39999771118164
1762329243484,775,18.39999771118164
1762329243508,776,18.39999771118164
1762329243515,777,18.39999771118164
1762329243533,778,18.39999771118164
1762329243541,778,18.39999771118164
1762329243554,779,18.39999771118164
1762329243562,780,18.39999771118164
1762329243570,781,18.39999771118164
1762329243585,782,18.39999771118164
1762329243592,782,18.39999771118164
1762329243606,783,18.39999771118164
1762329243614,784,18.39999771118164
1762329243622,785,18.39999771118164
1762329243631,786,18.39999771118164
1762329243639,787,19.39999771118164
1762329243647,787,20.39999771118164
1762329243655,788,20.39999771118164
1762329243664,789,20.39999771118164
1762329243672,790,20.39999771118164
1762329243680,791,20.39999771118164
1762329243694,792,20.39999771118164
1762329243702,794,21.39999771118164
1762329243711,794,21.39999771118164
1762329243719,795,22.39999771118164
1762329243727,796,22.39999771118164
1762329243744,797,23.39999771118164
1762329243752,798,23.39999771118164
1762329243760,798,24.39999771118164
1762329243768,798,24.39999771118164
1762329243777,799,24.39999771118164
1762329243785,800,25.39999771118164
1762329243793,800,26.39999771118164
1762329243801,802,26.39999771118164
1762329243814,803,26.39999771118164
1762329243822,803,27.39999771118164
1762329243830,803,28.39999771118164
1762329243839,804,28.39999771118164
1762329243848,805,29.39999771118164
1762329243876,806,29.39999771118164
1762329243890,806,30.39999771118164
1762329243918,807,31.39999771118164
1762329243928,807,33.39999771118164
1762329243939,808,33.39999771118164
1762329243954,808,33.39999771118164
1762329243967,809,34.39999771118164
1762329243994,809,35.39999771118164
1762329244008,809,36.39999771118164
1762329244016,810,37.39999771118164
1762329244031,810,37.39999771118164
1762329244039,810,38.39999771118164
1762329244071,810,39.39999771118164
1762329244079,810,40.39999771118164
1762329244112,810,41.39999771118164
1762329244129,810,41.39999771118164
1762329244137,810,42.39999771118164
1762329244186,810,43.39999771118164
1762329244216,809,43.39999771118164
1762329244228,808,43.39999771118164
1762329244244,807,43.39999771118164
1762329244252,806,43.39999771118164
1762329244261,806,43.39999771118164
1762329244270,805,43.39999771118164
1762329244278,804,43.39999771118164
1762329244293,803,43.39999771118164
1762329244301,802,42.39999771118164
1762329244310,802,42.39999771118164
1762329244325,801,41.39999771118164
1762329244334,800,41.39999771118164
1762329244342,799,41.39999771118164
1762329244351,799,41.39999771118164
1762329244360,798,41.39999771118164
1762329244368,797,41.39999771118164
1762329244378,796,41.39999771118164
1762329244386,795,41.39999771118164
1762329244396,794,40.39999771118164
1762329244404,793,40.39999771118164
1762329244413,793,39.39999771118164
1762329244422,791,39.39999771118164
1762329244430,790,39.39999771118164
1762329244439,790,39.39999771118164
1762329244448,789,39.39999771118164
1762329244457,788,39.39999771118164
1762329244465,787,38.39999771118164
1762329244474,786,38.39999771118164
1762329244483,785,37.39999771118164
1762329244492,784,37.39999771118164
1762329244501,783,37.39999771118164
1762329244509,782,37.39999771118164
1762329244522,781,37.39999771118164
1762329244530,780,37.39999771118164
1762329244539,779,37.39999771118164
1762329244547,778,37.39999771118164
1762329244556,778,37.39999771118164
1762329244565,777,37.39999771118164
1762329244573,775,37.39999771118164
1762329244584,774,37.39999771118164
1762329244592,774,37.39999771118164
1762329244601,773,37.39999771118164
1762329244611,772,37.39999771118164
1762329244619,771,37.39999771118164
1762329244630,770,37.39999771118164
1762329244641,769,37.39999771118164
1762329244649,768,37.39999771118164
1762329244662,767,37.39999771118164
1762329244676,766,37.39999771118164
1762329244702,766,37.39999771118164
1762329244718,765,37.39999771118164
1762329244732,765,36.39999771118164
1762329244760,765,35.39999771118164
1762329244769,766,35.39999771118164
1762329244800,766,35.39999771118164
1762329244811,767,34.39999771118164
1762329244821,768,34.39999771118164
1762329244830,770,33.39999771118164
1762329244844,771,33.39999771118164
1762329244869,773,33.39999771118164
1762329244878,774,33.39999771118164
1762329244887,774,32.39999771118164
1762329244896,776,32.39999771118164
1762329244911,777,32.39999771118164
1762329244919,778,31.39999771118164
1762329244928,779,31.39999771118164
1762329244939,780,30.39999771118164
1762329244948,781,30.39999771118164
1762329244957,782,29.39999771118164
1762329244967,783,29.39999771118164
1762329244976,784,29.39999771118164
1762329244985,786,29.39999771118164
1762329245001,786,29.39999771118164
1762329245010,787,29.39999771118164
1762329245019,788,28.39999771118164
1762329245029,789,28.39999771118164
1762329245040,790,28.39999771118164
1762329245050,790,27.39999771118164
1762329245063,792,27.39999771118164
1762329245083,794,27.39999771118164
1762329245097,794,27.39999771118164
1762329245112,795,27.39999771118164
1762329245120,796,27.39999771118164
1762329245140,797,27.39999771118164
1762329245148,798,27.39999771118164
1762329245161,798,27.39999771118164
1762329245189,799,27.39999771118164
1762329245209,800,27.39999771118164
1762329245238,800,28.39999771118164
1762329245265,801,28.39999771118164
1762329245275,802,29.39999771118164
1762329245307,802,29.39999771118164
1762329245335,802,30.39999771118164
1762329245346,802,31.39999771118164
1762329245355,802,32.39999771118164
1762329245383,802,33.39999771118164
1762329245392,802,33.39999771118164
1762329245405,802,34.39999771118164
1762329245414,802,35.39999771118164
1762329245439,802,36.39999771118164
1762329245447,802,37.39999771118164
1762329245457,802,37.39999771118164
1762329245468,801,37.39999771118164
1762329245482,801,38.39999771118164
1762329245498,801,39.39999771118164
1762329245507,801,40.39999771118164
1762329245516,800,40.39999771118164
1762329245529,799,40.39999771118164
1762329245557,798,40.39999771118164
1762329245570,798,40.39999771118164
1762329245580,797,40.39999771118164
1762329245588,797,39.39999771118164
1762329245605,796,39.39999771118164
1762329245614,795,38.39999771118164
1762329245631,794,37.39999771118164
1762329245644,794,37.39999771118164
1762329245652,793,37.39999771118164
1762329245673,792,36.39999771118164
1762329245686,791,36.39999771118164
1762329245695,790,35.39999771118164
1762329245705,790,34.39999771118164
1762329245715,789,34.39999771118164
1762329245730,789,33.39999771118164
1762329245740,788,33.39999771118164
1762329245750,787,33.39999771118164
1762329245759,786,33.39999771118164
1762329245772,786,32.39999771118164
1762329245782,786,32.39999771118164
1762329245792,785,31.39999771118164
1762329245821,784,31.39999771118164
1762329245829,784,30.39999771118164
1762329245839,782,30.39999771118164
1762329245855,782,30.39999771118164
1762329245869,781,30.39999771118164
1762329245883,780,30.39999771118164
1762329245911,779,30.39999771118164
1762329245925,778,30.39999771118164
1762329245933,777,30.39999771118164
1762329245947,776,30.39999771118164
1762329245960,774,30.39999771118164
1762329245988,774,30.39999771118164
1762329245996,772,30.39999771118164
1762329246010,771,30.39999771118164
1762329246019,770,30.39999771118164
1762329246039,770,30.39999771118164
1762329246048,769,30.39999771118164
1762329246064,768,30.39999771118164
1762329246119,767,31.39999771118164
-1,-1,-1
1762329217736,,
1762329221504,,
1762329225576,,
1762329232235,,
1762329234840,,
1762329239209,,
1762329241031,,
1762329242193,,
-1,-1,-1
1762329220562,,
1762329224571,,
1762329229792,,
1762329234164,,
1762329237238,,
1762329240153,,
1762329241871,,
1762329246172,,
