1762221548617,807.5,495
1762221549229,803.5,494
1762221549246,768.5,484
1762221549264,682.5,463
1762221549280,579.5,450
1762221549297,481.5,434
1762221549313,398.5,416
1762221549329,337.5,394
1762221549346,311.5,381
1762221549364,308.5,380
1762221549381,293.5,368
1762221549397,276.5,354
1762221549413,270.5,348
1762221549431,268.5,344
1762221549447,268.5,339
1762221549463,265.5,333
1762221549480,260.5,326
1762221549497,255.5,319
1762221549514,251.5,314
1762221549530,247.5,309
1762221549548,240.5,303
1762221549564,229.5,291
1762221549582,218.5,279
1762221549597,209.5,263
1762221549614,196.5,245
1762221549631,181.5,231
1762221549648,171.5,223
1762221549665,169.5,217
1762221549681,167.5,212
1762221549698,167.5,202
1762221549716,167.5,189
1762221549733,163.5,169
1762221549749,162.5,163
1762221549766,160.5,160
1762221549782,160.5,159
1762221549799,160.5,158
1762221551167,159.5,158
1762221551183,157.5,158
1762221551191,156.5,158
1762221551208,155.5,158
1762221552264,160.5,160
1762221552280,181.5,170
1762221552298,206.5,182
1762221552314,231.5,192
1762221552332,258.5,200
1762221552349,305.5,206
1762221552367,369.5,211
1762221552384,484.5,216
1762221552401,548.5,221
1762221552416,584.5,223
1762221552433,601.5,223
1762221552449,608.5,223
1762221552465,611.5,223
1762221552481,612.5,223
1762221552501,613.5,225
1762221552515,615.5,226
1762221552532,620.5,229
1762221552549,627.5,231
1762221552565,639.5,233
1762221552582,648.5,233
1762221552599,657.5,233
1762221552616,667.5,232
1762221552632,683.5,230
1762221552649,706.5,228
1762221552666,729.5,226
1762221552682,745.5,223
1762221552700,757.5,216
1762221552717,766.5,211
1762221552733,779.5,201
1762221552750,782.5,198
1762221552767,793.5,183
1762221552783,794.5,175
1762221552799,795.5,167
1762221552817,796.5,162
1762221552834,797.5,160
1762221552852,798.5,158
1762221552868,798.5,154
1762221552886,798.5,146
1762221552902,796.5,135
1762221552918,795.5,124
1762221552935,793.5,113
1762221552951,791.5,110
1762221552968,788.5,108
1762221552985,783.5,108
1762221553002,780.5,106
1762221553019,776.5,105
1762221553035,774.5,104
1762221553544,774.5,104
1762221553589,771.5,104
1762221553605,766.5,104
1762221553622,761.5,104
1762221553639,757.5,104
1762221553656,752.5,104
1762221553673,746.5,105
1762221553689,743.5,105
1762221553706,742.5,105
1762221553724,741.5,105
1762221553741,741.5,105
1762221554191,741.5,106
1762221554198,741.5,107
1762221554210,741.5,109
1762221554226,740.5,111
1762221554242,739.5,114
1762221554258,737.5,117
1762221554276,737.5,119
1762221554292,736.5,120
1762221554310,736.5,121
1762221554329,735.5,121
1762221554343,735.5,123
1762221554360,735.5,124
1762221554377,734.5,124
1762221554393,734.5,125
1762221554502,734.5,126
1762221554510,734.5,127
1762221554526,734.5,128
1762221554543,733.5,129
1762221554572,732.5,130
1762221554580,731.5,130
1762221554596,731.5,131
1762221554686,731.5,130
1762221554694,731.5,128
1762221554711,730.5,125
1762221554727,729.5,124
1762221554744,729.5,122
1762221554762,729.5,120
1762221554779,729.5,119
1762221554998,728.5,119
1762221555014,725.5,124
1762221555031,723.5,133
1762221555046,720.5,139
1762221555062,719.5,144
1762221555079,719.5,149
1762221555096,718.5,151
1762221555112,718.5,154
1762221555129,716.5,158
1762221555146,716.5,161
1762221555164,716.5,165
1762221555180,716.5,169
1762221555196,715.5,172
1762221555213,715.5,174
1762221555230,715.5,177
1762221555247,714.5,180
1762221555263,714.5,182
1762221555281,713.5,187
1762221555297,712.5,191
1762221555314,712.5,195
1762221555332,711.5,198
1762221555348,711.5,202
1762221555365,711.5,208
1762221555381,711.5,213
1762221555398,711.5,217
1762221555414,711.5,222
1762221555431,711.5,227
1762221555448,711.5,231
1762221555465,711.5,233
1762221555482,711.5,236
1762221555499,711.5,237
1762221555516,711.5,241
1762221555533,711.5,242
1762221555549,711.5,243
1762221555565,711.5,246
1762221555582,711.5,247
1762221555599,711.5,249
1762221555616,711.5,251
1762221555632,711.5,252
1762221555649,711.5,254
1762221555666,711.5,255
1762221555683,711.5,258
1762221555701,711.5,261
1762221555716,710.5,263
1762221555733,710.5,265
1762221555750,710.5,267
1762221555767,710.5,269
1762221555784,710.5,271
1762221555800,710.5,274
1762221555816,710.5,278
1762221555834,710.5,281
1762221555851,710.5,282
1762221555867,710.5,284
1762221555884,710.5,285
1762221555900,710.5,286
1762221555924,710.5,287
1762221555934,710.5,288
1762221555951,710.5,289
1762221555972,711.5,290
1762221555988,711.5,291
1762221556001,711.5,292
1762221556018,712.5,293
1762221556036,712.5,296
1762221556053,715.5,298
1762221556068,716.5,300
1762221556085,717.5,301
1762221556174,718.5,301
1762221556189,719.5,301
1762221556206,719.5,303
1762221556220,721.5,303
1762221556237,722.5,303
1762221556253,723.5,303
1762221556270,724.5,304
1762221556286,725.5,304
1762221556438,724.5,303
1762221556456,719.5,297
1762221556473,716.5,291
1762221556488,713.5,285
1762221556504,711.5,280
1762221556521,709.5,274
1762221556537,708.5,270
1762221556554,708.5,266
1762221556572,708.5,264
1762221556588,706.5,260
1762221556604,706.5,258
1762221556622,705.5,255
1762221556638,704.5,253
1762221556655,704.5,250
1762221556672,702.5,247
1762221556688,702.5,245
1762221556705,702.5,244
1762221556722,702.5,242
1762221556738,701.5,241
1762221556756,701.5,238
1762221556772,701.5,237
1762221556789,701.5,235
1762221556853,701.5,234
1762221556873,701.5,233
1762221556892,701.5,232
1762221556907,701.5,231
1762221556923,701.5,230
1762221556940,701.5,229
1762221556956,701.5,225
1762221556973,701.5,221
1762221556990,701.5,217
1762221557007,701.5,215
1762221557024,702.5,213
1762221557040,703.5,212
1762221557068,703.5,211
1762221557076,704.5,211
1762221557092,704.5,210
1762221557108,704.5,208
1762221557124,705.5,206
1762221557141,705.5,205
1762221557192,706.5,204
1762221557209,706.5,201
1762221557226,707.5,199
1762221557242,707.5,197
1762221557326,708.5,197
1762221557343,709.5,197
1762221557359,712.5,197
1762221557376,715.5,200
1762221557392,717.5,203
1762221557409,717.5,205
1762221557426,717.5,206
1762221557442,717.5,207
1762221557460,717.5,213
1762221557477,717.5,220
1762221557493,717.5,223
1762221557510,717.5,225
1762221557614,717.5,224
1762221557630,716.5,221
1762221557645,716.5,216
1762221557661,716.5,210
1762221557678,716.5,205
1762221557694,716.5,200
1762221557711,716.5,194
1762221557728,716.5,188
1762221557744,716.5,183
1762221557762,718.5,179
1762221557779,719.5,174
1762221557797,721.5,169
1762221557812,723.5,164
1762221557828,724.5,161
1762221557845,725.5,160
1762221557862,726.5,157
1762221557878,728.5,153
1762221557895,732.5,149
1762221557912,737.5,142
1762221557929,740.5,137
1762221557945,742.5,133
1762221557962,743.5,131
1762221557980,745.5,129
1762221557996,746.5,125
1762221558013,747.5,122
1762221558029,749.5,120
1762221558046,749.5,118
1762221558063,749.5,117
1762221558079,750.5,115
1762221558096,750.5,114
1762221558113,752.5,111
1762221558130,753.5,109
1762221558147,754.5,108
1762221558164,756.5,107
1762221558180,757.5,107
1762221558197,757.5,106
1762221558262,758.5,106
1762221558277,759.5,106
1762221558295,765.5,106
1762221558306,768.5,106
1762221558317,773.5,106
1762221558333,778.5,106
1762221558365,781.5,106
1762221558382,782.5,106
1762221558398,785.5,106
1762221558415,787.5,106
1762221558432,790.5,106
1762221558448,792.5,106
1762221558465,794.5,106
1762221558482,795.5,106
1762221558500,796.5,106
1762221558516,804.5,106
1762221558532,810.5,106
1762221558549,814.5,106
1762221558566,818.5,106
1762221558582,819.5,106
1762221558599,821.5,106
1762221558616,822.5,108
1762221558633,823.5,108
1762221558649,825.5,108
1762221558666,826.5,109
1762221558684,829.5,111
1762221558701,831.5,112
1762221558717,833.5,112
1762221558733,834.5,114
1762221558750,838.5,117
1762221558767,841.5,119
1762221558784,844.5,121
1762221558800,847.5,124
1762221558817,849.5,127
1762221558834,849.5,130
1762221558851,851.5,132
1762221558868,852.5,135
1762221558884,852.5,137
1762221558901,852.5,138
1762221558918,853.5,140
1762221558934,853.5,142
1762221558951,853.5,145
1762221558968,855.5,149
1762221558985,855.5,152
1762221559002,855.5,156
1762221559019,855.5,159
1762221559036,855.5,161
1762221559052,855.5,164
1762221559069,855.5,166
1762221559086,855.5,171
1762221559102,856.5,176
1762221559119,856.5,181
1762221559136,856.5,185
1762221559152,856.5,187
1762221559169,858.5,190
1762221559186,858.5,193
1762221559204,858.5,195
1762221559220,859.5,199
1762221559236,859.5,202
1762221559253,859.5,204
1762221559270,860.5,206
1762221559286,860.5,211
1762221559303,861.5,214
1762221559320,862.5,218
1762221559337,862.5,221
1762221559354,862.5,223
1762221559371,862.5,224
1762221559388,862.5,227
1762221559404,862.5,229
1762221559421,862.5,231
1762221559438,862.5,232
1762221559455,862.5,234
1762221559471,862.5,237
1762221559489,862.5,240
1762221559505,862.5,244
1762221559521,862.5,246
1762221559538,862.5,249
1762221559556,862.5,251
1762221559572,862.5,256
1762221559588,862.5,260
1762221559605,862.5,263
1762221559622,862.5,266
1762221559639,862.5,267
1762221559655,862.5,270
1762221559672,862.5,273
1762221559689,862.5,278
1762221559706,862.5,279
1762221559723,862.5,281
1762221559740,862.5,284
1762221559757,862.5,285
1762221559780,862.5,287
1762221559796,862.5,288
1762221559878,862.5,289
1762221559892,862.5,290
1762221559908,862.5,291
1762221559925,861.5,293
1762221559957,860.5,293
1762221559974,860.5,294
1762221559991,859.5,294
1762221560008,858.5,294
1762221560028,857.5,294
1762221560075,856.5,294
1762221560101,856.5,295
1762221560112,855.5,295
1762221560142,853.5,295
1762221560238,852.5,295
1762221560253,852.5,296
1762221560270,851.5,296
1762221560285,850.5,298
1762221560311,849.5,298
1762221560438,849.5,299
1762221560606,849.5,300
1762221560629,849.5,301
1762221560646,849.5,302
1762221560709,848.5,302
1762221560730,847.5,302
1762221560748,846.5,302
1762221560764,845.5,300
1762221560779,845.5,298
1762221560797,845.5,291
1762221560812,845.5,287
1762221560829,845.5,283
1762221560846,845.5,278
1762221560862,845.5,273
1762221560879,846.5,270
1762221560896,846.5,268
1762221560916,846.5,267
1762221560989,847.5,266
1762221561015,847.5,264
1762221561032,848.5,263
1762221561048,848.5,260
1762221561065,848.5,258
1762221561081,848.5,255
1762221561098,848.5,253
1762221561115,848.5,250
1762221561132,848.5,246
1762221561149,848.5,244
1762221561165,848.5,240
1762221561182,848.5,236
1762221561199,848.5,233
1762221561216,848.5,232
1762221561232,848.5,230
1762221561249,848.5,228
1762221561266,848.5,226
1762221561283,848.5,223
1762221561300,848.5,219
1762221561316,848.5,215
1762221561333,848.5,212
1762221561350,848.5,211
1762221561366,848.5,208
1762221561383,848.5,203
1762221561427,848.5,193
1762221561434,848.5,191
1762221561449,848.5,189
1762221561468,848.5,186
1762221561484,848.5,181
1762221561501,848.5,175
1762221561518,848.5,171
1762221561534,848.5,168
1762221561551,848.5,165
1762221561588,847.5,164
1762221561600,846.5,163
1762221561617,846.5,162
1762221561634,846.5,160
1762221561650,846.5,158
1762221561668,845.5,157
1762221561684,845.5,156
1762221561734,845.5,155
1762221561751,843.5,151
1762221561767,842.5,148
1762221561786,841.5,145
1762221561801,840.5,143
1762221561818,840.5,142
1762221561834,839.5,140
1762221561852,837.5,138
1762221561868,836.5,136
1762221561885,833.5,132
1762221561902,828.5,129
1762221561918,824.5,126
1762221561935,819.5,125
1762221561953,812.5,124
1762221561969,800.5,123
1762221561986,788.5,122
1762221562003,772.5,122
1762221562020,751.5,122
1762221562037,740.5,122
1762221562053,734.5,123
1762221562069,732.5,125
1762221562086,730.5,127
1762221562103,728.5,130
1762221562120,727.5,132
1762221562136,727.5,133
1762221562205,727.5,134
1762221562224,727.5,135
1762221562239,727.5,136
1762221562255,727.5,137
1762221562276,727.5,138
1762221562292,728.5,140
1762221562305,729.5,141
1762221562322,731.5,145
1762221562339,731.5,148
1762221562356,731.5,154
1762221562373,731.5,159
1762221562389,731.5,161
1762221562406,731.5,164
1762221562422,731.5,168
1762221562439,731.5,173
1762221562457,732.5,180
1762221562473,733.5,186
1762221562490,734.5,190
1762221562506,734.5,192
1762221562532,734.5,193
1762221562541,734.5,194
1762221562557,735.5,195
1762221562573,736.5,198
1762221562591,737.5,202
1762221562607,738.5,204
1762221562624,738.5,209
1762221562640,739.5,211
1762221562657,740.5,216
1762221562674,741.5,221
1762221562691,743.5,226
1762221562707,743.5,229
1762221562812,744.5,226
1762221562823,744.5,222
1762221562840,744.5,214
1762221562857,744.5,203
1762221562875,744.5,194
1762221562892,744.5,187
1762221562909,744.5,178
1762221562924,744.5,174
1762221562941,744.5,171
1762221562958,744.5,168
1762221562974,744.5,166
1762221563086,744.5,170
1762221563104,744.5,181
1762221563128,744.5,196
1762221563139,744.5,212
1762221563151,744.5,231
1762221563162,744.5,239
1762221563177,744.5,250
1762221563210,744.5,255
1762221563261,744.5,256
1762221563278,744.5,258
1762221563295,744.5,260
1762221563310,744.5,261
1762221563326,744.5,264
1762221563343,744.5,266
1762221563360,744.5,272
1762221563377,744.5,278
1762221563394,744.5,283
1762221563410,744.5,287
1762221563427,744.5,289
1762221563574,744.5,286
1762221563592,744.5,282
1762221563613,743.5,278
1762221563629,742.5,278
1762221563750,742.5,282
1762221563780,743.5,294
1762221563796,743.5,297
1762221563813,744.5,299
1762221563829,745.5,302
1762221563846,746.5,306
1762221563863,746.5,309
1762221563880,747.5,313
1762221563896,748.5,314
1762221563913,748.5,317
1762221563930,748.5,320
1762221563948,749.5,322
1762221563964,750.5,327
1762221563980,750.5,333
1762221563997,752.5,339
1762221564014,753.5,344
1762221564031,754.5,350
1762221564047,754.5,356
1762221564064,754.5,361
1762221564081,754.5,365
1762221564098,754.5,368
1762221564114,754.5,369
1762221564131,754.5,371
1762221564148,754.5,374
1762221564165,754.5,376
1762221564181,754.5,381
1762221564198,754.5,383
1762221564215,754.5,386
1762221564232,754.5,388
1762221564250,754.5,389
1762221564266,756.5,392
1762221564282,756.5,394
1762221564300,756.5,396
1762221564316,756.5,400
1762221564332,757.5,402
1762221564349,757.5,405
1762221564366,757.5,407
1762221564383,757.5,408
1762221564399,757.5,411
1762221564416,757.5,414
1762221564433,757.5,416
1762221564450,757.5,419
1762221564466,757.5,421
1762221564484,757.5,424
1762221564500,757.5,425
1762221564517,757.5,427
1762221564533,757.5,428
1762221564550,757.5,429
1762221564567,757.5,430
1762221564584,757.5,432
1762221564600,758.5,435
1762221564617,758.5,439
1762221564634,758.5,441
1762221564652,760.5,444
1762221564668,761.5,448
1762221564684,761.5,451
1762221564701,763.5,454
1762221564718,763.5,458
1762221564735,763.5,459
1762221564753,763.5,461
1762221564768,763.5,463
1762221564785,764.5,464
1762221564802,764.5,466
1762221564818,764.5,468
1762221564836,764.5,471
1762221564852,764.5,475
1762221564869,764.5,478
1762221564885,764.5,480
1762221564902,764.5,483
1762221564919,764.5,485
1762221564936,764.5,486
1762221564953,764.5,489
1762221564969,764.5,493
1762221564986,764.5,496
1762221565004,764.5,500
1762221565020,764.5,506
1762221565036,764.5,508
1762221565053,764.5,511
1762221565070,764.5,513
1762221565092,764.5,514
1762221565108,764.5,515
1762221565124,764.5,516
1762221565140,764.5,518
1762221565164,764.5,519
1762221565470,764.5,520
1762221565491,764.5,521
1762221565726,765.5,521
1762221565812,766.5,521
1762221565825,767.5,521
1762221565842,768.5,520
1762221565858,770.5,520
1762221565876,771.5,518
1762221565891,772.5,518
1762221565908,773.5,518
1762221565925,774.5,518
1762221565942,774.5,517
1762221565964,774.5,516
1762221565976,774.5,515
1762221565992,775.5,514
1762221566009,775.5,513
1762221566036,775.5,512
1762221566068,776.5,510
1762221566092,776.5,508
1762221566109,776.5,506
1762221566126,776.5,505
1762221566286,776.5,506
1762221566305,776.5,507
1762221566320,776.5,508
1762221566332,776.5,509
1762221566362,776.5,510
1762221566379,775.5,511
1762221566404,774.5,512
1762221566415,773.5,512
1762221566452,772.5,512
1762221566462,772.5,513
1762221566480,771.5,513
1762221566496,769.5,514
1762221566513,766.5,515
1762221566529,765.5,516
1762221566547,762.5,517
1762221566564,760.5,518
1762221566580,759.5,519
1762221566789,760.5,519
1762221566801,761.5,519
1762221566836,762.5,519
1762221566898,763.5,519
1762221566916,766.5,515
1762221566932,767.5,511
1762221566949,768.5,509
1762221566965,768.5,505
1762221566982,768.5,502
1762221566999,768.5,499
1762221567016,768.5,497
1762221567033,768.5,496
1762221567049,768.5,494
1762221567066,770.5,492
1762221567083,770.5,489
1762221567100,770.5,487
1762221567124,770.5,486
1762221567149,770.5,483
1762221567166,770.5,480
1762221567182,770.5,476
1762221567199,770.5,472
1762221567216,770.5,468
1762221567233,770.5,464
1762221567249,770.5,459
1762221567266,770.5,458
1762221567334,772.5,440
1762221567345,773.5,437
1762221567357,773.5,430
1762221567368,773.5,428
1762221567385,773.5,425
1762221567402,773.5,424
1762221567418,773.5,421
1762221567437,773.5,413
1762221567453,773.5,409
1762221567469,773.5,405
1762221567487,773.5,403
1762221567502,773.5,400
1762221567519,773.5,398
1762221567536,773.5,394
1762221567552,773.5,391
1762221567569,773.5,388
1762221567586,773.5,385
1762221567604,773.5,380
1762221567620,773.5,377
1762221567637,773.5,376
1762221567653,773.5,372
1762221567670,772.5,367
1762221567687,772.5,363
1762221567703,772.5,359
1762221567720,772.5,354
1762221567737,772.5,351
1762221567754,772.5,347
1762221567771,772.5,343
1762221567788,772.5,338
1762221567805,772.5,331
1762221567821,772.5,326
1762221567838,772.5,322
1762221567854,772.5,320
1762221567871,772.5,316
1762221567888,772.5,315
1762221567920,772.5,313
1762221567937,772.5,312
1762221567953,773.5,307
1762221567970,774.5,304
1762221568190,775.5,304
1762221568209,777.5,304
1762221568278,778.5,304
1762221568296,779.5,304
1762221568310,780.5,304
1762221568324,782.5,304
1762221568341,783.5,305
1762221568380,784.5,305
1762221568406,785.5,306
1762221568424,786.5,310
1762221568439,789.5,314
1762221568456,791.5,319
1762221568474,791.5,322
1762221568490,793.5,325
1762221568506,793.5,327
1762221568524,794.5,332
1762221568540,796.5,338
1762221568557,797.5,343
1762221568573,797.5,346
1762221568590,797.5,349
1762221568607,797.5,351
1762221568624,797.5,354
1762221568640,797.5,356
1762221568657,797.5,360
1762221568674,797.5,364
1762221568692,797.5,368
1762221568708,797.5,372
1762221568739,797.5,373
1762221568752,797.5,374
1762221568767,797.5,376
1762221568782,797.5,379
1762221568794,797.5,380
1762221568810,797.5,381
1762221568828,797.5,383
1762221568844,797.5,384
1762221568860,797.5,385
1762221568877,797.5,386
1762221568894,797.5,387
1762221568998,797.5,384
1762221569017,796.5,372
1762221569036,795.5,356
1762221569051,794.5,345
1762221569064,794.5,337
1762221569078,794.5,332
1762221569096,794.5,328
1762221569112,794.5,326
1762221569254,794.5,328
1762221569280,794.5,336
1762221569292,794.5,342
1762221569306,794.5,345
1762221569319,794.5,353
1762221569333,794.5,364
1762221569347,794.5,371
1762221569364,794.5,383
1762221569422,794.5,392
1762221569437,794.5,393
1762221569463,794.5,396
1762221569480,794.5,398
1762221569497,794.5,400
1762221569513,794.5,401
1762221569530,794.5,403
1762221569547,794.5,404
1762221569564,794.5,407
1762221569581,794.5,408
1762221569597,793.5,410
1762221569614,793.5,413
1762221569631,793.5,416
1762221569648,793.5,419
1762221569664,793.5,422
1762221569681,793.5,424
1762221569698,793.5,427
1762221569715,793.5,430
1762221569733,793.5,437
1762221569749,793.5,443
1762221569766,793.5,448
1762221569782,793.5,452
1762221569799,793.5,456
1762221569815,793.5,458
1762221569832,793.5,459
1762221569849,793.5,461
1762221569866,793.5,463
1762221569882,793.5,466
1762221569900,793.5,471
1762221569916,793.5,473
1762221569933,793.5,474
1762221569965,793.5,475
1762221569982,793.5,476
1762221569999,793.5,478
1762221570020,793.5,479
1762221570036,793.5,480
1762221570051,793.5,481
1762221570067,793.5,482
1762221570214,793.5,483
1762221570239,793.5,485
1762221570301,793.5,486
1762221570318,793.5,487
1762221570340,793.5,488
1762221570352,793.5,489
1762221570369,793.5,490
1762221570386,793.5,492
1762221570404,793.5,494
1762221570419,793.5,496
1762221570436,793.5,498
1762221570453,793.5,499
1762221570485,793.5,501
1762221570501,793.5,502
1762221570552,793.5,503
1762221570772,793.5,504
1762221570796,793.5,505
1762221570808,793.5,506
1762221570837,793.5,508
1762221570860,793.5,509
1762221570887,793.5,510
1762221570904,792.5,511
1762221570924,792.5,512
1762221570988,792.5,513
1762221571004,792.5,515
1762221571118,792.5,516
1762221571144,792.5,517
1762221571163,792.5,518
1762221571502,793.5,519
1762221571606,794.5,519
1762221571694,795.5,519
1762221571717,796.5,520
1762221571742,797.5,520
1762221571821,798.5,520
1762221571849,799.5,520
1762221571869,800.5,520
1762221571893,801.5,520
1762221572062,802.5,520
1762221572089,804.5,519
1762221572109,804.5,514
1762221572125,805.5,510
1762221572138,805.5,507
1762221572152,806.5,505
1762221572165,806.5,503
1762221572179,806.5,502
1762221572197,806.5,499
1762221572213,806.5,497
1762221572230,806.5,492
1762221572246,806.5,490
1762221572263,808.5,486
1762221572280,808.5,484
1762221572297,808.5,483
1762221572314,808.5,482
1762221572330,808.5,481
1762221572347,808.5,479
1762221572364,808.5,476
1762221572380,808.5,475
1762221572397,808.5,473
1762221572464,808.5,471
1762221572498,809.5,463
1762221572513,809.5,458
1762221572530,809.5,455
1762221572546,809.5,453
1762221572564,809.5,451
1762221572580,809.5,450
1762221572597,809.5,447
1762221572613,809.5,444
1762221572630,809.5,439
1762221572647,811.5,436
1762221572664,811.5,433
1762221572680,811.5,430
1762221572697,811.5,426
1762221572714,811.5,423
1762221572732,811.5,419
1762221572750,811.5,411
1762221572768,811.5,407
1762221572786,811.5,401
1762221572801,812.5,398
1762221572816,812.5,395
1762221572833,812.5,392
1762221572850,812.5,390
1762221572869,812.5,383
1762221572884,812.5,380
1762221572901,812.5,375
1762221572917,812.5,371
1762221572934,812.5,367
1762221572950,812.5,365
1762221572969,812.5,362
1762221572984,812.5,360
1762221573001,812.5,357
1762221573018,812.5,354
1762221573035,812.5,352
1762221573052,812.5,347
1762221573069,812.5,344
1762221573085,812.5,342
1762221573101,813.5,337
1762221573118,815.5,332
1762221573136,816.5,326
1762221573152,817.5,323
1762221573168,819.5,319
1762221573185,820.5,316
1762221573202,822.5,311
1762221573220,824.5,306
1762221573236,825.5,304
1762221573253,826.5,299
1762221573269,828.5,296
1762221573286,829.5,291
1762221573303,829.5,288
1762221573319,831.5,285
1762221573336,831.5,283
1762221573353,831.5,281
1762221573370,831.5,279
1762221573387,831.5,278
1762221573403,832.5,275
1762221573421,832.5,273
1762221573437,832.5,272
1762221573453,832.5,268
1762221573470,833.5,263
1762221573487,833.5,259
1762221573504,833.5,255
1762221573520,833.5,251
1762221573537,833.5,248
1762221573554,833.5,245
1762221573572,833.5,240
1762221573589,833.5,231
1762221573606,833.5,225
1762221573623,833.5,219
1762221573638,833.5,214
1762221573654,833.5,209
1762221573671,833.5,205
1762221573689,833.5,199
1762221573706,833.5,193
1762221573839,833.5,172
1762221573857,833.5,169
1762221573888,832.5,165
1762221573906,832.5,164
1762221573923,832.5,163
1762221573940,832.5,162
1762221573957,830.5,158
1762221573975,829.5,153
1762221573990,828.5,150
1762221574007,827.5,146
1762221574024,825.5,142
1762221574039,825.5,139
1762221574057,824.5,136
1762221574074,823.5,134
1762221574091,822.5,131
1762221574108,821.5,126
1762221574140,821.5,124
1762221574156,821.5,123
1762221574172,820.5,122
1762221574189,820.5,120
1762221574206,818.5,119
1762221574223,816.5,116
1762221574241,815.5,115
1762221574257,812.5,114
1762221574274,807.5,113
1762221574293,786.5,113
1762221574309,770.5,113
1762221574326,757.5,113
1762221574343,750.5,113
1762221574358,749.5,113
1762221574375,748.5,113
1762221574477,747.5,113
1762221574502,747.5,114
1762221574539,747.5,115
1762221574558,747.5,116
1762221574576,747.5,118
1762221574593,747.5,119
1762221574609,747.5,124
1762221574626,747.5,130
1762221574645,747.5,141
1762221574661,747.5,146
1762221574676,747.5,151
1762221574692,747.5,154
1762221574709,747.5,158
1762221574726,747.5,163
1762221574742,749.5,167
1762221574761,749.5,172
1762221574781,749.5,180
1762221574797,749.5,184
1762221574812,749.5,185
1762221574828,749.5,190
1762221574845,749.5,192
1762221574862,749.5,193
1762221574965,749.5,192
1762221574994,749.5,174
1762221575014,750.5,148
1762221575030,751.5,135
1762221575046,751.5,123
1762221575063,751.5,117
1762221575079,751.5,115
1762221575096,751.5,113
1762221575205,752.5,115
1762221575230,752.5,134
1762221575252,752.5,152
1762221575269,752.5,182
1762221575285,752.5,199
1762221575302,752.5,214
1762221575319,752.5,228
1762221575336,752.5,239
1762221575353,752.5,249
1762221575370,752.5,259
1762221575388,752.5,266
1762221575405,752.5,272
1762221575421,752.5,273
1762221575437,752.5,275
1762221575533,752.5,273
1762221575557,752.5,252
1762221575573,752.5,232
1762221575589,752.5,213
1762221575605,752.5,198
1762221575621,752.5,185
1762221575636,753.5,171
1762221575653,755.5,160
1762221575670,756.5,150
1762221575686,756.5,144
1762221575701,756.5,142
1762221575716,756.5,141
1762221575854,757.5,141
1762221575883,758.5,149
1762221575905,759.5,184
1762221575926,759.5,208
1762221575943,759.5,237
1762221575961,759.5,255
1762221575978,759.5,268
1762221576001,759.5,283
1762221576017,759.5,289
1762221576034,759.5,295
1762221576052,759.5,299
1762221576068,759.5,302
1762221576085,759.5,303
1762221576157,759.5,301
1762221576186,759.5,275
1762221576204,759.5,253
1762221576222,760.5,222
1762221576240,762.5,200
1762221576257,764.5,182
1762221576277,765.5,169
1762221576294,767.5,151
1762221576311,767.5,145
1762221576328,767.5,142
1762221576345,767.5,140
1762221576361,767.5,135
1762221576378,767.5,130
1762221576396,767.5,124
1762221576414,767.5,116
1762221576431,767.5,113
1762221576493,767.5,114
1762221576519,768.5,130
1762221576541,769.5,153
1762221576559,771.5,166
1762221576577,771.5,184
1762221576595,771.5,202
1762221576613,771.5,217
1762221576631,771.5,233
1762221576647,771.5,239
1762221576664,771.5,243
1762221576681,771.5,245
1762221576807,771.5,245
1762221576828,771.5,242
1762221576838,771.5,236
1762221576855,771.5,222
1762221576874,771.5,211
1762221576889,771.5,204
1762221576906,771.5,198
1762221576924,772.5,189
1762221576941,773.5,183
1762221576960,774.5,175
1762221576973,774.5,171
1762221576989,774.5,170
1762221577055,774.5,169
1762221577064,774.5,168
1762221577078,774.5,167
1762221577091,774.5,165
1762221577108,774.5,164
1762221577125,774.5,162
1762221577142,775.5,161
1762221577160,776.5,159
1762221577177,776.5,157
1762221577194,776.5,155
1762221577210,776.5,152
1762221577227,776.5,148
1762221577243,776.5,146
1762221577361,777.5,153
1762221577383,779.5,190
1762221577401,779.5,217
1762221577420,779.5,239
1762221577438,779.5,259
1762221577455,779.5,269
1762221577473,779.5,276
1762221577492,779.5,284
1762221577509,779.5,289
1762221577524,779.5,294
1762221577540,779.5,295
1762221577694,779.5,294
1762221577720,779.5,273
1762221577738,779.5,254
1762221577762,779.5,230
1762221577785,779.5,210
1762221577805,779.5,196
1762221577822,779.5,189
1762221577839,779.5,183
1762221577855,779.5,178
1762221577871,779.5,174
1762221577887,779.5,172
1762221577903,779.5,170
1762221577920,779.5,167
1762221577937,779.5,166
1762221577954,779.5,163
1762221577972,780.5,160
1762221577990,780.5,155
1762221578007,780.5,153
1762221578025,780.5,151
1762221578043,780.5,148
1762221578065,780.5,142
1762221578082,780.5,140
1762221578099,780.5,139
1762221578131,780.5,138
1762221578162,780.5,136
1762221578180,780.5,134
1762221578198,780.5,133
1762221578215,780.5,132
1762221578398,781.5,132
1762221578429,784.5,128
1762221578453,784.5,126
1762221578515,785.5,126
1762221578532,787.5,126
1762221578550,789.5,126
1762221578567,791.5,125
1762221578583,793.5,125
1762221578600,795.5,125
1762221578616,796.5,125
1762221578633,797.5,125
1762221578649,798.5,125
1762221578668,800.5,125
1762221578684,801.5,125
1762221578765,802.5,125
1762221578791,807.5,129
1762221578811,810.5,133
1762221578828,814.5,138
1762221578846,815.5,142
1762221578863,817.5,146
1762221578881,818.5,149
1762221578901,819.5,152
1762221578919,819.5,154
1762221578950,819.5,155
1762221578968,819.5,157
1762221578986,820.5,158
1762221579004,820.5,160
1762221579021,820.5,163
1762221579038,820.5,165
1762221579054,821.5,166
1762221579084,821.5,169
1762221579101,821.5,173
1762221579119,821.5,176
1762221579137,821.5,180
1762221579153,821.5,186
1762221579170,821.5,192
1762221579190,821.5,199
1762221579207,821.5,204
1762221579225,821.5,210
1762221579243,821.5,216
1762221579262,821.5,229
1762221579280,821.5,237
1762221579296,821.5,243
1762221579312,821.5,248
1762221579330,821.5,252
1762221579348,821.5,256
1762221579366,821.5,262
1762221579383,821.5,266
1762221579400,821.5,270
1762221579417,821.5,274
1762221579435,821.5,275
1762221579455,821.5,277
1762221579472,821.5,280
1762221579493,821.5,284
1762221579511,821.5,286
1762221579531,821.5,289
1762221579550,820.5,294
1762221579568,819.5,298
1762221579588,817.5,302
1762221579606,816.5,307
1762221579623,815.5,310
1762221579641,814.5,311
1762221579660,811.5,315
1762221579679,810.5,316
1762221579697,809.5,319
1762221579716,807.5,325
1762221579735,805.5,329
1762221579757,803.5,333
1762221579780,802.5,337
1762221579798,802.5,338
1762221579816,802.5,339
1762221579834,802.5,341
1762221579852,802.5,342
1762221579875,802.5,344
1762221579894,802.5,346
1762221579913,803.5,347
1762221579932,803.5,349
1762221579951,804.5,351
1762221579969,804.5,352
1762221579988,804.5,353
1762221580007,804.5,357
1762221580027,804.5,360
1762221580045,804.5,362
1762221580063,804.5,363
1762221580090,804.5,367
1762221580108,804.5,373
1762221580126,804.5,377
1762221580145,804.5,380
1762221580163,804.5,382
1762221580181,804.5,384
1762221580199,804.5,387
1762221580217,804.5,390
1762221580236,804.5,394
1762221580254,804.5,398
1762221580272,804.5,400
1762221580292,804.5,403
1762221580311,804.5,408
1762221580329,804.5,413
1762221580350,804.5,421
1762221580369,804.5,424
1762221580388,804.5,427
1762221580412,804.5,428
1762221580429,804.5,429
1762221580448,804.5,431
1762221580468,804.5,434
1762221580487,804.5,438
1762221580506,802.5,440
1762221580525,802.5,444
1762221580545,802.5,447
1762221580564,802.5,452
1762221580583,802.5,458
1762221580609,801.5,467
1762221580631,800.5,475
1762221580786,798.5,497
1762221580807,798.5,499
1762221580825,798.5,500
1762221580847,798.5,501
1762221580946,798.5,501
1762221580962,796.5,493
1762221580980,790.5,485
1762221581000,784.5,476
1762221581015,770.5,456
1762221581032,761.5,442
1762221581049,756.5,428
1762221581065,752.5,414
1762221581082,751.5,403
1762221581101,750.5,395
1762221581115,747.5,389
1762221581132,744.5,385
1762221581149,743.5,384
1762221581166,743.5,382
1762221581182,741.5,381
1762221581199,740.5,379
1762221581215,740.5,378
1762221581232,740.5,377
1762221581249,739.5,376
1762221581266,739.5,375
1762221581283,739.5,373
1762221581299,740.5,370
1762221581316,740.5,368
1762221581333,740.5,367
1762221581350,741.5,365
1762221581366,741.5,359
1762221581383,742.5,353
1762221581400,742.5,350
1762221581417,743.5,348
1762221581433,743.5,347
1762221581450,743.5,346
1762221581467,743.5,344
1762221581484,743.5,341
1762221581501,743.5,337
1762221581518,743.5,335
1762221581534,743.5,332
1762221581551,743.5,331
1762221581567,743.5,329
1762221581584,743.5,328
1762221581639,743.5,327
1762221581654,743.5,326
1762221581668,743.5,325
1762221581684,743.5,323
1762221581701,743.5,322
1762221581776,743.5,321
1762221581889,743.5,329
1762221581915,743.5,339
1762221581941,743.5,355
1762221581964,743.5,366
1762221581991,743.5,384
1762221582012,743.5,390
1762221582031,743.5,393
1762221582050,743.5,394
1762221582072,743.5,398
1762221582102,743.5,401
1762221582120,743.5,403
1762221582140,744.5,405
1762221582158,745.5,407
1762221582177,745.5,410
1762221582196,745.5,413
1762221582214,745.5,415
1762221582233,745.5,416
1762221582251,745.5,417
1762221582271,746.5,419
1762221582289,746.5,420
1762221582307,746.5,421
1762221582325,747.5,421
1762221582344,747.5,422
1762221582364,747.5,423
1762221582382,748.5,426
1762221582402,749.5,430
1762221582423,751.5,436
1762221582441,752.5,437
1762221582461,753.5,441
1762221582479,753.5,444
1762221582500,753.5,446
1762221582519,754.5,452
1762221582540,755.5,457
1762221582561,755.5,459
1762221582581,755.5,460
1762221582601,756.5,462
1762221582620,756.5,463
1762221582640,756.5,464
1762221582659,756.5,467
1762221582679,757.5,469
1762221582697,757.5,470
1762221582716,758.5,471
1762221582735,758.5,472
1762221582756,758.5,474
1762221582781,759.5,475
1762221582805,760.5,477
1762221582825,760.5,478
1762221582856,762.5,479
1762221582876,762.5,481
1762221582895,762.5,483
1762221582914,763.5,485
1762221582934,763.5,486
1762221582953,763.5,487
1762221583023,763.5,482
1762221583041,764.5,478
1762221583061,764.5,475
1762221583080,764.5,474
1762221583109,766.5,467
1762221583128,766.5,464
1762221583148,766.5,460
1762221583168,767.5,459
1762221583189,767.5,457
1762221583218,767.5,455
1762221583243,767.5,450
1762221583269,767.5,448
1762221583289,767.5,446
1762221583310,767.5,445
1762221583330,767.5,442
1762221583350,767.5,438
1762221583369,767.5,436
1762221583390,767.5,432
1762221583412,768.5,429
1762221583430,768.5,424
1762221583452,768.5,418
1762221583472,768.5,407
1762221583496,768.5,398
1762221583517,768.5,391
1762221583537,768.5,387
1762221583558,768.5,380
1762221583580,768.5,371
1762221583601,768.5,360
1762221583622,768.5,354
1762221583642,768.5,351
1762221583663,768.5,347
1762221583684,768.5,342
1762221583705,768.5,333
1762221583725,768.5,325
1762221583747,768.5,321
1762221583773,768.5,319
1762221583793,768.5,317
1762221583816,768.5,314
1762221583839,768.5,307
1762221583858,768.5,303
1762221583879,768.5,300
1762221583981,768.5,302
1762221584016,768.5,320
1762221584037,768.5,337
1762221584057,768.5,346
1762221584077,766.5,355
1762221584095,766.5,358
1762221584130,765.5,360
1762221584198,764.5,360
1762221584230,754.5,345
1762221584253,749.5,337
1762221584273,745.5,327
1762221584294,743.5,319
1762221584314,742.5,314
1762221584338,741.5,308
1762221584359,740.5,299
1762221584383,739.5,287
1762221584404,739.5,283
1762221584424,739.5,280
1762221584445,739.5,277
1762221584464,739.5,275
1762221584488,739.5,268
1762221584508,739.5,264
1762221584529,739.5,261
1762221584551,739.5,259
1762221584570,739.5,256
1762221584591,739.5,252
1762221584613,739.5,250
1762221584633,739.5,246
1762221584656,739.5,240
1762221584678,739.5,235
1762221584698,739.5,232
1762221584720,739.5,228
1762221584740,739.5,223
1762221584763,739.5,219
1762221584789,739.5,217
1762221585006,741.5,217
1762221585040,754.5,232
1762221585065,764.5,257
1762221585093,770.5,273
1762221585116,772.5,282
1762221585142,773.5,290
1762221585162,773.5,295
1762221585183,773.5,297
1762221585205,773.5,298
1762221585225,773.5,299
1762221585245,773.5,302
1762221585265,775.5,304
1762221585288,775.5,308
1762221585308,776.5,311
1762221585330,777.5,313
1762221585350,777.5,315
1762221585404,778.5,315
1762221585423,779.5,313
1762221585445,785.5,302
1762221585468,793.5,278
1762221585492,797.5,262
1762221585514,797.5,251
1762221585536,797.5,237
1762221585559,797.5,224
1762221585578,797.5,219
1762221585601,797.5,213
1762221585622,797.5,210
1762221585642,797.5,206
1762221585665,797.5,202
1762221585687,797.5,199
1762221585833,797.5,169
1762221585855,797.5,167
1762221586061,797.5,150
1762221586077,796.5,146
1762221586093,796.5,143
1762221586111,795.5,142
1762221586296,798.5,154
1762221586328,805.5,176
1762221586351,807.5,186
1762221586373,810.5,195
1762221586397,812.5,212
1762221586420,815.5,225
1762221586442,815.5,232
1762221586466,815.5,239
1762221586486,815.5,242
1762221586508,815.5,245
1762221586529,815.5,250
1762221586550,815.5,255
1762221586571,815.5,259
1762221586592,815.5,264
1762221586615,815.5,269
1762221586634,815.5,275
1762221586660,815.5,284
1762221586681,815.5,293
1762221586703,815.5,303
1762221586724,814.5,308
1762221586746,813.5,315
1762221586775,813.5,322
1762221586798,813.5,324
1762221586818,813.5,325
1762221586933,812.5,325
1762221586962,808.5,323
1762221586989,799.5,302
1762221587010,792.5,281
1762221587036,790.5,267
1762221587058,790.5,253
1762221587081,790.5,238
1762221587104,788.5,228
1762221587127,788.5,222
1762221587149,788.5,219
1762221587170,788.5,217
1762221587192,788.5,213
1762221587216,788.5,210
1762221587237,788.5,209
1762221587300,788.5,212
1762221587320,788.5,225
1762221587349,789.5,256
1762221587368,791.5,269
1762221587392,794.5,289
1762221587414,795.5,303
1762221587436,795.5,308
1762221587456,796.5,311
1762221587477,796.5,312
1762221587637,796.5,311
1762221587647,796.5,306
1762221587661,796.5,288
1762221587669,795.5,276
1762221587684,793.5,255
1762221587702,792.5,241
1762221587718,791.5,231
1762221587734,791.5,223
1762221587751,793.5,212
1762221587768,796.5,203
1762221587785,796.5,196
1762221587803,796.5,190
1762221587820,796.5,188
1762221587837,796.5,187
1762221587854,796.5,183
1762221587870,796.5,179
1762221587886,796.5,174
1762221587902,796.5,168
1762221587919,796.5,163
1762221587936,796.5,158
1762221587952,796.5,154
1762221587969,797.5,151
1762221587986,797.5,147
1762221588003,797.5,142
1762221588020,797.5,138
1762221588040,795.5,133
1762221588055,795.5,131
1762221588287,794.5,132
1762221588319,791.5,140
1762221588355,790.5,144
1762221588376,789.5,150
1762221588400,788.5,157
1762221588422,788.5,162
1762221588444,788.5,166
1762221588464,787.5,172
1762221588487,787.5,175
1762221588509,787.5,179
1762221588529,787.5,182
1762221588553,787.5,189
1762221588575,787.5,194
1762221588597,787.5,198
1762221588618,787.5,199
1762221588640,787.5,200
1762221588759,787.5,199
1762221588798,787.5,170
1762221588820,787.5,160
1762221588842,787.5,152
1762221588864,787.5,148
1762221588886,787.5,146
1762221588915,787.5,145
1762221588936,787.5,144
1762221588958,787.5,143
1762221588980,787.5,141
1762221589000,787.5,138
1762221589022,787.5,137
1762221589093,788.5,137
1762221589126,795.5,137
1762221589151,806.5,137
1762221589174,810.5,137
1762221589196,811.5,137
1762221589260,812.5,140
1762221589279,814.5,143
1762221589302,815.5,147
1762221589324,815.5,150
1762221589360,815.5,153
1762221589382,815.5,157
1762221589403,815.5,159
1762221589426,815.5,162
1762221589449,815.5,166
1762221589472,815.5,169
1762221589528,815.5,170
1762221589548,815.5,171
1762221589637,815.5,170
1762221589670,812.5,157
1762221589693,810.5,151
1762221589716,809.5,145
1762221589737,809.5,141
1762221589764,809.5,139
1762221589918,809.5,140
1762221589956,809.5,160
1762221589978,809.5,166
1762221590002,809.5,172
1762221590025,809.5,178
1762221590048,809.5,181
1762221590071,809.5,188
1762221590093,809.5,195
1762221590116,809.5,201
1762221590139,809.5,206
1762221590162,809.5,210
1762221590185,809.5,217
1762221590207,809.5,222
1762221590229,809.5,228
1762221590252,809.5,230
1762221590276,809.5,237
1762221590297,809.5,242
1762221590320,809.5,248
1762221590341,809.5,254
1762221590370,809.5,258
1762221590393,809.5,261
1762221590415,809.5,264
1762221590441,809.5,271
1762221590464,809.5,280
1762221590487,809.5,285
1762221590509,809.5,287
1762221590532,809.5,291
1762221590555,809.5,293
1762221590577,809.5,298
1762221590601,809.5,304
1762221590624,809.5,307
1762221590647,809.5,309
1762221590671,809.5,313
1762221590693,809.5,317
1762221590716,809.5,320
1762221590739,809.5,323
1762221590819,809.5,324
1762221590839,809.5,327
1762221590861,809.5,328
1762221590919,809.5,330
1762221590941,809.5,331
1762221591006,810.5,331
1762221591040,812.5,331
1762221591063,813.5,331
1762221591087,813.5,325
1762221591111,809.5,311
1762221591135,801.5,300
1762221591160,796.5,291
1762221591184,795.5,285
1762221591208,793.5,281
1762221591231,791.5,275
1762221591255,788.5,270
1762221591278,787.5,264
1762221591302,786.5,258
1762221591325,786.5,257
1762221591461,788.5,260
1762221591506,795.5,285
1762221591529,798.5,303
1762221591552,798.5,308
1762221591669,798.5,309
1762221591705,798.5,316
1762221591732,798.5,326
1762221591760,798.5,334
1762221591787,798.5,335
1762221591966,798.5,333
1762221592000,790.5,312
1762221592025,777.5,298
1762221592052,772.5,291
1762221592077,770.5,290
1762221592100,767.5,289
1762221592213,767.5,290
1762221592245,765.5,303
1762221592270,765.5,310
1762221592295,764.5,316
1762221592319,764.5,320
1762221592343,764.5,324
1762221592367,764.5,329
1762221592392,764.5,333
1762221592417,764.5,339
1762221592440,764.5,342
1762221592463,764.5,345
1762221592487,764.5,347
1762221592573,763.5,347
1762221592610,754.5,319
1762221592639,749.5,288
1762221592666,747.5,281
1762221592692,747.5,273
1762221592718,746.5,261
1762221592742,744.5,254
1762221592770,744.5,251
1762221592799,744.5,250
1762221592823,744.5,243
1762221592847,744.5,234
1762221592872,744.5,227
1762221592896,744.5,222
1762221592924,744.5,218
1762221592949,744.5,212
1762221592974,744.5,204
1762221592999,745.5,198
1762221593023,745.5,194
1762221593047,745.5,191
1762221593072,745.5,188
1762221593096,745.5,183
1762221593121,745.5,176
1762221593146,745.5,172
1762221593187,745.5,171
1762221593210,745.5,168
1762221593235,745.5,164
1762221593258,745.5,163
1762221593282,745.5,160
1762221593307,745.5,156
1762221593330,745.5,152
1762221593356,745.5,149
1762221593380,745.5,144
1762221593405,745.5,138
1762221593428,745.5,137
1762221593459,745.5,136
1762221593482,745.5,134
1762221593508,746.5,130
1762221593536,746.5,129
1762221593579,746.5,128
1762221593602,746.5,126
1762221593626,746.5,122
1762221593649,746.5,121
1762221593691,746.5,120
1762221593719,746.5,119
1762221593742,746.5,118
1762221593771,746.5,117
1762221593811,745.5,117
1762221593833,744.5,117
1762221593883,743.5,117
1762221593906,742.5,117
1762221593932,741.5,117
1762221593957,737.5,117
1762221593993,735.5,117
1762221594054,734.5,117
1762221594077,733.5,117
1762221594165,732.5,117
1762221594257,731.5,117
1762221594303,729.5,117
1762221594333,727.5,117
1762221594358,726.5,119
1762221594382,725.5,123
1762221594408,723.5,129
1762221594434,723.5,136
1762221594462,722.5,143
1762221594488,722.5,152
1762221594514,722.5,158
1762221594547,722.5,165
1762221594570,721.5,169
1762221594596,721.5,171
1762221594622,719.5,178
1762221594647,718.5,182
1762221594671,717.5,185
1762221594696,717.5,188
1762221594721,715.5,192
1762221594746,714.5,193
1762221594777,714.5,196
1762221594809,714.5,197
1762221594833,713.5,197
1762221594909,714.5,197
1762221594949,718.5,193
1762221594978,725.5,171
1762221595005,729.5,158
1762221595033,732.5,149
1762221595061,735.5,140
1762221595084,737.5,135
1762221595197,738.5,135
1762221595238,741.5,135
1762221595268,747.5,144
1762221595294,754.5,154
1762221595321,761.5,164
1762221595348,764.5,173
1762221595372,766.5,181
1762221595398,768.5,186
1762221595422,768.5,189
1762221595448,769.5,196
1762221595474,770.5,207
1762221595502,771.5,220
1762221595526,771.5,221
1762221595631,771.5,221
1762221595647,771.5,217
1762221595664,771.5,210
1762221595680,771.5,205
1762221595697,772.5,201
1762221595714,772.5,200
1762221595731,772.5,198
1762221595747,772.5,194
1762221595764,772.5,187
1762221595781,772.5,183
1762221595798,772.5,180
1762221595816,772.5,176
1762221595832,772.5,172
1762221595849,771.5,169
1762221595866,768.5,166
1762221595882,766.5,164
1762221595898,765.5,163
1762221595925,764.5,163
1762221596014,764.5,167
1762221596047,764.5,187
1762221596075,763.5,199
1762221596102,762.5,211
1762221596127,762.5,221
1762221596154,762.5,235
1762221596182,762.5,245
1762221596206,762.5,251
1762221596231,762.5,253
1762221596256,762.5,258
1762221596284,762.5,266
1762221596308,762.5,270
1762221596334,762.5,271
1762221596367,762.5,273
1762221596391,762.5,279
1762221596416,762.5,285
1762221596441,762.5,288
1762221596466,762.5,290
1762221596492,762.5,292
1762221596613,763.5,292
1762221596657,764.5,282
1762221596681,764.5,277
1762221596708,764.5,271
1762221596734,764.5,267
1762221596764,764.5,265
1762221596791,765.5,261
1762221596815,767.5,255
1762221596840,767.5,253
1762221597038,768.5,253
1762221597079,774.5,262
1762221597105,777.5,268
1762221597131,780.5,277
1762221597156,782.5,282
1762221597179,782.5,283
1762221597219,782.5,284
1762221597244,784.5,286
1762221597268,785.5,289
1762221597293,786.5,290
1762221597317,786.5,291
1762221597342,787.5,292
1762221597367,788.5,294
1762221597392,789.5,295
1762221597416,790.5,295
1762221597442,793.5,297
1762221597466,793.5,298
1762221597605,794.5,298
1762221597642,796.5,286
1762221597676,798.5,279
1762221597702,799.5,275
1762221597727,800.5,274
1762221597795,802.5,279
1762221597818,804.5,292
1762221597844,810.5,316
1762221597870,814.5,332
1762221597895,814.5,333
1762221598054,814.5,334
1762221598095,814.5,338
1762221598124,814.5,344
1762221598150,814.5,345
1762221598212,815.5,347
1762221598235,816.5,348
1762221598312,817.5,348
1762221598358,819.5,348
1762221598429,819.5,346
1762221598453,819.5,345
1762221598480,819.5,342
1762221598508,819.5,339
1762221598533,819.5,330
1762221598559,819.5,324
1762221598585,819.5,323
1762221598609,819.5,322
1762221598636,819.5,320
1762221598662,819.5,315
1762221598697,819.5,312
1762221598722,820.5,310
1762221598749,821.5,301
1762221598783,823.5,288
1762221598812,823.5,284
1762221598839,825.5,275
1762221598867,825.5,266
1762221598894,825.5,251
1762221598922,825.5,239
1762221598950,825.5,231
1762221598978,823.5,221
1762221599006,823.5,208
1762221599034,821.5,200
1762221599062,821.5,194
1762221599088,819.5,189
1762221599115,815.5,179
1762221599142,810.5,164
1762221599169,809.5,158
1762221599196,807.5,154
1762221599222,805.5,146
1762221599249,802.5,138
1762221599277,800.5,136
1762221599365,800.5,137
1762221599410,800.5,157
1762221599438,800.5,171
1762221599465,800.5,180
1762221599499,800.5,187
1762221599526,800.5,192
1762221599553,800.5,195
1762221599586,800.5,196
1762221599610,800.5,198
1762221599637,800.5,203
1762221599663,800.5,204
1762221599758,800.5,201
1762221599821,799.5,175
1762221599846,799.5,169
1762221599925,798.5,169
1762221599977,789.5,209
1762221600005,788.5,225
1762221600033,788.5,231
1762221600060,788.5,235
1762221600087,788.5,236
1762221600156,788.5,231
1762221600197,794.5,183
1762221600224,797.5,161
1762221600252,798.5,153
1762221600279,798.5,146
1762221600306,799.5,143
1762221600333,799.5,140
1762221600408,799.5,139
1762221600459,803.5,132
1762221600492,805.5,130
1762221600519,809.5,127
1762221600547,811.5,125
1762221600573,812.5,123
1762221600599,813.5,123
1762221600627,813.5,122
1762221600653,814.5,122
1762221600699,815.5,122
1762221600725,819.5,122
1762221600754,824.5,122
1762221600789,831.5,122
1762221600827,834.5,122
1762221600860,836.5,122
1762221600885,840.5,124
1762221600911,843.5,125
1762221600977,844.5,127
1762221601003,846.5,132
1762221601031,848.5,140
1762221601057,850.5,142
1762221601084,850.5,143
1762221601182,847.5,143
1762221601217,833.5,136
1762221601243,828.5,134
1762221601291,827.5,134
1762221601316,825.5,133
1762221601344,818.5,133
1762221601373,812.5,131
1762221601400,811.5,131
1762221601428,811.5,130
1762221601455,795.5,122
1762221601485,784.5,118
1762221601513,783.5,118
1762221601547,783.5,117
1762221601576,777.5,113
1762221601604,771.5,110
1762221601709,770.5,109
1762221601756,768.5,103
1762221601789,768.5,102
1762221601823,768.5,98
1762221601850,768.5,95
1762221601878,768.5,93
1762221601905,768.5,91
1762221601984,768.5,90
1762221602028,768.5,89
1762221602057,768.5,88
1762221602084,768.5,87
1762221602109,768.5,86
1762221602136,768.5,85
1762221602350,768.5,84
1762221602391,768.5,81
1762221602421,767.5,77
1762221602447,765.5,73
1762221602475,764.5,69
1762221602501,763.5,67
1762221602527,763.5,66
1762221602553,762.5,65
1762221602661,762.5,64
1762221602698,761.5,63
1762221602728,760.5,62
1762221602759,759.5,61
1762221602811,759.5,60
1762221602843,758.5,58
1762221602870,758.5,55
1762221602897,758.5,54
1762221602923,757.5,53
1762221602949,757.5,52
1762221602976,757.5,50
1762221603003,757.5,48
1762221603030,757.5,46
1762221603056,757.5,45
1762221603084,757.5,44
1762221603111,757.5,42
1762221603138,757.5,40
1762221603179,757.5,39
1762221603205,757.5,38
1762221603233,757.5,35
1762221603261,757.5,32
1762221603340,757.5,30
1762221603375,758.5,27
1762221603502,759.5,27
1762221603742,759.5,26
1762221603792,769.5,25
1762221603818,771.5,25
1762221603860,772.5,25
1762221603887,772.5,24
1762221603914,773.5,23
1762221603941,774.5,23
1762221604150,774.5,22
1762221604185,774.5,20
1762221604462,775.5,20
1762221604508,779.5,20
1762221604536,781.5,20
1762221604563,783.5,20
1762221604592,785.5,20
1762221604619,787.5,20
1762221604646,789.5,20
1762221604821,790.5,20
1762221604885,798.5,20
1762221604990,799.5,20
1762221605032,801.5,21
1762221605061,802.5,26
1762221605088,803.5,28
1762221605115,803.5,30
1762221605142,804.5,34
1762221605169,804.5,38
1762221605199,804.5,45
1762221605226,804.5,48
1762221605254,804.5,51
1762221605281,804.5,54
1762221605308,804.5,57
1762221605334,804.5,59
1762221605360,804.5,60
1762221605387,804.5,61
1762221605493,804.5,62
1762221605533,804.5,66
1762221605561,804.5,68
1762221605590,802.5,71
1762221605616,801.5,73
1762221605643,801.5,75
1762221605670,800.5,77
1762221605697,799.5,80
1762221605725,799.5,83
1762221605755,799.5,85
1762221605787,799.5,87
1762221605815,799.5,89
1762221605844,799.5,91
1762221605879,803.5,96
1762221605908,806.5,100
1762221605937,807.5,103
1762221605965,807.5,104
1762221606230,805.5,104
1762221606281,790.5,102
1762221606313,782.5,99
1762221606343,779.5,97
1762221606371,777.5,97
1762221606399,777.5,96
1762221606427,777.5,93
1762221606460,777.5,86
1762221606489,777.5,83
1762221606521,777.5,76
1762221606553,777.5,68
1762221606585,777.5,62
1762221606614,777.5,58
1762221606642,777.5,55
1762221606671,777.5,50
1762221606699,777.5,48
1762221606728,777.5,47
1762221606761,776.5,43
1762221606792,776.5,39
1762221606821,775.5,38
1762221606848,774.5,36
1762221606882,772.5,34
1762221606910,771.5,33
1762221607110,771.5,35
1762221607154,771.5,45
1762221607185,771.5,54
1762221607214,771.5,59
1762221607242,771.5,63
1762221607271,771.5,68
1762221607300,771.5,73
1762221607328,771.5,77
1762221607356,772.5,83
1762221607383,772.5,85
1762221607469,772.5,84
1762221607514,770.5,64
1762221607545,769.5,56
1762221607575,767.5,51
1762221607605,767.5,50
1762221607633,767.5,48
1762221607663,767.5,40
1762221607693,767.5,37
1762221607771,767.5,36
1762221607799,772.5,34
1762221607828,778.5,33
1762221607857,781.5,32
1762221608006,782.5,32
1762221608053,785.5,30
1762221608190,785.5,29
1762221608234,786.5,29
1762221608350,786.5,32
1762221608395,786.5,56
1762221608430,786.5,64
1762221608459,786.5,69
1762221608488,786.5,74
1762221608517,786.5,79
1762221608547,786.5,85
1762221608576,786.5,87
1762221608605,786.5,88
1762221608677,786.5,86
1762221608717,789.5,60
1762221608752,791.5,45
1762221608796,791.5,35
1762221608831,791.5,32
1762221608863,791.5,31
1762221609004,791.5,30
1762221609029,791.5,28
1762221609149,791.5,29
1762221609191,791.5,53
1762221609220,791.5,68
1762221609249,791.5,75
1762221609277,791.5,83
1762221609305,791.5,87
1762221609337,791.5,95
1762221609365,791.5,97
1762221609443,791.5,99
1762221609469,793.5,104
1762221609496,793.5,105
1762221609572,794.5,105
1762221609620,796.5,105
1762221609650,797.5,106
1762221609683,797.5,107
1762221609711,797.5,109
1762221609755,797.5,110
1762221609783,795.5,112
1762221609813,788.5,115
1762221609841,780.5,123
1762221609873,774.5,135
1762221609913,770.5,161
1762221609942,769.5,189
1762221609972,769.5,211
1762221610004,775.5,238
1762221610191,785.5,274
1762221610220,786.5,275
1762221610433,786.5,275
1762221610460,784.5,275
1762221610468,782.5,276
1762221610483,779.5,277
1762221610500,769.5,279
1762221610517,743.5,282
1762221610538,700.5,288
1762221610557,621.5,292
1762221610571,523.5,292
1762221610588,429.5,292
1762221610605,339.5,292
1762221610622,256.5,299
1762221610637,202.5,313
1762221610654,172.5,327
1762221610671,150.5,346
1762221610687,130.5,362
1762221610704,101.5,384
1762221610721,93.5,396
1762221610737,92.5,405
1762221610755,92.5,414
1762221610772,92.5,421
1762221610787,92.5,428
1762221610803,92.5,434
1762221610820,92.5,438
1762221610837,92.5,440
1762221610910,92.5,438
1762221610927,93.5,433
1762221610939,102.5,412
1762221610955,112.5,384
1762221610972,130.5,341
1762221610989,153.5,289
1762221611006,168.5,250
1762221611023,175.5,213
1762221611039,176.5,169
1762221611056,167.5,101
1762221611073,160.5,77
1762221611089,157.5,66
1762221611106,157.5,63
1762221611123,155.5,61
1762221611140,154.5,60
1762221611157,152.5,58
1762221611173,149.5,52
1762221611190,144.5,46
1762221611207,141.5,41
1762221611224,141.5,36
1762221611240,140.5,36
1762221611257,137.5,35
1762221611274,130.5,35
1762221611290,120.5,34
1762221611307,113.5,30
1762221611324,109.5,26
1762221611341,107.5,21
1762221611357,106.5,19
1762221611410,103.5,18
1762221611434,102.5,17
1762221611892,103.5,17
1762221611966,105.5,17
1762221612007,106.5,17
1762221612093,107.5,17
1762221612462,107.5,17
1762221612511,108.5,17
1762221612531,114.5,18
1762221612548,125.5,22
1762221612565,148.5,24
1762221612582,221.5,27
1762221612599,421.5,31
1762221612615,531.5,39
1762221612632,586.5,48
1762221612649,601.5,51
1762221612665,605.5,54
1762221612681,606.5,55
1762221612700,607.5,57
1762221612715,608.5,58
1762221612733,609.5,60
1762221612751,609.5,61
1762221612767,609.5,62
1762221612783,609.5,64
1762221612852,610.5,64
1762221612873,611.5,65
1762221612891,613.5,66
1762221612903,615.5,67
1762221612957,619.5,68
1762221612974,672.5,80
1762221612984,726.5,87
1762221612999,764.5,95
1762221613015,793.5,103
1762221613033,837.5,117
1762221614727,888.5,572
1762221614743,868.5,578
1762221614760,851.5,582
1762221614776,841.5,583
1762221614793,834.5,586
1762221614810,832.5,587
1762221614827,830.5,588
1762221614843,829.5,589
1762221614862,828.5,590
1762221614878,827.5,591
1762221614894,825.5,593
1762221614910,824.5,594
1762221614927,820.5,600
-1,-1,-1
1762221553523,774.5,104
1762221553544,774.5,104
1762221553589,771.5,104
1762221553605,766.5,104
1762221553622,761.5,104
1762221553639,757.5,104
1762221553656,752.5,104
1762221553673,746.5,105
1762221553689,743.5,105
1762221553706,742.5,105
1762221553724,741.5,105
1762221553741,741.5,105
1762221554191,741.5,106
1762221554198,741.5,107
1762221554210,741.5,109
1762221554226,740.5,111
1762221554242,739.5,114
1762221554258,737.5,117
1762221554276,737.5,119
1762221554292,736.5,120
1762221554310,736.5,121
1762221554329,735.5,121
1762221554343,735.5,123
1762221554360,735.5,124
1762221554377,734.5,124
1762221554393,734.5,125
1762221554502,734.5,126
1762221554510,734.5,127
1762221554526,734.5,128
1762221554543,733.5,129
1762221554572,732.5,130
1762221554580,731.5,130
1762221554596,731.5,131
1762221554686,731.5,130
1762221554694,731.5,128
1762221554711,730.5,125
1762221554727,729.5,124
1762221554744,729.5,122
1762221554762,729.5,120
1762221554779,729.5,119
1762221554998,728.5,119
1762221555014,725.5,124
1762221555031,723.5,133
1762221555046,720.5,139
1762221555062,719.5,144
1762221555079,719.5,149
1762221555096,718.5,151
1762221555112,718.5,154
1762221555129,716.5,158
1762221555146,716.5,161
1762221555164,716.5,165
1762221555180,716.5,169
1762221555196,715.5,172
1762221555213,715.5,174
1762221555230,715.5,177
1762221555247,714.5,180
1762221555263,714.5,182
1762221555281,713.5,187
1762221555297,712.5,191
1762221555314,712.5,195
1762221555332,711.5,198
1762221555348,711.5,202
1762221555365,711.5,208
1762221555381,711.5,213
1762221555398,711.5,217
1762221555414,711.5,222
1762221555431,711.5,227
1762221555448,711.5,231
1762221555465,711.5,233
1762221555482,711.5,236
1762221555499,711.5,237
1762221555516,711.5,241
1762221555533,711.5,242
1762221555549,711.5,243
1762221555565,711.5,246
1762221555582,711.5,247
1762221555599,711.5,249
1762221555616,711.5,251
1762221555632,711.5,252
1762221555649,711.5,254
1762221555666,711.5,255
1762221555683,711.5,258
1762221555701,711.5,261
1762221555716,710.5,263
1762221555733,710.5,265
1762221555750,710.5,267
1762221555767,710.5,269
1762221555784,710.5,271
1762221555800,710.5,274
1762221555816,710.5,278
1762221555834,710.5,281
1762221555851,710.5,282
1762221555867,710.5,284
1762221555884,710.5,285
1762221555900,710.5,286
1762221555924,710.5,287
1762221555934,710.5,288
1762221555951,710.5,289
1762221555972,711.5,290
1762221555988,711.5,291
1762221556001,711.5,292
1762221556018,712.5,293
1762221556036,712.5,296
1762221556053,715.5,298
1762221556068,716.5,300
1762221556085,717.5,301
1762221556174,718.5,301
1762221556189,719.5,301
1762221556206,719.5,303
1762221556220,721.5,303
1762221556237,722.5,303
1762221556253,723.5,303
1762221556270,724.5,304
1762221556286,725.5,304
1762221556438,724.5,303
1762221556456,719.5,297
1762221556473,716.5,291
1762221556488,713.5,285
1762221556504,711.5,280
1762221556521,709.5,274
1762221556537,708.5,270
1762221556554,708.5,266
1762221556572,708.5,264
1762221556588,706.5,260
1762221556604,706.5,258
1762221556622,705.5,255
1762221556638,704.5,253
1762221556655,704.5,250
1762221556672,702.5,247
1762221556688,702.5,245
1762221556705,702.5,244
1762221556722,702.5,242
1762221556738,701.5,241
1762221556756,701.5,238
1762221556772,701.5,237
1762221556789,701.5,235
1762221556853,701.5,234
1762221556873,701.5,233
1762221556892,701.5,232
1762221556907,701.5,231
1762221556923,701.5,230
1762221556940,701.5,229
1762221556956,701.5,225
1762221556973,701.5,221
1762221556990,701.5,217
1762221557007,701.5,215
1762221557024,702.5,213
1762221557040,703.5,212
1762221557068,703.5,211
1762221557076,704.5,211
1762221557092,704.5,210
1762221557108,704.5,208
1762221557124,705.5,206
1762221557141,705.5,205
1762221557192,706.5,204
1762221557209,706.5,201
1762221557226,707.5,199
1762221557242,707.5,197
1762221557326,708.5,197
1762221557343,709.5,197
1762221557359,712.5,197
1762221557376,715.5,200
1762221557392,717.5,203
1762221557409,717.5,205
1762221557426,717.5,206
1762221557442,717.5,207
1762221557460,717.5,213
1762221557477,717.5,220
1762221557493,717.5,223
1762221557510,717.5,225
1762221557614,717.5,224
1762221557630,716.5,221
1762221557645,716.5,216
1762221557661,716.5,210
1762221557678,716.5,205
1762221557694,716.5,200
1762221557711,716.5,194
1762221557728,716.5,188
1762221557744,716.5,183
1762221557762,718.5,179
1762221557779,719.5,174
1762221557797,721.5,169
1762221557812,723.5,164
1762221557828,724.5,161
1762221557845,725.5,160
1762221557862,726.5,157
1762221557878,728.5,153
1762221557895,732.5,149
1762221557912,737.5,142
1762221557929,740.5,137
1762221557945,742.5,133
1762221557962,743.5,131
1762221557980,745.5,129
1762221557996,746.5,125
1762221558013,747.5,122
1762221558029,749.5,120
1762221558046,749.5,118
1762221558063,749.5,117
1762221558079,750.5,115
1762221558096,750.5,114
1762221558113,752.5,111
1762221558130,753.5,109
1762221558147,754.5,108
1762221558164,756.5,107
1762221558180,757.5,107
1762221558197,757.5,106
1762221558262,758.5,106
1762221558277,759.5,106
1762221558295,765.5,106
1762221558306,768.5,106
1762221558317,773.5,106
1762221558333,778.5,106
1762221558365,781.5,106
1762221558382,782.5,106
1762221558398,785.5,106
1762221558415,787.5,106
1762221558432,790.5,106
1762221558448,792.5,106
1762221558465,794.5,106
1762221558482,795.5,106
1762221558500,796.5,106
1762221558516,804.5,106
1762221558532,810.5,106
1762221558549,814.5,106
1762221558566,818.5,106
1762221558582,819.5,106
1762221558599,821.5,106
1762221558616,822.5,108
1762221558633,823.5,108
1762221558649,825.5,108
1762221558666,826.5,109
1762221558684,829.5,111
1762221558701,831.5,112
1762221558717,833.5,112
1762221558733,834.5,114
1762221558750,838.5,117
1762221558767,841.5,119
1762221558784,844.5,121
1762221558800,847.5,124
1762221558817,849.5,127
1762221558834,849.5,130
1762221558851,851.5,132
1762221558868,852.5,135
1762221558884,852.5,137
1762221558901,852.5,138
1762221558918,853.5,140
1762221558934,853.5,142
1762221558951,853.5,145
1762221558968,855.5,149
1762221558985,855.5,152
1762221559002,855.5,156
1762221559019,855.5,159
1762221559036,855.5,161
1762221559052,855.5,164
1762221559069,855.5,166
1762221559086,855.5,171
1762221559102,856.5,176
1762221559119,856.5,181
1762221559136,856.5,185
1762221559152,856.5,187
1762221559169,858.5,190
1762221559186,858.5,193
1762221559204,858.5,195
1762221559220,859.5,199
1762221559236,859.5,202
1762221559253,859.5,204
1762221559270,860.5,206
1762221559286,860.5,211
1762221559303,861.5,214
1762221559320,862.5,218
1762221559337,862.5,221
1762221559354,862.5,223
1762221559371,862.5,224
1762221559388,862.5,227
1762221559404,862.5,229
1762221559421,862.5,231
1762221559438,862.5,232
1762221559455,862.5,234
1762221559471,862.5,237
1762221559489,862.5,240
1762221559505,862.5,244
1762221559521,862.5,246
1762221559538,862.5,249
1762221559556,862.5,251
1762221559572,862.5,256
1762221559588,862.5,260
1762221559605,862.5,263
1762221559622,862.5,266
1762221559639,862.5,267
1762221559655,862.5,270
1762221559672,862.5,273
1762221559689,862.5,278
1762221559706,862.5,279
1762221559723,862.5,281
1762221559740,862.5,284
1762221559757,862.5,285
1762221559780,862.5,287
1762221559796,862.5,288
1762221559878,862.5,289
1762221559892,862.5,290
1762221559908,862.5,291
1762221559925,861.5,293
1762221559957,860.5,293
1762221559974,860.5,294
1762221559991,859.5,294
1762221560008,858.5,294
1762221560028,857.5,294
1762221560075,856.5,294
1762221560101,856.5,295
1762221560112,855.5,295
1762221560142,853.5,295
1762221560238,852.5,295
1762221560253,852.5,296
1762221560270,851.5,296
1762221560285,850.5,298
1762221560311,849.5,298
1762221560438,849.5,299
1762221560606,849.5,300
1762221560629,849.5,301
1762221560646,849.5,302
1762221560709,848.5,302
1762221560730,847.5,302
1762221560748,846.5,302
1762221560764,845.5,300
1762221560779,845.5,298
1762221560797,845.5,291
1762221560812,845.5,287
1762221560829,845.5,283
1762221560846,845.5,278
1762221560862,845.5,273
1762221560879,846.5,270
1762221560896,846.5,268
1762221560916,846.5,267
1762221560989,847.5,266
1762221561015,847.5,264
1762221561032,848.5,263
1762221561048,848.5,260
1762221561065,848.5,258
1762221561081,848.5,255
1762221561098,848.5,253
1762221561115,848.5,250
1762221561132,848.5,246
1762221561149,848.5,244
1762221561165,848.5,240
1762221561182,848.5,236
1762221561199,848.5,233
1762221561216,848.5,232
1762221561232,848.5,230
1762221561249,848.5,228
1762221561266,848.5,226
1762221561283,848.5,223
1762221561300,848.5,219
1762221561316,848.5,215
1762221561333,848.5,212
1762221561350,848.5,211
1762221561366,848.5,208
1762221561383,848.5,203
1762221561427,848.5,193
1762221561434,848.5,191
1762221561449,848.5,189
1762221561468,848.5,186
1762221561484,848.5,181
1762221561501,848.5,175
1762221561518,848.5,171
1762221561534,848.5,168
1762221561551,848.5,165
1762221561588,847.5,164
1762221561600,846.5,163
1762221561617,846.5,162
1762221561634,846.5,160
1762221561650,846.5,158
1762221561668,845.5,157
1762221561684,845.5,156
1762221561734,845.5,155
1762221561751,843.5,151
1762221561767,842.5,148
1762221561786,841.5,145
1762221561801,840.5,143
1762221561818,840.5,142
1762221561834,839.5,140
1762221561852,837.5,138
1762221561868,836.5,136
1762221561885,833.5,132
1762221561902,828.5,129
1762221561918,824.5,126
1762221561935,819.5,125
1762221561953,812.5,124
1762221561969,800.5,123
1762221561986,788.5,122
1762221562003,772.5,122
1762221562020,751.5,122
1762221562037,740.5,122
1762221562053,734.5,123
1762221562069,732.5,125
1762221562086,730.5,127
1762221562103,728.5,130
1762221562120,727.5,132
1762221562136,727.5,133
1762221562205,727.5,134
1762221562224,727.5,135
1762221562239,727.5,136
1762221562255,727.5,137
1762221562276,727.5,138
1762221562292,728.5,140
1762221562305,729.5,141
1762221562322,731.5,145
1762221562339,731.5,148
1762221562356,731.5,154
1762221562373,731.5,159
1762221562389,731.5,161
1762221562406,731.5,164
1762221562422,731.5,168
1762221562439,731.5,173
1762221562457,732.5,180
1762221562473,733.5,186
1762221562490,734.5,190
1762221562506,734.5,192
1762221562532,734.5,193
1762221562541,734.5,194
1762221562557,735.5,195
1762221562573,736.5,198
1762221562591,737.5,202
1762221562607,738.5,204
1762221562624,738.5,209
1762221562640,739.5,211
1762221562657,740.5,216
1762221562674,741.5,221
1762221562691,743.5,226
1762221562707,743.5,229
1762221562812,744.5,226
1762221562823,744.5,222
1762221562840,744.5,214
1762221562857,744.5,203
1762221562875,744.5,194
1762221562892,744.5,187
1762221562909,744.5,178
1762221562924,744.5,174
1762221562941,744.5,171
1762221562958,744.5,168
1762221562974,744.5,166
1762221563086,744.5,170
1762221563104,744.5,181
1762221563128,744.5,196
1762221563139,744.5,212
1762221563151,744.5,231
1762221563162,744.5,239
1762221563177,744.5,250
1762221563210,744.5,255
1762221563261,744.5,256
1762221563278,744.5,258
1762221563295,744.5,260
1762221563310,744.5,261
1762221563326,744.5,264
1762221563343,744.5,266
1762221563360,744.5,272
1762221563377,744.5,278
1762221563394,744.5,283
1762221563410,744.5,287
1762221563427,744.5,289
1762221563574,744.5,286
1762221563592,744.5,282
1762221563613,743.5,278
1762221563629,742.5,278
1762221563750,742.5,282
1762221563780,743.5,294
1762221563796,743.5,297
1762221563813,744.5,299
1762221563829,745.5,302
1762221563846,746.5,306
1762221563863,746.5,309
1762221563880,747.5,313
1762221563896,748.5,314
1762221563913,748.5,317
1762221563930,748.5,320
1762221563948,749.5,322
1762221563964,750.5,327
1762221563980,750.5,333
1762221563997,752.5,339
1762221564014,753.5,344
1762221564031,754.5,350
1762221564047,754.5,356
1762221564064,754.5,361
1762221564081,754.5,365
1762221564098,754.5,368
1762221564114,754.5,369
1762221564131,754.5,371
1762221564148,754.5,374
1762221564165,754.5,376
1762221564181,754.5,381
1762221564198,754.5,383
1762221564215,754.5,386
1762221564232,754.5,388
1762221564250,754.5,389
1762221564266,756.5,392
1762221564282,756.5,394
1762221564300,756.5,396
1762221564316,756.5,400
1762221564332,757.5,402
1762221564349,757.5,405
1762221564366,757.5,407
1762221564383,757.5,408
1762221564399,757.5,411
1762221564416,757.5,414
1762221564433,757.5,416
1762221564450,757.5,419
1762221564466,757.5,421
1762221564484,757.5,424
1762221564500,757.5,425
1762221564517,757.5,427
1762221564533,757.5,428
1762221564550,757.5,429
1762221564567,757.5,430
1762221564584,757.5,432
1762221564600,758.5,435
1762221564617,758.5,439
1762221564634,758.5,441
1762221564652,760.5,444
1762221564668,761.5,448
1762221564684,761.5,451
1762221564701,763.5,454
1762221564718,763.5,458
1762221564735,763.5,459
1762221564753,763.5,461
1762221564768,763.5,463
1762221564785,764.5,464
1762221564802,764.5,466
1762221564818,764.5,468
1762221564836,764.5,471
1762221564852,764.5,475
1762221564869,764.5,478
1762221564885,764.5,480
1762221564902,764.5,483
1762221564919,764.5,485
1762221564936,764.5,486
1762221564953,764.5,489
1762221564969,764.5,493
1762221564986,764.5,496
1762221565004,764.5,500
1762221565020,764.5,506
1762221565036,764.5,508
1762221565053,764.5,511
1762221565070,764.5,513
1762221565092,764.5,514
1762221565108,764.5,515
1762221565124,764.5,516
1762221565140,764.5,518
1762221565164,764.5,519
1762221565470,764.5,520
1762221565491,764.5,521
1762221565726,765.5,521
1762221565812,766.5,521
1762221565825,767.5,521
1762221565842,768.5,520
1762221565858,770.5,520
1762221565876,771.5,518
1762221565891,772.5,518
1762221565908,773.5,518
1762221565925,774.5,518
1762221565942,774.5,517
1762221565964,774.5,516
1762221565976,774.5,515
1762221565992,775.5,514
1762221566009,775.5,513
1762221566036,775.5,512
1762221566068,776.5,510
1762221566092,776.5,508
1762221566109,776.5,506
1762221566126,776.5,505
1762221566286,776.5,506
1762221566305,776.5,507
1762221566320,776.5,508
1762221566332,776.5,509
1762221566362,776.5,510
1762221566379,775.5,511
1762221566404,774.5,512
1762221566415,773.5,512
1762221566452,772.5,512
1762221566462,772.5,513
1762221566480,771.5,513
1762221566496,769.5,514
1762221566513,766.5,515
1762221566529,765.5,516
1762221566547,762.5,517
1762221566564,760.5,518
1762221566580,759.5,519
1762221566789,760.5,519
1762221566801,761.5,519
1762221566836,762.5,519
1762221566898,763.5,519
1762221566916,766.5,515
1762221566932,767.5,511
1762221566949,768.5,509
1762221566965,768.5,505
1762221566982,768.5,502
1762221566999,768.5,499
1762221567016,768.5,497
1762221567033,768.5,496
1762221567049,768.5,494
1762221567066,770.5,492
1762221567083,770.5,489
1762221567100,770.5,487
1762221567124,770.5,486
1762221567149,770.5,483
1762221567166,770.5,480
1762221567182,770.5,476
1762221567199,770.5,472
1762221567216,770.5,468
1762221567233,770.5,464
1762221567249,770.5,459
1762221567266,770.5,458
1762221567334,772.5,440
1762221567345,773.5,437
1762221567357,773.5,430
1762221567368,773.5,428
1762221567385,773.5,425
1762221567402,773.5,424
1762221567418,773.5,421
1762221567437,773.5,413
1762221567453,773.5,409
1762221567469,773.5,405
1762221567487,773.5,403
1762221567502,773.5,400
1762221567519,773.5,398
1762221567536,773.5,394
1762221567552,773.5,391
1762221567569,773.5,388
1762221567586,773.5,385
1762221567604,773.5,380
1762221567620,773.5,377
1762221567637,773.5,376
1762221567653,773.5,372
1762221567670,772.5,367
1762221567687,772.5,363
1762221567703,772.5,359
1762221567720,772.5,354
1762221567737,772.5,351
1762221567754,772.5,347
1762221567771,772.5,343
1762221567788,772.5,338
1762221567805,772.5,331
1762221567821,772.5,326
1762221567838,772.5,322
1762221567854,772.5,320
1762221567871,772.5,316
1762221567888,772.5,315
1762221567920,772.5,313
1762221567937,772.5,312
1762221567953,773.5,307
1762221567970,774.5,304
1762221568190,775.5,304
1762221568209,777.5,304
1762221568278,778.5,304
1762221568296,779.5,304
1762221568310,780.5,304
1762221568324,782.5,304
1762221568341,783.5,305
1762221568380,784.5,305
1762221568406,785.5,306
1762221568424,786.5,310
1762221568439,789.5,314
1762221568456,791.5,319
1762221568474,791.5,322
1762221568490,793.5,325
1762221568506,793.5,327
1762221568524,794.5,332
1762221568540,796.5,338
1762221568557,797.5,343
1762221568573,797.5,346
1762221568590,797.5,349
1762221568607,797.5,351
1762221568624,797.5,354
1762221568640,797.5,356
1762221568657,797.5,360
1762221568674,797.5,364
1762221568692,797.5,368
1762221568708,797.5,372
1762221568739,797.5,373
1762221568752,797.5,374
1762221568767,797.5,376
1762221568782,797.5,379
1762221568794,797.5,380
1762221568810,797.5,381
1762221568828,797.5,383
1762221568844,797.5,384
1762221568860,797.5,385
1762221568877,797.5,386
1762221568894,797.5,387
1762221568998,797.5,384
1762221569017,796.5,372
1762221569036,795.5,356
1762221569051,794.5,345
1762221569064,794.5,337
1762221569078,794.5,332
1762221569096,794.5,328
1762221569112,794.5,326
1762221569254,794.5,328
1762221569280,794.5,336
1762221569292,794.5,342
1762221569306,794.5,345
1762221569319,794.5,353
1762221569333,794.5,364
1762221569347,794.5,371
1762221569364,794.5,383
1762221569422,794.5,392
1762221569437,794.5,393
1762221569463,794.5,396
1762221569480,794.5,398
1762221569497,794.5,400
1762221569513,794.5,401
1762221569530,794.5,403
1762221569547,794.5,404
1762221569564,794.5,407
1762221569581,794.5,408
1762221569597,793.5,410
1762221569614,793.5,413
1762221569631,793.5,416
1762221569648,793.5,419
1762221569664,793.5,422
1762221569681,793.5,424
1762221569698,793.5,427
1762221569715,793.5,430
1762221569733,793.5,437
1762221569749,793.5,443
1762221569766,793.5,448
1762221569782,793.5,452
1762221569799,793.5,456
1762221569815,793.5,458
1762221569832,793.5,459
1762221569849,793.5,461
1762221569866,793.5,463
1762221569882,793.5,466
1762221569900,793.5,471
1762221569916,793.5,473
1762221569933,793.5,474
1762221569965,793.5,475
1762221569982,793.5,476
1762221569999,793.5,478
1762221570020,793.5,479
1762221570036,793.5,480
1762221570051,793.5,481
1762221570067,793.5,482
1762221570214,793.5,483
1762221570239,793.5,485
1762221570301,793.5,486
1762221570318,793.5,487
1762221570340,793.5,488
1762221570352,793.5,489
1762221570369,793.5,490
1762221570386,793.5,492
1762221570404,793.5,494
1762221570419,793.5,496
1762221570436,793.5,498
1762221570453,793.5,499
1762221570485,793.5,501
1762221570501,793.5,502
1762221570552,793.5,503
1762221570772,793.5,504
1762221570796,793.5,505
1762221570808,793.5,506
1762221570837,793.5,508
1762221570860,793.5,509
1762221570887,793.5,510
1762221570904,792.5,511
1762221570924,792.5,512
1762221570988,792.5,513
1762221571004,792.5,515
1762221571118,792.5,516
1762221571144,792.5,517
1762221571163,792.5,518
1762221571502,793.5,519
1762221571606,794.5,519
1762221571694,795.5,519
1762221571717,796.5,520
1762221571742,797.5,520
1762221571821,798.5,520
1762221571849,799.5,520
1762221571869,800.5,520
1762221571893,801.5,520
1762221572062,802.5,520
1762221572089,804.5,519
1762221572109,804.5,514
1762221572125,805.5,510
1762221572138,805.5,507
1762221572152,806.5,505
1762221572165,806.5,503
1762221572179,806.5,502
1762221572197,806.5,499
1762221572213,806.5,497
1762221572230,806.5,492
1762221572246,806.5,490
1762221572263,808.5,486
1762221572280,808.5,484
1762221572297,808.5,483
1762221572314,808.5,482
1762221572330,808.5,481
1762221572347,808.5,479
1762221572364,808.5,476
1762221572380,808.5,475
1762221572397,808.5,473
1762221572464,808.5,471
1762221572498,809.5,463
1762221572513,809.5,458
1762221572530,809.5,455
1762221572546,809.5,453
1762221572564,809.5,451
1762221572580,809.5,450
1762221572597,809.5,447
1762221572613,809.5,444
1762221572630,809.5,439
1762221572647,811.5,436
1762221572664,811.5,433
1762221572680,811.5,430
1762221572697,811.5,426
1762221572714,811.5,423
1762221572732,811.5,419
1762221572750,811.5,411
1762221572768,811.5,407
1762221572786,811.5,401
1762221572801,812.5,398
1762221572816,812.5,395
1762221572833,812.5,392
1762221572850,812.5,390
1762221572869,812.5,383
1762221572884,812.5,380
1762221572901,812.5,375
1762221572917,812.5,371
1762221572934,812.5,367
1762221572950,812.5,365
1762221572969,812.5,362
1762221572984,812.5,360
1762221573001,812.5,357
1762221573018,812.5,354
1762221573035,812.5,352
1762221573052,812.5,347
1762221573069,812.5,344
1762221573085,812.5,342
1762221573101,813.5,337
1762221573118,815.5,332
1762221573136,816.5,326
1762221573152,817.5,323
1762221573168,819.5,319
1762221573185,820.5,316
1762221573202,822.5,311
1762221573220,824.5,306
1762221573236,825.5,304
1762221573253,826.5,299
1762221573269,828.5,296
1762221573286,829.5,291
1762221573303,829.5,288
1762221573319,831.5,285
1762221573336,831.5,283
1762221573353,831.5,281
1762221573370,831.5,279
1762221573387,831.5,278
1762221573403,832.5,275
1762221573421,832.5,273
1762221573437,832.5,272
1762221573453,832.5,268
1762221573470,833.5,263
1762221573487,833.5,259
1762221573504,833.5,255
1762221573520,833.5,251
1762221573537,833.5,248
1762221573554,833.5,245
1762221573572,833.5,240
1762221573589,833.5,231
1762221573606,833.5,225
1762221573623,833.5,219
1762221573638,833.5,214
1762221573654,833.5,209
1762221573671,833.5,205
1762221573689,833.5,199
1762221573706,833.5,193
1762221573839,833.5,172
1762221573857,833.5,169
1762221573888,832.5,165
1762221573906,832.5,164
1762221573923,832.5,163
1762221573940,832.5,162
1762221573957,830.5,158
1762221573975,829.5,153
1762221573990,828.5,150
1762221574007,827.5,146
1762221574024,825.5,142
1762221574039,825.5,139
1762221574057,824.5,136
1762221574074,823.5,134
1762221574091,822.5,131
1762221574108,821.5,126
1762221574140,821.5,124
1762221574156,821.5,123
1762221574172,820.5,122
1762221574189,820.5,120
1762221574206,818.5,119
1762221574223,816.5,116
1762221574241,815.5,115
1762221574257,812.5,114
1762221574274,807.5,113
1762221574293,786.5,113
1762221574309,770.5,113
1762221574326,757.5,113
1762221574343,750.5,113
1762221574358,749.5,113
1762221574375,748.5,113
1762221574477,747.5,113
1762221574502,747.5,114
1762221574539,747.5,115
1762221574558,747.5,116
1762221574576,747.5,118
1762221574593,747.5,119
1762221574609,747.5,124
1762221574626,747.5,130
1762221574645,747.5,141
1762221574661,747.5,146
1762221574676,747.5,151
1762221574692,747.5,154
1762221574709,747.5,158
1762221574726,747.5,163
1762221574742,749.5,167
1762221574761,749.5,172
1762221574781,749.5,180
1762221574797,749.5,184
1762221574812,749.5,185
1762221574828,749.5,190
1762221574845,749.5,192
1762221574862,749.5,193
1762221574965,749.5,192
1762221574994,749.5,174
1762221575014,750.5,148
1762221575030,751.5,135
1762221575046,751.5,123
1762221575063,751.5,117
1762221575079,751.5,115
1762221575096,751.5,113
1762221575205,752.5,115
1762221575230,752.5,134
1762221575252,752.5,152
1762221575269,752.5,182
1762221575285,752.5,199
1762221575302,752.5,214
1762221575319,752.5,228
1762221575336,752.5,239
1762221575353,752.5,249
1762221575370,752.5,259
1762221575388,752.5,266
1762221575405,752.5,272
1762221575421,752.5,273
1762221575437,752.5,275
1762221575533,752.5,273
1762221575557,752.5,252
1762221575573,752.5,232
1762221575589,752.5,213
1762221575605,752.5,198
1762221575621,752.5,185
1762221575636,753.5,171
1762221575653,755.5,160
1762221575670,756.5,150
1762221575686,756.5,144
1762221575701,756.5,142
1762221575716,756.5,141
1762221575854,757.5,141
1762221575883,758.5,149
1762221575905,759.5,184
1762221575926,759.5,208
1762221575943,759.5,237
1762221575961,759.5,255
1762221575978,759.5,268
1762221576001,759.5,283
1762221576017,759.5,289
1762221576034,759.5,295
1762221576052,759.5,299
1762221576068,759.5,302
1762221576085,759.5,303
1762221576157,759.5,301
1762221576186,759.5,275
1762221576204,759.5,253
1762221576222,760.5,222
1762221576240,762.5,200
1762221576257,764.5,182
1762221576277,765.5,169
1762221576294,767.5,151
1762221576311,767.5,145
1762221576328,767.5,142
1762221576345,767.5,140
1762221576361,767.5,135
1762221576378,767.5,130
1762221576396,767.5,124
1762221576414,767.5,116
1762221576431,767.5,113
1762221576493,767.5,114
1762221576519,768.5,130
1762221576541,769.5,153
1762221576559,771.5,166
1762221576577,771.5,184
1762221576595,771.5,202
1762221576613,771.5,217
1762221576631,771.5,233
1762221576647,771.5,239
1762221576664,771.5,243
1762221576681,771.5,245
1762221577331,776.5,146
1762221577361,777.5,153
1762221577383,779.5,190
1762221577401,779.5,217
1762221577420,779.5,239
1762221577438,779.5,259
1762221577455,779.5,269
1762221577473,779.5,276
1762221577492,779.5,284
1762221577509,779.5,289
1762221577524,779.5,294
1762221577540,779.5,295
1762221577694,779.5,294
1762221577720,779.5,273
1762221577738,779.5,254
1762221577762,779.5,230
1762221577785,779.5,210
1762221577805,779.5,196
1762221577822,779.5,189
1762221577839,779.5,183
1762221577855,779.5,178
1762221577871,779.5,174
1762221577887,779.5,172
1762221577903,779.5,170
1762221577920,779.5,167
1762221577937,779.5,166
1762221577954,779.5,163
1762221577972,780.5,160
1762221577990,780.5,155
1762221578007,780.5,153
1762221578025,780.5,151
1762221578043,780.5,148
1762221578065,780.5,142
1762221578082,780.5,140
1762221578099,780.5,139
1762221578131,780.5,138
1762221578162,780.5,136
1762221578180,780.5,134
1762221578198,780.5,133
1762221578215,780.5,132
1762221578398,781.5,132
1762221578429,784.5,128
1762221578453,784.5,126
1762221578515,785.5,126
1762221578532,787.5,126
1762221578550,789.5,126
1762221578567,791.5,125
1762221578583,793.5,125
1762221578600,795.5,125
1762221578616,796.5,125
1762221578633,797.5,125
1762221578649,798.5,125
1762221578668,800.5,125
1762221578684,801.5,125
1762221578765,802.5,125
1762221578791,807.5,129
1762221578811,810.5,133
1762221578828,814.5,138
1762221578846,815.5,142
1762221578863,817.5,146
1762221578881,818.5,149
1762221578901,819.5,152
1762221578919,819.5,154
1762221578950,819.5,155
1762221578968,819.5,157
1762221578986,820.5,158
1762221579004,820.5,160
1762221579021,820.5,163
1762221579038,820.5,165
1762221579054,821.5,166
1762221579084,821.5,169
1762221579101,821.5,173
1762221579119,821.5,176
1762221579137,821.5,180
1762221579153,821.5,186
1762221579170,821.5,192
1762221579190,821.5,199
1762221579207,821.5,204
1762221579225,821.5,210
1762221579243,821.5,216
1762221579262,821.5,229
1762221579280,821.5,237
1762221579296,821.5,243
1762221579312,821.5,248
1762221579330,821.5,252
1762221579348,821.5,256
1762221579366,821.5,262
1762221579383,821.5,266
1762221579400,821.5,270
1762221579417,821.5,274
1762221579435,821.5,275
1762221579455,821.5,277
1762221579472,821.5,280
1762221579493,821.5,284
1762221579511,821.5,286
1762221579531,821.5,289
1762221579550,820.5,294
1762221579568,819.5,298
1762221579588,817.5,302
1762221579606,816.5,307
1762221579623,815.5,310
1762221579641,814.5,311
1762221579660,811.5,315
1762221579679,810.5,316
1762221579697,809.5,319
1762221579716,807.5,325
1762221579735,805.5,329
1762221579757,803.5,333
1762221579780,802.5,337
1762221579798,802.5,338
1762221579816,802.5,339
1762221579834,802.5,341
1762221579852,802.5,342
1762221579875,802.5,344
1762221579894,802.5,346
1762221579913,803.5,347
1762221579932,803.5,349
1762221579951,804.5,351
1762221579969,804.5,352
1762221579988,804.5,353
1762221580007,804.5,357
1762221580027,804.5,360
1762221580045,804.5,362
1762221580063,804.5,363
1762221580090,804.5,367
1762221580108,804.5,373
1762221580126,804.5,377
1762221580145,804.5,380
1762221580163,804.5,382
1762221580181,804.5,384
1762221580199,804.5,387
1762221580217,804.5,390
1762221580236,804.5,394
1762221580254,804.5,398
1762221580272,804.5,400
1762221580292,804.5,403
1762221580311,804.5,408
1762221580329,804.5,413
1762221580350,804.5,421
1762221580369,804.5,424
1762221580388,804.5,427
1762221580412,804.5,428
1762221580429,804.5,429
1762221580448,804.5,431
1762221580468,804.5,434
1762221580487,804.5,438
1762221580506,802.5,440
1762221580525,802.5,444
1762221580545,802.5,447
1762221580564,802.5,452
1762221580583,802.5,458
1762221580609,801.5,467
1762221580631,800.5,475
1762221580786,798.5,497
1762221580807,798.5,499
1762221580825,798.5,500
1762221580847,798.5,501
1762221581849,743.5,321
1762221581889,743.5,329
1762221581915,743.5,339
1762221581941,743.5,355
1762221581964,743.5,366
1762221581991,743.5,384
1762221582012,743.5,390
1762221582031,743.5,393
1762221582050,743.5,394
1762221582072,743.5,398
1762221582102,743.5,401
1762221582120,743.5,403
1762221582140,744.5,405
1762221582158,745.5,407
1762221582177,745.5,410
1762221582196,745.5,413
1762221582214,745.5,415
1762221582233,745.5,416
1762221582251,745.5,417
1762221582271,746.5,419
1762221582289,746.5,420
1762221582307,746.5,421
1762221582325,747.5,421
1762221582344,747.5,422
1762221582364,747.5,423
1762221582382,748.5,426
1762221582402,749.5,430
1762221582423,751.5,436
1762221582441,752.5,437
1762221582461,753.5,441
1762221582479,753.5,444
1762221582500,753.5,446
1762221582519,754.5,452
1762221582540,755.5,457
1762221582561,755.5,459
1762221582581,755.5,460
1762221582601,756.5,462
1762221582620,756.5,463
1762221582640,756.5,464
1762221582659,756.5,467
1762221582679,757.5,469
1762221582697,757.5,470
1762221582716,758.5,471
1762221582735,758.5,472
1762221582756,758.5,474
1762221582781,759.5,475
1762221582805,760.5,477
1762221582825,760.5,478
1762221582856,762.5,479
1762221582876,762.5,481
1762221582895,762.5,483
1762221582914,763.5,485
1762221582934,763.5,486
1762221582953,763.5,487
1762221583023,763.5,482
1762221583041,764.5,478
1762221583061,764.5,475
1762221583080,764.5,474
1762221583109,766.5,467
1762221583128,766.5,464
1762221583148,766.5,460
1762221583168,767.5,459
1762221583189,767.5,457
1762221583218,767.5,455
1762221583243,767.5,450
1762221583269,767.5,448
1762221583289,767.5,446
1762221583310,767.5,445
1762221583330,767.5,442
1762221583350,767.5,438
1762221583369,767.5,436
1762221583390,767.5,432
1762221583412,768.5,429
1762221583430,768.5,424
1762221583452,768.5,418
1762221583472,768.5,407
1762221583496,768.5,398
1762221583517,768.5,391
1762221583537,768.5,387
1762221583558,768.5,380
1762221583580,768.5,371
1762221583601,768.5,360
1762221583622,768.5,354
1762221583642,768.5,351
1762221583663,768.5,347
1762221583684,768.5,342
1762221583705,768.5,333
1762221583725,768.5,325
1762221583747,768.5,321
1762221583773,768.5,319
1762221583793,768.5,317
1762221583816,768.5,314
1762221583839,768.5,307
1762221583858,768.5,303
1762221583879,768.5,300
1762221583981,768.5,302
1762221584016,768.5,320
1762221584037,768.5,337
1762221584057,768.5,346
1762221584077,766.5,355
1762221584095,766.5,358
1762221584130,765.5,360
1762221584198,764.5,360
1762221584230,754.5,345
1762221584253,749.5,337
1762221584273,745.5,327
1762221584294,743.5,319
1762221584314,742.5,314
1762221584338,741.5,308
1762221584359,740.5,299
1762221584383,739.5,287
1762221584404,739.5,283
1762221584424,739.5,280
1762221584445,739.5,277
1762221584464,739.5,275
1762221584488,739.5,268
1762221584508,739.5,264
1762221584529,739.5,261
1762221584551,739.5,259
1762221584570,739.5,256
1762221584591,739.5,252
1762221584613,739.5,250
1762221584633,739.5,246
1762221584656,739.5,240
1762221584678,739.5,235
1762221584698,739.5,232
1762221584720,739.5,228
1762221584740,739.5,223
1762221584763,739.5,219
1762221584789,739.5,217
1762221585006,741.5,217
1762221585040,754.5,232
1762221585065,764.5,257
1762221585093,770.5,273
1762221585116,772.5,282
1762221585142,773.5,290
1762221585162,773.5,295
1762221585183,773.5,297
1762221585205,773.5,298
1762221585225,773.5,299
1762221585245,773.5,302
1762221585265,775.5,304
1762221585288,775.5,308
1762221585308,776.5,311
1762221585330,777.5,313
1762221585350,777.5,315
1762221585404,778.5,315
1762221585423,779.5,313
1762221585445,785.5,302
1762221585468,793.5,278
1762221585492,797.5,262
1762221585514,797.5,251
1762221585536,797.5,237
1762221585559,797.5,224
1762221585578,797.5,219
1762221585601,797.5,213
1762221585622,797.5,210
1762221585642,797.5,206
1762221585665,797.5,202
1762221585687,797.5,199
1762221585833,797.5,169
1762221585855,797.5,167
1762221586277,795.5,142
1762221586296,798.5,154
1762221586328,805.5,176
1762221586351,807.5,186
1762221586373,810.5,195
1762221586397,812.5,212
1762221586420,815.5,225
1762221586442,815.5,232
1762221586466,815.5,239
1762221586486,815.5,242
1762221586508,815.5,245
1762221586529,815.5,250
1762221586550,815.5,255
1762221586571,815.5,259
1762221586592,815.5,264
1762221586615,815.5,269
1762221586634,815.5,275
1762221586660,815.5,284
1762221586681,815.5,293
1762221586703,815.5,303
1762221586724,814.5,308
1762221586746,813.5,315
1762221586775,813.5,322
1762221586798,813.5,324
1762221586818,813.5,325
1762221586933,812.5,325
1762221586962,808.5,323
1762221586989,799.5,302
1762221587010,792.5,281
1762221587036,790.5,267
1762221587058,790.5,253
1762221587081,790.5,238
1762221587104,788.5,228
1762221587127,788.5,222
1762221587149,788.5,219
1762221587170,788.5,217
1762221587192,788.5,213
1762221587216,788.5,210
1762221587237,788.5,209
1762221587300,788.5,212
1762221587320,788.5,225
1762221587349,789.5,256
1762221587368,791.5,269
1762221587392,794.5,289
1762221587414,795.5,303
1762221587436,795.5,308
1762221587456,796.5,311
1762221587477,796.5,312
1762221587637,796.5,311
1762221588265,795.5,131
1762221588287,794.5,132
1762221588319,791.5,140
1762221588355,790.5,144
1762221588376,789.5,150
1762221588400,788.5,157
1762221588422,788.5,162
1762221588444,788.5,166
1762221588464,787.5,172
1762221588487,787.5,175
1762221588509,787.5,179
1762221588529,787.5,182
1762221588553,787.5,189
1762221588575,787.5,194
1762221588597,787.5,198
1762221588618,787.5,199
1762221588640,787.5,200
1762221588759,787.5,199
1762221588798,787.5,170
1762221588820,787.5,160
1762221588842,787.5,152
1762221588864,787.5,148
1762221588886,787.5,146
1762221588915,787.5,145
1762221588936,787.5,144
1762221588958,787.5,143
1762221588980,787.5,141
1762221589000,787.5,138
1762221589022,787.5,137
1762221589093,788.5,137
1762221589126,795.5,137
1762221589151,806.5,137
1762221589174,810.5,137
1762221589196,811.5,137
1762221589260,812.5,140
1762221589279,814.5,143
1762221589302,815.5,147
1762221589324,815.5,150
1762221589360,815.5,153
1762221589382,815.5,157
1762221589403,815.5,159
1762221589426,815.5,162
1762221589449,815.5,166
1762221589472,815.5,169
1762221589528,815.5,170
1762221589548,815.5,171
1762221589637,815.5,170
1762221589670,812.5,157
1762221589693,810.5,151
1762221589716,809.5,145
1762221589737,809.5,141
1762221589764,809.5,139
1762221589918,809.5,140
1762221589956,809.5,160
1762221589978,809.5,166
1762221590002,809.5,172
1762221590025,809.5,178
1762221590048,809.5,181
1762221590071,809.5,188
1762221590093,809.5,195
1762221590116,809.5,201
1762221590139,809.5,206
1762221590162,809.5,210
1762221590185,809.5,217
1762221590207,809.5,222
1762221590229,809.5,228
1762221590252,809.5,230
1762221590276,809.5,237
1762221590297,809.5,242
1762221590320,809.5,248
1762221590341,809.5,254
1762221590370,809.5,258
1762221590393,809.5,261
1762221590415,809.5,264
1762221590441,809.5,271
1762221590464,809.5,280
1762221590487,809.5,285
1762221590509,809.5,287
1762221590532,809.5,291
1762221590555,809.5,293
1762221590577,809.5,298
1762221590601,809.5,304
1762221590624,809.5,307
1762221590647,809.5,309
1762221590671,809.5,313
1762221590693,809.5,317
1762221590716,809.5,320
1762221590739,809.5,323
1762221590819,809.5,324
1762221590839,809.5,327
1762221590861,809.5,328
1762221590919,809.5,330
1762221590941,809.5,331
1762221591006,810.5,331
1762221591040,812.5,331
1762221591063,813.5,331
1762221591087,813.5,325
1762221591111,809.5,311
1762221591135,801.5,300
1762221591160,796.5,291
1762221591184,795.5,285
1762221591208,793.5,281
1762221591231,791.5,275
1762221591255,788.5,270
1762221591278,787.5,264
1762221591302,786.5,258
1762221591325,786.5,257
1762221591461,788.5,260
1762221591506,795.5,285
1762221591529,798.5,303
1762221591552,798.5,308
1762221591669,798.5,309
1762221591705,798.5,316
1762221591732,798.5,326
1762221591760,798.5,334
1762221591787,798.5,335
1762221591966,798.5,333
1762221592000,790.5,312
1762221592025,777.5,298
1762221592052,772.5,291
1762221592077,770.5,290
1762221592100,767.5,289
1762221592213,767.5,290
1762221592245,765.5,303
1762221592270,765.5,310
1762221592295,764.5,316
1762221592319,764.5,320
1762221592343,764.5,324
1762221592367,764.5,329
1762221592392,764.5,333
1762221592417,764.5,339
1762221592440,764.5,342
1762221592463,764.5,345
1762221592487,764.5,347
1762221592573,763.5,347
1762221592610,754.5,319
1762221592639,749.5,288
1762221592666,747.5,281
1762221592692,747.5,273
1762221592718,746.5,261
1762221592742,744.5,254
1762221592770,744.5,251
1762221592799,744.5,250
1762221592823,744.5,243
1762221592847,744.5,234
1762221592872,744.5,227
1762221592896,744.5,222
1762221592924,744.5,218
1762221592949,744.5,212
1762221592974,744.5,204
1762221592999,745.5,198
1762221593023,745.5,194
1762221593047,745.5,191
1762221593072,745.5,188
1762221593096,745.5,183
1762221593121,745.5,176
1762221593146,745.5,172
1762221593187,745.5,171
1762221593210,745.5,168
1762221593235,745.5,164
1762221593258,745.5,163
1762221593282,745.5,160
1762221593307,745.5,156
1762221593330,745.5,152
1762221593356,745.5,149
1762221593380,745.5,144
1762221593405,745.5,138
1762221593428,745.5,137
1762221593459,745.5,136
1762221593482,745.5,134
1762221593508,746.5,130
1762221593536,746.5,129
1762221593579,746.5,128
1762221593602,746.5,126
1762221593626,746.5,122
1762221593649,746.5,121
1762221593691,746.5,120
1762221593719,746.5,119
1762221593742,746.5,118
1762221593771,746.5,117
1762221593811,745.5,117
1762221593833,744.5,117
1762221593883,743.5,117
1762221593906,742.5,117
1762221593932,741.5,117
1762221593957,737.5,117
1762221593993,735.5,117
1762221594054,734.5,117
1762221594077,733.5,117
1762221594165,732.5,117
1762221594257,731.5,117
1762221594303,729.5,117
1762221594333,727.5,117
1762221594358,726.5,119
1762221594382,725.5,123
1762221594408,723.5,129
1762221594434,723.5,136
1762221594462,722.5,143
1762221594488,722.5,152
1762221594514,722.5,158
1762221594547,722.5,165
1762221594570,721.5,169
1762221594596,721.5,171
1762221594622,719.5,178
1762221594647,718.5,182
1762221594671,717.5,185
1762221594696,717.5,188
1762221594721,715.5,192
1762221594746,714.5,193
1762221594777,714.5,196
1762221594809,714.5,197
1762221594833,713.5,197
1762221594909,714.5,197
1762221594949,718.5,193
1762221594978,725.5,171
1762221595005,729.5,158
1762221595033,732.5,149
1762221595061,735.5,140
1762221595084,737.5,135
1762221595197,738.5,135
1762221595238,741.5,135
1762221595268,747.5,144
1762221595294,754.5,154
1762221595321,761.5,164
1762221595348,764.5,173
1762221595372,766.5,181
1762221595398,768.5,186
1762221595422,768.5,189
1762221595448,769.5,196
1762221595474,770.5,207
1762221595502,771.5,220
1762221595526,771.5,221
1762221595992,764.5,163
1762221596014,764.5,167
1762221596047,764.5,187
1762221596075,763.5,199
1762221596102,762.5,211
1762221596127,762.5,221
1762221596154,762.5,235
1762221596182,762.5,245
1762221596206,762.5,251
1762221596231,762.5,253
1762221596256,762.5,258
1762221596284,762.5,266
1762221596308,762.5,270
1762221596334,762.5,271
1762221596367,762.5,273
1762221596391,762.5,279
1762221596416,762.5,285
1762221596441,762.5,288
1762221596466,762.5,290
1762221596492,762.5,292
1762221596613,763.5,292
1762221596657,764.5,282
1762221596681,764.5,277
1762221596708,764.5,271
1762221596734,764.5,267
1762221596764,764.5,265
1762221596791,765.5,261
1762221596815,767.5,255
1762221596840,767.5,253
1762221597038,768.5,253
1762221597079,774.5,262
1762221597105,777.5,268
1762221597131,780.5,277
1762221597156,782.5,282
1762221597179,782.5,283
1762221597219,782.5,284
1762221597244,784.5,286
1762221597268,785.5,289
1762221597293,786.5,290
1762221597317,786.5,291
1762221597342,787.5,292
1762221597367,788.5,294
1762221597392,789.5,295
1762221597416,790.5,295
1762221597442,793.5,297
1762221597466,793.5,298
1762221597605,794.5,298
1762221597642,796.5,286
1762221597676,798.5,279
1762221597702,799.5,275
1762221597727,800.5,274
1762221597795,802.5,279
1762221597818,804.5,292
1762221597844,810.5,316
1762221597870,814.5,332
1762221597895,814.5,333
1762221598054,814.5,334
1762221598095,814.5,338
1762221598124,814.5,344
1762221598150,814.5,345
1762221598212,815.5,347
1762221598235,816.5,348
1762221598312,817.5,348
1762221598358,819.5,348
1762221598429,819.5,346
1762221598453,819.5,345
1762221598480,819.5,342
1762221598508,819.5,339
1762221598533,819.5,330
1762221598559,819.5,324
1762221598585,819.5,323
1762221598609,819.5,322
1762221598636,819.5,320
1762221598662,819.5,315
1762221598697,819.5,312
1762221598722,820.5,310
1762221598749,821.5,301
1762221598783,823.5,288
1762221598812,823.5,284
1762221598839,825.5,275
1762221598867,825.5,266
1762221598894,825.5,251
1762221598922,825.5,239
1762221598950,825.5,231
1762221598978,823.5,221
1762221599006,823.5,208
1762221599034,821.5,200
1762221599062,821.5,194
1762221599088,819.5,189
1762221599115,815.5,179
1762221599142,810.5,164
1762221599169,809.5,158
1762221599196,807.5,154
1762221599222,805.5,146
1762221599249,802.5,138
1762221599277,800.5,136
1762221599365,800.5,137
1762221599410,800.5,157
1762221599438,800.5,171
1762221599465,800.5,180
1762221599499,800.5,187
1762221599526,800.5,192
1762221599553,800.5,195
1762221599586,800.5,196
1762221599610,800.5,198
1762221599637,800.5,203
1762221599663,800.5,204
1762221599758,800.5,201
1762221599821,799.5,175
1762221599846,799.5,169
1762221599925,798.5,169
1762221599977,789.5,209
1762221600005,788.5,225
1762221600033,788.5,231
1762221600060,788.5,235
1762221600087,788.5,236
1762221600156,788.5,231
1762221600197,794.5,183
1762221600224,797.5,161
1762221600252,798.5,153
1762221600279,798.5,146
1762221600306,799.5,143
1762221600333,799.5,140
1762221600408,799.5,139
1762221600459,803.5,132
1762221600492,805.5,130
1762221600519,809.5,127
1762221600547,811.5,125
1762221600573,812.5,123
1762221600599,813.5,123
1762221600627,813.5,122
1762221600653,814.5,122
1762221600699,815.5,122
1762221600725,819.5,122
1762221600754,824.5,122
1762221600789,831.5,122
1762221600827,834.5,122
1762221600860,836.5,122
1762221600885,840.5,124
1762221600911,843.5,125
1762221600977,844.5,127
1762221601003,846.5,132
1762221601031,848.5,140
1762221601057,850.5,142
1762221601084,850.5,143
1762221601182,847.5,143
1762221601217,833.5,136
1762221601243,828.5,134
1762221601291,827.5,134
1762221601316,825.5,133
1762221601344,818.5,133
1762221601373,812.5,131
1762221601400,811.5,131
1762221601428,811.5,130
1762221601455,795.5,122
1762221601485,784.5,118
1762221601513,783.5,118
1762221601547,783.5,117
1762221601576,777.5,113
1762221601604,771.5,110
1762221601709,770.5,109
1762221601756,768.5,103
1762221601789,768.5,102
1762221601823,768.5,98
1762221601850,768.5,95
1762221601878,768.5,93
1762221601905,768.5,91
1762221601984,768.5,90
1762221602028,768.5,89
1762221602057,768.5,88
1762221602084,768.5,87
1762221602109,768.5,86
1762221602136,768.5,85
1762221602350,768.5,84
1762221602391,768.5,81
1762221602421,767.5,77
1762221602447,765.5,73
1762221602475,764.5,69
1762221602501,763.5,67
1762221602527,763.5,66
1762221602553,762.5,65
1762221602661,762.5,64
1762221602698,761.5,63
1762221602728,760.5,62
1762221602759,759.5,61
1762221602811,759.5,60
1762221602843,758.5,58
1762221602870,758.5,55
1762221602897,758.5,54
1762221602923,757.5,53
1762221602949,757.5,52
1762221602976,757.5,50
1762221603003,757.5,48
1762221603030,757.5,46
1762221603056,757.5,45
1762221603084,757.5,44
1762221603111,757.5,42
1762221603138,757.5,40
1762221603179,757.5,39
1762221603205,757.5,38
1762221603233,757.5,35
1762221603261,757.5,32
1762221603340,757.5,30
1762221603375,758.5,27
1762221603502,759.5,27
1762221603742,759.5,26
1762221603792,769.5,25
1762221603818,771.5,25
1762221603860,772.5,25
1762221603887,772.5,24
1762221603914,773.5,23
1762221603941,774.5,23
1762221604150,774.5,22
1762221604185,774.5,20
1762221604462,775.5,20
1762221604508,779.5,20
1762221604536,781.5,20
1762221604563,783.5,20
1762221604592,785.5,20
1762221604619,787.5,20
1762221604646,789.5,20
1762221604821,790.5,20
1762221604885,798.5,20
1762221604990,799.5,20
1762221605032,801.5,21
1762221605061,802.5,26
1762221605088,803.5,28
1762221605115,803.5,30
1762221605142,804.5,34
1762221605169,804.5,38
1762221605199,804.5,45
1762221605226,804.5,48
1762221605254,804.5,51
1762221605281,804.5,54
1762221605308,804.5,57
1762221605334,804.5,59
1762221605360,804.5,60
1762221605387,804.5,61
1762221605493,804.5,62
1762221605533,804.5,66
1762221605561,804.5,68
1762221605590,802.5,71
1762221605616,801.5,73
1762221605643,801.5,75
1762221605670,800.5,77
1762221605697,799.5,80
1762221605725,799.5,83
1762221605755,799.5,85
1762221605787,799.5,87
1762221605815,799.5,89
1762221605844,799.5,91
1762221605879,803.5,96
1762221605908,806.5,100
1762221605937,807.5,103
1762221605965,807.5,104
1762221606230,805.5,104
1762221606281,790.5,102
1762221606313,782.5,99
1762221606343,779.5,97
1762221606371,777.5,97
1762221606399,777.5,96
1762221606427,777.5,93
1762221606460,777.5,86
1762221606489,777.5,83
1762221606521,777.5,76
1762221606553,777.5,68
1762221606585,777.5,62
1762221606614,777.5,58
1762221606642,777.5,55
1762221606671,777.5,50
1762221606699,777.5,48
1762221606728,777.5,47
1762221606761,776.5,43
1762221606792,776.5,39
1762221606821,775.5,38
1762221606848,774.5,36
1762221606882,772.5,34
1762221606910,771.5,33
1762221607110,771.5,35
1762221607154,771.5,45
1762221607185,771.5,54
1762221607214,771.5,59
1762221607242,771.5,63
1762221607271,771.5,68
1762221607300,771.5,73
1762221607328,771.5,77
1762221607356,772.5,83
1762221607383,772.5,85
1762221607469,772.5,84
1762221607514,770.5,64
1762221607545,769.5,56
1762221607575,767.5,51
1762221607605,767.5,50
1762221607633,767.5,48
1762221607663,767.5,40
1762221607693,767.5,37
1762221607771,767.5,36
1762221607799,772.5,34
1762221607828,778.5,33
1762221607857,781.5,32
1762221608006,782.5,32
1762221608053,785.5,30
1762221608190,785.5,29
1762221608234,786.5,29
1762221608350,786.5,32
1762221608395,786.5,56
1762221608430,786.5,64
1762221608459,786.5,69
1762221608488,786.5,74
1762221608517,786.5,79
1762221608547,786.5,85
1762221608576,786.5,87
1762221608605,786.5,88
1762221608677,786.5,86
1762221608717,789.5,60
1762221608752,791.5,45
1762221608796,791.5,35
1762221608831,791.5,32
1762221608863,791.5,31
1762221609004,791.5,30
1762221609029,791.5,28
1762221609149,791.5,29
1762221609191,791.5,53
1762221609220,791.5,68
1762221609249,791.5,75
1762221609277,791.5,83
1762221609305,791.5,87
1762221609337,791.5,95
1762221609365,791.5,97
1762221609443,791.5,99
1762221609469,793.5,104
1762221609496,793.5,105
1762221609572,794.5,105
1762221609620,796.5,105
1762221609650,797.5,106
1762221609683,797.5,107
1762221609711,797.5,109
1762221609755,797.5,110
1762221609783,795.5,112
1762221609813,788.5,115
1762221609841,780.5,123
1762221609873,774.5,135
1762221609913,770.5,161
1762221609942,769.5,189
1762221609972,769.5,211
1762221610004,775.5,238
1762221610191,785.5,274
1762221610220,786.5,275
1762221611774,102.5,17
1762221611892,103.5,17
1762221611966,105.5,17
1762221612007,106.5,17
1762221612093,107.5,17
-1,-1,-1
1762221553523,,
1762221577331,,
1762221581849,,
1762221586277,,
1762221588265,,
1762221595992,,
1762221611774,,
-1,-1,-1
1762221576804,,
1762221580932,,
1762221585884,,
1762221587646,,
1762221595628,,
1762221610420,,
1762221612460,,
