1762228211843,41,544
1762228211860,52,443
1762228211876,65,387
1762228211893,80,338
1762228211910,104,272
1762228212128,104,271
1762228212143,104,267
1762228212160,104,261
1762228212177,104,256
1762228212194,107,239
1762228212210,108,232
1762228212227,110,227
1762228212244,111,225
1762228212260,111,224
1762228212277,111,224
1762228212294,111,223
1762228212310,111,223
1762228212805,111,223
1762228212831,109,223
1762228212864,108,223
1762228212881,107,223
1762228212898,106,223
1762228212914,106,223
1762228212931,105,223
1762228212948,105,225
1762228212964,105,225
1762228212981,105,225
1762228212998,105,226
1762228213015,106,226
1762228213031,107,226
1762228213048,113,226
1762228213065,116,224
1762228213082,119,223
1762228213098,123,219
1762228213115,124,217
1762228213131,125,215
1762228213148,126,213
1762228213165,126,212
1762228213181,126,212
1762228213198,122,211
1762228213215,115,212
1762228213231,112,213
1762228213248,109,216
1762228213265,103,222
1762228213281,101,225
1762228213297,100,228
1762228213315,99,230
1762228213331,99,231
1762228213347,99,231
1762228213364,101,232
1762228213382,102,232
1762228213398,102,232
1762228213415,104,232
1762228213433,104,232
1762228213451,104,232
1762228213465,104,231
1762228213481,104,230
1762228213498,104,230
1762228213515,103,230
1762228213531,102,230
1762228213547,102,231
1762228213565,101,231
1762228213581,100,233
1762228213598,100,234
1762228213615,100,234
1762228213632,100,235
1762228213648,101,235
1762228213665,102,235
1762228213681,104,234
1762228213698,105,232
1762228213714,105,232
1762228213731,105,231
1762228213748,105,229
1762228213764,104,228
1762228213781,103,228
1762228213808,102,226
1762228213814,101,226
1762228213831,98,225
1762228213848,96,224
1762228213864,96,224
1762228213881,95,223
1762228213898,94,223
1762228213914,94,223
1762228213931,94,223
1762228213948,94,223
1762228213964,93,222
1762228213981,93,222
1762228213998,93,221
1762228214015,93,220
1762228214031,92,219
1762228214048,92,219
1762228214065,91,218
1762228214081,91,218
1762228214098,91,218
1762228214114,91,217
1762228214131,90,217
1762228214148,90,217
1762228214164,90,216
1762228214181,89,216
1762228214198,89,216
1762228214214,89,216
1762228214231,88,216
1762228214248,88,216
1762228214272,87,217
1762228214281,87,217
1762228214298,87,218
1762228214314,87,218
1762228214331,87,219
1762228214348,87,220
1762228214364,87,220
1762228214381,87,221
1762228214398,87,221
1762228214415,87,222
1762228214431,87,222
1762228214448,87,222
1762228214464,87,223
1762228214481,87,223
1762228214498,87,225
1762228214515,87,226
1762228214531,87,227
1762228214548,87,228
1762228214564,87,228
1762228214581,87,229
1762228214598,87,230
1762228214614,87,230
1762228214631,87,231
1762228214648,87,232
1762228214664,86,233
1762228214681,86,234
1762228214698,86,234
1762228214714,86,234
1762228214737,86,235
1762228214755,86,235
1762228214764,86,235
1762228214789,87,235
1762228214805,87,235
1762228214814,88,235
1762228214831,90,235
1762228214848,93,235
1762228214865,102,235
1762228214881,106,235
1762228214898,110,234
1762228214915,117,233
1762228214931,123,233
1762228214948,125,232
1762228214964,127,232
1762228214981,129,232
1762228214998,129,231
1762228215014,130,231
1762228215031,131,231
1762228215048,131,231
1762228215064,132,231
1762228215081,132,231
1762228215098,133,231
1762228215115,133,231
1762228215131,133,231
1762228215148,134,231
1762228215172,134,231
1762228215197,134,231
1762228215215,134,231
1762228215232,134,231
1762228215248,135,231
1762228215265,136,231
1762228215281,136,231
1762228215297,137,231
1762228215314,137,231
1762228215332,138,231
1762228215348,138,231
1762228215370,138,231
1762228215382,138,231
1762228215398,139,230
1762228215414,139,230
1762228215431,140,230
1762228215448,140,230
1762228215465,142,230
1762228215481,142,229
1762228215498,143,229
1762228215514,144,229
1762228215531,144,229
1762228215547,144,229
1762228215564,145,229
1762228215581,145,229
1762228215598,145,229
1762228215614,145,229
1762228215630,145,229
1762228215648,146,229
1762228215672,146,229
1762228215681,147,229
1762228215698,147,229
1762228215714,147,229
1762228215731,148,229
1762228215748,148,229
1762228215764,149,229
1762228215781,150,229
1762228215797,150,229
1762228215814,150,229
1762228215831,152,229
1762228215847,152,229
1762228215865,153,229
1762228215881,153,229
1762228215898,154,229
1762228215915,154,229
1762228215936,155,229
1762228215948,155,229
1762228215964,155,229
1762228216034,155,229
1762228216048,155,228
1762228216070,155,228
1762228216082,156,228
1762228216098,156,228
1762228216114,156,227
1762228216131,156,227
1762228216148,156,227
1762228216359,156,227
1762228216372,155,226
1762228216381,155,226
1762228216398,154,226
1762228216415,154,225
1762228216431,152,225
1762228216448,152,224
1762228216464,151,223
1762228216481,150,223
1762228216498,149,222
1762228216514,149,222
1762228216531,147,221
1762228216548,146,221
1762228216564,144,221
1762228216581,139,220
1762228216598,133,220
1762228216614,130,220
1762228216631,127,220
1762228216648,125,220
1762228216664,125,220
1762228216681,125,220
1762228216698,124,220
1762228216714,124,220
1762228216731,124,220
1762228216748,124,220
1762228216764,124,220
1762228216781,125,220
1762228216797,129,220
1762228216814,131,220
1762228216831,132,220
1762228216848,133,220
1762228216864,134,219
1762228216881,135,219
1762228216898,135,218
1762228216914,136,217
1762228216931,136,216
1762228216948,136,216
1762228216964,136,216
1762228216988,136,215
1762228217004,136,215
1762228217024,136,215
1762228217037,136,214
1762228217048,135,214
1762228217064,132,214
1762228217081,128,214
1762228217098,123,214
1762228217115,115,214
1762228217131,103,215
1762228217148,97,215
1762228217164,92,216
1762228217181,87,216
1762228217198,85,217
1762228217214,84,217
1762228217231,83,217
1762228217248,83,217
1762228217264,83,217
1762228217281,83,217
1762228217297,82,217
1762228217348,82,218
1762228217364,82,218
1762228217381,82,218
1762228217398,81,218
1762228217762,81,218
1762228217789,81,218
1762228217806,81,218
1762228217822,81,219
1762228217839,81,219
1762228217855,81,220
1762228217874,80,221
1762228217888,80,221
1762228217908,79,223
1762228217922,79,223
1762228217955,79,223
1762228217972,79,224
1762228217992,79,224
1762228218005,79,224
1762228218022,79,224
1762228218039,78,225
1762228218055,78,226
1762228218071,78,226
1762228218089,78,226
1762228218105,78,226
1762228218122,78,227
1762228218194,78,227
1762228218222,78,227
1762228218272,78,228
1762228218289,78,228
1762228218305,78,229
1762228218322,78,230
1762228218339,79,232
1762228218355,79,232
1762228218372,79,233
1762228218389,80,234
1762228218405,80,234
1762228218422,80,235
1762228218439,80,235
1762228218455,80,235
1762228218474,80,235
1762228218500,80,235
1762228218507,80,235
1762228218524,81,235
1762228218539,81,235
1762228218555,81,235
1762228218572,82,235
1762228218589,85,235
1762228218605,89,234
1762228218622,91,234
1762228218639,94,233
1762228218655,101,233
1762228218671,104,232
1762228218689,108,232
1762228218705,116,231
1762228218722,119,231
1762228218739,122,230
1762228218755,126,229
1762228218772,129,228
1762228218788,133,226
1762228218805,134,226
1762228218822,135,224
1762228218838,136,224
1762228218855,136,224
1762228218872,136,223
1762228218889,137,223
1762228218905,137,222
1762228218922,136,222
1762228218938,136,221
1762228218955,135,221
1762228218972,133,220
1762228218989,130,219
1762228219005,127,219
1762228219022,119,218
1762228219039,116,218
1762228219055,111,219
1762228219071,108,221
1762228219088,106,225
1762228219105,105,228
1762228219121,104,231
1762228219139,104,233
1762228219155,103,236
1762228219172,103,237
1762228219189,103,238
1762228219205,103,238
1762228219222,104,238
1762228219239,107,239
1762228219255,110,239
1762228219272,113,239
1762228219288,118,238
1762228219305,120,237
1762228219322,122,236
1762228219339,124,236
1762228219355,124,235
1762228219371,125,235
1762228219389,125,235
1762228219405,125,235
1762228219426,125,235
1762228219442,125,234
1762228219455,123,234
1762228219472,120,234
1762228219489,114,234
1762228219505,104,235
1762228219522,96,238
1762228219539,94,239
1762228219555,93,240
1762228219572,92,241
1762228219588,91,242
1762228219605,91,242
1762228219622,92,242
1762228219638,94,243
1762228219655,98,243
1762228219672,105,242
1762228219689,109,242
1762228219705,111,242
1762228219722,112,241
1762228219739,113,241
1762228219755,113,240
1762228219772,113,240
1762228219789,110,238
1762228219805,107,238
1762228219822,103,238
1762228219839,99,237
1762228219855,96,237
1762228219872,95,237
1762228219889,92,238
1762228219905,91,239
1762228219922,91,240
1762228219939,90,242
1762228219955,90,243
1762228219972,91,243
1762228219989,95,245
1762228220005,98,245
1762228220022,107,246
1762228220039,112,246
1762228220055,116,245
1762228220072,117,245
1762228220089,118,245
1762228220105,118,245
1762228220126,119,245
1762228220142,119,245
1762228220155,119,245
1762228220172,119,244
1762228220189,120,244
1762228220205,122,244
1762228220222,125,243
1762228220239,128,243
1762228220255,132,242
1762228220272,136,242
1762228220289,137,242
1762228220305,138,241
1762228220322,139,241
1762228220338,139,241
1762228220355,139,241
1762228220372,140,241
1762228220422,140,240
1762228220490,140,240
1762228220506,140,240
1762228220522,139,240
1762228220839,139,240
1762228220865,139,239
1762228220982,139,240
1762228221016,139,240
1762228221039,139,240
1762228221063,139,240
1762228221079,139,241
1762228221087,139,241
1762228221111,139,241
1762228221126,139,241
1762228221135,140,241
1762228221151,140,241
1762228221165,140,242
1762228221182,140,242
1762228221208,140,242
1762228221604,141,242
1762228221628,143,241
1762228221649,144,240
1762228221665,148,239
1762228221682,149,237
1762228221699,150,236
1762228221715,150,235
1762228221732,151,233
1762228221748,151,233
1762228221765,150,232
1762228221782,147,231
1762228221799,145,231
1762228221815,143,230
1762228221832,140,230
1762228221849,139,230
1762228221865,139,230
1762228221882,138,230
1762228221899,138,230
1762228221915,138,230
1762228221948,138,230
1762228221972,138,231
1762228221987,138,231
1762228221999,138,231
1762228222093,137,231
1762228222108,137,231
1762228222149,136,231
1762228222165,136,231
1762228222181,135,231
1762228222198,133,231
1762228222394,133,230
1762228222407,133,230
1762228222417,133,226
1762228222433,134,221
1762228222449,134,215
1762228222467,135,202
1762228222482,135,199
1762228222500,135,195
1762228222516,136,190
1762228222532,136,189
1762228222903,136,189
1762228222926,136,190
1762228222946,136,192
1762228222962,136,195
1762228222979,136,196
1762228222995,135,198
1762228223012,135,198
1762228223029,135,199
1762228223046,135,200
1762228223095,135,200
1762228223112,136,200
1762228223129,136,200
1762228223146,136,199
1762228223162,136,199
1762228223179,136,198
1762228223196,136,197
1762228223212,136,197
1762228223229,135,197
1762228223246,134,197
1762228223262,132,198
1762228223279,131,198
1762228223296,130,199
1762228223312,130,200
1762228223329,130,200
1762228223346,130,201
1762228223362,131,201
1762228223379,131,202
1762228223396,132,202
1762228223412,133,201
1762228223429,135,200
1762228223446,135,199
1762228223462,136,194
1762228223479,136,190
1762228223496,136,188
1762228223512,135,187
1762228223529,134,186
1762228223546,133,186
1762228223562,132,185
1762228223579,131,185
1762228223596,131,186
1762228223612,130,187
1762228223629,129,189
1762228223646,129,190
1762228223662,128,190
1762228223679,129,191
1762228223696,129,191
1762228223712,129,191
1762228223729,131,191
1762228223746,131,190
1762228223762,131,190
1762228223779,131,189
1762228223795,132,189
1762228223815,132,189
1762228223831,131,190
1762228223845,131,191
1762228223862,131,192
1762228223879,131,194
1762228223896,131,198
1762228223912,131,199
1762228223929,131,200
1762228223945,132,200
1762228223962,132,201
1762228223979,133,201
1762228223996,133,200
1762228224012,133,200
1762228224029,133,200
1762228224046,133,199
1762228224062,133,198
1762228224079,133,198
1762228224095,133,198
1762228224112,133,198
1762228224129,132,197
1762228224146,132,197
1762228224220,132,197
1762228224229,133,197
1762228224246,133,197
1762228224262,133,196
1762228224279,134,188
1762228224296,135,184
1762228224313,136,177
1762228224329,136,163
1762228224346,136,157
1762228224362,135,153
1762228224379,134,149
1762228224395,134,148
1762228224412,133,147
1762228224429,133,147
1762228224445,133,147
1762228224462,133,147
1762228224479,132,148
1762228224496,132,150
1762228224512,132,150
1762228224529,132,151
1762228224545,132,152
1762228224562,132,153
1762228224579,133,153
1762228224596,133,153
1762228224612,133,153
1762228224629,134,153
1762228224646,134,153
1762228224662,134,153
1762228224727,134,154
1762228224746,134,154
1762228224762,134,155
1762228224779,135,158
1762228224796,135,159
1762228224812,139,163
1762228224829,142,165
1762228224845,145,167
1762228224862,151,169
1762228224879,151,169
1762228224895,152,169
1762228224912,153,170
1762228224929,153,170
1762228224945,153,169
1762228224962,153,169
1762228224979,152,168
1762228224995,150,167
1762228225012,148,167
1762228225029,146,167
1762228225045,146,167
1762228225062,145,167
1762228225079,145,167
1762228225096,144,168
1762228225112,144,168
1762228225129,144,169
1762228225146,144,169
1762228225162,143,169
1762228225258,143,170
1762228225270,143,170
1762228225282,143,170
1762228225308,143,171
1762228225315,143,172
1762228225332,143,174
1762228225346,143,176
1762228225362,143,178
1762228225379,143,180
1762228225396,143,181
1762228225412,143,182
1762228225439,143,182
1762228225460,143,182
1762228225479,143,180
1762228225495,143,176
1762228225512,143,170
1762228225529,143,167
1762228225545,143,164
1762228225562,143,161
1762228225579,143,161
1762228225595,143,160
1762228225612,142,160
1762228225629,142,160
1762228225646,142,160
1762228225662,141,160
1762228225679,140,165
1762228225696,139,170
1762228225712,138,173
1762228225729,137,178
1762228225746,137,180
1762228225762,137,181
1762228225779,136,182
1762228225795,136,182
1762228225812,136,182
1762228225829,136,183
1762228225846,136,182
1762228225863,137,182
1762228225879,137,179
1762228225895,137,178
1762228225912,137,174
1762228225929,137,171
1762228225946,136,170
1762228225962,136,170
1762228225979,136,169
1762228225996,136,169
1762228226012,135,170
1762228226029,135,171
1762228226046,133,177
1762228226062,132,181
1762228226079,132,187
1762228226096,130,199
1762228226112,130,203
1762228226128,130,207
1762228226146,130,208
1762228226162,130,208
1762228226187,130,208
1762228226202,130,207
1762228226212,130,206
1762228226229,131,203
1762228226246,131,199
1762228226262,132,188
1762228226279,132,184
1762228226296,132,179
1762228226312,132,175
1762228226329,132,174
1762228226345,132,173
1762228226362,132,173
1762228226412,132,173
1762228226428,131,175
1762228226446,131,176
1762228226462,130,177
1762228226479,130,177
1762228226495,129,178
1762228226512,129,178
1762228226529,129,177
1762228226545,129,177
1762228226562,129,176
1762228226579,129,174
1762228226595,129,173
1762228226612,129,172
1762228226629,129,171
1762228226646,129,171
1762228226662,129,170
1762228226684,129,170
1762228226729,129,171
1762228226745,129,172
1762228226762,129,175
1762228226778,129,176
1762228226796,129,178
1762228226812,129,178
1762228226829,129,178
1762228226845,130,179
1762228226862,130,177
1762228226879,131,177
1762228226896,131,176
1762228226912,131,172
1762228226929,131,170
1762228226946,131,169
1762228226962,131,168
1762228226979,131,168
1762228226996,130,167
1762228227012,130,167
1762228227032,130,167
1762228227045,130,167
1762228227062,130,168
1762228227079,130,169
1762228227095,129,170
1762228227112,129,171
1762228227129,129,172
1762228227153,129,172
1762228227195,129,172
1762228227212,129,171
1762228227229,129,169
1762228227246,129,169
1762228227262,129,168
1762228227279,129,167
1762228227296,129,167
1762228227312,129,167
1762228227329,129,166
1762228227442,129,167
1762228227462,129,167
1762228227482,129,167
1762228227496,129,168
1762228227512,129,168
1762228227588,129,168
1762228227604,129,167
1762228227612,129,166
1762228227629,129,166
1762228227645,129,165
1762228227662,129,164
1762228227679,129,164
1762228227696,129,163
1762228227712,129,163
1762228227729,129,163
1762228227748,129,163
1762228227762,129,164
1762228227779,129,164
1762228227795,128,167
1762228227812,128,171
1762228227829,128,172
1762228227846,128,176
1762228227862,128,176
1762228227879,128,177
1762228227895,128,177
1762228227926,128,177
1762228227941,128,176
1762228227952,128,174
1762228227965,128,171
1762228227979,129,167
1762228227995,129,164
1762228228012,129,163
1762228228029,129,161
1762228228045,129,160
1762228228069,130,160
1762228228085,130,160
1762228228095,131,160
1762228228112,132,161
1762228228129,133,162
1762228228146,136,166
1762228228162,138,169
1762228228179,138,170
1762228228196,140,174
1762228228212,141,175
1762228228229,141,175
1762228228246,141,176
1762228228261,141,176
1762228228279,141,177
1762228228296,141,177
1762228228345,141,177
1762228228362,141,178
1762228228379,141,178
1762228228395,141,179
1762228228412,141,180
1762228228429,142,183
1762228228446,142,184
1762228228462,142,186
1762228228479,142,187
1762228228496,142,187
1762228228725,142,187
1762228228732,143,187
1762228228749,143,187
1762228228762,144,187
1762228228779,144,187
1762228228796,145,187
1762228228812,146,187
1762228228829,146,187
1762228228846,146,187
1762228228863,147,187
1762228228879,147,187
1762228228896,147,187
1762228228913,147,186
1762228228929,147,186
1762228228946,147,186
1762228228963,147,185
1762228228979,147,184
1762228228995,147,183
1762228229012,147,182
1762228229029,147,182
1762228229046,147,182
1762228229063,147,181
1762228229370,147,181
1762228229397,147,182
1762228229416,147,183
1762228229447,147,185
1762228229464,147,186
1762228229480,147,190
1762228229497,147,193
1762228229513,147,195
1762228229530,147,195
1762228229547,147,196
1762228229564,147,197
1762228229580,147,197
1762228229597,147,197
1762228229614,147,198
1762228229639,147,198
1762228229650,147,198
1762228229664,147,199
1762228229691,147,200
1762228229735,147,203
1762228229778,147,205
1762228229797,147,205
1762228229821,147,206
1762228229830,147,206
1762228229853,147,206
1762228229941,147,206
1762228229964,147,205
1762228229980,147,197
1762228229997,147,190
1762228230014,147,188
1762228230030,147,187
1762228230047,147,186
1762228230064,147,185
1762228230114,147,186
1762228230130,147,186
1762228230147,147,188
1762228230164,147,189
1762228230180,146,190
1762228230197,145,194
1762228230213,145,198
1762228230230,145,200
1762228230247,145,202
1762228230264,144,205
1762228230280,144,205
1762228230297,144,206
1762228230314,144,206
1762228230330,144,207
1762228230499,144,206
1762228230513,144,206
1762228230530,144,205
1762228230547,144,200
1762228230564,144,194
1762228230580,145,181
1762228230597,145,176
1762228230614,145,171
1762228230629,145,168
1762228230647,145,167
1762228230663,145,167
1762228230687,145,167
1762228230697,145,166
1762228230713,145,166
1762228230786,145,167
1762228230797,145,167
1762228230814,145,168
1762228230830,145,170
1762228230846,146,174
1762228230863,146,176
1762228230880,147,177
1762228230897,148,178
1762228230913,148,179
1762228230930,148,180
1762228230947,148,180
1762228230963,149,180
1762228230980,149,180
1762228231100,149,181
1762228231114,149,181
1762228231132,149,181
1762228231180,149,182
1762228231197,149,182
1762228231213,150,182
1762228231230,150,183
1762228231247,151,183
1762228231263,151,184
1762228231280,151,184
1762228231297,151,184
1762228231313,152,184
1762228231330,152,183
1762228231347,152,182
1762228231363,152,182
1762228231380,153,180
1762228231397,153,179
1762228231413,153,179
1762228231430,153,178
1762228231446,153,178
1762228231463,153,177
1762228231480,153,177
1762228231497,153,176
1762228231513,153,176
1762228231632,153,176
1762228231647,153,177
1762228231664,152,178
1762228231680,152,178
1762228231696,151,179
1762228231713,150,180
1762228231730,150,183
1762228231747,149,184
1762228231764,148,191
1762228231780,148,194
1762228231796,148,197
1762228231814,147,203
1762228231830,147,205
1762228231847,147,207
1762228231864,147,211
1762228231880,147,212
1762228231896,147,213
1762228231914,147,214
1762228231930,147,214
1762228231947,147,214
1762228231964,147,215
1762228231980,147,215
1762228232003,147,215
1762228232066,147,215
1762228232090,146,216
1762228232097,146,216
1762228232114,146,217
1762228232130,146,218
1762228232147,146,218
1762228232164,146,218
1762228232180,146,218
1762228232197,146,219
1762228232260,146,219
1762228232280,146,218
1762228232297,146,218
1762228232313,146,218
1762228232330,146,217
1762228232347,145,213
1762228232363,144,210
1762228232380,143,210
1762228232397,143,209
1762228232413,142,208
1762228232430,142,207
1762228232447,141,207
1762228232463,141,207
1762228232480,141,207
1762228232503,141,207
1762228232513,141,208
1762228232530,141,208
1762228232547,141,209
1762228232563,141,212
1762228232580,141,214
1762228232597,141,215
1762228232613,141,216
1762228232630,141,217
1762228232647,141,217
1762228232664,141,217
1762228232720,141,217
1762228232730,140,213
1762228232747,140,209
1762228232763,140,203
1762228232780,138,194
1762228232796,138,190
1762228232813,138,187
1762228232830,137,181
1762228232847,137,178
1762228232863,137,174
1762228232880,137,173
1762228232897,137,173
1762228232913,137,173
1762228232930,137,172
1762228232947,137,172
1762228232963,137,172
1762228232980,137,173
1762228232997,137,175
1762228233013,137,175
1762228233030,137,176
1762228233047,137,178
1762228233063,137,178
1762228233080,138,179
1762228233097,138,179
1762228233113,138,179
1762228233130,138,179
1762228233147,138,179
1762228233163,138,176
1762228233180,138,173
1762228233197,138,171
1762228233213,138,168
1762228233230,138,167
1762228233247,138,167
1762228233263,138,166
1762228233280,138,166
1762228233297,137,166
1762228233313,137,166
1762228233331,137,166
1762228233347,137,166
1762228233363,137,167
1762228233380,135,171
1762228233397,135,173
1762228233413,135,175
1762228233430,134,176
1762228233447,134,177
1762228233463,134,177
1762228233480,134,178
1762228233497,134,178
1762228233526,134,177
1762228233539,134,175
1762228233552,135,172
1762228233565,135,169
1762228233580,135,166
1762228233597,135,163
1762228233613,135,161
1762228233630,135,161
1762228233647,135,160
1762228233664,135,160
1762228233679,135,159
1762228233697,135,159
1762228233714,135,160
1762228233730,135,160
1762228233747,136,165
1762228233763,136,170
1762228233780,137,173
1762228233797,137,178
1762228233813,138,179
1762228233830,138,180
1762228233847,138,180
1762228233863,139,181
1762228233914,139,179
1762228233930,139,178
1762228233947,139,175
1762228233963,138,171
1762228233980,138,170
1762228233997,138,169
1762228234013,137,168
1762228234030,137,168
1762228234047,137,168
1762228234097,137,168
1762228234113,137,169
1762228234130,137,170
1762228234147,137,171
1762228234163,138,171
1762228234180,138,171
1762228234201,138,171
1762228234220,138,171
1762228234230,139,170
1762228234247,139,169
1762228234263,139,169
1762228234280,139,168
1762228234297,139,168
1762228234313,139,168
1762228234346,139,168
1762228234363,139,169
1762228234380,139,170
1762228234397,139,172
1762228234413,139,172
1762228234430,139,172
1762228234447,139,173
1762228234463,139,173
1762228234774,139,173
1762228234800,141,181
1762228234817,144,189
1762228234834,148,198
1762228234853,160,223
1762228234868,168,236
1762228234887,177,247
1762228234903,194,265
1762228234919,202,272
1762228234934,212,279
1762228234951,214,281
1762228234971,215,281
1762228234987,216,281
1762228235005,216,281
1762228235158,216,281
1762228235167,220,282
1762228235186,227,284
1762228235203,250,288
1762228235219,266,290
1762228235236,289,292
1762228235253,345,298
1762228235269,376,300
1762228235285,430,304
1762228235303,447,305
1762228235320,460,306
1762228235336,476,307
1762228235354,476,307
1762228235370,476,307
1762228235386,470,305
1762228235510,470,305
1762228235519,471,305
1762228235536,477,307
1762228235553,486,307
1762228235569,517,311
1762228235584,538,313
1762228235606,558,317
1762228235617,598,324
1762228235634,614,326
1762228235654,626,328
1762228235669,642,331
1762228235686,645,332
1762228236029,645,332
1762228236055,649,331
1762228236071,664,325
1762228236088,673,321
1762228236104,682,317
1762228236121,702,305
1762228236137,711,298
1762228236154,720,292
1762228236423,720,291
1762228236449,721,284
1762228236465,726,265
1762228236484,730,256
1762228236500,734,247
1762228236516,741,231
1762228236531,747,225
1762228236550,750,220
1762228236567,755,214
1762228236798,755,214
1762228236810,755,214
1762228236818,755,213
1762228236834,756,210
1762228236850,756,206
1762228236868,757,201
1762228236882,757,196
1762228236900,759,183
1762228236916,760,179
1762228236934,760,176
1762228236951,761,173
1762228236966,761,172
1762228236984,761,172
1762228236998,761,172
1762228237019,761,171
1762228237032,761,171
1762228237051,761,171
1762228237067,760,171
1762228237088,760,171
1762228237103,759,171
1762228237150,759,171
1762228237166,759,170
1762228237183,760,169
1762228237199,761,166
1762228237215,762,164
1762228237231,763,160
1762228237248,763,159
1762228237264,763,158
1762228237281,764,157
1762228237298,764,157
1762228237818,764,156
1762228237845,764,156
1762228237863,765,155
1762228237876,766,151
1762228237895,767,149
1762228237912,769,147
1762228237929,771,143
1762228237944,771,143
1762228237959,773,141
1762228237976,773,140
1762228237995,774,140
1762228238011,774,139
1762228238028,774,139
1762228238044,774,139
1762228238066,774,139
1762228238083,775,138
1762228238094,775,138
1762228238110,775,138
1762228238129,775,137
1762228238144,775,136
1762228238162,776,136
1762228238178,776,136
1762228238193,776,135
1762228238211,776,135
1762228238742,776,135
1762228238771,776,138
1762228238788,775,142
1762228238804,773,155
1762228238819,771,163
1762228238838,766,179
1762228238853,763,186
1762228238869,759,197
1762228238886,757,200
1762228238905,755,205
1762228238920,753,211
1762228239154,752,212
1762228239173,751,214
1762228239186,748,222
1762228239202,745,227
1762228239221,743,231
1762228239237,739,240
1762228239254,738,243
1762228239271,737,245
1762228239285,736,247
1762228239517,736,247
1762228239531,735,247
1762228239539,735,247
1762228239555,734,247
1762228239571,733,247
1762228239587,729,247
1762228239602,725,247
1762228239621,721,247
1762228239635,715,247
1762228239654,712,247
1762228239671,711,247
1762228239687,710,247
1762228239704,710,247
1762228239720,709,247
1762228239737,709,247
1762228239754,709,247
1762228240042,709,247
1762228240070,709,246
1762228240120,709,246
1762228240151,709,246
1762228240159,709,245
1762228240175,709,245
1762228240186,709,245
1762228240202,709,245
1762228240220,709,244
1762228240236,709,244
1762228240254,709,244
1762228240354,709,244
1762228240426,709,243
1762228240441,709,243
1762228240452,709,243
1762228240471,709,242
1762228240486,709,241
1762228240501,709,240
1762228240521,709,240
1762228240536,709,240
1762228240553,709,239
1762228240571,709,239
1762228240592,709,239
1762228240639,709,238
1762228240686,709,238
1762228240704,709,238
1762228240720,709,236
1762228240737,709,235
1762228240753,708,235
1762228240769,708,233
1762228240786,708,232
1762228240803,708,231
1762228240818,708,231
1762228240834,708,230
1762228241124,708,230
1762228241149,708,229
1762228241168,708,224
1762228241183,708,222
1762228241200,708,220
1762228241216,709,219
1762228241233,709,218
1762228241251,709,218
1762228241266,709,218
1762228241283,709,217
1762228241351,709,217
1762228241367,709,217
1762228241384,709,217
1762228241398,710,216
1762228241415,710,216
1762228241433,712,213
1762228241449,713,210
1762228241465,715,207
1762228241484,718,200
1762228241500,720,198
1762228241749,720,198
1762228241776,719,197
1762228241795,719,196
1762228241808,718,194
1762228241825,717,190
1762228241841,716,185
1762228241858,715,183
1762228241874,715,182
1762228241891,714,181
1762228241907,714,181
1762228241925,714,180
1762228241948,714,180
1762228242063,714,180
1762228242076,714,181
1762228242092,714,182
1762228242109,714,182
1762228242125,714,182
1762228242143,714,184
1762228242159,714,184
1762228242176,714,184
1762228242192,714,185
1762228242693,714,184
1762228242885,714,184
1762228242889,714,184
1762228242907,713,184
1762228242931,713,184
1762228242971,713,184
1762228243021,712,184
1762228243392,712,184
1762228243668,713,184
1762228243949,713,184
1762228246095,713,184
1762228246292,713,184
1762228247054,713,184
1762228247295,713,184
1762228247348,713,184
1762228247364,713,184
1762228247430,713,184
1762228247463,712,184
1762228247481,712,184
1762228247497,712,184
1762228247527,712,183
1762228247564,712,183
1762228247614,711,183
1762228247630,711,183
1762228247647,711,183
1762228249305,711,183
1762228249332,712,183
1762228251026,712,183
1762228251053,712,183
1762228251071,713,183
1762228251088,713,183
1762228251103,714,182
1762228251119,715,182
1762228251136,716,182
1762228251152,717,181
1762228251169,718,181
1762228251186,718,181
1762228251202,719,181
1762228251219,719,180
1762228251236,718,180
1762228251252,717,179
1762228251269,715,179
1762228251286,714,179
1762228251302,713,179
1762228251319,712,180
1762228251336,711,180
1762228251352,711,181
1762228251369,711,182
1762228251386,711,182
1762228251402,711,183
1762228251418,711,184
1762228251436,712,184
1762228251452,713,184
1762228251469,713,184
1762228251486,713,184
1762228251502,715,184
1762228251519,715,183
1762228251536,716,183
1762228251552,716,183
1762228251571,716,182
1762228251595,715,182
1762228251603,715,183
1762228251619,714,183
1762228251636,714,184
1762228251652,714,185
1762228251669,713,186
1762228251686,713,187
1762228251702,713,187
1762228251719,713,188
1762228251736,713,188
1762228251752,714,188
1762228251769,714,188
1762228251786,715,187
1762228251802,715,186
1762228251819,716,186
1762228251836,716,185
1762228251852,716,185
1762228251869,716,185
1762228251886,715,185
1762228251902,715,185
1762228251919,715,185
1762228251937,715,185
1762228251952,715,186
1762228251969,715,186
1762228251986,715,186
1762228252002,716,186
1762228252019,716,186
1762228252036,716,186
1762228252052,717,186
1762228252078,717,186
1762228252087,716,187
1762228252103,716,187
1762228252119,716,187
1762228252136,715,188
1762228252152,715,189
1762228252169,715,189
1762228252186,715,190
1762228252202,715,190
1762228252219,715,191
1762228252236,716,191
1762228252252,716,191
1762228252269,717,191
1762228252286,718,191
1762228252302,718,190
1762228252319,718,189
1762228252336,718,189
1762228252352,718,189
1762228252369,718,188
1762228252385,717,188
1762228252402,716,188
1762228252419,716,189
1762228252436,715,189
1762228252452,715,190
1762228252469,715,190
1762228252489,715,190
1762228252502,716,190
1762228252519,716,190
1762228252536,717,190
1762228252552,718,190
1762228252569,718,190
1762228252619,717,190
1762228252636,716,190
1762228252652,716,191
1762228252669,715,191
1762228252686,714,192
1762228252702,714,192
1762228252719,713,193
1762228252736,713,193
1762228252752,713,193
1762228252769,713,192
1762228252786,713,191
1762228252802,713,191
1762228252819,713,190
1762228252836,713,189
1762228252852,713,188
1762228252875,713,188
1762228252886,713,188
1762228252958,713,188
1762228252981,713,187
1762228252997,713,187
1762228253005,713,186
1762228253021,713,186
1762228253036,715,184
1762228253052,715,183
1762228253069,716,183
1762228253086,716,182
1762228253102,717,182
1762228253119,717,181
1762228253136,717,181
1762228253152,717,181
1762228253169,717,181
1762228253186,716,181
1762228253202,715,182
1762228253219,714,184
1762228253236,714,184
1762228253252,713,185
1762228253269,713,186
1762228253286,713,186
1762228253302,714,186
1762228253319,716,185
1762228253336,716,184
1762228253352,717,184
1762228253369,717,183
1762228253386,717,183
1762228253402,717,183
1762228253419,716,182
1762228253436,715,182
1762228253452,715,182
1762228253469,714,182
1762228253486,714,182
1762228253502,714,182
1762228253553,714,182
1762228253569,714,182
1762228253585,715,182
1762228253602,717,181
1762228253619,718,180
1762228253636,719,178
1762228253652,719,177
1762228253669,720,177
1762228253686,720,176
1762228253702,719,176
1762228253719,719,176
1762228253736,718,176
1762228253752,717,177
1762228253769,716,177
1762228253786,716,177
1762228253802,716,178
1762228253819,716,178
1762228253836,716,179
1762228253852,716,179
1762228253870,716,178
1762228253886,717,178
1762228253902,719,176
1762228253919,719,176
1762228253936,719,175
1762228253952,719,175
1762228253969,719,174
1762228253986,719,174
1762228254002,717,175
1762228254019,717,175
1762228254036,715,176
1762228254052,715,176
1762228254069,714,177
1762228254086,714,177
1762228254102,714,178
1762228254119,715,178
1762228254136,716,178
1762228254152,717,177
1762228254169,718,176
1762228254186,718,175
1762228254202,718,175
1762228254219,718,174
1762228254236,718,174
1762228254252,718,173
1762228254269,716,173
1762228254286,714,173
1762228254302,714,173
1762228254319,713,174
1762228254336,713,174
1762228254352,713,174
1762228254369,713,175
1762228254386,713,175
1762228254402,713,175
1762228254419,714,175
1762228254436,715,175
1762228254452,716,175
1762228254469,716,175
1762228254486,716,174
1762228254502,716,174
1762228254519,716,174
1762228254536,716,174
1762228254552,715,173
1762228254569,715,173
1762228254586,714,173
1762228254602,714,173
1762228254652,715,173
1762228254669,716,173
1762228254686,718,173
1762228254702,721,173
1762228254719,722,173
1762228254736,723,173
1762228254752,724,172
1762228254769,724,171
1762228254786,724,171
1762228254802,724,171
1762228254819,724,170
1762228254841,724,170
1762228254890,725,170
1762228254905,725,170
1762228254919,725,170
1762228255052,725,170
1762228255060,724,170
1762228255086,724,170
1762228255102,723,171
1762228255119,723,172
1762228255136,722,172
1762228255152,722,172
1762228255169,722,172
1762228255186,721,173
1762228255246,721,173
1762228255253,722,173
1762228255269,722,172
1762228255286,722,172
1762228255302,722,172
1762228255325,722,171
1762228255341,721,171
1762228255352,721,171
1762228255369,721,171
1762228255386,721,171
1762228255402,720,171
1762228255462,721,171
1762228255469,721,171
1762228255486,721,171
1762228255502,722,171
1762228255519,722,170
1762228255536,723,169
1762228255552,723,169
1762228255569,723,168
1762228255586,722,168
1762228255602,722,168
1762228255619,721,168
1762228255636,720,168
1762228255652,720,168
1762228255669,719,169
1762228255686,719,169
1762228255702,718,169
1762228255719,718,170
1762228255736,719,170
1762228255753,719,171
1762228255769,720,171
1762228255786,721,170
1762228255803,721,169
1762228255819,722,168
1762228255836,722,167
1762228255852,722,166
1762228255869,722,166
1762228255886,722,166
1762228255902,721,166
1762228255919,721,166
1762228255936,720,166
1762228255952,719,166
1762228255969,719,167
1762228255986,719,167
1762228256002,718,168
1762228256019,718,168
1762228256041,718,168
1762228256052,718,169
1762228256139,718,168
1762228256152,718,168
1762228256169,718,168
1762228256186,718,168
1762228256202,717,168
1762228256219,716,168
1762228256237,716,168
1762228256259,716,168
1762228256302,716,168
1762228256319,717,168
1762228256336,718,168
1762228256352,719,167
1762228256369,720,167
1762228256386,721,166
1762228256402,721,166
1762228256419,721,165
1762228256436,721,165
1762228256452,721,165
1762228256469,719,165
1762228256486,718,165
1762228256502,718,166
1762228256519,717,166
1762228256536,717,166
1762228256552,717,166
1762228256569,717,166
1762228256728,717,166
1762228256752,717,167
1762228256772,717,167
1762228256786,717,167
1762228256802,717,167
1762228256819,717,168
1762228256836,718,168
1762228256852,718,167
1762228256869,719,167
1762228256886,719,166
1762228256902,719,165
1762228256919,719,164
1762228256936,719,164
1762228256952,719,163
1762228256969,718,163
1762228256986,718,164
1762228257002,718,164
1762228257019,717,165
1762228257036,717,165
1762228257052,717,165
1762228257069,717,166
1762228257086,717,166
1762228257102,717,166
1762228257119,718,166
1762228257136,718,166
1762228257152,718,166
1762228257169,718,165
1762228257186,718,165
1762228257202,718,165
1762228257219,718,165
1762228257236,718,165
1762228257252,717,166
1762228257269,717,167
1762228257286,716,167
1762228257302,716,168
1762228257319,716,169
1762228257348,716,169
1762228257355,716,168
1762228257371,717,168
1762228257386,717,168
1762228257423,717,167
1762228257436,716,167
1762228257452,715,167
1762228257470,714,167
1762228257486,714,168
1762228257502,714,168
1762228257519,714,169
1762228257536,714,169
1762228257552,714,170
1762228257569,714,170
1762228257586,715,170
1762228257602,716,170
1762228257619,716,169
1762228257636,717,169
1762228257652,718,168
1762228257669,718,167
1762228257686,718,167
1762228257702,718,166
1762228257719,718,166
1762228257741,718,166
1762228257786,718,167
1762228257802,718,167
1762228257819,718,172
1762228257836,718,175
1762228257851,718,176
1762228257869,718,180
1762228257886,718,181
1762228257902,718,182
1762228257919,718,183
1762228257935,718,183
1762228257952,718,183
1762228257969,718,184
1762228258058,718,184
1762228258073,718,184
1762228258086,719,183
1762228258102,720,183
1762228258119,720,183
1762228258136,721,183
1762228258152,721,182
1762228258169,722,182
1762228258186,722,182
1762228258202,722,182
1762228258219,723,182
1762228258241,723,182
1762228258265,723,182
1762228258273,723,182
1762228258319,724,181
1762228258336,724,181
1762228258352,724,181
1762228258369,724,181
1762228258386,725,181
1762228258484,725,181
1762228258564,725,181
1762228258586,725,181
1762228258602,725,180
1762228258619,725,178
1762228258636,724,174
1762228258652,723,171
1762228258669,722,167
1762228258686,721,166
1762228258703,721,165
1762228258719,720,165
1762228258736,720,164
1762228258752,720,164
1762228258769,720,164
1762228258786,719,164
1762228258801,718,164
1762228258819,718,164
1762228258836,717,164
1762228258852,716,164
1762228258869,716,164
1762228258886,715,165
1762228258902,715,165
1762228258920,715,165
1762228258969,715,164
1762228258986,715,164
1762228259002,715,163
1762228259019,716,161
1762228259036,716,160
1762228259052,716,160
1762228259069,716,160
1762228259086,716,159
1762228259102,716,159
1762228259143,716,159
1762228259397,717,159
1762228259431,729,160
1762228259442,743,161
1762228259462,776,164
1762228259479,813,168
1762228259495,827,168
1762228259511,838,169
1762228259716,839,169
1762228259730,839,169
1762228259742,839,169
1762228259759,840,169
1762228259778,841,169
1762228259792,841,169
1762228259809,841,169
1762228259826,842,169
1762228260085,841,169
1762228260237,841,169
1762228260245,841,170
1762228260263,841,170
1762228260294,841,171
1762228260310,841,172
1762228260327,841,173
1762228260344,841,174
1762228260360,841,175
1762228260377,841,175
1762228260394,841,176
1762228260411,842,176
1762228260427,842,176
1762228260450,843,176
1762228260460,843,176
1762228260477,843,176
1762228260494,844,174
1762228260511,845,170
1762228260527,846,168
1762228260544,846,167
1762228260561,846,165
1762228260577,846,165
1762228260594,846,164
1762228260611,845,164
1762228260627,845,164
1762228260644,845,165
1762228260661,844,165
1762228260677,844,167
1762228260694,844,168
1762228260710,843,169
1762228260727,843,170
1762228260744,843,171
1762228260761,843,171
1762228260777,843,171
1762228260795,844,171
1762228260811,844,170
1762228260827,844,169
1762228260844,845,168
1762228260860,845,167
1762228260877,845,167
1762228260894,845,166
1762228260910,845,166
1762228260927,845,166
1762228260982,845,166
1762228260994,845,166
1762228261011,845,167
1762228261027,844,167
1762228261044,844,168
1762228261060,844,168
1762228261077,844,168
1762228261109,844,168
1762228261127,844,167
1762228261143,844,167
1762228261161,844,166
1762228261177,844,166
1762228261194,844,165
1762228261210,843,164
1762228261227,843,164
1762228261244,843,164
1762228261261,843,164
1762228261277,842,164
1762228261294,842,164
1762228261320,842,164
1762228261375,842,163
1762228261394,842,163
1762228261410,841,163
1762228261427,841,162
1762228261444,841,162
1762228261461,840,162
1762228261477,840,161
1762228261494,839,161
1762228261511,839,161
1762228261527,839,160
1762228261544,838,160
1762228261570,838,160
1762228261665,838,160
1762228261681,838,161
1762228261694,838,161
1762228261711,839,162
1762228261727,839,163
1762228261744,839,164
1762228261760,840,164
1762228261777,840,164
1762228261794,840,164
1762228261811,841,164
1762228261827,841,164
1762228261844,841,163
1762228261861,841,162
1762228261877,841,162
1762228261894,841,161
1762228261911,841,160
1762228261931,841,160
1762228261947,841,160
1762228261971,841,160
1762228261979,840,161
1762228261995,840,162
1762228262010,839,163
1762228262027,839,163
1762228262044,839,164
1762228262061,839,166
1762228262076,839,167
1762228262094,840,168
1762228262110,840,168
1762228262127,840,169
1762228262144,841,169
1762228262161,841,169
1762228262177,842,169
1762228262194,842,168
1762228262211,842,168
1762228262227,842,167
1762228262244,843,166
1762228262260,843,166
1762228262277,843,164
1762228262294,843,164
1762228262311,843,163
1762228262336,843,163
1762228262377,843,163
1762228262394,843,164
1762228262410,843,165
1762228262427,844,166
1762228262444,845,167
1762228262460,846,167
1762228262477,847,168
1762228262494,848,168
1762228262511,849,168
1762228262527,849,168
1762228262544,849,168
1762228262560,850,167
1762228262577,850,167
1762228262594,850,166
1762228262611,849,165
1762228262627,848,164
1762228262644,848,164
1762228262661,847,163
1762228262681,847,163
1762228262697,847,163
1762228262710,847,162
1762228262729,847,162
1762228262745,847,162
1762228262761,847,162
1762228262777,847,162
1762228262841,847,162
1762228262861,847,163
1762228262877,847,164
1762228262894,847,164
1762228262911,847,165
1762228262927,847,166
1762228262944,847,167
1762228262961,847,168
1762228262977,847,169
1762228262994,847,170
1762228263010,847,171
1762228263027,847,173
1762228263044,847,174
1762228263060,847,174
1762228263077,847,175
1762228263094,847,175
1762228263111,847,175
1762228263127,847,175
1762228263303,847,175
1762228263316,847,176
1762228263327,846,176
1762228263344,846,176
1762228263360,845,178
1762228263377,845,178
1762228263394,845,178
1762228263410,845,179
1762228263444,844,179
1762228263502,843,180
1762228263573,842,180
1762228263579,842,180
1762228263610,842,180
1762228263627,841,180
1762228263712,841,180
1762228263727,841,180
1762228263744,841,181
1762228263760,841,181
1762228263777,841,182
1762228263794,841,183
1762228263811,841,184
1762228263827,841,184
1762228263844,841,185
1762228263860,842,186
1762228263882,842,186
1762228263894,842,186
1762228263910,842,186
1762228264002,842,186
1762228264011,842,186
1762228264027,842,185
1762228264044,842,185
1762228264061,842,183
1762228264077,842,182
1762228264094,842,182
1762228264110,842,181
1762228264131,842,181
1762228264147,842,180
1762228264161,842,180
1762228264211,842,180
1762228264227,843,181
1762228264244,844,182
1762228264261,845,183
1762228264277,847,184
1762228264294,848,185
1762228264311,849,185
1762228264327,849,186
1762228264344,850,186
1762228264360,850,186
1762228264377,850,186
1762228264445,850,186
1762228264461,850,185
1762228264477,850,185
1762228264494,849,183
1762228264510,848,182
1762228264527,847,181
1762228264544,846,180
1762228264561,846,180
1762228264577,846,180
1762228264594,846,179
1762228264611,846,179
1762228264660,846,180
1762228264677,846,180
1762228264693,846,181
1762228264710,846,182
1762228264727,847,183
1762228264744,848,184
1762228264761,848,184
1762228264777,849,184
1762228264794,849,185
1762228264811,849,185
1762228264896,849,184
1762228264910,848,183
1762228264927,847,181
1762228264944,846,179
1762228264961,844,175
1762228264977,842,171
1762228264994,841,170
1762228265010,841,169
1762228265027,840,168
1762228265457,840,169
1762228265483,838,187
1762228265502,836,203
1762228265517,834,225
1762228265534,825,293
1762228265550,820,331
1762228265568,817,369
1762228265584,811,438
1762228265601,808,478
1762228265619,807,493
1762228265831,807,494
1762228265835,807,497
1762228265853,807,502
1762228265871,807,511
1762228265885,807,535
1762228265902,808,549
1762228265920,809,562
1762228265936,811,587
1762228265955,812,598
1762228266484,810,533
1762228266500,813,483
1762228266517,816,445
1762228266538,818,425
1762228266733,818,422
1762228266737,816,416
1762228266755,814,407
1762228266770,812,392
1762228266788,810,375
1762228266800,808,328
1762228266817,807,306
1762228266834,807,276
1762228266853,808,267
1762228267061,808,264
1762228267067,809,255
1762228267085,811,243
1762228267102,814,229
1762228267119,824,202
1762228267135,828,193
1762228267152,832,186
1762228267336,832,186
1762228267350,833,186
1762228267358,833,186
1762228267374,834,186
1762228267383,835,186
1762228267400,836,185
1762228267417,837,185
1762228267432,838,185
1762228267450,838,185
1762228267467,839,185
1762228267483,839,184
1762228267500,839,184
1762228267517,839,184
1762228267533,839,184
1762228267550,840,183
1762228267566,840,182
1762228267583,840,182
1762228267600,841,181
1762228267616,841,181
1762228267639,841,181
1762228267650,841,180
1762228267735,841,180
1762228267758,841,180
1762228267768,841,180
1762228267784,841,179
1762228267800,842,179
1762228267816,842,179
1762228267833,843,179
1762228267850,843,179
1762228267867,844,178
1762228267883,845,178
1762228267900,845,178
1762228267917,846,178
1762228267933,846,178
1762228267950,847,177
1762228267967,847,177
1762228267984,847,177
1762228268000,847,177
1762228268017,847,177
1762228268033,848,177
1762228268050,848,177
1762228268066,848,177
1762228268083,848,177
1762228268495,849,177
1762228268524,849,177
1762228268541,849,177
1762228268552,850,177
1762228268573,850,177
1762228268590,851,177
1762228268607,851,177
1762228268623,851,178
1762228268674,851,178
1762228268690,852,178
1762228268707,852,178
1762228268723,852,179
1762228268740,852,179
1762228268757,852,179
1762228268790,852,179
1762228268837,852,179
1762228268890,853,179
1762228269008,853,179
1762228269023,853,178
1762228269040,853,178
1762228269057,852,177
1762228269073,852,176
1762228269090,852,176
1762228269107,852,175
1762228269123,851,175
1762228269140,851,175
1762228269202,851,175
1762228269257,851,175
1762228269273,850,175
1762228269323,850,174
1762228269340,850,174
1762228269357,850,174
1762228269373,850,173
1762228269390,849,173
1762228269407,849,173
1762228269423,849,172
1762228269440,849,172
1762228269457,849,171
1762228269473,849,171
1762228269490,848,171
1762228269507,848,171
1762228269726,848,171
1762228269741,848,175
1762228269758,846,186
1762228269781,846,203
1762228269792,843,259
1762228269808,840,330
1762228269826,839,365
1762228269847,838,392
1762228269858,836,429
1762228269875,835,441
1762228270100,835,441
1762228270112,835,442
1762228270126,835,447
1762228270144,833,452
1762228270162,833,461
1762228270175,827,487
1762228270191,823,501
1762228270207,818,516
1762228270228,809,544
1762228270244,804,556
1762228270446,803,556
1762228270457,795,554
1762228270477,783,552
1762228270494,733,544
1762228270511,690,538
1762228270527,580,518
1762228270543,531,510
1762228270803,531,510
1762228270829,521,506
1762228270845,492,497
1762228270864,462,488
1762228270880,423,477
1762228270900,333,453
1762228270912,293,445
1762228270932,262,439
1762228270946,224,435
1762228271200,223,435
1762228271229,214,431
1762228271243,193,425
1762228271261,182,422
1762228271277,170,419
1762228271293,149,415
1762228271310,142,413
1762228271512,142,412
1762228271528,141,411
1762228271543,140,394
1762228271560,139,381
1762228271576,139,363
1762228271593,139,327
1762228271612,141,312
1762228271625,141,301
1762228271867,141,298
1762228271893,141,286
1762228271912,143,262
1762228271926,146,250
1762228271942,148,239
1762228272137,147,238
1762228272152,147,237
1762228272160,146,236
1762228272177,146,235
1762228272195,145,234
1762228272210,145,230
1762228272225,145,227
1762228272246,144,226
1762228272260,144,222
1762228272277,144,219
1762228272295,144,219
1762228272308,144,218
1762228272325,144,217
1762228272344,144,216
1762228272360,144,215
1762228272377,145,215
1762228272393,146,214
1762228272410,146,213
1762228272427,146,213
1762228272451,146,212
1762228272466,146,212
1762228272475,146,212
1762228272497,146,212
1762228272523,147,212
1762228272536,147,211
1762228272544,147,211
1762228272562,148,211
1762228272578,148,211
1762228272594,148,210
1762228272610,149,210
1762228272625,149,210
1762228272642,149,209
1762228272662,150,209
1762228272678,150,209
1762228272727,150,209
1762228273064,150,209
1762228273092,150,210
1762228273110,150,210
1762228273126,151,210
1762228273140,151,210
1762228273156,151,210
1762228273172,151,211
1762228273190,152,211
1762228273206,153,212
1762228273223,153,212
1762228273257,153,213
1762228273292,154,213
1762228273325,154,215
1762228273341,154,215
1762228273356,154,215
1762228273373,154,216
1762228273390,154,216
1762228273496,154,216
1762228273511,154,215
1762228273523,154,215
1762228273540,154,214
1762228273556,154,213
1762228273573,154,209
1762228273590,154,208
1762228273606,154,208
1762228273623,154,207
1762228273684,154,206
1762228273791,153,204
1762228273903,152,197
1762228273910,152,197
1762228274014,152,195
1762228274123,152,194
1762228274142,152,194
1762228274578,152,194
1762228274599,151,193
1762228274609,151,190
1762228274624,151,186
1762228274638,150,180
1762228274656,149,170
1762228274672,149,165
1762228274689,149,162
1762228274706,149,160
1762228274722,149,159
1762228274739,149,158
1762228274755,149,157
1762228274772,149,157
1762228274791,149,157
1762228274805,149,156
1762228274995,149,156
1762228275011,149,157
1762228275022,148,157
1762228275039,148,158
1762228275055,148,158
1762228275072,148,160
1762228275089,148,160
1762228275105,148,161
1762228275122,148,161
1762228275139,148,161
1762228275177,148,160
1762228275189,148,160
1762228275205,148,159
1762228275222,148,158
1762228275238,148,156
1762228275255,148,156
1762228275272,148,155
1762228275289,148,155
1762228275306,147,155
1762228275322,147,155
1762228275339,147,155
1762228275355,147,155
1762228275372,146,155
1762228275389,146,156
1762228275405,146,157
1762228275422,146,157
1762228275439,146,157
1762228275455,146,157
1762228275477,146,157
1762228275493,147,157
1762228275573,147,157
1762228275589,147,157
1762228275605,147,157
1762228275622,146,156
1762228275639,146,156
1762228275655,146,155
1762228275720,146,155
1762228275739,147,155
1762228275755,147,155
1762228275772,148,156
1762228275789,149,157
1762228275805,149,157
1762228275822,150,157
1762228275839,150,157
1762228275855,150,158
1762228275872,150,158
1762228275889,150,158
1762228275906,150,159
1762228275922,150,159
1762228275939,150,160
1762228275955,150,160
1762228275972,150,160
1762228275989,150,162
1762228276005,150,162
1762228276022,150,162
1762228276039,150,164
1762228276055,150,164
1762228276072,150,165
1762228276089,151,166
1762228276105,151,166
1762228276122,152,166
1762228276139,152,167
1762228276156,152,167
1762228276172,152,167
1762228276189,153,167
1762228276205,153,167
1762228276225,153,167
1762228276241,154,167
1762228276255,154,166
1762228276272,154,165
1762228276289,155,162
1762228276306,155,155
1762228276322,155,152
1762228276339,155,150
1762228276355,154,149
1762228276372,152,147
1762228276389,152,147
1762228276405,151,147
1762228276422,149,147
1762228276439,149,147
1762228276455,149,147
1762228276472,148,148
1762228276489,148,148
1762228276505,148,148
1762228276522,148,149
1762228276539,148,149
1762228276555,148,150
1762228276572,148,150
1762228276588,148,151
1762228276605,148,151
1762228276622,148,151
1762228276774,148,151
1762228276789,148,152
1762228276805,148,153
1762228276822,147,153
1762228276839,146,156
1762228276855,145,160
1762228276872,145,161
1762228276889,144,164
1762228276905,143,166
1762228276922,143,166
1762228276939,143,167
1762228276955,143,169
1762228276972,143,169
1762228276989,143,169
1762228277005,143,170
1762228277146,143,170
1762228277172,143,172
1762228277189,143,172
1762228277205,143,173
1762228277222,143,175
1762228277239,143,175
1762228277255,143,175
1762228277272,143,176
1762228277322,143,175
1762228277339,142,174
1762228277355,142,171
1762228277372,142,170
1762228277389,141,169
1762228277405,140,168
1762228277422,140,168
1762228277439,140,167
1762228277455,139,167
1762228277483,139,168
1762228277502,139,169
1762228277507,138,171
1762228277539,137,175
1762228277555,137,177
1762228277572,136,178
1762228277592,136,179
1762228277617,136,179
1762228277643,135,179
1762228277665,135,175
1762228277686,135,169
1762228277692,134,168
1762228277705,134,165
1762228277725,134,164
1762228277747,134,164
1762228277790,134,163
1762228277812,134,163
1762228277834,133,166
1762228277856,131,175
1762228277877,130,188
1762228277894,129,202
1762228277910,128,205
1762228277931,128,209
1762228277958,128,210
1762228277992,128,210
1762228278027,128,204
1762228278039,128,200
1762228278055,128,199
1762228278072,128,198
1762228278089,127,197
1762228278105,127,197
1762228278122,126,198
1762228278145,125,200
1762228278242,118,214
1762228278361,122,174
1762228278372,122,173
1762228278389,122,173
1762228278405,122,172
1762228278439,122,173
1762228278455,122,176
1762228278472,121,178
1762228278489,121,180
1762228278506,121,182
1762228278522,120,183
1762228278538,120,184
1762228278556,120,184
1762228278572,120,185
1762228278589,120,185
1762228278620,120,184
1762228278641,120,184
1762228278655,120,184
1762228278672,120,184
1762228278689,120,184
1762228278707,120,184
1762228278722,120,184
1762228278739,121,185
1762228278755,121,187
1762228278772,121,188
1762228278789,121,190
1762228278805,121,192
1762228278822,121,192
1762228278839,121,193
1762228278855,121,194
1762228278872,121,194
1762228278889,121,194
1762228278939,121,193
1762228278955,122,193
1762228278972,122,191
1762228278989,123,190
1762228279005,123,189
1762228279022,123,189
1762228279039,124,189
1762228279070,124,189
1762228279089,124,190
1762228279105,124,191
1762228279122,124,191
1762228279139,124,192
1762228279155,124,192
1762228279172,124,193
1762228279189,124,193
1762228279205,124,192
1762228279222,124,189
1762228279239,124,186
1762228279255,124,175
1762228279272,125,168
1762228279289,125,166
1762228279305,125,166
1762228279322,125,164
1762228279338,125,164
1762228279359,125,164
1762228279372,125,165
1762228279389,125,168
1762228279405,124,172
1762228279422,123,185
1762228279438,123,189
1762228279455,122,192
1762228279472,122,195
1762228279489,122,196
1762228279505,122,196
1762228279529,122,196
1762228279538,122,194
1762228279555,122,190
1762228279572,121,187
1762228279589,120,183
1762228279605,120,182
1762228279622,120,181
1762228279639,119,180
1762228279655,119,180
1762228279672,119,181
1762228279689,118,187
1762228279705,117,191
1762228279723,115,200
1762228279739,115,203
1762228279755,114,204
1762228279772,114,205
1762228279789,114,205
1762228279806,113,205
1762228279855,113,205
1762228279872,113,204
1762228279889,113,201
1762228279905,113,192
1762228279922,113,189
1762228279939,113,184
1762228279955,113,178
1762228279972,113,175
1762228279989,113,175
1762228280005,113,174
1762228280022,113,174
1762228280039,113,175
1762228280055,113,176
1762228280072,113,185
1762228280089,113,188
1762228280105,113,191
1762228280122,113,194
1762228280139,113,195
1762228280155,113,195
1762228280172,113,196
1762228280189,113,195
1762228280205,113,190
1762228280222,113,184
1762228280239,114,178
1762228280255,114,171
1762228280272,114,170
1762228280289,114,169
1762228280305,114,169
1762228280322,114,169
1762228280339,114,169
1762228280355,114,169
1762228280372,114,170
1762228280389,114,176
1762228280405,114,180
1762228280422,114,184
1762228280438,113,191
1762228280455,113,195
1762228280472,113,195
1762228280489,113,196
1762228280505,113,196
1762228280522,113,196
1762228280539,113,194
1762228280555,113,182
1762228280572,113,174
1762228280589,113,166
1762228280606,113,153
1762228280622,113,148
1762228280639,113,147
1762228280655,113,145
1762228280672,113,145
1762228280689,113,145
1762228280713,113,145
1762228280722,113,147
1762228280739,113,151
1762228280755,113,154
1762228280772,113,161
1762228280789,113,164
1762228280805,113,167
1762228280822,113,170
1762228280839,113,171
1762228280855,113,172
1762228280872,113,172
1762228280889,113,172
1762228280905,113,173
1762228280931,113,172
1762228280939,113,171
1762228280955,113,170
1762228280972,113,170
1762228280989,113,169
1762228281005,113,168
1762228281022,113,168
1762228281039,113,169
1762228281055,113,169
1762228281072,113,170
1762228281089,113,175
1762228281105,113,178
1762228281122,113,181
1762228281139,112,184
1762228281155,112,185
1762228281172,112,185
1762228281342,112,185
1762228281355,112,185
1762228281372,112,186
1762228281389,111,186
1762228281405,111,186
1762228281423,111,186
1762228281439,110,188
1762228281456,109,188
1762228281473,107,193
1762228281490,106,198
1762228281507,105,201
1762228281523,104,204
1762228281539,103,205
1762228281556,103,206
1762228281573,103,206
1762228281592,103,206
1762228281607,103,207
1762228281656,103,206
1762228281673,103,202
1762228281690,103,199
1762228281707,103,190
1762228281725,103,185
1762228281742,103,181
1762228281757,104,180
1762228282124,104,180
1762228282152,104,181
1762228282164,104,183
1762228282181,104,185
1762228282197,103,189
1762228282214,102,191
1762228282231,102,193
1762228282247,101,197
1762228282264,101,199
1762228282281,101,200
1762228282297,101,201
1762228282314,101,201
1762228282331,101,201
1762228282347,101,202
1762228282364,101,203
1762228282381,101,203
1762228282397,101,203
1762228282414,101,203
1762228282464,100,203
1762228282559,100,203
1762228282581,100,202
1762228282597,100,199
1762228282614,100,186
1762228282631,100,173
1762228282647,99,168
1762228282664,99,166
1762228282681,99,165
1762228282697,99,165
1762228282714,99,164
1762228282731,99,164
1762228282747,99,165
1762228282764,99,166
1762228282781,98,173
1762228282797,97,179
1762228282814,96,185
1762228282831,95,195
1762228282847,94,198
1762228282864,94,201
1762228282881,93,202
1762228282897,93,203
1762228282914,93,203
1762228282937,93,203
1762228282947,93,202
1762228282964,93,201
1762228282981,93,199
1762228282997,93,189
1762228283014,94,184
1762228283031,94,180
1762228283047,94,175
1762228283064,94,174
1762228283081,94,174
1762228283097,94,173
1762228283114,95,173
1762228283131,95,173
1762228283147,95,174
1762228283164,95,181
1762228283181,93,186
1762228283197,93,192
1762228283214,92,205
1762228283231,91,208
1762228283247,90,212
1762228283264,90,215
1762228283281,90,215
1762228283297,90,216
1762228283314,90,216
1762228283331,90,215
1762228283347,90,208
1762228283364,91,201
1762228283381,92,184
1762228283397,93,177
1762228283414,93,171
1762228283431,94,167
1762228283447,94,166
1762228283464,94,166
1762228283481,94,166
1762228283503,94,167
1762228283519,94,167
1762228283531,94,171
1762228283547,94,174
1762228283564,93,179
1762228283581,91,191
1762228283597,91,198
1762228283614,91,202
1762228283631,91,203
1762228283647,91,205
1762228283664,91,205
1762228283681,92,205
1762228283697,92,205
1762228283714,93,206
1762228283731,93,206
1762228283747,94,206
1762228283764,94,206
1762228283781,95,205
1762228283797,97,204
1762228283814,97,203
1762228283831,98,203
1762228283847,99,203
1762228283864,99,202
1762228283881,99,202
1762228283897,99,202
1762228283914,99,203
1762228283931,100,204
1762228283947,100,204
1762228283964,100,205
1762228283981,100,206
1762228283997,101,206
1762228284014,102,207
1762228284031,102,207
1762228284047,102,208
1762228284064,102,208
1762228284081,102,207
1762228284097,102,206
1762228284114,102,206
1762228284131,102,204
1762228284147,102,203
1762228284164,102,203
1762228284181,102,203
1762228284197,102,203
1762228284214,102,203
1762228284231,101,207
1762228284247,100,210
1762228284264,99,213
1762228284281,98,219
1762228284297,98,220
1762228284314,98,220
1762228284331,98,221
1762228284347,98,221
1762228284371,98,220
1762228284387,98,218
1762228284397,98,214
1762228284414,98,206
1762228284430,99,196
1762228284447,100,172
1762228284464,100,162
1762228284481,100,155
1762228284498,100,146
1762228284514,100,145
1762228284531,100,144
1762228284547,100,144
1762228284564,100,143
1762228284589,100,144
1762228284605,100,144
1762228284614,99,147
1762228284631,98,150
1762228284647,98,153
1762228284664,97,158
1762228284681,97,160
1762228284697,97,161
1762228284714,97,162
1762228284731,97,162
1762228284747,97,162
1762228284764,98,162
1762228284781,99,162
1762228284797,99,162
1762228284814,99,161
1762228284831,100,161
1762228284847,100,161
1762228284951,100,161
1762228284970,100,161
1762228284981,100,161
1762228284997,101,161
1762228285014,102,161
1762228285031,107,161
1762228285047,112,160
1762228285064,113,159
1762228285081,114,159
1762228285097,115,157
1762228285114,115,157
1762228285131,115,156
1762228285147,114,156
1762228285164,113,156
1762228285181,112,156
1762228285197,111,157
1762228285214,110,158
1762228285231,110,158
1762228285247,109,160
1762228285263,109,161
1762228285281,109,161
1762228285297,110,162
1762228285314,114,163
1762228285331,117,163
1762228285347,118,163
1762228285364,120,162
1762228285381,120,161
1762228285397,121,161
1762228285414,121,159
1762228285431,121,159
1762228285447,121,158
1762228285464,120,158
1762228285481,119,158
1762228285497,118,158
1762228285514,117,158
1762228285531,117,158
1762228285547,116,158
1762228285579,116,158
1762228285597,117,157
1762228285614,117,157
1762228285631,119,155
1762228285647,119,155
1762228285664,119,155
1762228285681,120,153
1762228285697,120,153
1762228285714,120,153
1762228285731,117,152
1762228285747,114,152
1762228285764,111,152
1762228285781,105,153
1762228285796,101,153
1762228285814,97,154
1762228285831,97,154
1762228285847,95,154
1762228285864,95,154
1762228285881,95,154
1762228285897,94,154
1762228285959,94,154
1762228285967,95,153
1762228285997,95,153
1762228286014,96,152
1762228286031,96,152
1762228286047,97,152
1762228286064,97,152
1762228286081,97,151
1762228286249,97,151
1762228286265,98,151
1762228286281,99,151
1762228286297,102,151
1762228286314,103,151
1762228286331,105,150
1762228286347,106,149
1762228286364,107,149
1762228286381,108,149
1762228286397,108,148
1762228286414,108,148
1762228286431,108,147
1762228286447,107,147
1762228286464,107,147
1762228286481,103,147
1762228286497,99,147
1762228286514,95,147
1762228286531,95,147
1762228286547,94,147
1762228286564,93,147
1762228286581,93,147
1762228286597,93,147
1762228286635,93,147
1762228286647,94,147
1762228286664,97,147
1762228286681,103,147
1762228286697,113,146
1762228286714,117,145
1762228286731,120,144
1762228286748,127,143
1762228286764,131,143
1762228286781,132,143
1762228286797,132,142
1762228286814,133,142
1762228286831,133,142
1762228286847,134,142
1762228286864,134,142
1762228287022,134,142
1762228287038,134,142
1762228287051,134,142
1762228287064,135,142
1762228287081,136,143
1762228287097,137,144
1762228287114,138,144
1762228287131,139,145
1762228287237,141,146
1762228287247,141,146
1762228287367,141,148
1762228287381,140,148
1762228287398,132,151
1762228287414,129,152
1762228287431,126,154
1762228287447,121,157
1762228287464,121,157
1762228287481,120,159
1762228287497,119,159
1762228287514,119,161
1762228287531,118,163
1762228287547,118,165
1762228287564,118,171
1762228287581,118,174
1762228287597,118,177
1762228287614,117,183
1762228287631,117,186
1762228287647,117,187
1762228287664,117,191
1762228287681,117,191
1762228287697,117,192
1762228287714,117,192
1762228287747,117,192
1762228287764,116,191
1762228287781,116,187
1762228287797,115,183
1762228287814,115,178
1762228287831,113,174
1762228287847,112,172
1762228287864,112,172
1762228287881,110,172
1762228287897,110,172
1762228287914,110,172
1762228287931,108,174
1762228287947,107,176
1762228287964,105,182
1762228287981,104,186
1762228287997,103,192
1762228288014,102,195
1762228288031,102,196
1762228288047,102,197
1762228288097,102,194
1762228288114,102,191
1762228288131,102,186
1762228288147,101,180
1762228288171,101,179
1762228288244,101,181
1762228288373,101,203
1762228288397,101,203
1762228288414,101,201
1762228288431,101,201
1762228288453,102,200
1762228288500,110,204
1762228288664,120,225
1762228288681,120,219
1762228288698,120,210
1762228288714,119,207
1762228288731,119,206
1762228288747,118,204
1762228288764,118,204
1762228288781,118,203
1762228288797,118,203
1762228288814,118,203
1762228288831,118,203
1762228288915,118,203
1762228288931,118,203
1762228288947,118,203
1762228288964,118,204
1762228288981,118,204
1762228288997,118,205
1762228289014,119,206
1762228289031,119,206
1762228289047,119,207
1762228289064,120,208
1762228289081,120,208
1762228289097,120,208
1762228289114,120,208
1762228289136,120,208
1762228289149,120,208
1762228289164,120,208
1762228289214,120,208
1762228289231,119,208
1762228289588,119,208
1762228289616,119,209
1762228289632,119,209
1762228289645,119,209
1762228289659,118,210
1762228289673,118,210
1762228289683,118,211
1762228289698,118,212
1762228289715,118,214
1762228289732,118,214
1762228289748,118,215
1762228289765,118,216
1762228289782,117,216
1762228289798,117,216
1762228289815,117,216
1762228289852,117,216
1762228289865,117,216
1762228289887,117,216
1762228290092,117,217
1762228290107,118,219
1762228290115,122,224
1762228290134,128,231
1762228290150,138,240
1762228290166,166,264
1762228290183,186,279
1762228290200,207,295
1762228290217,252,327
1762228290233,266,337
1762228290250,277,345
1762228290268,285,350
1762228290417,286,350
1762228290434,290,351
1762228290450,313,356
1762228290467,334,361
1762228290489,362,369
1762228290502,431,390
1762228290520,470,404
1762228290534,510,418
1762228290552,562,437
1762228290570,577,444
1762228290587,588,448
1762228290603,597,452
1762228290748,598,453
1762228290753,602,455
1762228290768,610,460
1762228290784,619,466
1762228290803,630,475
1762228290819,655,490
1762228290840,668,498
1762228290850,692,512
1762228290866,701,517
1762228290888,708,521
1762228290900,716,525
1762228290918,717,526
1762228290937,717,526
1762228290954,717,526
1762228291121,718,526
1762228291136,719,527
1762228291152,722,527
1762228291167,732,530
1762228291184,740,531
1762228291203,751,533
1762228291217,770,537
1762228291235,779,539
1762228291254,786,541
1762228291266,798,544
1762228291283,801,545
1762228291299,802,545
1762228291428,802,545
1762228291439,802,546
1762228291450,800,547
1762228291472,798,550
1762228291483,795,557
1762228291500,789,572
1762228291516,787,579
1762228291535,785,588
-1,-1,-1
1762228212845,109,223
1762228212864,108,223
1762228212881,107,223
1762228212898,106,223
1762228212914,106,223
1762228212931,105,223
1762228212948,105,225
1762228212964,105,225
1762228212981,105,225
1762228212998,105,226
1762228213015,106,226
1762228213031,107,226
1762228213048,113,226
1762228213065,116,224
1762228213082,119,223
1762228213098,123,219
1762228213115,124,217
1762228213131,125,215
1762228213148,126,213
1762228213165,126,212
1762228213181,126,212
1762228213198,122,211
1762228213215,115,212
1762228213231,112,213
1762228213248,109,216
1762228213265,103,222
1762228213281,101,225
1762228213297,100,228
1762228213315,99,230
1762228213331,99,231
1762228213347,99,231
1762228213364,101,232
1762228213382,102,232
1762228213398,102,232
1762228213415,104,232
1762228213433,104,232
1762228213451,104,232
1762228213465,104,231
1762228213481,104,230
1762228213498,104,230
1762228213515,103,230
1762228213531,102,230
1762228213547,102,231
1762228213565,101,231
1762228213581,100,233
1762228213598,100,234
1762228213615,100,234
1762228213632,100,235
1762228213648,101,235
1762228213665,102,235
1762228213681,104,234
1762228213698,105,232
1762228213714,105,232
1762228213731,105,231
1762228213748,105,229
1762228213764,104,228
1762228213781,103,228
1762228213808,102,226
1762228213814,101,226
1762228213831,98,225
1762228213848,96,224
1762228213864,96,224
1762228213881,95,223
1762228213898,94,223
1762228213914,94,223
1762228213931,94,223
1762228213948,94,223
1762228213964,93,222
1762228213981,93,222
1762228213998,93,221
1762228214015,93,220
1762228214031,92,219
1762228214048,92,219
1762228214065,91,218
1762228214081,91,218
1762228214098,91,218
1762228214114,91,217
1762228214131,90,217
1762228214148,90,217
1762228214164,90,216
1762228214181,89,216
1762228214198,89,216
1762228214214,89,216
1762228214231,88,216
1762228214248,88,216
1762228214272,87,217
1762228214281,87,217
1762228214298,87,218
1762228214314,87,218
1762228214331,87,219
1762228214348,87,220
1762228214364,87,220
1762228214381,87,221
1762228214398,87,221
1762228214415,87,222
1762228214431,87,222
1762228214448,87,222
1762228214464,87,223
1762228214481,87,223
1762228214498,87,225
1762228214515,87,226
1762228214531,87,227
1762228214548,87,228
1762228214564,87,228
1762228214581,87,229
1762228214598,87,230
1762228214614,87,230
1762228214631,87,231
1762228214648,87,232
1762228214664,86,233
1762228214681,86,234
1762228214698,86,234
1762228214714,86,234
1762228214737,86,235
1762228214755,86,235
1762228214764,86,235
1762228214789,87,235
1762228214805,87,235
1762228214814,88,235
1762228214831,90,235
1762228214848,93,235
1762228214865,102,235
1762228214881,106,235
1762228214898,110,234
1762228214915,117,233
1762228214931,123,233
1762228214948,125,232
1762228214964,127,232
1762228214981,129,232
1762228214998,129,231
1762228215014,130,231
1762228215031,131,231
1762228215048,131,231
1762228215064,132,231
1762228215081,132,231
1762228215098,133,231
1762228215115,133,231
1762228215131,133,231
1762228215148,134,231
1762228215172,134,231
1762228215197,134,231
1762228215215,134,231
1762228215232,134,231
1762228215248,135,231
1762228215265,136,231
1762228215281,136,231
1762228215297,137,231
1762228215314,137,231
1762228215332,138,231
1762228215348,138,231
1762228215370,138,231
1762228215382,138,231
1762228215398,139,230
1762228215414,139,230
1762228215431,140,230
1762228215448,140,230
1762228215465,142,230
1762228215481,142,229
1762228215498,143,229
1762228215514,144,229
1762228215531,144,229
1762228215547,144,229
1762228215564,145,229
1762228215581,145,229
1762228215598,145,229
1762228215614,145,229
1762228215630,145,229
1762228215648,146,229
1762228215672,146,229
1762228215681,147,229
1762228215698,147,229
1762228215714,147,229
1762228215731,148,229
1762228215748,148,229
1762228215764,149,229
1762228215781,150,229
1762228215797,150,229
1762228215814,150,229
1762228215831,152,229
1762228215847,152,229
1762228215865,153,229
1762228215881,153,229
1762228215898,154,229
1762228215915,154,229
1762228215936,155,229
1762228215948,155,229
1762228215964,155,229
1762228216034,155,229
1762228216048,155,228
1762228216070,155,228
1762228216082,156,228
1762228216098,156,228
1762228216114,156,227
1762228216131,156,227
1762228216148,156,227
1762228216359,156,227
1762228216372,155,226
1762228216381,155,226
1762228216398,154,226
1762228216415,154,225
1762228216431,152,225
1762228216448,152,224
1762228216464,151,223
1762228216481,150,223
1762228216498,149,222
1762228216514,149,222
1762228216531,147,221
1762228216548,146,221
1762228216564,144,221
1762228216581,139,220
1762228216598,133,220
1762228216614,130,220
1762228216631,127,220
1762228216648,125,220
1762228216664,125,220
1762228216681,125,220
1762228216698,124,220
1762228216714,124,220
1762228216731,124,220
1762228216748,124,220
1762228216764,124,220
1762228216781,125,220
1762228216797,129,220
1762228216814,131,220
1762228216831,132,220
1762228216848,133,220
1762228216864,134,219
1762228216881,135,219
1762228216898,135,218
1762228216914,136,217
1762228216931,136,216
1762228216948,136,216
1762228216964,136,216
1762228216988,136,215
1762228217004,136,215
1762228217024,136,215
1762228217037,136,214
1762228217048,135,214
1762228217064,132,214
1762228217081,128,214
1762228217098,123,214
1762228217115,115,214
1762228217131,103,215
1762228217148,97,215
1762228217164,92,216
1762228217181,87,216
1762228217198,85,217
1762228217214,84,217
1762228217231,83,217
1762228217248,83,217
1762228217264,83,217
1762228217281,83,217
1762228217297,82,217
1762228217348,82,218
1762228217364,82,218
1762228217381,82,218
1762228217398,81,218
1762228217762,81,218
1762228217789,81,218
1762228217806,81,218
1762228217822,81,219
1762228217839,81,219
1762228217855,81,220
1762228217874,80,221
1762228217888,80,221
1762228217908,79,223
1762228217922,79,223
1762228217955,79,223
1762228217972,79,224
1762228217992,79,224
1762228218005,79,224
1762228218022,79,224
1762228218039,78,225
1762228218055,78,226
1762228218071,78,226
1762228218089,78,226
1762228218105,78,226
1762228218122,78,227
1762228218194,78,227
1762228218222,78,227
1762228218272,78,228
1762228218289,78,228
1762228218305,78,229
1762228218322,78,230
1762228218339,79,232
1762228218355,79,232
1762228218372,79,233
1762228218389,80,234
1762228218405,80,234
1762228218422,80,235
1762228218439,80,235
1762228218455,80,235
1762228218474,80,235
1762228218500,80,235
1762228218507,80,235
1762228218524,81,235
1762228218539,81,235
1762228218555,81,235
1762228218572,82,235
1762228218589,85,235
1762228218605,89,234
1762228218622,91,234
1762228218639,94,233
1762228218655,101,233
1762228218671,104,232
1762228218689,108,232
1762228218705,116,231
1762228218722,119,231
1762228218739,122,230
1762228218755,126,229
1762228218772,129,228
1762228218788,133,226
1762228218805,134,226
1762228218822,135,224
1762228218838,136,224
1762228218855,136,224
1762228218872,136,223
1762228218889,137,223
1762228218905,137,222
1762228218922,136,222
1762228218938,136,221
1762228218955,135,221
1762228218972,133,220
1762228218989,130,219
1762228219005,127,219
1762228219022,119,218
1762228219039,116,218
1762228219055,111,219
1762228219071,108,221
1762228219088,106,225
1762228219105,105,228
1762228219121,104,231
1762228219139,104,233
1762228219155,103,236
1762228219172,103,237
1762228219189,103,238
1762228219205,103,238
1762228219222,104,238
1762228219239,107,239
1762228219255,110,239
1762228219272,113,239
1762228219288,118,238
1762228219305,120,237
1762228219322,122,236
1762228219339,124,236
1762228219355,124,235
1762228219371,125,235
1762228219389,125,235
1762228219405,125,235
1762228219426,125,235
1762228219442,125,234
1762228219455,123,234
1762228219472,120,234
1762228219489,114,234
1762228219505,104,235
1762228219522,96,238
1762228219539,94,239
1762228219555,93,240
1762228219572,92,241
1762228219588,91,242
1762228219605,91,242
1762228219622,92,242
1762228219638,94,243
1762228219655,98,243
1762228219672,105,242
1762228219689,109,242
1762228219705,111,242
1762228219722,112,241
1762228219739,113,241
1762228219755,113,240
1762228219772,113,240
1762228219789,110,238
1762228219805,107,238
1762228219822,103,238
1762228219839,99,237
1762228219855,96,237
1762228219872,95,237
1762228219889,92,238
1762228219905,91,239
1762228219922,91,240
1762228219939,90,242
1762228219955,90,243
1762228219972,91,243
1762228219989,95,245
1762228220005,98,245
1762228220022,107,246
1762228220039,112,246
1762228220055,116,245
1762228220072,117,245
1762228220089,118,245
1762228220105,118,245
1762228220126,119,245
1762228220142,119,245
1762228220155,119,245
1762228220172,119,244
1762228220189,120,244
1762228220205,122,244
1762228220222,125,243
1762228220239,128,243
1762228220255,132,242
1762228220272,136,242
1762228220289,137,242
1762228220305,138,241
1762228220322,139,241
1762228220338,139,241
1762228220355,139,241
1762228220372,140,241
1762228220422,140,240
1762228220490,140,240
1762228220506,140,240
1762228220522,139,240
1762228221629,143,241
1762228221649,144,240
1762228221665,148,239
1762228221682,149,237
1762228221699,150,236
1762228221715,150,235
1762228221732,151,233
1762228221748,151,233
1762228221765,150,232
1762228221782,147,231
1762228221799,145,231
1762228221815,143,230
1762228221832,140,230
1762228221849,139,230
1762228221865,139,230
1762228221882,138,230
1762228221899,138,230
1762228221915,138,230
1762228221948,138,230
1762228221972,138,231
1762228221987,138,231
1762228221999,138,231
1762228222093,137,231
1762228222108,137,231
1762228222149,136,231
1762228222165,136,231
1762228222181,135,231
1762228222198,133,231
1762228222926,136,190
1762228222946,136,192
1762228222962,136,195
1762228222979,136,196
1762228222995,135,198
1762228223012,135,198
1762228223029,135,199
1762228223046,135,200
1762228223095,135,200
1762228223112,136,200
1762228223129,136,200
1762228223146,136,199
1762228223162,136,199
1762228223179,136,198
1762228223196,136,197
1762228223212,136,197
1762228223229,135,197
1762228223246,134,197
1762228223262,132,198
1762228223279,131,198
1762228223296,130,199
1762228223312,130,200
1762228223329,130,200
1762228223346,130,201
1762228223362,131,201
1762228223379,131,202
1762228223396,132,202
1762228223412,133,201
1762228223429,135,200
1762228223446,135,199
1762228223462,136,194
1762228223479,136,190
1762228223496,136,188
1762228223512,135,187
1762228223529,134,186
1762228223546,133,186
1762228223562,132,185
1762228223579,131,185
1762228223596,131,186
1762228223612,130,187
1762228223629,129,189
1762228223646,129,190
1762228223662,128,190
1762228223679,129,191
1762228223696,129,191
1762228223712,129,191
1762228223729,131,191
1762228223746,131,190
1762228223762,131,190
1762228223779,131,189
1762228223795,132,189
1762228223815,132,189
1762228223831,131,190
1762228223845,131,191
1762228223862,131,192
1762228223879,131,194
1762228223896,131,198
1762228223912,131,199
1762228223929,131,200
1762228223945,132,200
1762228223962,132,201
1762228223979,133,201
1762228223996,133,200
1762228224012,133,200
1762228224029,133,200
1762228224046,133,199
1762228224062,133,198
1762228224079,133,198
1762228224095,133,198
1762228224112,133,198
1762228224129,132,197
1762228224146,132,197
1762228224220,132,197
1762228224229,133,197
1762228224246,133,197
1762228224262,133,196
1762228224279,134,188
1762228224296,135,184
1762228224313,136,177
1762228224329,136,163
1762228224346,136,157
1762228224362,135,153
1762228224379,134,149
1762228224395,134,148
1762228224412,133,147
1762228224429,133,147
1762228224445,133,147
1762228224462,133,147
1762228224479,132,148
1762228224496,132,150
1762228224512,132,150
1762228224529,132,151
1762228224545,132,152
1762228224562,132,153
1762228224579,133,153
1762228224596,133,153
1762228224612,133,153
1762228224629,134,153
1762228224646,134,153
1762228224662,134,153
1762228224727,134,154
1762228224746,134,154
1762228224762,134,155
1762228224779,135,158
1762228224796,135,159
1762228224812,139,163
1762228224829,142,165
1762228224845,145,167
1762228224862,151,169
1762228224879,151,169
1762228224895,152,169
1762228224912,153,170
1762228224929,153,170
1762228224945,153,169
1762228224962,153,169
1762228224979,152,168
1762228224995,150,167
1762228225012,148,167
1762228225029,146,167
1762228225045,146,167
1762228225062,145,167
1762228225079,145,167
1762228225096,144,168
1762228225112,144,168
1762228225129,144,169
1762228225146,144,169
1762228225162,143,169
1762228225258,143,170
1762228225270,143,170
1762228225282,143,170
1762228225308,143,171
1762228225315,143,172
1762228225332,143,174
1762228225346,143,176
1762228225362,143,178
1762228225379,143,180
1762228225396,143,181
1762228225412,143,182
1762228225439,143,182
1762228225460,143,182
1762228225479,143,180
1762228225495,143,176
1762228225512,143,170
1762228225529,143,167
1762228225545,143,164
1762228225562,143,161
1762228225579,143,161
1762228225595,143,160
1762228225612,142,160
1762228225629,142,160
1762228225646,142,160
1762228225662,141,160
1762228225679,140,165
1762228225696,139,170
1762228225712,138,173
1762228225729,137,178
1762228225746,137,180
1762228225762,137,181
1762228225779,136,182
1762228225795,136,182
1762228225812,136,182
1762228225829,136,183
1762228225846,136,182
1762228225863,137,182
1762228225879,137,179
1762228225895,137,178
1762228225912,137,174
1762228225929,137,171
1762228225946,136,170
1762228225962,136,170
1762228225979,136,169
1762228225996,136,169
1762228226012,135,170
1762228226029,135,171
1762228226046,133,177
1762228226062,132,181
1762228226079,132,187
1762228226096,130,199
1762228226112,130,203
1762228226128,130,207
1762228226146,130,208
1762228226162,130,208
1762228226187,130,208
1762228226202,130,207
1762228226212,130,206
1762228226229,131,203
1762228226246,131,199
1762228226262,132,188
1762228226279,132,184
1762228226296,132,179
1762228226312,132,175
1762228226329,132,174
1762228226345,132,173
1762228226362,132,173
1762228226412,132,173
1762228226428,131,175
1762228226446,131,176
1762228226462,130,177
1762228226479,130,177
1762228226495,129,178
1762228226512,129,178
1762228226529,129,177
1762228226545,129,177
1762228226562,129,176
1762228226579,129,174
1762228226595,129,173
1762228226612,129,172
1762228226629,129,171
1762228226646,129,171
1762228226662,129,170
1762228226684,129,170
1762228226729,129,171
1762228226745,129,172
1762228226762,129,175
1762228226778,129,176
1762228226796,129,178
1762228226812,129,178
1762228226829,129,178
1762228226845,130,179
1762228226862,130,177
1762228226879,131,177
1762228226896,131,176
1762228226912,131,172
1762228226929,131,170
1762228226946,131,169
1762228226962,131,168
1762228226979,131,168
1762228226996,130,167
1762228227012,130,167
1762228227032,130,167
1762228227045,130,167
1762228227062,130,168
1762228227079,130,169
1762228227095,129,170
1762228227112,129,171
1762228227129,129,172
1762228227153,129,172
1762228227195,129,172
1762228227212,129,171
1762228227229,129,169
1762228227246,129,169
1762228227262,129,168
1762228227279,129,167
1762228227296,129,167
1762228227312,129,167
1762228227329,129,166
1762228227442,129,167
1762228227462,129,167
1762228227482,129,167
1762228227496,129,168
1762228227512,129,168
1762228227588,129,168
1762228227604,129,167
1762228227612,129,166
1762228227629,129,166
1762228227645,129,165
1762228227662,129,164
1762228227679,129,164
1762228227696,129,163
1762228227712,129,163
1762228227729,129,163
1762228227748,129,163
1762228227762,129,164
1762228227779,129,164
1762228227795,128,167
1762228227812,128,171
1762228227829,128,172
1762228227846,128,176
1762228227862,128,176
1762228227879,128,177
1762228227895,128,177
1762228227926,128,177
1762228227941,128,176
1762228227952,128,174
1762228227965,128,171
1762228227979,129,167
1762228227995,129,164
1762228228012,129,163
1762228228029,129,161
1762228228045,129,160
1762228228069,130,160
1762228228085,130,160
1762228228095,131,160
1762228228112,132,161
1762228228129,133,162
1762228228146,136,166
1762228228162,138,169
1762228228179,138,170
1762228228196,140,174
1762228228212,141,175
1762228228229,141,175
1762228228246,141,176
1762228228261,141,176
1762228228279,141,177
1762228228296,141,177
1762228228345,141,177
1762228228362,141,178
1762228228379,141,178
1762228228395,141,179
1762228228412,141,180
1762228228429,142,183
1762228228446,142,184
1762228228462,142,186
1762228228479,142,187
1762228228496,142,187
1762228229412,147,182
1762228229416,147,183
1762228229447,147,185
1762228229464,147,186
1762228229480,147,190
1762228229497,147,193
1762228229513,147,195
1762228229530,147,195
1762228229547,147,196
1762228229564,147,197
1762228229580,147,197
1762228229597,147,197
1762228229614,147,198
1762228229639,147,198
1762228229650,147,198
1762228229664,147,199
1762228229691,147,200
1762228229735,147,203
1762228229778,147,205
1762228229797,147,205
1762228229821,147,206
1762228229830,147,206
1762228229853,147,206
1762228229941,147,206
1762228229964,147,205
1762228229980,147,197
1762228229997,147,190
1762228230014,147,188
1762228230030,147,187
1762228230047,147,186
1762228230064,147,185
1762228230114,147,186
1762228230130,147,186
1762228230147,147,188
1762228230164,147,189
1762228230180,146,190
1762228230197,145,194
1762228230213,145,198
1762228230230,145,200
1762228230247,145,202
1762228230264,144,205
1762228230280,144,205
1762228230297,144,206
1762228230314,144,206
1762228230330,144,207
1762228230499,144,206
1762228230513,144,206
1762228230530,144,205
1762228230547,144,200
1762228230564,144,194
1762228230580,145,181
1762228230597,145,176
1762228230614,145,171
1762228230629,145,168
1762228230647,145,167
1762228230663,145,167
1762228230687,145,167
1762228230697,145,166
1762228230713,145,166
1762228230786,145,167
1762228230797,145,167
1762228230814,145,168
1762228230830,145,170
1762228230846,146,174
1762228230863,146,176
1762228230880,147,177
1762228230897,148,178
1762228230913,148,179
1762228230930,148,180
1762228230947,148,180
1762228230963,149,180
1762228230980,149,180
1762228231100,149,181
1762228231114,149,181
1762228231132,149,181
1762228231180,149,182
1762228231197,149,182
1762228231213,150,182
1762228231230,150,183
1762228231247,151,183
1762228231263,151,184
1762228231280,151,184
1762228231297,151,184
1762228231313,152,184
1762228231330,152,183
1762228231347,152,182
1762228231363,152,182
1762228231380,153,180
1762228231397,153,179
1762228231413,153,179
1762228231430,153,178
1762228231446,153,178
1762228231463,153,177
1762228231480,153,177
1762228231497,153,176
1762228231513,153,176
1762228231632,153,176
1762228231647,153,177
1762228231664,152,178
1762228231680,152,178
1762228231696,151,179
1762228231713,150,180
1762228231730,150,183
1762228231747,149,184
1762228231764,148,191
1762228231780,148,194
1762228231796,148,197
1762228231814,147,203
1762228231830,147,205
1762228231847,147,207
1762228231864,147,211
1762228231880,147,212
1762228231896,147,213
1762228231914,147,214
1762228231930,147,214
1762228231947,147,214
1762228231964,147,215
1762228231980,147,215
1762228232003,147,215
1762228232066,147,215
1762228232090,146,216
1762228232097,146,216
1762228232114,146,217
1762228232130,146,218
1762228232147,146,218
1762228232164,146,218
1762228232180,146,218
1762228232197,146,219
1762228232260,146,219
1762228232280,146,218
1762228232297,146,218
1762228232313,146,218
1762228232330,146,217
1762228232347,145,213
1762228232363,144,210
1762228232380,143,210
1762228232397,143,209
1762228232413,142,208
1762228232430,142,207
1762228232447,141,207
1762228232463,141,207
1762228232480,141,207
1762228232503,141,207
1762228232513,141,208
1762228232530,141,208
1762228232547,141,209
1762228232563,141,212
1762228232580,141,214
1762228232597,141,215
1762228232613,141,216
1762228232630,141,217
1762228232647,141,217
1762228232664,141,217
1762228232720,141,217
1762228232730,140,213
1762228232747,140,209
1762228232763,140,203
1762228232780,138,194
1762228232796,138,190
1762228232813,138,187
1762228232830,137,181
1762228232847,137,178
1762228232863,137,174
1762228232880,137,173
1762228232897,137,173
1762228232913,137,173
1762228232930,137,172
1762228232947,137,172
1762228232963,137,172
1762228232980,137,173
1762228232997,137,175
1762228233013,137,175
1762228233030,137,176
1762228233047,137,178
1762228233063,137,178
1762228233080,138,179
1762228233097,138,179
1762228233113,138,179
1762228233130,138,179
1762228233147,138,179
1762228233163,138,176
1762228233180,138,173
1762228233197,138,171
1762228233213,138,168
1762228233230,138,167
1762228233247,138,167
1762228233263,138,166
1762228233280,138,166
1762228233297,137,166
1762228233313,137,166
1762228233331,137,166
1762228233347,137,166
1762228233363,137,167
1762228233380,135,171
1762228233397,135,173
1762228233413,135,175
1762228233430,134,176
1762228233447,134,177
1762228233463,134,177
1762228233480,134,178
1762228233497,134,178
1762228233526,134,177
1762228233539,134,175
1762228233552,135,172
1762228233565,135,169
1762228233580,135,166
1762228233597,135,163
1762228233613,135,161
1762228233630,135,161
1762228233647,135,160
1762228233664,135,160
1762228233679,135,159
1762228233697,135,159
1762228233714,135,160
1762228233730,135,160
1762228233747,136,165
1762228233763,136,170
1762228233780,137,173
1762228233797,137,178
1762228233813,138,179
1762228233830,138,180
1762228233847,138,180
1762228233863,139,181
1762228233914,139,179
1762228233930,139,178
1762228233947,139,175
1762228233963,138,171
1762228233980,138,170
1762228233997,138,169
1762228234013,137,168
1762228234030,137,168
1762228234047,137,168
1762228234097,137,168
1762228234113,137,169
1762228234130,137,170
1762228234147,137,171
1762228234163,138,171
1762228234180,138,171
1762228234201,138,171
1762228234220,138,171
1762228234230,139,170
1762228234247,139,169
1762228234263,139,169
1762228234280,139,168
1762228234297,139,168
1762228234313,139,168
1762228234346,139,168
1762228234363,139,169
1762228234380,139,170
1762228234397,139,172
1762228234413,139,172
1762228234430,139,172
1762228234447,139,173
1762228234463,139,173
1762228244886,713,184
1762228247554,712,183
1762228247564,712,183
1762228247614,711,183
1762228247630,711,183
1762228247647,711,183
1762228250103,712,183
1762228250755,712,183
1762228251090,713,183
1762228251103,714,182
1762228251119,715,182
1762228251136,716,182
1762228251152,717,181
1762228251169,718,181
1762228251186,718,181
1762228251202,719,181
1762228251219,719,180
1762228251236,718,180
1762228251252,717,179
1762228251269,715,179
1762228251286,714,179
1762228251302,713,179
1762228251319,712,180
1762228251336,711,180
1762228251352,711,181
1762228251369,711,182
1762228251386,711,182
1762228251402,711,183
1762228251418,711,184
1762228251436,712,184
1762228251452,713,184
1762228251469,713,184
1762228251486,713,184
1762228251502,715,184
1762228251519,715,183
1762228251536,716,183
1762228251552,716,183
1762228251571,716,182
1762228251595,715,182
1762228251603,715,183
1762228251619,714,183
1762228251636,714,184
1762228251652,714,185
1762228251669,713,186
1762228251686,713,187
1762228251702,713,187
1762228251719,713,188
1762228251736,713,188
1762228251752,714,188
1762228251769,714,188
1762228251786,715,187
1762228251802,715,186
1762228251819,716,186
1762228251836,716,185
1762228251852,716,185
1762228251869,716,185
1762228251886,715,185
1762228251902,715,185
1762228251919,715,185
1762228251937,715,185
1762228251952,715,186
1762228251969,715,186
1762228251986,715,186
1762228252002,716,186
1762228252019,716,186
1762228252036,716,186
1762228252052,717,186
1762228252078,717,186
1762228252087,716,187
1762228252103,716,187
1762228252119,716,187
1762228252136,715,188
1762228252152,715,189
1762228252169,715,189
1762228252186,715,190
1762228252202,715,190
1762228252219,715,191
1762228252236,716,191
1762228252252,716,191
1762228252269,717,191
1762228252286,718,191
1762228252302,718,190
1762228252319,718,189
1762228252336,718,189
1762228252352,718,189
1762228252369,718,188
1762228252385,717,188
1762228252402,716,188
1762228252419,716,189
1762228252436,715,189
1762228252452,715,190
1762228252469,715,190
1762228252489,715,190
1762228252502,716,190
1762228252519,716,190
1762228252536,717,190
1762228252552,718,190
1762228252569,718,190
1762228252619,717,190
1762228252636,716,190
1762228252652,716,191
1762228252669,715,191
1762228252686,714,192
1762228252702,714,192
1762228252719,713,193
1762228252736,713,193
1762228252752,713,193
1762228252769,713,192
1762228252786,713,191
1762228252802,713,191
1762228252819,713,190
1762228252836,713,189
1762228252852,713,188
1762228252875,713,188
1762228252886,713,188
1762228252958,713,188
1762228252981,713,187
1762228252997,713,187
1762228253005,713,186
1762228253021,713,186
1762228253036,715,184
1762228253052,715,183
1762228253069,716,183
1762228253086,716,182
1762228253102,717,182
1762228253119,717,181
1762228253136,717,181
1762228253152,717,181
1762228253169,717,181
1762228253186,716,181
1762228253202,715,182
1762228253219,714,184
1762228253236,714,184
1762228253252,713,185
1762228253269,713,186
1762228253286,713,186
1762228253302,714,186
1762228253319,716,185
1762228253336,716,184
1762228253352,717,184
1762228253369,717,183
1762228253386,717,183
1762228253402,717,183
1762228253419,716,182
1762228253436,715,182
1762228253452,715,182
1762228253469,714,182
1762228253486,714,182
1762228253502,714,182
1762228253553,714,182
1762228253569,714,182
1762228253585,715,182
1762228253602,717,181
1762228253619,718,180
1762228253636,719,178
1762228253652,719,177
1762228253669,720,177
1762228253686,720,176
1762228253702,719,176
1762228253719,719,176
1762228253736,718,176
1762228253752,717,177
1762228253769,716,177
1762228253786,716,177
1762228253802,716,178
1762228253819,716,178
1762228253836,716,179
1762228253852,716,179
1762228253870,716,178
1762228253886,717,178
1762228253902,719,176
1762228253919,719,176
1762228253936,719,175
1762228253952,719,175
1762228253969,719,174
1762228253986,719,174
1762228254002,717,175
1762228254019,717,175
1762228254036,715,176
1762228254052,715,176
1762228254069,714,177
1762228254086,714,177
1762228254102,714,178
1762228254119,715,178
1762228254136,716,178
1762228254152,717,177
1762228254169,718,176
1762228254186,718,175
1762228254202,718,175
1762228254219,718,174
1762228254236,718,174
1762228254252,718,173
1762228254269,716,173
1762228254286,714,173
1762228254302,714,173
1762228254319,713,174
1762228254336,713,174
1762228254352,713,174
1762228254369,713,175
1762228254386,713,175
1762228254402,713,175
1762228254419,714,175
1762228254436,715,175
1762228254452,716,175
1762228254469,716,175
1762228254486,716,174
1762228254502,716,174
1762228254519,716,174
1762228254536,716,174
1762228254552,715,173
1762228254569,715,173
1762228254586,714,173
1762228254602,714,173
1762228254652,715,173
1762228254669,716,173
1762228254686,718,173
1762228254702,721,173
1762228254719,722,173
1762228254736,723,173
1762228254752,724,172
1762228254769,724,171
1762228254786,724,171
1762228254802,724,171
1762228254819,724,170
1762228254841,724,170
1762228254890,725,170
1762228254905,725,170
1762228254919,725,170
1762228255052,725,170
1762228255060,724,170
1762228255086,724,170
1762228255102,723,171
1762228255119,723,172
1762228255136,722,172
1762228255152,722,172
1762228255169,722,172
1762228255186,721,173
1762228255246,721,173
1762228255253,722,173
1762228255269,722,172
1762228255286,722,172
1762228255302,722,172
1762228255325,722,171
1762228255341,721,171
1762228255352,721,171
1762228255369,721,171
1762228255386,721,171
1762228255402,720,171
1762228255462,721,171
1762228255469,721,171
1762228255486,721,171
1762228255502,722,171
1762228255519,722,170
1762228255536,723,169
1762228255552,723,169
1762228255569,723,168
1762228255586,722,168
1762228255602,722,168
1762228255619,721,168
1762228255636,720,168
1762228255652,720,168
1762228255669,719,169
1762228255686,719,169
1762228255702,718,169
1762228255719,718,170
1762228255736,719,170
1762228255753,719,171
1762228255769,720,171
1762228255786,721,170
1762228255803,721,169
1762228255819,722,168
1762228255836,722,167
1762228255852,722,166
1762228255869,722,166
1762228255886,722,166
1762228255902,721,166
1762228255919,721,166
1762228255936,720,166
1762228255952,719,166
1762228255969,719,167
1762228255986,719,167
1762228256002,718,168
1762228256019,718,168
1762228256041,718,168
1762228256052,718,169
1762228256139,718,168
1762228256152,718,168
1762228256169,718,168
1762228256186,718,168
1762228256202,717,168
1762228256219,716,168
1762228256237,716,168
1762228256259,716,168
1762228256302,716,168
1762228256319,717,168
1762228256336,718,168
1762228256352,719,167
1762228256369,720,167
1762228256386,721,166
1762228256402,721,166
1762228256419,721,165
1762228256436,721,165
1762228256452,721,165
1762228256469,719,165
1762228256486,718,165
1762228256502,718,166
1762228256519,717,166
1762228256536,717,166
1762228256552,717,166
1762228256569,717,166
1762228256728,717,166
1762228256752,717,167
1762228256772,717,167
1762228256786,717,167
1762228256802,717,167
1762228256819,717,168
1762228256836,718,168
1762228256852,718,167
1762228256869,719,167
1762228256886,719,166
1762228256902,719,165
1762228256919,719,164
1762228256936,719,164
1762228256952,719,163
1762228256969,718,163
1762228256986,718,164
1762228257002,718,164
1762228257019,717,165
1762228257036,717,165
1762228257052,717,165
1762228257069,717,166
1762228257086,717,166
1762228257102,717,166
1762228257119,718,166
1762228257136,718,166
1762228257152,718,166
1762228257169,718,165
1762228257186,718,165
1762228257202,718,165
1762228257219,718,165
1762228257236,718,165
1762228257252,717,166
1762228257269,717,167
1762228257286,716,167
1762228257302,716,168
1762228257319,716,169
1762228257348,716,169
1762228257355,716,168
1762228257371,717,168
1762228257386,717,168
1762228257423,717,167
1762228257436,716,167
1762228257452,715,167
1762228257470,714,167
1762228257486,714,168
1762228257502,714,168
1762228257519,714,169
1762228257536,714,169
1762228257552,714,170
1762228257569,714,170
1762228257586,715,170
1762228257602,716,170
1762228257619,716,169
1762228257636,717,169
1762228257652,718,168
1762228257669,718,167
1762228257686,718,167
1762228257702,718,166
1762228257719,718,166
1762228257741,718,166
1762228257786,718,167
1762228257802,718,167
1762228257819,718,172
1762228257836,718,175
1762228257851,718,176
1762228257869,718,180
1762228257886,718,181
1762228257902,718,182
1762228257919,718,183
1762228257935,718,183
1762228257952,718,183
1762228257969,718,184
1762228258058,718,184
1762228258073,718,184
1762228258086,719,183
1762228258102,720,183
1762228258119,720,183
1762228258136,721,183
1762228258152,721,182
1762228258169,722,182
1762228258186,722,182
1762228258202,722,182
1762228258219,723,182
1762228258241,723,182
1762228258265,723,182
1762228258273,723,182
1762228258319,724,181
1762228258336,724,181
1762228258352,724,181
1762228258369,724,181
1762228258386,725,181
1762228258484,725,181
1762228258564,725,181
1762228258586,725,181
1762228258602,725,180
1762228258619,725,178
1762228258636,724,174
1762228258652,723,171
1762228258669,722,167
1762228258686,721,166
1762228258703,721,165
1762228258719,720,165
1762228258736,720,164
1762228258752,720,164
1762228258769,720,164
1762228258786,719,164
1762228258801,718,164
1762228258819,718,164
1762228258836,717,164
1762228258852,716,164
1762228258869,716,164
1762228258886,715,165
1762228258902,715,165
1762228258920,715,165
1762228258969,715,164
1762228258986,715,164
1762228259002,715,163
1762228259019,716,161
1762228259036,716,160
1762228259052,716,160
1762228259069,716,160
1762228259086,716,159
1762228259102,716,159
1762228259143,716,159
1762228260266,841,170
1762228260294,841,171
1762228260310,841,172
1762228260327,841,173
1762228260344,841,174
1762228260360,841,175
1762228260377,841,175
1762228260394,841,176
1762228260411,842,176
1762228260427,842,176
1762228260450,843,176
1762228260460,843,176
1762228260477,843,176
1762228260494,844,174
1762228260511,845,170
1762228260527,846,168
1762228260544,846,167
1762228260561,846,165
1762228260577,846,165
1762228260594,846,164
1762228260611,845,164
1762228260627,845,164
1762228260644,845,165
1762228260661,844,165
1762228260677,844,167
1762228260694,844,168
1762228260710,843,169
1762228260727,843,170
1762228260744,843,171
1762228260761,843,171
1762228260777,843,171
1762228260795,844,171
1762228260811,844,170
1762228260827,844,169
1762228260844,845,168
1762228260860,845,167
1762228260877,845,167
1762228260894,845,166
1762228260910,845,166
1762228260927,845,166
1762228260982,845,166
1762228260994,845,166
1762228261011,845,167
1762228261027,844,167
1762228261044,844,168
1762228261060,844,168
1762228261077,844,168
1762228261109,844,168
1762228261127,844,167
1762228261143,844,167
1762228261161,844,166
1762228261177,844,166
1762228261194,844,165
1762228261210,843,164
1762228261227,843,164
1762228261244,843,164
1762228261261,843,164
1762228261277,842,164
1762228261294,842,164
1762228261320,842,164
1762228261375,842,163
1762228261394,842,163
1762228261410,841,163
1762228261427,841,162
1762228261444,841,162
1762228261461,840,162
1762228261477,840,161
1762228261494,839,161
1762228261511,839,161
1762228261527,839,160
1762228261544,838,160
1762228261570,838,160
1762228261665,838,160
1762228261681,838,161
1762228261694,838,161
1762228261711,839,162
1762228261727,839,163
1762228261744,839,164
1762228261760,840,164
1762228261777,840,164
1762228261794,840,164
1762228261811,841,164
1762228261827,841,164
1762228261844,841,163
1762228261861,841,162
1762228261877,841,162
1762228261894,841,161
1762228261911,841,160
1762228261931,841,160
1762228261947,841,160
1762228261971,841,160
1762228261979,840,161
1762228261995,840,162
1762228262010,839,163
1762228262027,839,163
1762228262044,839,164
1762228262061,839,166
1762228262076,839,167
1762228262094,840,168
1762228262110,840,168
1762228262127,840,169
1762228262144,841,169
1762228262161,841,169
1762228262177,842,169
1762228262194,842,168
1762228262211,842,168
1762228262227,842,167
1762228262244,843,166
1762228262260,843,166
1762228262277,843,164
1762228262294,843,164
1762228262311,843,163
1762228262336,843,163
1762228262377,843,163
1762228262394,843,164
1762228262410,843,165
1762228262427,844,166
1762228262444,845,167
1762228262460,846,167
1762228262477,847,168
1762228262494,848,168
1762228262511,849,168
1762228262527,849,168
1762228262544,849,168
1762228262560,850,167
1762228262577,850,167
1762228262594,850,166
1762228262611,849,165
1762228262627,848,164
1762228262644,848,164
1762228262661,847,163
1762228262681,847,163
1762228262697,847,163
1762228262710,847,162
1762228262729,847,162
1762228262745,847,162
1762228262761,847,162
1762228262777,847,162
1762228262841,847,162
1762228262861,847,163
1762228262877,847,164
1762228262894,847,164
1762228262911,847,165
1762228262927,847,166
1762228262944,847,167
1762228262961,847,168
1762228262977,847,169
1762228262994,847,170
1762228263010,847,171
1762228263027,847,173
1762228263044,847,174
1762228263060,847,174
1762228263077,847,175
1762228263094,847,175
1762228263111,847,175
1762228263127,847,175
1762228263303,847,175
1762228263316,847,176
1762228263327,846,176
1762228263344,846,176
1762228263360,845,178
1762228263377,845,178
1762228263394,845,178
1762228263410,845,179
1762228263444,844,179
1762228263502,843,180
1762228263573,842,180
1762228263579,842,180
1762228263610,842,180
1762228263627,841,180
1762228263712,841,180
1762228263727,841,180
1762228263744,841,181
1762228263760,841,181
1762228263777,841,182
1762228263794,841,183
1762228263811,841,184
1762228263827,841,184
1762228263844,841,185
1762228263860,842,186
1762228263882,842,186
1762228263894,842,186
1762228263910,842,186
1762228264002,842,186
1762228264011,842,186
1762228264027,842,185
1762228264044,842,185
1762228264061,842,183
1762228264077,842,182
1762228264094,842,182
1762228264110,842,181
1762228264131,842,181
1762228264147,842,180
1762228264161,842,180
1762228264211,842,180
1762228264227,843,181
1762228264244,844,182
1762228264261,845,183
1762228264277,847,184
1762228264294,848,185
1762228264311,849,185
1762228264327,849,186
1762228264344,850,186
1762228264360,850,186
1762228264377,850,186
1762228264445,850,186
1762228264461,850,185
1762228264477,850,185
1762228264494,849,183
1762228264510,848,182
1762228264527,847,181
1762228264544,846,180
1762228264561,846,180
1762228264577,846,180
1762228264594,846,179
1762228264611,846,179
1762228264660,846,180
1762228264677,846,180
1762228264693,846,181
1762228264710,846,182
1762228264727,847,183
1762228264744,848,184
1762228264761,848,184
1762228264777,849,184
1762228264794,849,185
1762228264811,849,185
1762228264896,849,184
1762228264910,848,183
1762228264927,847,181
1762228264944,846,179
1762228264961,844,175
1762228264977,842,171
1762228264994,841,170
1762228265010,841,169
1762228265027,840,168
1762228268552,850,177
1762228268573,850,177
1762228268590,851,177
1762228268607,851,177
1762228268623,851,178
1762228268674,851,178
1762228268690,852,178
1762228268707,852,178
1762228268723,852,179
1762228268740,852,179
1762228268757,852,179
1762228268790,852,179
1762228268837,852,179
1762228268890,853,179
1762228269008,853,179
1762228269023,853,178
1762228269040,853,178
1762228269057,852,177
1762228269073,852,176
1762228269090,852,176
1762228269107,852,175
1762228269123,851,175
1762228269140,851,175
1762228269202,851,175
1762228269257,851,175
1762228269273,850,175
1762228269323,850,174
1762228269340,850,174
1762228269357,850,174
1762228269373,850,173
1762228269390,849,173
1762228269407,849,173
1762228269423,849,172
1762228269440,849,172
1762228269457,849,171
1762228269473,849,171
1762228269490,848,171
1762228269507,848,171
1762228273172,151,211
1762228273190,152,211
1762228273206,153,212
1762228273223,153,212
1762228273257,153,213
1762228273292,154,213
1762228273325,154,215
1762228273341,154,215
1762228273356,154,215
1762228273373,154,216
1762228273390,154,216
1762228273496,154,216
1762228273511,154,215
1762228273523,154,215
1762228273540,154,214
1762228273556,154,213
1762228273573,154,209
1762228273590,154,208
1762228273606,154,208
1762228273623,154,207
1762228273684,154,206
1762228273791,153,204
1762228273903,152,197
1762228273910,152,197
1762228274014,152,195
1762228274123,152,194
1762228274142,152,194
1762228274600,151,193
1762228274609,151,190
1762228274624,151,186
1762228274638,150,180
1762228274656,149,170
1762228274672,149,165
1762228274689,149,162
1762228274706,149,160
1762228274722,149,159
1762228274739,149,158
1762228274755,149,157
1762228274772,149,157
1762228274791,149,157
1762228274805,149,156
1762228274995,149,156
1762228275011,149,157
1762228275022,148,157
1762228275039,148,158
1762228275055,148,158
1762228275072,148,160
1762228275089,148,160
1762228275105,148,161
1762228275122,148,161
1762228275139,148,161
1762228275177,148,160
1762228275189,148,160
1762228275205,148,159
1762228275222,148,158
1762228275238,148,156
1762228275255,148,156
1762228275272,148,155
1762228275289,148,155
1762228275306,147,155
1762228275322,147,155
1762228275339,147,155
1762228275355,147,155
1762228275372,146,155
1762228275389,146,156
1762228275405,146,157
1762228275422,146,157
1762228275439,146,157
1762228275455,146,157
1762228275477,146,157
1762228275493,147,157
1762228275573,147,157
1762228275589,147,157
1762228275605,147,157
1762228275622,146,156
1762228275639,146,156
1762228275655,146,155
1762228275720,146,155
1762228275739,147,155
1762228275755,147,155
1762228275772,148,156
1762228275789,149,157
1762228275805,149,157
1762228275822,150,157
1762228275839,150,157
1762228275855,150,158
1762228275872,150,158
1762228275889,150,158
1762228275906,150,159
1762228275922,150,159
1762228275939,150,160
1762228275955,150,160
1762228275972,150,160
1762228275989,150,162
1762228276005,150,162
1762228276022,150,162
1762228276039,150,164
1762228276055,150,164
1762228276072,150,165
1762228276089,151,166
1762228276105,151,166
1762228276122,152,166
1762228276139,152,167
1762228276156,152,167
1762228276172,152,167
1762228276189,153,167
1762228276205,153,167
1762228276225,153,167
1762228276241,154,167
1762228276255,154,166
1762228276272,154,165
1762228276289,155,162
1762228276306,155,155
1762228276322,155,152
1762228276339,155,150
1762228276355,154,149
1762228276372,152,147
1762228276389,152,147
1762228276405,151,147
1762228276422,149,147
1762228276439,149,147
1762228276455,149,147
1762228276472,148,148
1762228276489,148,148
1762228276505,148,148
1762228276522,148,149
1762228276539,148,149
1762228276555,148,150
1762228276572,148,150
1762228276588,148,151
1762228276605,148,151
1762228276622,148,151
1762228276774,148,151
1762228276789,148,152
1762228276805,148,153
1762228276822,147,153
1762228276839,146,156
1762228276855,145,160
1762228276872,145,161
1762228276889,144,164
1762228276905,143,166
1762228276922,143,166
1762228276939,143,167
1762228276955,143,169
1762228276972,143,169
1762228276989,143,169
1762228277005,143,170
1762228277146,143,170
1762228277172,143,172
1762228277189,143,172
1762228277205,143,173
1762228277222,143,175
1762228277239,143,175
1762228277255,143,175
1762228277272,143,176
1762228277322,143,175
1762228277339,142,174
1762228277355,142,171
1762228277372,142,170
1762228277389,141,169
1762228277405,140,168
1762228277422,140,168
1762228277439,140,167
1762228277455,139,167
1762228277483,139,168
1762228277502,139,169
1762228277507,138,171
1762228277539,137,175
1762228277555,137,177
1762228277572,136,178
1762228277592,136,179
1762228277617,136,179
1762228277643,135,179
1762228277665,135,175
1762228277686,135,169
1762228277692,134,168
1762228277705,134,165
1762228277725,134,164
1762228277747,134,164
1762228277790,134,163
1762228277812,134,163
1762228277834,133,166
1762228277856,131,175
1762228277877,130,188
1762228277894,129,202
1762228277910,128,205
1762228277931,128,209
1762228277958,128,210
1762228277992,128,210
1762228278027,128,204
1762228278039,128,200
1762228278055,128,199
1762228278072,128,198
1762228278089,127,197
1762228278105,127,197
1762228278122,126,198
1762228278145,125,200
1762228278242,118,214
1762228278361,122,174
1762228278372,122,173
1762228278389,122,173
1762228278405,122,172
1762228278439,122,173
1762228278455,122,176
1762228278472,121,178
1762228278489,121,180
1762228278506,121,182
1762228278522,120,183
1762228278538,120,184
1762228278556,120,184
1762228278572,120,185
1762228278589,120,185
1762228278620,120,184
1762228278641,120,184
1762228278655,120,184
1762228278672,120,184
1762228278689,120,184
1762228278707,120,184
1762228278722,120,184
1762228278739,121,185
1762228278755,121,187
1762228278772,121,188
1762228278789,121,190
1762228278805,121,192
1762228278822,121,192
1762228278839,121,193
1762228278855,121,194
1762228278872,121,194
1762228278889,121,194
1762228278939,121,193
1762228278955,122,193
1762228278972,122,191
1762228278989,123,190
1762228279005,123,189
1762228279022,123,189
1762228279039,124,189
1762228279070,124,189
1762228279089,124,190
1762228279105,124,191
1762228279122,124,191
1762228279139,124,192
1762228279155,124,192
1762228279172,124,193
1762228279189,124,193
1762228279205,124,192
1762228279222,124,189
1762228279239,124,186
1762228279255,124,175
1762228279272,125,168
1762228279289,125,166
1762228279305,125,166
1762228279322,125,164
1762228279338,125,164
1762228279359,125,164
1762228279372,125,165
1762228279389,125,168
1762228279405,124,172
1762228279422,123,185
1762228279438,123,189
1762228279455,122,192
1762228279472,122,195
1762228279489,122,196
1762228279505,122,196
1762228279529,122,196
1762228279538,122,194
1762228279555,122,190
1762228279572,121,187
1762228279589,120,183
1762228279605,120,182
1762228279622,120,181
1762228279639,119,180
1762228279655,119,180
1762228279672,119,181
1762228279689,118,187
1762228279705,117,191
1762228279723,115,200
1762228279739,115,203
1762228279755,114,204
1762228279772,114,205
1762228279789,114,205
1762228279806,113,205
1762228279855,113,205
1762228279872,113,204
1762228279889,113,201
1762228279905,113,192
1762228279922,113,189
1762228279939,113,184
1762228279955,113,178
1762228279972,113,175
1762228279989,113,175
1762228280005,113,174
1762228280022,113,174
1762228280039,113,175
1762228280055,113,176
1762228280072,113,185
1762228280089,113,188
1762228280105,113,191
1762228280122,113,194
1762228280139,113,195
1762228280155,113,195
1762228280172,113,196
1762228280189,113,195
1762228280205,113,190
1762228280222,113,184
1762228280239,114,178
1762228280255,114,171
1762228280272,114,170
1762228280289,114,169
1762228280305,114,169
1762228280322,114,169
1762228280339,114,169
1762228280355,114,169
1762228280372,114,170
1762228280389,114,176
1762228280405,114,180
1762228280422,114,184
1762228280438,113,191
1762228280455,113,195
1762228280472,113,195
1762228280489,113,196
1762228280505,113,196
1762228280522,113,196
1762228280539,113,194
1762228280555,113,182
1762228280572,113,174
1762228280589,113,166
1762228280606,113,153
1762228280622,113,148
1762228280639,113,147
1762228280655,113,145
1762228280672,113,145
1762228280689,113,145
1762228280713,113,145
1762228280722,113,147
1762228280739,113,151
1762228280755,113,154
1762228280772,113,161
1762228280789,113,164
1762228280805,113,167
1762228280822,113,170
1762228280839,113,171
1762228280855,113,172
1762228280872,113,172
1762228280889,113,172
1762228280905,113,173
1762228280931,113,172
1762228280939,113,171
1762228280955,113,170
1762228280972,113,170
1762228280989,113,169
1762228281005,113,168
1762228281022,113,168
1762228281039,113,169
1762228281055,113,169
1762228281072,113,170
1762228281089,113,175
1762228281105,113,178
1762228281122,113,181
1762228281139,112,184
1762228281155,112,185
1762228281172,112,185
1762228282153,104,181
1762228282164,104,183
1762228282181,104,185
1762228282197,103,189
1762228282214,102,191
1762228282231,102,193
1762228282247,101,197
1762228282264,101,199
1762228282281,101,200
1762228282297,101,201
1762228282314,101,201
1762228282331,101,201
1762228282347,101,202
1762228282364,101,203
1762228282381,101,203
1762228282397,101,203
1762228282414,101,203
1762228282464,100,203
1762228282559,100,203
1762228282581,100,202
1762228282597,100,199
1762228282614,100,186
1762228282631,100,173
1762228282647,99,168
1762228282664,99,166
1762228282681,99,165
1762228282697,99,165
1762228282714,99,164
1762228282731,99,164
1762228282747,99,165
1762228282764,99,166
1762228282781,98,173
1762228282797,97,179
1762228282814,96,185
1762228282831,95,195
1762228282847,94,198
1762228282864,94,201
1762228282881,93,202
1762228282897,93,203
1762228282914,93,203
1762228282937,93,203
1762228282947,93,202
1762228282964,93,201
1762228282981,93,199
1762228282997,93,189
1762228283014,94,184
1762228283031,94,180
1762228283047,94,175
1762228283064,94,174
1762228283081,94,174
1762228283097,94,173
1762228283114,95,173
1762228283131,95,173
1762228283147,95,174
1762228283164,95,181
1762228283181,93,186
1762228283197,93,192
1762228283214,92,205
1762228283231,91,208
1762228283247,90,212
1762228283264,90,215
1762228283281,90,215
1762228283297,90,216
1762228283314,90,216
1762228283331,90,215
1762228283347,90,208
1762228283364,91,201
1762228283381,92,184
1762228283397,93,177
1762228283414,93,171
1762228283431,94,167
1762228283447,94,166
1762228283464,94,166
1762228283481,94,166
1762228283503,94,167
1762228283519,94,167
1762228283531,94,171
1762228283547,94,174
1762228283564,93,179
1762228283581,91,191
1762228283597,91,198
1762228283614,91,202
1762228283631,91,203
1762228283647,91,205
1762228283664,91,205
1762228283681,92,205
1762228283697,92,205
1762228283714,93,206
1762228283731,93,206
1762228283747,94,206
1762228283764,94,206
1762228283781,95,205
1762228283797,97,204
1762228283814,97,203
1762228283831,98,203
1762228283847,99,203
1762228283864,99,202
1762228283881,99,202
1762228283897,99,202
1762228283914,99,203
1762228283931,100,204
1762228283947,100,204
1762228283964,100,205
1762228283981,100,206
1762228283997,101,206
1762228284014,102,207
1762228284031,102,207
1762228284047,102,208
1762228284064,102,208
1762228284081,102,207
1762228284097,102,206
1762228284114,102,206
1762228284131,102,204
1762228284147,102,203
1762228284164,102,203
1762228284181,102,203
1762228284197,102,203
1762228284214,102,203
1762228284231,101,207
1762228284247,100,210
1762228284264,99,213
1762228284281,98,219
1762228284297,98,220
1762228284314,98,220
1762228284331,98,221
1762228284347,98,221
1762228284371,98,220
1762228284387,98,218
1762228284397,98,214
1762228284414,98,206
1762228284430,99,196
1762228284447,100,172
1762228284464,100,162
1762228284481,100,155
1762228284498,100,146
1762228284514,100,145
1762228284531,100,144
1762228284547,100,144
1762228284564,100,143
1762228284589,100,144
1762228284605,100,144
1762228284614,99,147
1762228284631,98,150
1762228284647,98,153
1762228284664,97,158
1762228284681,97,160
1762228284697,97,161
1762228284714,97,162
1762228284731,97,162
1762228284747,97,162
1762228284764,98,162
1762228284781,99,162
1762228284797,99,162
1762228284814,99,161
1762228284831,100,161
1762228284847,100,161
1762228284951,100,161
1762228284970,100,161
1762228284981,100,161
1762228284997,101,161
1762228285014,102,161
1762228285031,107,161
1762228285047,112,160
1762228285064,113,159
1762228285081,114,159
1762228285097,115,157
1762228285114,115,157
1762228285131,115,156
1762228285147,114,156
1762228285164,113,156
1762228285181,112,156
1762228285197,111,157
1762228285214,110,158
1762228285231,110,158
1762228285247,109,160
1762228285263,109,161
1762228285281,109,161
1762228285297,110,162
1762228285314,114,163
1762228285331,117,163
1762228285347,118,163
1762228285364,120,162
1762228285381,120,161
1762228285397,121,161
1762228285414,121,159
1762228285431,121,159
1762228285447,121,158
1762228285464,120,158
1762228285481,119,158
1762228285497,118,158
1762228285514,117,158
1762228285531,117,158
1762228285547,116,158
1762228285579,116,158
1762228285597,117,157
1762228285614,117,157
1762228285631,119,155
1762228285647,119,155
1762228285664,119,155
1762228285681,120,153
1762228285697,120,153
1762228285714,120,153
1762228285731,117,152
1762228285747,114,152
1762228285764,111,152
1762228285781,105,153
1762228285796,101,153
1762228285814,97,154
1762228285831,97,154
1762228285847,95,154
1762228285864,95,154
1762228285881,95,154
1762228285897,94,154
1762228285959,94,154
1762228285967,95,153
1762228285997,95,153
1762228286014,96,152
1762228286031,96,152
1762228286047,97,152
1762228286064,97,152
1762228286081,97,151
1762228286249,97,151
1762228286265,98,151
1762228286281,99,151
1762228286297,102,151
1762228286314,103,151
1762228286331,105,150
1762228286347,106,149
1762228286364,107,149
1762228286381,108,149
1762228286397,108,148
1762228286414,108,148
1762228286431,108,147
1762228286447,107,147
1762228286464,107,147
1762228286481,103,147
1762228286497,99,147
1762228286514,95,147
1762228286531,95,147
1762228286547,94,147
1762228286564,93,147
1762228286581,93,147
1762228286597,93,147
1762228286635,93,147
1762228286647,94,147
1762228286664,97,147
1762228286681,103,147
1762228286697,113,146
1762228286714,117,145
1762228286731,120,144
1762228286748,127,143
1762228286764,131,143
1762228286781,132,143
1762228286797,132,142
1762228286814,133,142
1762228286831,133,142
1762228286847,134,142
1762228286864,134,142
1762228287022,134,142
1762228287038,134,142
1762228287051,134,142
1762228287064,135,142
1762228287081,136,143
1762228287097,137,144
1762228287114,138,144
1762228287131,139,145
1762228287237,141,146
1762228287247,141,146
1762228287367,141,148
1762228287381,140,148
1762228287398,132,151
1762228287414,129,152
1762228287431,126,154
1762228287447,121,157
1762228287464,121,157
1762228287481,120,159
1762228287497,119,159
1762228287514,119,161
1762228287531,118,163
1762228287547,118,165
1762228287564,118,171
1762228287581,118,174
1762228287597,118,177
1762228287614,117,183
1762228287631,117,186
1762228287647,117,187
1762228287664,117,191
1762228287681,117,191
1762228287697,117,192
1762228287714,117,192
1762228287747,117,192
1762228287764,116,191
1762228287781,116,187
1762228287797,115,183
1762228287814,115,178
1762228287831,113,174
1762228287847,112,172
1762228287864,112,172
1762228287881,110,172
1762228287897,110,172
1762228287914,110,172
1762228287931,108,174
1762228287947,107,176
1762228287964,105,182
1762228287981,104,186
1762228287997,103,192
1762228288014,102,195
1762228288031,102,196
1762228288047,102,197
1762228288097,102,194
1762228288114,102,191
1762228288131,102,186
1762228288147,101,180
1762228288171,101,179
1762228288244,101,181
1762228288373,101,203
1762228288397,101,203
1762228288414,101,201
1762228288431,101,201
1762228288453,102,200
1762228288500,110,204
1762228288664,120,225
1762228288681,120,219
1762228288698,120,210
1762228288714,119,207
1762228288731,119,206
1762228288747,118,204
1762228288764,118,204
1762228288781,118,203
1762228288797,118,203
1762228288814,118,203
1762228288831,118,203
1762228288915,118,203
1762228288931,118,203
1762228288947,118,203
1762228288964,118,204
1762228288981,118,204
1762228288997,118,205
1762228289014,119,206
1762228289031,119,206
1762228289047,119,207
1762228289064,120,208
1762228289081,120,208
1762228289097,120,208
1762228289114,120,208
1762228289136,120,208
1762228289149,120,208
1762228289164,120,208
1762228289214,120,208
1762228289231,119,208
1762228289645,119,209
1762228289659,118,210
1762228289673,118,210
1762228289683,118,211
1762228289698,118,212
1762228289715,118,214
1762228289732,118,214
1762228289748,118,215
1762228289765,118,216
1762228289782,117,216
1762228289798,117,216
1762228289815,117,216
1762228289852,117,216
1762228289865,117,216
1762228289887,117,216
-1,-1,-1
1762228212845,,
1762228221629,,
1762228222926,,
1762228229412,,
1762228244886,,
1762228247554,,
1762228250103,,
1762228250755,,
1762228251090,,
1762228260266,,
1762228268552,,
1762228273172,,
1762228274600,,
1762228282153,,
1762228289645,,
-1,-1,-1
1762228220530,,
1762228222206,,
1762228228498,,
1762228234470,,
1762228244893,,
1762228247653,,
1762228250110,,
1762228250761,,
1762228259146,,
1762228265042,,
1762228269515,,
1762228274148,,
1762228281178,,
1762228289245,,
1762228289897,,
