1767413381937,732.2857055664062,464.2857131958008
1767413381945,731.2857055664062,463.2857131958008
1767413381952,730.2857055664062,463.2857131958008
1767413381993,730.2857055664062,462.2857131958008
1767413382008,730.2857055664062,461.2857131958008
1767413382022,729.2857055664062,461.2857131958008
1767413382075,729.2857055664062,460.2857131958008
1767413382320,728.2857055664062,460.2857131958008
1767413382327,728.2857055664062,461.2857131958008
1767413382334,726.2857055664062,463.2857131958008
1767413382342,725.2857055664062,464.2857131958008
1767413382352,725.2857055664062,465.2857131958008
1767413382466,722.2857055664062,465.2857131958008
1767413382473,716.2857055664062,462.2857131958008
1767413382480,705.2857055664062,458.2857131958008
1767413382487,690.2857055664062,452.2857131958008
1767413382494,673.2857055664062,447.2857131958008
1767413382501,643.2857055664062,438.2857131958008
1767413382508,612.2857055664062,429.2857131958008
1767413382515,569.2857055664062,418.2857131958008
1767413382522,525.2857055664062,406.2857131958008
1767413382528,486.28570556640625,396.2857131958008
1767413382535,438.28570556640625,385.2857131958008
1767413382542,396.28570556640625,376.2857131958008
1767413382549,360.28570556640625,368.2857131958008
1767413382556,320.28570556640625,360.2857131958008
1767413382563,287.28570556640625,351.2857131958008
1767413382570,260.28570556640625,345.2857131958008
1767413382577,240.28570556640625,339.2857131958008
1767413382584,228.28570556640625,336.2857131958008
1767413382591,216.28570556640625,332.2857131958008
1767413382598,208.28570556640625,329.2857131958008
1767413382605,202.28570556640625,328.2857131958008
1767413382612,197.28570556640625,325.2857131958008
1767413382619,195.28570556640625,324.2857131958008
1767413382626,193.28570556640625,324.2857131958008
1767413382633,193.28570556640625,323.2857131958008
1767413382640,192.28570556640625,323.2857131958008
1767413382646,192.28570556640625,321.2857131958008
1767413382654,192.28570556640625,320.2857131958008
1767413382660,191.28570556640625,319.2857131958008
1767413382668,189.28570556640625,316.2857131958008
1767413382674,187.28570556640625,313.2857131958008
1767413382681,184.28570556640625,308.2857131958008
1767413382688,180.28570556640625,303.2857131958008
1767413382695,174.28570556640625,296.2857131958008
1767413382702,170.28570556640625,291.2857131958008
1767413382709,166.28570556640625,284.2857131958008
1767413382716,161.28570556640625,277.2857131958008
1767413382723,158.28570556640625,273.2857131958008
1767413382730,157.28570556640625,269.2857131958008
1767413382737,156.28570556640625,265.2857131958008
1767413382744,154.28570556640625,261.2857131958008
1767413382751,153.28570556640625,255.28571319580078
1767413382758,152.28570556640625,251.28571319580078
1767413382765,150.28570556640625,245.28571319580078
1767413382772,149.28570556640625,239.28571319580078
1767413382778,148.28570556640625,234.28571319580078
1767413382785,146.28570556640625,227.28571319580078
1767413382792,144.28570556640625,222.28571319580078
1767413382799,142.28570556640625,216.28571319580078
1767413382806,140.28570556640625,212.28571319580078
1767413382813,138.28570556640625,207.28571319580078
1767413382820,136.28570556640625,202.28571319580078
1767413382827,134.28570556640625,197.28571319580078
1767413382835,133.28570556640625,192.28571319580078
1767413382841,132.28570556640625,189.28571319580078
1767413382848,130.28570556640625,185.28571319580078
1767413382855,129.28570556640625,181.28571319580078
1767413382862,128.28570556640625,177.28571319580078
1767413382869,126.28570556640625,174.28571319580078
1767413382876,125.28570556640625,170.28571319580078
1767413382883,124.28570556640625,166.28571319580078
1767413382890,123.28570556640625,163.28571319580078
1767413382896,122.28570556640625,159.28571319580078
1767413382903,121.28570556640625,155.28571319580078
1767413382910,120.28570556640625,150.28571319580078
1767413382917,119.28570556640625,146.28571319580078
1767413382924,118.28570556640625,142.28571319580078
1767413382932,118.28570556640625,136.28571319580078
1767413382938,118.28570556640625,133.28571319580078
1767413382945,117.28570556640625,128.28571319580078
1767413382952,117.28570556640625,124.28571319580078
1767413382960,117.28570556640625,120.28571319580078
1767413382966,116.28570556640625,116.28571319580078
1767413382973,116.28570556640625,111.28571319580078
1767413382980,116.28570556640625,107.28571319580078
1767413382987,116.28570556640625,103.28571319580078
1767413382995,116.28570556640625,99.28571319580078
1767413383001,116.28570556640625,95.28571319580078
1767413383008,116.28570556640625,91.28571319580078
1767413383015,116.28570556640625,87.28571319580078
1767413383022,116.28570556640625,81.28571319580078
1767413383029,116.28570556640625,77.28571319580078
1767413383035,116.28570556640625,73.28571319580078
1767413383043,116.28570556640625,68.28571319580078
1767413383049,117.28570556640625,65.28571319580078
1767413383057,117.28570556640625,60.28571319580078
1767413383063,117.28570556640625,56.28571319580078
1767413383070,117.28570556640625,53.28571319580078
1767413383077,117.28570556640625,50.28571319580078
1767413383084,117.28570556640625,47.28571319580078
1767413383091,117.28570556640625,44.28571319580078
1767413383098,117.28570556640625,41.28571319580078
1767413383105,117.28570556640625,39.28571319580078
1767413383112,117.28570556640625,36.28571319580078
1767413383119,117.28570556640625,34.28571319580078
1767413383126,117.28570556640625,32.28571319580078
1767413383133,117.28570556640625,31.28571319580078
1767413383140,117.28570556640625,29.28571319580078
1767413383146,116.28570556640625,29.28571319580078
1767413383154,116.28570556640625,28.28571319580078
1767413383236,116.28570556640625,27.28571319580078
1767413383357,115.28570556640625,27.28571319580078
1767413383363,114.28570556640625,27.28571319580078
1767413383369,113.28570556640625,28.28571319580078
1767413383390,112.28570556640625,29.28571319580078
1767413383398,112.28570556640625,30.28571319580078
1767413383404,112.28570556640625,31.28571319580078
1767413383413,112.28570556640625,32.28571319580078
1767413383421,112.28570556640625,33.28571319580078
1767413383424,111.28570556640625,33.28571319580078
1767413383431,111.28570556640625,34.28571319580078
1767413383438,110.28570556640625,35.28571319580078
1767413383450,109.28570556640625,35.28571319580078
1767413383452,109.28570556640625,36.28571319580078
1767413383745,109.28570556640625,37.28571319580078
1767413383751,109.28570556640625,38.28571319580078
1767413383758,109.28570556640625,41.28571319580078
1767413383765,109.28570556640625,44.28571319580078
1767413383772,109.28570556640625,49.28571319580078
1767413383779,108.28570556640625,55.28571319580078
1767413383785,108.28570556640625,59.28571319580078
1767413383792,108.28570556640625,64.28571319580078
1767413383799,108.28570556640625,69.28571319580078
1767413383806,108.28570556640625,75.28571319580078
1767413383813,107.28570556640625,79.28571319580078
1767413383820,107.28570556640625,84.28571319580078
1767413383827,107.28570556640625,88.28571319580078
1767413383834,106.28570556640625,91.28571319580078
1767413383841,106.28570556640625,95.28571319580078
1767413383848,106.28570556640625,97.28571319580078
1767413383855,106.28570556640625,99.28571319580078
1767413383862,106.28570556640625,101.28571319580078
1767413383869,106.28570556640625,103.28571319580078
1767413383876,106.28570556640625,105.28571319580078
1767413383883,106.28570556640625,107.28571319580078
1767413383890,106.28570556640625,108.28571319580078
1767413383897,106.28570556640625,109.28571319580078
1767413383903,106.28570556640625,110.28571319580078
1767413383977,106.28570556640625,111.28571319580078
1767413383983,106.28570556640625,112.28571319580078
1767413383987,105.28570556640625,112.28571319580078
1767413383994,105.28570556640625,115.28571319580078
1767413384001,104.28570556640625,117.28571319580078
1767413384008,104.28570556640625,119.28571319580078
1767413384015,104.28570556640625,121.28571319580078
1767413384021,103.28570556640625,124.28571319580078
1767413384029,102.28570556640625,127.28571319580078
1767413384035,102.28570556640625,129.28571319580078
1767413384042,102.28570556640625,133.28571319580078
1767413384050,102.28570556640625,139.28571319580078
1767413384056,101.28570556640625,144.28571319580078
1767413384063,101.28570556640625,149.28571319580078
1767413384070,101.28570556640625,155.28571319580078
1767413384077,101.28570556640625,159.28571319580078
1767413384084,101.28570556640625,162.28571319580078
1767413384091,101.28570556640625,164.28571319580078
1767413384098,101.28570556640625,166.28571319580078
1767413384105,101.28570556640625,167.28571319580078
1767413384157,101.28570556640625,166.28571319580078
1767413384160,101.28570556640625,165.28571319580078
1767413384167,100.28570556640625,164.28571319580078
1767413384174,99.28570556640625,163.28571319580078
1767413384182,98.28570556640625,160.28571319580078
1767413384188,96.28570556640625,159.28571319580078
1767413384195,94.28570556640625,157.28571319580078
1767413384202,93.28570556640625,156.28571319580078
1767413384209,92.28570556640625,155.28571319580078
1767413384216,91.28570556640625,154.28571319580078
1767413384223,90.28570556640625,153.28571319580078
1767413384293,90.28570556640625,152.28571319580078
1767413384313,90.28570556640625,151.28571319580078
1767413384361,90.28570556640625,152.28571319580078
1767413384369,90.28570556640625,153.28571319580078
1767413384376,90.28570556640625,156.28571319580078
1767413384383,90.28570556640625,159.28571319580078
1767413384390,90.28570556640625,161.28571319580078
1767413384397,90.28570556640625,165.28571319580078
1767413384404,90.28570556640625,168.28571319580078
1767413384410,90.28570556640625,172.28571319580078
1767413384417,90.28570556640625,174.28571319580078
1767413384425,90.28570556640625,176.28571319580078
1767413384431,90.28570556640625,178.28571319580078
1767413384438,90.28570556640625,179.28571319580078
1767413384445,90.28570556640625,180.28571319580078
1767413384455,90.28570556640625,181.28571319580078
1767413384488,90.28570556640625,182.28571319580078
1767413384494,90.28570556640625,183.28571319580078
1767413384501,89.28570556640625,184.28571319580078
1767413384508,89.28570556640625,185.28571319580078
1767413384515,88.28570556640625,187.28571319580078
1767413384598,88.28570556640625,186.28571319580078
1767413384605,88.28570556640625,184.28571319580078
1767413384612,88.28570556640625,181.28571319580078
1767413384619,88.28570556640625,179.28571319580078
1767413384626,88.28570556640625,177.28571319580078
1767413384633,88.28570556640625,175.28571319580078
1767413384640,88.28570556640625,172.28571319580078
1767413384647,88.28570556640625,171.28571319580078
1767413384654,88.28570556640625,169.28571319580078
1767413384660,89.28570556640625,168.28571319580078
1767413384667,89.28570556640625,167.28571319580078
1767413384674,89.28570556640625,164.28571319580078
1767413384683,89.28570556640625,163.28571319580078
1767413384688,89.28570556640625,162.28571319580078
1767413384736,90.28570556640625,162.28571319580078
1767413384751,91.28570556640625,163.28571319580078
1767413384758,92.28570556640625,164.28571319580078
1767413384765,92.28570556640625,165.28571319580078
1767413384772,93.28570556640625,167.28571319580078
1767413384778,93.28570556640625,168.28571319580078
1767413384785,94.28570556640625,169.28571319580078
1767413384792,94.28570556640625,170.28571319580078
1767413384799,94.28570556640625,171.28571319580078
1767413384806,94.28570556640625,173.28571319580078
1767413384813,94.28570556640625,174.28571319580078
1767413384820,94.28570556640625,175.28571319580078
1767413384827,94.28570556640625,176.28571319580078
1767413384834,94.28570556640625,177.28571319580078
1767413384841,94.28570556640625,177.28571319580078
1767413384850,94.28570556640625,178.28571319580078
1767413384876,94.28570556640625,178.28571319580078
1767413384890,93.28570556640625,178.28571319580078
1767413384897,93.28570556640625,177.28571319580078
1767413384903,92.28570556640625,176.28571319580078
1767413384910,92.28570556640625,175.28571319580078
1767413384917,91.28570556640625,173.28571319580078
1767413384924,90.28570556640625,171.28571319580078
1767413384931,90.28570556640625,169.28571319580078
1767413384938,90.28570556640625,167.28571319580078
1767413384945,90.28570556640625,164.28571319580078
1767413384952,90.28570556640625,163.28571319580078
1767413384959,90.28570556640625,161.28571319580078
1767413384966,90.28570556640625,160.28571319580078
1767413384973,91.28570556640625,159.28571319580078
1767413384984,91.28570556640625,159.28571319580078
1767413384987,92.28570556640625,159.28571319580078
1767413384994,92.28570556640625,159.28571319580078
1767413385001,93.28570556640625,159.28571319580078
1767413385009,93.28570556640625,159.28571319580078
1767413385015,93.28570556640625,159.28571319580078
1767413385021,94.28570556640625,160.28571319580078
1767413385029,94.28570556640625,162.28571319580078
1767413385035,96.28570556640625,163.28571319580078
1767413385042,96.28570556640625,165.28571319580078
1767413385049,96.28570556640625,167.28571319580078
1767413385056,96.28570556640625,169.28571319580078
1767413385063,96.28570556640625,171.28571319580078
1767413385070,96.28570556640625,172.28571319580078
1767413385077,96.28570556640625,173.28571319580078
1767413385084,96.28570556640625,175.28571319580078
1767413385091,96.28570556640625,176.28571319580078
1767413385098,96.28570556640625,176.28571319580078
1767413385105,95.28570556640625,177.28571319580078
1767413385114,94.28570556640625,177.28571319580078
1767413385194,94.28570556640625,176.28571319580078
1767413385196,94.28570556640625,176.28571319580078
1767413385202,94.28570556640625,175.28571319580078
1767413385209,94.28570556640625,173.28571319580078
1767413385216,95.28570556640625,172.28571319580078
1767413385223,96.28570556640625,171.28571319580078
1767413385230,97.28570556640625,170.28571319580078
1767413385237,98.28570556640625,170.28571319580078
1767413385244,100.28570556640625,169.28571319580078
1767413385251,101.28570556640625,169.28571319580078
1767413385258,101.28570556640625,169.28571319580078
1767413385265,102.28570556640625,169.28571319580078
1767413385276,102.28570556640625,170.28571319580078
1767413385279,102.28570556640625,170.28571319580078
1767413385285,102.28570556640625,171.28571319580078
1767413385292,102.28570556640625,172.28571319580078
1767413385299,103.28570556640625,173.28571319580078
1767413385306,103.28570556640625,175.28571319580078
1767413385313,103.28570556640625,176.28571319580078
1767413385320,103.28570556640625,177.28571319580078
1767413385327,103.28570556640625,178.28571319580078
1767413385334,103.28570556640625,179.28571319580078
1767413385341,103.28570556640625,179.28571319580078
1767413385348,103.28570556640625,180.28571319580078
1767413385374,103.28570556640625,180.28571319580078
1767413385377,102.28570556640625,180.28571319580078
1767413385384,102.28570556640625,180.28571319580078
1767413385393,101.28570556640625,180.28571319580078
1767413385402,101.28570556640625,180.28571319580078
1767413385404,101.28570556640625,180.28571319580078
1767413385411,100.28570556640625,179.28571319580078
1767413385417,99.28570556640625,178.28571319580078
1767413385424,98.28570556640625,176.28571319580078
1767413385431,97.28570556640625,174.28571319580078
1767413385438,97.28570556640625,172.28571319580078
1767413385445,97.28570556640625,169.28571319580078
1767413385452,97.28570556640625,167.28571319580078
1767413385459,97.28570556640625,166.28571319580078
1767413385466,97.28570556640625,164.28571319580078
1767413385473,97.28570556640625,164.28571319580078
1767413385480,98.28570556640625,164.28571319580078
1767413385487,98.28570556640625,164.28571319580078
1767413385494,100.28570556640625,163.28571319580078
1767413385501,101.28570556640625,163.28571319580078
1767413385508,101.28570556640625,163.28571319580078
1767413385515,102.28570556640625,164.28571319580078
1767413385521,103.28570556640625,165.28571319580078
1767413385528,104.28570556640625,167.28571319580078
1767413385535,104.28570556640625,168.28571319580078
1767413385542,105.28570556640625,170.28571319580078
1767413385550,105.28570556640625,172.28571319580078
1767413385556,105.28570556640625,173.28571319580078
1767413385563,105.28570556640625,174.28571319580078
1767413385570,105.28570556640625,176.28571319580078
1767413385577,105.28570556640625,176.28571319580078
1767413385584,105.28570556640625,177.28571319580078
1767413385591,105.28570556640625,179.28571319580078
1767413385598,105.28570556640625,179.28571319580078
1767413385605,105.28570556640625,179.28571319580078
1767413385612,104.28570556640625,180.28571319580078
1767413385619,103.28570556640625,180.28571319580078
1767413385626,102.28570556640625,180.28571319580078
1767413385633,101.28570556640625,180.28571319580078
1767413385640,99.28570556640625,179.28571319580078
1767413385647,97.28570556640625,177.28571319580078
1767413385653,97.28570556640625,175.28571319580078
1767413385660,96.28570556640625,173.28571319580078
1767413385667,95.28570556640625,172.28571319580078
1767413385674,94.28570556640625,169.28571319580078
1767413385681,94.28570556640625,167.28571319580078
1767413385688,94.28570556640625,163.28571319580078
1767413385695,93.28570556640625,160.28571319580078
1767413385702,93.28570556640625,157.28571319580078
1767413385709,93.28570556640625,156.28571319580078
1767413385716,93.28570556640625,154.28571319580078
1767413385723,94.28570556640625,153.28571319580078
1767413385730,96.28570556640625,152.28571319580078
1767413385737,98.28570556640625,152.28571319580078
1767413385744,100.28570556640625,152.28571319580078
1767413385751,103.28570556640625,152.28571319580078
1767413385758,106.28570556640625,154.28571319580078
1767413385765,109.28570556640625,156.28571319580078
1767413385772,112.28570556640625,159.28571319580078
1767413385778,114.28570556640625,161.28571319580078
1767413385785,116.28570556640625,164.28571319580078
1767413385792,116.28570556640625,165.28571319580078
1767413385799,117.28570556640625,167.28571319580078
1767413385806,117.28570556640625,169.28571319580078
1767413385813,117.28570556640625,171.28571319580078
1767413385820,117.28570556640625,172.28571319580078
1767413385827,117.28570556640625,174.28571319580078
1767413385834,117.28570556640625,176.28571319580078
1767413385841,115.28570556640625,177.28571319580078
1767413385848,114.28570556640625,179.28571319580078
1767413385855,112.28570556640625,179.28571319580078
1767413385862,109.28570556640625,180.28571319580078
1767413385869,108.28570556640625,180.28571319580078
1767413385876,105.28570556640625,180.28571319580078
1767413385883,104.28570556640625,180.28571319580078
1767413385890,101.28570556640625,180.28571319580078
1767413385897,100.28570556640625,179.28571319580078
1767413385904,97.28570556640625,177.28571319580078
1767413385910,96.28570556640625,175.28571319580078
1767413385917,94.28570556640625,173.28571319580078
1767413385918,93.28570556640625,173.28571319580078
1767413385924,92.28570556640625,171.28571319580078
1767413385931,89.28570556640625,168.28571319580078
1767413385938,86.28570556640625,166.28571319580078
1767413385945,85.28570556640625,164.28571319580078
1767413385952,84.28570556640625,162.28571319580078
1767413385959,83.28570556640625,161.28571319580078
1767413385966,83.28570556640625,160.28571319580078
1767413385973,83.28570556640625,159.28571319580078
1767413385980,82.28570556640625,159.28571319580078
1767413386005,81.28570556640625,159.28571319580078
1767413386008,81.28570556640625,160.28571319580078
1767413386015,79.28570556640625,163.28571319580078
1767413386022,76.28570556640625,167.28571319580078
1767413386028,73.28570556640625,170.28571319580078
1767413386035,70.28570556640625,175.28571319580078
1767413386042,68.28570556640625,180.28571319580078
1767413386050,65.28570556640625,184.28571319580078
1767413386056,64.28570556640625,188.28571319580078
1767413386063,61.28570556640625,191.28571319580078
1767413386070,59.28570556640625,195.28571319580078
1767413386077,56.28570556640625,199.28571319580078
1767413386084,54.28570556640625,205.28571319580078
1767413386091,52.28570556640625,209.28571319580078
1767413386098,50.28570556640625,215.28571319580078
1767413386105,48.28570556640625,220.28571319580078
1767413386113,46.28570556640625,225.28571319580078
1767413386119,45.28570556640625,229.28571319580078
1767413386126,44.28570556640625,234.28571319580078
1767413386133,42.28570556640625,238.28571319580078
1767413386140,41.28570556640625,241.28571319580078
1767413386147,41.28570556640625,245.28571319580078
1767413386153,40.28570556640625,249.28571319580078
1767413386160,39.28570556640625,252.28571319580078
1767413386167,39.28570556640625,255.28571319580078
1767413386174,39.28570556640625,257.2857131958008
1767413386181,38.28570556640625,259.2857131958008
1767413386189,38.28570556640625,261.2857131958008
1767413386195,38.28570556640625,263.2857131958008
1767413386202,38.28570556640625,264.2857131958008
1767413386214,38.28570556640625,265.2857131958008
1767413386221,38.28570556640625,266.2857131958008
1767413386230,38.28570556640625,267.2857131958008
1767413386236,38.28570556640625,268.2857131958008
1767413386251,38.28570556640625,270.2857131958008
1767413386258,38.28570556640625,271.2857131958008
1767413386265,38.28570556640625,272.2857131958008
1767413386272,38.28570556640625,273.2857131958008
1767413386279,38.28570556640625,275.2857131958008
1767413386288,38.28570556640625,276.2857131958008
1767413386318,39.28570556640625,276.2857131958008
1767413386324,40.28570556640625,276.2857131958008
1767413386341,41.28570556640625,276.2857131958008
1767413386354,42.28570556640625,276.2857131958008
1767413386379,43.28570556640625,276.2857131958008
1767413386568,44.28570556640625,276.2857131958008
1767413386584,46.28570556640625,281.2857131958008
1767413386591,48.28570556640625,285.2857131958008
1767413386598,51.28570556640625,292.2857131958008
1767413386605,55.28570556640625,300.2857131958008
1767413386613,60.28570556640625,310.2857131958008
1767413386619,65.28570556640625,316.2857131958008
1767413386626,70.28570556640625,326.2857131958008
1767413386633,73.28570556640625,332.2857131958008
1767413386640,76.28570556640625,337.2857131958008
1767413386647,80.28570556640625,344.2857131958008
1767413386654,83.28570556640625,349.2857131958008
1767413386660,85.28570556640625,354.2857131958008
1767413386667,88.28570556640625,360.2857131958008
1767413386674,90.28570556640625,365.2857131958008
1767413386681,92.28570556640625,371.2857131958008
1767413386689,93.28570556640625,378.2857131958008
1767413386695,93.28570556640625,384.2857131958008
1767413386702,93.28570556640625,392.2857131958008
1767413386709,93.28570556640625,397.2857131958008
1767413386717,92.28570556640625,404.2857131958008
1767413386723,92.28570556640625,407.2857131958008
1767413386730,92.28570556640625,409.2857131958008
1767413386737,92.28570556640625,410.2857131958008
1767413386744,92.28570556640625,411.2857131958008
1767413386809,93.28570556640625,410.2857131958008
1767413386813,93.28570556640625,409.2857131958008
1767413386821,93.28570556640625,407.2857131958008
1767413386827,94.28570556640625,404.2857131958008
1767413386834,96.28570556640625,399.2857131958008
1767413386841,96.28570556640625,392.2857131958008
1767413386848,97.28570556640625,386.2857131958008
1767413386855,98.28570556640625,379.2857131958008
1767413386862,100.28570556640625,371.2857131958008
1767413386869,101.28570556640625,361.2857131958008
1767413386876,101.28570556640625,351.2857131958008
1767413386883,103.28570556640625,341.2857131958008
1767413386890,104.28570556640625,332.2857131958008
1767413386897,104.28570556640625,321.2857131958008
1767413386903,104.28570556640625,312.2857131958008
1767413386910,104.28570556640625,300.2857131958008
1767413386917,101.28570556640625,289.2857131958008
1767413386924,100.28570556640625,279.2857131958008
1767413386931,98.28570556640625,269.2857131958008
1767413386938,96.28570556640625,262.2857131958008
1767413386945,96.28570556640625,256.2857131958008
1767413386952,95.28570556640625,250.28571319580078
1767413386959,93.28570556640625,245.28571319580078
1767413386966,93.28570556640625,240.28571319580078
1767413386973,92.28570556640625,237.28571319580078
1767413386980,92.28570556640625,234.28571319580078
1767413386987,91.28570556640625,232.28571319580078
1767413386994,91.28570556640625,230.28571319580078
1767413387001,90.28570556640625,228.28571319580078
1767413387008,90.28570556640625,226.28571319580078
1767413387015,90.28570556640625,223.28571319580078
1767413387021,90.28570556640625,220.28571319580078
1767413387029,90.28570556640625,217.28571319580078
1767413387036,90.28570556640625,215.28571319580078
1767413387042,90.28570556640625,212.28571319580078
1767413387049,90.28570556640625,210.28571319580078
1767413387057,90.28570556640625,207.28571319580078
1767413387063,90.28570556640625,204.28571319580078
1767413387070,90.28570556640625,202.28571319580078
1767413387077,90.28570556640625,199.28571319580078
1767413387084,91.28570556640625,197.28571319580078
1767413387091,92.28570556640625,196.28571319580078
1767413387098,92.28570556640625,194.28571319580078
1767413387105,93.28570556640625,192.28571319580078
1767413387113,93.28570556640625,189.28571319580078
1767413387120,94.28570556640625,188.28571319580078
1767413387126,94.28570556640625,187.28571319580078
1767413387133,94.28570556640625,185.28571319580078
1767413387140,94.28570556640625,183.28571319580078
1767413387147,94.28570556640625,181.28571319580078
1767413387153,94.28570556640625,180.28571319580078
1767413387160,94.28570556640625,179.28571319580078
1767413387167,95.28570556640625,177.28571319580078
1767413387174,96.28570556640625,176.28571319580078
1767413387182,96.28570556640625,175.28571319580078
1767413387188,96.28570556640625,173.28571319580078
1767413387195,96.28570556640625,172.28571319580078
1767413387203,96.28570556640625,171.28571319580078
1767413387211,96.28570556640625,170.28571319580078
1767413387222,96.28570556640625,169.28571319580078
1767413387308,96.28570556640625,168.28571319580078
1767413387314,96.28570556640625,167.28571319580078
1767413387320,96.28570556640625,166.28571319580078
1767413387327,96.28570556640625,164.28571319580078
1767413387334,95.28570556640625,163.28571319580078
1767413387341,95.28570556640625,160.28571319580078
1767413387348,95.28570556640625,157.28571319580078
1767413387356,95.28570556640625,155.28571319580078
1767413387362,95.28570556640625,152.28571319580078
1767413387369,96.28570556640625,148.28571319580078
1767413387376,96.28570556640625,144.28571319580078
1767413387383,97.28570556640625,140.28571319580078
1767413387390,99.28570556640625,135.28571319580078
1767413387397,101.28570556640625,131.28571319580078
1767413387403,102.28570556640625,125.28571319580078
1767413387410,104.28570556640625,120.28571319580078
1767413387417,105.28570556640625,115.28571319580078
1767413387424,106.28570556640625,111.28571319580078
1767413387431,108.28570556640625,105.28571319580078
1767413387438,109.28570556640625,101.28571319580078
1767413387445,110.28570556640625,96.28571319580078
1767413387452,111.28570556640625,92.28571319580078
1767413387459,112.28570556640625,88.28571319580078
1767413387466,112.28570556640625,84.28571319580078
1767413387473,113.28570556640625,80.28571319580078
1767413387480,113.28570556640625,77.28571319580078
1767413387487,113.28570556640625,74.28571319580078
1767413387494,114.28570556640625,71.28571319580078
1767413387501,114.28570556640625,68.28571319580078
1767413387508,115.28570556640625,65.28571319580078
1767413387515,116.28570556640625,63.28571319580078
1767413387521,116.28570556640625,61.28571319580078
1767413387528,116.28570556640625,59.28571319580078
1767413387535,116.28570556640625,57.28571319580078
1767413387542,116.28570556640625,55.28571319580078
1767413387549,116.28570556640625,53.28571319580078
1767413387556,116.28570556640625,52.28571319580078
1767413387563,116.28570556640625,50.28571319580078
1767413387570,116.28570556640625,48.28571319580078
1767413387577,116.28570556640625,46.28571319580078
1767413387584,116.28570556640625,44.28571319580078
1767413387591,116.28570556640625,43.28571319580078
1767413387598,116.28570556640625,41.28571319580078
1767413387605,117.28570556640625,40.28571319580078
1767413387613,117.28570556640625,37.28571319580078
1767413387624,117.28570556640625,36.28571319580078
1767413387640,117.28570556640625,35.28571319580078
1767413387737,117.28570556640625,36.28571319580078
1767413387744,117.28570556640625,37.28571319580078
1767413387751,117.28570556640625,37.28571319580078
1767413387757,117.28570556640625,38.28571319580078
1767413387769,117.28570556640625,39.28571319580078
1767413387880,117.28570556640625,38.28571319580078
1767413387882,116.28570556640625,37.28571319580078
1767413387889,116.28570556640625,36.28571319580078
1767413387896,116.28570556640625,35.28571319580078
1767413387903,116.28570556640625,33.28571319580078
1767413387910,116.28570556640625,33.28571319580078
1767413387917,117.28570556640625,32.28571319580078
1767413387924,118.28570556640625,31.28571319580078
1767413387931,120.28570556640625,31.28571319580078
1767413387938,122.28570556640625,31.28571319580078
1767413387945,124.28570556640625,31.28571319580078
1767413387952,126.28570556640625,32.28571319580078
1767413387959,128.28570556640625,35.28571319580078
1767413387966,130.28570556640625,37.28571319580078
1767413387973,130.28570556640625,40.28571319580078
1767413387980,131.28570556640625,44.28571319580078
1767413387987,131.28570556640625,48.28571319580078
1767413387994,131.28570556640625,53.28571319580078
1767413388001,131.28570556640625,57.28571319580078
1767413388008,131.28570556640625,61.28571319580078
1767413388015,131.28570556640625,64.28571319580078
1767413388021,131.28570556640625,65.28571319580078
1767413388028,131.28570556640625,67.28571319580078
1767413388035,130.28570556640625,68.28571319580078
1767413388042,130.28570556640625,68.28571319580078
1767413388049,129.28570556640625,68.28571319580078
1767413388056,129.28570556640625,68.28571319580078
1767413388063,128.28570556640625,68.28571319580078
1767413388070,126.28570556640625,67.28571319580078
1767413388077,124.28570556640625,65.28571319580078
1767413388084,121.28570556640625,63.28571319580078
1767413388091,117.28570556640625,59.28571319580078
1767413388098,114.28570556640625,56.28571319580078
1767413388105,112.28570556640625,52.28571319580078
1767413388112,110.28570556640625,50.28571319580078
1767413388119,108.28570556640625,47.28571319580078
1767413388126,108.28570556640625,45.28571319580078
1767413388133,108.28570556640625,43.28571319580078
1767413388140,108.28570556640625,41.28571319580078
1767413388146,108.28570556640625,38.28571319580078
1767413388153,108.28570556640625,35.28571319580078
1767413388160,109.28570556640625,33.28571319580078
1767413388167,110.28570556640625,31.28571319580078
1767413388174,111.28570556640625,29.28571319580078
1767413388181,112.28570556640625,28.28571319580078
1767413388188,113.28570556640625,27.28571319580078
1767413388195,116.28570556640625,27.28571319580078
1767413388202,118.28570556640625,27.28571319580078
1767413388209,120.28570556640625,27.28571319580078
1767413388216,122.28570556640625,27.28571319580078
1767413388223,124.28570556640625,27.28571319580078
1767413388230,125.28570556640625,29.28571319580078
1767413388237,126.28570556640625,31.28571319580078
1767413388244,126.28570556640625,33.28571319580078
1767413388251,127.28570556640625,35.28571319580078
1767413388258,128.28570556640625,37.28571319580078
1767413388265,128.28570556640625,40.28571319580078
1767413388272,128.28570556640625,43.28571319580078
1767413388278,128.28570556640625,45.28571319580078
1767413388285,128.28570556640625,48.28571319580078
1767413388292,126.28570556640625,51.28571319580078
1767413388299,125.28570556640625,53.28571319580078
1767413388306,122.28570556640625,55.28571319580078
1767413388313,120.28570556640625,56.28571319580078
1767413388320,117.28570556640625,57.28571319580078
1767413388327,115.28570556640625,57.28571319580078
1767413388334,113.28570556640625,57.28571319580078
1767413388341,110.28570556640625,57.28571319580078
1767413388348,109.28570556640625,57.28571319580078
1767413388355,108.28570556640625,56.28571319580078
1767413388362,107.28570556640625,55.28571319580078
1767413388369,106.28570556640625,53.28571319580078
1767413388376,105.28570556640625,52.28571319580078
1767413388383,104.28570556640625,49.28571319580078
1767413388390,104.28570556640625,48.28571319580078
1767413388396,103.28570556640625,44.28571319580078
1767413388403,103.28570556640625,41.28571319580078
1767413388410,103.28570556640625,39.28571319580078
1767413388417,103.28570556640625,37.28571319580078
1767413388424,103.28570556640625,35.28571319580078
1767413388431,104.28570556640625,34.28571319580078
1767413388438,105.28570556640625,33.28571319580078
1767413388445,108.28570556640625,33.28571319580078
1767413388452,111.28570556640625,33.28571319580078
1767413388459,114.28570556640625,33.28571319580078
1767413388466,117.28570556640625,33.28571319580078
1767413388473,120.28570556640625,35.28571319580078
1767413388480,122.28570556640625,37.28571319580078
1767413388487,124.28570556640625,39.28571319580078
1767413388494,125.28570556640625,43.28571319580078
1767413388501,125.28570556640625,46.28571319580078
1767413388508,125.28570556640625,49.28571319580078
1767413388515,125.28570556640625,52.28571319580078
1767413388521,125.28570556640625,55.28571319580078
1767413388528,125.28570556640625,57.28571319580078
1767413388535,125.28570556640625,60.28571319580078
1767413388542,124.28570556640625,62.28571319580078
1767413388549,123.28570556640625,63.28571319580078
1767413388556,121.28570556640625,64.28571319580078
1767413388563,120.28570556640625,65.28571319580078
1767413388570,117.28570556640625,65.28571319580078
1767413388577,114.28570556640625,65.28571319580078
1767413388584,112.28570556640625,65.28571319580078
1767413388591,109.28570556640625,64.28571319580078
1767413388598,106.28570556640625,61.28571319580078
1767413388605,103.28570556640625,59.28571319580078
1767413388612,100.28570556640625,56.28571319580078
1767413388619,97.28570556640625,53.28571319580078
1767413388626,96.28570556640625,52.28571319580078
1767413388633,95.28570556640625,49.28571319580078
1767413388639,94.28570556640625,47.28571319580078
1767413388646,94.28570556640625,44.28571319580078
1767413388653,94.28570556640625,42.28571319580078
1767413388660,94.28570556640625,39.28571319580078
1767413388667,94.28570556640625,37.28571319580078
1767413388674,95.28570556640625,35.28571319580078
1767413388681,96.28570556640625,33.28571319580078
1767413388688,97.28570556640625,32.28571319580078
1767413388695,99.28570556640625,31.28571319580078
1767413388702,101.28570556640625,30.28571319580078
1767413388709,104.28570556640625,30.28571319580078
1767413388716,106.28570556640625,30.28571319580078
1767413388723,109.28570556640625,30.28571319580078
1767413388730,110.28570556640625,31.28571319580078
1767413388737,113.28570556640625,32.28571319580078
1767413388744,114.28570556640625,34.28571319580078
1767413388751,115.28570556640625,36.28571319580078
1767413388758,116.28570556640625,39.28571319580078
1767413388765,117.28570556640625,43.28571319580078
1767413388771,117.28570556640625,45.28571319580078
1767413388779,117.28570556640625,48.28571319580078
1767413388785,117.28570556640625,51.28571319580078
1767413388792,117.28570556640625,53.28571319580078
1767413388799,116.28570556640625,56.28571319580078
1767413388806,114.28570556640625,57.28571319580078
1767413388813,113.28570556640625,60.28571319580078
1767413388820,110.28570556640625,60.28571319580078
1767413388827,108.28570556640625,61.28571319580078
1767413388834,106.28570556640625,61.28571319580078
1767413388841,104.28570556640625,61.28571319580078
1767413388848,103.28570556640625,61.28571319580078
1767413388855,102.28570556640625,61.28571319580078
1767413388876,102.28570556640625,61.28571319580078
1767413388882,102.28570556640625,59.28571319580078
1767413388890,102.28570556640625,55.28571319580078
1767413388896,102.28570556640625,52.28571319580078
1767413388903,102.28570556640625,47.28571319580078
1767413388910,102.28570556640625,43.28571319580078
1767413388917,104.28570556640625,38.28571319580078
1767413388924,105.28570556640625,35.28571319580078
1767413388931,106.28570556640625,32.28571319580078
1767413388938,110.28570556640625,29.28571319580078
1767413388945,113.28570556640625,28.28571319580078
1767413388952,116.28570556640625,28.28571319580078
1767413388959,121.28570556640625,28.28571319580078
1767413388966,125.28570556640625,28.28571319580078
1767413388973,128.28570556640625,29.28571319580078
1767413388980,129.28570556640625,32.28571319580078
1767413388987,132.28570556640625,35.28571319580078
1767413388994,132.28570556640625,39.28571319580078
1767413389001,133.28570556640625,43.28571319580078
1767413389008,134.28570556640625,47.28571319580078
1767413389014,134.28570556640625,51.28571319580078
1767413389021,134.28570556640625,55.28571319580078
1767413389028,134.28570556640625,58.28571319580078
1767413389035,134.28570556640625,62.28571319580078
1767413389042,134.28570556640625,64.28571319580078
1767413389049,133.28570556640625,67.28571319580078
1767413389056,132.28570556640625,68.28571319580078
1767413389063,129.28570556640625,69.28571319580078
1767413389070,128.28570556640625,70.28571319580078
1767413389077,124.28570556640625,70.28571319580078
1767413389084,121.28570556640625,70.28571319580078
1767413389091,118.28570556640625,70.28571319580078
1767413389098,116.28570556640625,69.28571319580078
1767413389105,112.28570556640625,68.28571319580078
1767413389112,109.28570556640625,65.28571319580078
1767413389119,106.28570556640625,63.28571319580078
1767413389126,103.28570556640625,60.28571319580078
1767413389133,101.28570556640625,57.28571319580078
1767413389140,100.28570556640625,56.28571319580078
1767413389146,100.28570556640625,54.28571319580078
1767413389153,99.28570556640625,52.28571319580078
1767413389160,99.28570556640625,49.28571319580078
1767413389167,99.28570556640625,46.28571319580078
1767413389174,99.28570556640625,43.28571319580078
1767413389181,100.28570556640625,40.28571319580078
1767413389188,101.28570556640625,37.28571319580078
1767413389195,102.28570556640625,35.28571319580078
1767413389202,104.28570556640625,33.28571319580078
1767413389209,106.28570556640625,32.28571319580078
1767413389216,109.28570556640625,31.28571319580078
1767413389223,111.28570556640625,30.28571319580078
1767413389230,115.28570556640625,29.28571319580078
1767413389237,118.28570556640625,29.28571319580078
1767413389244,120.28570556640625,29.28571319580078
1767413389251,122.28570556640625,31.28571319580078
1767413389258,124.28570556640625,33.28571319580078
1767413389264,125.28570556640625,36.28571319580078
1767413389271,126.28570556640625,39.28571319580078
1767413389278,128.28570556640625,42.28571319580078
1767413389285,129.28570556640625,45.28571319580078
1767413389292,129.28570556640625,47.28571319580078
1767413389299,129.28570556640625,49.28571319580078
1767413389306,129.28570556640625,52.28571319580078
1767413389313,129.28570556640625,54.28571319580078
1767413389320,129.28570556640625,55.28571319580078
1767413389327,129.28570556640625,56.28571319580078
1767413389334,128.28570556640625,57.28571319580078
1767413389341,127.28570556640625,58.28571319580078
1767413389348,125.28570556640625,59.28571319580078
1767413389355,122.28570556640625,59.28571319580078
1767413389362,120.28570556640625,59.28571319580078
1767413389369,118.28570556640625,59.28571319580078
1767413389376,116.28570556640625,59.28571319580078
1767413389383,116.28570556640625,59.28571319580078
1767413389390,114.28570556640625,59.28571319580078
1767413389396,114.28570556640625,58.28571319580078
1767413389403,114.28570556640625,56.28571319580078
1767413389410,113.28570556640625,54.28571319580078
1767413389417,112.28570556640625,50.28571319580078
1767413389424,112.28570556640625,47.28571319580078
1767413389431,110.28570556640625,43.28571319580078
1767413389438,110.28570556640625,37.28571319580078
1767413389445,110.28570556640625,33.28571319580078
1767413389452,110.28570556640625,28.28571319580078
1767413389459,110.28570556640625,24.28571319580078
1767413389466,111.28570556640625,21.28571319580078
1767413389473,113.28570556640625,18.28571319580078
1767413389480,114.28570556640625,15.285713195800781
1767413389487,116.28570556640625,13.285713195800781
1767413389494,118.28570556640625,10.285713195800781
1767413389501,120.28570556640625,9.285713195800781
1767413389508,122.28570556640625,8.285713195800781
1767413389515,124.28570556640625,8.285713195800781
1767413389521,125.28570556640625,8.285713195800781
1767413389528,127.28570556640625,8.285713195800781
1767413389535,129.28570556640625,11.285713195800781
1767413389542,133.28570556640625,16.28571319580078
1767413389549,136.28570556640625,22.28571319580078
1767413389556,140.28570556640625,27.28571319580078
1767413389563,143.28570556640625,33.28571319580078
1767413389570,145.28570556640625,37.28571319580078
1767413389577,146.28570556640625,41.28571319580078
1767413389584,146.28570556640625,44.28571319580078
1767413389591,147.28570556640625,47.28571319580078
1767413389598,147.28570556640625,49.28571319580078
1767413389605,146.28570556640625,51.28571319580078
1767413389612,145.28570556640625,53.28571319580078
1767413389619,143.28570556640625,55.28571319580078
1767413389626,141.28570556640625,56.28571319580078
1767413389633,137.28570556640625,57.28571319580078
1767413389640,133.28570556640625,58.28571319580078
1767413389646,128.28570556640625,58.28571319580078
1767413389653,123.28570556640625,58.28571319580078
1767413389660,118.28570556640625,56.28571319580078
1767413389667,114.28570556640625,54.28571319580078
1767413389674,110.28570556640625,51.28571319580078
1767413389681,108.28570556640625,49.28571319580078
1767413389688,106.28570556640625,48.28571319580078
1767413389695,106.28570556640625,46.28571319580078
1767413389702,106.28570556640625,43.28571319580078
1767413389709,106.28570556640625,40.28571319580078
1767413389716,106.28570556640625,37.28571319580078
1767413389723,106.28570556640625,33.28571319580078
1767413389730,107.28570556640625,30.28571319580078
1767413389737,108.28570556640625,27.28571319580078
1767413389744,109.28570556640625,24.28571319580078
1767413389751,110.28570556640625,23.28571319580078
1767413389758,111.28570556640625,21.28571319580078
1767413389765,112.28570556640625,20.28571319580078
1767413389785,113.28570556640625,20.28571319580078
1767413389792,114.28570556640625,20.28571319580078
1767413389801,117.28570556640625,23.28571319580078
1767413389806,123.28570556640625,29.28571319580078
1767413389814,132.28570556640625,36.28571319580078
1767413389820,140.28570556640625,43.28571319580078
1767413389828,153.28570556640625,52.28571319580078
1767413389834,164.28570556640625,57.28571319580078
1767413389841,178.28570556640625,65.28571319580078
1767413389849,195.28570556640625,73.28571319580078
1767413389855,209.28570556640625,77.28571319580078
1767413389862,224.28570556640625,83.28571319580078
1767413389869,248.28570556640625,91.28571319580078
1767413389876,268.28570556640625,97.28571319580078
1767413389883,297.28570556640625,105.28571319580078
1767413389890,328.28570556640625,114.28571319580078
1767413389897,356.28570556640625,122.28571319580078
1767413389904,386.28570556640625,131.28571319580078
1767413389910,421.28570556640625,141.28571319580078
1767413389917,460.28570556640625,152.28571319580078
1767413389924,493.28570556640625,162.28571319580078
1767413389932,533.2857055664062,175.28571319580078
1767413389938,561.2857055664062,185.28571319580078
1767413389945,590.2857055664062,193.28571319580078
1767413389952,608.2857055664062,200.28571319580078
1767413389959,622.2857055664062,204.28571319580078
1767413389966,633.2857055664062,207.28571319580078
1767413389973,638.2857055664062,209.28571319580078
1767413389980,641.2857055664062,209.28571319580078
1767413389987,642.2857055664062,209.28571319580078
1767413390039,643.2857055664062,209.28571319580078
1767413390044,644.2857055664062,209.28571319580078
1767413390052,644.2857055664062,210.28571319580078
1767413390056,645.2857055664062,210.28571319580078
1767413390063,645.2857055664062,212.28571319580078
1767413390070,646.2857055664062,214.28571319580078
1767413390077,648.2857055664062,217.28571319580078
1767413390084,649.2857055664062,220.28571319580078
1767413390091,650.2857055664062,222.28571319580078
1767413390098,651.2857055664062,224.28571319580078
1767413390105,652.2857055664062,225.28571319580078
1767413390112,652.2857055664062,227.28571319580078
1767413390119,652.2857055664062,228.28571319580078
1767413390126,653.2857055664062,229.28571319580078
1767413390133,654.2857055664062,230.28571319580078
1767413390140,655.2857055664062,232.28571319580078
1767413390147,657.2857055664062,233.28571319580078
1767413390154,658.2857055664062,235.28571319580078
1767413390161,660.2857055664062,238.28571319580078
1767413390167,661.2857055664062,240.28571319580078
1767413390174,662.2857055664062,241.28571319580078
1767413390181,662.2857055664062,243.28571319580078
1767413390188,664.2857055664062,244.28571319580078
1767413390195,665.2857055664062,245.28571319580078
1767413390203,666.2857055664062,247.28571319580078
1767413390209,667.2857055664062,248.28571319580078
1767413390216,668.2857055664062,248.28571319580078
1767413390223,669.2857055664062,249.28571319580078
1767413390230,669.2857055664062,250.28571319580078
1767413390237,670.2857055664062,250.28571319580078
1767413390244,670.2857055664062,251.28571319580078
1767413390251,672.2857055664062,251.28571319580078
1767413390261,673.2857055664062,251.28571319580078
1767413390269,674.2857055664062,251.28571319580078
1767413390277,675.2857055664062,251.28571319580078
1767413390284,676.2857055664062,251.28571319580078
1767413390291,677.2857055664062,251.28571319580078
1767413390312,678.2857055664062,251.28571319580078
1767413390327,679.2857055664062,251.28571319580078
1767413390334,680.2857055664062,251.28571319580078
1767413390341,681.2857055664062,250.28571319580078
1767413390349,682.2857055664062,249.28571319580078
1767413390355,684.2857055664062,249.28571319580078
1767413390362,685.2857055664062,249.28571319580078
1767413390369,687.2857055664062,249.28571319580078
1767413390376,688.2857055664062,249.28571319580078
1767413390383,689.2857055664062,249.28571319580078
1767413390390,690.2857055664062,249.28571319580078
1767413390397,692.2857055664062,249.28571319580078
1767413390410,693.2857055664062,249.28571319580078
1767413390424,694.2857055664062,249.28571319580078
1767413390445,695.2857055664062,249.28571319580078
1767413390452,696.2857055664062,249.28571319580078
1767413390459,697.2857055664062,249.28571319580078
1767413390467,698.2857055664062,249.28571319580078
1767413390473,698.2857055664062,250.28571319580078
1767413390481,700.2857055664062,250.28571319580078
1767413390492,701.2857055664062,250.28571319580078
1767413390513,702.2857055664062,250.28571319580078
1767413390529,702.2857055664062,249.28571319580078
1767413390536,703.2857055664062,249.28571319580078
1767413390543,704.2857055664062,249.28571319580078
1767413390549,704.2857055664062,248.28571319580078
1767413390560,704.2857055664062,247.28571319580078
1767413390566,704.2857055664062,246.28571319580078
1767413390571,705.2857055664062,245.28571319580078
1767413390577,705.2857055664062,243.28571319580078
1767413390584,706.2857055664062,241.28571319580078
1767413390591,706.2857055664062,240.28571319580078
1767413390598,706.2857055664062,238.28571319580078
1767413390605,706.2857055664062,236.28571319580078
1767413390612,706.2857055664062,235.28571319580078
1767413390619,706.2857055664062,232.28571319580078
1767413390627,706.2857055664062,230.28571319580078
1767413390633,706.2857055664062,228.28571319580078
1767413390640,706.2857055664062,226.28571319580078
1767413390647,706.2857055664062,224.28571319580078
1767413390654,706.2857055664062,223.28571319580078
1767413390661,706.2857055664062,221.28571319580078
1767413390668,706.2857055664062,220.28571319580078
1767413390737,706.2857055664062,221.28571319580078
1767413390744,706.2857055664062,229.28571319580078
1767413390751,706.2857055664062,236.28571319580078
1767413390758,706.2857055664062,245.28571319580078
1767413390765,706.2857055664062,253.28571319580078
1767413390772,706.2857055664062,259.2857131958008
1767413390779,706.2857055664062,266.2857131958008
1767413390785,706.2857055664062,272.2857131958008
1767413390793,706.2857055664062,278.2857131958008
1767413390799,706.2857055664062,283.2857131958008
1767413390806,706.2857055664062,286.2857131958008
1767413390813,706.2857055664062,289.2857131958008
1767413390820,706.2857055664062,292.2857131958008
1767413390827,706.2857055664062,293.2857131958008
1767413390834,706.2857055664062,294.2857131958008
1767413390841,706.2857055664062,295.2857131958008
1767413390886,706.2857055664062,294.2857131958008
1767413390890,706.2857055664062,293.2857131958008
1767413390896,706.2857055664062,290.2857131958008
1767413390903,708.2857055664062,285.2857131958008
1767413390910,708.2857055664062,278.2857131958008
1767413390917,708.2857055664062,270.2857131958008
1767413390924,708.2857055664062,263.2857131958008
1767413390931,708.2857055664062,256.2857131958008
1767413390938,708.2857055664062,249.28571319580078
1767413390945,708.2857055664062,243.28571319580078
1767413390952,708.2857055664062,237.28571319580078
1767413390959,708.2857055664062,233.28571319580078
1767413390966,708.2857055664062,229.28571319580078
1767413390973,707.2857055664062,227.28571319580078
1767413390980,707.2857055664062,226.28571319580078
1767413391019,706.2857055664062,226.28571319580078
1767413391021,706.2857055664062,227.28571319580078
1767413391028,706.2857055664062,231.28571319580078
1767413391035,706.2857055664062,239.28571319580078
1767413391042,706.2857055664062,248.28571319580078
1767413391049,705.2857055664062,256.2857131958008
1767413391056,705.2857055664062,264.2857131958008
1767413391063,704.2857055664062,272.2857131958008
1767413391070,704.2857055664062,278.2857131958008
1767413391077,704.2857055664062,283.2857131958008
1767413391084,704.2857055664062,286.2857131958008
1767413391091,704.2857055664062,288.2857131958008
1767413391098,704.2857055664062,289.2857131958008
1767413391106,704.2857055664062,289.2857131958008
1767413391154,704.2857055664062,289.2857131958008
1767413391161,704.2857055664062,288.2857131958008
1767413391167,704.2857055664062,285.2857131958008
1767413391174,704.2857055664062,284.2857131958008
1767413391181,704.2857055664062,282.2857131958008
1767413391188,704.2857055664062,280.2857131958008
1767413391195,705.2857055664062,279.2857131958008
1767413391202,705.2857055664062,277.2857131958008
1767413391209,706.2857055664062,276.2857131958008
1767413391216,707.2857055664062,275.2857131958008
1767413391223,708.2857055664062,273.2857131958008
1767413391230,709.2857055664062,273.2857131958008
1767413391237,710.2857055664062,272.2857131958008
1767413391244,713.2857055664062,271.2857131958008
1767413391251,716.2857055664062,270.2857131958008
1767413391258,718.2857055664062,269.2857131958008
1767413391265,718.2857055664062,268.2857131958008
1767413391272,720.2857055664062,268.2857131958008
1767413391279,720.2857055664062,267.2857131958008
1767413391286,721.2857055664062,267.2857131958008
1767413391292,722.2857055664062,266.2857131958008
1767413391300,724.2857055664062,266.2857131958008
1767413391306,726.2857055664062,266.2857131958008
1767413391315,729.2857055664062,266.2857131958008
1767413391320,734.2857055664062,267.2857131958008
1767413391328,742.2857055664062,270.2857131958008
1767413391334,748.2857055664062,273.2857131958008
1767413391341,754.2857055664062,276.2857131958008
1767413391348,759.2857055664062,278.2857131958008
1767413391355,762.2857055664062,280.2857131958008
1767413391362,765.2857055664062,280.2857131958008
1767413391369,766.2857055664062,281.2857131958008
1767413391413,767.2857055664062,281.2857131958008
1767413391417,768.2857055664062,281.2857131958008
1767413391424,770.2857055664062,281.2857131958008
1767413391431,772.2857055664062,281.2857131958008
1767413391438,774.2857055664062,281.2857131958008
1767413391445,777.2857055664062,280.2857131958008
1767413391452,780.2857055664062,280.2857131958008
1767413391459,782.2857055664062,280.2857131958008
1767413391467,784.2857055664062,279.2857131958008
1767413391473,786.2857055664062,278.2857131958008
1767413391480,788.2857055664062,277.2857131958008
1767413391487,790.2857055664062,276.2857131958008
1767413391495,792.2857055664062,275.2857131958008
1767413391501,793.2857055664062,274.2857131958008
1767413391508,794.2857055664062,273.2857131958008
1767413391515,796.2857055664062,272.2857131958008
1767413391522,797.2857055664062,271.2857131958008
1767413391529,798.2857055664062,270.2857131958008
1767413391535,800.2857055664062,269.2857131958008
1767413391543,802.2857055664062,268.2857131958008
1767413391549,804.2857055664062,267.2857131958008
1767413391556,805.2857055664062,266.2857131958008
1767413391563,806.2857055664062,265.2857131958008
1767413391570,808.2857055664062,265.2857131958008
1767413391578,808.2857055664062,264.2857131958008
1767413391589,809.2857055664062,264.2857131958008
1767413391595,809.2857055664062,263.2857131958008
1767413391612,810.2857055664062,263.2857131958008
1767413391619,810.2857055664062,262.2857131958008
1767413391626,810.2857055664062,261.2857131958008
1767413391633,811.2857055664062,261.2857131958008
1767413391640,811.2857055664062,260.2857131958008
1767413391665,811.2857055664062,259.2857131958008
1767413391672,811.2857055664062,258.2857131958008
1767413391674,811.2857055664062,257.2857131958008
1767413391682,811.2857055664062,256.2857131958008
1767413391688,811.2857055664062,255.28571319580078
1767413391697,811.2857055664062,254.28571319580078
1767413391702,811.2857055664062,253.28571319580078
1767413391712,811.2857055664062,252.28571319580078
1767413391739,810.2857055664062,252.28571319580078
1767413391864,810.2857055664062,251.28571319580078
1767413391883,810.2857055664062,250.28571319580078
1767413391890,811.2857055664062,249.28571319580078
1767413391897,812.2857055664062,249.28571319580078
1767413391904,813.2857055664062,248.28571319580078
1767413391911,814.2857055664062,247.28571319580078
1767413391917,816.2857055664062,247.28571319580078
1767413391924,817.2857055664062,246.28571319580078
1767413391931,817.2857055664062,245.28571319580078
1767413391938,818.2857055664062,244.28571319580078
1767413391946,819.2857055664062,244.28571319580078
1767413391952,820.2857055664062,243.28571319580078
1767413391959,821.2857055664062,242.28571319580078
1767413391968,822.2857055664062,241.28571319580078
1767413391973,823.2857055664062,241.28571319580078
1767413391980,825.2857055664062,240.28571319580078
1767413391987,826.2857055664062,240.28571319580078
1767413391995,828.2857055664062,239.28571319580078
1767413392001,829.2857055664062,238.28571319580078
1767413392008,830.2857055664062,237.28571319580078
1767413392015,832.2857055664062,237.28571319580078
1767413392022,833.2857055664062,236.28571319580078
1767413392029,834.2857055664062,236.28571319580078
1767413392037,836.2857055664062,235.28571319580078
1767413392043,837.2857055664062,234.28571319580078
1767413392050,838.2857055664062,233.28571319580078
1767413392056,838.2857055664062,232.28571319580078
1767413392063,840.2857055664062,232.28571319580078
1767413392070,840.2857055664062,231.28571319580078
1767413392077,841.2857055664062,230.28571319580078
1767413392084,841.2857055664062,229.28571319580078
1767413392091,842.2857055664062,229.28571319580078
1767413392103,842.2857055664062,228.28571319580078
1767413392105,843.2857055664062,228.28571319580078
1767413392114,844.2857055664062,228.28571319580078
1767413392356,844.2857055664062,227.28571319580078
1767413392364,844.2857055664062,226.28571319580078
1767413392369,845.2857055664062,225.28571319580078
1767413392376,846.2857055664062,224.28571319580078
1767413392383,846.2857055664062,223.28571319580078
1767413392390,847.2857055664062,223.28571319580078
1767413392397,848.2857055664062,221.28571319580078
1767413392404,849.2857055664062,221.28571319580078
1767413392410,849.2857055664062,220.28571319580078
1767413392417,849.2857055664062,219.28571319580078
1767413392438,849.2857055664062,218.28571319580078
1767413392459,850.2857055664062,218.28571319580078
1767413392559,850.2857055664062,219.28571319580078
1767413392563,850.2857055664062,220.28571319580078
1767413392570,851.2857055664062,225.28571319580078
1767413392577,852.2857055664062,231.28571319580078
1767413392584,853.2857055664062,238.28571319580078
1767413392591,854.2857055664062,244.28571319580078
1767413392598,854.2857055664062,251.28571319580078
1767413392605,854.2857055664062,259.2857131958008
1767413392612,855.2857055664062,265.2857131958008
1767413392619,856.2857055664062,270.2857131958008
1767413392626,856.2857055664062,277.2857131958008
1767413392633,857.2857055664062,283.2857131958008
1767413392640,857.2857055664062,288.2857131958008
1767413392646,857.2857055664062,292.2857131958008
1767413392654,857.2857055664062,297.2857131958008
1767413392660,857.2857055664062,300.2857131958008
1767413392667,857.2857055664062,302.2857131958008
1767413392674,857.2857055664062,304.2857131958008
1767413392681,857.2857055664062,304.2857131958008
1767413392741,857.2857055664062,304.2857131958008
1767413392745,857.2857055664062,303.2857131958008
1767413392751,857.2857055664062,301.2857131958008
1767413392758,858.2857055664062,297.2857131958008
1767413392765,858.2857055664062,292.2857131958008
1767413392772,858.2857055664062,287.2857131958008
1767413392778,858.2857055664062,281.2857131958008
1767413392785,858.2857055664062,277.2857131958008
1767413392792,858.2857055664062,272.2857131958008
1767413392799,858.2857055664062,268.2857131958008
1767413392806,859.2857055664062,264.2857131958008
1767413392813,859.2857055664062,260.2857131958008
1767413392820,859.2857055664062,255.28571319580078
1767413392827,859.2857055664062,251.28571319580078
1767413392834,859.2857055664062,247.28571319580078
1767413392841,859.2857055664062,244.28571319580078
1767413392848,859.2857055664062,241.28571319580078
1767413392855,859.2857055664062,240.28571319580078
1767413392899,859.2857055664062,240.28571319580078
1767413392903,859.2857055664062,242.28571319580078
1767413392910,859.2857055664062,248.28571319580078
1767413392917,859.2857055664062,255.28571319580078
1767413392924,859.2857055664062,263.2857131958008
1767413392931,858.2857055664062,269.2857131958008
1767413392938,858.2857055664062,275.2857131958008
1767413392945,858.2857055664062,280.2857131958008
1767413392952,858.2857055664062,283.2857131958008
1767413392959,857.2857055664062,285.2857131958008
1767413392966,857.2857055664062,287.2857131958008
1767413392973,857.2857055664062,288.2857131958008
1767413393024,857.2857055664062,287.2857131958008
1767413393028,857.2857055664062,285.2857131958008
1767413393035,856.2857055664062,280.2857131958008
1767413393042,856.2857055664062,276.2857131958008
1767413393049,856.2857055664062,271.2857131958008
1767413393056,855.2857055664062,265.2857131958008
1767413393063,855.2857055664062,260.2857131958008
1767413393070,855.2857055664062,255.28571319580078
1767413393077,854.2857055664062,250.28571319580078
1767413393084,854.2857055664062,246.28571319580078
1767413393091,854.2857055664062,242.28571319580078
1767413393098,854.2857055664062,239.28571319580078
1767413393105,854.2857055664062,237.28571319580078
1767413393112,854.2857055664062,236.28571319580078
1767413393133,854.2857055664062,236.28571319580078
1767413393157,853.2857055664062,236.28571319580078
1767413393160,853.2857055664062,237.28571319580078
1767413393167,853.2857055664062,243.28571319580078
1767413393174,852.2857055664062,250.28571319580078
1767413393181,852.2857055664062,257.2857131958008
1767413393188,850.2857055664062,264.2857131958008
1767413393195,849.2857055664062,271.2857131958008
1767413393202,848.2857055664062,277.2857131958008
1767413393209,847.2857055664062,283.2857131958008
1767413393216,846.2857055664062,286.2857131958008
1767413393223,846.2857055664062,288.2857131958008
1767413393230,846.2857055664062,290.2857131958008
1767413393300,846.2857055664062,289.2857131958008
1767413393306,846.2857055664062,285.2857131958008
1767413393313,846.2857055664062,280.2857131958008
1767413393320,846.2857055664062,275.2857131958008
1767413393327,846.2857055664062,271.2857131958008
1767413393334,846.2857055664062,266.2857131958008
1767413393341,846.2857055664062,261.2857131958008
1767413393348,846.2857055664062,257.2857131958008
1767413393355,846.2857055664062,254.28571319580078
1767413393362,846.2857055664062,251.28571319580078
1767413393369,846.2857055664062,249.28571319580078
1767413393376,846.2857055664062,246.28571319580078
1767413393383,846.2857055664062,244.28571319580078
1767413393433,846.2857055664062,245.28571319580078
1767413393438,846.2857055664062,249.28571319580078
1767413393445,846.2857055664062,256.2857131958008
1767413393452,846.2857055664062,262.2857131958008
1767413393459,846.2857055664062,269.2857131958008
1767413393466,846.2857055664062,277.2857131958008
1767413393473,846.2857055664062,283.2857131958008
1767413393480,846.2857055664062,288.2857131958008
1767413393487,846.2857055664062,292.2857131958008
1767413393494,846.2857055664062,296.2857131958008
1767413393501,846.2857055664062,299.2857131958008
1767413393508,846.2857055664062,301.2857131958008
1767413393514,845.2857055664062,303.2857131958008
1767413393521,845.2857055664062,303.2857131958008
1767413393528,845.2857055664062,304.2857131958008
1767413393619,845.2857055664062,304.2857131958008
1767413393679,845.2857055664062,305.2857131958008
1767413393681,844.2857055664062,305.2857131958008
1767413393689,842.2857055664062,308.2857131958008
1767413393695,840.2857055664062,311.2857131958008
1767413393702,837.2857055664062,315.2857131958008
1767413393709,834.2857055664062,320.2857131958008
1767413393716,829.2857055664062,325.2857131958008
1767413393723,825.2857055664062,331.2857131958008
1767413393730,820.2857055664062,339.2857131958008
1767413393737,814.2857055664062,345.2857131958008
1767413393744,809.2857055664062,352.2857131958008
1767413393751,803.2857055664062,360.2857131958008
1767413393758,798.2857055664062,369.2857131958008
1767413393765,795.2857055664062,375.2857131958008
1767413393772,793.2857055664062,383.2857131958008
1767413393779,792.2857055664062,393.2857131958008
1767413393786,790.2857055664062,400.2857131958008
1767413393794,788.2857055664062,408.2857131958008
1767413393799,786.2857055664062,412.2857131958008
1767413393806,785.2857055664062,417.2857131958008
1767413393813,782.2857055664062,420.2857131958008
1767413393820,781.2857055664062,423.2857131958008
1767413393828,780.2857055664062,425.2857131958008
1767413393834,780.2857055664062,427.2857131958008
1767413393841,779.2857055664062,428.2857131958008
1767413393848,778.2857055664062,429.2857131958008
1767413393861,778.2857055664062,430.2857131958008
1767413393868,778.2857055664062,431.2857131958008
1767413393870,777.2857055664062,431.2857131958008
1767413393877,776.2857055664062,431.2857131958008
1767413393888,776.2857055664062,432.2857131958008
1767413393891,775.2857055664062,432.2857131958008
1767413393897,774.2857055664062,432.2857131958008
1767413393904,773.2857055664062,432.2857131958008
1767413393911,772.2857055664062,432.2857131958008
1767413393917,771.2857055664062,432.2857131958008
1767413393924,770.2857055664062,432.2857131958008
1767413393931,769.2857055664062,432.2857131958008
1767413393938,767.2857055664062,432.2857131958008
1767413393946,766.2857055664062,432.2857131958008
1767413393952,765.2857055664062,432.2857131958008
1767413393959,764.2857055664062,432.2857131958008
1767413393968,763.2857055664062,432.2857131958008
1767413393973,762.2857055664062,432.2857131958008
1767413393980,761.2857055664062,432.2857131958008
1767413393987,760.2857055664062,432.2857131958008
1767413393994,758.2857055664062,432.2857131958008
1767413394001,757.2857055664062,432.2857131958008
1767413394008,756.2857055664062,432.2857131958008
1767413394015,754.2857055664062,432.2857131958008
1767413394021,752.2857055664062,432.2857131958008
1767413394029,751.2857055664062,432.2857131958008
1767413394036,750.2857055664062,432.2857131958008
1767413394042,749.2857055664062,432.2857131958008
1767413394049,748.2857055664062,433.2857131958008
1767413394056,747.2857055664062,433.2857131958008
1767413394063,746.2857055664062,433.2857131958008
1767413394070,746.2857055664062,434.2857131958008
1767413394078,745.2857055664062,435.2857131958008
1767413394145,745.2857055664062,436.2857131958008
1767413394165,745.2857055664062,437.2857131958008
1767413394170,745.2857055664062,438.2857131958008
1767413394174,746.2857055664062,439.2857131958008
1767413394181,746.2857055664062,440.2857131958008
1767413394188,747.2857055664062,441.2857131958008
1767413394195,748.2857055664062,443.2857131958008
1767413394202,748.2857055664062,444.2857131958008
1767413394209,749.2857055664062,445.2857131958008
1767413394217,750.2857055664062,446.2857131958008
1767413394223,752.2857055664062,447.2857131958008
1767413394230,753.2857055664062,448.2857131958008
1767413394237,754.2857055664062,449.2857131958008
1767413394244,756.2857055664062,450.2857131958008
1767413394251,757.2857055664062,451.2857131958008
1767413394258,758.2857055664062,451.2857131958008
1767413394268,759.2857055664062,451.2857131958008
1767413394276,760.2857055664062,451.2857131958008
1767413394447,760.2857055664062,451.2857131958008
1767413394452,760.2857055664062,453.2857131958008
1767413394459,759.2857055664062,457.2857131958008
1767413394466,759.2857055664062,463.2857131958008
1767413394473,759.2857055664062,471.2857131958008
1767413394480,758.2857055664062,479.2857131958008
1767413394487,758.2857055664062,484.2857131958008
1767413394494,758.2857055664062,491.2857131958008
1767413394501,757.2857055664062,497.2857131958008
1767413394508,757.2857055664062,504.2857131958008
1767413394515,756.2857055664062,511.2857131958008
1767413394521,755.2857055664062,516.2857131958008
1767413394528,754.2857055664062,521.2857131958008
1767413394536,754.2857055664062,524.2857131958008
1767413394542,753.2857055664062,527.2857131958008
1767413394549,753.2857055664062,527.2857131958008
1767413394576,754.2857055664062,527.2857131958008
1767413394584,755.2857055664062,527.2857131958008
1767413394591,756.2857055664062,525.2857131958008
1767413394598,757.2857055664062,522.2857131958008
1767413394605,757.2857055664062,517.2857131958008
1767413394612,757.2857055664062,512.2857131958008
1767413394619,757.2857055664062,505.2857131958008
1767413394626,757.2857055664062,496.2857131958008
1767413394633,756.2857055664062,489.2857131958008
1767413394640,755.2857055664062,481.2857131958008
1767413394646,754.2857055664062,472.2857131958008
1767413394653,753.2857055664062,465.2857131958008
1767413394660,752.2857055664062,459.2857131958008
1767413394667,751.2857055664062,454.2857131958008
1767413394674,751.2857055664062,449.2857131958008
1767413394681,751.2857055664062,446.2857131958008
1767413394688,751.2857055664062,444.2857131958008
1767413394695,750.2857055664062,443.2857131958008
1767413394734,750.2857055664062,444.2857131958008
1767413394737,750.2857055664062,445.2857131958008
1767413394744,753.2857055664062,453.2857131958008
1767413394751,756.2857055664062,463.2857131958008
1767413394758,758.2857055664062,474.2857131958008
1767413394765,760.2857055664062,484.2857131958008
1767413394771,762.2857055664062,494.2857131958008
1767413394778,765.2857055664062,503.2857131958008
1767413394785,766.2857055664062,510.2857131958008
1767413394792,769.2857055664062,517.2857131958008
1767413394799,769.2857055664062,520.2857131958008
1767413394806,770.2857055664062,521.2857131958008
1767413394813,770.2857055664062,522.2857131958008
1767413394864,770.2857055664062,521.2857131958008
1767413394869,770.2857055664062,520.2857131958008
1767413394876,769.2857055664062,515.2857131958008
1767413394883,768.2857055664062,509.2857131958008
1767413394889,767.2857055664062,503.2857131958008
1767413394896,766.2857055664062,494.2857131958008
1767413394903,766.2857055664062,488.2857131958008
1767413394910,766.2857055664062,481.2857131958008
1767413394917,766.2857055664062,476.2857131958008
1767413394924,766.2857055664062,471.2857131958008
1767413394931,766.2857055664062,465.2857131958008
1767413394938,766.2857055664062,460.2857131958008
1767413394945,766.2857055664062,456.2857131958008
1767413394952,766.2857055664062,453.2857131958008
1767413394959,766.2857055664062,451.2857131958008
1767413394966,766.2857055664062,450.2857131958008
1767413395001,766.2857055664062,451.2857131958008
1767413395008,766.2857055664062,453.2857131958008
1767413395015,766.2857055664062,460.2857131958008
1767413395021,768.2857055664062,468.2857131958008
1767413395028,768.2857055664062,476.2857131958008
1767413395035,769.2857055664062,484.2857131958008
1767413395042,769.2857055664062,491.2857131958008
1767413395049,770.2857055664062,498.2857131958008
1767413395056,770.2857055664062,503.2857131958008
1767413395063,770.2857055664062,505.2857131958008
1767413395070,770.2857055664062,507.2857131958008
1767413395112,770.2857055664062,507.2857131958008
1767413395120,770.2857055664062,503.2857131958008
1767413395126,772.2857055664062,500.2857131958008
1767413395133,773.2857055664062,495.2857131958008
1767413395140,773.2857055664062,490.2857131958008
1767413395147,775.2857055664062,484.2857131958008
1767413395154,776.2857055664062,479.2857131958008
1767413395160,778.2857055664062,473.2857131958008
1767413395167,780.2857055664062,467.2857131958008
1767413395174,781.2857055664062,461.2857131958008
1767413395181,784.2857055664062,456.2857131958008
1767413395188,786.2857055664062,450.2857131958008
1767413395195,787.2857055664062,446.2857131958008
1767413395202,789.2857055664062,443.2857131958008
1767413395209,789.2857055664062,441.2857131958008
1767413395216,789.2857055664062,439.2857131958008
1767413395223,790.2857055664062,438.2857131958008
1767413395230,790.2857055664062,437.2857131958008
1767413395237,790.2857055664062,436.2857131958008
1767413395244,790.2857055664062,435.2857131958008
1767413395251,791.2857055664062,434.2857131958008
1767413395258,791.2857055664062,433.2857131958008
1767413395265,792.2857055664062,432.2857131958008
1767413395272,792.2857055664062,431.2857131958008
1767413395279,792.2857055664062,430.2857131958008
1767413395286,793.2857055664062,429.2857131958008
1767413395292,793.2857055664062,428.2857131958008
1767413395369,793.2857055664062,429.2857131958008
1767413395376,794.2857055664062,432.2857131958008
1767413395383,796.2857055664062,439.2857131958008
1767413395389,797.2857055664062,444.2857131958008
1767413395396,798.2857055664062,449.2857131958008
1767413395403,799.2857055664062,456.2857131958008
1767413395410,800.2857055664062,462.2857131958008
1767413395417,800.2857055664062,469.2857131958008
1767413395424,800.2857055664062,474.2857131958008
1767413395431,800.2857055664062,479.2857131958008
1767413395438,800.2857055664062,483.2857131958008
1767413395445,800.2857055664062,486.2857131958008
1767413395452,800.2857055664062,488.2857131958008
1767413395459,800.2857055664062,489.2857131958008
1767413395466,800.2857055664062,491.2857131958008
1767413395473,800.2857055664062,491.2857131958008
1767413395533,800.2857055664062,491.2857131958008
1767413395535,800.2857055664062,490.2857131958008
1767413395542,800.2857055664062,485.2857131958008
1767413395549,800.2857055664062,481.2857131958008
1767413395556,800.2857055664062,476.2857131958008
1767413395563,800.2857055664062,472.2857131958008
1767413395570,800.2857055664062,468.2857131958008
1767413395577,800.2857055664062,464.2857131958008
1767413395584,800.2857055664062,461.2857131958008
1767413395591,800.2857055664062,460.2857131958008
1767413395598,800.2857055664062,459.2857131958008
1767413395639,800.2857055664062,459.2857131958008
1767413395647,800.2857055664062,465.2857131958008
1767413395653,800.2857055664062,473.2857131958008
1767413395660,798.2857055664062,483.2857131958008
1767413395667,798.2857055664062,491.2857131958008
1767413395674,797.2857055664062,498.2857131958008
1767413395681,796.2857055664062,505.2857131958008
1767413395688,796.2857055664062,510.2857131958008
1767413395695,794.2857055664062,514.2857131958008
1767413395702,794.2857055664062,517.2857131958008
1767413395709,793.2857055664062,518.2857131958008
1767413395716,793.2857055664062,519.2857131958008
1767413395756,793.2857055664062,518.2857131958008
1767413395758,793.2857055664062,517.2857131958008
1767413395764,793.2857055664062,513.2857131958008
1767413395772,793.2857055664062,506.2857131958008
1767413395778,793.2857055664062,499.2857131958008
1767413395785,793.2857055664062,492.2857131958008
1767413395792,793.2857055664062,484.2857131958008
1767413395799,793.2857055664062,477.2857131958008
1767413395806,794.2857055664062,470.2857131958008
1767413395813,794.2857055664062,464.2857131958008
1767413395820,794.2857055664062,459.2857131958008
1767413395827,795.2857055664062,454.2857131958008
1767413395834,795.2857055664062,451.2857131958008
1767413395841,795.2857055664062,451.2857131958008
1767413395880,795.2857055664062,451.2857131958008
1767413395882,795.2857055664062,452.2857131958008
1767413395889,795.2857055664062,457.2857131958008
1767413395897,795.2857055664062,464.2857131958008
1767413395903,795.2857055664062,471.2857131958008
1767413395910,795.2857055664062,477.2857131958008
1767413395917,795.2857055664062,484.2857131958008
1767413395924,794.2857055664062,490.2857131958008
1767413395931,794.2857055664062,496.2857131958008
1767413395936,794.2857055664062,498.2857131958008
1767413395938,794.2857055664062,499.2857131958008
1767413395945,793.2857055664062,502.2857131958008
1767413395952,793.2857055664062,505.2857131958008
1767413395959,793.2857055664062,507.2857131958008
1767413395967,792.2857055664062,508.2857131958008
1767413395973,792.2857055664062,509.2857131958008
1767413395980,792.2857055664062,512.2857131958008
1767413395987,790.2857055664062,515.2857131958008
1767413395994,789.2857055664062,518.2857131958008
1767413396001,787.2857055664062,521.2857131958008
1767413396008,785.2857055664062,527.2857131958008
1767413396015,784.2857055664062,533.2857131958008
1767413396022,782.2857055664062,539.2857131958008
1767413396029,782.2857055664062,548.2857131958008
1767413396036,782.2857055664062,559.2857131958008
1767413396043,784.2857055664062,572.2857131958008
1767413396049,785.2857055664062,588.2857131958008
1767413396057,785.2857055664062,600.2857131958008
1767413396063,785.2857055664062,608.2857131958008
-1,-1,-1
1767413384754,91.28570556640625,163.28571319580078
1767413384758,92.28570556640625,164.28571319580078
1767413384765,92.28570556640625,165.28571319580078
1767413384772,93.28570556640625,167.28571319580078
1767413384778,93.28570556640625,168.28571319580078
1767413384785,94.28570556640625,169.28571319580078
1767413384792,94.28570556640625,170.28571319580078
1767413384799,94.28570556640625,171.28571319580078
1767413384806,94.28570556640625,173.28571319580078
1767413384813,94.28570556640625,174.28571319580078
1767413384820,94.28570556640625,175.28571319580078
1767413384827,94.28570556640625,176.28571319580078
1767413384834,94.28570556640625,177.28571319580078
1767413384841,94.28570556640625,177.28571319580078
1767413384850,94.28570556640625,178.28571319580078
1767413384876,94.28570556640625,178.28571319580078
1767413384890,93.28570556640625,178.28571319580078
1767413384897,93.28570556640625,177.28571319580078
1767413384903,92.28570556640625,176.28571319580078
1767413384910,92.28570556640625,175.28571319580078
1767413384917,91.28570556640625,173.28571319580078
1767413384924,90.28570556640625,171.28571319580078
1767413384931,90.28570556640625,169.28571319580078
1767413384938,90.28570556640625,167.28571319580078
1767413384945,90.28570556640625,164.28571319580078
1767413384952,90.28570556640625,163.28571319580078
1767413384959,90.28570556640625,161.28571319580078
1767413384966,90.28570556640625,160.28571319580078
1767413384973,91.28570556640625,159.28571319580078
1767413384984,91.28570556640625,159.28571319580078
1767413384987,92.28570556640625,159.28571319580078
1767413384994,92.28570556640625,159.28571319580078
1767413385001,93.28570556640625,159.28571319580078
1767413385009,93.28570556640625,159.28571319580078
1767413385015,93.28570556640625,159.28571319580078
1767413385021,94.28570556640625,160.28571319580078
1767413385029,94.28570556640625,162.28571319580078
1767413385035,96.28570556640625,163.28571319580078
1767413385042,96.28570556640625,165.28571319580078
1767413385049,96.28570556640625,167.28571319580078
1767413385056,96.28570556640625,169.28571319580078
1767413385063,96.28570556640625,171.28571319580078
1767413385070,96.28570556640625,172.28571319580078
1767413385077,96.28570556640625,173.28571319580078
1767413385084,96.28570556640625,175.28571319580078
1767413385091,96.28570556640625,176.28571319580078
1767413385098,96.28570556640625,176.28571319580078
1767413385105,95.28570556640625,177.28571319580078
1767413385114,94.28570556640625,177.28571319580078
1767413385194,94.28570556640625,176.28571319580078
1767413385196,94.28570556640625,176.28571319580078
1767413385202,94.28570556640625,175.28571319580078
1767413385209,94.28570556640625,173.28571319580078
1767413385216,95.28570556640625,172.28571319580078
1767413385223,96.28570556640625,171.28571319580078
1767413385230,97.28570556640625,170.28571319580078
1767413385237,98.28570556640625,170.28571319580078
1767413385244,100.28570556640625,169.28571319580078
1767413385251,101.28570556640625,169.28571319580078
1767413385258,101.28570556640625,169.28571319580078
1767413385265,102.28570556640625,169.28571319580078
1767413385276,102.28570556640625,170.28571319580078
1767413385279,102.28570556640625,170.28571319580078
1767413385285,102.28570556640625,171.28571319580078
1767413385292,102.28570556640625,172.28571319580078
1767413385299,103.28570556640625,173.28571319580078
1767413385306,103.28570556640625,175.28571319580078
1767413385313,103.28570556640625,176.28571319580078
1767413385320,103.28570556640625,177.28571319580078
1767413385327,103.28570556640625,178.28571319580078
1767413385334,103.28570556640625,179.28571319580078
1767413385341,103.28570556640625,179.28571319580078
1767413385348,103.28570556640625,180.28571319580078
1767413385374,103.28570556640625,180.28571319580078
1767413385377,102.28570556640625,180.28571319580078
1767413385384,102.28570556640625,180.28571319580078
1767413385393,101.28570556640625,180.28571319580078
1767413385402,101.28570556640625,180.28571319580078
1767413385404,101.28570556640625,180.28571319580078
1767413385411,100.28570556640625,179.28571319580078
1767413385417,99.28570556640625,178.28571319580078
1767413385424,98.28570556640625,176.28571319580078
1767413385431,97.28570556640625,174.28571319580078
1767413385438,97.28570556640625,172.28571319580078
1767413385445,97.28570556640625,169.28571319580078
1767413385452,97.28570556640625,167.28571319580078
1767413385459,97.28570556640625,166.28571319580078
1767413385466,97.28570556640625,164.28571319580078
1767413385473,97.28570556640625,164.28571319580078
1767413385480,98.28570556640625,164.28571319580078
1767413385487,98.28570556640625,164.28571319580078
1767413385494,100.28570556640625,163.28571319580078
1767413385501,101.28570556640625,163.28571319580078
1767413385508,101.28570556640625,163.28571319580078
1767413385515,102.28570556640625,164.28571319580078
1767413385521,103.28570556640625,165.28571319580078
1767413385528,104.28570556640625,167.28571319580078
1767413385535,104.28570556640625,168.28571319580078
1767413385542,105.28570556640625,170.28571319580078
1767413385550,105.28570556640625,172.28571319580078
1767413385556,105.28570556640625,173.28571319580078
1767413385563,105.28570556640625,174.28571319580078
1767413385570,105.28570556640625,176.28571319580078
1767413385577,105.28570556640625,176.28571319580078
1767413385584,105.28570556640625,177.28571319580078
1767413385591,105.28570556640625,179.28571319580078
1767413385598,105.28570556640625,179.28571319580078
1767413385605,105.28570556640625,179.28571319580078
1767413385612,104.28570556640625,180.28571319580078
1767413385619,103.28570556640625,180.28571319580078
1767413385626,102.28570556640625,180.28571319580078
1767413385633,101.28570556640625,180.28571319580078
1767413385640,99.28570556640625,179.28571319580078
1767413385647,97.28570556640625,177.28571319580078
1767413385653,97.28570556640625,175.28571319580078
1767413385660,96.28570556640625,173.28571319580078
1767413385667,95.28570556640625,172.28571319580078
1767413385674,94.28570556640625,169.28571319580078
1767413385681,94.28570556640625,167.28571319580078
1767413385688,94.28570556640625,163.28571319580078
1767413385695,93.28570556640625,160.28571319580078
1767413385702,93.28570556640625,157.28571319580078
1767413385709,93.28570556640625,156.28571319580078
1767413385716,93.28570556640625,154.28571319580078
1767413385723,94.28570556640625,153.28571319580078
1767413385730,96.28570556640625,152.28571319580078
1767413385737,98.28570556640625,152.28571319580078
1767413385744,100.28570556640625,152.28571319580078
1767413385751,103.28570556640625,152.28571319580078
1767413385758,106.28570556640625,154.28571319580078
1767413385765,109.28570556640625,156.28571319580078
1767413385772,112.28570556640625,159.28571319580078
1767413385778,114.28570556640625,161.28571319580078
1767413385785,116.28570556640625,164.28571319580078
1767413385792,116.28570556640625,165.28571319580078
1767413385799,117.28570556640625,167.28571319580078
1767413385806,117.28570556640625,169.28571319580078
1767413385813,117.28570556640625,171.28571319580078
1767413385820,117.28570556640625,172.28571319580078
1767413385827,117.28570556640625,174.28571319580078
1767413385834,117.28570556640625,176.28571319580078
1767413385841,115.28570556640625,177.28571319580078
1767413385848,114.28570556640625,179.28571319580078
1767413385855,112.28570556640625,179.28571319580078
1767413385862,109.28570556640625,180.28571319580078
1767413385869,108.28570556640625,180.28571319580078
1767413385876,105.28570556640625,180.28571319580078
1767413385883,104.28570556640625,180.28571319580078
1767413385890,101.28570556640625,180.28571319580078
1767413385897,100.28570556640625,179.28571319580078
1767413385904,97.28570556640625,177.28571319580078
1767413385910,96.28570556640625,175.28571319580078
1767413385917,94.28570556640625,173.28571319580078
1767413385918,93.28570556640625,173.28571319580078
1767413387714,117.28570556640625,35.28571319580078
1767413387737,117.28570556640625,36.28571319580078
1767413387744,117.28570556640625,37.28571319580078
1767413387751,117.28570556640625,37.28571319580078
1767413387757,117.28570556640625,38.28571319580078
1767413387769,117.28570556640625,39.28571319580078
1767413387880,117.28570556640625,38.28571319580078
1767413387882,116.28570556640625,37.28571319580078
1767413387889,116.28570556640625,36.28571319580078
1767413387896,116.28570556640625,35.28571319580078
1767413387903,116.28570556640625,33.28571319580078
1767413387910,116.28570556640625,33.28571319580078
1767413387917,117.28570556640625,32.28571319580078
1767413387924,118.28570556640625,31.28571319580078
1767413387931,120.28570556640625,31.28571319580078
1767413387938,122.28570556640625,31.28571319580078
1767413387945,124.28570556640625,31.28571319580078
1767413387952,126.28570556640625,32.28571319580078
1767413387959,128.28570556640625,35.28571319580078
1767413387966,130.28570556640625,37.28571319580078
1767413387973,130.28570556640625,40.28571319580078
1767413387980,131.28570556640625,44.28571319580078
1767413387987,131.28570556640625,48.28571319580078
1767413387994,131.28570556640625,53.28571319580078
1767413388001,131.28570556640625,57.28571319580078
1767413388008,131.28570556640625,61.28571319580078
1767413388015,131.28570556640625,64.28571319580078
1767413388021,131.28570556640625,65.28571319580078
1767413388028,131.28570556640625,67.28571319580078
1767413388035,130.28570556640625,68.28571319580078
1767413388042,130.28570556640625,68.28571319580078
1767413388049,129.28570556640625,68.28571319580078
1767413388056,129.28570556640625,68.28571319580078
1767413388063,128.28570556640625,68.28571319580078
1767413388070,126.28570556640625,67.28571319580078
1767413388077,124.28570556640625,65.28571319580078
1767413388084,121.28570556640625,63.28571319580078
1767413388091,117.28570556640625,59.28571319580078
1767413388098,114.28570556640625,56.28571319580078
1767413388105,112.28570556640625,52.28571319580078
1767413388112,110.28570556640625,50.28571319580078
1767413388119,108.28570556640625,47.28571319580078
1767413388126,108.28570556640625,45.28571319580078
1767413388133,108.28570556640625,43.28571319580078
1767413388140,108.28570556640625,41.28571319580078
1767413388146,108.28570556640625,38.28571319580078
1767413388153,108.28570556640625,35.28571319580078
1767413388160,109.28570556640625,33.28571319580078
1767413388167,110.28570556640625,31.28571319580078
1767413388174,111.28570556640625,29.28571319580078
1767413388181,112.28570556640625,28.28571319580078
1767413388188,113.28570556640625,27.28571319580078
1767413388195,116.28570556640625,27.28571319580078
1767413388202,118.28570556640625,27.28571319580078
1767413388209,120.28570556640625,27.28571319580078
1767413388216,122.28570556640625,27.28571319580078
1767413388223,124.28570556640625,27.28571319580078
1767413388230,125.28570556640625,29.28571319580078
1767413388237,126.28570556640625,31.28571319580078
1767413388244,126.28570556640625,33.28571319580078
1767413388251,127.28570556640625,35.28571319580078
1767413388258,128.28570556640625,37.28571319580078
1767413388265,128.28570556640625,40.28571319580078
1767413388272,128.28570556640625,43.28571319580078
1767413388278,128.28570556640625,45.28571319580078
1767413388285,128.28570556640625,48.28571319580078
1767413388292,126.28570556640625,51.28571319580078
1767413388299,125.28570556640625,53.28571319580078
1767413388306,122.28570556640625,55.28571319580078
1767413388313,120.28570556640625,56.28571319580078
1767413388320,117.28570556640625,57.28571319580078
1767413388327,115.28570556640625,57.28571319580078
1767413388334,113.28570556640625,57.28571319580078
1767413388341,110.28570556640625,57.28571319580078
1767413388348,109.28570556640625,57.28571319580078
1767413388355,108.28570556640625,56.28571319580078
1767413388362,107.28570556640625,55.28571319580078
1767413388369,106.28570556640625,53.28571319580078
1767413388376,105.28570556640625,52.28571319580078
1767413388383,104.28570556640625,49.28571319580078
1767413388390,104.28570556640625,48.28571319580078
1767413388396,103.28570556640625,44.28571319580078
1767413388403,103.28570556640625,41.28571319580078
1767413388410,103.28570556640625,39.28571319580078
1767413388417,103.28570556640625,37.28571319580078
1767413388424,103.28570556640625,35.28571319580078
1767413388431,104.28570556640625,34.28571319580078
1767413388438,105.28570556640625,33.28571319580078
1767413388445,108.28570556640625,33.28571319580078
1767413388452,111.28570556640625,33.28571319580078
1767413388459,114.28570556640625,33.28571319580078
1767413388466,117.28570556640625,33.28571319580078
1767413388473,120.28570556640625,35.28571319580078
1767413388480,122.28570556640625,37.28571319580078
1767413388487,124.28570556640625,39.28571319580078
1767413388494,125.28570556640625,43.28571319580078
1767413388501,125.28570556640625,46.28571319580078
1767413388508,125.28570556640625,49.28571319580078
1767413388515,125.28570556640625,52.28571319580078
1767413388521,125.28570556640625,55.28571319580078
1767413388528,125.28570556640625,57.28571319580078
1767413388535,125.28570556640625,60.28571319580078
1767413388542,124.28570556640625,62.28571319580078
1767413388549,123.28570556640625,63.28571319580078
1767413388556,121.28570556640625,64.28571319580078
1767413388563,120.28570556640625,65.28571319580078
1767413388570,117.28570556640625,65.28571319580078
1767413388577,114.28570556640625,65.28571319580078
1767413388584,112.28570556640625,65.28571319580078
1767413388591,109.28570556640625,64.28571319580078
1767413388598,106.28570556640625,61.28571319580078
1767413388605,103.28570556640625,59.28571319580078
1767413388612,100.28570556640625,56.28571319580078
1767413388619,97.28570556640625,53.28571319580078
1767413388626,96.28570556640625,52.28571319580078
1767413388633,95.28570556640625,49.28571319580078
1767413388639,94.28570556640625,47.28571319580078
1767413388646,94.28570556640625,44.28571319580078
1767413388653,94.28570556640625,42.28571319580078
1767413388660,94.28570556640625,39.28571319580078
1767413388667,94.28570556640625,37.28571319580078
1767413388674,95.28570556640625,35.28571319580078
1767413388681,96.28570556640625,33.28571319580078
1767413388688,97.28570556640625,32.28571319580078
1767413388695,99.28570556640625,31.28571319580078
1767413388702,101.28570556640625,30.28571319580078
1767413388709,104.28570556640625,30.28571319580078
1767413388716,106.28570556640625,30.28571319580078
1767413388723,109.28570556640625,30.28571319580078
1767413388730,110.28570556640625,31.28571319580078
1767413388737,113.28570556640625,32.28571319580078
1767413388744,114.28570556640625,34.28571319580078
1767413388751,115.28570556640625,36.28571319580078
1767413388758,116.28570556640625,39.28571319580078
1767413388765,117.28570556640625,43.28571319580078
1767413388771,117.28570556640625,45.28571319580078
1767413388779,117.28570556640625,48.28571319580078
1767413388785,117.28570556640625,51.28571319580078
1767413388792,117.28570556640625,53.28571319580078
1767413388799,116.28570556640625,56.28571319580078
1767413388806,114.28570556640625,57.28571319580078
1767413388813,113.28570556640625,60.28571319580078
1767413388820,110.28570556640625,60.28571319580078
1767413388827,108.28570556640625,61.28571319580078
1767413388834,106.28570556640625,61.28571319580078
1767413388841,104.28570556640625,61.28571319580078
1767413388848,103.28570556640625,61.28571319580078
1767413388855,102.28570556640625,61.28571319580078
1767413388876,102.28570556640625,61.28571319580078
1767413388882,102.28570556640625,59.28571319580078
1767413388890,102.28570556640625,55.28571319580078
1767413388896,102.28570556640625,52.28571319580078
1767413388903,102.28570556640625,47.28571319580078
1767413388910,102.28570556640625,43.28571319580078
1767413388917,104.28570556640625,38.28571319580078
1767413388924,105.28570556640625,35.28571319580078
1767413388931,106.28570556640625,32.28571319580078
1767413388938,110.28570556640625,29.28571319580078
1767413388945,113.28570556640625,28.28571319580078
1767413388952,116.28570556640625,28.28571319580078
1767413388959,121.28570556640625,28.28571319580078
1767413388966,125.28570556640625,28.28571319580078
1767413388973,128.28570556640625,29.28571319580078
1767413388980,129.28570556640625,32.28571319580078
1767413388987,132.28570556640625,35.28571319580078
1767413388994,132.28570556640625,39.28571319580078
1767413389001,133.28570556640625,43.28571319580078
1767413389008,134.28570556640625,47.28571319580078
1767413389014,134.28570556640625,51.28571319580078
1767413389021,134.28570556640625,55.28571319580078
1767413389028,134.28570556640625,58.28571319580078
1767413389035,134.28570556640625,62.28571319580078
1767413389042,134.28570556640625,64.28571319580078
1767413389049,133.28570556640625,67.28571319580078
1767413389056,132.28570556640625,68.28571319580078
1767413389063,129.28570556640625,69.28571319580078
1767413389070,128.28570556640625,70.28571319580078
1767413389077,124.28570556640625,70.28571319580078
1767413389084,121.28570556640625,70.28571319580078
1767413389091,118.28570556640625,70.28571319580078
1767413389098,116.28570556640625,69.28571319580078
1767413389105,112.28570556640625,68.28571319580078
1767413389112,109.28570556640625,65.28571319580078
1767413389119,106.28570556640625,63.28571319580078
1767413389126,103.28570556640625,60.28571319580078
1767413389133,101.28570556640625,57.28571319580078
1767413389140,100.28570556640625,56.28571319580078
1767413389146,100.28570556640625,54.28571319580078
1767413389153,99.28570556640625,52.28571319580078
1767413389160,99.28570556640625,49.28571319580078
1767413389167,99.28570556640625,46.28571319580078
1767413389174,99.28570556640625,43.28571319580078
1767413389181,100.28570556640625,40.28571319580078
1767413389188,101.28570556640625,37.28571319580078
1767413389195,102.28570556640625,35.28571319580078
1767413389202,104.28570556640625,33.28571319580078
1767413389209,106.28570556640625,32.28571319580078
1767413389216,109.28570556640625,31.28571319580078
1767413389223,111.28570556640625,30.28571319580078
1767413389230,115.28570556640625,29.28571319580078
1767413389237,118.28570556640625,29.28571319580078
1767413389244,120.28570556640625,29.28571319580078
1767413389251,122.28570556640625,31.28571319580078
1767413389258,124.28570556640625,33.28571319580078
1767413389264,125.28570556640625,36.28571319580078
1767413389271,126.28570556640625,39.28571319580078
1767413389278,128.28570556640625,42.28571319580078
1767413389285,129.28570556640625,45.28571319580078
1767413389292,129.28570556640625,47.28571319580078
1767413389299,129.28570556640625,49.28571319580078
1767413389306,129.28570556640625,52.28571319580078
1767413389313,129.28570556640625,54.28571319580078
1767413389320,129.28570556640625,55.28571319580078
1767413389327,129.28570556640625,56.28571319580078
1767413389334,128.28570556640625,57.28571319580078
1767413389341,127.28570556640625,58.28571319580078
1767413389348,125.28570556640625,59.28571319580078
1767413389355,122.28570556640625,59.28571319580078
1767413389362,120.28570556640625,59.28571319580078
1767413389369,118.28570556640625,59.28571319580078
1767413389376,116.28570556640625,59.28571319580078
1767413389383,116.28570556640625,59.28571319580078
1767413389390,114.28570556640625,59.28571319580078
1767413389396,114.28570556640625,58.28571319580078
1767413389403,114.28570556640625,56.28571319580078
1767413389410,113.28570556640625,54.28571319580078
1767413389417,112.28570556640625,50.28571319580078
1767413389424,112.28570556640625,47.28571319580078
1767413389431,110.28570556640625,43.28571319580078
1767413389438,110.28570556640625,37.28571319580078
1767413389445,110.28570556640625,33.28571319580078
1767413389452,110.28570556640625,28.28571319580078
1767413389459,110.28570556640625,24.28571319580078
1767413389466,111.28570556640625,21.28571319580078
1767413389473,113.28570556640625,18.28571319580078
1767413389480,114.28570556640625,15.285713195800781
1767413389487,116.28570556640625,13.285713195800781
1767413389494,118.28570556640625,10.285713195800781
1767413389501,120.28570556640625,9.285713195800781
1767413389508,122.28570556640625,8.285713195800781
1767413389515,124.28570556640625,8.285713195800781
1767413389521,125.28570556640625,8.285713195800781
1767413389528,127.28570556640625,8.285713195800781
1767413389535,129.28570556640625,11.285713195800781
1767413389542,133.28570556640625,16.28571319580078
1767413389549,136.28570556640625,22.28571319580078
1767413389556,140.28570556640625,27.28571319580078
1767413389563,143.28570556640625,33.28571319580078
1767413389570,145.28570556640625,37.28571319580078
1767413389577,146.28570556640625,41.28571319580078
1767413389584,146.28570556640625,44.28571319580078
1767413389591,147.28570556640625,47.28571319580078
1767413389598,147.28570556640625,49.28571319580078
1767413389605,146.28570556640625,51.28571319580078
1767413389612,145.28570556640625,53.28571319580078
1767413389619,143.28570556640625,55.28571319580078
1767413389626,141.28570556640625,56.28571319580078
1767413389633,137.28570556640625,57.28571319580078
1767413389640,133.28570556640625,58.28571319580078
1767413389646,128.28570556640625,58.28571319580078
1767413389653,123.28570556640625,58.28571319580078
1767413389660,118.28570556640625,56.28571319580078
1767413389667,114.28570556640625,54.28571319580078
1767413389674,110.28570556640625,51.28571319580078
1767413389681,108.28570556640625,49.28571319580078
1767413389688,106.28570556640625,48.28571319580078
1767413389695,106.28570556640625,46.28571319580078
1767413389702,106.28570556640625,43.28571319580078
1767413389709,106.28570556640625,40.28571319580078
1767413389716,106.28570556640625,37.28571319580078
1767413389723,106.28570556640625,33.28571319580078
1767413389730,107.28570556640625,30.28571319580078
1767413389737,108.28570556640625,27.28571319580078
1767413389744,109.28570556640625,24.28571319580078
1767413389751,110.28570556640625,23.28571319580078
1767413389758,111.28570556640625,21.28571319580078
1767413389765,112.28570556640625,20.28571319580078
1767413390701,706.2857055664062,220.28571319580078
1767413390737,706.2857055664062,221.28571319580078
1767413390744,706.2857055664062,229.28571319580078
1767413390751,706.2857055664062,236.28571319580078
1767413390758,706.2857055664062,245.28571319580078
1767413390765,706.2857055664062,253.28571319580078
1767413390772,706.2857055664062,259.2857131958008
1767413390779,706.2857055664062,266.2857131958008
1767413390785,706.2857055664062,272.2857131958008
1767413390793,706.2857055664062,278.2857131958008
1767413390799,706.2857055664062,283.2857131958008
1767413390806,706.2857055664062,286.2857131958008
1767413390813,706.2857055664062,289.2857131958008
1767413390820,706.2857055664062,292.2857131958008
1767413390827,706.2857055664062,293.2857131958008
1767413390834,706.2857055664062,294.2857131958008
1767413390841,706.2857055664062,295.2857131958008
1767413390886,706.2857055664062,294.2857131958008
1767413390890,706.2857055664062,293.2857131958008
1767413390896,706.2857055664062,290.2857131958008
1767413390903,708.2857055664062,285.2857131958008
1767413390910,708.2857055664062,278.2857131958008
1767413390917,708.2857055664062,270.2857131958008
1767413390924,708.2857055664062,263.2857131958008
1767413390931,708.2857055664062,256.2857131958008
1767413390938,708.2857055664062,249.28571319580078
1767413390945,708.2857055664062,243.28571319580078
1767413390952,708.2857055664062,237.28571319580078
1767413390959,708.2857055664062,233.28571319580078
1767413390966,708.2857055664062,229.28571319580078
1767413390973,707.2857055664062,227.28571319580078
1767413390980,707.2857055664062,226.28571319580078
1767413391019,706.2857055664062,226.28571319580078
1767413391021,706.2857055664062,227.28571319580078
1767413391028,706.2857055664062,231.28571319580078
1767413391035,706.2857055664062,239.28571319580078
1767413391042,706.2857055664062,248.28571319580078
1767413391049,705.2857055664062,256.2857131958008
1767413391056,705.2857055664062,264.2857131958008
1767413391063,704.2857055664062,272.2857131958008
1767413391070,704.2857055664062,278.2857131958008
1767413391077,704.2857055664062,283.2857131958008
1767413391084,704.2857055664062,286.2857131958008
1767413391091,704.2857055664062,288.2857131958008
1767413391098,704.2857055664062,289.2857131958008
1767413391106,704.2857055664062,289.2857131958008
1767413392511,850.2857055664062,218.28571319580078
1767413392559,850.2857055664062,219.28571319580078
1767413392563,850.2857055664062,220.28571319580078
1767413392570,851.2857055664062,225.28571319580078
1767413392577,852.2857055664062,231.28571319580078
1767413392584,853.2857055664062,238.28571319580078
1767413392591,854.2857055664062,244.28571319580078
1767413392598,854.2857055664062,251.28571319580078
1767413392605,854.2857055664062,259.2857131958008
1767413392612,855.2857055664062,265.2857131958008
1767413392619,856.2857055664062,270.2857131958008
1767413392626,856.2857055664062,277.2857131958008
1767413392633,857.2857055664062,283.2857131958008
1767413392640,857.2857055664062,288.2857131958008
1767413392646,857.2857055664062,292.2857131958008
1767413392654,857.2857055664062,297.2857131958008
1767413392660,857.2857055664062,300.2857131958008
1767413392667,857.2857055664062,302.2857131958008
1767413392674,857.2857055664062,304.2857131958008
1767413392681,857.2857055664062,304.2857131958008
1767413392741,857.2857055664062,304.2857131958008
1767413392745,857.2857055664062,303.2857131958008
1767413392751,857.2857055664062,301.2857131958008
1767413392758,858.2857055664062,297.2857131958008
1767413392765,858.2857055664062,292.2857131958008
1767413392772,858.2857055664062,287.2857131958008
1767413392778,858.2857055664062,281.2857131958008
1767413392785,858.2857055664062,277.2857131958008
1767413392792,858.2857055664062,272.2857131958008
1767413392799,858.2857055664062,268.2857131958008
1767413392806,859.2857055664062,264.2857131958008
1767413392813,859.2857055664062,260.2857131958008
1767413392820,859.2857055664062,255.28571319580078
1767413392827,859.2857055664062,251.28571319580078
1767413392834,859.2857055664062,247.28571319580078
1767413392841,859.2857055664062,244.28571319580078
1767413392848,859.2857055664062,241.28571319580078
1767413392855,859.2857055664062,240.28571319580078
1767413392899,859.2857055664062,240.28571319580078
1767413392903,859.2857055664062,242.28571319580078
1767413392910,859.2857055664062,248.28571319580078
1767413392917,859.2857055664062,255.28571319580078
1767413392924,859.2857055664062,263.2857131958008
1767413392931,858.2857055664062,269.2857131958008
1767413392938,858.2857055664062,275.2857131958008
1767413392945,858.2857055664062,280.2857131958008
1767413392952,858.2857055664062,283.2857131958008
1767413392959,857.2857055664062,285.2857131958008
1767413392966,857.2857055664062,287.2857131958008
1767413392973,857.2857055664062,288.2857131958008
1767413393024,857.2857055664062,287.2857131958008
1767413393028,857.2857055664062,285.2857131958008
1767413393035,856.2857055664062,280.2857131958008
1767413393042,856.2857055664062,276.2857131958008
1767413393049,856.2857055664062,271.2857131958008
1767413393056,855.2857055664062,265.2857131958008
1767413393063,855.2857055664062,260.2857131958008
1767413393070,855.2857055664062,255.28571319580078
1767413393077,854.2857055664062,250.28571319580078
1767413393084,854.2857055664062,246.28571319580078
1767413393091,854.2857055664062,242.28571319580078
1767413393098,854.2857055664062,239.28571319580078
1767413393105,854.2857055664062,237.28571319580078
1767413393112,854.2857055664062,236.28571319580078
1767413393133,854.2857055664062,236.28571319580078
1767413393157,853.2857055664062,236.28571319580078
1767413393160,853.2857055664062,237.28571319580078
1767413393167,853.2857055664062,243.28571319580078
1767413393174,852.2857055664062,250.28571319580078
1767413393181,852.2857055664062,257.2857131958008
1767413393188,850.2857055664062,264.2857131958008
1767413393195,849.2857055664062,271.2857131958008
1767413393202,848.2857055664062,277.2857131958008
1767413393209,847.2857055664062,283.2857131958008
1767413393216,846.2857055664062,286.2857131958008
1767413393223,846.2857055664062,288.2857131958008
1767413393230,846.2857055664062,290.2857131958008
1767413393300,846.2857055664062,289.2857131958008
1767413393306,846.2857055664062,285.2857131958008
1767413393313,846.2857055664062,280.2857131958008
1767413393320,846.2857055664062,275.2857131958008
1767413393327,846.2857055664062,271.2857131958008
1767413393334,846.2857055664062,266.2857131958008
1767413393341,846.2857055664062,261.2857131958008
1767413393348,846.2857055664062,257.2857131958008
1767413393355,846.2857055664062,254.28571319580078
1767413393362,846.2857055664062,251.28571319580078
1767413393369,846.2857055664062,249.28571319580078
1767413393376,846.2857055664062,246.28571319580078
1767413393383,846.2857055664062,244.28571319580078
1767413393433,846.2857055664062,245.28571319580078
1767413393438,846.2857055664062,249.28571319580078
1767413393445,846.2857055664062,256.2857131958008
1767413393452,846.2857055664062,262.2857131958008
1767413393459,846.2857055664062,269.2857131958008
1767413393466,846.2857055664062,277.2857131958008
1767413393473,846.2857055664062,283.2857131958008
1767413393480,846.2857055664062,288.2857131958008
1767413393487,846.2857055664062,292.2857131958008
1767413393494,846.2857055664062,296.2857131958008
1767413393501,846.2857055664062,299.2857131958008
1767413393508,846.2857055664062,301.2857131958008
1767413393514,845.2857055664062,303.2857131958008
1767413393521,845.2857055664062,303.2857131958008
1767413393528,845.2857055664062,304.2857131958008
1767413394417,760.2857055664062,451.2857131958008
1767413394447,760.2857055664062,451.2857131958008
1767413394452,760.2857055664062,453.2857131958008
1767413394459,759.2857055664062,457.2857131958008
1767413394466,759.2857055664062,463.2857131958008
1767413394473,759.2857055664062,471.2857131958008
1767413394480,758.2857055664062,479.2857131958008
1767413394487,758.2857055664062,484.2857131958008
1767413394494,758.2857055664062,491.2857131958008
1767413394501,757.2857055664062,497.2857131958008
1767413394508,757.2857055664062,504.2857131958008
1767413394515,756.2857055664062,511.2857131958008
1767413394521,755.2857055664062,516.2857131958008
1767413394528,754.2857055664062,521.2857131958008
1767413394536,754.2857055664062,524.2857131958008
1767413394542,753.2857055664062,527.2857131958008
1767413394549,753.2857055664062,527.2857131958008
1767413394576,754.2857055664062,527.2857131958008
1767413394584,755.2857055664062,527.2857131958008
1767413394591,756.2857055664062,525.2857131958008
1767413394598,757.2857055664062,522.2857131958008
1767413394605,757.2857055664062,517.2857131958008
1767413394612,757.2857055664062,512.2857131958008
1767413394619,757.2857055664062,505.2857131958008
1767413394626,757.2857055664062,496.2857131958008
1767413394633,756.2857055664062,489.2857131958008
1767413394640,755.2857055664062,481.2857131958008
1767413394646,754.2857055664062,472.2857131958008
1767413394653,753.2857055664062,465.2857131958008
1767413394660,752.2857055664062,459.2857131958008
1767413394667,751.2857055664062,454.2857131958008
1767413394674,751.2857055664062,449.2857131958008
1767413394681,751.2857055664062,446.2857131958008
1767413394688,751.2857055664062,444.2857131958008
1767413394695,750.2857055664062,443.2857131958008
1767413394734,750.2857055664062,444.2857131958008
1767413394737,750.2857055664062,445.2857131958008
1767413394744,753.2857055664062,453.2857131958008
1767413394751,756.2857055664062,463.2857131958008
1767413394758,758.2857055664062,474.2857131958008
1767413394765,760.2857055664062,484.2857131958008
1767413394771,762.2857055664062,494.2857131958008
1767413394778,765.2857055664062,503.2857131958008
1767413394785,766.2857055664062,510.2857131958008
1767413394792,769.2857055664062,517.2857131958008
1767413394799,769.2857055664062,520.2857131958008
1767413394806,770.2857055664062,521.2857131958008
1767413394813,770.2857055664062,522.2857131958008
1767413394864,770.2857055664062,521.2857131958008
1767413394869,770.2857055664062,520.2857131958008
1767413394876,769.2857055664062,515.2857131958008
1767413394883,768.2857055664062,509.2857131958008
1767413394889,767.2857055664062,503.2857131958008
1767413394896,766.2857055664062,494.2857131958008
1767413394903,766.2857055664062,488.2857131958008
1767413394910,766.2857055664062,481.2857131958008
1767413394917,766.2857055664062,476.2857131958008
1767413394924,766.2857055664062,471.2857131958008
1767413394931,766.2857055664062,465.2857131958008
1767413394938,766.2857055664062,460.2857131958008
1767413394945,766.2857055664062,456.2857131958008
1767413394952,766.2857055664062,453.2857131958008
1767413394959,766.2857055664062,451.2857131958008
1767413394966,766.2857055664062,450.2857131958008
1767413395001,766.2857055664062,451.2857131958008
1767413395008,766.2857055664062,453.2857131958008
1767413395015,766.2857055664062,460.2857131958008
1767413395021,768.2857055664062,468.2857131958008
1767413395028,768.2857055664062,476.2857131958008
1767413395035,769.2857055664062,484.2857131958008
1767413395042,769.2857055664062,491.2857131958008
1767413395049,770.2857055664062,498.2857131958008
1767413395056,770.2857055664062,503.2857131958008
1767413395063,770.2857055664062,505.2857131958008
1767413395070,770.2857055664062,507.2857131958008
1767413395363,793.2857055664062,428.2857131958008
1767413395369,793.2857055664062,429.2857131958008
1767413395376,794.2857055664062,432.2857131958008
1767413395383,796.2857055664062,439.2857131958008
1767413395389,797.2857055664062,444.2857131958008
1767413395396,798.2857055664062,449.2857131958008
1767413395403,799.2857055664062,456.2857131958008
1767413395410,800.2857055664062,462.2857131958008
1767413395417,800.2857055664062,469.2857131958008
1767413395424,800.2857055664062,474.2857131958008
1767413395431,800.2857055664062,479.2857131958008
1767413395438,800.2857055664062,483.2857131958008
1767413395445,800.2857055664062,486.2857131958008
1767413395452,800.2857055664062,488.2857131958008
1767413395459,800.2857055664062,489.2857131958008
1767413395466,800.2857055664062,491.2857131958008
1767413395473,800.2857055664062,491.2857131958008
1767413395533,800.2857055664062,491.2857131958008
1767413395535,800.2857055664062,490.2857131958008
1767413395542,800.2857055664062,485.2857131958008
1767413395549,800.2857055664062,481.2857131958008
1767413395556,800.2857055664062,476.2857131958008
1767413395563,800.2857055664062,472.2857131958008
1767413395570,800.2857055664062,468.2857131958008
1767413395577,800.2857055664062,464.2857131958008
1767413395584,800.2857055664062,461.2857131958008
1767413395591,800.2857055664062,460.2857131958008
1767413395598,800.2857055664062,459.2857131958008
1767413395639,800.2857055664062,459.2857131958008
1767413395647,800.2857055664062,465.2857131958008
1767413395653,800.2857055664062,473.2857131958008
1767413395660,798.2857055664062,483.2857131958008
1767413395667,798.2857055664062,491.2857131958008
1767413395674,797.2857055664062,498.2857131958008
1767413395681,796.2857055664062,505.2857131958008
1767413395688,796.2857055664062,510.2857131958008
1767413395695,794.2857055664062,514.2857131958008
1767413395702,794.2857055664062,517.2857131958008
1767413395709,793.2857055664062,518.2857131958008
1767413395716,793.2857055664062,519.2857131958008
1767413395756,793.2857055664062,518.2857131958008
1767413395758,793.2857055664062,517.2857131958008
1767413395764,793.2857055664062,513.2857131958008
1767413395772,793.2857055664062,506.2857131958008
1767413395778,793.2857055664062,499.2857131958008
1767413395785,793.2857055664062,492.2857131958008
1767413395792,793.2857055664062,484.2857131958008
1767413395799,793.2857055664062,477.2857131958008
1767413395806,794.2857055664062,470.2857131958008
1767413395813,794.2857055664062,464.2857131958008
1767413395820,794.2857055664062,459.2857131958008
1767413395827,795.2857055664062,454.2857131958008
1767413395834,795.2857055664062,451.2857131958008
1767413395841,795.2857055664062,451.2857131958008
1767413395880,795.2857055664062,451.2857131958008
1767413395882,795.2857055664062,452.2857131958008
1767413395889,795.2857055664062,457.2857131958008
1767413395897,795.2857055664062,464.2857131958008
1767413395903,795.2857055664062,471.2857131958008
1767413395910,795.2857055664062,477.2857131958008
1767413395917,795.2857055664062,484.2857131958008
1767413395924,794.2857055664062,490.2857131958008
1767413395931,794.2857055664062,496.2857131958008
1767413395936,794.2857055664062,498.2857131958008
-1,-1,-1
1767413384754,,
1767413387714,,
1767413390701,,
1767413392511,,
1767413394417,,
1767413395363,,
-1,-1,-1
1767413385919,,
1767413389779,,
1767413391149,,
1767413393614,,
1767413395112,,
1767413395937,,
