1768378673371,631.6666564941406,361
1768378673770,628.6666564941406,362
1768378673787,616.6666564941406,365
1768378673803,611.6666564941406,366
1768378673821,609.6666564941406,367
1768378673838,607.6666564941406,368
1768378674323,585.6666564941406,433
1768378674337,511.6666564941406,419
1768378674353,406.6666564941406,402
1768378674370,338.6666564941406,393
1768378674387,260.6666564941406,381
1768378674404,222.66665649414062,372
1768378674420,201.66665649414062,364
1768378674438,180.66665649414062,356
1768378674454,178.66665649414062,355
1768378674663,173.66665649414062,352
1768378674676,157.66665649414062,344
1768378674687,149.66665649414062,339
1768378674704,129.66665649414062,323
1768378674721,119.66665649414062,316
1768378674737,111.66665649414062,306
1768378674754,107.66665649414062,302
1768378674771,102.66665649414062,296
1768378674787,100.66665649414062,291
1768378674803,98.66665649414062,284
1768378674821,98.66665649414062,282
1768378674838,96.66665649414062,274
1768378674854,96.66665649414062,270
1768378674870,96.66665649414062,265
1768378674887,96.66665649414062,264
1768378674904,96.66665649414062,262
1768378674926,97.66665649414062,260
1768378674949,97.66665649414062,258
1768378674962,98.66665649414062,258
1768378674970,99.66665649414062,258
1768378674987,99.66665649414062,259
1768378675373,99.66665649414062,260
1768378675390,98.66665649414062,261
1768378675414,98.66665649414062,262
1768378675421,97.66665649414062,263
1768378675470,96.66665649414062,264
1768378675521,95.66665649414062,262
1768378675537,95.66665649414062,260
1768378675554,95.66665649414062,254
1768378675570,93.66665649414062,243
1768378675587,93.66665649414062,232
1768378675612,90.66665649414062,214
1768378675621,88.66665649414062,204
1768378675637,87.66665649414062,198
1768378675654,87.66665649414062,192
1768378675670,86.66665649414062,189
1768378675687,85.66665649414062,186
1768378675704,85.66665649414062,184
1768378675724,85.66665649414062,182
1768378675737,85.66665649414062,182
1768378675754,84.66665649414062,182
1768378675771,83.66665649414062,181
1768378675793,82.66665649414062,181
1768378675849,81.66665649414062,181
1768378675888,81.66665649414062,182
1768378676030,81.66665649414062,182
1768378676070,81.66665649414062,180
1768378676087,81.66665649414062,180
1768378676110,81.66665649414062,178
1768378676124,81.66665649414062,178
1768378676139,81.66665649414062,176
1768378676155,81.66665649414062,176
1768378676171,80.66665649414062,174
1768378676187,79.66665649414062,170
1768378676203,79.66665649414062,169
1768378676220,78.66665649414062,167
1768378676237,77.66665649414062,166
1768378676257,76.66665649414062,164
1768378676275,75.66665649414062,164
1768378676297,74.66665649414062,163
1768378676311,73.66665649414062,163
1768378676320,73.66665649414062,162
1768378676337,72.66665649414062,162
1768378676354,70.66665649414062,161
1768378676377,68.66665649414062,161
1768378676388,67.66665649414062,160
1768378676403,67.66665649414062,160
1768378676420,66.66665649414062,159
1768378676437,66.66665649414062,158
1768378676455,66.66665649414062,156
1768378676470,66.66665649414062,154
1768378676487,66.66665649414062,152
1768378676504,66.66665649414062,150
1768378676521,66.66665649414062,146
1768378676537,66.66665649414062,143
1768378676553,66.66665649414062,142
1768378676570,66.66665649414062,138
1768378676587,66.66665649414062,138
1768378676605,66.66665649414062,136
1768378676971,65.66665649414062,140
1768378676987,63.666656494140625,144
1768378677004,62.666656494140625,148
1768378677020,61.666656494140625,152
1768378677037,59.666656494140625,157
1768378677054,56.666656494140625,161
1768378677070,55.666656494140625,164
1768378677087,53.666656494140625,167
1768378677104,52.666656494140625,169
1768378677120,51.666656494140625,171
1768378677137,51.666656494140625,172
1768378677153,51.666656494140625,174
1768378677170,51.666656494140625,176
1768378677187,51.666656494140625,178
1768378677204,51.666656494140625,180
1768378677220,51.666656494140625,182
1768378677237,51.666656494140625,186
1768378677253,51.666656494140625,187
1768378677270,51.666656494140625,189
1768378677287,51.666656494140625,190
1768378677321,51.666656494140625,191
1768378677352,51.666656494140625,190
1768378677370,51.666656494140625,187
1768378677387,52.666656494140625,173
1768378677404,52.666656494140625,161
1768378677421,52.666656494140625,148
1768378677437,52.666656494140625,144
1768378677453,52.666656494140625,142
1768378677470,52.666656494140625,139
1768378677486,52.666656494140625,136
1768378677504,53.666656494140625,136
1768378677520,53.666656494140625,134
1768378677537,53.666656494140625,133
1768378677554,53.666656494140625,132
1768378677570,54.666656494140625,132
1768378677588,54.666656494140625,132
1768378677604,54.666656494140625,131
1768378677654,54.666656494140625,132
1768378677670,54.666656494140625,134
1768378677687,54.666656494140625,138
1768378677705,53.666656494140625,148
1768378677720,51.666656494140625,162
1768378677737,49.666656494140625,172
1768378677753,47.666656494140625,182
1768378677770,43.666656494140625,196
1768378677787,42.666656494140625,203
1768378677803,39.666656494140625,208
1768378677820,38.666656494140625,210
1768378677837,37.666656494140625,212
1768378677858,36.666656494140625,212
1768378677870,35.666656494140625,210
1768378677887,35.666656494140625,207
1768378677903,35.666656494140625,200
1768378677921,35.666656494140625,186
1768378677938,37.666656494140625,179
1768378677954,38.666656494140625,170
1768378677970,41.666656494140625,158
1768378677987,44.666656494140625,150
1768378678004,51.666656494140625,137
1768378678020,54.666656494140625,130
1768378678037,58.666656494140625,124
1768378678054,61.666656494140625,120
1768378678070,63.666656494140625,115
1768378678087,65.66665649414062,113
1768378678103,66.66665649414062,111
1768378678121,67.66665649414062,110
1768378678154,68.66665649414062,112
1768378678170,68.66665649414062,114
1768378678187,68.66665649414062,121
1768378678204,67.66665649414062,128
1768378678220,67.66665649414062,142
1768378678237,64.66665649414062,174
1768378678253,62.666656494140625,192
1768378678270,60.666656494140625,203
1768378678287,59.666656494140625,208
1768378678303,59.666656494140625,208
1768378678320,59.666656494140625,210
1768378678337,58.666656494140625,211
1768378678354,57.666656494140625,210
1768378678370,57.666656494140625,208
1768378678387,57.666656494140625,200
1768378678403,57.666656494140625,178
1768378678421,61.666656494140625,162
1768378678437,65.66665649414062,145
1768378678454,71.66665649414062,124
1768378678470,75.66665649414062,113
1768378678487,78.66665649414062,106
1768378678503,80.66665649414062,100
1768378678520,81.66665649414062,98
1768378678537,81.66665649414062,98
1768378678554,82.66665649414062,97
1768378678577,82.66665649414062,98
1768378678587,82.66665649414062,98
1768378678603,82.66665649414062,100
1768378678620,81.66665649414062,110
1768378678636,79.66665649414062,120
1768378678654,79.66665649414062,135
1768378678670,79.66665649414062,147
1768378678687,79.66665649414062,156
1768378678704,81.66665649414062,166
1768378678720,81.66665649414062,169
1768378678736,81.66665649414062,173
1768378678753,81.66665649414062,175
1768378678770,81.66665649414062,176
1768378678787,81.66665649414062,176
1768378678821,81.66665649414062,172
1768378678837,82.66665649414062,166
1768378678853,83.66665649414062,159
1768378678870,83.66665649414062,150
1768378678887,83.66665649414062,144
1768378678903,85.66665649414062,140
1768378678920,87.66665649414062,133
1768378678937,87.66665649414062,129
1768378678953,87.66665649414062,128
1768378678970,88.66665649414062,126
1768378678994,88.66665649414062,127
1768378679004,88.66665649414062,128
1768378679020,88.66665649414062,135
1768378679036,88.66665649414062,144
1768378679053,88.66665649414062,162
1768378679070,88.66665649414062,199
1768378679087,88.66665649414062,222
1768378679104,88.66665649414062,239
1768378679120,88.66665649414062,253
1768378679137,87.66665649414062,258
1768378679153,87.66665649414062,258
1768378679170,87.66665649414062,259
1768378679187,85.66665649414062,260
1768378679203,85.66665649414062,258
1768378679220,85.66665649414062,254
1768378679238,82.66665649414062,240
1768378679254,82.66665649414062,227
1768378679270,82.66665649414062,199
1768378679287,82.66665649414062,175
1768378679303,85.66665649414062,143
1768378679320,87.66665649414062,125
1768378679336,87.66665649414062,118
1768378679354,87.66665649414062,114
1768378679370,87.66665649414062,112
1768378679387,87.66665649414062,111
1768378679419,87.66665649414062,112
1768378679423,87.66665649414062,113
1768378679437,87.66665649414062,114
1768378679453,87.66665649414062,121
1768378679470,87.66665649414062,127
1768378679486,87.66665649414062,137
1768378679504,89.66665649414062,156
1768378679520,89.66665649414062,167
1768378679537,90.66665649414062,177
1768378679553,90.66665649414062,187
1768378679570,90.66665649414062,194
1768378679587,90.66665649414062,196
1768378679604,90.66665649414062,198
1768378679620,90.66665649414062,199
1768378679636,90.66665649414062,200
1768378679678,90.66665649414062,199
1768378679687,90.66665649414062,198
1768378679703,90.66665649414062,195
1768378679720,92.66665649414062,187
1768378679737,93.66665649414062,180
1768378679753,93.66665649414062,170
1768378679770,95.66665649414062,151
1768378679787,99.66665649414062,138
1768378679804,102.66665649414062,121
1768378679820,105.66665649414062,114
1768378679836,106.66665649414062,110
1768378679854,107.66665649414062,109
1768378679870,107.66665649414062,109
1768378679887,107.66665649414062,110
1768378679903,107.66665649414062,115
1768378679920,106.66665649414062,129
1768378679937,106.66665649414062,150
1768378679954,106.66665649414062,191
1768378679971,106.66665649414062,212
1768378679987,106.66665649414062,230
1768378680004,106.66665649414062,234
1768378680020,106.66665649414062,237
1768378680037,106.66665649414062,238
1768378680054,106.66665649414062,239
1768378680076,105.66665649414062,239
1768378680090,105.66665649414062,238
1768378680103,105.66665649414062,237
1768378680120,105.66665649414062,228
1768378680136,105.66665649414062,205
1768378680154,106.66665649414062,184
1768378680170,108.66665649414062,157
1768378680187,113.66665649414062,120
1768378680203,118.66665649414062,97
1768378680220,123.66665649414062,72
1768378680237,124.66665649414062,66
1768378680253,125.66665649414062,62
1768378680287,125.66665649414062,63
1768378680303,125.66665649414062,65
1768378680320,124.66665649414062,74
1768378680337,125.66665649414062,101
1768378680354,128.66665649414062,132
1768378680370,133.66665649414062,184
1768378680387,135.66665649414062,205
1768378680403,135.66665649414062,220
1768378680420,135.66665649414062,234
1768378680437,135.66665649414062,238
1768378680453,135.66665649414062,241
1768378680470,135.66665649414062,242
1768378680487,135.66665649414062,243
1768378680503,135.66665649414062,244
1768378680520,135.66665649414062,244
1768378680570,135.66665649414062,242
1768378680587,135.66665649414062,235
1768378680603,134.66665649414062,219
1768378680620,133.66665649414062,208
1768378680636,132.66665649414062,196
1768378680653,133.66665649414062,174
1768378680670,135.66665649414062,160
1768378680687,137.66665649414062,152
1768378680703,138.66665649414062,150
1768378680720,138.66665649414062,148
1768378680736,139.66665649414062,148
1768378680753,140.66665649414062,150
1768378680770,140.66665649414062,151
1768378680786,140.66665649414062,160
1768378680803,140.66665649414062,170
1768378680820,140.66665649414062,188
1768378680837,141.66665649414062,201
1768378680853,142.66665649414062,210
1768378680870,142.66665649414062,216
1768378680886,142.66665649414062,218
1768378680903,142.66665649414062,220
1768378680936,142.66665649414062,218
1768378680953,142.66665649414062,210
1768378680970,141.66665649414062,200
1768378680986,143.66665649414062,176
1768378681003,147.66665649414062,152
1768378681020,152.66665649414062,124
1768378681036,155.66665649414062,116
1768378681053,156.66665649414062,110
1768378681070,156.66665649414062,109
1768378681086,156.66665649414062,108
1768378681120,156.66665649414062,110
1768378681136,156.66665649414062,116
1768378681153,156.66665649414062,120
1768378681170,156.66665649414062,132
1768378681187,156.66665649414062,146
1768378681203,156.66665649414062,163
1768378681220,156.66665649414062,190
1768378681237,156.66665649414062,203
1768378681253,156.66665649414062,210
1768378681270,155.66665649414062,214
1768378681287,155.66665649414062,216
1768378681337,155.66665649414062,215
1768378681353,155.66665649414062,210
1768378681370,155.66665649414062,192
1768378681387,155.66665649414062,180
1768378681403,157.66665649414062,167
1768378681420,159.66665649414062,146
1768378681436,163.66665649414062,132
1768378681454,165.66665649414062,126
1768378681470,165.66665649414062,123
1768378681486,165.66665649414062,122
1768378681504,166.66665649414062,122
1768378681527,166.66665649414062,122
1768378681537,166.66665649414062,124
1768378681553,166.66665649414062,127
1768378681570,166.66665649414062,140
1768378681587,166.66665649414062,158
1768378681604,166.66665649414062,188
1768378681620,166.66665649414062,204
1768378681637,165.66665649414062,212
1768378681654,165.66665649414062,216
1768378681669,164.66665649414062,218
1768378681687,163.66665649414062,219
1768378681703,163.66665649414062,219
1768378681724,163.66665649414062,218
1768378681737,161.66665649414062,216
1768378681753,161.66665649414062,210
1768378681770,161.66665649414062,197
1768378681786,161.66665649414062,189
1768378681803,161.66665649414062,178
1768378681820,161.66665649414062,172
1768378681837,161.66665649414062,166
1768378681853,161.66665649414062,162
1768378681870,161.66665649414062,160
1768378681887,160.66665649414062,158
1768378681903,159.66665649414062,158
1768378681920,159.66665649414062,159
1768378681936,157.66665649414062,166
1768378681953,157.66665649414062,176
1768378681970,156.66665649414062,188
1768378681987,151.66665649414062,214
1768378682004,149.66665649414062,230
1768378682020,145.66665649414062,250
1768378682037,143.66665649414062,258
1768378682053,141.66665649414062,262
1768378682070,141.66665649414062,264
1768378682087,140.66665649414062,265
1768378682104,139.66665649414062,265
1768378682120,137.66665649414062,265
1768378682136,137.66665649414062,261
1768378682154,135.66665649414062,252
1768378682170,133.66665649414062,236
1768378682187,131.66665649414062,203
1768378682203,133.66665649414062,170
1768378682220,134.66665649414062,148
1768378682237,136.66665649414062,134
1768378682254,137.66665649414062,127
1768378682271,137.66665649414062,126
1768378682287,137.66665649414062,125
1768378682314,137.66665649414062,126
1768378682320,137.66665649414062,126
1768378682337,135.66665649414062,133
1768378682353,133.66665649414062,142
1768378682370,131.66665649414062,160
1768378682387,128.66665649414062,174
1768378682404,122.66665649414062,200
1768378682420,118.66665649414062,211
1768378682436,114.66665649414062,221
1768378682453,113.66665649414062,224
1768378682470,112.66665649414062,225
1768378682487,111.66665649414062,226
1768378682503,111.66665649414062,226
1768378682520,109.66665649414062,223
1768378682537,108.66665649414062,213
1768378682553,107.66665649414062,196
1768378682570,105.66665649414062,168
1768378682587,107.66665649414062,146
1768378682603,111.66665649414062,122
1768378682620,113.66665649414062,115
1768378682636,114.66665649414062,109
1768378682653,115.66665649414062,107
1768378682670,115.66665649414062,106
1768378682698,115.66665649414062,107
1768378682703,115.66665649414062,109
1768378682720,115.66665649414062,114
1768378682737,114.66665649414062,128
1768378682754,113.66665649414062,154
1768378682771,111.66665649414062,188
1768378682786,107.66665649414062,224
1768378682804,105.66665649414062,235
1768378682820,104.66665649414062,240
1768378682836,103.66665649414062,244
1768378682853,103.66665649414062,244
1768378682870,102.66665649414062,244
1768378682887,101.66665649414062,244
1768378682903,101.66665649414062,238
1768378682920,100.66665649414062,229
1768378682937,99.66665649414062,214
1768378682954,99.66665649414062,191
1768378682971,99.66665649414062,178
1768378682987,102.66665649414062,158
1768378683003,105.66665649414062,147
1768378683020,109.66665649414062,134
1768378683036,112.66665649414062,130
1768378683053,113.66665649414062,127
1768378683070,114.66665649414062,126
1768378683087,115.66665649414062,126
1768378683103,117.66665649414062,126
1768378683119,121.66665649414062,127
1768378683137,127.66665649414062,130
1768378683153,132.66665649414062,132
1768378683170,137.66665649414062,135
1768378683186,139.66665649414062,136
1768378683203,141.66665649414062,138
1768378683220,143.66665649414062,140
1768378683236,144.66665649414062,144
1768378683253,147.66665649414062,156
1768378683270,151.66665649414062,167
1768378683287,155.66665649414062,180
1768378683304,157.66665649414062,186
1768378683320,157.66665649414062,190
1768378683337,157.66665649414062,192
1768378683353,157.66665649414062,193
1768378683370,157.66665649414062,194
1768378683387,157.66665649414062,194
1768378683403,157.66665649414062,194
1768378683420,157.66665649414062,191
1768378683436,159.66665649414062,182
1768378683453,159.66665649414062,176
1768378683470,159.66665649414062,168
1768378683487,160.66665649414062,164
1768378683503,161.66665649414062,160
1768378683521,163.66665649414062,156
1768378683538,165.66665649414062,154
1768378683553,167.66665649414062,151
1768378683570,167.66665649414062,150
1768378683586,169.66665649414062,150
1768378683603,170.66665649414062,150
1768378683620,171.66665649414062,150
1768378683637,171.66665649414062,151
1768378683653,172.66665649414062,153
1768378683670,172.66665649414062,158
1768378683686,172.66665649414062,161
1768378683703,172.66665649414062,164
1768378683720,172.66665649414062,170
1768378683737,172.66665649414062,175
1768378683754,172.66665649414062,181
1768378683770,172.66665649414062,186
1768378683786,172.66665649414062,188
1768378683803,172.66665649414062,191
1768378683820,172.66665649414062,193
1768378683837,172.66665649414062,194
1768378683870,171.66665649414062,194
1768378683886,169.66665649414062,188
1768378683903,168.66665649414062,180
1768378683920,166.66665649414062,174
1768378683936,165.66665649414062,168
1768378683953,165.66665649414062,164
1768378683970,165.66665649414062,156
1768378683987,165.66665649414062,150
1768378684003,165.66665649414062,145
1768378684020,165.66665649414062,140
1768378684036,166.66665649414062,138
1768378684054,167.66665649414062,138
1768378684070,167.66665649414062,137
1768378684087,168.66665649414062,137
1768378684103,169.66665649414062,138
1768378684119,171.66665649414062,142
1768378684137,178.66665649414062,154
1768378684153,184.66665649414062,163
1768378684170,190.66665649414062,174
1768378684187,192.66665649414062,180
1768378684203,195.66665649414062,185
1768378684220,196.66665649414062,189
1768378684236,197.66665649414062,190
1768378684254,197.66665649414062,194
1768378684270,197.66665649414062,196
1768378684286,197.66665649414062,198
1768378684303,197.66665649414062,199
1768378684320,197.66665649414062,201
1768378684337,197.66665649414062,204
1768378684353,197.66665649414062,207
1768378684370,197.66665649414062,211
1768378684386,197.66665649414062,213
1768378684403,197.66665649414062,214
1768378684419,197.66665649414062,215
1768378684436,195.66665649414062,215
1768378684453,195.66665649414062,214
1768378684469,193.66665649414062,210
1768378684487,191.66665649414062,204
1768378684503,188.66665649414062,195
1768378684520,187.66665649414062,186
1768378684536,183.66665649414062,168
1768378684553,182.66665649414062,156
1768378684570,182.66665649414062,148
1768378684587,181.66665649414062,138
1768378684603,181.66665649414062,134
1768378684619,181.66665649414062,132
1768378684637,181.66665649414062,129
1768378684653,181.66665649414062,128
1768378684670,181.66665649414062,128
1768378684686,182.66665649414062,130
1768378684703,182.66665649414062,135
1768378684720,183.66665649414062,141
1768378684736,183.66665649414062,152
1768378684754,188.66665649414062,180
1768378684770,190.66665649414062,201
1768378684787,193.66665649414062,223
1768378684803,194.66665649414062,231
1768378684819,194.66665649414062,236
1768378684836,194.66665649414062,238
1768378684853,194.66665649414062,240
1768378684870,194.66665649414062,241
1768378684887,194.66665649414062,242
1768378684904,193.66665649414062,242
1768378684920,193.66665649414062,242
1768378684936,192.66665649414062,242
1768378684953,191.66665649414062,241
1768378684969,189.66665649414062,236
1768378684987,187.66665649414062,230
1768378685004,186.66665649414062,224
1768378685020,182.66665649414062,208
1768378685037,179.66665649414062,192
1768378685054,176.66665649414062,164
1768378685071,175.66665649414062,148
1768378685087,174.66665649414062,134
1768378685103,174.66665649414062,130
1768378685120,174.66665649414062,128
1768378685137,174.66665649414062,127
1768378685156,174.66665649414062,128
1768378685171,174.66665649414062,129
1768378685186,174.66665649414062,131
1768378685203,175.66665649414062,137
1768378685220,175.66665649414062,144
1768378685236,177.66665649414062,158
1768378685254,185.66665649414062,188
1768378685270,188.66665649414062,206
1768378685287,190.66665649414062,218
1768378685303,190.66665649414062,220
1768378685320,190.66665649414062,223
1768378685337,190.66665649414062,224
1768378685386,189.66665649414062,221
1768378685404,189.66665649414062,217
1768378685420,186.66665649414062,204
1768378685436,183.66665649414062,191
1768378685453,179.66665649414062,163
1768378685470,175.66665649414062,136
1768378685487,175.66665649414062,124
1768378685503,175.66665649414062,116
1768378685520,174.66665649414062,111
1768378685536,174.66665649414062,109
1768378685554,174.66665649414062,108
1768378685570,174.66665649414062,107
1768378685604,174.66665649414062,108
1768378685620,174.66665649414062,108
1768378685636,175.66665649414062,110
1768378685658,175.66665649414062,111
1768378685670,175.66665649414062,112
1768378685686,175.66665649414062,113
1768378685703,175.66665649414062,114
1768378685720,175.66665649414062,114
1768378685769,175.66665649414062,114
1768378685787,173.66665649414062,114
1768378685803,170.66665649414062,113
1768378685820,164.66665649414062,112
1768378685837,157.66665649414062,110
1768378685853,143.66665649414062,108
1768378685872,131.66665649414062,107
1768378685886,115.66665649414062,107
1768378685903,105.66665649414062,107
1768378685920,97.66665649414062,107
1768378685936,88.66665649414062,107
1768378685953,85.66665649414062,107
1768378685970,84.66665649414062,107
1768378685987,82.66665649414062,107
1768378686003,81.66665649414062,107
1768378686019,80.66665649414062,107
1768378686044,80.66665649414062,108
1768378686067,81.66665649414062,108
1768378686086,82.66665649414062,108
1768378686103,83.66665649414062,108
1768378686120,85.66665649414062,108
1768378686136,87.66665649414062,107
1768378686153,88.66665649414062,107
1768378686170,92.66665649414062,107
1768378686186,95.66665649414062,107
1768378686203,105.66665649414062,107
1768378686219,113.66665649414062,107
1768378686236,120.66665649414062,107
1768378686254,127.66665649414062,109
1768378686269,131.66665649414062,110
1768378686286,131.66665649414062,110
1768378686303,133.66665649414062,110
1768378686320,134.66665649414062,111
1768378686336,135.66665649414062,112
1768378686353,135.66665649414062,112
1768378686369,135.66665649414062,114
1768378686386,134.66665649414062,114
1768378686403,131.66665649414062,114
1768378686419,127.66665649414062,114
1768378686437,125.66665649414062,114
1768378686453,120.66665649414062,114
1768378686470,113.66665649414062,112
1768378686486,108.66665649414062,111
1768378686503,103.66665649414062,110
1768378686520,99.66665649414062,109
1768378686536,97.66665649414062,108
1768378686553,94.66665649414062,108
1768378686570,93.66665649414062,107
1768378686587,93.66665649414062,106
1768378686603,92.66665649414062,106
1768378686620,92.66665649414062,104
1768378686640,92.66665649414062,104
1768378686653,93.66665649414062,104
1768378686669,94.66665649414062,103
1768378686686,95.66665649414062,103
1768378686703,96.66665649414062,103
1768378686720,97.66665649414062,103
1768378686736,100.66665649414062,103
1768378686753,102.66665649414062,103
1768378686770,109.66665649414062,104
1768378686787,115.66665649414062,106
1768378686803,121.66665649414062,106
1768378686820,127.66665649414062,109
1768378686836,129.66665649414062,110
1768378686853,133.66665649414062,110
1768378686870,133.66665649414062,110
1768378686886,136.66665649414062,112
1768378686904,138.66665649414062,112
1768378686919,139.66665649414062,114
1768378686936,140.66665649414062,114
1768378686953,141.66665649414062,114
1768378686970,141.66665649414062,115
1768378686986,141.66665649414062,116
1768378687003,141.66665649414062,118
1768378687020,141.66665649414062,118
1768378687036,140.66665649414062,120
1768378687053,139.66665649414062,122
1768378687087,136.66665649414062,122
1768378687103,134.66665649414062,122
1768378687119,132.66665649414062,122
1768378687136,130.66665649414062,122
1768378687153,129.66665649414062,121
1768378687170,128.66665649414062,120
1768378687187,127.66665649414062,118
1768378687203,128.66665649414062,118
1768378687219,129.66665649414062,116
1768378687236,132.66665649414062,115
1768378687253,137.66665649414062,114
1768378687270,151.66665649414062,114
1768378687287,159.66665649414062,114
1768378687303,163.66665649414062,114
1768378687319,167.66665649414062,115
1768378687336,168.66665649414062,116
1768378687354,169.66665649414062,116
1768378687370,169.66665649414062,118
1768378687386,169.66665649414062,118
1768378687403,169.66665649414062,120
1768378687419,168.66665649414062,122
1768378687437,166.66665649414062,122
1768378687453,163.66665649414062,122
1768378687470,153.66665649414062,122
1768378687486,139.66665649414062,120
1768378687503,113.66665649414062,115
1768378687519,99.66665649414062,112
1768378687536,85.66665649414062,109
1768378687553,80.66665649414062,108
1768378687569,77.66665649414062,108
1768378687586,74.66665649414062,106
1768378687605,73.66665649414062,106
1768378687632,73.66665649414062,105
1768378687653,74.66665649414062,105
1768378687670,75.66665649414062,104
1768378687686,78.66665649414062,104
1768378687703,85.66665649414062,103
1768378687720,91.66665649414062,103
1768378687737,103.66665649414062,103
1768378687753,109.66665649414062,104
1768378687770,120.66665649414062,105
1768378687786,123.66665649414062,105
1768378687803,127.66665649414062,105
1768378687820,128.66665649414062,105
1768378687837,130.66665649414062,105
1768378687853,131.66665649414062,105
1768378687869,131.66665649414062,106
1768378687887,131.66665649414062,106
1768378687903,131.66665649414062,107
1768378687920,131.66665649414062,108
1768378687937,131.66665649414062,108
1768378687953,128.66665649414062,110
1768378687970,125.66665649414062,110
1768378687986,121.66665649414062,110
1768378688003,115.66665649414062,109
1768378688020,111.66665649414062,108
1768378688036,109.66665649414062,108
1768378688053,108.66665649414062,108
1768378688069,107.66665649414062,107
1768378688086,107.66665649414062,106
1768378688103,108.66665649414062,105
1768378688120,110.66665649414062,104
1768378688136,112.66665649414062,102
1768378688153,114.66665649414062,101
1768378688169,115.66665649414062,100
1768378688186,118.66665649414062,100
1768378688203,120.66665649414062,100
1768378688219,122.66665649414062,101
1768378688236,130.66665649414062,102
1768378688253,137.66665649414062,106
1768378688270,140.66665649414062,106
1768378688286,143.66665649414062,107
1768378688303,147.66665649414062,108
1768378688320,149.66665649414062,109
1768378688336,150.66665649414062,110
1768378688353,152.66665649414062,110
1768378688370,153.66665649414062,110
1768378688403,153.66665649414062,111
1768378688420,153.66665649414062,112
1768378688436,152.66665649414062,114
1768378688453,147.66665649414062,114
1768378688470,143.66665649414062,114
1768378688486,137.66665649414062,114
1768378688503,129.66665649414062,112
1768378688519,124.66665649414062,112
1768378688536,114.66665649414062,111
1768378688553,109.66665649414062,110
1768378688570,105.66665649414062,110
1768378688586,104.66665649414062,109
1768378688603,103.66665649414062,109
1768378688620,103.66665649414062,108
1768378688636,103.66665649414062,108
1768378688653,104.66665649414062,107
1768378688670,105.66665649414062,106
1768378688686,115.66665649414062,105
1768378688703,131.66665649414062,105
1768378688719,153.66665649414062,105
1768378688736,160.66665649414062,105
1768378688753,162.66665649414062,105
1768378688770,165.66665649414062,105
1768378688786,166.66665649414062,105
1768378688803,167.66665649414062,105
1768378688826,167.66665649414062,106
1768378688836,168.66665649414062,106
1768378688853,168.66665649414062,106
1768378688904,168.66665649414062,106
1768378689199,162.66665649414062,105
1768378689204,155.66665649414062,102
1768378689220,147.66665649414062,98
1768378689237,126.66665649414062,88
1768378689253,113.66665649414062,80
1768378689270,95.66665649414062,70
1768378689287,87.66665649414062,64
1768378689303,79.66665649414062,57
1768378689320,75.66665649414062,54
1768378689337,73.66665649414062,51
1768378689354,71.66665649414062,48
1768378689371,70.66665649414062,46
1768378689387,70.66665649414062,46
1768378689407,70.66665649414062,44
1768378689421,71.66665649414062,44
1768378689441,72.66665649414062,44
1768378689454,73.66665649414062,44
1768378689475,74.66665649414062,45
1768378689488,75.66665649414062,45
1768378689506,76.66665649414062,46
1768378689521,77.66665649414062,46
1768378689538,77.66665649414062,47
1768378689556,80.66665649414062,50
1768378689570,82.66665649414062,51
1768378689588,85.66665649414062,53
1768378689604,87.66665649414062,56
1768378689620,89.66665649414062,56
1768378689637,90.66665649414062,58
1768378689654,91.66665649414062,59
1768378689670,92.66665649414062,60
1768378689687,93.66665649414062,61
1768378689711,93.66665649414062,62
1768378689730,94.66665649414062,62
1768378689740,95.66665649414062,62
1768378689787,95.66665649414062,63
1768378689805,94.66665649414062,64
1768378690253,93.66665649414062,63
1768378690270,93.66665649414062,61
1768378690286,93.66665649414062,59
1768378690303,93.66665649414062,56
1768378690319,94.66665649414062,53
1768378690337,94.66665649414062,50
1768378690353,95.66665649414062,50
1768378690369,97.66665649414062,48
1768378690386,97.66665649414062,48
1768378690403,99.66665649414062,49
1768378690420,99.66665649414062,50
1768378690436,100.66665649414062,50
1768378690453,101.66665649414062,52
1768378690470,101.66665649414062,54
1768378690486,101.66665649414062,56
1768378690503,101.66665649414062,57
1768378690520,101.66665649414062,59
1768378690536,100.66665649414062,61
1768378690553,99.66665649414062,62
1768378690570,99.66665649414062,64
1768378690586,99.66665649414062,64
1768378690603,98.66665649414062,66
1768378690619,97.66665649414062,66
1768378690636,95.66665649414062,66
1768378690656,95.66665649414062,66
1768378690669,95.66665649414062,64
1768378690686,95.66665649414062,64
1768378690703,95.66665649414062,62
1768378690720,95.66665649414062,56
1768378690736,97.66665649414062,52
1768378690753,97.66665649414062,50
1768378690770,99.66665649414062,47
1768378690786,100.66665649414062,47
1768378690803,101.66665649414062,47
1768378690819,103.66665649414062,47
1768378690837,103.66665649414062,47
1768378690853,104.66665649414062,48
1768378690870,104.66665649414062,50
1768378690886,104.66665649414062,51
1768378690903,104.66665649414062,53
1768378690920,104.66665649414062,56
1768378690936,104.66665649414062,58
1768378690953,103.66665649414062,59
1768378690969,103.66665649414062,60
1768378690986,102.66665649414062,61
1768378691004,101.66665649414062,62
1768378691020,100.66665649414062,62
1768378691038,99.66665649414062,61
1768378691052,99.66665649414062,61
1768378691069,98.66665649414062,59
1768378691086,98.66665649414062,57
1768378691103,98.66665649414062,53
1768378691119,99.66665649414062,52
1768378691137,99.66665649414062,50
1768378691153,99.66665649414062,50
1768378691184,99.66665649414062,50
1768378691203,99.66665649414062,51
1768378691220,99.66665649414062,52
1768378691236,99.66665649414062,52
1768378691253,99.66665649414062,53
1768378691304,99.66665649414062,53
1768378691545,101.66665649414062,53
1768378691556,103.66665649414062,52
1768378691570,108.66665649414062,51
1768378691587,111.66665649414062,50
1768378691604,113.66665649414062,50
1768378691627,115.66665649414062,50
1768378691637,116.66665649414062,50
1768378691654,117.66665649414062,50
1768378691671,119.66665649414062,50
1768378691687,121.66665649414062,50
1768378691703,122.66665649414062,50
1768378691721,124.66665649414062,50
1768378691741,126.66665649414062,51
1768378691755,127.66665649414062,51
1768378691771,129.66665649414062,52
1768378691791,130.66665649414062,52
1768378691810,131.66665649414062,52
1768378691854,132.66665649414062,53
1768378691904,131.66665649414062,53
1768378692257,131.66665649414062,54
1768378692269,131.66665649414062,55
1768378692287,130.66665649414062,57
1768378692303,130.66665649414062,58
1768378692319,129.66665649414062,60
1768378692336,129.66665649414062,61
1768378692353,128.66665649414062,62
1768378692370,127.66665649414062,62
1768378692387,126.66665649414062,62
1768378692403,125.66665649414062,60
1768378692420,125.66665649414062,58
1768378692436,125.66665649414062,55
1768378692453,125.66665649414062,53
1768378692469,127.66665649414062,50
1768378692487,129.66665649414062,46
1768378692503,131.66665649414062,44
1768378692519,131.66665649414062,42
1768378692536,133.66665649414062,42
1768378692553,135.66665649414062,42
1768378692573,135.66665649414062,42
1768378692586,136.66665649414062,42
1768378692603,136.66665649414062,42
1768378692620,137.66665649414062,44
1768378692637,137.66665649414062,46
1768378692653,137.66665649414062,48
1768378692669,137.66665649414062,51
1768378692688,136.66665649414062,52
1768378692703,135.66665649414062,54
1768378692720,135.66665649414062,56
1768378692736,134.66665649414062,58
1768378692753,133.66665649414062,59
1768378692769,132.66665649414062,60
1768378692786,131.66665649414062,60
1768378692803,131.66665649414062,60
1768378692819,131.66665649414062,59
1768378692836,131.66665649414062,58
1768378692853,131.66665649414062,55
1768378692870,131.66665649414062,52
1768378692886,131.66665649414062,50
1768378692904,133.66665649414062,47
1768378692919,134.66665649414062,46
1768378692936,136.66665649414062,45
1768378692953,137.66665649414062,45
1768378692970,137.66665649414062,45
1768378692987,137.66665649414062,46
1768378693003,137.66665649414062,47
1768378693019,137.66665649414062,49
1768378693036,137.66665649414062,51
1768378693053,137.66665649414062,52
1768378693070,136.66665649414062,54
1768378693086,134.66665649414062,55
1768378693103,133.66665649414062,56
1768378693134,133.66665649414062,55
1768378693158,133.66665649414062,54
1768378693169,133.66665649414062,52
1768378693186,133.66665649414062,52
1768378693202,133.66665649414062,49
1768378693220,135.66665649414062,48
1768378693236,135.66665649414062,48
1768378693252,136.66665649414062,48
1768378693287,136.66665649414062,50
1768378693303,135.66665649414062,51
1768378693319,135.66665649414062,52
1768378693336,134.66665649414062,52
1768378693404,134.66665649414062,52
1768378693759,139.66665649414062,72
1768378693771,153.66665649414062,121
1768378693787,161.66665649414062,154
1768378693804,168.66665649414062,178
1768378693820,177.66665649414062,208
1768378693837,179.66665649414062,220
1768378693853,183.66665649414062,228
1768378693870,183.66665649414062,232
1768378693887,187.66665649414062,240
1768378694191,183.66665649414062,247
1768378694204,179.66665649414062,255
1768378694221,162.66665649414062,278
1768378694240,149.66665649414062,293
1768378694253,145.66665649414062,298
1768378694270,141.66665649414062,300
1768378694295,140.66665649414062,302
1768378694640,143.66665649414062,302
1768378694655,154.66665649414062,305
1768378694670,167.66665649414062,308
1768378694687,176.66665649414062,311
1768378694704,184.66665649414062,312
1768378694721,187.66665649414062,313
1768378694738,190.66665649414062,313
1768378694754,191.66665649414062,313
1768378694770,192.66665649414062,313
1768378694787,194.66665649414062,313
1768378695343,199.66665649414062,314
1768378695356,216.66665649414062,318
1768378695370,224.66665649414062,319
1768378695386,243.66665649414062,323
1768378695403,252.66665649414062,324
1768378695422,258.6666564941406,324
1768378695438,261.6666564941406,324
1768378695453,263.6666564941406,324
1768378695470,265.6666564941406,324
1768378695714,279.6666564941406,324
1768378695722,308.6666564941406,327
1768378695738,366.6666564941406,330
1768378695756,423.6666564941406,332
1768378695770,437.6666564941406,332
1768378695787,465.6666564941406,329
1768378695804,478.6666564941406,327
1768378695821,483.6666564941406,326
1768378695837,485.6666564941406,325
1768378695995,461.6666564941406,325
1768378696003,425.6666564941406,326
1768378696020,359.6666564941406,330
1768378696036,289.6666564941406,331
1768378696054,255.66665649414062,330
1768378696070,223.66665649414062,328
1768378696090,206.66665649414062,324
1768378696103,193.66665649414062,322
1768378696120,189.66665649414062,322
1768378696520,187.66665649414062,322
1768378696537,186.66665649414062,322
1768378696557,185.66665649414062,322
1768378696659,186.66665649414062,322
1768378696672,187.66665649414062,322
1768378696936,189.66665649414062,322
1768378696938,193.66665649414062,321
1768378696954,197.66665649414062,320
1768378696971,200.66665649414062,319
1768378696988,203.66665649414062,318
1768378697004,204.66665649414062,318
1768378697023,206.66665649414062,316
1768378697051,207.66665649414062,316
1768378697196,207.66665649414062,317
1768378697237,204.66665649414062,319
1768378697254,203.66665649414062,319
1768378697271,200.66665649414062,320
1768378697288,198.66665649414062,320
1768378697304,194.66665649414062,320
1768378697320,191.66665649414062,320
1768378697339,185.66665649414062,320
1768378697353,179.66665649414062,319
1768378697370,169.66665649414062,316
1768378697387,149.66665649414062,309
1768378697407,137.66665649414062,304
1768378697420,132.66665649414062,302
1768378697437,130.66665649414062,300
1768378697453,129.66665649414062,300
1768378697470,128.66665649414062,300
1768378697687,127.66665649414062,299
1768378697704,121.66665649414062,299
1768378697726,101.66665649414062,299
1768378697737,95.66665649414062,298
1768378697761,85.66665649414062,297
1768378697772,80.66665649414062,297
1768378697788,79.66665649414062,297
1768378697804,76.66665649414062,297
1768378697820,75.66665649414062,297
1768378698059,74.66665649414062,298
1768378698071,71.66665649414062,298
1768378698087,67.66665649414062,299
1768378698105,62.666656494140625,300
1768378698120,59.666656494140625,300
1768378698137,56.666656494140625,300
1768378698154,53.666656494140625,300
1768378698172,51.666656494140625,300
1768378698193,50.666656494140625,300
1768378698237,49.666656494140625,300
1768378698298,49.666656494140625,298
1768378698304,48.666656494140625,298
1768378698432,49.666656494140625,298
1768378698842,49.666656494140625,298
1768378698870,48.666656494140625,296
1768378698887,47.666656494140625,294
1768378698902,45.666656494140625,292
1768378698919,45.666656494140625,290
1768378698936,45.666656494140625,288
1768378698952,45.666656494140625,287
1768378698969,45.666656494140625,286
1768378698986,45.666656494140625,286
1768378699002,46.666656494140625,286
1768378699019,47.666656494140625,286
1768378699036,49.666656494140625,286
1768378699053,49.666656494140625,286
1768378699070,49.666656494140625,288
1768378699086,50.666656494140625,289
1768378699102,51.666656494140625,290
1768378699119,51.666656494140625,291
1768378699136,51.666656494140625,293
1768378699153,51.666656494140625,294
1768378699169,51.666656494140625,295
1768378699186,51.666656494140625,297
1768378699202,51.666656494140625,298
1768378699219,51.666656494140625,299
1768378699237,51.666656494140625,300
1768378699253,51.666656494140625,302
1768378699269,51.666656494140625,302
1768378699286,50.666656494140625,302
1768378699303,49.666656494140625,302
1768378699319,48.666656494140625,302
1768378699336,47.666656494140625,301
1768378699352,45.666656494140625,300
1768378699369,45.666656494140625,298
1768378699386,45.666656494140625,296
1768378699402,45.666656494140625,295
1768378699419,45.666656494140625,293
1768378699436,45.666656494140625,292
1768378699452,47.666656494140625,290
1768378699469,49.666656494140625,290
1768378699486,49.666656494140625,290
1768378699503,51.666656494140625,290
1768378699519,54.666656494140625,291
1768378699536,55.666656494140625,292
1768378699552,55.666656494140625,294
1768378699569,57.666656494140625,294
1768378699586,57.666656494140625,296
1768378699602,57.666656494140625,298
1768378699619,57.666656494140625,299
1768378699636,56.666656494140625,301
1768378699653,55.666656494140625,302
1768378699669,54.666656494140625,303
1768378699686,52.666656494140625,303
1768378699702,51.666656494140625,302
1768378699719,49.666656494140625,301
1768378699736,48.666656494140625,300
1768378699786,48.666656494140625,300
1768378700031,60.666656494140625,300
1768378700039,76.66665649414062,300
1768378700053,99.66665649414062,299
1768378700070,113.66665649414062,299
1768378700086,126.66665649414062,299
1768378700103,131.66665649414062,299
1768378700119,133.66665649414062,299
1768378700136,135.66665649414062,299
1768378700161,136.66665649414062,299
1768378700306,137.66665649414062,299
1768378700323,137.66665649414062,298
1768378700337,138.66665649414062,298
1768378700354,144.66665649414062,298
1768378700370,148.66665649414062,298
1768378700386,153.66665649414062,298
1768378700403,157.66665649414062,298
1768378700419,159.66665649414062,298
1768378700436,161.66665649414062,298
1768378700453,163.66665649414062,298
1768378700515,164.66665649414062,298
1768378700526,165.66665649414062,297
1768378700537,165.66665649414062,296
1768378700761,168.66665649414062,296
1768378700770,173.66665649414062,295
1768378700786,181.66665649414062,294
1768378700804,183.66665649414062,293
1768378700820,185.66665649414062,292
1768378700837,187.66665649414062,292
1768378701224,187.66665649414062,292
1768378701253,184.66665649414062,293
1768378701269,183.66665649414062,293
1768378701286,182.66665649414062,293
1768378701302,181.66665649414062,293
1768378701320,181.66665649414062,293
1768378701336,181.66665649414062,292
1768378701353,181.66665649414062,292
1768378701370,181.66665649414062,290
1768378701386,183.66665649414062,288
1768378701402,185.66665649414062,286
1768378701419,187.66665649414062,284
1768378701436,189.66665649414062,282
1768378701453,191.66665649414062,280
1768378701469,192.66665649414062,280
1768378701486,192.66665649414062,279
1768378701502,193.66665649414062,279
1768378701520,193.66665649414062,278
1768378701539,193.66665649414062,277
1768378701569,193.66665649414062,276
1768378701586,193.66665649414062,276
1768378701607,193.66665649414062,275
1768378701619,193.66665649414062,274
1768378701636,193.66665649414062,274
1768378701653,193.66665649414062,273
1768378701670,193.66665649414062,272
1768378701703,192.66665649414062,272
1768378701719,191.66665649414062,272
1768378701736,190.66665649414062,273
1768378701753,189.66665649414062,275
1768378701770,188.66665649414062,275
1768378701786,187.66665649414062,276
1768378701802,187.66665649414062,276
1768378701819,186.66665649414062,276
1768378701852,187.66665649414062,276
1768378701869,187.66665649414062,276
1768378701885,188.66665649414062,276
1768378701902,191.66665649414062,275
1768378701936,191.66665649414062,275
1768378702476,199.66665649414062,270
1768378702488,208.66665649414062,265
1768378702511,227.66665649414062,254
1768378702520,230.66665649414062,251
1768378702537,235.66665649414062,249
1768378702554,242.66665649414062,246
1768378702571,247.66665649414062,244
1768378702587,250.66665649414062,243
1768378702814,286.6666564941406,252
1768378702820,329.6666564941406,261
1768378702837,433.6666564941406,284
1768378702854,481.6666564941406,294
1768378702872,521.6666564941406,302
1768378702886,527.6666564941406,304
1768378702904,534.6666564941406,306
1768378702920,536.6666564941406,308
1768378703350,528.6666564941406,314
1768378703360,523.6666564941406,316
1768378703370,519.6666564941406,320
1768378703387,507.6666564941406,328
1768378703405,496.6666564941406,338
1768378703426,491.6666564941406,343
1768378703721,559.6666564941406,342
1768378703737,651.6666564941406,348
1768378703758,734.6666564941406,368
1768378703770,777.6666564941406,384
1768378703787,793.6666564941406,392
1768378703803,799.6666564941406,395
1768378703830,797.6666564941406,396
1768378703837,795.6666564941406,395
1768378704051,793.6666564941406,397
1768378704055,791.6666564941406,399
1768378704070,789.6666564941406,401
1768378704087,785.6666564941406,406
1768378704102,783.6666564941406,412
1768378704120,781.6666564941406,414
1768378704136,781.6666564941406,415
1768378704153,780.6666564941406,418
1768378704169,780.6666564941406,419
1768378704187,780.6666564941406,422
1768378704204,780.6666564941406,426
1768378704221,779.6666564941406,431
1768378704237,779.6666564941406,440
1768378704254,778.6666564941406,446
1768378704269,778.6666564941406,447
1768378704287,778.6666564941406,449
1768378704304,777.6666564941406,450
1768378704333,777.6666564941406,451
1768378704375,776.6666564941406,451
1768378704392,776.6666564941406,450
1768378704411,775.6666564941406,450
1768378704419,775.6666564941406,448
1768378704436,775.6666564941406,446
1768378704454,773.6666564941406,445
1768378704823,773.6666564941406,450
1768378704836,773.6666564941406,474
1768378704853,773.6666564941406,498
1768378704870,773.6666564941406,522
1768378704887,771.6666564941406,529
1768378704902,771.6666564941406,532
1768378704920,771.6666564941406,534
1768378704936,771.6666564941406,535
1768378704956,771.6666564941406,535
1768378704969,770.6666564941406,535
1768378704986,769.6666564941406,534
1768378705002,767.6666564941406,530
1768378705019,765.6666564941406,525
1768378705036,763.6666564941406,516
1768378705053,761.6666564941406,500
1768378705071,759.6666564941406,456
1768378705087,760.6666564941406,434
1768378705103,761.6666564941406,414
1768378705120,761.6666564941406,408
1768378705136,761.6666564941406,406
1768378705153,761.6666564941406,405
1768378705203,761.6666564941406,406
1768378705219,761.6666564941406,408
1768378705236,762.6666564941406,411
1768378705252,763.6666564941406,414
1768378705269,763.6666564941406,420
1768378705285,763.6666564941406,425
1768378705302,763.6666564941406,434
1768378705319,763.6666564941406,439
1768378705335,763.6666564941406,444
1768378705353,763.6666564941406,446
1768378705369,763.6666564941406,448
1768378705386,763.6666564941406,450
1768378705403,763.6666564941406,452
1768378705429,762.6666564941406,452
1768378705452,762.6666564941406,451
1768378705469,761.6666564941406,448
1768378705486,761.6666564941406,444
1768378705503,761.6666564941406,440
1768378705519,761.6666564941406,436
1768378705535,761.6666564941406,434
1768378705552,762.6666564941406,432
1768378705569,763.6666564941406,431
1768378705586,764.6666564941406,431
1768378705602,765.6666564941406,433
1768378705619,765.6666564941406,436
1768378705635,768.6666564941406,448
1768378705653,775.6666564941406,482
1768378705669,777.6666564941406,499
1768378705687,779.6666564941406,510
1768378705703,779.6666564941406,512
1768378705719,779.6666564941406,514
1768378705736,779.6666564941406,515
1768378705752,778.6666564941406,516
1768378705769,777.6666564941406,516
1768378705786,776.6666564941406,514
1768378705803,773.6666564941406,510
1768378705819,771.6666564941406,506
1768378705836,769.6666564941406,493
1768378705853,769.6666564941406,465
1768378705869,772.6666564941406,424
1768378705886,775.6666564941406,410
1768378705902,777.6666564941406,405
1768378705919,777.6666564941406,402
1768378705969,777.6666564941406,404
1768378705985,777.6666564941406,407
1768378706002,777.6666564941406,414
1768378706019,777.6666564941406,451
1768378706036,775.6666564941406,481
1768378706052,773.6666564941406,498
1768378706070,771.6666564941406,506
1768378706086,770.6666564941406,508
1768378706102,769.6666564941406,508
1768378706119,768.6666564941406,508
1768378706135,767.6666564941406,508
1768378706152,765.6666564941406,504
1768378706169,763.6666564941406,500
1768378706187,761.6666564941406,484
1768378706203,761.6666564941406,462
1768378706219,762.6666564941406,440
1768378706236,762.6666564941406,436
1768378706252,762.6666564941406,432
1768378706269,762.6666564941406,432
1768378706286,762.6666564941406,431
1768378706315,762.6666564941406,432
1768378706335,762.6666564941406,433
1768378706353,762.6666564941406,435
1768378706369,762.6666564941406,436
1768378706386,763.6666564941406,438
1768378706402,763.6666564941406,438
1768378706419,764.6666564941406,438
1768378706460,764.6666564941406,438
1768378706684,767.6666564941406,438
1768378706691,770.6666564941406,435
1768378706703,773.6666564941406,434
1768378706723,783.6666564941406,428
1768378706736,787.6666564941406,424
1768378706753,795.6666564941406,420
1768378706769,801.6666564941406,417
1768378706786,809.6666564941406,414
1768378706803,811.6666564941406,412
1768378706826,815.6666564941406,412
1768378706846,816.6666564941406,412
1768378706860,817.6666564941406,412
1768378706902,817.6666564941406,413
1768378707288,817.6666564941406,421
1768378707304,815.6666564941406,443
1768378707319,813.6666564941406,455
1768378707337,812.6666564941406,464
1768378707352,811.6666564941406,468
1768378707369,811.6666564941406,472
1768378707386,810.6666564941406,473
1768378707402,809.6666564941406,476
1768378707419,809.6666564941406,476
1768378707436,809.6666564941406,477
1768378707453,809.6666564941406,478
1768378707468,809.6666564941406,478
1768378707502,809.6666564941406,478
1768378707519,808.6666564941406,478
1768378707536,807.6666564941406,475
1768378707553,805.6666564941406,465
1768378707570,803.6666564941406,455
1768378707587,801.6666564941406,443
1768378707603,801.6666564941406,407
1768378707620,801.6666564941406,380
1768378707636,809.6666564941406,341
1768378707653,815.6666564941406,322
1768378707669,821.6666564941406,309
1768378707686,821.6666564941406,308
1768378707702,822.6666564941406,306
1768378707719,823.6666564941406,306
1768378707735,823.6666564941406,307
1768378707752,823.6666564941406,311
1768378707769,823.6666564941406,314
1768378707786,823.6666564941406,324
1768378707803,823.6666564941406,333
1768378707819,823.6666564941406,353
1768378707836,823.6666564941406,368
1768378707853,821.6666564941406,390
1768378707869,819.6666564941406,423
1768378707886,818.6666564941406,444
1768378707902,815.6666564941406,468
1768378707919,813.6666564941406,474
1768378707935,813.6666564941406,478
1768378707953,812.6666564941406,482
1768378707969,811.6666564941406,482
1768378707986,811.6666564941406,483
1768378708002,811.6666564941406,484
1768378708019,810.6666564941406,484
1768378708036,809.6666564941406,484
1768378708052,808.6666564941406,482
1768378708069,807.6666564941406,478
1768378708085,807.6666564941406,471
1768378708103,805.6666564941406,451
1768378708119,805.6666564941406,436
1768378708136,804.6666564941406,417
1768378708153,804.6666564941406,401
1768378708169,809.6666564941406,376
1768378708186,811.6666564941406,364
1768378708203,812.6666564941406,358
1768378708219,813.6666564941406,354
1768378708235,813.6666564941406,353
1768378708253,813.6666564941406,352
1768378708269,813.6666564941406,352
1768378708292,813.6666564941406,352
1768378708304,813.6666564941406,354
1768378708319,813.6666564941406,358
1768378708336,813.6666564941406,372
1768378708353,813.6666564941406,392
1768378708369,805.6666564941406,478
1768378708387,799.6666564941406,546
1768378708570,777.6666564941406,603
1768378708586,775.6666564941406,584
1768378708604,775.6666564941406,551
1768378708619,777.6666564941406,526
1768378708636,780.6666564941406,496
1768378708653,781.6666564941406,484
1768378708669,782.6666564941406,477
1768378708686,782.6666564941406,474
1768378708702,782.6666564941406,473
1768378708720,782.6666564941406,472
1768378708736,782.6666564941406,471
1768378708753,783.6666564941406,470
1768378708769,783.6666564941406,470
1768378708786,783.6666564941406,469
1768378708802,783.6666564941406,468
1768378708819,783.6666564941406,468
1768378708841,783.6666564941406,467
1768378708911,783.6666564941406,468
1768378708935,783.6666564941406,469
1768378708970,783.6666564941406,469
1768378709170,783.6666564941406,471
1768378709186,787.6666564941406,480
1768378709204,793.6666564941406,495
1768378709220,797.6666564941406,502
1768378709238,798.6666564941406,507
1768378709254,799.6666564941406,509
1768378709270,799.6666564941406,510
1768378709287,800.6666564941406,511
1768378709303,800.6666564941406,512
1768378709328,800.6666564941406,512
1768378709349,800.6666564941406,510
1768378709361,800.6666564941406,510
1768378709791,800.6666564941406,508
1768378709804,800.6666564941406,504
1768378709820,800.6666564941406,498
1768378709836,800.6666564941406,478
1768378709852,805.6666564941406,449
1768378709869,809.6666564941406,419
1768378709886,811.6666564941406,409
1768378709904,812.6666564941406,402
1768378709919,813.6666564941406,398
1768378709936,813.6666564941406,394
1768378709953,814.6666564941406,394
1768378709969,815.6666564941406,392
1768378709985,815.6666564941406,390
1768378710002,815.6666564941406,390
1768378710069,815.6666564941406,393
1768378710085,814.6666564941406,398
1768378710102,814.6666564941406,404
1768378710119,814.6666564941406,410
1768378710137,814.6666564941406,432
1768378710152,812.6666564941406,458
1768378710169,809.6666564941406,487
1768378710187,808.6666564941406,496
1768378710202,807.6666564941406,500
1768378710219,807.6666564941406,502
1768378710235,806.6666564941406,502
1768378710253,805.6666564941406,504
1768378710269,805.6666564941406,504
1768378710286,805.6666564941406,505
1768378710319,803.6666564941406,504
1768378710336,803.6666564941406,502
1768378710352,803.6666564941406,496
1768378710369,802.6666564941406,491
1768378710386,801.6666564941406,484
1768378710403,801.6666564941406,465
1768378710419,801.6666564941406,446
1768378710436,803.6666564941406,406
1768378710452,805.6666564941406,376
1768378710469,809.6666564941406,349
1768378710485,810.6666564941406,343
1768378710502,811.6666564941406,339
1768378710519,811.6666564941406,338
1768378710535,811.6666564941406,337
1768378710552,811.6666564941406,336
1768378710574,811.6666564941406,337
1768378710586,811.6666564941406,338
1768378710602,811.6666564941406,341
1768378710619,811.6666564941406,347
1768378710636,811.6666564941406,351
1768378710652,811.6666564941406,357
1768378710668,809.6666564941406,375
1768378710685,808.6666564941406,398
1768378710703,804.6666564941406,428
1768378710719,803.6666564941406,440
1768378710735,802.6666564941406,446
1768378710752,801.6666564941406,450
1768378710769,801.6666564941406,452
1768378710786,800.6666564941406,454
1768378710819,799.6666564941406,453
1768378710835,798.6666564941406,449
1768378710852,797.6666564941406,442
1768378710869,795.6666564941406,428
1768378710886,795.6666564941406,419
1768378710902,797.6666564941406,388
1768378710919,799.6666564941406,364
1768378710936,805.6666564941406,333
1768378710953,807.6666564941406,320
1768378710969,809.6666564941406,314
1768378710985,809.6666564941406,312
1768378711002,809.6666564941406,311
1768378711019,809.6666564941406,310
1768378711069,809.6666564941406,312
1768378711085,808.6666564941406,318
1768378711102,808.6666564941406,324
1768378711119,807.6666564941406,332
1768378711136,804.6666564941406,354
1768378711152,799.6666564941406,382
1768378711169,791.6666564941406,431
1768378711187,787.6666564941406,454
1768378711202,784.6666564941406,468
1768378711219,784.6666564941406,471
1768378711235,783.6666564941406,472
1768378711252,783.6666564941406,473
1768378711269,782.6666564941406,473
1768378711286,781.6666564941406,472
1768378711302,781.6666564941406,470
1768378711320,779.6666564941406,457
1768378711336,777.6666564941406,444
1768378711352,775.6666564941406,426
1768378711369,775.6666564941406,408
1768378711386,775.6666564941406,388
1768378711403,777.6666564941406,366
1768378711419,777.6666564941406,360
1768378711435,777.6666564941406,358
1768378711453,777.6666564941406,358
1768378711468,777.6666564941406,358
1768378711486,777.6666564941406,359
1768378711502,777.6666564941406,362
1768378711519,777.6666564941406,363
1768378711535,777.6666564941406,365
1768378711552,777.6666564941406,367
1768378711589,777.6666564941406,367
1768378711866,777.6666564941406,368
1768378711873,777.6666564941406,369
1768378711887,777.6666564941406,370
1768378711903,777.6666564941406,371
1768378711920,776.6666564941406,373
1768378711937,775.6666564941406,374
1768378711954,775.6666564941406,376
1768378711972,774.6666564941406,377
1768378711987,773.6666564941406,378
1768378712003,773.6666564941406,378
1768378712021,773.6666564941406,379
1768378712073,773.6666564941406,380
1768378712121,773.6666564941406,381
1768378712569,773.6666564941406,382
1768378712585,773.6666564941406,384
1768378712602,773.6666564941406,384
1768378712619,771.6666564941406,386
1768378712635,771.6666564941406,386
1768378712652,770.6666564941406,385
1768378712669,769.6666564941406,384
1768378712685,769.6666564941406,384
1768378712703,769.6666564941406,381
1768378712736,769.6666564941406,380
1768378712752,769.6666564941406,379
1768378712769,769.6666564941406,378
1768378712786,769.6666564941406,378
1768378712820,769.6666564941406,378
1768378713015,769.6666564941406,382
1768378713020,769.6666564941406,387
1768378713036,769.6666564941406,390
1768378713054,767.6666564941406,395
1768378713071,767.6666564941406,397
1768378713087,766.6666564941406,398
1768378713107,765.6666564941406,399
1768378713136,764.6666564941406,400
1768378713146,763.6666564941406,399
1768378713153,763.6666564941406,398
1768378713170,762.6666564941406,393
1768378713186,759.6666564941406,381
1768378713203,759.6666564941406,373
1768378713220,758.6666564941406,362
1768378713236,757.6666564941406,342
1768378713253,757.6666564941406,327
1768378713270,757.6666564941406,314
1768378713287,757.6666564941406,310
1768378713304,757.6666564941406,308
1768378713321,758.6666564941406,306
1768378713337,759.6666564941406,306
1768378713353,759.6666564941406,308
1768378713371,759.6666564941406,311
1768378713387,759.6666564941406,321
1768378713404,760.6666564941406,334
1768378713420,759.6666564941406,365
1768378713437,757.6666564941406,383
1768378713453,755.6666564941406,394
1768378713470,753.6666564941406,402
1768378713487,752.6666564941406,403
1768378713503,751.6666564941406,404
1768378713521,751.6666564941406,405
1768378713536,749.6666564941406,405
1768378713553,747.6666564941406,402
1768378713570,747.6666564941406,397
1768378713587,745.6666564941406,389
1768378713604,745.6666564941406,386
1768378713620,745.6666564941406,384
1768378713908,746.6666564941406,384
1768378713920,747.6666564941406,383
1768378713937,749.6666564941406,382
1768378713958,750.6666564941406,380
1768378713970,752.6666564941406,379
1768378713989,753.6666564941406,378
1768378714003,754.6666564941406,377
1768378714020,754.6666564941406,376
1768378714036,755.6666564941406,376
1768378714422,755.6666564941406,373
1768378714437,755.6666564941406,356
1768378714453,755.6666564941406,336
1768378714470,756.6666564941406,315
1768378714486,758.6666564941406,296
1768378714504,760.6666564941406,283
1768378714518,761.6666564941406,280
1768378714536,761.6666564941406,279
1768378714560,761.6666564941406,280
1768378714575,761.6666564941406,281
1768378714586,761.6666564941406,282
1768378714602,761.6666564941406,286
1768378714619,761.6666564941406,290
1768378714635,761.6666564941406,295
1768378714653,763.6666564941406,304
1768378714670,763.6666564941406,314
1768378714686,764.6666564941406,330
1768378714704,764.6666564941406,337
1768378714718,764.6666564941406,342
1768378714735,764.6666564941406,344
1768378714752,763.6666564941406,346
1768378714768,763.6666564941406,347
1768378714802,763.6666564941406,347
1768378714819,762.6666564941406,347
1768378714835,762.6666564941406,343
1768378714852,762.6666564941406,340
1768378714869,762.6666564941406,337
1768378714886,762.6666564941406,332
1768378714902,762.6666564941406,330
1768378714919,763.6666564941406,328
1768378714936,763.6666564941406,326
1768378714952,763.6666564941406,326
1768378714968,764.6666564941406,326
1768378714985,765.6666564941406,328
1768378715003,767.6666564941406,336
1768378715019,770.6666564941406,352
1768378715036,777.6666564941406,386
1768378715053,778.6666564941406,404
1768378715069,778.6666564941406,418
1768378715085,778.6666564941406,422
1768378715102,778.6666564941406,424
1768378715119,777.6666564941406,425
1768378715135,777.6666564941406,425
1768378715153,775.6666564941406,425
1768378715169,773.6666564941406,422
1768378715185,771.6666564941406,412
1768378715202,769.6666564941406,398
1768378715218,769.6666564941406,382
1768378715236,769.6666564941406,376
1768378715252,769.6666564941406,374
1768378715269,769.6666564941406,372
1768378715285,769.6666564941406,371
1768378715302,769.6666564941406,370
1768378715319,769.6666564941406,370
1768378715335,769.6666564941406,370
1768378715352,769.6666564941406,373
1768378715369,769.6666564941406,376
1768378715386,769.6666564941406,384
1768378715402,769.6666564941406,389
1768378715419,769.6666564941406,398
1768378715435,769.6666564941406,404
1768378715452,767.6666564941406,412
1768378715468,767.6666564941406,414
1768378715485,766.6666564941406,416
1768378715502,765.6666564941406,417
1768378715519,763.6666564941406,417
1768378715535,763.6666564941406,416
1768378715552,761.6666564941406,412
1768378715569,759.6666564941406,402
1768378715587,757.6666564941406,394
1768378715602,755.6666564941406,380
1768378715618,755.6666564941406,376
1768378715635,755.6666564941406,372
1768378715652,755.6666564941406,372
1768378715668,755.6666564941406,370
1768378715685,755.6666564941406,370
1768378715735,755.6666564941406,372
1768378715753,755.6666564941406,375
1768378715769,756.6666564941406,378
1768378715785,757.6666564941406,383
1768378715802,757.6666564941406,391
1768378715819,757.6666564941406,395
1768378715835,757.6666564941406,399
1768378715852,757.6666564941406,400
1768378715869,757.6666564941406,402
1768378715919,756.6666564941406,399
1768378715935,756.6666564941406,395
1768378715952,757.6666564941406,377
1768378715970,759.6666564941406,366
1768378715985,761.6666564941406,361
1768378716002,761.6666564941406,359
1768378716019,762.6666564941406,358
1768378716070,762.6666564941406,362
1768378716085,763.6666564941406,364
1768378716102,763.6666564941406,374
1768378716119,763.6666564941406,380
1768378716135,763.6666564941406,382
1768378716153,763.6666564941406,385
1768378716169,763.6666564941406,386
1768378716252,763.6666564941406,386
1768378716507,765.6666564941406,400
1768378716519,769.6666564941406,420
1768378716536,777.6666564941406,477
1768378716553,783.6666564941406,506
1768378716570,786.6666564941406,526
1768378717089,789.6666564941406,537
1768378717104,793.6666564941406,555
1768378717121,797.6666564941406,578
1768378717137,801.6666564941406,604
-1,-1,-1
1768378676785,66.66665649414062,136
1768378676971,65.66665649414062,140
1768378676987,63.666656494140625,144
1768378677004,62.666656494140625,148
1768378677020,61.666656494140625,152
1768378677037,59.666656494140625,157
1768378677054,56.666656494140625,161
1768378677070,55.666656494140625,164
1768378677087,53.666656494140625,167
1768378677104,52.666656494140625,169
1768378677120,51.666656494140625,171
1768378677137,51.666656494140625,172
1768378677153,51.666656494140625,174
1768378677170,51.666656494140625,176
1768378677187,51.666656494140625,178
1768378677204,51.666656494140625,180
1768378677220,51.666656494140625,182
1768378677237,51.666656494140625,186
1768378677253,51.666656494140625,187
1768378677270,51.666656494140625,189
1768378677287,51.666656494140625,190
1768378677321,51.666656494140625,191
1768378677352,51.666656494140625,190
1768378677370,51.666656494140625,187
1768378677387,52.666656494140625,173
1768378677404,52.666656494140625,161
1768378677421,52.666656494140625,148
1768378677437,52.666656494140625,144
1768378677453,52.666656494140625,142
1768378677470,52.666656494140625,139
1768378677486,52.666656494140625,136
1768378677504,53.666656494140625,136
1768378677520,53.666656494140625,134
1768378677537,53.666656494140625,133
1768378677554,53.666656494140625,132
1768378677570,54.666656494140625,132
1768378677588,54.666656494140625,132
1768378677604,54.666656494140625,131
1768378677654,54.666656494140625,132
1768378677670,54.666656494140625,134
1768378677687,54.666656494140625,138
1768378677705,53.666656494140625,148
1768378677720,51.666656494140625,162
1768378677737,49.666656494140625,172
1768378677753,47.666656494140625,182
1768378677770,43.666656494140625,196
1768378677787,42.666656494140625,203
1768378677803,39.666656494140625,208
1768378677820,38.666656494140625,210
1768378677837,37.666656494140625,212
1768378677858,36.666656494140625,212
1768378677870,35.666656494140625,210
1768378677887,35.666656494140625,207
1768378677903,35.666656494140625,200
1768378677921,35.666656494140625,186
1768378677938,37.666656494140625,179
1768378677954,38.666656494140625,170
1768378677970,41.666656494140625,158
1768378677987,44.666656494140625,150
1768378678004,51.666656494140625,137
1768378678020,54.666656494140625,130
1768378678037,58.666656494140625,124
1768378678054,61.666656494140625,120
1768378678070,63.666656494140625,115
1768378678087,65.66665649414062,113
1768378678103,66.66665649414062,111
1768378678121,67.66665649414062,110
1768378678154,68.66665649414062,112
1768378678170,68.66665649414062,114
1768378678187,68.66665649414062,121
1768378678204,67.66665649414062,128
1768378678220,67.66665649414062,142
1768378678237,64.66665649414062,174
1768378678253,62.666656494140625,192
1768378678270,60.666656494140625,203
1768378678287,59.666656494140625,208
1768378678303,59.666656494140625,208
1768378678320,59.666656494140625,210
1768378678337,58.666656494140625,211
1768378678354,57.666656494140625,210
1768378678370,57.666656494140625,208
1768378678387,57.666656494140625,200
1768378678403,57.666656494140625,178
1768378678421,61.666656494140625,162
1768378678437,65.66665649414062,145
1768378678454,71.66665649414062,124
1768378678470,75.66665649414062,113
1768378678487,78.66665649414062,106
1768378678503,80.66665649414062,100
1768378678520,81.66665649414062,98
1768378678537,81.66665649414062,98
1768378678554,82.66665649414062,97
1768378678577,82.66665649414062,98
1768378678587,82.66665649414062,98
1768378678603,82.66665649414062,100
1768378678620,81.66665649414062,110
1768378678636,79.66665649414062,120
1768378678654,79.66665649414062,135
1768378678670,79.66665649414062,147
1768378678687,79.66665649414062,156
1768378678704,81.66665649414062,166
1768378678720,81.66665649414062,169
1768378678736,81.66665649414062,173
1768378678753,81.66665649414062,175
1768378678770,81.66665649414062,176
1768378678787,81.66665649414062,176
1768378678821,81.66665649414062,172
1768378678837,82.66665649414062,166
1768378678853,83.66665649414062,159
1768378678870,83.66665649414062,150
1768378678887,83.66665649414062,144
1768378678903,85.66665649414062,140
1768378678920,87.66665649414062,133
1768378678937,87.66665649414062,129
1768378678953,87.66665649414062,128
1768378678970,88.66665649414062,126
1768378678994,88.66665649414062,127
1768378679004,88.66665649414062,128
1768378679020,88.66665649414062,135
1768378679036,88.66665649414062,144
1768378679053,88.66665649414062,162
1768378679070,88.66665649414062,199
1768378679087,88.66665649414062,222
1768378679104,88.66665649414062,239
1768378679120,88.66665649414062,253
1768378679137,87.66665649414062,258
1768378679153,87.66665649414062,258
1768378679170,87.66665649414062,259
1768378679187,85.66665649414062,260
1768378679203,85.66665649414062,258
1768378679220,85.66665649414062,254
1768378679238,82.66665649414062,240
1768378679254,82.66665649414062,227
1768378679270,82.66665649414062,199
1768378679287,82.66665649414062,175
1768378679303,85.66665649414062,143
1768378679320,87.66665649414062,125
1768378679336,87.66665649414062,118
1768378679354,87.66665649414062,114
1768378679370,87.66665649414062,112
1768378679387,87.66665649414062,111
1768378679419,87.66665649414062,112
1768378679423,87.66665649414062,113
1768378679437,87.66665649414062,114
1768378679453,87.66665649414062,121
1768378679470,87.66665649414062,127
1768378679486,87.66665649414062,137
1768378679504,89.66665649414062,156
1768378679520,89.66665649414062,167
1768378679537,90.66665649414062,177
1768378679553,90.66665649414062,187
1768378679570,90.66665649414062,194
1768378679587,90.66665649414062,196
1768378679604,90.66665649414062,198
1768378679620,90.66665649414062,199
1768378679636,90.66665649414062,200
1768378679678,90.66665649414062,199
1768378679687,90.66665649414062,198
1768378679703,90.66665649414062,195
1768378679720,92.66665649414062,187
1768378679737,93.66665649414062,180
1768378679753,93.66665649414062,170
1768378679770,95.66665649414062,151
1768378679787,99.66665649414062,138
1768378679804,102.66665649414062,121
1768378679820,105.66665649414062,114
1768378679836,106.66665649414062,110
1768378679854,107.66665649414062,109
1768378679870,107.66665649414062,109
1768378679887,107.66665649414062,110
1768378679903,107.66665649414062,115
1768378679920,106.66665649414062,129
1768378679937,106.66665649414062,150
1768378679954,106.66665649414062,191
1768378679971,106.66665649414062,212
1768378679987,106.66665649414062,230
1768378680004,106.66665649414062,234
1768378680020,106.66665649414062,237
1768378680037,106.66665649414062,238
1768378680054,106.66665649414062,239
1768378680076,105.66665649414062,239
1768378680090,105.66665649414062,238
1768378680103,105.66665649414062,237
1768378680120,105.66665649414062,228
1768378680136,105.66665649414062,205
1768378680154,106.66665649414062,184
1768378680170,108.66665649414062,157
1768378680187,113.66665649414062,120
1768378680203,118.66665649414062,97
1768378680220,123.66665649414062,72
1768378680237,124.66665649414062,66
1768378680253,125.66665649414062,62
1768378680287,125.66665649414062,63
1768378680303,125.66665649414062,65
1768378680320,124.66665649414062,74
1768378680337,125.66665649414062,101
1768378680354,128.66665649414062,132
1768378680370,133.66665649414062,184
1768378680387,135.66665649414062,205
1768378680403,135.66665649414062,220
1768378680420,135.66665649414062,234
1768378680437,135.66665649414062,238
1768378680453,135.66665649414062,241
1768378680470,135.66665649414062,242
1768378680487,135.66665649414062,243
1768378680503,135.66665649414062,244
1768378680520,135.66665649414062,244
1768378680570,135.66665649414062,242
1768378680587,135.66665649414062,235
1768378680603,134.66665649414062,219
1768378680620,133.66665649414062,208
1768378680636,132.66665649414062,196
1768378680653,133.66665649414062,174
1768378680670,135.66665649414062,160
1768378680687,137.66665649414062,152
1768378680703,138.66665649414062,150
1768378680720,138.66665649414062,148
1768378680736,139.66665649414062,148
1768378680753,140.66665649414062,150
1768378680770,140.66665649414062,151
1768378680786,140.66665649414062,160
1768378680803,140.66665649414062,170
1768378680820,140.66665649414062,188
1768378680837,141.66665649414062,201
1768378680853,142.66665649414062,210
1768378680870,142.66665649414062,216
1768378680886,142.66665649414062,218
1768378680903,142.66665649414062,220
1768378680936,142.66665649414062,218
1768378680953,142.66665649414062,210
1768378680970,141.66665649414062,200
1768378680986,143.66665649414062,176
1768378681003,147.66665649414062,152
1768378681020,152.66665649414062,124
1768378681036,155.66665649414062,116
1768378681053,156.66665649414062,110
1768378681070,156.66665649414062,109
1768378681086,156.66665649414062,108
1768378681120,156.66665649414062,110
1768378681136,156.66665649414062,116
1768378681153,156.66665649414062,120
1768378681170,156.66665649414062,132
1768378681187,156.66665649414062,146
1768378681203,156.66665649414062,163
1768378681220,156.66665649414062,190
1768378681237,156.66665649414062,203
1768378681253,156.66665649414062,210
1768378681270,155.66665649414062,214
1768378681287,155.66665649414062,216
1768378681337,155.66665649414062,215
1768378681353,155.66665649414062,210
1768378681370,155.66665649414062,192
1768378681387,155.66665649414062,180
1768378681403,157.66665649414062,167
1768378681420,159.66665649414062,146
1768378681436,163.66665649414062,132
1768378681454,165.66665649414062,126
1768378681470,165.66665649414062,123
1768378681486,165.66665649414062,122
1768378681504,166.66665649414062,122
1768378681527,166.66665649414062,122
1768378681537,166.66665649414062,124
1768378681553,166.66665649414062,127
1768378681570,166.66665649414062,140
1768378681587,166.66665649414062,158
1768378681604,166.66665649414062,188
1768378681620,166.66665649414062,204
1768378681637,165.66665649414062,212
1768378681654,165.66665649414062,216
1768378681669,164.66665649414062,218
1768378681687,163.66665649414062,219
1768378681703,163.66665649414062,219
1768378681724,163.66665649414062,218
1768378681737,161.66665649414062,216
1768378681753,161.66665649414062,210
1768378681770,161.66665649414062,197
1768378681786,161.66665649414062,189
1768378681803,161.66665649414062,178
1768378681820,161.66665649414062,172
1768378681837,161.66665649414062,166
1768378681853,161.66665649414062,162
1768378681870,161.66665649414062,160
1768378681887,160.66665649414062,158
1768378681903,159.66665649414062,158
1768378681920,159.66665649414062,159
1768378681936,157.66665649414062,166
1768378681953,157.66665649414062,176
1768378681970,156.66665649414062,188
1768378681987,151.66665649414062,214
1768378682004,149.66665649414062,230
1768378682020,145.66665649414062,250
1768378682037,143.66665649414062,258
1768378682053,141.66665649414062,262
1768378682070,141.66665649414062,264
1768378682087,140.66665649414062,265
1768378682104,139.66665649414062,265
1768378682120,137.66665649414062,265
1768378682136,137.66665649414062,261
1768378682154,135.66665649414062,252
1768378682170,133.66665649414062,236
1768378682187,131.66665649414062,203
1768378682203,133.66665649414062,170
1768378682220,134.66665649414062,148
1768378682237,136.66665649414062,134
1768378682254,137.66665649414062,127
1768378682271,137.66665649414062,126
1768378682287,137.66665649414062,125
1768378682314,137.66665649414062,126
1768378682320,137.66665649414062,126
1768378682337,135.66665649414062,133
1768378682353,133.66665649414062,142
1768378682370,131.66665649414062,160
1768378682387,128.66665649414062,174
1768378682404,122.66665649414062,200
1768378682420,118.66665649414062,211
1768378682436,114.66665649414062,221
1768378682453,113.66665649414062,224
1768378682470,112.66665649414062,225
1768378682487,111.66665649414062,226
1768378682503,111.66665649414062,226
1768378682520,109.66665649414062,223
1768378682537,108.66665649414062,213
1768378682553,107.66665649414062,196
1768378682570,105.66665649414062,168
1768378682587,107.66665649414062,146
1768378682603,111.66665649414062,122
1768378682620,113.66665649414062,115
1768378682636,114.66665649414062,109
1768378682653,115.66665649414062,107
1768378682670,115.66665649414062,106
1768378682698,115.66665649414062,107
1768378682703,115.66665649414062,109
1768378682720,115.66665649414062,114
1768378682737,114.66665649414062,128
1768378682754,113.66665649414062,154
1768378682771,111.66665649414062,188
1768378682786,107.66665649414062,224
1768378682804,105.66665649414062,235
1768378682820,104.66665649414062,240
1768378682836,103.66665649414062,244
1768378682853,103.66665649414062,244
1768378682870,102.66665649414062,244
1768378682887,101.66665649414062,244
1768378682903,101.66665649414062,238
1768378682920,100.66665649414062,229
1768378682937,99.66665649414062,214
1768378682954,99.66665649414062,191
1768378682971,99.66665649414062,178
1768378682987,102.66665649414062,158
1768378683003,105.66665649414062,147
1768378683020,109.66665649414062,134
1768378683036,112.66665649414062,130
1768378683053,113.66665649414062,127
1768378683070,114.66665649414062,126
1768378683087,115.66665649414062,126
1768378683103,117.66665649414062,126
1768378683119,121.66665649414062,127
1768378683137,127.66665649414062,130
1768378683153,132.66665649414062,132
1768378683170,137.66665649414062,135
1768378683186,139.66665649414062,136
1768378683203,141.66665649414062,138
1768378683220,143.66665649414062,140
1768378683236,144.66665649414062,144
1768378683253,147.66665649414062,156
1768378683270,151.66665649414062,167
1768378683287,155.66665649414062,180
1768378683304,157.66665649414062,186
1768378683320,157.66665649414062,190
1768378683337,157.66665649414062,192
1768378683353,157.66665649414062,193
1768378683370,157.66665649414062,194
1768378683387,157.66665649414062,194
1768378683403,157.66665649414062,194
1768378683420,157.66665649414062,191
1768378683436,159.66665649414062,182
1768378683453,159.66665649414062,176
1768378683470,159.66665649414062,168
1768378683487,160.66665649414062,164
1768378683503,161.66665649414062,160
1768378683521,163.66665649414062,156
1768378683538,165.66665649414062,154
1768378683553,167.66665649414062,151
1768378683570,167.66665649414062,150
1768378683586,169.66665649414062,150
1768378683603,170.66665649414062,150
1768378683620,171.66665649414062,150
1768378683637,171.66665649414062,151
1768378683653,172.66665649414062,153
1768378683670,172.66665649414062,158
1768378683686,172.66665649414062,161
1768378683703,172.66665649414062,164
1768378683720,172.66665649414062,170
1768378683737,172.66665649414062,175
1768378683754,172.66665649414062,181
1768378683770,172.66665649414062,186
1768378683786,172.66665649414062,188
1768378683803,172.66665649414062,191
1768378683820,172.66665649414062,193
1768378683837,172.66665649414062,194
1768378683870,171.66665649414062,194
1768378683886,169.66665649414062,188
1768378683903,168.66665649414062,180
1768378683920,166.66665649414062,174
1768378683936,165.66665649414062,168
1768378683953,165.66665649414062,164
1768378683970,165.66665649414062,156
1768378683987,165.66665649414062,150
1768378684003,165.66665649414062,145
1768378684020,165.66665649414062,140
1768378684036,166.66665649414062,138
1768378684054,167.66665649414062,138
1768378684070,167.66665649414062,137
1768378684087,168.66665649414062,137
1768378684103,169.66665649414062,138
1768378684119,171.66665649414062,142
1768378684137,178.66665649414062,154
1768378684153,184.66665649414062,163
1768378684170,190.66665649414062,174
1768378684187,192.66665649414062,180
1768378684203,195.66665649414062,185
1768378684220,196.66665649414062,189
1768378684236,197.66665649414062,190
1768378684254,197.66665649414062,194
1768378684270,197.66665649414062,196
1768378684286,197.66665649414062,198
1768378684303,197.66665649414062,199
1768378684320,197.66665649414062,201
1768378684337,197.66665649414062,204
1768378684353,197.66665649414062,207
1768378684370,197.66665649414062,211
1768378684386,197.66665649414062,213
1768378684403,197.66665649414062,214
1768378684419,197.66665649414062,215
1768378684436,195.66665649414062,215
1768378684453,195.66665649414062,214
1768378684469,193.66665649414062,210
1768378684487,191.66665649414062,204
1768378684503,188.66665649414062,195
1768378684520,187.66665649414062,186
1768378684536,183.66665649414062,168
1768378684553,182.66665649414062,156
1768378684570,182.66665649414062,148
1768378684587,181.66665649414062,138
1768378684603,181.66665649414062,134
1768378684619,181.66665649414062,132
1768378684637,181.66665649414062,129
1768378684653,181.66665649414062,128
1768378684670,181.66665649414062,128
1768378684686,182.66665649414062,130
1768378684703,182.66665649414062,135
1768378684720,183.66665649414062,141
1768378684736,183.66665649414062,152
1768378684754,188.66665649414062,180
1768378684770,190.66665649414062,201
1768378684787,193.66665649414062,223
1768378684803,194.66665649414062,231
1768378684819,194.66665649414062,236
1768378684836,194.66665649414062,238
1768378684853,194.66665649414062,240
1768378684870,194.66665649414062,241
1768378684887,194.66665649414062,242
1768378684904,193.66665649414062,242
1768378684920,193.66665649414062,242
1768378684936,192.66665649414062,242
1768378684953,191.66665649414062,241
1768378684969,189.66665649414062,236
1768378684987,187.66665649414062,230
1768378685004,186.66665649414062,224
1768378685020,182.66665649414062,208
1768378685037,179.66665649414062,192
1768378685054,176.66665649414062,164
1768378685071,175.66665649414062,148
1768378685087,174.66665649414062,134
1768378685103,174.66665649414062,130
1768378685120,174.66665649414062,128
1768378685137,174.66665649414062,127
1768378685156,174.66665649414062,128
1768378685171,174.66665649414062,129
1768378685186,174.66665649414062,131
1768378685203,175.66665649414062,137
1768378685220,175.66665649414062,144
1768378685236,177.66665649414062,158
1768378685254,185.66665649414062,188
1768378685270,188.66665649414062,206
1768378685287,190.66665649414062,218
1768378685303,190.66665649414062,220
1768378685320,190.66665649414062,223
1768378685337,190.66665649414062,224
1768378685386,189.66665649414062,221
1768378685404,189.66665649414062,217
1768378685420,186.66665649414062,204
1768378685436,183.66665649414062,191
1768378685453,179.66665649414062,163
1768378685470,175.66665649414062,136
1768378685487,175.66665649414062,124
1768378685503,175.66665649414062,116
1768378685520,174.66665649414062,111
1768378685536,174.66665649414062,109
1768378685554,174.66665649414062,108
1768378685570,174.66665649414062,107
1768378685604,174.66665649414062,108
1768378685620,174.66665649414062,108
1768378685636,175.66665649414062,110
1768378685658,175.66665649414062,111
1768378685670,175.66665649414062,112
1768378685686,175.66665649414062,113
1768378685703,175.66665649414062,114
1768378685720,175.66665649414062,114
1768378685769,175.66665649414062,114
1768378685787,173.66665649414062,114
1768378685803,170.66665649414062,113
1768378685820,164.66665649414062,112
1768378685837,157.66665649414062,110
1768378685853,143.66665649414062,108
1768378685872,131.66665649414062,107
1768378685886,115.66665649414062,107
1768378685903,105.66665649414062,107
1768378685920,97.66665649414062,107
1768378685936,88.66665649414062,107
1768378685953,85.66665649414062,107
1768378685970,84.66665649414062,107
1768378685987,82.66665649414062,107
1768378686003,81.66665649414062,107
1768378686019,80.66665649414062,107
1768378686044,80.66665649414062,108
1768378686067,81.66665649414062,108
1768378686086,82.66665649414062,108
1768378686103,83.66665649414062,108
1768378686120,85.66665649414062,108
1768378686136,87.66665649414062,107
1768378686153,88.66665649414062,107
1768378686170,92.66665649414062,107
1768378686186,95.66665649414062,107
1768378686203,105.66665649414062,107
1768378686219,113.66665649414062,107
1768378686236,120.66665649414062,107
1768378686254,127.66665649414062,109
1768378686269,131.66665649414062,110
1768378686286,131.66665649414062,110
1768378686303,133.66665649414062,110
1768378686320,134.66665649414062,111
1768378686336,135.66665649414062,112
1768378686353,135.66665649414062,112
1768378686369,135.66665649414062,114
1768378686386,134.66665649414062,114
1768378686403,131.66665649414062,114
1768378686419,127.66665649414062,114
1768378686437,125.66665649414062,114
1768378686453,120.66665649414062,114
1768378686470,113.66665649414062,112
1768378686486,108.66665649414062,111
1768378686503,103.66665649414062,110
1768378686520,99.66665649414062,109
1768378686536,97.66665649414062,108
1768378686553,94.66665649414062,108
1768378686570,93.66665649414062,107
1768378686587,93.66665649414062,106
1768378686603,92.66665649414062,106
1768378686620,92.66665649414062,104
1768378686640,92.66665649414062,104
1768378686653,93.66665649414062,104
1768378686669,94.66665649414062,103
1768378686686,95.66665649414062,103
1768378686703,96.66665649414062,103
1768378686720,97.66665649414062,103
1768378686736,100.66665649414062,103
1768378686753,102.66665649414062,103
1768378686770,109.66665649414062,104
1768378686787,115.66665649414062,106
1768378686803,121.66665649414062,106
1768378686820,127.66665649414062,109
1768378686836,129.66665649414062,110
1768378686853,133.66665649414062,110
1768378686870,133.66665649414062,110
1768378686886,136.66665649414062,112
1768378686904,138.66665649414062,112
1768378686919,139.66665649414062,114
1768378686936,140.66665649414062,114
1768378686953,141.66665649414062,114
1768378686970,141.66665649414062,115
1768378686986,141.66665649414062,116
1768378687003,141.66665649414062,118
1768378687020,141.66665649414062,118
1768378687036,140.66665649414062,120
1768378687053,139.66665649414062,122
1768378687087,136.66665649414062,122
1768378687103,134.66665649414062,122
1768378687119,132.66665649414062,122
1768378687136,130.66665649414062,122
1768378687153,129.66665649414062,121
1768378687170,128.66665649414062,120
1768378687187,127.66665649414062,118
1768378687203,128.66665649414062,118
1768378687219,129.66665649414062,116
1768378687236,132.66665649414062,115
1768378687253,137.66665649414062,114
1768378687270,151.66665649414062,114
1768378687287,159.66665649414062,114
1768378687303,163.66665649414062,114
1768378687319,167.66665649414062,115
1768378687336,168.66665649414062,116
1768378687354,169.66665649414062,116
1768378687370,169.66665649414062,118
1768378687386,169.66665649414062,118
1768378687403,169.66665649414062,120
1768378687419,168.66665649414062,122
1768378687437,166.66665649414062,122
1768378687453,163.66665649414062,122
1768378687470,153.66665649414062,122
1768378687486,139.66665649414062,120
1768378687503,113.66665649414062,115
1768378687519,99.66665649414062,112
1768378687536,85.66665649414062,109
1768378687553,80.66665649414062,108
1768378687569,77.66665649414062,108
1768378687586,74.66665649414062,106
1768378687605,73.66665649414062,106
1768378687632,73.66665649414062,105
1768378687653,74.66665649414062,105
1768378687670,75.66665649414062,104
1768378687686,78.66665649414062,104
1768378687703,85.66665649414062,103
1768378687720,91.66665649414062,103
1768378687737,103.66665649414062,103
1768378687753,109.66665649414062,104
1768378687770,120.66665649414062,105
1768378687786,123.66665649414062,105
1768378687803,127.66665649414062,105
1768378687820,128.66665649414062,105
1768378687837,130.66665649414062,105
1768378687853,131.66665649414062,105
1768378687869,131.66665649414062,106
1768378687887,131.66665649414062,106
1768378687903,131.66665649414062,107
1768378687920,131.66665649414062,108
1768378687937,131.66665649414062,108
1768378687953,128.66665649414062,110
1768378687970,125.66665649414062,110
1768378687986,121.66665649414062,110
1768378688003,115.66665649414062,109
1768378688020,111.66665649414062,108
1768378688036,109.66665649414062,108
1768378688053,108.66665649414062,108
1768378688069,107.66665649414062,107
1768378688086,107.66665649414062,106
1768378688103,108.66665649414062,105
1768378688120,110.66665649414062,104
1768378688136,112.66665649414062,102
1768378688153,114.66665649414062,101
1768378688169,115.66665649414062,100
1768378688186,118.66665649414062,100
1768378688203,120.66665649414062,100
1768378688219,122.66665649414062,101
1768378688236,130.66665649414062,102
1768378688253,137.66665649414062,106
1768378688270,140.66665649414062,106
1768378688286,143.66665649414062,107
1768378688303,147.66665649414062,108
1768378688320,149.66665649414062,109
1768378688336,150.66665649414062,110
1768378688353,152.66665649414062,110
1768378688370,153.66665649414062,110
1768378688403,153.66665649414062,111
1768378688420,153.66665649414062,112
1768378688436,152.66665649414062,114
1768378688453,147.66665649414062,114
1768378688470,143.66665649414062,114
1768378688486,137.66665649414062,114
1768378688503,129.66665649414062,112
1768378688519,124.66665649414062,112
1768378688536,114.66665649414062,111
1768378688553,109.66665649414062,110
1768378688570,105.66665649414062,110
1768378688586,104.66665649414062,109
1768378688603,103.66665649414062,109
1768378688620,103.66665649414062,108
1768378688636,103.66665649414062,108
1768378688653,104.66665649414062,107
1768378688670,105.66665649414062,106
1768378688686,115.66665649414062,105
1768378688703,131.66665649414062,105
1768378688719,153.66665649414062,105
1768378688736,160.66665649414062,105
1768378688753,162.66665649414062,105
1768378688770,165.66665649414062,105
1768378688786,166.66665649414062,105
1768378688803,167.66665649414062,105
1768378688826,167.66665649414062,106
1768378688836,168.66665649414062,106
1768378688853,168.66665649414062,106
1768378689975,94.66665649414062,64
1768378690253,93.66665649414062,63
1768378690270,93.66665649414062,61
1768378690286,93.66665649414062,59
1768378690303,93.66665649414062,56
1768378690319,94.66665649414062,53
1768378690337,94.66665649414062,50
1768378690353,95.66665649414062,50
1768378690369,97.66665649414062,48
1768378690386,97.66665649414062,48
1768378690403,99.66665649414062,49
1768378690420,99.66665649414062,50
1768378690436,100.66665649414062,50
1768378690453,101.66665649414062,52
1768378690470,101.66665649414062,54
1768378690486,101.66665649414062,56
1768378690503,101.66665649414062,57
1768378690520,101.66665649414062,59
1768378690536,100.66665649414062,61
1768378690553,99.66665649414062,62
1768378690570,99.66665649414062,64
1768378690586,99.66665649414062,64
1768378690603,98.66665649414062,66
1768378690619,97.66665649414062,66
1768378690636,95.66665649414062,66
1768378690656,95.66665649414062,66
1768378690669,95.66665649414062,64
1768378690686,95.66665649414062,64
1768378690703,95.66665649414062,62
1768378690720,95.66665649414062,56
1768378690736,97.66665649414062,52
1768378690753,97.66665649414062,50
1768378690770,99.66665649414062,47
1768378690786,100.66665649414062,47
1768378690803,101.66665649414062,47
1768378690819,103.66665649414062,47
1768378690837,103.66665649414062,47
1768378690853,104.66665649414062,48
1768378690870,104.66665649414062,50
1768378690886,104.66665649414062,51
1768378690903,104.66665649414062,53
1768378690920,104.66665649414062,56
1768378690936,104.66665649414062,58
1768378690953,103.66665649414062,59
1768378690969,103.66665649414062,60
1768378690986,102.66665649414062,61
1768378691004,101.66665649414062,62
1768378691020,100.66665649414062,62
1768378691038,99.66665649414062,61
1768378691052,99.66665649414062,61
1768378691069,98.66665649414062,59
1768378691086,98.66665649414062,57
1768378691103,98.66665649414062,53
1768378691119,99.66665649414062,52
1768378691137,99.66665649414062,50
1768378691153,99.66665649414062,50
1768378691184,99.66665649414062,50
1768378691203,99.66665649414062,51
1768378691220,99.66665649414062,52
1768378691236,99.66665649414062,52
1768378691253,99.66665649414062,53
1768378692080,131.66665649414062,53
1768378692257,131.66665649414062,54
1768378692269,131.66665649414062,55
1768378692287,130.66665649414062,57
1768378692303,130.66665649414062,58
1768378692319,129.66665649414062,60
1768378692336,129.66665649414062,61
1768378692353,128.66665649414062,62
1768378692370,127.66665649414062,62
1768378692387,126.66665649414062,62
1768378692403,125.66665649414062,60
1768378692420,125.66665649414062,58
1768378692436,125.66665649414062,55
1768378692453,125.66665649414062,53
1768378692469,127.66665649414062,50
1768378692487,129.66665649414062,46
1768378692503,131.66665649414062,44
1768378692519,131.66665649414062,42
1768378692536,133.66665649414062,42
1768378692553,135.66665649414062,42
1768378692573,135.66665649414062,42
1768378692586,136.66665649414062,42
1768378692603,136.66665649414062,42
1768378692620,137.66665649414062,44
1768378692637,137.66665649414062,46
1768378692653,137.66665649414062,48
1768378692669,137.66665649414062,51
1768378692688,136.66665649414062,52
1768378692703,135.66665649414062,54
1768378692720,135.66665649414062,56
1768378692736,134.66665649414062,58
1768378692753,133.66665649414062,59
1768378692769,132.66665649414062,60
1768378692786,131.66665649414062,60
1768378692803,131.66665649414062,60
1768378692819,131.66665649414062,59
1768378692836,131.66665649414062,58
1768378692853,131.66665649414062,55
1768378692870,131.66665649414062,52
1768378692886,131.66665649414062,50
1768378692904,133.66665649414062,47
1768378692919,134.66665649414062,46
1768378692936,136.66665649414062,45
1768378692953,137.66665649414062,45
1768378692970,137.66665649414062,45
1768378692987,137.66665649414062,46
1768378693003,137.66665649414062,47
1768378693019,137.66665649414062,49
1768378693036,137.66665649414062,51
1768378693053,137.66665649414062,52
1768378693070,136.66665649414062,54
1768378693086,134.66665649414062,55
1768378693103,133.66665649414062,56
1768378693134,133.66665649414062,55
1768378693158,133.66665649414062,54
1768378693169,133.66665649414062,52
1768378693186,133.66665649414062,52
1768378693202,133.66665649414062,49
1768378693220,135.66665649414062,48
1768378693236,135.66665649414062,48
1768378693252,136.66665649414062,48
1768378693287,136.66665649414062,50
1768378693303,135.66665649414062,51
1768378693319,135.66665649414062,52
1768378693336,134.66665649414062,52
1768378698624,49.666656494140625,298
1768378698842,49.666656494140625,298
1768378698870,48.666656494140625,296
1768378698887,47.666656494140625,294
1768378698902,45.666656494140625,292
1768378698919,45.666656494140625,290
1768378698936,45.666656494140625,288
1768378698952,45.666656494140625,287
1768378698969,45.666656494140625,286
1768378698986,45.666656494140625,286
1768378699002,46.666656494140625,286
1768378699019,47.666656494140625,286
1768378699036,49.666656494140625,286
1768378699053,49.666656494140625,286
1768378699070,49.666656494140625,288
1768378699086,50.666656494140625,289
1768378699102,51.666656494140625,290
1768378699119,51.666656494140625,291
1768378699136,51.666656494140625,293
1768378699153,51.666656494140625,294
1768378699169,51.666656494140625,295
1768378699186,51.666656494140625,297
1768378699202,51.666656494140625,298
1768378699219,51.666656494140625,299
1768378699237,51.666656494140625,300
1768378699253,51.666656494140625,302
1768378699269,51.666656494140625,302
1768378699286,50.666656494140625,302
1768378699303,49.666656494140625,302
1768378699319,48.666656494140625,302
1768378699336,47.666656494140625,301
1768378699352,45.666656494140625,300
1768378699369,45.666656494140625,298
1768378699386,45.666656494140625,296
1768378699402,45.666656494140625,295
1768378699419,45.666656494140625,293
1768378699436,45.666656494140625,292
1768378699452,47.666656494140625,290
1768378699469,49.666656494140625,290
1768378699486,49.666656494140625,290
1768378699503,51.666656494140625,290
1768378699519,54.666656494140625,291
1768378699536,55.666656494140625,292
1768378699552,55.666656494140625,294
1768378699569,57.666656494140625,294
1768378699586,57.666656494140625,296
1768378699602,57.666656494140625,298
1768378699619,57.666656494140625,299
1768378699636,56.666656494140625,301
1768378699653,55.666656494140625,302
1768378699669,54.666656494140625,303
1768378699686,52.666656494140625,303
1768378699702,51.666656494140625,302
1768378699719,49.666656494140625,301
1768378699736,48.666656494140625,300
1768378701062,187.66665649414062,292
1768378701224,187.66665649414062,292
1768378701253,184.66665649414062,293
1768378701269,183.66665649414062,293
1768378701286,182.66665649414062,293
1768378701302,181.66665649414062,293
1768378701320,181.66665649414062,293
1768378701336,181.66665649414062,292
1768378701353,181.66665649414062,292
1768378701370,181.66665649414062,290
1768378701386,183.66665649414062,288
1768378701402,185.66665649414062,286
1768378701419,187.66665649414062,284
1768378701436,189.66665649414062,282
1768378701453,191.66665649414062,280
1768378701469,192.66665649414062,280
1768378701486,192.66665649414062,279
1768378701502,193.66665649414062,279
1768378701520,193.66665649414062,278
1768378701539,193.66665649414062,277
1768378701569,193.66665649414062,276
1768378701586,193.66665649414062,276
1768378701607,193.66665649414062,275
1768378701619,193.66665649414062,274
1768378701636,193.66665649414062,274
1768378701653,193.66665649414062,273
1768378701670,193.66665649414062,272
1768378701703,192.66665649414062,272
1768378701719,191.66665649414062,272
1768378701736,190.66665649414062,273
1768378701753,189.66665649414062,275
1768378701770,188.66665649414062,275
1768378701786,187.66665649414062,276
1768378701802,187.66665649414062,276
1768378701819,186.66665649414062,276
1768378701852,187.66665649414062,276
1768378701869,187.66665649414062,276
1768378701885,188.66665649414062,276
1768378701902,191.66665649414062,275
1768378704681,773.6666564941406,445
1768378704823,773.6666564941406,450
1768378704836,773.6666564941406,474
1768378704853,773.6666564941406,498
1768378704870,773.6666564941406,522
1768378704887,771.6666564941406,529
1768378704902,771.6666564941406,532
1768378704920,771.6666564941406,534
1768378704936,771.6666564941406,535
1768378704956,771.6666564941406,535
1768378704969,770.6666564941406,535
1768378704986,769.6666564941406,534
1768378705002,767.6666564941406,530
1768378705019,765.6666564941406,525
1768378705036,763.6666564941406,516
1768378705053,761.6666564941406,500
1768378705071,759.6666564941406,456
1768378705087,760.6666564941406,434
1768378705103,761.6666564941406,414
1768378705120,761.6666564941406,408
1768378705136,761.6666564941406,406
1768378705153,761.6666564941406,405
1768378705203,761.6666564941406,406
1768378705219,761.6666564941406,408
1768378705236,762.6666564941406,411
1768378705252,763.6666564941406,414
1768378705269,763.6666564941406,420
1768378705285,763.6666564941406,425
1768378705302,763.6666564941406,434
1768378705319,763.6666564941406,439
1768378705335,763.6666564941406,444
1768378705353,763.6666564941406,446
1768378705369,763.6666564941406,448
1768378705386,763.6666564941406,450
1768378705403,763.6666564941406,452
1768378705429,762.6666564941406,452
1768378705452,762.6666564941406,451
1768378705469,761.6666564941406,448
1768378705486,761.6666564941406,444
1768378705503,761.6666564941406,440
1768378705519,761.6666564941406,436
1768378705535,761.6666564941406,434
1768378705552,762.6666564941406,432
1768378705569,763.6666564941406,431
1768378705586,764.6666564941406,431
1768378705602,765.6666564941406,433
1768378705619,765.6666564941406,436
1768378705635,768.6666564941406,448
1768378705653,775.6666564941406,482
1768378705669,777.6666564941406,499
1768378705687,779.6666564941406,510
1768378705703,779.6666564941406,512
1768378705719,779.6666564941406,514
1768378705736,779.6666564941406,515
1768378705752,778.6666564941406,516
1768378705769,777.6666564941406,516
1768378705786,776.6666564941406,514
1768378705803,773.6666564941406,510
1768378705819,771.6666564941406,506
1768378705836,769.6666564941406,493
1768378705853,769.6666564941406,465
1768378705869,772.6666564941406,424
1768378705886,775.6666564941406,410
1768378705902,777.6666564941406,405
1768378705919,777.6666564941406,402
1768378705969,777.6666564941406,404
1768378705985,777.6666564941406,407
1768378706002,777.6666564941406,414
1768378706019,777.6666564941406,451
1768378706036,775.6666564941406,481
1768378706052,773.6666564941406,498
1768378706070,771.6666564941406,506
1768378706086,770.6666564941406,508
1768378706102,769.6666564941406,508
1768378706119,768.6666564941406,508
1768378706135,767.6666564941406,508
1768378706152,765.6666564941406,504
1768378706169,763.6666564941406,500
1768378706187,761.6666564941406,484
1768378706203,761.6666564941406,462
1768378706219,762.6666564941406,440
1768378706236,762.6666564941406,436
1768378706252,762.6666564941406,432
1768378706269,762.6666564941406,432
1768378706286,762.6666564941406,431
1768378706315,762.6666564941406,432
1768378706335,762.6666564941406,433
1768378706353,762.6666564941406,435
1768378706369,762.6666564941406,436
1768378706386,763.6666564941406,438
1768378706402,763.6666564941406,438
1768378706419,764.6666564941406,438
1768378707158,817.6666564941406,413
1768378707288,817.6666564941406,421
1768378707304,815.6666564941406,443
1768378707319,813.6666564941406,455
1768378707337,812.6666564941406,464
1768378707352,811.6666564941406,468
1768378707369,811.6666564941406,472
1768378707386,810.6666564941406,473
1768378707402,809.6666564941406,476
1768378707419,809.6666564941406,476
1768378707436,809.6666564941406,477
1768378707453,809.6666564941406,478
1768378707468,809.6666564941406,478
1768378707502,809.6666564941406,478
1768378707519,808.6666564941406,478
1768378707536,807.6666564941406,475
1768378707553,805.6666564941406,465
1768378707570,803.6666564941406,455
1768378707587,801.6666564941406,443
1768378707603,801.6666564941406,407
1768378707620,801.6666564941406,380
1768378707636,809.6666564941406,341
1768378707653,815.6666564941406,322
1768378707669,821.6666564941406,309
1768378707686,821.6666564941406,308
1768378707702,822.6666564941406,306
1768378707719,823.6666564941406,306
1768378707735,823.6666564941406,307
1768378707752,823.6666564941406,311
1768378707769,823.6666564941406,314
1768378707786,823.6666564941406,324
1768378707803,823.6666564941406,333
1768378707819,823.6666564941406,353
1768378707836,823.6666564941406,368
1768378707853,821.6666564941406,390
1768378707869,819.6666564941406,423
1768378707886,818.6666564941406,444
1768378707902,815.6666564941406,468
1768378707919,813.6666564941406,474
1768378707935,813.6666564941406,478
1768378707953,812.6666564941406,482
1768378707969,811.6666564941406,482
1768378707986,811.6666564941406,483
1768378708002,811.6666564941406,484
1768378708019,810.6666564941406,484
1768378708036,809.6666564941406,484
1768378708052,808.6666564941406,482
1768378708069,807.6666564941406,478
1768378708085,807.6666564941406,471
1768378708103,805.6666564941406,451
1768378708119,805.6666564941406,436
1768378708136,804.6666564941406,417
1768378708153,804.6666564941406,401
1768378708169,809.6666564941406,376
1768378708186,811.6666564941406,364
1768378708203,812.6666564941406,358
1768378708219,813.6666564941406,354
1768378708235,813.6666564941406,353
1768378708253,813.6666564941406,352
1768378708269,813.6666564941406,352
1768378708292,813.6666564941406,352
1768378708304,813.6666564941406,354
1768378708319,813.6666564941406,358
1768378708336,813.6666564941406,372
1768378708353,813.6666564941406,392
1768378708369,805.6666564941406,478
1768378708387,799.6666564941406,546
1768378708570,777.6666564941406,603
1768378708586,775.6666564941406,584
1768378708604,775.6666564941406,551
1768378708619,777.6666564941406,526
1768378708636,780.6666564941406,496
1768378708653,781.6666564941406,484
1768378708669,782.6666564941406,477
1768378708686,782.6666564941406,474
1768378708702,782.6666564941406,473
1768378708720,782.6666564941406,472
1768378708736,782.6666564941406,471
1768378708753,783.6666564941406,470
1768378708769,783.6666564941406,470
1768378708786,783.6666564941406,469
1768378708802,783.6666564941406,468
1768378708819,783.6666564941406,468
1768378708841,783.6666564941406,467
1768378708911,783.6666564941406,468
1768378708935,783.6666564941406,469
1768378709568,800.6666564941406,509
1768378709791,800.6666564941406,508
1768378709804,800.6666564941406,504
1768378709820,800.6666564941406,498
1768378709836,800.6666564941406,478
1768378709852,805.6666564941406,449
1768378709869,809.6666564941406,419
1768378709886,811.6666564941406,409
1768378709904,812.6666564941406,402
1768378709919,813.6666564941406,398
1768378709936,813.6666564941406,394
1768378709953,814.6666564941406,394
1768378709969,815.6666564941406,392
1768378709985,815.6666564941406,390
1768378710002,815.6666564941406,390
1768378710069,815.6666564941406,393
1768378710085,814.6666564941406,398
1768378710102,814.6666564941406,404
1768378710119,814.6666564941406,410
1768378710137,814.6666564941406,432
1768378710152,812.6666564941406,458
1768378710169,809.6666564941406,487
1768378710187,808.6666564941406,496
1768378710202,807.6666564941406,500
1768378710219,807.6666564941406,502
1768378710235,806.6666564941406,502
1768378710253,805.6666564941406,504
1768378710269,805.6666564941406,504
1768378710286,805.6666564941406,505
1768378710319,803.6666564941406,504
1768378710336,803.6666564941406,502
1768378710352,803.6666564941406,496
1768378710369,802.6666564941406,491
1768378710386,801.6666564941406,484
1768378710403,801.6666564941406,465
1768378710419,801.6666564941406,446
1768378710436,803.6666564941406,406
1768378710452,805.6666564941406,376
1768378710469,809.6666564941406,349
1768378710485,810.6666564941406,343
1768378710502,811.6666564941406,339
1768378710519,811.6666564941406,338
1768378710535,811.6666564941406,337
1768378710552,811.6666564941406,336
1768378710574,811.6666564941406,337
1768378710586,811.6666564941406,338
1768378710602,811.6666564941406,341
1768378710619,811.6666564941406,347
1768378710636,811.6666564941406,351
1768378710652,811.6666564941406,357
1768378710668,809.6666564941406,375
1768378710685,808.6666564941406,398
1768378710703,804.6666564941406,428
1768378710719,803.6666564941406,440
1768378710735,802.6666564941406,446
1768378710752,801.6666564941406,450
1768378710769,801.6666564941406,452
1768378710786,800.6666564941406,454
1768378710819,799.6666564941406,453
1768378710835,798.6666564941406,449
1768378710852,797.6666564941406,442
1768378710869,795.6666564941406,428
1768378710886,795.6666564941406,419
1768378710902,797.6666564941406,388
1768378710919,799.6666564941406,364
1768378710936,805.6666564941406,333
1768378710953,807.6666564941406,320
1768378710969,809.6666564941406,314
1768378710985,809.6666564941406,312
1768378711002,809.6666564941406,311
1768378711019,809.6666564941406,310
1768378711069,809.6666564941406,312
1768378711085,808.6666564941406,318
1768378711102,808.6666564941406,324
1768378711119,807.6666564941406,332
1768378711136,804.6666564941406,354
1768378711152,799.6666564941406,382
1768378711169,791.6666564941406,431
1768378711187,787.6666564941406,454
1768378711202,784.6666564941406,468
1768378711219,784.6666564941406,471
1768378711235,783.6666564941406,472
1768378711252,783.6666564941406,473
1768378711269,782.6666564941406,473
1768378711286,781.6666564941406,472
1768378711302,781.6666564941406,470
1768378711320,779.6666564941406,457
1768378711336,777.6666564941406,444
1768378711352,775.6666564941406,426
1768378711369,775.6666564941406,408
1768378711386,775.6666564941406,388
1768378711403,777.6666564941406,366
1768378711419,777.6666564941406,360
1768378711435,777.6666564941406,358
1768378711453,777.6666564941406,358
1768378711468,777.6666564941406,358
1768378711486,777.6666564941406,359
1768378711502,777.6666564941406,362
1768378711519,777.6666564941406,363
1768378711535,777.6666564941406,365
1768378711552,777.6666564941406,367
1768378712397,773.6666564941406,381
1768378712569,773.6666564941406,382
1768378712585,773.6666564941406,384
1768378712602,773.6666564941406,384
1768378712619,771.6666564941406,386
1768378712635,771.6666564941406,386
1768378712652,770.6666564941406,385
1768378712669,769.6666564941406,384
1768378712685,769.6666564941406,384
1768378712703,769.6666564941406,381
1768378712736,769.6666564941406,380
1768378712752,769.6666564941406,379
1768378712769,769.6666564941406,378
1768378712786,769.6666564941406,378
1768378714229,755.6666564941406,376
1768378714422,755.6666564941406,373
1768378714437,755.6666564941406,356
1768378714453,755.6666564941406,336
1768378714470,756.6666564941406,315
1768378714486,758.6666564941406,296
1768378714504,760.6666564941406,283
1768378714518,761.6666564941406,280
1768378714536,761.6666564941406,279
1768378714560,761.6666564941406,280
1768378714575,761.6666564941406,281
1768378714586,761.6666564941406,282
1768378714602,761.6666564941406,286
1768378714619,761.6666564941406,290
1768378714635,761.6666564941406,295
1768378714653,763.6666564941406,304
1768378714670,763.6666564941406,314
1768378714686,764.6666564941406,330
1768378714704,764.6666564941406,337
1768378714718,764.6666564941406,342
1768378714735,764.6666564941406,344
1768378714752,763.6666564941406,346
1768378714768,763.6666564941406,347
1768378714802,763.6666564941406,347
1768378714819,762.6666564941406,347
1768378714835,762.6666564941406,343
1768378714852,762.6666564941406,340
1768378714869,762.6666564941406,337
1768378714886,762.6666564941406,332
1768378714902,762.6666564941406,330
1768378714919,763.6666564941406,328
1768378714936,763.6666564941406,326
1768378714952,763.6666564941406,326
1768378714968,764.6666564941406,326
1768378714985,765.6666564941406,328
1768378715003,767.6666564941406,336
1768378715019,770.6666564941406,352
1768378715036,777.6666564941406,386
1768378715053,778.6666564941406,404
1768378715069,778.6666564941406,418
1768378715085,778.6666564941406,422
1768378715102,778.6666564941406,424
1768378715119,777.6666564941406,425
1768378715135,777.6666564941406,425
1768378715153,775.6666564941406,425
1768378715169,773.6666564941406,422
1768378715185,771.6666564941406,412
1768378715202,769.6666564941406,398
1768378715218,769.6666564941406,382
1768378715236,769.6666564941406,376
1768378715252,769.6666564941406,374
1768378715269,769.6666564941406,372
1768378715285,769.6666564941406,371
1768378715302,769.6666564941406,370
1768378715319,769.6666564941406,370
1768378715335,769.6666564941406,370
1768378715352,769.6666564941406,373
1768378715369,769.6666564941406,376
1768378715386,769.6666564941406,384
1768378715402,769.6666564941406,389
1768378715419,769.6666564941406,398
1768378715435,769.6666564941406,404
1768378715452,767.6666564941406,412
1768378715468,767.6666564941406,414
1768378715485,766.6666564941406,416
1768378715502,765.6666564941406,417
1768378715519,763.6666564941406,417
1768378715535,763.6666564941406,416
1768378715552,761.6666564941406,412
1768378715569,759.6666564941406,402
1768378715587,757.6666564941406,394
1768378715602,755.6666564941406,380
1768378715618,755.6666564941406,376
1768378715635,755.6666564941406,372
1768378715652,755.6666564941406,372
1768378715668,755.6666564941406,370
1768378715685,755.6666564941406,370
1768378715735,755.6666564941406,372
1768378715753,755.6666564941406,375
1768378715769,756.6666564941406,378
1768378715785,757.6666564941406,383
1768378715802,757.6666564941406,391
1768378715819,757.6666564941406,395
1768378715835,757.6666564941406,399
1768378715852,757.6666564941406,400
1768378715869,757.6666564941406,402
1768378715919,756.6666564941406,399
1768378715935,756.6666564941406,395
1768378715952,757.6666564941406,377
1768378715970,759.6666564941406,366
1768378715985,761.6666564941406,361
1768378716002,761.6666564941406,359
1768378716019,762.6666564941406,358
1768378716070,762.6666564941406,362
1768378716085,763.6666564941406,364
1768378716102,763.6666564941406,374
1768378716119,763.6666564941406,380
1768378716135,763.6666564941406,382
1768378716153,763.6666564941406,385
1768378716169,763.6666564941406,386
-1,-1,-1
1768378676785,,
1768378689975,,
1768378692080,,
1768378698624,,
1768378701062,,
1768378704681,,
1768378707158,,
1768378709568,,
1768378712397,,
1768378714229,,
-1,-1,-1
1768378688896,,
1768378691272,,
1768378693372,,
1768378699758,,
1768378701910,,
1768378706427,,
1768378708946,,
1768378711584,,
1768378712795,,
1768378716218,,
