1762250904055,844.1999816894531,592.3999977111816
1762250904072,804.1999816894531,526.3999977111816
1762250904089,780.1999816894531,479.39999771118164
1762250904105,765.1999816894531,439.39999771118164
1762250904122,758.1999816894531,419.39999771118164
1762250904139,752.1999816894531,390.39999771118164
1762250904155,750.1999816894531,373.39999771118164
1762250904172,750.1999816894531,361.39999771118164
1762250904188,750.1999816894531,346.39999771118164
1762250904205,751.1999816894531,342.39999771118164
1762250904222,751.1999816894531,340.39999771118164
1762250904239,752.1999816894531,339.39999771118164
1762250904256,753.1999816894531,338.39999771118164
1762250904272,753.1999816894531,337.39999771118164
1762250904289,754.1999816894531,336.39999771118164
1762250904306,755.1999816894531,336.39999771118164
1762250904322,755.1999816894531,334.39999771118164
1762250904339,756.1999816894531,333.39999771118164
1762250904355,757.1999816894531,332.39999771118164
1762250904372,758.1999816894531,320.39999771118164
1762250904388,754.1999816894531,240.39999771118164
1762250904405,749.1999816894531,170.39999771118164
1762250904422,750.1999816894531,140.39999771118164
1762250904439,751.1999816894531,120.39999771118164
1762250904455,751.1999816894531,117.39999771118164
1762250904472,751.1999816894531,115.39999771118164
1762250904489,751.1999816894531,114.39999771118164
1762250905406,751.1999816894531,120.39999771118164
1762250905422,752.1999816894531,136.39999771118164
1762250905439,756.1999816894531,149.39999771118164
1762250905455,764.1999816894531,169.39999771118164
1762250905472,766.1999816894531,176.39999771118164
1762250905488,769.1999816894531,180.39999771118164
1762250905505,770.1999816894531,184.39999771118164
1762250905522,770.1999816894531,187.39999771118164
1762250905539,770.1999816894531,191.39999771118164
1762250905555,769.1999816894531,195.39999771118164
1762250905580,769.1999816894531,200.39999771118164
1762250905588,768.1999816894531,204.39999771118164
1762250905605,767.1999816894531,208.39999771118164
1762250905622,767.1999816894531,212.39999771118164
1762250905638,766.1999816894531,220.39999771118164
1762250905657,766.1999816894531,224.39999771118164
1762250905672,766.1999816894531,227.39999771118164
1762250905689,765.1999816894531,229.39999771118164
1762250905706,764.1999816894531,229.39999771118164
1762250905722,764.1999816894531,231.39999771118164
1762250905772,764.1999816894531,232.39999771118164
1762250905825,763.1999816894531,232.39999771118164
1762250905847,762.1999816894531,232.39999771118164
1762250905861,762.1999816894531,231.39999771118164
1762250905872,760.1999816894531,226.39999771118164
1762250905889,758.1999816894531,219.39999771118164
1762250905905,757.1999816894531,213.39999771118164
1762250905922,756.1999816894531,212.39999771118164
1762250905939,755.1999816894531,210.39999771118164
1762250905956,754.1999816894531,209.39999771118164
1762250905972,754.1999816894531,207.39999771118164
1762250905994,754.1999816894531,204.39999771118164
1762250906008,754.1999816894531,203.39999771118164
1762250906023,754.1999816894531,201.39999771118164
1762250906038,754.1999816894531,200.39999771118164
1762250906055,754.1999816894531,199.39999771118164
1762250906072,754.1999816894531,197.39999771118164
1762250906089,754.1999816894531,196.39999771118164
1762250906121,754.1999816894531,195.39999771118164
1762250906148,754.1999816894531,194.39999771118164
1762250906188,754.1999816894531,193.39999771118164
1762250906210,754.1999816894531,192.39999771118164
1762250906287,754.1999816894531,191.39999771118164
1762250906365,754.1999816894531,190.39999771118164
1762250906405,754.1999816894531,189.39999771118164
1762250906427,753.1999816894531,188.39999771118164
1762250906447,752.1999816894531,188.39999771118164
1762250906470,751.1999816894531,188.39999771118164
1762250906476,750.1999816894531,188.39999771118164
1762250906489,750.1999816894531,187.39999771118164
1762250906538,749.1999816894531,186.39999771118164
1762250906904,748.1999816894531,187.39999771118164
1762250906922,746.1999816894531,199.39999771118164
1762250906938,740.1999816894531,219.39999771118164
1762250906955,738.1999816894531,229.39999771118164
1762250906974,737.1999816894531,236.39999771118164
1762250906988,736.1999816894531,240.39999771118164
1762250907006,735.1999816894531,243.39999771118164
1762250907022,734.1999816894531,245.39999771118164
1762250907038,734.1999816894531,251.39999771118164
1762250907055,734.1999816894531,258.39999771118164
1762250907072,735.1999816894531,269.39999771118164
1762250907089,736.1999816894531,276.39999771118164
1762250907105,736.1999816894531,280.39999771118164
1762250907122,737.1999816894531,284.39999771118164
1762250907138,737.1999816894531,285.39999771118164
1762250907155,737.1999816894531,288.39999771118164
1762250907174,737.1999816894531,291.39999771118164
1762250907191,736.1999816894531,292.39999771118164
1762250907204,736.1999816894531,293.39999771118164
1762250907221,735.1999816894531,294.39999771118164
1762250907238,735.1999816894531,296.39999771118164
1762250907255,734.1999816894531,296.39999771118164
1762250907272,734.1999816894531,296.39999771118164
1762250907288,734.1999816894531,297.39999771118164
1762250907338,734.1999816894531,298.39999771118164
1762250907355,734.1999816894531,299.39999771118164
1762250907372,734.1999816894531,300.39999771118164
1762250907389,734.1999816894531,301.39999771118164
1762250907405,734.1999816894531,302.39999771118164
1762250907422,736.1999816894531,305.39999771118164
1762250907440,736.1999816894531,307.39999771118164
1762250907455,736.1999816894531,308.39999771118164
1762250907471,737.1999816894531,308.39999771118164
1762250907488,738.1999816894531,309.39999771118164
1762250907505,738.1999816894531,311.39999771118164
1762250907555,738.1999816894531,312.39999771118164
1762250907571,738.1999816894531,312.39999771118164
1762250907638,738.1999816894531,313.39999771118164
1762250907655,738.1999816894531,314.39999771118164
1762250907721,738.1999816894531,315.39999771118164
1762250907738,739.1999816894531,315.39999771118164
1762250907776,742.1999816894531,317.39999771118164
1762250907788,742.1999816894531,319.39999771118164
1762250907805,743.1999816894531,320.39999771118164
1762250907821,744.1999816894531,321.39999771118164
1762250907838,745.1999816894531,322.39999771118164
1762250907855,745.1999816894531,323.39999771118164
1762250907871,746.1999816894531,324.39999771118164
1762250907889,746.1999816894531,324.39999771118164
1762250907905,747.1999816894531,325.39999771118164
1762250907921,748.1999816894531,325.39999771118164
1762250907938,749.1999816894531,327.39999771118164
1762250907955,750.1999816894531,327.39999771118164
1762250907971,750.1999816894531,327.39999771118164
1762250907988,751.1999816894531,327.39999771118164
1762250908005,752.1999816894531,328.39999771118164
1762250908022,753.1999816894531,328.39999771118164
1762250908038,755.1999816894531,329.39999771118164
1762250908054,757.1999816894531,330.39999771118164
1762250908071,758.1999816894531,331.39999771118164
1762250908088,760.1999816894531,332.39999771118164
1762250908106,763.1999816894531,332.39999771118164
1762250908121,766.1999816894531,333.39999771118164
1762250908138,769.1999816894531,334.39999771118164
1762250908155,771.1999816894531,334.39999771118164
1762250908172,774.1999816894531,335.39999771118164
1762250908189,776.1999816894531,335.39999771118164
1762250908205,777.1999816894531,336.39999771118164
1762250908221,779.1999816894531,336.39999771118164
1762250908240,782.1999816894531,336.39999771118164
1762250908255,783.1999816894531,336.39999771118164
1762250908271,786.1999816894531,336.39999771118164
1762250908288,787.1999816894531,336.39999771118164
1762250908306,790.1999816894531,336.39999771118164
1762250908322,794.1999816894531,336.39999771118164
1762250908338,798.1999816894531,336.39999771118164
1762250908355,798.1999816894531,336.39999771118164
1762250908374,801.1999816894531,335.39999771118164
1762250908388,802.1999816894531,335.39999771118164
1762250908405,805.1999816894531,335.39999771118164
1762250908421,806.1999816894531,334.39999771118164
1762250908438,809.1999816894531,333.39999771118164
1762250908455,812.1999816894531,332.39999771118164
1762250908471,817.1999816894531,330.39999771118164
1762250908488,820.1999816894531,328.39999771118164
1762250908505,822.1999816894531,328.39999771118164
1762250908521,823.1999816894531,327.39999771118164
1762250908539,825.1999816894531,325.39999771118164
1762250908554,826.1999816894531,325.39999771118164
1762250908571,827.1999816894531,324.39999771118164
1762250908588,828.1999816894531,324.39999771118164
1762250908604,830.1999816894531,323.39999771118164
1762250908621,830.1999816894531,322.39999771118164
1762250908638,831.1999816894531,321.39999771118164
1762250908671,831.1999816894531,320.39999771118164
1762250908688,833.1999816894531,318.39999771118164
1762250908705,834.1999816894531,317.39999771118164
1762250908721,834.1999816894531,314.39999771118164
1762250908738,836.1999816894531,312.39999771118164
1762250908755,836.1999816894531,312.39999771118164
1762250908772,836.1999816894531,310.39999771118164
1762250908788,838.1999816894531,307.39999771118164
1762250908805,838.1999816894531,299.39999771118164
1762250908822,838.1999816894531,272.39999771118164
1762250908839,835.1999816894531,257.39999771118164
1762250908855,835.1999816894531,250.39999771118164
1762250908871,834.1999816894531,247.39999771118164
1762250908888,834.1999816894531,246.39999771118164
1762250908905,834.1999816894531,245.39999771118164
1762250908956,834.1999816894531,244.39999771118164
1762250908972,834.1999816894531,244.39999771118164
1762250908988,834.1999816894531,243.39999771118164
1762250909005,834.1999816894531,243.39999771118164
1762250909021,834.1999816894531,241.39999771118164
1762250909038,832.1999816894531,236.39999771118164
1762250909055,830.1999816894531,232.39999771118164
1762250909072,830.1999816894531,228.39999771118164
1762250909088,830.1999816894531,226.39999771118164
1762250909105,829.1999816894531,224.39999771118164
1762250909121,829.1999816894531,223.39999771118164
1762250909138,828.1999816894531,221.39999771118164
1762250909155,827.1999816894531,221.39999771118164
1762250909188,827.1999816894531,220.39999771118164
1762250909221,826.1999816894531,219.39999771118164
1762250909238,826.1999816894531,217.39999771118164
1762250909255,824.1999816894531,214.39999771118164
1762250909272,821.1999816894531,208.39999771118164
1762250909288,820.1999816894531,206.39999771118164
1762250909305,819.1999816894531,203.39999771118164
1762250909321,818.1999816894531,201.39999771118164
1762250909338,817.1999816894531,200.39999771118164
1762250909355,817.1999816894531,199.39999771118164
1762250909372,816.1999816894531,198.39999771118164
1762250909388,815.1999816894531,197.39999771118164
1762250909405,815.1999816894531,196.39999771118164
1762250909422,815.1999816894531,196.39999771118164
1762250909455,814.1999816894531,195.39999771118164
1762250909489,814.1999816894531,194.39999771118164
1762250909538,813.1999816894531,193.39999771118164
1762250909572,811.1999816894531,192.39999771118164
1762250909588,810.1999816894531,190.39999771118164
1762250909621,808.1999816894531,188.39999771118164
1762250909638,807.1999816894531,188.39999771118164
1762250909655,806.1999816894531,187.39999771118164
1762250909672,805.1999816894531,187.39999771118164
1762250909688,804.1999816894531,186.39999771118164
1762250909705,803.1999816894531,186.39999771118164
1762250909722,802.1999816894531,186.39999771118164
1762250909738,801.1999816894531,186.39999771118164
1762250909755,800.1999816894531,186.39999771118164
1762250909771,799.1999816894531,185.39999771118164
1762250909788,797.1999816894531,185.39999771118164
1762250909805,794.1999816894531,184.39999771118164
1762250909822,793.1999816894531,184.39999771118164
1762250909838,792.1999816894531,184.39999771118164
1762250909855,790.1999816894531,184.39999771118164
1762250909871,790.1999816894531,184.39999771118164
1762250909888,787.1999816894531,184.39999771118164
1762250909905,786.1999816894531,184.39999771118164
1762250909921,784.1999816894531,185.39999771118164
1762250909938,782.1999816894531,185.39999771118164
1762250909955,782.1999816894531,185.39999771118164
1762250909972,779.1999816894531,187.39999771118164
1762250909989,778.1999816894531,187.39999771118164
1762250910005,777.1999816894531,188.39999771118164
1762250910022,775.1999816894531,189.39999771118164
1762250910038,773.1999816894531,190.39999771118164
1762250910055,772.1999816894531,192.39999771118164
1762250910072,771.1999816894531,192.39999771118164
1762250910088,770.1999816894531,194.39999771118164
1762250910105,768.1999816894531,195.39999771118164
1762250910122,767.1999816894531,196.39999771118164
1762250910138,766.1999816894531,198.39999771118164
1762250910155,765.1999816894531,200.39999771118164
1762250910172,764.1999816894531,201.39999771118164
1762250910188,762.1999816894531,203.39999771118164
1762250910205,762.1999816894531,204.39999771118164
1762250910222,760.1999816894531,204.39999771118164
1762250910239,758.1999816894531,206.39999771118164
1762250910255,758.1999816894531,208.39999771118164
1762250910271,756.1999816894531,212.39999771118164
1762250910288,755.1999816894531,212.39999771118164
1762250910305,754.1999816894531,215.39999771118164
1762250910321,753.1999816894531,217.39999771118164
1762250910339,753.1999816894531,220.39999771118164
1762250910355,751.1999816894531,223.39999771118164
1762250910372,750.1999816894531,227.39999771118164
1762250910388,750.1999816894531,231.39999771118164
1762250910405,749.1999816894531,242.39999771118164
1762250910422,747.1999816894531,251.39999771118164
1762250910438,746.1999816894531,260.39999771118164
1762250910455,746.1999816894531,264.39999771118164
1762250910472,746.1999816894531,266.39999771118164
1762250910490,745.1999816894531,269.39999771118164
1762250910505,745.1999816894531,270.39999771118164
1762250910521,745.1999816894531,271.39999771118164
1762250910538,745.1999816894531,272.39999771118164
1762250910554,745.1999816894531,274.39999771118164
1762250910571,745.1999816894531,277.39999771118164
1762250910588,746.1999816894531,281.39999771118164
1762250910605,746.1999816894531,284.39999771118164
1762250910621,748.1999816894531,288.39999771118164
1762250910639,748.1999816894531,289.39999771118164
1762250910655,748.1999816894531,291.39999771118164
1762250910672,748.1999816894531,292.39999771118164
1762250910689,749.1999816894531,292.39999771118164
1762250910705,750.1999816894531,294.39999771118164
1762250910721,750.1999816894531,295.39999771118164
1762250910755,750.1999816894531,295.39999771118164
1762250910771,752.1999816894531,295.39999771118164
1762250910805,754.1999816894531,295.39999771118164
1762250910838,754.1999816894531,295.39999771118164
1762250910855,755.1999816894531,295.39999771118164
1762250910871,756.1999816894531,295.39999771118164
1762250910888,757.1999816894531,295.39999771118164
1762250910905,758.1999816894531,295.39999771118164
1762250910938,759.1999816894531,294.39999771118164
1762250910955,759.1999816894531,293.39999771118164
1762250910972,761.1999816894531,290.39999771118164
1762250910989,762.1999816894531,289.39999771118164
1762250911005,762.1999816894531,288.39999771118164
1762250911021,764.1999816894531,285.39999771118164
1762250911038,764.1999816894531,283.39999771118164
1762250911054,765.1999816894531,280.39999771118164
1762250911071,765.1999816894531,279.39999771118164
1762250911088,766.1999816894531,277.39999771118164
1762250911104,766.1999816894531,276.39999771118164
1762250911121,766.1999816894531,275.39999771118164
1762250911138,767.1999816894531,270.39999771118164
1762250911155,767.1999816894531,264.39999771118164
1762250911172,767.1999816894531,252.39999771118164
1762250911188,766.1999816894531,242.39999771118164
1762250911205,766.1999816894531,240.39999771118164
1762250911222,766.1999816894531,238.39999771118164
1762250911238,766.1999816894531,237.39999771118164
1762250911255,766.1999816894531,236.39999771118164
1762250911272,766.1999816894531,236.39999771118164
1762250911288,766.1999816894531,235.39999771118164
1762250911305,765.1999816894531,233.39999771118164
1762250911321,765.1999816894531,232.39999771118164
1762250911338,764.1999816894531,229.39999771118164
1762250911355,764.1999816894531,228.39999771118164
1762250911371,764.1999816894531,226.39999771118164
1762250911389,764.1999816894531,224.39999771118164
1762250911405,764.1999816894531,223.39999771118164
1762250911422,764.1999816894531,221.39999771118164
1762250911438,764.1999816894531,220.39999771118164
1762250911454,764.1999816894531,216.39999771118164
1762250911471,765.1999816894531,212.39999771118164
1762250911488,766.1999816894531,210.39999771118164
1762250911505,767.1999816894531,208.39999771118164
1762250911521,767.1999816894531,207.39999771118164
1762250911538,767.1999816894531,206.39999771118164
1762250911555,768.1999816894531,204.39999771118164
1762250911571,768.1999816894531,204.39999771118164
1762250911588,769.1999816894531,203.39999771118164
1762250911605,769.1999816894531,202.39999771118164
1762250911621,770.1999816894531,202.39999771118164
1762250911638,770.1999816894531,200.39999771118164
1762250911655,771.1999816894531,200.39999771118164
1762250911671,773.1999816894531,200.39999771118164
1762250911705,774.1999816894531,199.39999771118164
1762250911721,774.1999816894531,199.39999771118164
1762250911755,776.1999816894531,199.39999771118164
1762250911771,777.1999816894531,199.39999771118164
1762250911788,777.1999816894531,200.39999771118164
1762250911804,778.1999816894531,200.39999771118164
1762250911821,778.1999816894531,201.39999771118164
1762250911837,780.1999816894531,203.39999771118164
1762250911854,781.1999816894531,204.39999771118164
1762250911871,781.1999816894531,205.39999771118164
1762250911888,782.1999816894531,208.39999771118164
1762250911904,782.1999816894531,212.39999771118164
1762250911921,782.1999816894531,215.39999771118164
1762250911938,782.1999816894531,218.39999771118164
1762250911955,782.1999816894531,220.39999771118164
1762250911971,782.1999816894531,223.39999771118164
1762250911988,782.1999816894531,225.39999771118164
1762250912005,782.1999816894531,228.39999771118164
1762250912021,782.1999816894531,232.39999771118164
1762250912038,782.1999816894531,235.39999771118164
1762250912055,782.1999816894531,237.39999771118164
1762250912071,782.1999816894531,240.39999771118164
1762250912088,782.1999816894531,242.39999771118164
1762250912104,782.1999816894531,243.39999771118164
1762250912122,782.1999816894531,245.39999771118164
1762250912138,782.1999816894531,248.39999771118164
1762250912154,781.1999816894531,251.39999771118164
1762250912171,781.1999816894531,253.39999771118164
1762250912189,779.1999816894531,260.39999771118164
1762250912205,778.1999816894531,264.39999771118164
1762250912221,778.1999816894531,269.39999771118164
1762250912238,777.1999816894531,274.39999771118164
1762250912255,776.1999816894531,280.39999771118164
1762250912272,776.1999816894531,283.39999771118164
1762250912288,776.1999816894531,284.39999771118164
1762250912304,776.1999816894531,287.39999771118164
1762250912322,776.1999816894531,288.39999771118164
1762250912338,776.1999816894531,289.39999771118164
1762250912355,776.1999816894531,291.39999771118164
1762250912371,776.1999816894531,293.39999771118164
1762250912388,778.1999816894531,299.39999771118164
1762250912404,780.1999816894531,304.39999771118164
1762250912421,782.1999816894531,308.39999771118164
1762250912438,784.1999816894531,311.39999771118164
1762250912454,785.1999816894531,312.39999771118164
1762250912471,787.1999816894531,314.39999771118164
1762250912488,787.1999816894531,315.39999771118164
1762250912505,790.1999816894531,315.39999771118164
1762250912521,790.1999816894531,316.39999771118164
1762250912538,792.1999816894531,316.39999771118164
1762250912554,794.1999816894531,316.39999771118164
1762250912571,796.1999816894531,315.39999771118164
1762250912588,798.1999816894531,312.39999771118164
1762250912605,802.1999816894531,308.39999771118164
1762250912622,804.1999816894531,307.39999771118164
1762250912638,805.1999816894531,306.39999771118164
1762250912654,806.1999816894531,304.39999771118164
1762250912671,806.1999816894531,303.39999771118164
1762250912688,806.1999816894531,302.39999771118164
1762250912705,808.1999816894531,298.39999771118164
1762250912722,808.1999816894531,289.39999771118164
1762250912739,806.1999816894531,260.39999771118164
1762250912755,806.1999816894531,252.39999771118164
1762250912772,804.1999816894531,248.39999771118164
1762250912788,804.1999816894531,248.39999771118164
1762250912805,804.1999816894531,247.39999771118164
1762250912821,803.1999816894531,245.39999771118164
1762250912838,803.1999816894531,240.39999771118164
1762250912854,800.1999816894531,221.39999771118164
1762250912872,798.1999816894531,212.39999771118164
1762250912888,797.1999816894531,209.39999771118164
1762250912905,797.1999816894531,207.39999771118164
1762250912940,796.1999816894531,205.39999771118164
1762250912955,796.1999816894531,204.39999771118164
1762250912971,795.1999816894531,204.39999771118164
1762250912988,795.1999816894531,202.39999771118164
1762250913005,794.1999816894531,197.39999771118164
1762250913021,793.1999816894531,192.39999771118164
1762250913038,791.1999816894531,189.39999771118164
1762250913055,791.1999816894531,188.39999771118164
1762250913071,790.1999816894531,188.39999771118164
1762250913088,790.1999816894531,186.39999771118164
1762250913105,790.1999816894531,185.39999771118164
1762250913121,790.1999816894531,184.39999771118164
1762250913138,790.1999816894531,184.39999771118164
1762250913155,790.1999816894531,183.39999771118164
1762250913188,790.1999816894531,182.39999771118164
1762250913204,791.1999816894531,182.39999771118164
1762250913243,793.1999816894531,182.39999771118164
1762250913271,794.1999816894531,183.39999771118164
1762250913287,795.1999816894531,184.39999771118164
1762250913304,798.1999816894531,185.39999771118164
1762250913321,801.1999816894531,188.39999771118164
1762250913337,802.1999816894531,190.39999771118164
1762250913354,804.1999816894531,192.39999771118164
1762250913371,806.1999816894531,193.39999771118164
1762250913388,806.1999816894531,194.39999771118164
1762250913404,806.1999816894531,196.39999771118164
1762250913421,807.1999816894531,198.39999771118164
1762250913438,808.1999816894531,200.39999771118164
1762250913454,808.1999816894531,200.39999771118164
1762250913471,810.1999816894531,204.39999771118164
1762250913488,810.1999816894531,205.39999771118164
1762250913504,810.1999816894531,208.39999771118164
1762250913521,810.1999816894531,210.39999771118164
1762250913538,810.1999816894531,212.39999771118164
1762250913554,811.1999816894531,215.39999771118164
1762250913571,811.1999816894531,216.39999771118164
1762250913588,811.1999816894531,219.39999771118164
1762250913604,812.1999816894531,220.39999771118164
1762250913621,812.1999816894531,221.39999771118164
1762250913638,813.1999816894531,223.39999771118164
1762250913655,813.1999816894531,225.39999771118164
1762250913671,813.1999816894531,228.39999771118164
1762250913688,814.1999816894531,231.39999771118164
1762250913705,815.1999816894531,233.39999771118164
1762250913721,815.1999816894531,236.39999771118164
1762250913738,816.1999816894531,240.39999771118164
1762250913754,818.1999816894531,244.39999771118164
1762250913771,819.1999816894531,248.39999771118164
1762250913788,820.1999816894531,251.39999771118164
1762250913804,821.1999816894531,255.39999771118164
1762250913821,821.1999816894531,256.39999771118164
1762250913838,822.1999816894531,257.39999771118164
1762250913854,822.1999816894531,258.39999771118164
1762250913871,823.1999816894531,260.39999771118164
1762250913888,823.1999816894531,264.39999771118164
1762250913904,824.1999816894531,266.39999771118164
1762250913922,826.1999816894531,272.39999771118164
1762250913938,826.1999816894531,274.39999771118164
1762250913954,826.1999816894531,277.39999771118164
1762250913972,826.1999816894531,279.39999771118164
1762250913988,826.1999816894531,280.39999771118164
1762250914004,826.1999816894531,284.39999771118164
1762250914021,826.1999816894531,285.39999771118164
1762250914038,826.1999816894531,286.39999771118164
1762250914055,826.1999816894531,289.39999771118164
1762250914071,826.1999816894531,292.39999771118164
1762250914088,826.1999816894531,293.39999771118164
1762250914105,826.1999816894531,295.39999771118164
1762250914121,826.1999816894531,296.39999771118164
1762250914139,826.1999816894531,298.39999771118164
1762250914155,826.1999816894531,299.39999771118164
1762250914171,826.1999816894531,300.39999771118164
1762250914188,825.1999816894531,302.39999771118164
1762250914205,825.1999816894531,304.39999771118164
1762250914221,825.1999816894531,305.39999771118164
1762250914238,824.1999816894531,306.39999771118164
1762250914271,823.1999816894531,308.39999771118164
1762250914288,823.1999816894531,308.39999771118164
1762250914321,822.1999816894531,309.39999771118164
1762250914338,822.1999816894531,309.39999771118164
1762250914355,822.1999816894531,310.39999771118164
1762250914372,821.1999816894531,310.39999771118164
1762250914409,820.1999816894531,310.39999771118164
1762250914421,819.1999816894531,311.39999771118164
1762250914438,818.1999816894531,312.39999771118164
1762250914454,817.1999816894531,312.39999771118164
1762250914489,816.1999816894531,312.39999771118164
1762250914505,815.1999816894531,312.39999771118164
1762250914521,814.1999816894531,312.39999771118164
1762250914538,814.1999816894531,312.39999771118164
1762250914572,811.1999816894531,312.39999771118164
1762250914588,810.1999816894531,312.39999771118164
1762250914604,810.1999816894531,312.39999771118164
1762250914638,809.1999816894531,312.39999771118164
1762250914655,807.1999816894531,312.39999771118164
1762250914688,806.1999816894531,312.39999771118164
1762250914705,806.1999816894531,311.39999771118164
1762250914722,805.1999816894531,311.39999771118164
1762250914738,803.1999816894531,308.39999771118164
1762250914754,802.1999816894531,308.39999771118164
1762250914771,802.1999816894531,306.39999771118164
1762250914789,802.1999816894531,304.39999771118164
1762250914805,801.1999816894531,303.39999771118164
1762250914821,799.1999816894531,299.39999771118164
1762250914838,798.1999816894531,298.39999771118164
1762250914855,798.1999816894531,296.39999771118164
1762250914871,798.1999816894531,293.39999771118164
1762250914905,797.1999816894531,292.39999771118164
1762250914921,797.1999816894531,291.39999771118164
1762250914938,796.1999816894531,290.39999771118164
1762250914954,796.1999816894531,289.39999771118164
1762250914988,795.1999816894531,288.39999771118164
1762250915005,794.1999816894531,288.39999771118164
1762250915021,794.1999816894531,288.39999771118164
1762250915055,793.1999816894531,288.39999771118164
1762250915072,792.1999816894531,288.39999771118164
1762250915088,791.1999816894531,288.39999771118164
1762250915104,790.1999816894531,288.39999771118164
1762250915121,790.1999816894531,288.39999771118164
1762250915138,789.1999816894531,288.39999771118164
1762250915155,788.1999816894531,288.39999771118164
1762250915171,786.1999816894531,290.39999771118164
1762250915188,785.1999816894531,291.39999771118164
1762250915205,784.1999816894531,292.39999771118164
1762250915221,782.1999816894531,293.39999771118164
1762250915238,782.1999816894531,294.39999771118164
1762250915255,781.1999816894531,296.39999771118164
1762250915272,779.1999816894531,296.39999771118164
1762250915287,778.1999816894531,297.39999771118164
1762250915304,778.1999816894531,298.39999771118164
1762250915321,777.1999816894531,300.39999771118164
1762250915337,776.1999816894531,301.39999771118164
1762250915355,774.1999816894531,303.39999771118164
1762250915371,774.1999816894531,305.39999771118164
1762250915388,771.1999816894531,308.39999771118164
1762250915404,771.1999816894531,310.39999771118164
1762250915421,770.1999816894531,312.39999771118164
1762250915455,769.1999816894531,313.39999771118164
1762250915471,768.1999816894531,314.39999771118164
1762250915488,767.1999816894531,315.39999771118164
1762250915505,766.1999816894531,316.39999771118164
1762250915538,765.1999816894531,316.39999771118164
1762250915554,764.1999816894531,317.39999771118164
1762250915571,763.1999816894531,318.39999771118164
1762250915588,762.1999816894531,318.39999771118164
1762250915605,762.1999816894531,318.39999771118164
1762250915621,761.1999816894531,318.39999771118164
1762250915638,760.1999816894531,318.39999771118164
1762250915654,758.1999816894531,318.39999771118164
1762250915671,758.1999816894531,318.39999771118164
1762250915688,755.1999816894531,317.39999771118164
1762250915704,754.1999816894531,316.39999771118164
1762250915721,754.1999816894531,316.39999771118164
1762250915738,753.1999816894531,316.39999771118164
1762250915754,753.1999816894531,315.39999771118164
1762250915771,751.1999816894531,312.39999771118164
1762250915788,750.1999816894531,307.39999771118164
1762250915804,749.1999816894531,303.39999771118164
1762250915821,749.1999816894531,297.39999771118164
1762250915838,748.1999816894531,296.39999771118164
1762250915854,748.1999816894531,293.39999771118164
1762250915871,747.1999816894531,292.39999771118164
1762250915888,746.1999816894531,291.39999771118164
1762250915904,746.1999816894531,290.39999771118164
1762250915921,746.1999816894531,284.39999771118164
1762250915938,746.1999816894531,281.39999771118164
1762250915954,746.1999816894531,276.39999771118164
1762250915971,746.1999816894531,275.39999771118164
1762250915988,746.1999816894531,273.39999771118164
1762250916004,746.1999816894531,272.39999771118164
1762250916021,746.1999816894531,270.39999771118164
1762250916038,746.1999816894531,266.39999771118164
1762250916055,747.1999816894531,260.39999771118164
1762250916071,747.1999816894531,257.39999771118164
1762250916088,747.1999816894531,254.39999771118164
1762250916104,747.1999816894531,253.39999771118164
1762250916121,747.1999816894531,252.39999771118164
1762250916138,747.1999816894531,251.39999771118164
1762250916154,747.1999816894531,250.39999771118164
1762250916188,747.1999816894531,248.39999771118164
1762250916222,747.1999816894531,248.39999771118164
1762250916255,748.1999816894531,245.39999771118164
1762250916271,748.1999816894531,242.39999771118164
1762250916288,749.1999816894531,233.39999771118164
1762250916304,749.1999816894531,228.39999771118164
1762250916321,749.1999816894531,225.39999771118164
1762250916338,749.1999816894531,224.39999771118164
1762250916354,749.1999816894531,223.39999771118164
1762250916371,749.1999816894531,222.39999771118164
1762250916388,750.1999816894531,221.39999771118164
1762250916404,750.1999816894531,220.39999771118164
1762250916421,750.1999816894531,220.39999771118164
1762250916455,750.1999816894531,218.39999771118164
1762250916471,751.1999816894531,217.39999771118164
1762250916488,752.1999816894531,217.39999771118164
1762250916505,753.1999816894531,217.39999771118164
1762250916521,754.1999816894531,216.39999771118164
1762250916538,755.1999816894531,216.39999771118164
1762250916554,756.1999816894531,216.39999771118164
1762250916571,758.1999816894531,216.39999771118164
1762250916588,760.1999816894531,216.39999771118164
1762250916604,762.1999816894531,216.39999771118164
1762250916621,763.1999816894531,216.39999771118164
1762250916637,764.1999816894531,216.39999771118164
1762250916654,766.1999816894531,216.39999771118164
1762250916671,766.1999816894531,217.39999771118164
1762250916688,768.1999816894531,220.39999771118164
1762250916704,770.1999816894531,230.39999771118164
1762250916722,771.1999816894531,236.39999771118164
1762250916738,772.1999816894531,243.39999771118164
1762250916754,772.1999816894531,245.39999771118164
1762250916771,772.1999816894531,247.39999771118164
1762250916788,771.1999816894531,251.39999771118164
1762250916805,771.1999816894531,254.39999771118164
1762250916821,770.1999816894531,259.39999771118164
1762250916838,769.1999816894531,264.39999771118164
1762250916855,769.1999816894531,267.39999771118164
1762250916871,768.1999816894531,270.39999771118164
1762250916888,768.1999816894531,272.39999771118164
1762250916905,767.1999816894531,272.39999771118164
1762250916921,767.1999816894531,275.39999771118164
1762250916938,766.1999816894531,276.39999771118164
1762250916954,766.1999816894531,279.39999771118164
1762250916971,766.1999816894531,284.39999771118164
1762250916988,766.1999816894531,288.39999771118164
1762250917005,765.1999816894531,295.39999771118164
1762250917021,765.1999816894531,298.39999771118164
1762250917038,764.1999816894531,301.39999771118164
1762250917054,763.1999816894531,305.39999771118164
1762250917071,763.1999816894531,308.39999771118164
1762250917088,763.1999816894531,311.39999771118164
1762250917104,763.1999816894531,316.39999771118164
1762250917121,763.1999816894531,323.39999771118164
1762250917138,763.1999816894531,328.39999771118164
1762250917154,762.1999816894531,330.39999771118164
1762250917171,762.1999816894531,331.39999771118164
1762250917187,762.1999816894531,333.39999771118164
1762250917221,762.1999816894531,335.39999771118164
1762250917255,762.1999816894531,336.39999771118164
1762250917271,762.1999816894531,337.39999771118164
1762250917287,762.1999816894531,338.39999771118164
1762250917304,762.1999816894531,340.39999771118164
1762250917321,762.1999816894531,342.39999771118164
1762250917338,761.1999816894531,344.39999771118164
1762250917354,761.1999816894531,346.39999771118164
1762250917371,760.1999816894531,348.39999771118164
1762250917387,760.1999816894531,350.39999771118164
1762250917404,759.1999816894531,352.39999771118164
1762250917421,758.1999816894531,354.39999771118164
1762250917438,758.1999816894531,356.39999771118164
1762250917454,758.1999816894531,356.39999771118164
1762250917471,757.1999816894531,357.39999771118164
1762250917488,757.1999816894531,358.39999771118164
1762250917504,757.1999816894531,359.39999771118164
1762250917521,756.1999816894531,360.39999771118164
1762250917555,755.1999816894531,360.39999771118164
1762250917588,755.1999816894531,361.39999771118164
1762250917605,754.1999816894531,361.39999771118164
1762250917621,753.1999816894531,361.39999771118164
1762250917638,752.1999816894531,361.39999771118164
1762250917655,751.1999816894531,361.39999771118164
1762250917671,749.1999816894531,360.39999771118164
1762250917688,749.1999816894531,360.39999771118164
1762250917704,747.1999816894531,359.39999771118164
1762250917721,746.1999816894531,356.39999771118164
1762250917738,745.1999816894531,356.39999771118164
1762250917755,745.1999816894531,354.39999771118164
1762250917771,743.1999816894531,353.39999771118164
1762250917787,743.1999816894531,352.39999771118164
1762250917804,743.1999816894531,351.39999771118164
1762250917821,742.1999816894531,349.39999771118164
1762250917838,742.1999816894531,348.39999771118164
1762250917855,742.1999816894531,347.39999771118164
1762250917871,742.1999816894531,346.39999771118164
1762250917888,742.1999816894531,344.39999771118164
1762250917905,742.1999816894531,344.39999771118164
1762250917921,742.1999816894531,342.39999771118164
1762250917938,742.1999816894531,341.39999771118164
1762250917954,742.1999816894531,340.39999771118164
1762250917971,742.1999816894531,340.39999771118164
1762250917988,742.1999816894531,337.39999771118164
1762250918004,742.1999816894531,336.39999771118164
1762250918021,742.1999816894531,333.39999771118164
1762250918055,742.1999816894531,332.39999771118164
1762250918071,743.1999816894531,331.39999771118164
1762250918088,743.1999816894531,330.39999771118164
1762250918104,744.1999816894531,328.39999771118164
1762250918121,744.1999816894531,326.39999771118164
1762250918138,744.1999816894531,324.39999771118164
1762250918155,744.1999816894531,324.39999771118164
1762250918171,744.1999816894531,323.39999771118164
1762250918187,744.1999816894531,320.39999771118164
1762250918204,744.1999816894531,319.39999771118164
1762250918221,745.1999816894531,317.39999771118164
1762250918237,746.1999816894531,312.39999771118164
1762250918254,747.1999816894531,311.39999771118164
1762250918272,747.1999816894531,308.39999771118164
1762250918287,747.1999816894531,308.39999771118164
1762250918304,747.1999816894531,307.39999771118164
1762250918320,747.1999816894531,305.39999771118164
1762250918355,747.1999816894531,304.39999771118164
1762250918388,747.1999816894531,304.39999771118164
1762250918471,748.1999816894531,304.39999771118164
1762250918488,750.1999816894531,306.39999771118164
1762250918505,754.1999816894531,312.39999771118164
1762250918521,759.1999816894531,320.39999771118164
1762250918538,766.1999816894531,332.39999771118164
1762250918554,767.1999816894531,334.39999771118164
1762250918570,768.1999816894531,336.39999771118164
1762250918587,770.1999816894531,337.39999771118164
1762250918604,770.1999816894531,339.39999771118164
1762250918621,772.1999816894531,341.39999771118164
1762250918637,774.1999816894531,342.39999771118164
1762250918655,774.1999816894531,344.39999771118164
1762250918670,777.1999816894531,345.39999771118164
1762250918687,778.1999816894531,346.39999771118164
1762250918704,779.1999816894531,347.39999771118164
1762250918721,781.1999816894531,347.39999771118164
1762250918738,784.1999816894531,347.39999771118164
1762250918754,786.1999816894531,347.39999771118164
1762250918770,790.1999816894531,347.39999771118164
1762250918787,794.1999816894531,346.39999771118164
1762250918804,798.1999816894531,344.39999771118164
1762250918821,801.1999816894531,343.39999771118164
1762250918837,804.1999816894531,342.39999771118164
1762250918854,806.1999816894531,340.39999771118164
1762250918871,807.1999816894531,340.39999771118164
1762250918888,809.1999816894531,337.39999771118164
1762250918921,810.1999816894531,336.39999771118164
1762250918938,810.1999816894531,336.39999771118164
1762250918954,811.1999816894531,336.39999771118164
1762250918988,812.1999816894531,335.39999771118164
1762250919006,813.1999816894531,334.39999771118164
1762250919119,813.1999816894531,335.39999771118164
1762250919138,814.1999816894531,336.39999771118164
1762250919154,814.1999816894531,340.39999771118164
1762250919171,814.1999816894531,343.39999771118164
1762250919187,815.1999816894531,348.39999771118164
1762250919204,815.1999816894531,348.39999771118164
1762250919221,815.1999816894531,349.39999771118164
1762250919237,815.1999816894531,351.39999771118164
1762250919271,815.1999816894531,352.39999771118164
1762250919287,816.1999816894531,352.39999771118164
1762250919304,816.1999816894531,353.39999771118164
1762250919320,816.1999816894531,354.39999771118164
1762250919355,817.1999816894531,354.39999771118164
1762250919370,817.1999816894531,355.39999771118164
1762250919405,817.1999816894531,356.39999771118164
1762250919421,818.1999816894531,356.39999771118164
1762250919437,818.1999816894531,358.39999771118164
1762250919454,818.1999816894531,359.39999771118164
1762250919470,818.1999816894531,360.39999771118164
1762250919487,818.1999816894531,361.39999771118164
1762250919504,818.1999816894531,362.39999771118164
1762250919521,818.1999816894531,363.39999771118164
1762250919554,818.1999816894531,364.39999771118164
1762250919587,818.1999816894531,364.39999771118164
1762250919604,819.1999816894531,364.39999771118164
1762250919699,819.1999816894531,364.39999771118164
1762250919738,820.1999816894531,361.39999771118164
1762250919755,820.1999816894531,360.39999771118164
1762250919771,820.1999816894531,360.39999771118164
1762250919787,820.1999816894531,358.39999771118164
1762250919804,820.1999816894531,357.39999771118164
1762250919821,821.1999816894531,356.39999771118164
1762250919837,821.1999816894531,355.39999771118164
1762250919854,821.1999816894531,353.39999771118164
1762250919871,821.1999816894531,352.39999771118164
1762250919887,821.1999816894531,350.39999771118164
1762250919904,821.1999816894531,348.39999771118164
1762250919938,821.1999816894531,347.39999771118164
1762250919954,821.1999816894531,346.39999771118164
1762250919971,821.1999816894531,345.39999771118164
1762250919987,821.1999816894531,344.39999771118164
1762250920004,821.1999816894531,344.39999771118164
1762250920020,821.1999816894531,343.39999771118164
1762250920037,820.1999816894531,342.39999771118164
1762250920054,820.1999816894531,341.39999771118164
1762250920071,816.1999816894531,328.39999771118164
1762250920087,810.1999816894531,313.39999771118164
1762250920104,807.1999816894531,304.39999771118164
1762250920120,806.1999816894531,302.39999771118164
1762250920137,806.1999816894531,301.39999771118164
1762250920154,806.1999816894531,300.39999771118164
1762250920170,805.1999816894531,299.39999771118164
1762250920204,804.1999816894531,295.39999771118164
1762250920221,803.1999816894531,292.39999771118164
1762250920237,803.1999816894531,288.39999771118164
1762250920254,803.1999816894531,288.39999771118164
1762250920270,803.1999816894531,287.39999771118164
1762250920287,803.1999816894531,285.39999771118164
1762250920304,803.1999816894531,284.39999771118164
1762250920320,802.1999816894531,281.39999771118164
1762250920337,802.1999816894531,276.39999771118164
1762250920354,802.1999816894531,274.39999771118164
1762250920370,802.1999816894531,271.39999771118164
1762250920387,801.1999816894531,269.39999771118164
1762250920421,801.1999816894531,267.39999771118164
1762250920455,800.1999816894531,265.39999771118164
1762250920471,800.1999816894531,264.39999771118164
1762250920506,800.1999816894531,264.39999771118164
1762250920554,800.1999816894531,263.39999771118164
1762250920619,800.1999816894531,264.39999771118164
1762250920655,800.1999816894531,264.39999771118164
1762250920671,800.1999816894531,265.39999771118164
1762250920689,800.1999816894531,268.39999771118164
1762250920705,799.1999816894531,270.39999771118164
1762250920720,799.1999816894531,275.39999771118164
1762250920737,798.1999816894531,279.39999771118164
1762250920754,798.1999816894531,283.39999771118164
1762250920770,797.1999816894531,287.39999771118164
1762250920787,797.1999816894531,288.39999771118164
1762250920804,797.1999816894531,291.39999771118164
1762250920820,797.1999816894531,294.39999771118164
1762250920837,797.1999816894531,299.39999771118164
1762250920854,797.1999816894531,308.39999771118164
1762250920870,797.1999816894531,311.39999771118164
1762250920887,797.1999816894531,313.39999771118164
1762250920904,797.1999816894531,316.39999771118164
1762250920920,797.1999816894531,317.39999771118164
1762250920938,797.1999816894531,320.39999771118164
1762250920954,797.1999816894531,323.39999771118164
1762250920971,797.1999816894531,325.39999771118164
1762250920987,797.1999816894531,328.39999771118164
1762250921004,797.1999816894531,329.39999771118164
1762250921022,797.1999816894531,331.39999771118164
1762250921037,797.1999816894531,332.39999771118164
1762250921055,797.1999816894531,334.39999771118164
1762250921071,797.1999816894531,336.39999771118164
1762250921087,797.1999816894531,339.39999771118164
1762250921104,797.1999816894531,340.39999771118164
1762250921121,797.1999816894531,342.39999771118164
1762250921137,797.1999816894531,343.39999771118164
1762250921154,797.1999816894531,344.39999771118164
1762250921170,797.1999816894531,344.39999771118164
1762250921187,797.1999816894531,345.39999771118164
1762250921204,797.1999816894531,346.39999771118164
1762250921238,798.1999816894531,346.39999771118164
1762250921254,798.1999816894531,346.39999771118164
1762250921288,799.1999816894531,346.39999771118164
1762250921338,799.1999816894531,344.39999771118164
1762250921355,799.1999816894531,342.39999771118164
1762250921372,799.1999816894531,334.39999771118164
1762250921388,799.1999816894531,317.39999771118164
1762250921404,799.1999816894531,309.39999771118164
1762250921420,798.1999816894531,305.39999771118164
1762250921437,798.1999816894531,304.39999771118164
1762250921471,798.1999816894531,300.39999771118164
1762250921487,796.1999816894531,291.39999771118164
1762250921504,794.1999816894531,268.39999771118164
1762250921521,790.1999816894531,257.39999771118164
1762250921537,790.1999816894531,254.39999771118164
1762250921554,789.1999816894531,252.39999771118164
1762250921570,789.1999816894531,251.39999771118164
1762250921587,788.1999816894531,249.39999771118164
1762250921604,787.1999816894531,249.39999771118164
1762250921638,787.1999816894531,247.39999771118164
1762250921654,786.1999816894531,244.39999771118164
1762250921671,784.1999816894531,237.39999771118164
1762250921688,782.1999816894531,230.39999771118164
1762250921704,780.1999816894531,224.39999771118164
1762250921720,779.1999816894531,221.39999771118164
1762250921737,778.1999816894531,218.39999771118164
1762250921754,778.1999816894531,218.39999771118164
1762250921770,778.1999816894531,216.39999771118164
1762250921804,778.1999816894531,215.39999771118164
1762250921821,777.1999816894531,214.39999771118164
1762250921837,776.1999816894531,213.39999771118164
1762250921854,776.1999816894531,212.39999771118164
1762250921870,776.1999816894531,211.39999771118164
1762250921887,776.1999816894531,210.39999771118164
1762250921904,776.1999816894531,208.39999771118164
1762250921920,776.1999816894531,208.39999771118164
1762250921937,776.1999816894531,204.39999771118164
1762250921954,776.1999816894531,200.39999771118164
1762250921970,776.1999816894531,197.39999771118164
1762250921987,776.1999816894531,196.39999771118164
1762250922004,776.1999816894531,195.39999771118164
1762250922020,776.1999816894531,193.39999771118164
1762250922037,776.1999816894531,192.39999771118164
1762250922071,776.1999816894531,192.39999771118164
1762250922178,776.1999816894531,192.39999771118164
1762250922191,776.1999816894531,193.39999771118164
1762250922204,776.1999816894531,194.39999771118164
1762250922221,776.1999816894531,196.39999771118164
1762250922238,776.1999816894531,199.39999771118164
1762250922254,777.1999816894531,203.39999771118164
1762250922271,779.1999816894531,213.39999771118164
1762250922288,784.1999816894531,236.39999771118164
1762250922304,785.1999816894531,241.39999771118164
1762250922321,786.1999816894531,247.39999771118164
1762250922338,786.1999816894531,251.39999771118164
1762250922354,787.1999816894531,256.39999771118164
1762250922371,787.1999816894531,260.39999771118164
1762250922388,788.1999816894531,264.39999771118164
1762250922404,789.1999816894531,269.39999771118164
1762250922421,789.1999816894531,272.39999771118164
1762250922438,789.1999816894531,274.39999771118164
1762250922479,789.1999816894531,276.39999771118164
1762250922491,790.1999816894531,276.39999771118164
1762250922507,790.1999816894531,277.39999771118164
1762250922520,790.1999816894531,278.39999771118164
1762250922537,791.1999816894531,280.39999771118164
1762250922553,792.1999816894531,281.39999771118164
1762250922570,793.1999816894531,282.39999771118164
1762250922587,794.1999816894531,284.39999771118164
1762250922604,794.1999816894531,284.39999771118164
1762250922620,794.1999816894531,285.39999771118164
1762250922677,794.1999816894531,288.39999771118164
1762250922690,796.1999816894531,291.39999771118164
1762250922704,796.1999816894531,292.39999771118164
1762250922720,796.1999816894531,293.39999771118164
1762250922737,797.1999816894531,293.39999771118164
1762250922824,797.1999816894531,292.39999771118164
1762250922838,797.1999816894531,289.39999771118164
1762250922854,797.1999816894531,279.39999771118164
1762250922871,795.1999816894531,267.39999771118164
1762250922887,794.1999816894531,260.39999771118164
1762250922903,794.1999816894531,256.39999771118164
1762250922921,793.1999816894531,253.39999771118164
1762250922937,793.1999816894531,247.39999771118164
1762250922955,793.1999816894531,238.39999771118164
1762250922971,793.1999816894531,232.39999771118164
1762250922987,793.1999816894531,228.39999771118164
1762250923004,793.1999816894531,225.39999771118164
1762250923020,793.1999816894531,224.39999771118164
1762250923055,793.1999816894531,224.39999771118164
1762250923070,793.1999816894531,223.39999771118164
1762250923105,792.1999816894531,222.39999771118164
1762250923120,791.1999816894531,220.39999771118164
1762250923139,790.1999816894531,213.39999771118164
1762250923155,788.1999816894531,204.39999771118164
1762250923171,787.1999816894531,197.39999771118164
1762250923188,786.1999816894531,195.39999771118164
1762250923203,786.1999816894531,193.39999771118164
1762250923237,786.1999816894531,192.39999771118164
1762250923287,786.1999816894531,191.39999771118164
1762250923373,786.1999816894531,192.39999771118164
1762250923387,787.1999816894531,192.39999771118164
1762250923404,789.1999816894531,196.39999771118164
1762250923421,791.1999816894531,197.39999771118164
1762250923438,794.1999816894531,202.39999771118164
1762250923454,796.1999816894531,203.39999771118164
1762250923471,797.1999816894531,204.39999771118164
1762250923487,798.1999816894531,206.39999771118164
1762250923504,798.1999816894531,207.39999771118164
1762250923521,798.1999816894531,208.39999771118164
1762250923537,800.1999816894531,210.39999771118164
1762250923554,802.1999816894531,212.39999771118164
1762250923571,804.1999816894531,216.39999771118164
1762250923587,806.1999816894531,221.39999771118164
1762250923604,806.1999816894531,223.39999771118164
1762250923621,807.1999816894531,226.39999771118164
1762250923637,808.1999816894531,227.39999771118164
1762250923655,808.1999816894531,228.39999771118164
1762250923671,810.1999816894531,230.39999771118164
1762250923688,810.1999816894531,234.39999771118164
1762250923705,811.1999816894531,237.39999771118164
1762250923721,813.1999816894531,244.39999771118164
1762250923737,813.1999816894531,248.39999771118164
1762250923754,813.1999816894531,252.39999771118164
1762250923771,813.1999816894531,255.39999771118164
1762250923788,813.1999816894531,258.39999771118164
1762250923805,813.1999816894531,265.39999771118164
1762250923820,813.1999816894531,271.39999771118164
1762250923839,813.1999816894531,277.39999771118164
1762250923854,813.1999816894531,280.39999771118164
1762250923871,813.1999816894531,282.39999771118164
1762250923888,813.1999816894531,284.39999771118164
1762250923904,813.1999816894531,284.39999771118164
1762250923921,813.1999816894531,285.39999771118164
1762250923937,813.1999816894531,287.39999771118164
1762250923954,813.1999816894531,288.39999771118164
1762250923970,813.1999816894531,288.39999771118164
1762250924012,812.1999816894531,288.39999771118164
1762250924061,811.1999816894531,285.39999771118164
1762250924071,811.1999816894531,283.39999771118164
1762250924090,811.1999816894531,279.39999771118164
1762250924104,810.1999816894531,274.39999771118164
1762250924120,810.1999816894531,270.39999771118164
1762250924137,809.1999816894531,265.39999771118164
1762250924156,809.1999816894531,262.39999771118164
1762250924172,808.1999816894531,259.39999771118164
1762250924187,808.1999816894531,256.39999771118164
1762250924204,807.1999816894531,253.39999771118164
1762250924220,807.1999816894531,252.39999771118164
1762250924237,807.1999816894531,250.39999771118164
1762250924254,807.1999816894531,249.39999771118164
1762250924290,807.1999816894531,247.39999771118164
1762250924320,806.1999816894531,245.39999771118164
1762250924337,806.1999816894531,241.39999771118164
1762250924353,804.1999816894531,236.39999771118164
1762250924371,802.1999816894531,228.39999771118164
1762250924387,801.1999816894531,224.39999771118164
1762250924404,800.1999816894531,220.39999771118164
1762250924420,799.1999816894531,219.39999771118164
1762250924437,799.1999816894531,218.39999771118164
1762250924454,799.1999816894531,216.39999771118164
1762250924470,798.1999816894531,215.39999771118164
1762250924487,798.1999816894531,215.39999771118164
1762250924503,798.1999816894531,214.39999771118164
1762250924520,798.1999816894531,213.39999771118164
1762250924537,798.1999816894531,210.39999771118164
1762250924554,798.1999816894531,205.39999771118164
1762250924570,796.1999816894531,195.39999771118164
1762250924587,796.1999816894531,192.39999771118164
1762250924604,795.1999816894531,189.39999771118164
1762250924620,794.1999816894531,188.39999771118164
1762250924637,794.1999816894531,187.39999771118164
1762250924653,794.1999816894531,186.39999771118164
1762250924670,794.1999816894531,185.39999771118164
1762250924704,794.1999816894531,184.39999771118164
1762250924737,794.1999816894531,184.39999771118164
1762250924795,794.1999816894531,184.39999771118164
1762250924821,796.1999816894531,186.39999771118164
1762250924837,798.1999816894531,189.39999771118164
1762250924854,800.1999816894531,192.39999771118164
1762250924870,802.1999816894531,196.39999771118164
1762250924887,803.1999816894531,199.39999771118164
1762250924903,804.1999816894531,200.39999771118164
1762250924920,806.1999816894531,200.39999771118164
1762250924937,806.1999816894531,202.39999771118164
1762250924954,806.1999816894531,203.39999771118164
1762250924970,807.1999816894531,205.39999771118164
1762250924987,808.1999816894531,207.39999771118164
1762250925003,809.1999816894531,208.39999771118164
1762250925020,810.1999816894531,210.39999771118164
1762250925037,810.1999816894531,211.39999771118164
1762250925053,811.1999816894531,212.39999771118164
1762250925070,811.1999816894531,213.39999771118164
1762250925087,812.1999816894531,215.39999771118164
1762250925103,813.1999816894531,218.39999771118164
1762250925120,814.1999816894531,220.39999771118164
1762250925137,815.1999816894531,222.39999771118164
1762250925154,815.1999816894531,224.39999771118164
1762250925170,816.1999816894531,225.39999771118164
1762250925187,817.1999816894531,227.39999771118164
1762250925204,818.1999816894531,228.39999771118164
1762250925221,819.1999816894531,232.39999771118164
1762250925237,821.1999816894531,236.39999771118164
1762250925254,822.1999816894531,238.39999771118164
1762250925270,822.1999816894531,239.39999771118164
1762250925287,823.1999816894531,241.39999771118164
1762250925304,823.1999816894531,243.39999771118164
1762250925320,825.1999816894531,244.39999771118164
1762250925337,827.1999816894531,247.39999771118164
1762250925354,829.1999816894531,249.39999771118164
1762250925370,830.1999816894531,252.39999771118164
1762250925387,832.1999816894531,253.39999771118164
1762250925403,832.1999816894531,254.39999771118164
1762250925420,834.1999816894531,256.39999771118164
1762250925437,834.1999816894531,256.39999771118164
1762250925454,836.1999816894531,260.39999771118164
1762250925471,837.1999816894531,262.39999771118164
1762250925487,838.1999816894531,266.39999771118164
1762250925504,838.1999816894531,268.39999771118164
1762250925520,838.1999816894531,272.39999771118164
1762250925537,838.1999816894531,276.39999771118164
1762250925554,836.1999816894531,284.39999771118164
1762250925570,835.1999816894531,289.39999771118164
1762250925587,834.1999816894531,294.39999771118164
1762250925603,832.1999816894531,296.39999771118164
1762250925620,831.1999816894531,299.39999771118164
1762250925637,830.1999816894531,301.39999771118164
1762250925654,830.1999816894531,303.39999771118164
1762250925670,828.1999816894531,305.39999771118164
1762250925687,826.1999816894531,307.39999771118164
1762250925704,826.1999816894531,310.39999771118164
1762250925720,825.1999816894531,312.39999771118164
1762250925737,823.1999816894531,313.39999771118164
1762250925753,823.1999816894531,315.39999771118164
1762250925770,822.1999816894531,317.39999771118164
1762250925787,820.1999816894531,319.39999771118164
1762250925803,818.1999816894531,321.39999771118164
1762250925821,818.1999816894531,322.39999771118164
1762250925837,818.1999816894531,323.39999771118164
1762250925854,817.1999816894531,324.39999771118164
1762250925871,816.1999816894531,324.39999771118164
1762250925904,815.1999816894531,326.39999771118164
1762250925938,814.1999816894531,326.39999771118164
1762250925954,814.1999816894531,327.39999771118164
1762250925971,814.1999816894531,328.39999771118164
1762250925987,814.1999816894531,328.39999771118164
1762250926021,813.1999816894531,328.39999771118164
1762250926037,812.1999816894531,328.39999771118164
1762250926053,812.1999816894531,327.39999771118164
1762250926070,811.1999816894531,324.39999771118164
1762250926087,810.1999816894531,321.39999771118164
1762250926104,808.1999816894531,315.39999771118164
1762250926120,806.1999816894531,310.39999771118164
1762250926137,806.1999816894531,307.39999771118164
1762250926153,804.1999816894531,302.39999771118164
1762250926170,803.1999816894531,300.39999771118164
1762250926189,802.1999816894531,299.39999771118164
1762250926205,802.1999816894531,296.39999771118164
1762250926226,802.1999816894531,292.39999771118164
1762250926239,802.1999816894531,291.39999771118164
1762250926257,802.1999816894531,290.39999771118164
1762250926283,802.1999816894531,288.39999771118164
1762250926294,802.1999816894531,286.39999771118164
1762250926305,802.1999816894531,284.39999771118164
1762250926320,802.1999816894531,284.39999771118164
1762250926337,802.1999816894531,282.39999771118164
1762250926354,803.1999816894531,281.39999771118164
1762250926370,803.1999816894531,279.39999771118164
1762250926387,803.1999816894531,278.39999771118164
1762250926404,803.1999816894531,277.39999771118164
1762250926420,804.1999816894531,276.39999771118164
1762250926437,804.1999816894531,274.39999771118164
1762250926453,805.1999816894531,268.39999771118164
1762250926470,805.1999816894531,268.39999771118164
1762250926487,805.1999816894531,264.39999771118164
1762250926504,805.1999816894531,264.39999771118164
1762250926521,805.1999816894531,262.39999771118164
1762250926537,805.1999816894531,260.39999771118164
1762250926554,805.1999816894531,260.39999771118164
1762250926587,805.1999816894531,259.39999771118164
1762250926621,805.1999816894531,258.39999771118164
1762250926704,805.1999816894531,259.39999771118164
1762250926720,805.1999816894531,260.39999771118164
1762250926737,805.1999816894531,260.39999771118164
1762250926754,805.1999816894531,261.39999771118164
1762250926770,805.1999816894531,264.39999771118164
1762250926787,805.1999816894531,266.39999771118164
1762250926804,805.1999816894531,271.39999771118164
1762250926820,804.1999816894531,273.39999771118164
1762250926837,804.1999816894531,275.39999771118164
1762250926853,803.1999816894531,276.39999771118164
1762250926870,803.1999816894531,278.39999771118164
1762250926887,803.1999816894531,280.39999771118164
1762250926903,802.1999816894531,283.39999771118164
1762250926920,801.1999816894531,284.39999771118164
1762250926937,800.1999816894531,286.39999771118164
1762250926953,800.1999816894531,288.39999771118164
1762250926970,798.1999816894531,291.39999771118164
1762250926987,798.1999816894531,292.39999771118164
1762250927004,795.1999816894531,298.39999771118164
1762250927020,794.1999816894531,305.39999771118164
1762250927037,794.1999816894531,309.39999771118164
1762250927054,792.1999816894531,312.39999771118164
1762250927070,791.1999816894531,316.39999771118164
1762250927087,791.1999816894531,316.39999771118164
1762250927103,791.1999816894531,318.39999771118164
1762250927120,791.1999816894531,319.39999771118164
1762250927137,790.1999816894531,320.39999771118164
1762250927153,790.1999816894531,321.39999771118164
1762250927187,790.1999816894531,322.39999771118164
1762250927204,789.1999816894531,323.39999771118164
1762250927220,789.1999816894531,324.39999771118164
1762250927254,789.1999816894531,324.39999771118164
1762250927287,789.1999816894531,325.39999771118164
1762250927370,789.1999816894531,324.39999771118164
1762250927404,788.1999816894531,322.39999771118164
1762250927421,786.1999816894531,314.39999771118164
1762250927438,782.1999816894531,301.39999771118164
1762250927455,780.1999816894531,295.39999771118164
1762250927471,778.1999816894531,290.39999771118164
1762250927487,778.1999816894531,288.39999771118164
1762250927503,777.1999816894531,287.39999771118164
1762250927520,777.1999816894531,285.39999771118164
1762250927538,774.1999816894531,279.39999771118164
1762250927554,764.1999816894531,244.39999771118164
1762250927571,762.1999816894531,233.39999771118164
1762250927587,760.1999816894531,231.39999771118164
1762250927603,759.1999816894531,230.39999771118164
1762250927620,759.1999816894531,229.39999771118164
1762250927637,759.1999816894531,228.39999771118164
1762250927670,759.1999816894531,228.39999771118164
1762250928014,759.1999816894531,229.39999771118164
1762250928028,759.1999816894531,231.39999771118164
1762250928043,759.1999816894531,237.39999771118164
1762250928056,759.1999816894531,240.39999771118164
1762250928072,759.1999816894531,244.39999771118164
1762250928088,758.1999816894531,249.39999771118164
1762250928106,758.1999816894531,256.39999771118164
1762250928121,756.1999816894531,265.39999771118164
1762250928137,755.1999816894531,273.39999771118164
1762250928156,754.1999816894531,279.39999771118164
1762250928171,753.1999816894531,285.39999771118164
1762250928187,752.1999816894531,288.39999771118164
1762250928203,751.1999816894531,291.39999771118164
1762250928220,751.1999816894531,292.39999771118164
1762250928237,750.1999816894531,297.39999771118164
1762250928253,750.1999816894531,304.39999771118164
1762250928270,750.1999816894531,308.39999771118164
1762250928287,750.1999816894531,310.39999771118164
1762250928303,750.1999816894531,312.39999771118164
1762250928320,750.1999816894531,314.39999771118164
1762250928338,750.1999816894531,315.39999771118164
1762250928389,750.1999816894531,316.39999771118164
1762250928403,750.1999816894531,317.39999771118164
1762250928506,750.1999816894531,316.39999771118164
1762250928522,750.1999816894531,315.39999771118164
1762250928537,750.1999816894531,312.39999771118164
1762250928553,750.1999816894531,310.39999771118164
1762250928570,750.1999816894531,308.39999771118164
1762250928587,750.1999816894531,306.39999771118164
1762250928604,750.1999816894531,304.39999771118164
1762250928620,750.1999816894531,303.39999771118164
1762250928637,750.1999816894531,296.39999771118164
1762250928653,749.1999816894531,290.39999771118164
1762250928670,749.1999816894531,285.39999771118164
1762250928686,747.1999816894531,281.39999771118164
1762250928703,747.1999816894531,279.39999771118164
1762250928737,746.1999816894531,277.39999771118164
1762250928753,746.1999816894531,276.39999771118164
1762250928770,746.1999816894531,275.39999771118164
1762250928803,746.1999816894531,273.39999771118164
1762250928837,746.1999816894531,271.39999771118164
1762250928854,746.1999816894531,268.39999771118164
1762250928870,746.1999816894531,260.39999771118164
1762250928887,746.1999816894531,256.39999771118164
1762250928903,745.1999816894531,253.39999771118164
1762250928920,745.1999816894531,252.39999771118164
1762250928937,744.1999816894531,250.39999771118164
1762250928953,744.1999816894531,249.39999771118164
1762250928970,744.1999816894531,248.39999771118164
1762250928986,744.1999816894531,247.39999771118164
1762250929021,744.1999816894531,246.39999771118164
1762250929036,744.1999816894531,245.39999771118164
1762250929080,744.1999816894531,244.39999771118164
1762250929121,744.1999816894531,244.39999771118164
1762250929138,743.1999816894531,242.39999771118164
1762250929155,742.1999816894531,236.39999771118164
1762250929171,741.1999816894531,223.39999771118164
1762250929187,740.1999816894531,219.39999771118164
1762250929203,739.1999816894531,217.39999771118164
1762250929220,738.1999816894531,216.39999771118164
1762250929237,738.1999816894531,215.39999771118164
1762250929253,738.1999816894531,214.39999771118164
1762250929270,738.1999816894531,213.39999771118164
1762250929287,738.1999816894531,212.39999771118164
1762250929303,738.1999816894531,212.39999771118164
1762250929339,738.1999816894531,211.39999771118164
1762250929353,738.1999816894531,209.39999771118164
1762250929387,738.1999816894531,208.39999771118164
1762250929404,738.1999816894531,208.39999771118164
1762250929438,738.1999816894531,206.39999771118164
1762250929453,738.1999816894531,205.39999771118164
1762250929493,738.1999816894531,204.39999771118164
1762250929504,738.1999816894531,204.39999771118164
1762250929635,738.1999816894531,204.39999771118164
1762250929646,739.1999816894531,204.39999771118164
1762250929660,742.1999816894531,204.39999771118164
1762250929687,744.1999816894531,204.39999771118164
1762250929703,746.1999816894531,204.39999771118164
1762250929720,746.1999816894531,204.39999771118164
1762250929736,749.1999816894531,204.39999771118164
1762250929753,750.1999816894531,204.39999771118164
1762250929770,751.1999816894531,204.39999771118164
1762250929787,756.1999816894531,204.39999771118164
1762250929803,758.1999816894531,205.39999771118164
1762250929820,759.1999816894531,205.39999771118164
1762250929836,761.1999816894531,206.39999771118164
1762250929853,762.1999816894531,206.39999771118164
1762250929870,763.1999816894531,206.39999771118164
1762250929886,764.1999816894531,206.39999771118164
1762250929904,765.1999816894531,206.39999771118164
1762250929920,766.1999816894531,206.39999771118164
1762250929936,766.1999816894531,206.39999771118164
1762250929953,767.1999816894531,206.39999771118164
1762250930053,766.1999816894531,207.39999771118164
1762250930109,766.1999816894531,208.39999771118164
1762250930121,765.1999816894531,208.39999771118164
1762250930137,764.1999816894531,209.39999771118164
1762250930153,762.1999816894531,212.39999771118164
1762250930170,759.1999816894531,216.39999771118164
1762250930186,757.1999816894531,219.39999771118164
1762250930203,755.1999816894531,223.39999771118164
1762250930220,752.1999816894531,227.39999771118164
1762250930236,750.1999816894531,229.39999771118164
1762250930253,749.1999816894531,232.39999771118164
1762250930270,748.1999816894531,234.39999771118164
1762250930286,747.1999816894531,235.39999771118164
1762250930303,746.1999816894531,236.39999771118164
1762250930320,746.1999816894531,237.39999771118164
1762250930337,746.1999816894531,240.39999771118164
1762250930353,746.1999816894531,244.39999771118164
1762250930370,746.1999816894531,248.39999771118164
1762250930387,748.1999816894531,256.39999771118164
1762250930403,750.1999816894531,260.39999771118164
1762250930428,750.1999816894531,267.39999771118164
1762250930440,752.1999816894531,271.39999771118164
1762250930453,753.1999816894531,273.39999771118164
1762250930470,754.1999816894531,278.39999771118164
1762250930486,756.1999816894531,284.39999771118164
1762250930503,758.1999816894531,286.39999771118164
1762250930520,759.1999816894531,291.39999771118164
1762250930536,761.1999816894531,296.39999771118164
1762250930553,761.1999816894531,300.39999771118164
1762250930570,762.1999816894531,304.39999771118164
1762250930586,762.1999816894531,309.39999771118164
1762250930604,761.1999816894531,313.39999771118164
1762250930620,760.1999816894531,317.39999771118164
1762250930636,760.1999816894531,319.39999771118164
1762250930653,760.1999816894531,320.39999771118164
1762250930670,759.1999816894531,321.39999771118164
1762250930703,759.1999816894531,322.39999771118164
1762250930796,759.1999816894531,321.39999771118164
1762250930809,760.1999816894531,320.39999771118164
1762250930825,762.1999816894531,317.39999771118164
1762250930840,762.1999816894531,312.39999771118164
1762250930853,763.1999816894531,308.39999771118164
1762250930870,763.1999816894531,305.39999771118164
1762250930886,763.1999816894531,303.39999771118164
1762250930903,764.1999816894531,300.39999771118164
1762250930920,764.1999816894531,297.39999771118164
1762250930936,764.1999816894531,294.39999771118164
1762250930953,764.1999816894531,291.39999771118164
1762250930970,764.1999816894531,285.39999771118164
1762250930986,763.1999816894531,282.39999771118164
1762250931003,762.1999816894531,280.39999771118164
1762250931020,762.1999816894531,278.39999771118164
1762250931036,762.1999816894531,277.39999771118164
1762250931053,761.1999816894531,275.39999771118164
1762250931074,759.1999816894531,267.39999771118164
1762250931090,758.1999816894531,264.39999771118164
1762250931103,756.1999816894531,256.39999771118164
1762250931120,754.1999816894531,254.39999771118164
1762250931146,754.1999816894531,251.39999771118164
1762250931161,754.1999816894531,249.39999771118164
1762250931186,753.1999816894531,248.39999771118164
1762250931220,753.1999816894531,247.39999771118164
1762250931237,753.1999816894531,245.39999771118164
1762250931280,753.1999816894531,244.39999771118164
1762250931390,753.1999816894531,245.39999771118164
1762250931406,753.1999816894531,247.39999771118164
1762250931422,753.1999816894531,248.39999771118164
1762250931436,753.1999816894531,249.39999771118164
1762250931453,754.1999816894531,252.39999771118164
1762250931470,754.1999816894531,254.39999771118164
1762250931487,754.1999816894531,255.39999771118164
1762250931503,754.1999816894531,256.39999771118164
1762250931520,755.1999816894531,257.39999771118164
1762250931536,756.1999816894531,260.39999771118164
1762250931553,757.1999816894531,261.39999771118164
1762250931570,758.1999816894531,262.39999771118164
1762250931587,758.1999816894531,264.39999771118164
1762250931603,758.1999816894531,265.39999771118164
1762250931620,759.1999816894531,266.39999771118164
1762250931636,760.1999816894531,268.39999771118164
1762250931653,760.1999816894531,268.39999771118164
1762250931670,762.1999816894531,269.39999771118164
1762250931686,762.1999816894531,270.39999771118164
1762250931703,762.1999816894531,272.39999771118164
1762250931720,763.1999816894531,272.39999771118164
1762250931736,764.1999816894531,272.39999771118164
1762250931753,764.1999816894531,273.39999771118164
1762250931770,765.1999816894531,274.39999771118164
1762250931803,766.1999816894531,274.39999771118164
1762250931854,766.1999816894531,273.39999771118164
1762250931872,766.1999816894531,272.39999771118164
1762250931904,767.1999816894531,271.39999771118164
1762250931922,768.1999816894531,271.39999771118164
1762250931936,768.1999816894531,267.39999771118164
1762250931954,768.1999816894531,260.39999771118164
1762250931970,769.1999816894531,253.39999771118164
1762250931987,769.1999816894531,247.39999771118164
1762250932003,769.1999816894531,245.39999771118164
1762250932020,769.1999816894531,244.39999771118164
1762250932037,769.1999816894531,243.39999771118164
1762250932053,769.1999816894531,242.39999771118164
1762250932070,768.1999816894531,241.39999771118164
1762250932086,768.1999816894531,240.39999771118164
1762250932103,767.1999816894531,240.39999771118164
1762250932137,767.1999816894531,239.39999771118164
1762250932153,766.1999816894531,239.39999771118164
1762250932170,766.1999816894531,238.39999771118164
1762250932186,766.1999816894531,237.39999771118164
1762250932203,765.1999816894531,236.39999771118164
1762250932220,764.1999816894531,235.39999771118164
1762250932236,763.1999816894531,232.39999771118164
1762250932253,762.1999816894531,232.39999771118164
1762250932270,762.1999816894531,231.39999771118164
1762250932286,761.1999816894531,229.39999771118164
1762250932303,760.1999816894531,229.39999771118164
1762250932320,759.1999816894531,228.39999771118164
1762250932336,758.1999816894531,228.39999771118164
1762250932353,758.1999816894531,225.39999771118164
1762250932370,757.1999816894531,223.39999771118164
1762250932386,755.1999816894531,221.39999771118164
1762250932403,755.1999816894531,220.39999771118164
1762250932420,754.1999816894531,219.39999771118164
1762250932436,753.1999816894531,219.39999771118164
1762250932453,753.1999816894531,218.39999771118164
1762250932470,752.1999816894531,217.39999771118164
1762250932486,751.1999816894531,216.39999771118164
1762250932553,750.1999816894531,216.39999771118164
1762250932573,750.1999816894531,217.39999771118164
1762250932603,750.1999816894531,218.39999771118164
1762250932620,749.1999816894531,218.39999771118164
1762250932636,747.1999816894531,221.39999771118164
1762250932653,746.1999816894531,224.39999771118164
1762250932670,745.1999816894531,228.39999771118164
1762250932686,743.1999816894531,233.39999771118164
1762250932703,742.1999816894531,236.39999771118164
1762250932720,742.1999816894531,238.39999771118164
1762250932736,742.1999816894531,239.39999771118164
1762250932753,741.1999816894531,240.39999771118164
1762250932770,741.1999816894531,246.39999771118164
1762250932787,742.1999816894531,257.39999771118164
1762250932810,746.1999816894531,288.39999771118164
1762250932821,746.1999816894531,290.39999771118164
1762250932840,746.1999816894531,294.39999771118164
1762250932859,746.1999816894531,295.39999771118164
1762250932873,746.1999816894531,296.39999771118164
1762250932913,747.1999816894531,299.39999771118164
1762250932928,748.1999816894531,301.39999771118164
1762250932940,749.1999816894531,303.39999771118164
1762250932953,749.1999816894531,304.39999771118164
1762250932970,749.1999816894531,306.39999771118164
1762250932987,750.1999816894531,307.39999771118164
1762250933003,750.1999816894531,308.39999771118164
1762250933020,750.1999816894531,309.39999771118164
1762250933054,750.1999816894531,310.39999771118164
1762250933070,750.1999816894531,311.39999771118164
1762250933086,750.1999816894531,312.39999771118164
1762250933238,750.1999816894531,312.39999771118164
1762250933506,753.1999816894531,295.39999771118164
1762250933527,769.1999816894531,208.39999771118164
1762250933538,772.1999816894531,192.39999771118164
1762250933556,778.1999816894531,164.39999771118164
1762250933571,783.1999816894531,139.39999771118164
1762250933589,786.1999816894531,121.39999771118164
1762250933605,786.1999816894531,110.39999771118164
1762250933621,786.1999816894531,102.39999771118164
1762250933640,786.1999816894531,97.39999771118164
1762250933655,786.1999816894531,93.39999771118164
1762250933673,785.1999816894531,93.39999771118164
1762250933688,785.1999816894531,92.39999771118164
1762250933738,784.1999816894531,92.39999771118164
1762250933755,783.1999816894531,92.39999771118164
1762250933772,782.1999816894531,88.39999771118164
1762250933787,782.1999816894531,87.39999771118164
1762250933804,781.1999816894531,85.39999771118164
1762250933820,780.1999816894531,83.39999771118164
1762250933841,780.1999816894531,81.39999771118164
1762250933855,780.1999816894531,80.39999771118164
1762250933871,779.1999816894531,76.39999771118164
1762250933889,778.1999816894531,70.39999771118164
1762250933905,778.1999816894531,64.39999771118164
1762250933922,777.1999816894531,59.39999771118164
1762250933939,776.1999816894531,57.39999771118164
1762250933954,776.1999816894531,56.39999771118164
1762250933971,776.1999816894531,55.39999771118164
1762250933987,776.1999816894531,54.39999771118164
1762250934010,776.1999816894531,53.39999771118164
1762250934025,776.1999816894531,52.39999771118164
1762250934108,776.1999816894531,51.39999771118164
1762250934131,775.1999816894531,50.39999771118164
1762250934152,775.1999816894531,49.39999771118164
1762250934167,775.1999816894531,48.39999771118164
1762250934171,774.1999816894531,47.39999771118164
1762250934189,773.1999816894531,44.39999771118164
1762250934206,773.1999816894531,42.39999771118164
1762250934223,772.1999816894531,40.39999771118164
1762250934238,771.1999816894531,38.39999771118164
1762250934255,771.1999816894531,37.39999771118164
1762250934271,770.1999816894531,36.39999771118164
1762250934288,770.1999816894531,35.39999771118164
1762250934308,770.1999816894531,34.39999771118164
1762250934321,770.1999816894531,33.39999771118164
1762250934339,770.1999816894531,32.39999771118164
1762250934355,769.1999816894531,30.39999771118164
1762250934372,768.1999816894531,28.39999771118164
1762250934397,768.1999816894531,27.39999771118164
1762250934405,768.1999816894531,26.39999771118164
1762250934422,768.1999816894531,25.39999771118164
1762250934438,768.1999816894531,24.39999771118164
1762250934456,767.1999816894531,24.39999771118164
1762250934472,766.1999816894531,23.39999771118164
1762250934488,766.1999816894531,22.39999771118164
1762250934538,766.1999816894531,21.39999771118164
1762250934564,766.1999816894531,20.39999771118164
1762250934612,766.1999816894531,19.39999771118164
1762250934634,766.1999816894531,18.39999771118164
1762250934671,766.1999816894531,17.39999771118164
1762250934691,766.1999816894531,16.39999771118164
1762250935214,767.1999816894531,16.39999771118164
1762250935226,770.1999816894531,16.39999771118164
1762250935241,771.1999816894531,16.39999771118164
1762250935254,772.1999816894531,16.39999771118164
1762250935270,774.1999816894531,16.39999771118164
1762250935286,775.1999816894531,16.39999771118164
1762250935304,776.1999816894531,16.39999771118164
1762250935320,778.1999816894531,16.39999771118164
1762250935336,779.1999816894531,16.39999771118164
1762250935353,782.1999816894531,16.39999771118164
1762250935370,782.1999816894531,16.39999771118164
1762250935386,783.1999816894531,16.39999771118164
1762250935403,785.1999816894531,16.39999771118164
1762250935419,786.1999816894531,16.39999771118164
1762250935436,786.1999816894531,16.39999771118164
1762250935453,788.1999816894531,16.39999771118164
1762250935470,789.1999816894531,16.39999771118164
1762250935486,790.1999816894531,15.39999771118164
1762250935503,791.1999816894531,15.39999771118164
1762250935520,792.1999816894531,15.39999771118164
1762250935536,794.1999816894531,15.39999771118164
1762250935553,794.1999816894531,14.39999771118164
1762250935586,796.1999816894531,14.39999771118164
1762250935620,798.1999816894531,14.39999771118164
1762250935636,798.1999816894531,14.39999771118164
1762250935671,799.1999816894531,14.39999771118164
1762250935687,800.1999816894531,14.39999771118164
1762250935720,801.1999816894531,14.39999771118164
1762250935754,802.1999816894531,14.39999771118164
1762250935770,802.1999816894531,14.39999771118164
1762250935818,802.1999816894531,15.39999771118164
1762250935887,802.1999816894531,16.39999771118164
1762250935944,802.1999816894531,16.39999771118164
1762250935970,801.1999816894531,17.39999771118164
1762250936020,801.1999816894531,18.39999771118164
1762250936053,799.1999816894531,20.39999771118164
1762250936087,799.1999816894531,20.39999771118164
1762250936103,798.1999816894531,21.39999771118164
1762250936137,798.1999816894531,21.39999771118164
1762250936170,797.1999816894531,22.39999771118164
1762250936186,797.1999816894531,23.39999771118164
1762250936219,796.1999816894531,24.39999771118164
1762250936253,795.1999816894531,24.39999771118164
1762250936288,794.1999816894531,24.39999771118164
1762250936303,794.1999816894531,25.39999771118164
1762250936321,794.1999816894531,25.39999771118164
1762250936353,793.1999816894531,25.39999771118164
1762250936369,793.1999816894531,26.39999771118164
1762250936386,793.1999816894531,27.39999771118164
1762250936403,792.1999816894531,27.39999771118164
1762250936436,791.1999816894531,27.39999771118164
1762250936491,790.1999816894531,27.39999771118164
1762250936506,790.1999816894531,27.39999771118164
1762250936536,789.1999816894531,27.39999771118164
1762250936593,787.1999816894531,27.39999771118164
1762250936620,786.1999816894531,26.39999771118164
1762250936636,785.1999816894531,26.39999771118164
1762250936670,784.1999816894531,25.39999771118164
1762250936687,783.1999816894531,24.39999771118164
1762250936735,782.1999816894531,24.39999771118164
1762250936770,782.1999816894531,24.39999771118164
1762250936820,782.1999816894531,24.39999771118164
1762250936836,781.1999816894531,24.39999771118164
1762250936853,780.1999816894531,23.39999771118164
1762250936886,779.1999816894531,22.39999771118164
1762250936903,778.1999816894531,22.39999771118164
1762250936919,778.1999816894531,21.39999771118164
1762250936936,778.1999816894531,20.39999771118164
1762250936970,777.1999816894531,20.39999771118164
1762250936988,776.1999816894531,20.39999771118164
1762250937003,775.1999816894531,20.39999771118164
1762250937036,774.1999816894531,20.39999771118164
1762250937070,774.1999816894531,20.39999771118164
1762250937121,773.1999816894531,20.39999771118164
1762250937140,772.1999816894531,20.39999771118164
1762250937154,771.1999816894531,20.39999771118164
1762250937187,770.1999816894531,20.39999771118164
1762250937203,770.1999816894531,20.39999771118164
1762250937239,770.1999816894531,21.39999771118164
1762250937253,769.1999816894531,21.39999771118164
1762250937269,768.1999816894531,21.39999771118164
1762250937304,767.1999816894531,21.39999771118164
1762250937366,767.1999816894531,22.39999771118164
1762250937404,767.1999816894531,23.39999771118164
1762250937437,767.1999816894531,24.39999771118164
1762250937488,767.1999816894531,24.39999771118164
1762250937506,767.1999816894531,25.39999771118164
1762250937570,767.1999816894531,26.39999771118164
1762250937587,767.1999816894531,27.39999771118164
1762250937653,767.1999816894531,28.39999771118164
1762250937777,768.1999816894531,28.39999771118164
1762250937820,769.1999816894531,28.39999771118164
1762250937853,770.1999816894531,28.39999771118164
1762250937870,770.1999816894531,28.39999771118164
1762250937886,770.1999816894531,27.39999771118164
1762250937903,772.1999816894531,26.39999771118164
1762250937919,773.1999816894531,26.39999771118164
1762250937936,774.1999816894531,26.39999771118164
1762250937953,776.1999816894531,26.39999771118164
1762250937986,778.1999816894531,24.39999771118164
1762250938003,779.1999816894531,24.39999771118164
1762250938019,781.1999816894531,24.39999771118164
1762250938036,782.1999816894531,24.39999771118164
1762250938053,785.1999816894531,23.39999771118164
1762250938072,786.1999816894531,22.39999771118164
1762250938089,787.1999816894531,22.39999771118164
1762250938106,790.1999816894531,21.39999771118164
1762250938122,790.1999816894531,21.39999771118164
1762250938136,792.1999816894531,21.39999771118164
1762250938153,794.1999816894531,20.39999771118164
1762250938169,794.1999816894531,20.39999771118164
1762250938186,796.1999816894531,20.39999771118164
1762250938203,797.1999816894531,20.39999771118164
1762250938219,798.1999816894531,20.39999771118164
1762250938253,800.1999816894531,20.39999771118164
1762250938303,801.1999816894531,20.39999771118164
1762250938353,801.1999816894531,20.39999771118164
1762250938612,773.1999816894531,23.39999771118164
1762250938621,726.1999816894531,23.39999771118164
1762250938639,640.1999816894531,23.39999771118164
1762250938655,513.1999816894531,23.39999771118164
1762250938673,418.1999816894531,21.39999771118164
1762250938689,322.1999816894531,20.39999771118164
1762250938705,258.1999816894531,16.39999771118164
1762250938723,225.19998168945312,12.39999771118164
1762250938738,202.19998168945312,4.399997711181641
1762250939028,165.19998168945312,0.3999977111816406
1762250939038,147.19998168945312,8.39999771118164
1762250939055,114.19998168945312,20.39999771118164
1762250939073,103.19998168945312,24.39999771118164
1762250939095,97.19998168945312,27.39999771118164
1762250939105,95.19998168945312,27.39999771118164
1762250939123,94.19998168945312,27.39999771118164
1762250939139,92.19998168945312,27.39999771118164
1762250939155,91.19998168945312,27.39999771118164
1762250939207,90.19998168945312,27.39999771118164
1762250939328,90.19998168945312,28.39999771118164
1762250939339,92.19998168945312,28.39999771118164
1762250939354,93.19998168945312,28.39999771118164
1762250939373,97.19998168945312,30.39999771118164
1762250939388,100.19998168945312,32.39999771118164
1762250939404,105.19998168945312,36.39999771118164
1762250939422,107.19998168945312,38.39999771118164
1762250939438,109.19998168945312,40.39999771118164
1762250939459,109.19998168945312,41.39999771118164
1762250939471,109.19998168945312,42.39999771118164
1762250939488,110.19998168945312,43.39999771118164
1762250939505,110.19998168945312,44.39999771118164
1762250939555,110.19998168945312,45.39999771118164
1762250939603,110.19998168945312,46.39999771118164
1762250939665,109.19998168945312,46.39999771118164
1762250939676,108.19998168945312,46.39999771118164
1762250939698,108.19998168945312,45.39999771118164
1762250939706,107.19998168945312,45.39999771118164
1762250939721,106.19998168945312,45.39999771118164
1762250939772,105.19998168945312,44.39999771118164
1762250939790,104.19998168945312,43.39999771118164
1762250939804,102.19998168945312,43.39999771118164
1762250939822,102.19998168945312,42.39999771118164
1762250939844,101.19998168945312,41.39999771118164
1762250939861,100.19998168945312,40.39999771118164
1762250939888,99.19998168945312,40.39999771118164
1762250939891,98.19998168945312,40.39999771118164
1762250939904,98.19998168945312,39.39999771118164
1762250939922,98.19998168945312,38.39999771118164
1762250939949,98.19998168945312,37.39999771118164
1762250939988,97.19998168945312,37.39999771118164
1762250940009,97.19998168945312,36.39999771118164
1762250940022,96.19998168945312,36.39999771118164
1762250940075,95.19998168945312,36.39999771118164
1762250940122,94.19998168945312,36.39999771118164
1762250940231,94.19998168945312,35.39999771118164
1762250940271,93.19998168945312,34.39999771118164
1762250940288,92.19998168945312,33.39999771118164
1762250940338,91.19998168945312,33.39999771118164
1762250940370,90.19998168945312,33.39999771118164
1762250940873,91.19998168945312,33.39999771118164
1762250940887,94.19998168945312,33.39999771118164
1762250940903,97.19998168945312,33.39999771118164
1762250940921,102.19998168945312,33.39999771118164
1762250940936,104.19998168945312,33.39999771118164
1762250940952,106.19998168945312,33.39999771118164
1762250940969,109.19998168945312,33.39999771118164
1762250940992,110.19998168945312,33.39999771118164
1762250941006,111.19998168945312,33.39999771118164
1762250941020,112.19998168945312,33.39999771118164
1762250941037,113.19998168945312,33.39999771118164
1762250941053,114.19998168945312,33.39999771118164
1762250941069,115.19998168945312,33.39999771118164
1762250941086,118.19998168945312,33.39999771118164
1762250941102,119.19998168945312,33.39999771118164
1762250941119,120.19998168945312,33.39999771118164
1762250941136,121.19998168945312,33.39999771118164
1762250941152,122.19998168945312,33.39999771118164
1762250941169,124.19998168945312,33.39999771118164
1762250941186,126.19998168945312,33.39999771118164
1762250941202,126.19998168945312,33.39999771118164
1762250941219,128.19998168945312,33.39999771118164
1762250941236,130.19998168945312,33.39999771118164
1762250941253,130.19998168945312,33.39999771118164
1762250941269,133.19998168945312,33.39999771118164
1762250941286,135.19998168945312,34.39999771118164
1762250941303,137.19998168945312,34.39999771118164
1762250941319,138.19998168945312,34.39999771118164
1762250941337,140.19998168945312,34.39999771118164
1762250941353,141.19998168945312,34.39999771118164
1762250941370,142.19998168945312,34.39999771118164
1762250941386,143.19998168945312,34.39999771118164
1762250941403,144.19998168945312,35.39999771118164
1762250941420,145.19998168945312,35.39999771118164
1762250941454,146.19998168945312,35.39999771118164
1762250941486,146.19998168945312,35.39999771118164
1762250941503,146.19998168945312,36.39999771118164
1762250941570,146.19998168945312,36.39999771118164
1762250941621,146.19998168945312,37.39999771118164
1762250941636,146.19998168945312,39.39999771118164
1762250941670,146.19998168945312,40.39999771118164
1762250941687,146.19998168945312,40.39999771118164
1762250941703,146.19998168945312,41.39999771118164
1762250941719,146.19998168945312,43.39999771118164
1762250941736,145.19998168945312,44.39999771118164
1762250941754,145.19998168945312,45.39999771118164
1762250941769,145.19998168945312,46.39999771118164
1762250941786,144.19998168945312,47.39999771118164
1762250941803,144.19998168945312,48.39999771118164
1762250941819,144.19998168945312,48.39999771118164
1762250941836,144.19998168945312,49.39999771118164
1762250941869,144.19998168945312,50.39999771118164
1762250941886,144.19998168945312,51.39999771118164
1762250941902,143.19998168945312,51.39999771118164
1762250941919,143.19998168945312,52.39999771118164
1762250941936,142.19998168945312,53.39999771118164
1762250941952,142.19998168945312,54.39999771118164
1762250941969,142.19998168945312,55.39999771118164
1762250941986,142.19998168945312,56.39999771118164
1762250942002,142.19998168945312,57.39999771118164
1762250942019,142.19998168945312,58.39999771118164
1762250942036,142.19998168945312,59.39999771118164
1762250942054,142.19998168945312,59.39999771118164
1762250942069,142.19998168945312,61.39999771118164
1762250942103,141.19998168945312,63.39999771118164
1762250942119,141.19998168945312,64.39999771118164
1762250942136,141.19998168945312,64.39999771118164
1762250942152,141.19998168945312,65.39999771118164
1762250942186,141.19998168945312,67.39999771118164
1762250942202,140.19998168945312,68.39999771118164
1762250942219,140.19998168945312,68.39999771118164
1762250942236,140.19998168945312,69.39999771118164
1762250942269,140.19998168945312,70.39999771118164
1762250942286,139.19998168945312,71.39999771118164
1762250942320,138.19998168945312,73.39999771118164
1762250942354,138.19998168945312,74.39999771118164
1762250942370,138.19998168945312,75.39999771118164
1762250942386,137.19998168945312,76.39999771118164
1762250942419,136.19998168945312,76.39999771118164
1762250942453,134.19998168945312,77.39999771118164
1762250942471,134.19998168945312,78.39999771118164
1762250942487,134.19998168945312,78.39999771118164
1762250942503,133.19998168945312,78.39999771118164
1762250942519,132.19998168945312,79.39999771118164
1762250942553,130.19998168945312,80.39999771118164
1762250942587,129.19998168945312,80.39999771118164
1762250942604,128.19998168945312,80.39999771118164
1762250942619,127.19998168945312,80.39999771118164
1762250942636,126.19998168945312,80.39999771118164
1762250942653,125.19998168945312,80.39999771118164
1762250942669,124.19998168945312,80.39999771118164
1762250942686,122.19998168945312,80.39999771118164
1762250942719,120.19998168945312,80.39999771118164
1762250942753,119.19998168945312,80.39999771118164
1762250942769,118.19998168945312,80.39999771118164
1762250942803,117.19998168945312,80.39999771118164
1762250942820,114.19998168945312,80.39999771118164
1762250942836,114.19998168945312,80.39999771118164
1762250942853,112.19998168945312,79.39999771118164
1762250942869,111.19998168945312,79.39999771118164
1762250942886,110.19998168945312,79.39999771118164
1762250942903,110.19998168945312,79.39999771118164
1762250942919,109.19998168945312,78.39999771118164
1762250942936,108.19998168945312,78.39999771118164
1762250942952,107.19998168945312,78.39999771118164
1762250942969,107.19998168945312,77.39999771118164
1762250942986,106.19998168945312,77.39999771118164
1762250943002,106.19998168945312,76.39999771118164
1762250943021,105.19998168945312,76.39999771118164
1762250943036,104.19998168945312,76.39999771118164
1762250943052,103.19998168945312,75.39999771118164
1762250943069,102.19998168945312,74.39999771118164
1762250943103,102.19998168945312,74.39999771118164
1762250943119,102.19998168945312,73.39999771118164
1762250943152,101.19998168945312,72.39999771118164
1762250943169,100.19998168945312,72.39999771118164
1762250943186,100.19998168945312,71.39999771118164
1762250943202,99.19998168945312,70.39999771118164
1762250943219,99.19998168945312,69.39999771118164
1762250943236,99.19998168945312,68.39999771118164
1762250943252,98.19998168945312,68.39999771118164
1762250943286,98.19998168945312,66.39999771118164
1762250943320,98.19998168945312,65.39999771118164
1762250943336,98.19998168945312,64.39999771118164
1762250943370,98.19998168945312,64.39999771118164
1762250943387,97.19998168945312,63.39999771118164
1762250943402,97.19998168945312,62.39999771118164
1762250943419,96.19998168945312,62.39999771118164
1762250943436,95.19998168945312,60.39999771118164
1762250943469,95.19998168945312,58.39999771118164
1762250943503,95.19998168945312,57.39999771118164
1762250943519,95.19998168945312,56.39999771118164
1762250943552,95.19998168945312,56.39999771118164
1762250943587,94.19998168945312,55.39999771118164
1762250943603,94.19998168945312,54.39999771118164
1762250943619,94.19998168945312,52.39999771118164
1762250943637,93.19998168945312,48.39999771118164
1762250943654,93.19998168945312,48.39999771118164
1762250943669,93.19998168945312,47.39999771118164
1762250943686,92.19998168945312,45.39999771118164
1762250943702,91.19998168945312,44.39999771118164
1762250943719,91.19998168945312,44.39999771118164
1762250943736,90.19998168945312,43.39999771118164
1762250943769,90.19998168945312,41.39999771118164
1762250943786,90.19998168945312,40.39999771118164
1762250943853,90.19998168945312,40.39999771118164
1762250943869,90.19998168945312,39.39999771118164
1762250943936,90.19998168945312,38.39999771118164
1762250943952,90.19998168945312,37.39999771118164
1762250943987,90.19998168945312,36.39999771118164
1762250944129,90.19998168945312,37.39999771118164
1762250944153,90.19998168945312,38.39999771118164
1762250944170,92.19998168945312,40.39999771118164
1762250944186,93.19998168945312,41.39999771118164
1762250944203,94.19998168945312,43.39999771118164
1762250944219,96.19998168945312,46.39999771118164
1762250944236,98.19998168945312,48.39999771118164
1762250944253,99.19998168945312,51.39999771118164
1762250944269,100.19998168945312,52.39999771118164
1762250944286,102.19998168945312,55.39999771118164
1762250944303,104.19998168945312,59.39999771118164
1762250944319,105.19998168945312,60.39999771118164
1762250944336,106.19998168945312,62.39999771118164
1762250944352,106.19998168945312,64.39999771118164
1762250944369,106.19998168945312,66.39999771118164
1762250944386,108.19998168945312,68.39999771118164
1762250944402,110.19998168945312,72.39999771118164
1762250944419,110.19998168945312,74.39999771118164
1762250944436,112.19998168945312,77.39999771118164
1762250944452,112.19998168945312,80.39999771118164
1762250944469,113.19998168945312,80.39999771118164
1762250944486,113.19998168945312,81.39999771118164
1762250944502,113.19998168945312,82.39999771118164
1762250944519,114.19998168945312,83.39999771118164
1762250944536,114.19998168945312,84.39999771118164
1762250944552,114.19998168945312,84.39999771118164
1762250944569,114.19998168945312,84.39999771118164
1762250944602,115.19998168945312,84.39999771118164
1762250944653,115.19998168945312,84.39999771118164
1762250944687,115.19998168945312,83.39999771118164
1762250944703,115.19998168945312,82.39999771118164
1762250944736,115.19998168945312,80.39999771118164
1762250944752,115.19998168945312,79.39999771118164
1762250944769,115.19998168945312,78.39999771118164
1762250944787,115.19998168945312,76.39999771118164
1762250944803,115.19998168945312,76.39999771118164
1762250944836,115.19998168945312,75.39999771118164
1762250944852,115.19998168945312,74.39999771118164
1762250944869,115.19998168945312,72.39999771118164
1762250944886,115.19998168945312,70.39999771118164
1762250944904,115.19998168945312,68.39999771118164
1762250944920,114.19998168945312,67.39999771118164
1762250944937,114.19998168945312,66.39999771118164
1762250944952,114.19998168945312,64.39999771118164
1762250944969,114.19998168945312,64.39999771118164
1762250944986,114.19998168945312,62.39999771118164
1762250945003,113.19998168945312,60.39999771118164
1762250945019,112.19998168945312,56.39999771118164
1762250945037,110.19998168945312,53.39999771118164
1762250945052,110.19998168945312,52.39999771118164
1762250945069,110.19998168945312,50.39999771118164
1762250945086,110.19998168945312,48.39999771118164
1762250945119,109.19998168945312,48.39999771118164
1762250945135,109.19998168945312,46.39999771118164
1762250945152,108.19998168945312,46.39999771118164
1762250945169,108.19998168945312,44.39999771118164
1762250945187,106.19998168945312,43.39999771118164
1762250945205,105.19998168945312,41.39999771118164
1762250945223,104.19998168945312,40.39999771118164
1762250945236,103.19998168945312,40.39999771118164
1762250945252,102.19998168945312,40.39999771118164
1762250945269,101.19998168945312,38.39999771118164
1762250945286,100.19998168945312,38.39999771118164
1762250945319,98.19998168945312,38.39999771118164
1762250945338,98.19998168945312,37.39999771118164
1762250945358,98.19998168945312,36.39999771118164
1762250945370,97.19998168945312,36.39999771118164
1762250945402,96.19998168945312,36.39999771118164
1762250945436,96.19998168945312,35.39999771118164
1762250945535,97.19998168945312,35.39999771118164
1762250945561,98.19998168945312,35.39999771118164
1762250945580,101.19998168945312,36.39999771118164
1762250945595,102.19998168945312,36.39999771118164
1762250945612,108.19998168945312,37.39999771118164
1762250945630,110.19998168945312,38.39999771118164
1762250945647,113.19998168945312,39.39999771118164
1762250945662,114.19998168945312,39.39999771118164
1762250945677,115.19998168945312,39.39999771118164
1762250945693,117.19998168945312,39.39999771118164
1762250945709,118.19998168945312,39.39999771118164
1762250945726,119.19998168945312,40.39999771118164
1762250945741,121.19998168945312,40.39999771118164
1762250945757,122.19998168945312,40.39999771118164
1762250945773,123.19998168945312,40.39999771118164
1762250945788,124.19998168945312,40.39999771118164
1762250945803,125.19998168945312,40.39999771118164
1762250945819,126.19998168945312,40.39999771118164
1762250945839,127.19998168945312,40.39999771118164
1762250945856,128.19998168945312,40.39999771118164
1762250945872,130.19998168945312,40.39999771118164
1762250945887,131.19998168945312,40.39999771118164
1762250945903,132.19998168945312,40.39999771118164
1762250945921,134.19998168945312,40.39999771118164
1762250945950,135.19998168945312,40.39999771118164
1762250945965,136.19998168945312,40.39999771118164
1762250945985,137.19998168945312,40.39999771118164
1762250946002,137.19998168945312,39.39999771118164
1762250946019,138.19998168945312,39.39999771118164
1762250946052,138.19998168945312,39.39999771118164
1762250946069,138.19998168945312,38.39999771118164
1762250946086,139.19998168945312,38.39999771118164
1762250946102,140.19998168945312,37.39999771118164
1762250946119,141.19998168945312,37.39999771118164
1762250946136,142.19998168945312,37.39999771118164
1762250946152,142.19998168945312,37.39999771118164
1762250946169,143.19998168945312,37.39999771118164
1762250946185,144.19998168945312,37.39999771118164
1762250946203,145.19998168945312,37.39999771118164
1762250946236,146.19998168945312,37.39999771118164
1762250946253,146.19998168945312,37.39999771118164
1762250946271,147.19998168945312,37.39999771118164
1762250946289,147.19998168945312,38.39999771118164
1762250946305,148.19998168945312,38.39999771118164
1762250946320,148.19998168945312,39.39999771118164
1762250946353,148.19998168945312,40.39999771118164
1762250946370,148.19998168945312,40.39999771118164
1762250946389,147.19998168945312,41.39999771118164
1762250946419,146.19998168945312,42.39999771118164
1762250946437,146.19998168945312,43.39999771118164
1762250946452,146.19998168945312,43.39999771118164
1762250946469,145.19998168945312,43.39999771118164
1762250946486,144.19998168945312,43.39999771118164
1762250946502,143.19998168945312,44.39999771118164
1762250946519,142.19998168945312,44.39999771118164
1762250946535,142.19998168945312,44.39999771118164
1762250946552,141.19998168945312,44.39999771118164
1762250946569,139.19998168945312,44.39999771118164
1762250946585,138.19998168945312,44.39999771118164
1762250946602,136.19998168945312,44.39999771118164
1762250946636,134.19998168945312,44.39999771118164
1762250946669,132.19998168945312,44.39999771118164
1762250946687,131.19998168945312,44.39999771118164
1762250946703,130.19998168945312,44.39999771118164
1762250946719,129.19998168945312,44.39999771118164
1762250946735,128.19998168945312,44.39999771118164
1762250946769,127.19998168945312,45.39999771118164
1762250946785,126.19998168945312,45.39999771118164
1762250946802,126.19998168945312,46.39999771118164
1762250946819,126.19998168945312,47.39999771118164
1762250946836,125.19998168945312,47.39999771118164
1762250946869,124.19998168945312,48.39999771118164
1762250946887,124.19998168945312,48.39999771118164
1762250946903,123.19998168945312,48.39999771118164
1762250946936,122.19998168945312,49.39999771118164
1762250946969,122.19998168945312,50.39999771118164
1762250946986,122.19998168945312,51.39999771118164
1762250947002,122.19998168945312,51.39999771118164
1762250947036,121.19998168945312,52.39999771118164
1762250947053,120.19998168945312,52.39999771118164
1762250947069,120.19998168945312,52.39999771118164
1762250947120,120.19998168945312,53.39999771118164
1762250947136,118.19998168945312,55.39999771118164
1762250947169,118.19998168945312,56.39999771118164
1762250947186,118.19998168945312,57.39999771118164
1762250947203,118.19998168945312,59.39999771118164
1762250947236,118.19998168945312,60.39999771118164
1762250947253,118.19998168945312,60.39999771118164
1762250947286,118.19998168945312,61.39999771118164
1762250947302,118.19998168945312,62.39999771118164
1762250947319,118.19998168945312,63.39999771118164
1762250947336,118.19998168945312,64.39999771118164
1762250947369,118.19998168945312,65.39999771118164
1762250947385,118.19998168945312,66.39999771118164
1762250947402,119.19998168945312,66.39999771118164
1762250947419,119.19998168945312,68.39999771118164
1762250947435,119.19998168945312,68.39999771118164
1762250947452,121.19998168945312,68.39999771118164
1762250947469,122.19998168945312,70.39999771118164
1762250947486,122.19998168945312,71.39999771118164
1762250947503,123.19998168945312,72.39999771118164
1762250947519,125.19998168945312,73.39999771118164
1762250947538,126.19998168945312,74.39999771118164
1762250947553,127.19998168945312,75.39999771118164
1762250947571,128.19998168945312,75.39999771118164
1762250947587,129.19998168945312,76.39999771118164
1762250947604,130.19998168945312,77.39999771118164
1762250947636,130.19998168945312,77.39999771118164
1762250947652,132.19998168945312,77.39999771118164
1762250947686,133.19998168945312,77.39999771118164
1762250947702,134.19998168945312,77.39999771118164
1762250947720,134.19998168945312,76.39999771118164
1762250947769,134.19998168945312,76.39999771118164
1762250947787,134.19998168945312,75.39999771118164
1762250947806,135.19998168945312,73.39999771118164
1762250947824,135.19998168945312,71.39999771118164
1762250947843,135.19998168945312,68.39999771118164
1762250947860,135.19998168945312,66.39999771118164
1762250947876,135.19998168945312,64.39999771118164
1762250947893,135.19998168945312,64.39999771118164
1762250947909,135.19998168945312,62.39999771118164
1762250947926,135.19998168945312,61.39999771118164
1762250947943,135.19998168945312,60.39999771118164
1762250947959,135.19998168945312,60.39999771118164
1762250947985,135.19998168945312,59.39999771118164
1762250948002,135.19998168945312,58.39999771118164
1762250948049,135.19998168945312,57.39999771118164
1762250948066,135.19998168945312,56.39999771118164
1762250948119,135.19998168945312,56.39999771118164
1762250948169,134.19998168945312,55.39999771118164
1762250948186,134.19998168945312,54.39999771118164
1762250948206,134.19998168945312,52.39999771118164
1762250948228,133.19998168945312,49.39999771118164
1762250948249,132.19998168945312,48.39999771118164
1762250948269,131.19998168945312,47.39999771118164
1762250948289,130.19998168945312,45.39999771118164
1762250948306,130.19998168945312,44.39999771118164
1762250948324,128.19998168945312,44.39999771118164
1762250948369,127.19998168945312,44.39999771118164
1762250948387,126.19998168945312,44.39999771118164
1762250948427,126.19998168945312,44.39999771118164
1762250948446,125.19998168945312,44.39999771118164
1762250948478,124.19998168945312,46.39999771118164
1762250948500,124.19998168945312,48.39999771118164
1762250948517,123.19998168945312,48.39999771118164
1762250948535,123.19998168945312,50.39999771118164
1762250948551,123.19998168945312,51.39999771118164
1762250948568,123.19998168945312,52.39999771118164
1762250948585,123.19998168945312,53.39999771118164
1762250948601,123.19998168945312,54.39999771118164
1762250948617,123.19998168945312,56.39999771118164
1762250948634,123.19998168945312,58.39999771118164
1762250948649,123.19998168945312,59.39999771118164
1762250948666,123.19998168945312,60.39999771118164
1762250948681,123.19998168945312,61.39999771118164
1762250948696,123.19998168945312,62.39999771118164
1762250948719,123.19998168945312,63.39999771118164
1762250948737,123.19998168945312,64.39999771118164
1762250948769,123.19998168945312,65.39999771118164
1762250948788,123.19998168945312,66.39999771118164
1762250948809,122.19998168945312,68.39999771118164
1762250948831,122.19998168945312,71.39999771118164
1762250948848,122.19998168945312,72.39999771118164
1762250948864,122.19998168945312,73.39999771118164
1762250948881,122.19998168945312,74.39999771118164
1762250948899,121.19998168945312,76.39999771118164
1762250948916,120.19998168945312,78.39999771118164
1762250948933,120.19998168945312,79.39999771118164
1762250948950,120.19998168945312,80.39999771118164
1762250948967,120.19998168945312,81.39999771118164
1762250948984,120.19998168945312,82.39999771118164
1762250949000,120.19998168945312,83.39999771118164
1762250949015,120.19998168945312,84.39999771118164
1762250949032,120.19998168945312,84.39999771118164
1762250949086,119.19998168945312,85.39999771118164
1762250949122,118.19998168945312,85.39999771118164
1762250949152,118.19998168945312,85.39999771118164
1762250949203,117.19998168945312,85.39999771118164
1762250949236,116.19998168945312,85.39999771118164
1762250949286,115.19998168945312,85.39999771118164
1762250949306,114.19998168945312,85.39999771118164
1762250949346,114.19998168945312,85.39999771118164
1762250949468,113.19998168945312,85.39999771118164
1762250949485,111.19998168945312,85.39999771118164
1762250949509,110.19998168945312,85.39999771118164
1762250949529,109.19998168945312,86.39999771118164
1762250949546,108.19998168945312,86.39999771118164
1762250949569,107.19998168945312,86.39999771118164
1762250949586,106.19998168945312,86.39999771118164
1762250949605,106.19998168945312,86.39999771118164
1762250949652,105.19998168945312,86.39999771118164
1762250949673,104.19998168945312,88.39999771118164
1762250949691,102.19998168945312,88.39999771118164
1762250949710,100.19998168945312,89.39999771118164
1762250949727,100.19998168945312,90.39999771118164
1762250949745,98.19998168945312,90.39999771118164
1762250949762,98.19998168945312,91.39999771118164
1762250949785,97.19998168945312,92.39999771118164
1762250949803,96.19998168945312,92.39999771118164
1762250949820,96.19998168945312,92.39999771118164
1762250949852,95.19998168945312,92.39999771118164
1762250949869,94.19998168945312,93.39999771118164
1762250949885,94.19998168945312,94.39999771118164
1762250949902,92.19998168945312,96.39999771118164
1762250949919,90.19998168945312,98.39999771118164
1762250949936,89.19998168945312,99.39999771118164
1762250949953,87.19998168945312,100.39999771118164
1762250949970,86.19998168945312,101.39999771118164
1762250949988,86.19998168945312,102.39999771118164
1762250950005,85.19998168945312,103.39999771118164
1762250950021,84.19998168945312,104.39999771118164
1762250950039,82.19998168945312,108.39999771118164
1762250950056,80.19998168945312,109.39999771118164
1762250950075,78.19998168945312,111.39999771118164
1762250950090,77.19998168945312,112.39999771118164
1762250950107,76.19998168945312,113.39999771118164
1762250950125,74.19998168945312,116.39999771118164
1762250950141,74.19998168945312,118.39999771118164
1762250950158,71.19998168945312,120.39999771118164
1762250950185,68.19998168945312,124.39999771118164
1762250950202,67.19998168945312,125.39999771118164
1762250950219,66.19998168945312,128.39999771118164
1762250950236,66.19998168945312,128.39999771118164
1762250950253,64.19998168945312,129.39999771118164
1762250950270,63.199981689453125,132.39999771118164
1762250950287,62.199981689453125,136.39999771118164
1762250950303,60.199981689453125,138.39999771118164
1762250950319,58.199981689453125,141.39999771118164
1762250950335,58.199981689453125,144.39999771118164
1762250950352,58.199981689453125,144.39999771118164
1762250950369,57.199981689453125,145.39999771118164
1762250950386,55.199981689453125,147.39999771118164
1762250950404,55.199981689453125,149.39999771118164
1762250950421,54.199981689453125,152.39999771118164
1762250950437,53.199981689453125,155.39999771118164
1762250950469,53.199981689453125,156.39999771118164
1762250950485,53.199981689453125,157.39999771118164
1762250950502,51.199981689453125,161.39999771118164
1762250950519,50.199981689453125,164.39999771118164
1762250950536,50.199981689453125,168.39999771118164
1762250950553,50.199981689453125,169.39999771118164
1762250950571,50.199981689453125,171.39999771118164
1762250950586,49.199981689453125,172.39999771118164
1762250950608,48.199981689453125,174.39999771118164
1762250950659,46.199981689453125,181.39999771118164
1762250950770,46.199981689453125,192.39999771118164
1762250950786,46.199981689453125,193.39999771118164
1762250950802,45.199981689453125,196.39999771118164
1762250950820,45.199981689453125,196.39999771118164
1762250950835,45.199981689453125,198.39999771118164
1762250950852,45.199981689453125,203.39999771118164
1762250950869,44.199981689453125,205.39999771118164
1762250950885,44.199981689453125,208.39999771118164
1762250950902,43.199981689453125,213.39999771118164
1762250950922,42.199981689453125,216.39999771118164
1762250950944,42.199981689453125,219.39999771118164
1762250950962,42.199981689453125,223.39999771118164
1762250950981,42.199981689453125,228.39999771118164
1762250950996,42.199981689453125,230.39999771118164
1762250951010,42.199981689453125,232.39999771118164
1762250951024,42.199981689453125,235.39999771118164
1762250951039,42.199981689453125,236.39999771118164
1762250951055,42.199981689453125,240.39999771118164
1762250951070,42.199981689453125,242.39999771118164
1762250951085,42.199981689453125,244.39999771118164
1762250951103,42.199981689453125,245.39999771118164
1762250951119,42.199981689453125,248.39999771118164
1762250951136,42.199981689453125,250.39999771118164
1762250951153,42.199981689453125,252.39999771118164
1762250951169,42.199981689453125,256.39999771118164
1762250951185,42.199981689453125,259.39999771118164
1762250951202,42.199981689453125,260.39999771118164
1762250951219,42.199981689453125,263.39999771118164
1762250951235,42.199981689453125,266.39999771118164
1762250951252,42.199981689453125,271.39999771118164
1762250951269,42.199981689453125,273.39999771118164
1762250951285,42.199981689453125,275.39999771118164
1762250951302,42.199981689453125,276.39999771118164
1762250951319,42.199981689453125,278.39999771118164
1762250951335,42.199981689453125,279.39999771118164
1762250951353,42.199981689453125,280.39999771118164
1762250951370,42.199981689453125,281.39999771118164
1762250951385,42.199981689453125,283.39999771118164
1762250951402,42.199981689453125,284.39999771118164
1762250951419,42.199981689453125,284.39999771118164
1762250951435,42.199981689453125,286.39999771118164
1762250951452,42.199981689453125,287.39999771118164
1762250951470,42.199981689453125,288.39999771118164
1762250951486,43.199981689453125,291.39999771118164
1762250951502,43.199981689453125,292.39999771118164
1762250951519,43.199981689453125,293.39999771118164
1762250951535,44.199981689453125,294.39999771118164
1762250951552,44.199981689453125,295.39999771118164
1762250951569,45.199981689453125,296.39999771118164
1762250951602,45.199981689453125,298.39999771118164
1762250951636,45.199981689453125,299.39999771118164
1762250951656,45.199981689453125,300.39999771118164
1762250951688,45.199981689453125,301.39999771118164
1762250951719,45.199981689453125,302.39999771118164
1762250951769,45.199981689453125,303.39999771118164
1762250951803,45.199981689453125,304.39999771118164
1762250951820,45.199981689453125,304.39999771118164
1762250951842,45.199981689453125,305.39999771118164
1762250951861,45.199981689453125,306.39999771118164
1762250951890,45.199981689453125,307.39999771118164
1762250951919,45.199981689453125,308.39999771118164
1762250952345,46.199981689453125,308.39999771118164
1762250952369,46.199981689453125,307.39999771118164
1762250952387,47.199981689453125,305.39999771118164
1762250952403,48.199981689453125,304.39999771118164
1762250952422,48.199981689453125,303.39999771118164
1762250952438,49.199981689453125,303.39999771118164
1762250952457,49.199981689453125,301.39999771118164
1762250952473,50.199981689453125,301.39999771118164
1762250952492,50.199981689453125,300.39999771118164
1762250952518,50.199981689453125,299.39999771118164
1762250952536,50.199981689453125,298.39999771118164
1762250952554,50.199981689453125,297.39999771118164
1762250952571,50.199981689453125,295.39999771118164
1762250952588,50.199981689453125,293.39999771118164
1762250952606,50.199981689453125,292.39999771118164
1762250952623,50.199981689453125,292.39999771118164
1762250952641,50.199981689453125,291.39999771118164
1762250952663,50.199981689453125,290.39999771118164
1762250952684,50.199981689453125,288.39999771118164
1762250952701,50.199981689453125,288.39999771118164
1762250952720,50.199981689453125,287.39999771118164
1762250952736,50.199981689453125,286.39999771118164
1762250952752,50.199981689453125,285.39999771118164
1762250952768,51.199981689453125,284.39999771118164
1762250952785,51.199981689453125,284.39999771118164
1762250952802,52.199981689453125,283.39999771118164
1762250952819,52.199981689453125,282.39999771118164
1762250952835,52.199981689453125,280.39999771118164
1762250952869,52.199981689453125,280.39999771118164
1762250952888,52.199981689453125,279.39999771118164
1762250952908,52.199981689453125,278.39999771118164
1762250952928,52.199981689453125,276.39999771118164
1762250952947,52.199981689453125,275.39999771118164
1762250952964,52.199981689453125,274.39999771118164
1762250952981,52.199981689453125,272.39999771118164
1762250952996,52.199981689453125,272.39999771118164
1762250953012,52.199981689453125,270.39999771118164
1762250953052,52.199981689453125,267.39999771118164
1762250953072,52.199981689453125,265.39999771118164
1762250953093,52.199981689453125,260.39999771118164
1762250953115,52.199981689453125,256.39999771118164
1762250953133,51.199981689453125,255.39999771118164
1762250953152,51.199981689453125,252.39999771118164
1762250953170,51.199981689453125,248.39999771118164
1762250953187,50.199981689453125,247.39999771118164
1762250953205,50.199981689453125,244.39999771118164
1762250953222,50.199981689453125,244.39999771118164
1762250953239,50.199981689453125,242.39999771118164
1762250953256,50.199981689453125,241.39999771118164
1762250953274,50.199981689453125,240.39999771118164
1762250953291,50.199981689453125,239.39999771118164
1762250953308,50.199981689453125,237.39999771118164
1762250953326,50.199981689453125,236.39999771118164
1762250953345,50.199981689453125,232.39999771118164
1762250953368,50.199981689453125,229.39999771118164
1762250953398,50.199981689453125,226.39999771118164
1762250953416,50.199981689453125,224.39999771118164
1762250953432,50.199981689453125,223.39999771118164
1762250953449,50.199981689453125,221.39999771118164
1762250953465,50.199981689453125,220.39999771118164
1762250953482,50.199981689453125,217.39999771118164
1762250953499,50.199981689453125,214.39999771118164
1762250953516,50.199981689453125,210.39999771118164
1762250953533,50.199981689453125,208.39999771118164
1762250953550,50.199981689453125,205.39999771118164
1762250953566,50.199981689453125,204.39999771118164
1762250953583,50.199981689453125,203.39999771118164
1762250953600,50.199981689453125,201.39999771118164
1762250953617,50.199981689453125,200.39999771118164
1762250953633,50.199981689453125,199.39999771118164
1762250953669,50.199981689453125,197.39999771118164
1762250953691,50.199981689453125,194.39999771118164
1762250953710,51.199981689453125,189.39999771118164
1762250953731,52.199981689453125,186.39999771118164
1762250953749,53.199981689453125,184.39999771118164
1762250953766,53.199981689453125,183.39999771118164
1762250953782,53.199981689453125,182.39999771118164
1762250953799,54.199981689453125,180.39999771118164
1762250953815,54.199981689453125,179.39999771118164
1762250953836,55.199981689453125,177.39999771118164
1762250953852,55.199981689453125,176.39999771118164
1762250953868,55.199981689453125,175.39999771118164
1762250953886,55.199981689453125,173.39999771118164
1762250953903,55.199981689453125,172.39999771118164
1762250953920,55.199981689453125,171.39999771118164
1762250953936,55.199981689453125,170.39999771118164
1762250953953,56.199981689453125,168.39999771118164
1762250953969,57.199981689453125,166.39999771118164
1762250953986,57.199981689453125,164.39999771118164
1762250954002,57.199981689453125,163.39999771118164
1762250954019,58.199981689453125,160.39999771118164
1762250954052,58.199981689453125,159.39999771118164
1762250954073,58.199981689453125,158.39999771118164
1762250954092,58.199981689453125,157.39999771118164
1762250954112,58.199981689453125,156.39999771118164
1762250954133,58.199981689453125,154.39999771118164
1762250954153,58.199981689453125,152.39999771118164
1762250954172,58.199981689453125,150.39999771118164
1762250954190,58.199981689453125,148.39999771118164
1762250954208,58.199981689453125,147.39999771118164
1762250954235,58.199981689453125,145.39999771118164
1762250954253,58.199981689453125,144.39999771118164
1762250954275,59.199981689453125,137.39999771118164
1762250954294,59.199981689453125,132.39999771118164
1762250954313,59.199981689453125,131.39999771118164
1762250954333,59.199981689453125,129.39999771118164
1762250954349,59.199981689453125,128.39999771118164
1762250954371,59.199981689453125,126.39999771118164
1762250954402,59.199981689453125,125.39999771118164
1762250954421,59.199981689453125,124.39999771118164
1762250954452,59.199981689453125,124.39999771118164
1762250954472,59.199981689453125,123.39999771118164
1762250954490,59.199981689453125,122.39999771118164
1762250954510,58.199981689453125,122.39999771118164
1762250954569,58.199981689453125,121.39999771118164
1762250954621,58.199981689453125,121.39999771118164
1762250954670,57.199981689453125,121.39999771118164
1762250954718,56.199981689453125,122.39999771118164
1762250954742,56.199981689453125,124.39999771118164
1762250954762,55.199981689453125,124.39999771118164
1762250954779,54.199981689453125,125.39999771118164
1762250954799,54.199981689453125,128.39999771118164
1762250954822,53.199981689453125,134.39999771118164
1762250954841,50.199981689453125,142.39999771118164
1762250954856,48.199981689453125,151.39999771118164
1762250954874,46.199981689453125,158.39999771118164
1762250954893,46.199981689453125,162.39999771118164
1762250954910,45.199981689453125,164.39999771118164
1762250954928,45.199981689453125,165.39999771118164
1762250954945,45.199981689453125,166.39999771118164
1762250954963,45.199981689453125,168.39999771118164
1762250954980,45.199981689453125,170.39999771118164
1762250954997,46.199981689453125,172.39999771118164
1762250955014,46.199981689453125,175.39999771118164
1762250955033,46.199981689453125,176.39999771118164
1762250955051,47.199981689453125,178.39999771118164
1762250955070,47.199981689453125,179.39999771118164
1762250955088,47.199981689453125,180.39999771118164
1762250955105,48.199981689453125,183.39999771118164
1762250955124,48.199981689453125,185.39999771118164
1762250955142,48.199981689453125,187.39999771118164
1762250955159,48.199981689453125,188.39999771118164
1762250955176,48.199981689453125,189.39999771118164
1762250955193,48.199981689453125,190.39999771118164
1762250955209,48.199981689453125,192.39999771118164
1762250955225,48.199981689453125,194.39999771118164
1762250955243,49.199981689453125,197.39999771118164
1762250955259,49.199981689453125,199.39999771118164
1762250955276,49.199981689453125,200.39999771118164
1762250955293,49.199981689453125,201.39999771118164
1762250955309,49.199981689453125,202.39999771118164
1762250955325,49.199981689453125,203.39999771118164
1762250955345,49.199981689453125,204.39999771118164
1762250955363,49.199981689453125,205.39999771118164
1762250955385,49.199981689453125,206.39999771118164
1762250955403,49.199981689453125,207.39999771118164
1762250955419,49.199981689453125,208.39999771118164
1762250955436,49.199981689453125,208.39999771118164
1762250955453,49.199981689453125,209.39999771118164
1762250955535,49.199981689453125,208.39999771118164
1762250955556,49.199981689453125,207.39999771118164
1762250955577,50.199981689453125,204.39999771118164
1762250955597,51.199981689453125,198.39999771118164
1762250955616,53.199981689453125,193.39999771118164
1762250955635,54.199981689453125,188.39999771118164
1762250955654,55.199981689453125,188.39999771118164
1762250955673,56.199981689453125,185.39999771118164
1762250955693,56.199981689453125,184.39999771118164
1762250955711,57.199981689453125,184.39999771118164
1762250955730,57.199981689453125,181.39999771118164
1762250955747,57.199981689453125,180.39999771118164
1762250955769,58.199981689453125,176.39999771118164
1762250955788,59.199981689453125,175.39999771118164
1762250955807,59.199981689453125,173.39999771118164
1762250955826,59.199981689453125,172.39999771118164
1762250955844,60.199981689453125,169.39999771118164
1762250955863,61.199981689453125,168.39999771118164
1762250955883,61.199981689453125,165.39999771118164
1762250955901,61.199981689453125,164.39999771118164
1762250955919,61.199981689453125,162.39999771118164
1762250955952,61.199981689453125,160.39999771118164
1762250955969,61.199981689453125,159.39999771118164
1762250955987,61.199981689453125,158.39999771118164
1762250956005,61.199981689453125,157.39999771118164
1762250956022,62.199981689453125,156.39999771118164
1762250956040,62.199981689453125,156.39999771118164
1762250956058,62.199981689453125,153.39999771118164
1762250956076,62.199981689453125,151.39999771118164
1762250956094,63.199981689453125,147.39999771118164
1762250956113,64.19998168945312,144.39999771118164
1762250956131,64.19998168945312,143.39999771118164
1762250956148,65.19998168945312,142.39999771118164
1762250956165,65.19998168945312,141.39999771118164
1762250956182,65.19998168945312,139.39999771118164
1762250956199,66.19998168945312,138.39999771118164
1762250956216,66.19998168945312,137.39999771118164
1762250956235,66.19998168945312,136.39999771118164
1762250956253,66.19998168945312,133.39999771118164
1762250956285,66.19998168945312,132.39999771118164
1762250956304,66.19998168945312,132.39999771118164
1762250956325,66.19998168945312,131.39999771118164
1762250956343,66.19998168945312,130.39999771118164
1762250956360,66.19998168945312,129.39999771118164
1762250956378,66.19998168945312,128.39999771118164
1762250956402,65.19998168945312,124.39999771118164
1762250956419,63.199981689453125,123.39999771118164
1762250956435,63.199981689453125,122.39999771118164
1762250956453,62.199981689453125,121.39999771118164
1762250956470,62.199981689453125,120.39999771118164
1762250956487,61.199981689453125,120.39999771118164
1762250956505,60.199981689453125,119.39999771118164
1762250956523,59.199981689453125,118.39999771118164
1762250956541,59.199981689453125,117.39999771118164
1762250956559,59.199981689453125,116.39999771118164
1762250956577,58.199981689453125,116.39999771118164
1762250956619,58.199981689453125,116.39999771118164
1762250956639,57.199981689453125,115.39999771118164
1762250956702,56.199981689453125,114.39999771118164
1762250956722,55.199981689453125,114.39999771118164
1762250956742,55.199981689453125,113.39999771118164
1762250956764,55.199981689453125,112.39999771118164
1762250956849,56.199981689453125,112.39999771118164
1762250956869,57.199981689453125,111.39999771118164
1762250956889,58.199981689453125,110.39999771118164
1762250956908,61.199981689453125,108.39999771118164
1762250956927,62.199981689453125,108.39999771118164
1762250956946,62.199981689453125,107.39999771118164
1762250956965,63.199981689453125,107.39999771118164
1762250956984,65.19998168945312,106.39999771118164
1762250957003,66.19998168945312,106.39999771118164
1762250957022,66.19998168945312,105.39999771118164
1762250957041,66.19998168945312,104.39999771118164
1762250957063,68.19998168945312,104.39999771118164
1762250957082,69.19998168945312,104.39999771118164
1762250957102,70.19998168945312,104.39999771118164
1762250957123,72.19998168945312,103.39999771118164
1762250957142,74.19998168945312,102.39999771118164
1762250957162,76.19998168945312,100.39999771118164
1762250957182,77.19998168945312,100.39999771118164
1762250957202,78.19998168945312,100.39999771118164
1762250957222,80.19998168945312,100.39999771118164
1762250957241,84.19998168945312,98.39999771118164
1762250957260,86.19998168945312,96.39999771118164
1762250957281,88.19998168945312,96.39999771118164
1762250957300,90.19998168945312,95.39999771118164
1762250957320,92.19998168945312,94.39999771118164
1762250957342,96.19998168945312,92.39999771118164
1762250957362,100.19998168945312,91.39999771118164
1762250957382,102.19998168945312,90.39999771118164
1762250957418,105.19998168945312,89.39999771118164
1762250957438,107.19998168945312,88.39999771118164
1762250957456,110.19998168945312,88.39999771118164
1762250957478,111.19998168945312,87.39999771118164
1762250957501,114.19998168945312,86.39999771118164
1762250957524,115.19998168945312,86.39999771118164
1762250957547,117.19998168945312,85.39999771118164
1762250957568,120.19998168945312,85.39999771118164
1762250957590,122.19998168945312,85.39999771118164
1762250957613,123.19998168945312,85.39999771118164
1762250957637,125.19998168945312,85.39999771118164
1762250957670,127.19998168945312,85.39999771118164
1762250957696,129.19998168945312,85.39999771118164
1762250957719,130.19998168945312,85.39999771118164
1762250957739,132.19998168945312,85.39999771118164
1762250957758,132.19998168945312,86.39999771118164
1762250957779,134.19998168945312,86.39999771118164
1762250957797,134.19998168945312,86.39999771118164
1762250957816,134.19998168945312,87.39999771118164
1762250957834,135.19998168945312,87.39999771118164
1762250957853,136.19998168945312,87.39999771118164
1762250957872,137.19998168945312,88.39999771118164
1762250957891,138.19998168945312,88.39999771118164
1762250957909,138.19998168945312,88.39999771118164
1762250957935,138.19998168945312,89.39999771118164
1762250957954,140.19998168945312,90.39999771118164
1762250957971,140.19998168945312,91.39999771118164
1762250957991,140.19998168945312,92.39999771118164
1762250958010,141.19998168945312,92.39999771118164
1762250958028,142.19998168945312,92.39999771118164
1762250958045,142.19998168945312,94.39999771118164
1762250958062,142.19998168945312,95.39999771118164
1762250958080,142.19998168945312,95.39999771118164
1762250958098,142.19998168945312,96.39999771118164
1762250958115,143.19998168945312,96.39999771118164
1762250958132,143.19998168945312,97.39999771118164
1762250958153,144.19998168945312,99.39999771118164
1762250958235,145.19998168945312,100.39999771118164
1762250958256,146.19998168945312,100.39999771118164
1762250958276,146.19998168945312,102.39999771118164
1762250958296,148.19998168945312,103.39999771118164
1762250958318,149.19998168945312,104.39999771118164
1762250958335,150.19998168945312,104.39999771118164
1762250958354,150.19998168945312,104.39999771118164
1762250958374,152.19998168945312,105.39999771118164
1762250958393,153.19998168945312,106.39999771118164
1762250958419,154.19998168945312,106.39999771118164
1762250958437,156.19998168945312,107.39999771118164
1762250958468,157.19998168945312,108.39999771118164
1762250958486,158.19998168945312,108.39999771118164
1762250958518,159.19998168945312,108.39999771118164
1762250958535,160.19998168945312,109.39999771118164
1762250958553,160.19998168945312,110.39999771118164
1762250958572,162.19998168945312,110.39999771118164
1762250958592,163.19998168945312,111.39999771118164
1762250958610,164.19998168945312,112.39999771118164
1762250958631,166.19998168945312,112.39999771118164
1762250958650,166.19998168945312,114.39999771118164
1762250958671,169.19998168945312,116.39999771118164
1762250958698,173.19998168945312,120.39999771118164
1762250958718,176.19998168945312,122.39999771118164
1762250958737,178.19998168945312,124.39999771118164
1762250958755,179.19998168945312,126.39999771118164
1762250958776,181.19998168945312,127.39999771118164
1762250958795,182.19998168945312,128.39999771118164
1762250958816,184.19998168945312,129.39999771118164
1762250958835,184.19998168945312,132.39999771118164
1762250958853,187.19998168945312,134.39999771118164
1762250958871,187.19998168945312,135.39999771118164
1762250958888,189.19998168945312,137.39999771118164
1762250958906,190.19998168945312,140.39999771118164
1762250958925,191.19998168945312,142.39999771118164
1762250958944,194.19998168945312,145.39999771118164
1762250958964,196.19998168945312,148.39999771118164
1762250958983,198.19998168945312,152.39999771118164
1762250959003,200.19998168945312,154.39999771118164
1762250959023,203.19998168945312,159.39999771118164
1762250959044,205.19998168945312,163.39999771118164
1762250959075,208.19998168945312,170.39999771118164
1762250959104,210.19998168945312,180.39999771118164
1762250959120,210.19998168945312,184.39999771118164
1762250959139,210.19998168945312,189.39999771118164
1762250959160,210.19998168945312,192.39999771118164
1762250959178,210.19998168945312,196.39999771118164
1762250959200,208.19998168945312,202.39999771118164
1762250959215,207.19998168945312,207.39999771118164
1762250959233,207.19998168945312,208.39999771118164
1762250959251,206.19998168945312,210.39999771118164
1762250959269,206.19998168945312,211.39999771118164
1762250959287,206.19998168945312,212.39999771118164
1762250959305,206.19998168945312,213.39999771118164
1762250959324,205.19998168945312,216.39999771118164
1762250959343,204.19998168945312,221.39999771118164
1762250959361,202.19998168945312,226.39999771118164
1762250959380,202.19998168945312,228.39999771118164
1762250959399,202.19998168945312,231.39999771118164
1762250959437,201.19998168945312,237.39999771118164
1762250959458,199.19998168945312,241.39999771118164
1762250959481,198.19998168945312,244.39999771118164
1762250959501,198.19998168945312,246.39999771118164
1762250959535,198.19998168945312,248.39999771118164
1762250959559,197.19998168945312,250.39999771118164
1762250959580,197.19998168945312,253.39999771118164
1762250959601,196.19998168945312,255.39999771118164
1762250959622,196.19998168945312,260.39999771118164
1762250959641,195.19998168945312,263.39999771118164
1762250959659,194.19998168945312,267.39999771118164
1762250959677,194.19998168945312,270.39999771118164
1762250959695,194.19998168945312,271.39999771118164
1762250959713,193.19998168945312,272.39999771118164
1762250959731,193.19998168945312,274.39999771118164
1762250959749,193.19998168945312,278.39999771118164
1762250959767,192.19998168945312,282.39999771118164
1762250959787,191.19998168945312,284.39999771118164
1762250959804,190.19998168945312,288.39999771118164
1762250959822,190.19998168945312,289.39999771118164
1762250959843,190.19998168945312,291.39999771118164
1762250959861,190.19998168945312,292.39999771118164
1762250959881,189.19998168945312,293.39999771118164
1762250959899,189.19998168945312,294.39999771118164
1762250959930,189.19998168945312,295.39999771118164
1762250959948,189.19998168945312,296.39999771118164
1762250959967,189.19998168945312,298.39999771118164
1762250959986,189.19998168945312,300.39999771118164
1762250960006,189.19998168945312,301.39999771118164
1762250960024,189.19998168945312,302.39999771118164
1762250960044,189.19998168945312,303.39999771118164
1762250960064,189.19998168945312,304.39999771118164
1762250960084,189.19998168945312,304.39999771118164
1762250960118,189.19998168945312,305.39999771118164
1762250960141,189.19998168945312,306.39999771118164
1762250960253,189.19998168945312,305.39999771118164
1762250960285,189.19998168945312,304.39999771118164
1762250960305,189.19998168945312,304.39999771118164
1762250960324,189.19998168945312,303.39999771118164
1762250960378,189.19998168945312,302.39999771118164
1762250960419,188.19998168945312,301.39999771118164
1762250960469,186.19998168945312,299.39999771118164
1762250960495,182.19998168945312,294.39999771118164
1762250960513,180.19998168945312,290.39999771118164
1762250960533,178.19998168945312,288.39999771118164
1762250960554,177.19998168945312,288.39999771118164
1762250960574,176.19998168945312,286.39999771118164
1762250960593,174.19998168945312,285.39999771118164
1762250960618,174.19998168945312,284.39999771118164
1762250960636,174.19998168945312,284.39999771118164
1762250960677,173.19998168945312,284.39999771118164
1762250960694,173.19998168945312,283.39999771118164
1762250960778,174.19998168945312,283.39999771118164
1762250960799,177.19998168945312,286.39999771118164
1762250960820,181.19998168945312,292.39999771118164
1762250960841,182.19998168945312,295.39999771118164
1762250960863,183.19998168945312,296.39999771118164
1762250960884,183.19998168945312,298.39999771118164
1762250960905,184.19998168945312,299.39999771118164
1762250960928,185.19998168945312,300.39999771118164
1762250960948,185.19998168945312,300.39999771118164
1762250960970,185.19998168945312,301.39999771118164
1762250960991,185.19998168945312,302.39999771118164
1762250961018,185.19998168945312,303.39999771118164
1762250961051,185.19998168945312,304.39999771118164
1762250961184,185.19998168945312,303.39999771118164
1762250961206,186.19998168945312,300.39999771118164
1762250961228,186.19998168945312,294.39999771118164
1762250961254,186.19998168945312,285.39999771118164
1762250961277,186.19998168945312,284.39999771118164
1762250961299,186.19998168945312,282.39999771118164
1762250961321,186.19998168945312,280.39999771118164
1762250961343,186.19998168945312,278.39999771118164
1762250961365,186.19998168945312,276.39999771118164
1762250961385,186.19998168945312,275.39999771118164
1762250961406,186.19998168945312,274.39999771118164
1762250961427,186.19998168945312,272.39999771118164
1762250961454,186.19998168945312,269.39999771118164
1762250961470,186.19998168945312,268.39999771118164
1762250961490,186.19998168945312,267.39999771118164
1762250961510,186.19998168945312,265.39999771118164
1762250961532,186.19998168945312,264.39999771118164
1762250961556,186.19998168945312,256.39999771118164
1762250961578,186.19998168945312,249.39999771118164
1762250961597,186.19998168945312,245.39999771118164
1762250961617,186.19998168945312,244.39999771118164
1762250961637,186.19998168945312,243.39999771118164
1762250961659,186.19998168945312,237.39999771118164
1762250961683,185.19998168945312,230.39999771118164
1762250961708,185.19998168945312,224.39999771118164
1762250961727,185.19998168945312,224.39999771118164
1762250961746,185.19998168945312,221.39999771118164
1762250961765,185.19998168945312,220.39999771118164
1762250961786,185.19998168945312,219.39999771118164
1762250961818,185.19998168945312,218.39999771118164
1762250961836,185.19998168945312,217.39999771118164
1762250961868,185.19998168945312,216.39999771118164
1762250961887,185.19998168945312,216.39999771118164
1762250961906,185.19998168945312,215.39999771118164
1762250961935,185.19998168945312,214.39999771118164
1762250961957,184.19998168945312,212.39999771118164
1762250961978,182.19998168945312,207.39999771118164
1762250961999,180.19998168945312,203.39999771118164
1762250962019,178.19998168945312,201.39999771118164
1762250962039,178.19998168945312,200.39999771118164
1762250962059,178.19998168945312,198.39999771118164
1762250962078,177.19998168945312,197.39999771118164
1762250962101,177.19998168945312,196.39999771118164
1762250962118,176.19998168945312,196.39999771118164
1762250962138,175.19998168945312,196.39999771118164
1762250962157,175.19998168945312,194.39999771118164
1762250962178,174.19998168945312,193.39999771118164
1762250962197,174.19998168945312,191.39999771118164
1762250962217,174.19998168945312,187.39999771118164
1762250962239,170.19998168945312,175.39999771118164
1762250962257,169.19998168945312,171.39999771118164
1762250962277,169.19998168945312,170.39999771118164
1762250962298,168.19998168945312,168.39999771118164
1762250962317,167.19998168945312,168.39999771118164
1762250962336,167.19998168945312,167.39999771118164
1762250962418,168.19998168945312,167.39999771118164
1762250962441,169.19998168945312,167.39999771118164
1762250962469,171.19998168945312,168.39999771118164
1762250962487,174.19998168945312,171.39999771118164
1762250962508,175.19998168945312,174.39999771118164
1762250962530,178.19998168945312,178.39999771118164
1762250962551,180.19998168945312,184.39999771118164
1762250962576,182.19998168945312,188.39999771118164
1762250962598,182.19998168945312,192.39999771118164
1762250962619,182.19998168945312,196.39999771118164
1762250962641,184.19998168945312,204.39999771118164
1762250962669,186.19998168945312,209.39999771118164
1762250962698,186.19998168945312,215.39999771118164
1762250962721,186.19998168945312,220.39999771118164
1762250962741,186.19998168945312,227.39999771118164
1762250962762,186.19998168945312,230.39999771118164
1762250962781,186.19998168945312,232.39999771118164
1762250962800,186.19998168945312,234.39999771118164
1762250962820,186.19998168945312,235.39999771118164
1762250962841,186.19998168945312,236.39999771118164
1762250962868,186.19998168945312,237.39999771118164
1762250962889,187.19998168945312,239.39999771118164
1762250962912,188.19998168945312,241.39999771118164
1762250962932,188.19998168945312,242.39999771118164
1762250962953,189.19998168945312,243.39999771118164
1762250962973,190.19998168945312,244.39999771118164
1762250962995,190.19998168945312,245.39999771118164
1762250963015,190.19998168945312,246.39999771118164
1762250963035,191.19998168945312,247.39999771118164
1762250963118,192.19998168945312,247.39999771118164
1762250963141,193.19998168945312,247.39999771118164
1762250963167,194.19998168945312,245.39999771118164
1762250963193,194.19998168945312,244.39999771118164
1762250963214,194.19998168945312,243.39999771118164
1762250963236,194.19998168945312,242.39999771118164
1762250963258,194.19998168945312,240.39999771118164
1762250963280,194.19998168945312,234.39999771118164
1762250963303,194.19998168945312,229.39999771118164
1762250963326,194.19998168945312,228.39999771118164
1762250963348,193.19998168945312,225.39999771118164
1762250963369,193.19998168945312,224.39999771118164
1762250963390,193.19998168945312,224.39999771118164
1762250963413,193.19998168945312,223.39999771118164
1762250963444,193.19998168945312,221.39999771118164
1762250963485,192.19998168945312,216.39999771118164
1762250963510,191.19998168945312,212.39999771118164
1762250963538,190.19998168945312,210.39999771118164
1762250963559,190.19998168945312,208.39999771118164
1762250963583,190.19998168945312,207.39999771118164
1762250963605,190.19998168945312,206.39999771118164
1762250963624,190.19998168945312,205.39999771118164
1762250963642,190.19998168945312,204.39999771118164
1762250963668,190.19998168945312,204.39999771118164
1762250963687,189.19998168945312,202.39999771118164
1762250963707,187.19998168945312,195.39999771118164
1762250963727,184.19998168945312,189.39999771118164
1762250963746,183.19998168945312,186.39999771118164
1762250963766,182.19998168945312,185.39999771118164
1762250963786,182.19998168945312,184.39999771118164
1762250963805,182.19998168945312,184.39999771118164
1762250963825,181.19998168945312,183.39999771118164
1762250963846,181.19998168945312,181.39999771118164
1762250963866,180.19998168945312,181.39999771118164
1762250963886,180.19998168945312,180.39999771118164
1762250963906,178.19998168945312,176.39999771118164
1762250963926,176.19998168945312,166.39999771118164
1762250963948,174.19998168945312,158.39999771118164
1762250963966,174.19998168945312,155.39999771118164
1762250963986,173.19998168945312,154.39999771118164
1762250964005,172.19998168945312,152.39999771118164
1762250964024,172.19998168945312,152.39999771118164
1762250964043,171.19998168945312,151.39999771118164
1762250964063,171.19998168945312,150.39999771118164
1762250964101,170.19998168945312,149.39999771118164
1762250964123,169.19998168945312,146.39999771118164
1762250964145,167.19998168945312,141.39999771118164
1762250964166,165.19998168945312,137.39999771118164
1762250964187,165.19998168945312,136.39999771118164
1762250964207,163.19998168945312,135.39999771118164
1762250964228,163.19998168945312,133.39999771118164
1762250964248,162.19998168945312,133.39999771118164
1762250964269,162.19998168945312,132.39999771118164
1762250964287,161.19998168945312,132.39999771118164
1762250964306,161.19998168945312,131.39999771118164
1762250964334,160.19998168945312,130.39999771118164
1762250964385,159.19998168945312,130.39999771118164
1762250964418,158.19998168945312,130.39999771118164
1762250964438,157.19998168945312,131.39999771118164
1762250964460,156.19998168945312,131.39999771118164
1762250964488,155.19998168945312,132.39999771118164
1762250964505,155.19998168945312,133.39999771118164
1762250964527,154.19998168945312,135.39999771118164
1762250964550,152.19998168945312,139.39999771118164
1762250964573,150.19998168945312,141.39999771118164
1762250964594,150.19998168945312,146.39999771118164
1762250964616,150.19998168945312,150.39999771118164
1762250964637,149.19998168945312,155.39999771118164
1762250964661,149.19998168945312,158.39999771118164
1762250964697,149.19998168945312,161.39999771118164
1762250964725,149.19998168945312,166.39999771118164
1762250964750,149.19998168945312,172.39999771118164
1762250964771,149.19998168945312,176.39999771118164
1762250964792,149.19998168945312,178.39999771118164
1762250964813,149.19998168945312,180.39999771118164
1762250964835,149.19998168945312,182.39999771118164
1762250964855,149.19998168945312,187.39999771118164
1762250964876,149.19998168945312,192.39999771118164
1762250964897,149.19998168945312,196.39999771118164
1762250964917,149.19998168945312,200.39999771118164
1762250964937,149.19998168945312,204.39999771118164
1762250964960,149.19998168945312,208.39999771118164
1762250964980,149.19998168945312,212.39999771118164
1762250965002,149.19998168945312,215.39999771118164
1762250965021,149.19998168945312,217.39999771118164
1762250965041,149.19998168945312,220.39999771118164
1762250965062,149.19998168945312,221.39999771118164
1762250965082,149.19998168945312,224.39999771118164
1762250965104,149.19998168945312,230.39999771118164
1762250965124,149.19998168945312,232.39999771118164
1762250965144,149.19998168945312,233.39999771118164
1762250965164,149.19998168945312,235.39999771118164
1762250965183,149.19998168945312,236.39999771118164
1762250965202,149.19998168945312,238.39999771118164
1762250965221,150.19998168945312,238.39999771118164
1762250965251,150.19998168945312,239.39999771118164
1762250965272,151.19998168945312,239.39999771118164
1762250965339,152.19998168945312,238.39999771118164
1762250965363,153.19998168945312,235.39999771118164
1762250965385,154.19998168945312,232.39999771118164
1762250965408,154.19998168945312,230.39999771118164
1762250965433,154.19998168945312,227.39999771118164
1762250965453,155.19998168945312,224.39999771118164
1762250965474,156.19998168945312,220.39999771118164
1762250965501,157.19998168945312,216.39999771118164
1762250965520,157.19998168945312,213.39999771118164
1762250965541,157.19998168945312,212.39999771118164
1762250965561,158.19998168945312,210.39999771118164
1762250965582,158.19998168945312,204.39999771118164
1762250965604,158.19998168945312,201.39999771118164
1762250965625,158.19998168945312,199.39999771118164
1762250965646,158.19998168945312,197.39999771118164
1762250965667,158.19998168945312,196.39999771118164
1762250965692,158.19998168945312,190.39999771118164
1762250965721,157.19998168945312,184.39999771118164
1762250965749,155.19998168945312,179.39999771118164
1762250965769,155.19998168945312,177.39999771118164
1762250965789,155.19998168945312,176.39999771118164
1762250965809,154.19998168945312,172.39999771118164
1762250965828,154.19998168945312,168.39999771118164
1762250965849,152.19998168945312,164.39999771118164
1762250965869,151.19998168945312,160.39999771118164
1762250965889,151.19998168945312,160.39999771118164
1762250965909,150.19998168945312,157.39999771118164
1762250965930,150.19998168945312,152.39999771118164
1762250965951,150.19998168945312,147.39999771118164
1762250965973,149.19998168945312,144.39999771118164
1762250965995,148.19998168945312,142.39999771118164
1762250966017,148.19998168945312,140.39999771118164
1762250966041,148.19998168945312,139.39999771118164
1762250966062,146.19998168945312,138.39999771118164
1762250966082,146.19998168945312,137.39999771118164
1762250966101,146.19998168945312,136.39999771118164
1762250966122,146.19998168945312,136.39999771118164
1762250966151,144.19998168945312,134.39999771118164
1762250966175,143.19998168945312,133.39999771118164
1762250966197,142.19998168945312,132.39999771118164
1762250966218,140.19998168945312,131.39999771118164
1762250966239,138.19998168945312,129.39999771118164
1762250966260,134.19998168945312,127.39999771118164
1762250966280,129.19998168945312,124.39999771118164
1762250966300,126.19998168945312,124.39999771118164
1762250966320,124.19998168945312,123.39999771118164
1762250966340,122.19998168945312,123.39999771118164
1762250966361,119.19998168945312,123.39999771118164
1762250966382,116.19998168945312,124.39999771118164
1762250966402,112.19998168945312,126.39999771118164
1762250966421,110.19998168945312,127.39999771118164
1762250966441,108.19998168945312,128.39999771118164
1762250966462,107.19998168945312,128.39999771118164
1762250966482,106.19998168945312,128.39999771118164
1762250966518,104.19998168945312,130.39999771118164
1762250966540,102.19998168945312,131.39999771118164
1762250966564,100.19998168945312,132.39999771118164
1762250966588,97.19998168945312,133.39999771118164
1762250966610,94.19998168945312,133.39999771118164
1762250966630,94.19998168945312,134.39999771118164
1762250966651,92.19998168945312,134.39999771118164
1762250966671,91.19998168945312,135.39999771118164
1762250966701,90.19998168945312,135.39999771118164
1762250966720,90.19998168945312,136.39999771118164
1762250966751,90.19998168945312,136.39999771118164
1762250966775,88.19998168945312,137.39999771118164
1762250966798,87.19998168945312,137.39999771118164
1762250966819,86.19998168945312,137.39999771118164
1762250966840,86.19998168945312,137.39999771118164
1762250966862,83.19998168945312,136.39999771118164
1762250966882,80.19998168945312,134.39999771118164
1762250966905,73.19998168945312,128.39999771118164
1762250966925,70.19998168945312,125.39999771118164
1762250966948,68.19998168945312,124.39999771118164
1762250966969,67.19998168945312,123.39999771118164
1762250966992,66.19998168945312,121.39999771118164
1762250967014,66.19998168945312,120.39999771118164
1762250967036,66.19998168945312,120.39999771118164
1762250967059,66.19998168945312,119.39999771118164
1762250967081,66.19998168945312,118.39999771118164
1762250967104,66.19998168945312,117.39999771118164
1762250967128,71.19998168945312,115.39999771118164
1762250967150,81.19998168945312,111.39999771118164
1762250967178,95.19998168945312,106.39999771118164
1762250967200,106.19998168945312,102.39999771118164
1762250967220,109.19998168945312,100.39999771118164
1762250967242,110.19998168945312,100.39999771118164
1762250967265,112.19998168945312,100.39999771118164
1762250967287,114.19998168945312,98.39999771118164
1762250967307,116.19998168945312,98.39999771118164
1762250967328,118.19998168945312,98.39999771118164
1762250967351,122.19998168945312,98.39999771118164
1762250967372,124.19998168945312,98.39999771118164
1762250967394,130.19998168945312,98.39999771118164
1762250967416,135.19998168945312,99.39999771118164
1762250967439,141.19998168945312,100.39999771118164
1762250967459,144.19998168945312,103.39999771118164
1762250967480,146.19998168945312,104.39999771118164
1762250967502,150.19998168945312,104.39999771118164
1762250967534,152.19998168945312,105.39999771118164
1762250967555,155.19998168945312,107.39999771118164
1762250967577,157.19998168945312,107.39999771118164
1762250967599,158.19998168945312,108.39999771118164
1762250967621,160.19998168945312,109.39999771118164
1762250967642,161.19998168945312,109.39999771118164
1762250967664,163.19998168945312,111.39999771118164
1762250967685,164.19998168945312,112.39999771118164
1762250967708,167.19998168945312,114.39999771118164
1762250967732,167.19998168945312,115.39999771118164
1762250967752,170.19998168945312,116.39999771118164
1762250967773,170.19998168945312,117.39999771118164
1762250967794,171.19998168945312,119.39999771118164
1762250967815,172.19998168945312,120.39999771118164
1762250967837,174.19998168945312,121.39999771118164
1762250967860,174.19998168945312,122.39999771118164
1762250967881,174.19998168945312,123.39999771118164
1762250967904,175.19998168945312,124.39999771118164
1762250967925,176.19998168945312,125.39999771118164
1762250967953,177.19998168945312,126.39999771118164
1762250968012,177.19998168945312,127.39999771118164
1762250968037,176.19998168945312,128.39999771118164
1762250968060,163.19998168945312,129.39999771118164
1762250968083,152.19998168945312,131.39999771118164
1762250968146,143.19998168945312,130.39999771118164
1762250968180,136.19998168945312,127.39999771118164
1762250968204,133.19998168945312,124.39999771118164
1762250968224,130.19998168945312,124.39999771118164
1762250968244,129.19998168945312,124.39999771118164
1762250968266,126.19998168945312,123.39999771118164
1762250968288,123.19998168945312,122.39999771118164
1762250968309,121.19998168945312,121.39999771118164
1762250968330,117.19998168945312,120.39999771118164
1762250968354,109.19998168945312,120.39999771118164
1762250968374,104.19998168945312,119.39999771118164
1762250968395,102.19998168945312,119.39999771118164
1762250968416,99.19998168945312,119.39999771118164
1762250968437,98.19998168945312,119.39999771118164
1762250968457,98.19998168945312,119.39999771118164
1762250968481,96.19998168945312,119.39999771118164
1762250968518,94.19998168945312,119.39999771118164
1762250968552,94.19998168945312,119.39999771118164
1762250968577,93.19998168945312,119.39999771118164
1762250968600,92.19998168945312,119.39999771118164
1762250968624,88.19998168945312,120.39999771118164
1762250968646,82.19998168945312,120.39999771118164
1762250968670,79.19998168945312,121.39999771118164
1762250968696,77.19998168945312,122.39999771118164
1762250968720,75.19998168945312,122.39999771118164
1762250968742,74.19998168945312,122.39999771118164
1762250968766,72.19998168945312,123.39999771118164
1762250968789,70.19998168945312,124.39999771118164
1762250968853,72.19998168945312,124.39999771118164
1762250968877,79.19998168945312,128.39999771118164
1762250968909,86.19998168945312,130.39999771118164
1762250968930,94.19998168945312,132.39999771118164
1762250968955,104.19998168945312,132.39999771118164
1762250968984,115.19998168945312,132.39999771118164
1762250969007,130.19998168945312,129.39999771118164
1762250969032,135.19998168945312,128.39999771118164
1762250969056,138.19998168945312,127.39999771118164
1762250969081,142.19998168945312,126.39999771118164
1762250969119,147.19998168945312,124.39999771118164
1762250969148,150.19998168945312,124.39999771118164
1762250969173,154.19998168945312,124.39999771118164
1762250969195,157.19998168945312,124.39999771118164
1762250969223,160.19998168945312,124.39999771118164
1762250969244,162.19998168945312,124.39999771118164
1762250969272,166.19998168945312,124.39999771118164
1762250969295,169.19998168945312,124.39999771118164
1762250969321,173.19998168945312,126.39999771118164
1762250969344,175.19998168945312,128.39999771118164
1762250969366,176.19998168945312,128.39999771118164
1762250969390,179.19998168945312,129.39999771118164
1762250969411,179.19998168945312,130.39999771118164
1762250969434,182.19998168945312,132.39999771118164
1762250969456,182.19998168945312,133.39999771118164
1762250969479,183.19998168945312,134.39999771118164
1762250969502,185.19998168945312,136.39999771118164
1762250969525,185.19998168945312,137.39999771118164
1762250969553,186.19998168945312,140.39999771118164
1762250969572,186.19998168945312,140.39999771118164
1762250969594,184.19998168945312,142.39999771118164
1762250969616,182.19998168945312,144.39999771118164
1762250969639,180.19998168945312,146.39999771118164
1762250969662,178.19998168945312,147.39999771118164
1762250969685,175.19998168945312,148.39999771118164
1762250969707,172.19998168945312,149.39999771118164
1762250969729,168.19998168945312,150.39999771118164
1762250969753,163.19998168945312,152.39999771118164
1762250969775,162.19998168945312,152.39999771118164
1762250969798,161.19998168945312,153.39999771118164
1762250969820,159.19998168945312,154.39999771118164
1762250969843,158.19998168945312,154.39999771118164
1762250969865,158.19998168945312,154.39999771118164
1762250969887,158.19998168945312,156.39999771118164
1762250969909,158.19998168945312,156.39999771118164
1762250969933,158.19998168945312,160.39999771118164
1762250969958,159.19998168945312,165.39999771118164
1762250969983,159.19998168945312,168.39999771118164
1762250970006,160.19998168945312,169.39999771118164
1762250970028,161.19998168945312,170.39999771118164
1762250970050,162.19998168945312,172.39999771118164
1762250970073,162.19998168945312,172.39999771118164
1762250970096,162.19998168945312,173.39999771118164
1762250970119,162.19998168945312,174.39999771118164
1762250970152,162.19998168945312,175.39999771118164
1762250970178,162.19998168945312,176.39999771118164
1762250970218,160.19998168945312,176.39999771118164
1762250970242,160.19998168945312,177.39999771118164
1762250970266,158.19998168945312,178.39999771118164
1762250970301,157.19998168945312,179.39999771118164
1762250970321,154.19998168945312,180.39999771118164
1762250970344,150.19998168945312,180.39999771118164
1762250970368,146.19998168945312,180.39999771118164
1762250970396,133.19998168945312,180.39999771118164
1762250970420,126.19998168945312,180.39999771118164
1762250970445,114.19998168945312,181.39999771118164
1762250970465,110.19998168945312,182.39999771118164
1762250970487,108.19998168945312,182.39999771118164
1762250970508,106.19998168945312,182.39999771118164
1762250970530,102.19998168945312,183.39999771118164
1762250970567,100.19998168945312,184.39999771118164
1762250970598,94.19998168945312,184.39999771118164
1762250970624,86.19998168945312,185.39999771118164
1762250970650,80.19998168945312,185.39999771118164
1762250970673,78.19998168945312,185.39999771118164
1762250970696,76.19998168945312,185.39999771118164
1762250970724,74.19998168945312,185.39999771118164
1762250970751,73.19998168945312,185.39999771118164
1762250970777,72.19998168945312,184.39999771118164
1762250970798,72.19998168945312,184.39999771118164
1762250970818,71.19998168945312,184.39999771118164
1762250970839,71.19998168945312,183.39999771118164
1762250970860,71.19998168945312,182.39999771118164
1762250970881,71.19998168945312,181.39999771118164
1762250970902,71.19998168945312,179.39999771118164
1762250970923,74.19998168945312,174.39999771118164
1762250970945,75.19998168945312,170.39999771118164
1762250970968,77.19998168945312,168.39999771118164
1762250970992,78.19998168945312,166.39999771118164
1762250971014,78.19998168945312,165.39999771118164
1762250971037,79.19998168945312,164.39999771118164
1762250971058,80.19998168945312,162.39999771118164
1762250971081,80.19998168945312,161.39999771118164
1762250971105,81.19998168945312,160.39999771118164
1762250971129,81.19998168945312,157.39999771118164
1762250971150,82.19998168945312,154.39999771118164
1762250971174,83.19998168945312,150.39999771118164
1762250971197,83.19998168945312,148.39999771118164
1762250971219,83.19998168945312,147.39999771118164
1762250971243,83.19998168945312,145.39999771118164
1762250971268,84.19998168945312,144.39999771118164
1762250971291,85.19998168945312,144.39999771118164
1762250971314,85.19998168945312,143.39999771118164
1762250971387,86.19998168945312,144.39999771118164
1762250971413,86.19998168945312,146.39999771118164
1762250971444,88.19998168945312,160.39999771118164
1762250971473,90.19998168945312,166.39999771118164
1762250971495,90.19998168945312,170.39999771118164
1762250971521,90.19998168945312,174.39999771118164
1762250971546,90.19998168945312,177.39999771118164
1762250971584,89.19998168945312,179.39999771118164
1762250971605,89.19998168945312,180.39999771118164
1762250971630,89.19998168945312,181.39999771118164
1762250971678,88.19998168945312,181.39999771118164
1762250971700,87.19998168945312,181.39999771118164
1762250971724,86.19998168945312,172.39999771118164
1762250971749,82.19998168945312,140.39999771118164
1762250971778,80.19998168945312,132.39999771118164
1762250971811,79.19998168945312,131.39999771118164
1762250971841,79.19998168945312,128.39999771118164
1762250971866,78.19998168945312,126.39999771118164
1762250971890,77.19998168945312,124.39999771118164
1762250971914,77.19998168945312,122.39999771118164
1762250971937,77.19998168945312,120.39999771118164
1762250971960,76.19998168945312,120.39999771118164
1762250971984,75.19998168945312,119.39999771118164
1762250972034,74.19998168945312,119.39999771118164
1762250972085,73.19998168945312,121.39999771118164
1762250972113,73.19998168945312,130.39999771118164
1762250972150,72.19998168945312,138.39999771118164
1762250972173,72.19998168945312,141.39999771118164
1762250972198,73.19998168945312,145.39999771118164
1762250972222,74.19998168945312,150.39999771118164
1762250972246,81.19998168945312,157.39999771118164
1762250972270,84.19998168945312,164.39999771118164
1762250972294,86.19998168945312,167.39999771118164
1762250972317,86.19998168945312,168.39999771118164
1762250972340,88.19998168945312,171.39999771118164
1762250972367,88.19998168945312,172.39999771118164
1762250972388,89.19998168945312,172.39999771118164
1762250972412,90.19998168945312,173.39999771118164
1762250972435,90.19998168945312,174.39999771118164
1762250972460,90.19998168945312,175.39999771118164
1762250972501,91.19998168945312,175.39999771118164
1762250972528,92.19998168945312,175.39999771118164
1762250972557,92.19998168945312,174.39999771118164
1762250972589,94.19998168945312,172.39999771118164
1762250972611,95.19998168945312,169.39999771118164
1762250972635,97.19998168945312,166.39999771118164
1762250972658,98.19998168945312,164.39999771118164
1762250972682,98.19998168945312,163.39999771118164
1762250972706,98.19998168945312,161.39999771118164
1762250972729,98.19998168945312,160.39999771118164
1762250972753,99.19998168945312,156.39999771118164
1762250972776,99.19998168945312,152.39999771118164
1762250972799,98.19998168945312,147.39999771118164
1762250972822,98.19998168945312,144.39999771118164
1762250972845,98.19998168945312,143.39999771118164
1762250972869,98.19998168945312,141.39999771118164
1762250972891,98.19998168945312,140.39999771118164
1762250972914,98.19998168945312,140.39999771118164
1762250972937,97.19998168945312,139.39999771118164
1762250972961,96.19998168945312,137.39999771118164
1762250972984,96.19998168945312,136.39999771118164
1762250973008,94.19998168945312,132.39999771118164
1762250973032,93.19998168945312,128.39999771118164
1762250973054,92.19998168945312,127.39999771118164
1762250973078,91.19998168945312,125.39999771118164
1762250973101,91.19998168945312,124.39999771118164
1762250973124,90.19998168945312,124.39999771118164
1762250973149,90.19998168945312,122.39999771118164
1762250973184,90.19998168945312,122.39999771118164
1762250973243,90.19998168945312,123.39999771118164
1762250973270,90.19998168945312,124.39999771118164
1762250973296,90.19998168945312,128.39999771118164
1762250973321,90.19998168945312,129.39999771118164
1762250973349,90.19998168945312,132.39999771118164
1762250973376,90.19998168945312,138.39999771118164
1762250973404,94.19998168945312,146.39999771118164
1762250973433,95.19998168945312,149.39999771118164
1762250973460,96.19998168945312,151.39999771118164
1762250973488,98.19998168945312,153.39999771118164
1762250973515,98.19998168945312,154.39999771118164
1762250973541,100.19998168945312,155.39999771118164
1762250973567,101.19998168945312,155.39999771118164
1762250973601,106.19998168945312,152.39999771118164
1762250973626,109.19998168945312,145.39999771118164
1762250973650,115.19998168945312,136.39999771118164
1762250973677,119.19998168945312,128.39999771118164
1762250973702,120.19998168945312,123.39999771118164
1762250973732,121.19998168945312,120.39999771118164
1762250973760,121.19998168945312,119.39999771118164
1762250973788,121.19998168945312,117.39999771118164
1762250973813,120.19998168945312,114.39999771118164
1762250973841,118.19998168945312,110.39999771118164
1762250973867,117.19998168945312,108.39999771118164
1762250973893,115.19998168945312,107.39999771118164
1762250973919,114.19998168945312,106.39999771118164
1762250973943,113.19998168945312,106.39999771118164
1762250973968,110.19998168945312,105.39999771118164
1762250973992,109.19998168945312,104.39999771118164
1762250974020,106.19998168945312,104.39999771118164
1762250974048,99.19998168945312,102.39999771118164
1762250974072,95.19998168945312,100.39999771118164
1762250974099,94.19998168945312,100.39999771118164
1762250974125,91.19998168945312,100.39999771118164
1762250974152,90.19998168945312,99.39999771118164
1762250974178,89.19998168945312,98.39999771118164
1762250974227,89.19998168945312,97.39999771118164
1762250974249,89.19998168945312,96.39999771118164
1762250974275,94.19998168945312,96.39999771118164
1762250974301,118.19998168945312,96.39999771118164
1762250974328,127.19998168945312,96.39999771118164
1762250974361,131.19998168945312,96.39999771118164
1762250974388,134.19998168945312,96.39999771118164
1762250974413,137.19998168945312,96.39999771118164
1762250974441,139.19998168945312,98.39999771118164
1762250974467,142.19998168945312,99.39999771118164
1762250974495,143.19998168945312,100.39999771118164
1762250974522,144.19998168945312,101.39999771118164
1762250974547,145.19998168945312,102.39999771118164
1762250974573,146.19998168945312,103.39999771118164
1762250974607,147.19998168945312,104.39999771118164
1762250974628,148.19998168945312,105.39999771118164
1762250974655,150.19998168945312,107.39999771118164
1762250974685,153.19998168945312,110.39999771118164
1762250974713,157.19998168945312,112.39999771118164
1762250974740,162.19998168945312,117.39999771118164
1762250974767,166.19998168945312,122.39999771118164
1762250974795,170.19998168945312,126.39999771118164
1762250974822,175.19998168945312,133.39999771118164
1762250974854,180.19998168945312,143.39999771118164
1762250974883,183.19998168945312,148.39999771118164
1762250974915,185.19998168945312,154.39999771118164
1762250974943,188.19998168945312,161.39999771118164
1762250974966,189.19998168945312,164.39999771118164
1762250974991,190.19998168945312,168.39999771118164
1762250975016,191.19998168945312,172.39999771118164
1762250975047,194.19998168945312,179.39999771118164
1762250975072,194.19998168945312,184.39999771118164
1762250975102,195.19998168945312,190.39999771118164
1762250975126,196.19998168945312,192.39999771118164
1762250975152,196.19998168945312,196.39999771118164
1762250975196,196.19998168945312,198.39999771118164
1762250975223,196.19998168945312,200.39999771118164
1762250975248,196.19998168945312,200.39999771118164
1762250975289,196.19998168945312,201.39999771118164
1762250975314,196.19998168945312,202.39999771118164
1762250975351,196.19998168945312,201.39999771118164
1762250975376,194.19998168945312,199.39999771118164
1762250975425,178.19998168945312,164.39999771118164
1762250975459,176.19998168945312,160.39999771118164
1762250975493,174.19998168945312,157.39999771118164
1762250975523,172.19998168945312,154.39999771118164
1762250975545,167.19998168945312,147.39999771118164
1762250975567,165.19998168945312,144.39999771118164
1762250975590,163.19998168945312,142.39999771118164
1762250975619,159.19998168945312,137.39999771118164
1762250975639,153.19998168945312,129.39999771118164
1762250975663,143.19998168945312,120.39999771118164
1762250975691,138.19998168945312,116.39999771118164
1762250975713,134.19998168945312,113.39999771118164
1762250975737,134.19998168945312,112.39999771118164
1762250975759,131.19998168945312,111.39999771118164
1762250975783,122.19998168945312,105.39999771118164
1762250975807,114.19998168945312,102.39999771118164
1762250975831,111.19998168945312,100.39999771118164
1762250975855,109.19998168945312,100.39999771118164
1762250975880,106.19998168945312,100.39999771118164
1762250975904,105.19998168945312,100.39999771118164
1762250975928,104.19998168945312,100.39999771118164
1762250975952,103.19998168945312,100.39999771118164
1762250976018,106.19998168945312,100.39999771118164
1762250976047,125.19998168945312,105.39999771118164
1762250976073,136.19998168945312,107.39999771118164
1762250976100,138.19998168945312,108.39999771118164
1762250976127,140.19998168945312,108.39999771118164
1762250976153,141.19998168945312,108.39999771118164
1762250976224,140.19998168945312,108.39999771118164
1762250976251,138.19998168945312,109.39999771118164
1762250976278,135.19998168945312,109.39999771118164
1762250976309,129.19998168945312,111.39999771118164
1762250976337,120.19998168945312,112.39999771118164
1762250976375,115.19998168945312,114.39999771118164
1762250976411,113.19998168945312,116.39999771118164
1762250976437,112.19998168945312,118.39999771118164
1762250976463,112.19998168945312,123.39999771118164
1762250976491,114.19998168945312,138.39999771118164
1762250976519,117.19998168945312,144.39999771118164
1762250976541,119.19998168945312,149.39999771118164
1762250976565,122.19998168945312,152.39999771118164
1762250976590,122.19998168945312,153.39999771118164
1762250976613,123.19998168945312,154.39999771118164
1762250976651,124.19998168945312,156.39999771118164
1762250976675,124.19998168945312,157.39999771118164
1762250976699,124.19998168945312,158.39999771118164
1762250976727,124.19998168945312,160.39999771118164
1762250976753,121.19998168945312,162.39999771118164
1762250976779,110.19998168945312,164.39999771118164
1762250976803,106.19998168945312,165.39999771118164
1762250976828,103.19998168945312,165.39999771118164
1762250976852,102.19998168945312,165.39999771118164
1762250976878,102.19998168945312,165.39999771118164
1762250976901,101.19998168945312,165.39999771118164
1762250976934,102.19998168945312,166.39999771118164
1762250976961,113.19998168945312,168.39999771118164
1762250976990,129.19998168945312,169.39999771118164
1762250977012,134.19998168945312,170.39999771118164
1762250977037,138.19998168945312,170.39999771118164
1762250977063,142.19998168945312,169.39999771118164
1762250977088,145.19998168945312,168.39999771118164
1762250977111,147.19998168945312,168.39999771118164
1762250977136,149.19998168945312,168.39999771118164
1762250977161,150.19998168945312,168.39999771118164
1762250977185,151.19998168945312,168.39999771118164
1762250977211,152.19998168945312,169.39999771118164
1762250977235,152.19998168945312,171.39999771118164
1762250977260,152.19998168945312,173.39999771118164
1762250977293,138.19998168945312,185.39999771118164
1762250977320,110.19998168945312,196.39999771118164
1762250977346,102.19998168945312,199.39999771118164
1762250977370,100.19998168945312,200.39999771118164
1762250977434,99.19998168945312,200.39999771118164
1762250977469,99.19998168945312,199.39999771118164
1762250977503,99.19998168945312,198.39999771118164
1762250977530,99.19998168945312,197.39999771118164
1762250977559,103.19998168945312,196.39999771118164
1762250977588,120.19998168945312,188.39999771118164
1762250977612,135.19998168945312,184.39999771118164
1762250977651,144.19998168945312,183.39999771118164
1762250977674,150.19998168945312,181.39999771118164
1762250977701,154.19998168945312,181.39999771118164
1762250977726,154.19998168945312,181.39999771118164
1762250977755,156.19998168945312,181.39999771118164
1762250977783,158.19998168945312,181.39999771118164
1762250977806,158.19998168945312,181.39999771118164
1762250977830,158.19998168945312,180.39999771118164
1762250977890,151.19998168945312,179.39999771118164
1762250977920,127.19998168945312,175.39999771118164
1762250977949,123.19998168945312,174.39999771118164
1762250977976,122.19998168945312,174.39999771118164
1762250978001,121.19998168945312,174.39999771118164
1762250978025,120.19998168945312,174.39999771118164
1762250978050,119.19998168945312,174.39999771118164
1762250978135,121.19998168945312,174.39999771118164
1762250978170,129.19998168945312,175.39999771118164
1762250978198,151.19998168945312,181.39999771118164
1762250978231,160.19998168945312,183.39999771118164
1762250978266,162.19998168945312,184.39999771118164
1762250978297,164.19998168945312,184.39999771118164
1762250978325,165.19998168945312,184.39999771118164
1762250978352,165.19998168945312,186.39999771118164
1762250978380,164.19998168945312,187.39999771118164
1762250978409,156.19998168945312,187.39999771118164
1762250978437,120.19998168945312,188.39999771118164
1762250978468,98.19998168945312,189.39999771118164
1762250978497,92.19998168945312,189.39999771118164
1762250978526,86.19998168945312,188.39999771118164
1762250978554,84.19998168945312,187.39999771118164
1762250978584,83.19998168945312,187.39999771118164
1762250978607,82.19998168945312,186.39999771118164
1762250978634,82.19998168945312,185.39999771118164
1762250978668,90.19998168945312,183.39999771118164
1762250978692,115.19998168945312,178.39999771118164
1762250978723,138.19998168945312,177.39999771118164
1762250978753,146.19998168945312,177.39999771118164
1762250978782,148.19998168945312,177.39999771118164
1762250978810,150.19998168945312,177.39999771118164
1762250978847,150.19998168945312,177.39999771118164
1762250978873,150.19998168945312,178.39999771118164
1762250978905,142.19998168945312,180.39999771118164
1762250978934,118.19998168945312,176.39999771118164
1762250978972,106.19998168945312,174.39999771118164
1762250978997,102.19998168945312,173.39999771118164
1762250979024,102.19998168945312,173.39999771118164
1762250979052,101.19998168945312,173.39999771118164
1762250979080,99.19998168945312,173.39999771118164
1762250979108,98.19998168945312,173.39999771118164
1762250979138,95.19998168945312,172.39999771118164
1762250979168,94.19998168945312,172.39999771118164
1762250979203,89.19998168945312,171.39999771118164
1762250979975,132.19998168945312,163.39999771118164
1762250980018,130.19998168945312,162.39999771118164
1762250980152,131.19998168945312,162.39999771118164
1762250980180,132.19998168945312,162.39999771118164
1762250980206,133.19998168945312,164.39999771118164
1762250980250,134.19998168945312,164.39999771118164
1762250980334,134.19998168945312,163.39999771118164
1762250980363,134.19998168945312,162.39999771118164
1762250980392,133.19998168945312,160.39999771118164
1762250980418,133.19998168945312,159.39999771118164
1762250980444,133.19998168945312,157.39999771118164
1762250980473,133.19998168945312,156.39999771118164
1762250980501,133.19998168945312,154.39999771118164
1762250980533,133.19998168945312,153.39999771118164
1762250980584,134.19998168945312,153.39999771118164
1762250980609,134.19998168945312,154.39999771118164
1762250980637,134.19998168945312,157.39999771118164
1762250980667,134.19998168945312,160.39999771118164
1762250980695,134.19998168945312,162.39999771118164
1762250980722,134.19998168945312,164.39999771118164
1762250980750,134.19998168945312,167.39999771118164
1762250980786,134.19998168945312,169.39999771118164
1762250980867,135.19998168945312,167.39999771118164
1762250980897,137.19998168945312,163.39999771118164
1762250980930,139.19998168945312,158.39999771118164
1762250980957,140.19998168945312,156.39999771118164
1762250980982,141.19998168945312,154.39999771118164
1762250981008,141.19998168945312,152.39999771118164
1762250981050,142.19998168945312,152.39999771118164
1762250981084,142.19998168945312,153.39999771118164
1762250981108,142.19998168945312,155.39999771118164
1762250981138,142.19998168945312,160.39999771118164
1762250981166,143.19998168945312,164.39999771118164
1762250981195,143.19998168945312,168.39999771118164
1762250981224,143.19998168945312,169.39999771118164
1762250981253,143.19998168945312,171.39999771118164
1762250981282,143.19998168945312,172.39999771118164
1762250981318,142.19998168945312,172.39999771118164
1762250981352,141.19998168945312,168.39999771118164
1762250981383,139.19998168945312,163.39999771118164
1762250981412,138.19998168945312,159.39999771118164
1762250981440,137.19998168945312,156.39999771118164
1762250981467,137.19998168945312,154.39999771118164
1762250981493,137.19998168945312,152.39999771118164
1762250981520,134.19998168945312,150.39999771118164
1762250981546,134.19998168945312,148.39999771118164
1762250981572,134.19998168945312,145.39999771118164
1762250981598,133.19998168945312,144.39999771118164
1762250981623,133.19998168945312,142.39999771118164
1762250981650,132.19998168945312,140.39999771118164
1762250981675,131.19998168945312,140.39999771118164
1762250981701,131.19998168945312,139.39999771118164
1762250981812,131.19998168945312,140.39999771118164
1762250981842,131.19998168945312,141.39999771118164
1762250981870,131.19998168945312,144.39999771118164
1762250981904,131.19998168945312,147.39999771118164
1762250981932,131.19998168945312,151.39999771118164
1762250981960,131.19998168945312,153.39999771118164
1762250981989,131.19998168945312,156.39999771118164
1762250982018,130.19998168945312,157.39999771118164
1762250982056,130.19998168945312,159.39999771118164
1762250982080,130.19998168945312,160.39999771118164
1762250982132,130.19998168945312,159.39999771118164
1762250982157,132.19998168945312,156.39999771118164
1762250982187,134.19998168945312,153.39999771118164
1762250982217,135.19998168945312,152.39999771118164
1762250982247,136.19998168945312,149.39999771118164
1762250982276,138.19998168945312,148.39999771118164
1762250982305,138.19998168945312,147.39999771118164
1762250982336,139.19998168945312,144.39999771118164
1762250982364,140.19998168945312,144.39999771118164
1762250982393,140.19998168945312,142.39999771118164
1762250982428,140.19998168945312,140.39999771118164
1762250982463,140.19998168945312,139.39999771118164
1762250982534,140.19998168945312,138.39999771118164
1762250982564,140.19998168945312,137.39999771118164
1762250982634,140.19998168945312,136.39999771118164
1762250982662,139.19998168945312,136.39999771118164
1762250982692,139.19998168945312,136.39999771118164
1762250982719,139.19998168945312,135.39999771118164
1762250982750,138.19998168945312,135.39999771118164
1762250982782,138.19998168945312,133.39999771118164
1762250982811,136.19998168945312,133.39999771118164
1762250982839,135.19998168945312,133.39999771118164
1762250982869,134.19998168945312,134.39999771118164
1762250982898,132.19998168945312,135.39999771118164
1762250982927,131.19998168945312,136.39999771118164
1762250982959,130.19998168945312,137.39999771118164
1762250982987,130.19998168945312,140.39999771118164
1762250983016,130.19998168945312,142.39999771118164
1762250983067,129.19998168945312,148.39999771118164
1762250983092,129.19998168945312,150.39999771118164
1762250983123,129.19998168945312,153.39999771118164
1762250983155,129.19998168945312,158.39999771118164
1762250983185,130.19998168945312,162.39999771118164
1762250983215,130.19998168945312,167.39999771118164
1762250983249,130.19998168945312,172.39999771118164
1762250983281,130.19998168945312,178.39999771118164
1762250983317,130.19998168945312,181.39999771118164
1762250983357,130.19998168945312,184.39999771118164
1762250983386,129.19998168945312,184.39999771118164
1762250983413,127.19998168945312,185.39999771118164
1762250983441,125.19998168945312,185.39999771118164
1762250983469,124.19998168945312,184.39999771118164
1762250983498,122.19998168945312,182.39999771118164
1762250983527,119.19998168945312,177.39999771118164
1762250983561,116.19998168945312,169.39999771118164
1762250983594,114.19998168945312,161.39999771118164
1762250983623,114.19998168945312,152.39999771118164
1762250983652,114.19998168945312,145.39999771118164
1762250983682,114.19998168945312,141.39999771118164
1762250983711,115.19998168945312,139.39999771118164
1762250983740,117.19998168945312,136.39999771118164
1762250983770,118.19998168945312,134.39999771118164
1762250983797,119.19998168945312,132.39999771118164
1762250983825,119.19998168945312,132.39999771118164
1762250983855,121.19998168945312,130.39999771118164
1762250983882,121.19998168945312,129.39999771118164
1762250984032,121.19998168945312,130.39999771118164
1762250984068,121.19998168945312,133.39999771118164
1762250984093,121.19998168945312,136.39999771118164
1762250984122,121.19998168945312,140.39999771118164
1762250984151,121.19998168945312,144.39999771118164
1762250984179,121.19998168945312,147.39999771118164
1762250984209,122.19998168945312,150.39999771118164
1762250984238,122.19998168945312,152.39999771118164
1762250984269,124.19998168945312,154.39999771118164
1762250984298,125.19998168945312,156.39999771118164
1762250984330,126.19998168945312,156.39999771118164
1762250984359,127.19998168945312,157.39999771118164
1762250984390,128.19998168945312,158.39999771118164
1762250984420,129.19998168945312,158.39999771118164
1762250984450,129.19998168945312,157.39999771118164
1762250984482,130.19998168945312,156.39999771118164
1762250984513,129.19998168945312,150.39999771118164
1762250984544,128.19998168945312,146.39999771118164
1762250984576,125.19998168945312,141.39999771118164
1762250984607,122.19998168945312,140.39999771118164
1762250984638,120.19998168945312,138.39999771118164
1762250984667,120.19998168945312,137.39999771118164
1762250984696,118.19998168945312,137.39999771118164
1762250984726,116.19998168945312,137.39999771118164
1762250984760,114.19998168945312,140.39999771118164
1762250984786,111.19998168945312,147.39999771118164
1762250984814,110.19998168945312,152.39999771118164
1762250984844,110.19998168945312,157.39999771118164
1762250984875,110.19998168945312,160.39999771118164
1762250984906,110.19998168945312,164.39999771118164
1762250984934,110.19998168945312,165.39999771118164
1762250984962,110.19998168945312,167.39999771118164
1762250984990,110.19998168945312,168.39999771118164
1762250985018,110.19998168945312,168.39999771118164
1762250985046,112.19998168945312,169.39999771118164
1762250985100,113.19998168945312,169.39999771118164
1762250985150,114.19998168945312,168.39999771118164
1762250985179,114.19998168945312,166.39999771118164
1762250985208,114.19998168945312,160.39999771118164
1762250985238,114.19998168945312,151.39999771118164
1762250985268,113.19998168945312,144.39999771118164
1762250985297,110.19998168945312,136.39999771118164
1762250985327,110.19998168945312,132.39999771118164
1762250985357,109.19998168945312,128.39999771118164
1762250985387,109.19998168945312,127.39999771118164
1762250985417,108.19998168945312,124.39999771118164
1762250985446,107.19998168945312,123.39999771118164
1762250985475,107.19998168945312,122.39999771118164
1762250985504,107.19998168945312,121.39999771118164
1762250985533,106.19998168945312,121.39999771118164
1762250985576,106.19998168945312,121.39999771118164
1762250985602,104.19998168945312,121.39999771118164
1762250985630,103.19998168945312,122.39999771118164
1762250985659,102.19998168945312,122.39999771118164
1762250985689,100.19998168945312,124.39999771118164
1762250985719,98.19998168945312,124.39999771118164
1762250985747,98.19998168945312,124.39999771118164
1762250985785,96.19998168945312,126.39999771118164
1762250985813,95.19998168945312,126.39999771118164
1762250985842,94.19998168945312,128.39999771118164
1762250985869,94.19998168945312,128.39999771118164
1762250985898,94.19998168945312,129.39999771118164
1762250985926,94.19998168945312,130.39999771118164
1762250985955,94.19998168945312,132.39999771118164
1762250985984,96.19998168945312,135.39999771118164
1762250986013,96.19998168945312,138.39999771118164
1762250986042,98.19998168945312,142.39999771118164
1762250986070,98.19998168945312,144.39999771118164
1762250986105,101.19998168945312,148.39999771118164
1762250986130,102.19998168945312,151.39999771118164
1762250986157,102.19998168945312,152.39999771118164
1762250986185,102.19998168945312,152.39999771118164
1762250986212,103.19998168945312,153.39999771118164
1762250986240,103.19998168945312,154.39999771118164
1762250986283,103.19998168945312,154.39999771118164
1762250986471,102.19998168945312,183.39999771118164
1762250986487,100.19998168945312,286.39999771118164
1762250986504,109.19998168945312,388.39999771118164
1762250986521,119.19998168945312,459.39999771118164
1762250986538,127.19998168945312,507.39999771118164
1762250986554,128.19998168945312,513.3999977111816
1762250986570,128.19998168945312,515.3999977111816
1762250986587,128.19998168945312,516.3999977111816
1762250986655,127.19998168945312,516.3999977111816
1762250986824,126.19998168945312,516.3999977111816
1762250986847,125.19998168945312,516.3999977111816
1762250986854,125.19998168945312,515.3999977111816
1762250986871,124.19998168945312,513.3999977111816
1762250986888,122.19998168945312,512.3999977111816
1762250986906,120.19998168945312,510.39999771118164
1762250986961,118.19998168945312,509.39999771118164
1762250987005,117.19998168945312,509.39999771118164
1762250987020,116.19998168945312,509.39999771118164
1762250987037,114.19998168945312,509.39999771118164
1762250987089,113.19998168945312,509.39999771118164
1762250987104,111.19998168945312,511.39999771118164
1762250987121,110.19998168945312,511.39999771118164
1762250987144,110.19998168945312,512.3999977111816
1762250987156,109.19998168945312,513.3999977111816
1762250987204,106.19998168945312,515.3999977111816
1762250987221,102.19998168945312,516.3999977111816
1762250987238,97.19998168945312,518.3999977111816
1762250987254,94.19998168945312,519.3999977111816
1762250987270,92.19998168945312,520.3999977111816
1762250987291,90.19998168945312,520.3999977111816
1762250987337,89.19998168945312,521.3999977111816
1762250987355,89.19998168945312,522.3999977111816
1762250987376,88.19998168945312,522.3999977111816
1762250987389,88.19998168945312,523.3999977111816
1762250987631,89.19998168945312,523.3999977111816
1762250987641,90.19998168945312,523.3999977111816
1762250987686,91.19998168945312,523.3999977111816
1762250987704,91.19998168945312,522.3999977111816
1762250987721,93.19998168945312,521.3999977111816
1762250987737,94.19998168945312,521.3999977111816
1762250988116,95.19998168945312,521.3999977111816
1762250988151,97.19998168945312,521.3999977111816
1762250988178,98.19998168945312,521.3999977111816
1762250988206,100.19998168945312,521.3999977111816
1762250988232,101.19998168945312,521.3999977111816
1762250988263,102.19998168945312,520.3999977111816
1762250988292,102.19998168945312,517.3999977111816
1762250988323,104.19998168945312,514.3999977111816
1762250988351,105.19998168945312,512.3999977111816
1762250988379,105.19998168945312,510.39999771118164
1762250988407,105.19998168945312,508.39999771118164
1762250988436,106.19998168945312,504.39999771118164
1762250988465,106.19998168945312,498.39999771118164
1762250988493,106.19998168945312,493.39999771118164
1762250988523,106.19998168945312,490.39999771118164
1762250988552,106.19998168945312,487.39999771118164
1762250988585,102.19998168945312,477.39999771118164
1762250988616,98.19998168945312,466.39999771118164
1762250988643,96.19998168945312,464.39999771118164
1762250988673,94.19998168945312,461.39999771118164
1762250988703,93.19998168945312,456.39999771118164
1762250988736,90.19998168945312,448.39999771118164
1762250988762,88.19998168945312,444.39999771118164
1762250988799,86.19998168945312,440.39999771118164
1762250988828,86.19998168945312,439.39999771118164
1762250988857,85.19998168945312,437.39999771118164
1762250988884,85.19998168945312,436.39999771118164
1762250988916,85.19998168945312,434.39999771118164
1762250988945,84.19998168945312,430.39999771118164
1762250988974,84.19998168945312,428.39999771118164
1762250989003,84.19998168945312,426.39999771118164
1762250989032,83.19998168945312,425.39999771118164
1762250989060,83.19998168945312,423.39999771118164
1762250989091,82.19998168945312,422.39999771118164
1762250989121,81.19998168945312,419.39999771118164
1762250989166,79.19998168945312,414.39999771118164
1762250989192,79.19998168945312,412.39999771118164
1762250989221,78.19998168945312,411.39999771118164
1762250989322,78.19998168945312,407.39999771118164
1762250989349,78.19998168945312,404.39999771118164
1762250989377,80.19998168945312,399.39999771118164
1762250989405,82.19998168945312,396.39999771118164
1762250989432,82.19998168945312,394.39999771118164
1762250989459,83.19998168945312,394.39999771118164
1762250989486,84.19998168945312,392.39999771118164
1762250989513,84.19998168945312,392.39999771118164
1762250989567,85.19998168945312,391.39999771118164
1762250989618,86.19998168945312,391.39999771118164
1762250989711,86.19998168945312,392.39999771118164
1762250989740,89.19998168945312,395.39999771118164
1762250989775,92.19998168945312,404.39999771118164
1762250989807,101.19998168945312,424.39999771118164
1762250989833,102.19998168945312,429.39999771118164
1762250989863,102.19998168945312,432.39999771118164
1762250989897,104.19998168945312,439.39999771118164
1762250989930,106.19998168945312,464.39999771118164
1762250989958,106.19998168945312,482.39999771118164
1762250989988,104.19998168945312,500.39999771118164
1762250990021,102.19998168945312,520.3999977111816
1762250990057,100.19998168945312,535.3999977111816
1762250990084,99.19998168945312,540.3999977111816
1762250990115,98.19998168945312,541.3999977111816
1762250990145,98.19998168945312,544.3999977111816
1762250990185,95.19998168945312,554.3999977111816
1762250990215,94.19998168945312,560.3999977111816
1762250990242,94.19998168945312,563.3999977111816
1762250990271,94.19998168945312,564.3999977111816
1762250990350,94.19998168945312,563.3999977111816
1762250990382,98.19998168945312,552.3999977111816
1762250990411,100.19998168945312,544.3999977111816
1762250990439,100.19998168945312,541.3999977111816
1762250990468,101.19998168945312,532.3999977111816
1762250990496,101.19998168945312,507.39999771118164
1762250990527,100.19998168945312,500.39999771118164
1762250990558,99.19998168945312,496.39999771118164
1762250990587,99.19998168945312,491.39999771118164
1762250990616,99.19998168945312,482.39999771118164
1762250990646,99.19998168945312,480.39999771118164
1762250990676,99.19998168945312,477.39999771118164
1762250990706,100.19998168945312,472.39999771118164
1762250990740,102.19998168945312,459.39999771118164
1762250990772,103.19998168945312,452.39999771118164
1762250990798,103.19998168945312,450.39999771118164
1762250990828,105.19998168945312,444.39999771118164
1762250990861,106.19998168945312,439.39999771118164
1762250990890,106.19998168945312,437.39999771118164
1762250990921,107.19998168945312,435.39999771118164
1762250990951,107.19998168945312,433.39999771118164
1762250990980,108.19998168945312,433.39999771118164
1762250991008,109.19998168945312,432.39999771118164
1762250991154,109.19998168945312,432.39999771118164
1762250991203,110.19998168945312,423.39999771118164
1762250991233,111.19998168945312,406.39999771118164
1762250991262,111.19998168945312,401.39999771118164
1762250991292,111.19998168945312,399.39999771118164
1762250991320,111.19998168945312,397.39999771118164
1762250991353,110.19998168945312,394.39999771118164
1762250991383,110.19998168945312,390.39999771118164
1762250991413,109.19998168945312,388.39999771118164
1762250991442,109.19998168945312,387.39999771118164
1762250991471,108.19998168945312,386.39999771118164
1762250991502,107.19998168945312,386.39999771118164
1762250991530,106.19998168945312,386.39999771118164
1762250991562,106.19998168945312,389.39999771118164
1762250991593,105.19998168945312,392.39999771118164
1762250991628,102.19998168945312,398.39999771118164
1762250991655,102.19998168945312,403.39999771118164
1762250991684,102.19998168945312,405.39999771118164
1762250991714,101.19998168945312,408.39999771118164
1762250991749,100.19998168945312,408.39999771118164
1762250991780,100.19998168945312,409.39999771118164
1762250991814,98.19998168945312,411.39999771118164
1762250991850,98.19998168945312,410.39999771118164
1762250991878,96.19998168945312,408.39999771118164
1762250991911,94.19998168945312,404.39999771118164
1762250991946,94.19998168945312,403.39999771118164
1762250991975,94.19998168945312,404.39999771118164
1762250992013,93.19998168945312,421.39999771118164
1762250992042,93.19998168945312,451.39999771118164
1762250992072,93.19998168945312,456.39999771118164
1762250992102,93.19998168945312,457.39999771118164
1762250992131,93.19998168945312,458.39999771118164
1762250992174,93.19998168945312,457.39999771118164
1762250992216,93.19998168945312,452.39999771118164
1762250992243,93.19998168945312,447.39999771118164
1762250992273,94.19998168945312,422.39999771118164
1762250992303,94.19998168945312,413.39999771118164
1762250992335,94.19998168945312,411.39999771118164
1762250992363,94.19998168945312,410.39999771118164
1762250992393,94.19998168945312,409.39999771118164
1762250992425,94.19998168945312,408.39999771118164
1762250992455,94.19998168945312,408.39999771118164
1762250992603,94.19998168945312,408.39999771118164
1762250992816,100.19998168945312,418.39999771118164
1762250992819,110.19998168945312,436.39999771118164
1762250992836,120.19998168945312,455.39999771118164
1762250992854,131.19998168945312,479.39999771118164
1762250992871,134.19998168945312,488.39999771118164
1762250992887,136.19998168945312,492.39999771118164
1762250992904,138.19998168945312,496.39999771118164
1762250992926,138.19998168945312,500.39999771118164
1762250992937,138.19998168945312,502.39999771118164
1762250992954,138.19998168945312,504.39999771118164
1762250992971,138.19998168945312,506.39999771118164
1762250992987,138.19998168945312,507.39999771118164
1762250993004,138.19998168945312,508.39999771118164
1762250993034,138.19998168945312,509.39999771118164
1762250993084,138.19998168945312,510.39999771118164
1762250993105,138.19998168945312,511.39999771118164
1762250993155,137.19998168945312,511.39999771118164
1762250993204,137.19998168945312,512.3999977111816
1762250993255,137.19998168945312,513.3999977111816
1762250993271,137.19998168945312,514.3999977111816
1762250993286,137.19998168945312,515.3999977111816
1762250993315,137.19998168945312,516.3999977111816
1762250993336,137.19998168945312,517.3999977111816
1762250993356,137.19998168945312,519.3999977111816
1762250993371,138.19998168945312,519.3999977111816
1762250993387,138.19998168945312,520.3999977111816
1762250993404,138.19998168945312,521.3999977111816
1762250993422,138.19998168945312,522.3999977111816
1762250993437,138.19998168945312,523.3999977111816
1762250993457,138.19998168945312,524.3999977111816
1762250993471,139.19998168945312,524.3999977111816
1762250993487,140.19998168945312,525.3999977111816
1762250993512,140.19998168945312,527.3999977111816
1762250993533,140.19998168945312,528.3999977111816
1762250993914,138.19998168945312,528.3999977111816
1762250993947,134.19998168945312,527.3999977111816
1762250993975,131.19998168945312,527.3999977111816
1762250994005,130.19998168945312,527.3999977111816
1762250994033,128.19998168945312,527.3999977111816
1762250994062,127.19998168945312,527.3999977111816
1762250994091,126.19998168945312,527.3999977111816
1762250994120,126.19998168945312,527.3999977111816
1762250994235,126.19998168945312,527.3999977111816
1762250994284,131.19998168945312,527.3999977111816
1762250994312,138.19998168945312,528.3999977111816
1762250994342,141.19998168945312,528.3999977111816
1762250994371,142.19998168945312,529.3999977111816
1762250994400,142.19998168945312,529.3999977111816
1762250994509,142.19998168945312,529.3999977111816
1762250994550,140.19998168945312,529.3999977111816
1762250994583,139.19998168945312,529.3999977111816
1762250994611,137.19998168945312,528.3999977111816
1762250994640,135.19998168945312,527.3999977111816
1762250994669,134.19998168945312,526.3999977111816
1762250994699,133.19998168945312,524.3999977111816
1762250994731,131.19998168945312,520.3999977111816
1762250994770,130.19998168945312,515.3999977111816
1762250994806,130.19998168945312,513.3999977111816
1762250994839,130.19998168945312,510.39999771118164
1762250994869,130.19998168945312,508.39999771118164
1762250994899,130.19998168945312,506.39999771118164
1762250994929,130.19998168945312,504.39999771118164
1762250994959,129.19998168945312,503.39999771118164
1762250994993,129.19998168945312,496.39999771118164
1762250995022,127.19998168945312,491.39999771118164
1762250995053,126.19998168945312,488.39999771118164
1762250995086,126.19998168945312,486.39999771118164
1762250995113,126.19998168945312,484.39999771118164
1762250995143,126.19998168945312,483.39999771118164
1762250995172,126.19998168945312,482.39999771118164
1762250995201,127.19998168945312,482.39999771118164
1762250995284,128.19998168945312,482.39999771118164
1762250995322,128.19998168945312,484.39999771118164
1762250995359,129.19998168945312,488.39999771118164
1762250995391,129.19998168945312,492.39999771118164
1762250995424,129.19998168945312,494.39999771118164
1762250995455,129.19998168945312,496.39999771118164
1762250995484,129.19998168945312,498.39999771118164
1762250995515,129.19998168945312,500.39999771118164
1762250995544,129.19998168945312,502.39999771118164
1762250995574,129.19998168945312,504.39999771118164
1762250995602,129.19998168945312,507.39999771118164
1762250995630,129.19998168945312,510.39999771118164
1762250995657,129.19998168945312,512.3999977111816
1762250995686,129.19998168945312,513.3999977111816
1762250995714,129.19998168945312,514.3999977111816
1762250995742,130.19998168945312,515.3999977111816
1762250995774,131.19998168945312,516.3999977111816
1762250995812,133.19998168945312,518.3999977111816
1762250995854,135.19998168945312,520.3999977111816
1762250995895,139.19998168945312,522.3999977111816
1762250995925,140.19998168945312,523.3999977111816
1762250995953,142.19998168945312,524.3999977111816
1762250995982,143.19998168945312,524.3999977111816
1762250996008,145.19998168945312,524.3999977111816
1762250996048,146.19998168945312,524.3999977111816
1762250996100,146.19998168945312,524.3999977111816
1762250996219,146.19998168945312,524.3999977111816
1762250996250,143.19998168945312,520.3999977111816
1762250996280,142.19998168945312,518.3999977111816
1762250996310,141.19998168945312,516.3999977111816
1762250996353,138.19998168945312,510.39999771118164
1762250996384,136.19998168945312,508.39999771118164
1762250996415,134.19998168945312,504.39999771118164
1762250996445,134.19998168945312,499.39999771118164
1762250996476,133.19998168945312,496.39999771118164
1762250996507,132.19998168945312,494.39999771118164
1762250996538,132.19998168945312,488.39999771118164
1762250996568,132.19998168945312,484.39999771118164
1762250996601,132.19998168945312,481.39999771118164
1762250996633,133.19998168945312,479.39999771118164
1762250996671,135.19998168945312,472.39999771118164
1762250996700,135.19998168945312,470.39999771118164
1762250996731,136.19998168945312,468.39999771118164
1762250996761,137.19998168945312,467.39999771118164
1762250996791,137.19998168945312,464.39999771118164
1762250996825,138.19998168945312,462.39999771118164
1762250996855,138.19998168945312,460.39999771118164
1762250996885,138.19998168945312,459.39999771118164
1762250996913,138.19998168945312,458.39999771118164
1762250996948,138.19998168945312,456.39999771118164
1762250996981,139.19998168945312,453.39999771118164
1762250997011,140.19998168945312,450.39999771118164
1762250997046,142.19998168945312,442.39999771118164
1762250997075,142.19998168945312,440.39999771118164
1762250997121,142.19998168945312,436.39999771118164
1762250997155,142.19998168945312,434.39999771118164
1762250997184,142.19998168945312,433.39999771118164
1762250997213,142.19998168945312,432.39999771118164
1762250997243,142.19998168945312,430.39999771118164
1762250997274,142.19998168945312,428.39999771118164
1762250997304,142.19998168945312,425.39999771118164
1762250997333,142.19998168945312,424.39999771118164
1762250997372,142.19998168945312,422.39999771118164
1762250997399,142.19998168945312,420.39999771118164
1762250997428,142.19998168945312,419.39999771118164
1762250997459,142.19998168945312,414.39999771118164
1762250997495,142.19998168945312,405.39999771118164
1762250997523,142.19998168945312,401.39999771118164
1762250997628,141.19998168945312,395.39999771118164
1762250997700,141.19998168945312,394.39999771118164
1762250997734,139.19998168945312,394.39999771118164
1762250997763,138.19998168945312,394.39999771118164
1762250997793,137.19998168945312,395.39999771118164
1762250997829,135.19998168945312,396.39999771118164
1762250997859,134.19998168945312,398.39999771118164
1762250997889,134.19998168945312,399.39999771118164
1762250997918,134.19998168945312,401.39999771118164
1762250997951,133.19998168945312,404.39999771118164
1762250997982,133.19998168945312,406.39999771118164
1762250998012,133.19998168945312,408.39999771118164
1762250998044,133.19998168945312,414.39999771118164
1762250998075,133.19998168945312,417.39999771118164
1762250998108,133.19998168945312,423.39999771118164
1762250998143,133.19998168945312,428.39999771118164
1762250998176,133.19998168945312,433.39999771118164
1762250998212,133.19998168945312,440.39999771118164
1762250998241,133.19998168945312,444.39999771118164
1762250998271,133.19998168945312,448.39999771118164
1762250998306,133.19998168945312,452.39999771118164
1762250998345,133.19998168945312,462.39999771118164
1762250998384,133.19998168945312,467.39999771118164
1762250998410,133.19998168945312,470.39999771118164
1762250998440,133.19998168945312,472.39999771118164
1762250998471,133.19998168945312,480.39999771118164
1762250998501,133.19998168945312,483.39999771118164
1762250998532,133.19998168945312,486.39999771118164
1762250998562,133.19998168945312,491.39999771118164
1762250998589,133.19998168945312,493.39999771118164
1762250998616,133.19998168945312,496.39999771118164
1762250998643,133.19998168945312,499.39999771118164
1762250998674,132.19998168945312,504.39999771118164
1762250998703,132.19998168945312,507.39999771118164
1762250998730,131.19998168945312,509.39999771118164
1762250998756,130.19998168945312,512.3999977111816
1762250998785,129.19998168945312,515.3999977111816
1762250998816,128.19998168945312,517.3999977111816
1762250998843,128.19998168945312,519.3999977111816
1762250998871,128.19998168945312,520.3999977111816
1762250998916,128.19998168945312,518.3999977111816
1762250998949,127.19998168945312,511.39999771118164
1762250998980,127.19998168945312,500.39999771118164
1762250999011,128.19998168945312,488.39999771118164
1762250999042,129.19998168945312,482.39999771118164
1762250999073,130.19998168945312,474.39999771118164
1762250999103,130.19998168945312,471.39999771118164
1762250999132,131.19998168945312,468.39999771118164
1762250999162,132.19998168945312,467.39999771118164
1762250999194,132.19998168945312,462.39999771118164
1762250999224,133.19998168945312,460.39999771118164
1762250999253,134.19998168945312,458.39999771118164
1762250999282,134.19998168945312,456.39999771118164
1762250999309,134.19998168945312,453.39999771118164
1762250999339,134.19998168945312,452.39999771118164
1762250999369,135.19998168945312,450.39999771118164
1762250999416,137.19998168945312,444.39999771118164
1762250999445,138.19998168945312,437.39999771118164
1762250999477,141.19998168945312,433.39999771118164
1762250999504,141.19998168945312,431.39999771118164
1762250999533,141.19998168945312,429.39999771118164
1762250999561,142.19998168945312,428.39999771118164
1762250999590,142.19998168945312,426.39999771118164
1762250999618,142.19998168945312,424.39999771118164
1762250999646,144.19998168945312,422.39999771118164
1762250999674,145.19998168945312,420.39999771118164
1762250999703,145.19998168945312,418.39999771118164
1762250999732,145.19998168945312,417.39999771118164
1762250999760,144.19998168945312,416.39999771118164
1762250999788,143.19998168945312,416.39999771118164
1762250999816,142.19998168945312,415.39999771118164
1762250999843,142.19998168945312,414.39999771118164
1762250999870,141.19998168945312,412.39999771118164
1762250999899,140.19998168945312,412.39999771118164
1762250999928,139.19998168945312,412.39999771118164
1762250999960,138.19998168945312,411.39999771118164
1762250999990,138.19998168945312,411.39999771118164
1762251000019,136.19998168945312,411.39999771118164
1762251000052,134.19998168945312,411.39999771118164
1762251000089,134.19998168945312,410.39999771118164
1762251000119,132.19998168945312,410.39999771118164
1762251000148,130.19998168945312,409.39999771118164
1762251000177,130.19998168945312,408.39999771118164
1762251000204,128.19998168945312,408.39999771118164
1762251000232,127.19998168945312,408.39999771118164
1762251000260,127.19998168945312,407.39999771118164
1762251000289,126.19998168945312,406.39999771118164
1762251000384,126.19998168945312,407.39999771118164
1762251000437,126.19998168945312,415.39999771118164
1762251000470,126.19998168945312,419.39999771118164
1762251000506,126.19998168945312,421.39999771118164
1762251000538,126.19998168945312,424.39999771118164
1762251000569,126.19998168945312,428.39999771118164
1762251000599,126.19998168945312,433.39999771118164
1762251000629,127.19998168945312,437.39999771118164
1762251000658,128.19998168945312,440.39999771118164
1762251000685,128.19998168945312,444.39999771118164
1762251000712,128.19998168945312,446.39999771118164
1762251000742,130.19998168945312,448.39999771118164
1762251000771,130.19998168945312,449.39999771118164
1762251000800,130.19998168945312,449.39999771118164
1762251000832,133.19998168945312,448.39999771118164
1762251000863,138.19998168945312,442.39999771118164
1762251000893,143.19998168945312,432.39999771118164
1762251000923,146.19998168945312,424.39999771118164
1762251000953,149.19998168945312,421.39999771118164
1762251000985,150.19998168945312,419.39999771118164
1762251001017,150.19998168945312,416.39999771118164
1762251001047,151.19998168945312,414.39999771118164
1762251001077,152.19998168945312,412.39999771118164
1762251001109,152.19998168945312,411.39999771118164
1762251001139,152.19998168945312,409.39999771118164
1762251001172,152.19998168945312,408.39999771118164
1762251001205,152.19998168945312,408.39999771118164
1762251001222,152.19998168945312,408.39999771118164
1762251001640,149.19998168945312,416.39999771118164
1762251001650,138.19998168945312,443.39999771118164
1762251001667,122.19998168945312,485.39999771118164
1762251001684,97.19998168945312,567.3999977111816
1762251001704,91.19998168945312,586.3999977111816
1762251002510,123.19998168945312,596.3999977111816
1762251002520,186.19998168945312,566.3999977111816
1762251002538,272.1999816894531,542.3999977111816
1762251002555,358.1999816894531,530.3999977111816
1762251002572,416.1999816894531,532.3999977111816
1762251002589,449.1999816894531,537.3999977111816
1762251002610,520.1999816894531,559.3999977111816
1762251002623,542.1999816894531,572.3999977111816
1762251002646,562.1999816894531,590.3999977111816
1762251002918,574.1999816894531,592.3999977111816
-1,-1,-1
1762250906715,749.1999816894531,186.39999771118164
1762250906904,748.1999816894531,187.39999771118164
1762250906922,746.1999816894531,199.39999771118164
1762250906938,740.1999816894531,219.39999771118164
1762250906955,738.1999816894531,229.39999771118164
1762250906974,737.1999816894531,236.39999771118164
1762250906988,736.1999816894531,240.39999771118164
1762250907006,735.1999816894531,243.39999771118164
1762250907022,734.1999816894531,245.39999771118164
1762250907038,734.1999816894531,251.39999771118164
1762250907055,734.1999816894531,258.39999771118164
1762250907072,735.1999816894531,269.39999771118164
1762250907089,736.1999816894531,276.39999771118164
1762250907105,736.1999816894531,280.39999771118164
1762250907122,737.1999816894531,284.39999771118164
1762250907138,737.1999816894531,285.39999771118164
1762250907155,737.1999816894531,288.39999771118164
1762250907174,737.1999816894531,291.39999771118164
1762250907191,736.1999816894531,292.39999771118164
1762250907204,736.1999816894531,293.39999771118164
1762250907221,735.1999816894531,294.39999771118164
1762250907238,735.1999816894531,296.39999771118164
1762250907255,734.1999816894531,296.39999771118164
1762250907272,734.1999816894531,296.39999771118164
1762250907288,734.1999816894531,297.39999771118164
1762250907338,734.1999816894531,298.39999771118164
1762250907355,734.1999816894531,299.39999771118164
1762250907372,734.1999816894531,300.39999771118164
1762250907389,734.1999816894531,301.39999771118164
1762250907405,734.1999816894531,302.39999771118164
1762250907422,736.1999816894531,305.39999771118164
1762250907440,736.1999816894531,307.39999771118164
1762250907455,736.1999816894531,308.39999771118164
1762250907471,737.1999816894531,308.39999771118164
1762250907488,738.1999816894531,309.39999771118164
1762250907505,738.1999816894531,311.39999771118164
1762250907555,738.1999816894531,312.39999771118164
1762250907571,738.1999816894531,312.39999771118164
1762250907638,738.1999816894531,313.39999771118164
1762250907655,738.1999816894531,314.39999771118164
1762250907721,738.1999816894531,315.39999771118164
1762250907738,739.1999816894531,315.39999771118164
1762250907776,742.1999816894531,317.39999771118164
1762250907788,742.1999816894531,319.39999771118164
1762250907805,743.1999816894531,320.39999771118164
1762250907821,744.1999816894531,321.39999771118164
1762250907838,745.1999816894531,322.39999771118164
1762250907855,745.1999816894531,323.39999771118164
1762250907871,746.1999816894531,324.39999771118164
1762250907889,746.1999816894531,324.39999771118164
1762250907905,747.1999816894531,325.39999771118164
1762250907921,748.1999816894531,325.39999771118164
1762250907938,749.1999816894531,327.39999771118164
1762250907955,750.1999816894531,327.39999771118164
1762250907971,750.1999816894531,327.39999771118164
1762250907988,751.1999816894531,327.39999771118164
1762250908005,752.1999816894531,328.39999771118164
1762250908022,753.1999816894531,328.39999771118164
1762250908038,755.1999816894531,329.39999771118164
1762250908054,757.1999816894531,330.39999771118164
1762250908071,758.1999816894531,331.39999771118164
1762250908088,760.1999816894531,332.39999771118164
1762250908106,763.1999816894531,332.39999771118164
1762250908121,766.1999816894531,333.39999771118164
1762250908138,769.1999816894531,334.39999771118164
1762250908155,771.1999816894531,334.39999771118164
1762250908172,774.1999816894531,335.39999771118164
1762250908189,776.1999816894531,335.39999771118164
1762250908205,777.1999816894531,336.39999771118164
1762250908221,779.1999816894531,336.39999771118164
1762250908240,782.1999816894531,336.39999771118164
1762250908255,783.1999816894531,336.39999771118164
1762250908271,786.1999816894531,336.39999771118164
1762250908288,787.1999816894531,336.39999771118164
1762250908306,790.1999816894531,336.39999771118164
1762250908322,794.1999816894531,336.39999771118164
1762250908338,798.1999816894531,336.39999771118164
1762250908355,798.1999816894531,336.39999771118164
1762250908374,801.1999816894531,335.39999771118164
1762250908388,802.1999816894531,335.39999771118164
1762250908405,805.1999816894531,335.39999771118164
1762250908421,806.1999816894531,334.39999771118164
1762250908438,809.1999816894531,333.39999771118164
1762250908455,812.1999816894531,332.39999771118164
1762250908471,817.1999816894531,330.39999771118164
1762250908488,820.1999816894531,328.39999771118164
1762250908505,822.1999816894531,328.39999771118164
1762250908521,823.1999816894531,327.39999771118164
1762250908539,825.1999816894531,325.39999771118164
1762250908554,826.1999816894531,325.39999771118164
1762250908571,827.1999816894531,324.39999771118164
1762250908588,828.1999816894531,324.39999771118164
1762250908604,830.1999816894531,323.39999771118164
1762250908621,830.1999816894531,322.39999771118164
1762250908638,831.1999816894531,321.39999771118164
1762250908671,831.1999816894531,320.39999771118164
1762250908688,833.1999816894531,318.39999771118164
1762250908705,834.1999816894531,317.39999771118164
1762250908721,834.1999816894531,314.39999771118164
1762250908738,836.1999816894531,312.39999771118164
1762250908755,836.1999816894531,312.39999771118164
1762250908772,836.1999816894531,310.39999771118164
1762250908788,838.1999816894531,307.39999771118164
1762250908805,838.1999816894531,299.39999771118164
1762250908822,838.1999816894531,272.39999771118164
1762250908839,835.1999816894531,257.39999771118164
1762250908855,835.1999816894531,250.39999771118164
1762250908871,834.1999816894531,247.39999771118164
1762250908888,834.1999816894531,246.39999771118164
1762250908905,834.1999816894531,245.39999771118164
1762250908956,834.1999816894531,244.39999771118164
1762250908972,834.1999816894531,244.39999771118164
1762250908988,834.1999816894531,243.39999771118164
1762250909005,834.1999816894531,243.39999771118164
1762250909021,834.1999816894531,241.39999771118164
1762250909038,832.1999816894531,236.39999771118164
1762250909055,830.1999816894531,232.39999771118164
1762250909072,830.1999816894531,228.39999771118164
1762250909088,830.1999816894531,226.39999771118164
1762250909105,829.1999816894531,224.39999771118164
1762250909121,829.1999816894531,223.39999771118164
1762250909138,828.1999816894531,221.39999771118164
1762250909155,827.1999816894531,221.39999771118164
1762250909188,827.1999816894531,220.39999771118164
1762250909221,826.1999816894531,219.39999771118164
1762250909238,826.1999816894531,217.39999771118164
1762250909255,824.1999816894531,214.39999771118164
1762250909272,821.1999816894531,208.39999771118164
1762250909288,820.1999816894531,206.39999771118164
1762250909305,819.1999816894531,203.39999771118164
1762250909321,818.1999816894531,201.39999771118164
1762250909338,817.1999816894531,200.39999771118164
1762250909355,817.1999816894531,199.39999771118164
1762250909372,816.1999816894531,198.39999771118164
1762250909388,815.1999816894531,197.39999771118164
1762250909405,815.1999816894531,196.39999771118164
1762250909422,815.1999816894531,196.39999771118164
1762250909455,814.1999816894531,195.39999771118164
1762250909489,814.1999816894531,194.39999771118164
1762250909538,813.1999816894531,193.39999771118164
1762250909572,811.1999816894531,192.39999771118164
1762250909588,810.1999816894531,190.39999771118164
1762250909621,808.1999816894531,188.39999771118164
1762250909638,807.1999816894531,188.39999771118164
1762250909655,806.1999816894531,187.39999771118164
1762250909672,805.1999816894531,187.39999771118164
1762250909688,804.1999816894531,186.39999771118164
1762250909705,803.1999816894531,186.39999771118164
1762250909722,802.1999816894531,186.39999771118164
1762250909738,801.1999816894531,186.39999771118164
1762250909755,800.1999816894531,186.39999771118164
1762250909771,799.1999816894531,185.39999771118164
1762250909788,797.1999816894531,185.39999771118164
1762250909805,794.1999816894531,184.39999771118164
1762250909822,793.1999816894531,184.39999771118164
1762250909838,792.1999816894531,184.39999771118164
1762250909855,790.1999816894531,184.39999771118164
1762250909871,790.1999816894531,184.39999771118164
1762250909888,787.1999816894531,184.39999771118164
1762250909905,786.1999816894531,184.39999771118164
1762250909921,784.1999816894531,185.39999771118164
1762250909938,782.1999816894531,185.39999771118164
1762250909955,782.1999816894531,185.39999771118164
1762250909972,779.1999816894531,187.39999771118164
1762250909989,778.1999816894531,187.39999771118164
1762250910005,777.1999816894531,188.39999771118164
1762250910022,775.1999816894531,189.39999771118164
1762250910038,773.1999816894531,190.39999771118164
1762250910055,772.1999816894531,192.39999771118164
1762250910072,771.1999816894531,192.39999771118164
1762250910088,770.1999816894531,194.39999771118164
1762250910105,768.1999816894531,195.39999771118164
1762250910122,767.1999816894531,196.39999771118164
1762250910138,766.1999816894531,198.39999771118164
1762250910155,765.1999816894531,200.39999771118164
1762250910172,764.1999816894531,201.39999771118164
1762250910188,762.1999816894531,203.39999771118164
1762250910205,762.1999816894531,204.39999771118164
1762250910222,760.1999816894531,204.39999771118164
1762250910239,758.1999816894531,206.39999771118164
1762250910255,758.1999816894531,208.39999771118164
1762250910271,756.1999816894531,212.39999771118164
1762250910288,755.1999816894531,212.39999771118164
1762250910305,754.1999816894531,215.39999771118164
1762250910321,753.1999816894531,217.39999771118164
1762250910339,753.1999816894531,220.39999771118164
1762250910355,751.1999816894531,223.39999771118164
1762250910372,750.1999816894531,227.39999771118164
1762250910388,750.1999816894531,231.39999771118164
1762250910405,749.1999816894531,242.39999771118164
1762250910422,747.1999816894531,251.39999771118164
1762250910438,746.1999816894531,260.39999771118164
1762250910455,746.1999816894531,264.39999771118164
1762250910472,746.1999816894531,266.39999771118164
1762250910490,745.1999816894531,269.39999771118164
1762250910505,745.1999816894531,270.39999771118164
1762250910521,745.1999816894531,271.39999771118164
1762250910538,745.1999816894531,272.39999771118164
1762250910554,745.1999816894531,274.39999771118164
1762250910571,745.1999816894531,277.39999771118164
1762250910588,746.1999816894531,281.39999771118164
1762250910605,746.1999816894531,284.39999771118164
1762250910621,748.1999816894531,288.39999771118164
1762250910639,748.1999816894531,289.39999771118164
1762250910655,748.1999816894531,291.39999771118164
1762250910672,748.1999816894531,292.39999771118164
1762250910689,749.1999816894531,292.39999771118164
1762250910705,750.1999816894531,294.39999771118164
1762250910721,750.1999816894531,295.39999771118164
1762250910755,750.1999816894531,295.39999771118164
1762250910771,752.1999816894531,295.39999771118164
1762250910805,754.1999816894531,295.39999771118164
1762250910838,754.1999816894531,295.39999771118164
1762250910855,755.1999816894531,295.39999771118164
1762250910871,756.1999816894531,295.39999771118164
1762250910888,757.1999816894531,295.39999771118164
1762250910905,758.1999816894531,295.39999771118164
1762250910938,759.1999816894531,294.39999771118164
1762250910955,759.1999816894531,293.39999771118164
1762250910972,761.1999816894531,290.39999771118164
1762250910989,762.1999816894531,289.39999771118164
1762250911005,762.1999816894531,288.39999771118164
1762250911021,764.1999816894531,285.39999771118164
1762250911038,764.1999816894531,283.39999771118164
1762250911054,765.1999816894531,280.39999771118164
1762250911071,765.1999816894531,279.39999771118164
1762250911088,766.1999816894531,277.39999771118164
1762250911104,766.1999816894531,276.39999771118164
1762250911121,766.1999816894531,275.39999771118164
1762250911138,767.1999816894531,270.39999771118164
1762250911155,767.1999816894531,264.39999771118164
1762250911172,767.1999816894531,252.39999771118164
1762250911188,766.1999816894531,242.39999771118164
1762250911205,766.1999816894531,240.39999771118164
1762250911222,766.1999816894531,238.39999771118164
1762250911238,766.1999816894531,237.39999771118164
1762250911255,766.1999816894531,236.39999771118164
1762250911272,766.1999816894531,236.39999771118164
1762250911288,766.1999816894531,235.39999771118164
1762250911305,765.1999816894531,233.39999771118164
1762250911321,765.1999816894531,232.39999771118164
1762250911338,764.1999816894531,229.39999771118164
1762250911355,764.1999816894531,228.39999771118164
1762250911371,764.1999816894531,226.39999771118164
1762250911389,764.1999816894531,224.39999771118164
1762250911405,764.1999816894531,223.39999771118164
1762250911422,764.1999816894531,221.39999771118164
1762250911438,764.1999816894531,220.39999771118164
1762250911454,764.1999816894531,216.39999771118164
1762250911471,765.1999816894531,212.39999771118164
1762250911488,766.1999816894531,210.39999771118164
1762250911505,767.1999816894531,208.39999771118164
1762250911521,767.1999816894531,207.39999771118164
1762250911538,767.1999816894531,206.39999771118164
1762250911555,768.1999816894531,204.39999771118164
1762250911571,768.1999816894531,204.39999771118164
1762250911588,769.1999816894531,203.39999771118164
1762250911605,769.1999816894531,202.39999771118164
1762250911621,770.1999816894531,202.39999771118164
1762250911638,770.1999816894531,200.39999771118164
1762250911655,771.1999816894531,200.39999771118164
1762250911671,773.1999816894531,200.39999771118164
1762250911705,774.1999816894531,199.39999771118164
1762250911721,774.1999816894531,199.39999771118164
1762250911755,776.1999816894531,199.39999771118164
1762250911771,777.1999816894531,199.39999771118164
1762250911788,777.1999816894531,200.39999771118164
1762250911804,778.1999816894531,200.39999771118164
1762250911821,778.1999816894531,201.39999771118164
1762250911837,780.1999816894531,203.39999771118164
1762250911854,781.1999816894531,204.39999771118164
1762250911871,781.1999816894531,205.39999771118164
1762250911888,782.1999816894531,208.39999771118164
1762250911904,782.1999816894531,212.39999771118164
1762250911921,782.1999816894531,215.39999771118164
1762250911938,782.1999816894531,218.39999771118164
1762250911955,782.1999816894531,220.39999771118164
1762250911971,782.1999816894531,223.39999771118164
1762250911988,782.1999816894531,225.39999771118164
1762250912005,782.1999816894531,228.39999771118164
1762250912021,782.1999816894531,232.39999771118164
1762250912038,782.1999816894531,235.39999771118164
1762250912055,782.1999816894531,237.39999771118164
1762250912071,782.1999816894531,240.39999771118164
1762250912088,782.1999816894531,242.39999771118164
1762250912104,782.1999816894531,243.39999771118164
1762250912122,782.1999816894531,245.39999771118164
1762250912138,782.1999816894531,248.39999771118164
1762250912154,781.1999816894531,251.39999771118164
1762250912171,781.1999816894531,253.39999771118164
1762250912189,779.1999816894531,260.39999771118164
1762250912205,778.1999816894531,264.39999771118164
1762250912221,778.1999816894531,269.39999771118164
1762250912238,777.1999816894531,274.39999771118164
1762250912255,776.1999816894531,280.39999771118164
1762250912272,776.1999816894531,283.39999771118164
1762250912288,776.1999816894531,284.39999771118164
1762250912304,776.1999816894531,287.39999771118164
1762250912322,776.1999816894531,288.39999771118164
1762250912338,776.1999816894531,289.39999771118164
1762250912355,776.1999816894531,291.39999771118164
1762250912371,776.1999816894531,293.39999771118164
1762250912388,778.1999816894531,299.39999771118164
1762250912404,780.1999816894531,304.39999771118164
1762250912421,782.1999816894531,308.39999771118164
1762250912438,784.1999816894531,311.39999771118164
1762250912454,785.1999816894531,312.39999771118164
1762250912471,787.1999816894531,314.39999771118164
1762250912488,787.1999816894531,315.39999771118164
1762250912505,790.1999816894531,315.39999771118164
1762250912521,790.1999816894531,316.39999771118164
1762250912538,792.1999816894531,316.39999771118164
1762250912554,794.1999816894531,316.39999771118164
1762250912571,796.1999816894531,315.39999771118164
1762250912588,798.1999816894531,312.39999771118164
1762250912605,802.1999816894531,308.39999771118164
1762250912622,804.1999816894531,307.39999771118164
1762250912638,805.1999816894531,306.39999771118164
1762250912654,806.1999816894531,304.39999771118164
1762250912671,806.1999816894531,303.39999771118164
1762250912688,806.1999816894531,302.39999771118164
1762250912705,808.1999816894531,298.39999771118164
1762250912722,808.1999816894531,289.39999771118164
1762250912739,806.1999816894531,260.39999771118164
1762250912755,806.1999816894531,252.39999771118164
1762250912772,804.1999816894531,248.39999771118164
1762250912788,804.1999816894531,248.39999771118164
1762250912805,804.1999816894531,247.39999771118164
1762250912821,803.1999816894531,245.39999771118164
1762250912838,803.1999816894531,240.39999771118164
1762250912854,800.1999816894531,221.39999771118164
1762250912872,798.1999816894531,212.39999771118164
1762250912888,797.1999816894531,209.39999771118164
1762250912905,797.1999816894531,207.39999771118164
1762250912940,796.1999816894531,205.39999771118164
1762250912955,796.1999816894531,204.39999771118164
1762250912971,795.1999816894531,204.39999771118164
1762250912988,795.1999816894531,202.39999771118164
1762250913005,794.1999816894531,197.39999771118164
1762250913021,793.1999816894531,192.39999771118164
1762250913038,791.1999816894531,189.39999771118164
1762250913055,791.1999816894531,188.39999771118164
1762250913071,790.1999816894531,188.39999771118164
1762250913088,790.1999816894531,186.39999771118164
1762250913105,790.1999816894531,185.39999771118164
1762250913121,790.1999816894531,184.39999771118164
1762250913138,790.1999816894531,184.39999771118164
1762250913155,790.1999816894531,183.39999771118164
1762250913188,790.1999816894531,182.39999771118164
1762250913204,791.1999816894531,182.39999771118164
1762250913243,793.1999816894531,182.39999771118164
1762250913271,794.1999816894531,183.39999771118164
1762250913287,795.1999816894531,184.39999771118164
1762250913304,798.1999816894531,185.39999771118164
1762250913321,801.1999816894531,188.39999771118164
1762250913337,802.1999816894531,190.39999771118164
1762250913354,804.1999816894531,192.39999771118164
1762250913371,806.1999816894531,193.39999771118164
1762250913388,806.1999816894531,194.39999771118164
1762250913404,806.1999816894531,196.39999771118164
1762250913421,807.1999816894531,198.39999771118164
1762250913438,808.1999816894531,200.39999771118164
1762250913454,808.1999816894531,200.39999771118164
1762250913471,810.1999816894531,204.39999771118164
1762250913488,810.1999816894531,205.39999771118164
1762250913504,810.1999816894531,208.39999771118164
1762250913521,810.1999816894531,210.39999771118164
1762250913538,810.1999816894531,212.39999771118164
1762250913554,811.1999816894531,215.39999771118164
1762250913571,811.1999816894531,216.39999771118164
1762250913588,811.1999816894531,219.39999771118164
1762250913604,812.1999816894531,220.39999771118164
1762250913621,812.1999816894531,221.39999771118164
1762250913638,813.1999816894531,223.39999771118164
1762250913655,813.1999816894531,225.39999771118164
1762250913671,813.1999816894531,228.39999771118164
1762250913688,814.1999816894531,231.39999771118164
1762250913705,815.1999816894531,233.39999771118164
1762250913721,815.1999816894531,236.39999771118164
1762250913738,816.1999816894531,240.39999771118164
1762250913754,818.1999816894531,244.39999771118164
1762250913771,819.1999816894531,248.39999771118164
1762250913788,820.1999816894531,251.39999771118164
1762250913804,821.1999816894531,255.39999771118164
1762250913821,821.1999816894531,256.39999771118164
1762250913838,822.1999816894531,257.39999771118164
1762250913854,822.1999816894531,258.39999771118164
1762250913871,823.1999816894531,260.39999771118164
1762250913888,823.1999816894531,264.39999771118164
1762250913904,824.1999816894531,266.39999771118164
1762250913922,826.1999816894531,272.39999771118164
1762250913938,826.1999816894531,274.39999771118164
1762250913954,826.1999816894531,277.39999771118164
1762250913972,826.1999816894531,279.39999771118164
1762250913988,826.1999816894531,280.39999771118164
1762250914004,826.1999816894531,284.39999771118164
1762250914021,826.1999816894531,285.39999771118164
1762250914038,826.1999816894531,286.39999771118164
1762250914055,826.1999816894531,289.39999771118164
1762250914071,826.1999816894531,292.39999771118164
1762250914088,826.1999816894531,293.39999771118164
1762250914105,826.1999816894531,295.39999771118164
1762250914121,826.1999816894531,296.39999771118164
1762250914139,826.1999816894531,298.39999771118164
1762250914155,826.1999816894531,299.39999771118164
1762250914171,826.1999816894531,300.39999771118164
1762250914188,825.1999816894531,302.39999771118164
1762250914205,825.1999816894531,304.39999771118164
1762250914221,825.1999816894531,305.39999771118164
1762250914238,824.1999816894531,306.39999771118164
1762250914271,823.1999816894531,308.39999771118164
1762250914288,823.1999816894531,308.39999771118164
1762250914321,822.1999816894531,309.39999771118164
1762250914338,822.1999816894531,309.39999771118164
1762250914355,822.1999816894531,310.39999771118164
1762250914372,821.1999816894531,310.39999771118164
1762250914409,820.1999816894531,310.39999771118164
1762250914421,819.1999816894531,311.39999771118164
1762250914438,818.1999816894531,312.39999771118164
1762250914454,817.1999816894531,312.39999771118164
1762250914489,816.1999816894531,312.39999771118164
1762250914505,815.1999816894531,312.39999771118164
1762250914521,814.1999816894531,312.39999771118164
1762250914538,814.1999816894531,312.39999771118164
1762250914572,811.1999816894531,312.39999771118164
1762250914588,810.1999816894531,312.39999771118164
1762250914604,810.1999816894531,312.39999771118164
1762250914638,809.1999816894531,312.39999771118164
1762250914655,807.1999816894531,312.39999771118164
1762250914688,806.1999816894531,312.39999771118164
1762250914705,806.1999816894531,311.39999771118164
1762250914722,805.1999816894531,311.39999771118164
1762250914738,803.1999816894531,308.39999771118164
1762250914754,802.1999816894531,308.39999771118164
1762250914771,802.1999816894531,306.39999771118164
1762250914789,802.1999816894531,304.39999771118164
1762250914805,801.1999816894531,303.39999771118164
1762250914821,799.1999816894531,299.39999771118164
1762250914838,798.1999816894531,298.39999771118164
1762250914855,798.1999816894531,296.39999771118164
1762250914871,798.1999816894531,293.39999771118164
1762250914905,797.1999816894531,292.39999771118164
1762250914921,797.1999816894531,291.39999771118164
1762250914938,796.1999816894531,290.39999771118164
1762250914954,796.1999816894531,289.39999771118164
1762250914988,795.1999816894531,288.39999771118164
1762250915005,794.1999816894531,288.39999771118164
1762250915021,794.1999816894531,288.39999771118164
1762250915055,793.1999816894531,288.39999771118164
1762250915072,792.1999816894531,288.39999771118164
1762250915088,791.1999816894531,288.39999771118164
1762250915104,790.1999816894531,288.39999771118164
1762250915121,790.1999816894531,288.39999771118164
1762250915138,789.1999816894531,288.39999771118164
1762250915155,788.1999816894531,288.39999771118164
1762250915171,786.1999816894531,290.39999771118164
1762250915188,785.1999816894531,291.39999771118164
1762250915205,784.1999816894531,292.39999771118164
1762250915221,782.1999816894531,293.39999771118164
1762250915238,782.1999816894531,294.39999771118164
1762250915255,781.1999816894531,296.39999771118164
1762250915272,779.1999816894531,296.39999771118164
1762250915287,778.1999816894531,297.39999771118164
1762250915304,778.1999816894531,298.39999771118164
1762250915321,777.1999816894531,300.39999771118164
1762250915337,776.1999816894531,301.39999771118164
1762250915355,774.1999816894531,303.39999771118164
1762250915371,774.1999816894531,305.39999771118164
1762250915388,771.1999816894531,308.39999771118164
1762250915404,771.1999816894531,310.39999771118164
1762250915421,770.1999816894531,312.39999771118164
1762250915455,769.1999816894531,313.39999771118164
1762250915471,768.1999816894531,314.39999771118164
1762250915488,767.1999816894531,315.39999771118164
1762250915505,766.1999816894531,316.39999771118164
1762250915538,765.1999816894531,316.39999771118164
1762250915554,764.1999816894531,317.39999771118164
1762250915571,763.1999816894531,318.39999771118164
1762250915588,762.1999816894531,318.39999771118164
1762250915605,762.1999816894531,318.39999771118164
1762250915621,761.1999816894531,318.39999771118164
1762250915638,760.1999816894531,318.39999771118164
1762250915654,758.1999816894531,318.39999771118164
1762250915671,758.1999816894531,318.39999771118164
1762250915688,755.1999816894531,317.39999771118164
1762250915704,754.1999816894531,316.39999771118164
1762250915721,754.1999816894531,316.39999771118164
1762250915738,753.1999816894531,316.39999771118164
1762250915754,753.1999816894531,315.39999771118164
1762250915771,751.1999816894531,312.39999771118164
1762250915788,750.1999816894531,307.39999771118164
1762250915804,749.1999816894531,303.39999771118164
1762250915821,749.1999816894531,297.39999771118164
1762250915838,748.1999816894531,296.39999771118164
1762250915854,748.1999816894531,293.39999771118164
1762250915871,747.1999816894531,292.39999771118164
1762250915888,746.1999816894531,291.39999771118164
1762250915904,746.1999816894531,290.39999771118164
1762250915921,746.1999816894531,284.39999771118164
1762250915938,746.1999816894531,281.39999771118164
1762250915954,746.1999816894531,276.39999771118164
1762250915971,746.1999816894531,275.39999771118164
1762250915988,746.1999816894531,273.39999771118164
1762250916004,746.1999816894531,272.39999771118164
1762250916021,746.1999816894531,270.39999771118164
1762250916038,746.1999816894531,266.39999771118164
1762250916055,747.1999816894531,260.39999771118164
1762250916071,747.1999816894531,257.39999771118164
1762250916088,747.1999816894531,254.39999771118164
1762250916104,747.1999816894531,253.39999771118164
1762250916121,747.1999816894531,252.39999771118164
1762250916138,747.1999816894531,251.39999771118164
1762250916154,747.1999816894531,250.39999771118164
1762250916188,747.1999816894531,248.39999771118164
1762250916222,747.1999816894531,248.39999771118164
1762250916255,748.1999816894531,245.39999771118164
1762250916271,748.1999816894531,242.39999771118164
1762250916288,749.1999816894531,233.39999771118164
1762250916304,749.1999816894531,228.39999771118164
1762250916321,749.1999816894531,225.39999771118164
1762250916338,749.1999816894531,224.39999771118164
1762250916354,749.1999816894531,223.39999771118164
1762250916371,749.1999816894531,222.39999771118164
1762250916388,750.1999816894531,221.39999771118164
1762250916404,750.1999816894531,220.39999771118164
1762250916421,750.1999816894531,220.39999771118164
1762250916455,750.1999816894531,218.39999771118164
1762250916471,751.1999816894531,217.39999771118164
1762250916488,752.1999816894531,217.39999771118164
1762250916505,753.1999816894531,217.39999771118164
1762250916521,754.1999816894531,216.39999771118164
1762250916538,755.1999816894531,216.39999771118164
1762250916554,756.1999816894531,216.39999771118164
1762250916571,758.1999816894531,216.39999771118164
1762250916588,760.1999816894531,216.39999771118164
1762250916604,762.1999816894531,216.39999771118164
1762250916621,763.1999816894531,216.39999771118164
1762250916637,764.1999816894531,216.39999771118164
1762250916654,766.1999816894531,216.39999771118164
1762250916671,766.1999816894531,217.39999771118164
1762250916688,768.1999816894531,220.39999771118164
1762250916704,770.1999816894531,230.39999771118164
1762250916722,771.1999816894531,236.39999771118164
1762250916738,772.1999816894531,243.39999771118164
1762250916754,772.1999816894531,245.39999771118164
1762250916771,772.1999816894531,247.39999771118164
1762250916788,771.1999816894531,251.39999771118164
1762250916805,771.1999816894531,254.39999771118164
1762250916821,770.1999816894531,259.39999771118164
1762250916838,769.1999816894531,264.39999771118164
1762250916855,769.1999816894531,267.39999771118164
1762250916871,768.1999816894531,270.39999771118164
1762250916888,768.1999816894531,272.39999771118164
1762250916905,767.1999816894531,272.39999771118164
1762250916921,767.1999816894531,275.39999771118164
1762250916938,766.1999816894531,276.39999771118164
1762250916954,766.1999816894531,279.39999771118164
1762250916971,766.1999816894531,284.39999771118164
1762250916988,766.1999816894531,288.39999771118164
1762250917005,765.1999816894531,295.39999771118164
1762250917021,765.1999816894531,298.39999771118164
1762250917038,764.1999816894531,301.39999771118164
1762250917054,763.1999816894531,305.39999771118164
1762250917071,763.1999816894531,308.39999771118164
1762250917088,763.1999816894531,311.39999771118164
1762250917104,763.1999816894531,316.39999771118164
1762250917121,763.1999816894531,323.39999771118164
1762250917138,763.1999816894531,328.39999771118164
1762250917154,762.1999816894531,330.39999771118164
1762250917171,762.1999816894531,331.39999771118164
1762250917187,762.1999816894531,333.39999771118164
1762250917221,762.1999816894531,335.39999771118164
1762250917255,762.1999816894531,336.39999771118164
1762250917271,762.1999816894531,337.39999771118164
1762250917287,762.1999816894531,338.39999771118164
1762250917304,762.1999816894531,340.39999771118164
1762250917321,762.1999816894531,342.39999771118164
1762250917338,761.1999816894531,344.39999771118164
1762250917354,761.1999816894531,346.39999771118164
1762250917371,760.1999816894531,348.39999771118164
1762250917387,760.1999816894531,350.39999771118164
1762250917404,759.1999816894531,352.39999771118164
1762250917421,758.1999816894531,354.39999771118164
1762250917438,758.1999816894531,356.39999771118164
1762250917454,758.1999816894531,356.39999771118164
1762250917471,757.1999816894531,357.39999771118164
1762250917488,757.1999816894531,358.39999771118164
1762250917504,757.1999816894531,359.39999771118164
1762250917521,756.1999816894531,360.39999771118164
1762250917555,755.1999816894531,360.39999771118164
1762250917588,755.1999816894531,361.39999771118164
1762250917605,754.1999816894531,361.39999771118164
1762250917621,753.1999816894531,361.39999771118164
1762250917638,752.1999816894531,361.39999771118164
1762250917655,751.1999816894531,361.39999771118164
1762250917671,749.1999816894531,360.39999771118164
1762250917688,749.1999816894531,360.39999771118164
1762250917704,747.1999816894531,359.39999771118164
1762250917721,746.1999816894531,356.39999771118164
1762250917738,745.1999816894531,356.39999771118164
1762250917755,745.1999816894531,354.39999771118164
1762250917771,743.1999816894531,353.39999771118164
1762250917787,743.1999816894531,352.39999771118164
1762250917804,743.1999816894531,351.39999771118164
1762250917821,742.1999816894531,349.39999771118164
1762250917838,742.1999816894531,348.39999771118164
1762250917855,742.1999816894531,347.39999771118164
1762250917871,742.1999816894531,346.39999771118164
1762250917888,742.1999816894531,344.39999771118164
1762250917905,742.1999816894531,344.39999771118164
1762250917921,742.1999816894531,342.39999771118164
1762250917938,742.1999816894531,341.39999771118164
1762250917954,742.1999816894531,340.39999771118164
1762250917971,742.1999816894531,340.39999771118164
1762250917988,742.1999816894531,337.39999771118164
1762250918004,742.1999816894531,336.39999771118164
1762250918021,742.1999816894531,333.39999771118164
1762250918055,742.1999816894531,332.39999771118164
1762250918071,743.1999816894531,331.39999771118164
1762250918088,743.1999816894531,330.39999771118164
1762250918104,744.1999816894531,328.39999771118164
1762250918121,744.1999816894531,326.39999771118164
1762250918138,744.1999816894531,324.39999771118164
1762250918155,744.1999816894531,324.39999771118164
1762250918171,744.1999816894531,323.39999771118164
1762250918187,744.1999816894531,320.39999771118164
1762250918204,744.1999816894531,319.39999771118164
1762250918221,745.1999816894531,317.39999771118164
1762250918237,746.1999816894531,312.39999771118164
1762250918254,747.1999816894531,311.39999771118164
1762250918272,747.1999816894531,308.39999771118164
1762250918287,747.1999816894531,308.39999771118164
1762250918304,747.1999816894531,307.39999771118164
1762250918320,747.1999816894531,305.39999771118164
1762250918355,747.1999816894531,304.39999771118164
1762250918388,747.1999816894531,304.39999771118164
1762250918471,748.1999816894531,304.39999771118164
1762250918488,750.1999816894531,306.39999771118164
1762250918505,754.1999816894531,312.39999771118164
1762250918521,759.1999816894531,320.39999771118164
1762250918538,766.1999816894531,332.39999771118164
1762250918554,767.1999816894531,334.39999771118164
1762250918570,768.1999816894531,336.39999771118164
1762250918587,770.1999816894531,337.39999771118164
1762250918604,770.1999816894531,339.39999771118164
1762250918621,772.1999816894531,341.39999771118164
1762250918637,774.1999816894531,342.39999771118164
1762250918655,774.1999816894531,344.39999771118164
1762250918670,777.1999816894531,345.39999771118164
1762250918687,778.1999816894531,346.39999771118164
1762250918704,779.1999816894531,347.39999771118164
1762250918721,781.1999816894531,347.39999771118164
1762250918738,784.1999816894531,347.39999771118164
1762250918754,786.1999816894531,347.39999771118164
1762250918770,790.1999816894531,347.39999771118164
1762250918787,794.1999816894531,346.39999771118164
1762250918804,798.1999816894531,344.39999771118164
1762250918821,801.1999816894531,343.39999771118164
1762250918837,804.1999816894531,342.39999771118164
1762250918854,806.1999816894531,340.39999771118164
1762250918871,807.1999816894531,340.39999771118164
1762250918888,809.1999816894531,337.39999771118164
1762250918921,810.1999816894531,336.39999771118164
1762250918938,810.1999816894531,336.39999771118164
1762250918954,811.1999816894531,336.39999771118164
1762250918988,812.1999816894531,335.39999771118164
1762250919006,813.1999816894531,334.39999771118164
1762250919119,813.1999816894531,335.39999771118164
1762250919138,814.1999816894531,336.39999771118164
1762250919154,814.1999816894531,340.39999771118164
1762250919171,814.1999816894531,343.39999771118164
1762250919187,815.1999816894531,348.39999771118164
1762250919204,815.1999816894531,348.39999771118164
1762250919221,815.1999816894531,349.39999771118164
1762250919237,815.1999816894531,351.39999771118164
1762250919271,815.1999816894531,352.39999771118164
1762250919287,816.1999816894531,352.39999771118164
1762250919304,816.1999816894531,353.39999771118164
1762250919320,816.1999816894531,354.39999771118164
1762250919355,817.1999816894531,354.39999771118164
1762250919370,817.1999816894531,355.39999771118164
1762250919405,817.1999816894531,356.39999771118164
1762250919421,818.1999816894531,356.39999771118164
1762250919437,818.1999816894531,358.39999771118164
1762250919454,818.1999816894531,359.39999771118164
1762250919470,818.1999816894531,360.39999771118164
1762250919487,818.1999816894531,361.39999771118164
1762250919504,818.1999816894531,362.39999771118164
1762250919521,818.1999816894531,363.39999771118164
1762250919554,818.1999816894531,364.39999771118164
1762250919587,818.1999816894531,364.39999771118164
1762250919604,819.1999816894531,364.39999771118164
1762250919699,819.1999816894531,364.39999771118164
1762250919738,820.1999816894531,361.39999771118164
1762250919755,820.1999816894531,360.39999771118164
1762250919771,820.1999816894531,360.39999771118164
1762250919787,820.1999816894531,358.39999771118164
1762250919804,820.1999816894531,357.39999771118164
1762250919821,821.1999816894531,356.39999771118164
1762250919837,821.1999816894531,355.39999771118164
1762250919854,821.1999816894531,353.39999771118164
1762250919871,821.1999816894531,352.39999771118164
1762250919887,821.1999816894531,350.39999771118164
1762250919904,821.1999816894531,348.39999771118164
1762250919938,821.1999816894531,347.39999771118164
1762250919954,821.1999816894531,346.39999771118164
1762250919971,821.1999816894531,345.39999771118164
1762250919987,821.1999816894531,344.39999771118164
1762250920004,821.1999816894531,344.39999771118164
1762250920020,821.1999816894531,343.39999771118164
1762250920037,820.1999816894531,342.39999771118164
1762250920054,820.1999816894531,341.39999771118164
1762250920071,816.1999816894531,328.39999771118164
1762250920087,810.1999816894531,313.39999771118164
1762250920104,807.1999816894531,304.39999771118164
1762250920120,806.1999816894531,302.39999771118164
1762250920137,806.1999816894531,301.39999771118164
1762250920154,806.1999816894531,300.39999771118164
1762250920170,805.1999816894531,299.39999771118164
1762250920204,804.1999816894531,295.39999771118164
1762250920221,803.1999816894531,292.39999771118164
1762250920237,803.1999816894531,288.39999771118164
1762250920254,803.1999816894531,288.39999771118164
1762250920270,803.1999816894531,287.39999771118164
1762250920287,803.1999816894531,285.39999771118164
1762250920304,803.1999816894531,284.39999771118164
1762250920320,802.1999816894531,281.39999771118164
1762250920337,802.1999816894531,276.39999771118164
1762250920354,802.1999816894531,274.39999771118164
1762250920370,802.1999816894531,271.39999771118164
1762250920387,801.1999816894531,269.39999771118164
1762250920421,801.1999816894531,267.39999771118164
1762250920455,800.1999816894531,265.39999771118164
1762250920471,800.1999816894531,264.39999771118164
1762250920506,800.1999816894531,264.39999771118164
1762250920554,800.1999816894531,263.39999771118164
1762250920619,800.1999816894531,264.39999771118164
1762250920655,800.1999816894531,264.39999771118164
1762250920671,800.1999816894531,265.39999771118164
1762250920689,800.1999816894531,268.39999771118164
1762250920705,799.1999816894531,270.39999771118164
1762250920720,799.1999816894531,275.39999771118164
1762250920737,798.1999816894531,279.39999771118164
1762250920754,798.1999816894531,283.39999771118164
1762250920770,797.1999816894531,287.39999771118164
1762250920787,797.1999816894531,288.39999771118164
1762250920804,797.1999816894531,291.39999771118164
1762250920820,797.1999816894531,294.39999771118164
1762250920837,797.1999816894531,299.39999771118164
1762250920854,797.1999816894531,308.39999771118164
1762250920870,797.1999816894531,311.39999771118164
1762250920887,797.1999816894531,313.39999771118164
1762250920904,797.1999816894531,316.39999771118164
1762250920920,797.1999816894531,317.39999771118164
1762250920938,797.1999816894531,320.39999771118164
1762250920954,797.1999816894531,323.39999771118164
1762250920971,797.1999816894531,325.39999771118164
1762250920987,797.1999816894531,328.39999771118164
1762250921004,797.1999816894531,329.39999771118164
1762250921022,797.1999816894531,331.39999771118164
1762250921037,797.1999816894531,332.39999771118164
1762250921055,797.1999816894531,334.39999771118164
1762250921071,797.1999816894531,336.39999771118164
1762250921087,797.1999816894531,339.39999771118164
1762250921104,797.1999816894531,340.39999771118164
1762250921121,797.1999816894531,342.39999771118164
1762250921137,797.1999816894531,343.39999771118164
1762250921154,797.1999816894531,344.39999771118164
1762250921170,797.1999816894531,344.39999771118164
1762250921187,797.1999816894531,345.39999771118164
1762250921204,797.1999816894531,346.39999771118164
1762250921238,798.1999816894531,346.39999771118164
1762250921254,798.1999816894531,346.39999771118164
1762250921288,799.1999816894531,346.39999771118164
1762250921338,799.1999816894531,344.39999771118164
1762250921355,799.1999816894531,342.39999771118164
1762250921372,799.1999816894531,334.39999771118164
1762250921388,799.1999816894531,317.39999771118164
1762250921404,799.1999816894531,309.39999771118164
1762250921420,798.1999816894531,305.39999771118164
1762250921437,798.1999816894531,304.39999771118164
1762250921471,798.1999816894531,300.39999771118164
1762250921487,796.1999816894531,291.39999771118164
1762250921504,794.1999816894531,268.39999771118164
1762250921521,790.1999816894531,257.39999771118164
1762250921537,790.1999816894531,254.39999771118164
1762250921554,789.1999816894531,252.39999771118164
1762250921570,789.1999816894531,251.39999771118164
1762250921587,788.1999816894531,249.39999771118164
1762250921604,787.1999816894531,249.39999771118164
1762250921638,787.1999816894531,247.39999771118164
1762250921654,786.1999816894531,244.39999771118164
1762250921671,784.1999816894531,237.39999771118164
1762250921688,782.1999816894531,230.39999771118164
1762250921704,780.1999816894531,224.39999771118164
1762250921720,779.1999816894531,221.39999771118164
1762250921737,778.1999816894531,218.39999771118164
1762250921754,778.1999816894531,218.39999771118164
1762250921770,778.1999816894531,216.39999771118164
1762250921804,778.1999816894531,215.39999771118164
1762250921821,777.1999816894531,214.39999771118164
1762250921837,776.1999816894531,213.39999771118164
1762250921854,776.1999816894531,212.39999771118164
1762250921870,776.1999816894531,211.39999771118164
1762250921887,776.1999816894531,210.39999771118164
1762250921904,776.1999816894531,208.39999771118164
1762250921920,776.1999816894531,208.39999771118164
1762250921937,776.1999816894531,204.39999771118164
1762250921954,776.1999816894531,200.39999771118164
1762250921970,776.1999816894531,197.39999771118164
1762250921987,776.1999816894531,196.39999771118164
1762250922004,776.1999816894531,195.39999771118164
1762250922020,776.1999816894531,193.39999771118164
1762250922037,776.1999816894531,192.39999771118164
1762250922071,776.1999816894531,192.39999771118164
1762250922178,776.1999816894531,192.39999771118164
1762250922191,776.1999816894531,193.39999771118164
1762250922204,776.1999816894531,194.39999771118164
1762250922221,776.1999816894531,196.39999771118164
1762250922238,776.1999816894531,199.39999771118164
1762250922254,777.1999816894531,203.39999771118164
1762250922271,779.1999816894531,213.39999771118164
1762250922288,784.1999816894531,236.39999771118164
1762250922304,785.1999816894531,241.39999771118164
1762250922321,786.1999816894531,247.39999771118164
1762250922338,786.1999816894531,251.39999771118164
1762250922354,787.1999816894531,256.39999771118164
1762250922371,787.1999816894531,260.39999771118164
1762250922388,788.1999816894531,264.39999771118164
1762250922404,789.1999816894531,269.39999771118164
1762250922421,789.1999816894531,272.39999771118164
1762250922438,789.1999816894531,274.39999771118164
1762250922479,789.1999816894531,276.39999771118164
1762250922491,790.1999816894531,276.39999771118164
1762250922507,790.1999816894531,277.39999771118164
1762250922520,790.1999816894531,278.39999771118164
1762250922537,791.1999816894531,280.39999771118164
1762250922553,792.1999816894531,281.39999771118164
1762250922570,793.1999816894531,282.39999771118164
1762250922587,794.1999816894531,284.39999771118164
1762250922604,794.1999816894531,284.39999771118164
1762250922620,794.1999816894531,285.39999771118164
1762250922677,794.1999816894531,288.39999771118164
1762250922690,796.1999816894531,291.39999771118164
1762250922704,796.1999816894531,292.39999771118164
1762250922720,796.1999816894531,293.39999771118164
1762250922737,797.1999816894531,293.39999771118164
1762250922824,797.1999816894531,292.39999771118164
1762250922838,797.1999816894531,289.39999771118164
1762250922854,797.1999816894531,279.39999771118164
1762250922871,795.1999816894531,267.39999771118164
1762250922887,794.1999816894531,260.39999771118164
1762250922903,794.1999816894531,256.39999771118164
1762250922921,793.1999816894531,253.39999771118164
1762250922937,793.1999816894531,247.39999771118164
1762250922955,793.1999816894531,238.39999771118164
1762250922971,793.1999816894531,232.39999771118164
1762250922987,793.1999816894531,228.39999771118164
1762250923004,793.1999816894531,225.39999771118164
1762250923020,793.1999816894531,224.39999771118164
1762250923055,793.1999816894531,224.39999771118164
1762250923070,793.1999816894531,223.39999771118164
1762250923105,792.1999816894531,222.39999771118164
1762250923120,791.1999816894531,220.39999771118164
1762250923139,790.1999816894531,213.39999771118164
1762250923155,788.1999816894531,204.39999771118164
1762250923171,787.1999816894531,197.39999771118164
1762250923188,786.1999816894531,195.39999771118164
1762250923203,786.1999816894531,193.39999771118164
1762250923237,786.1999816894531,192.39999771118164
1762250923287,786.1999816894531,191.39999771118164
1762250923373,786.1999816894531,192.39999771118164
1762250923387,787.1999816894531,192.39999771118164
1762250923404,789.1999816894531,196.39999771118164
1762250923421,791.1999816894531,197.39999771118164
1762250923438,794.1999816894531,202.39999771118164
1762250923454,796.1999816894531,203.39999771118164
1762250923471,797.1999816894531,204.39999771118164
1762250923487,798.1999816894531,206.39999771118164
1762250923504,798.1999816894531,207.39999771118164
1762250923521,798.1999816894531,208.39999771118164
1762250923537,800.1999816894531,210.39999771118164
1762250923554,802.1999816894531,212.39999771118164
1762250923571,804.1999816894531,216.39999771118164
1762250923587,806.1999816894531,221.39999771118164
1762250923604,806.1999816894531,223.39999771118164
1762250923621,807.1999816894531,226.39999771118164
1762250923637,808.1999816894531,227.39999771118164
1762250923655,808.1999816894531,228.39999771118164
1762250923671,810.1999816894531,230.39999771118164
1762250923688,810.1999816894531,234.39999771118164
1762250923705,811.1999816894531,237.39999771118164
1762250923721,813.1999816894531,244.39999771118164
1762250923737,813.1999816894531,248.39999771118164
1762250923754,813.1999816894531,252.39999771118164
1762250923771,813.1999816894531,255.39999771118164
1762250923788,813.1999816894531,258.39999771118164
1762250923805,813.1999816894531,265.39999771118164
1762250923820,813.1999816894531,271.39999771118164
1762250923839,813.1999816894531,277.39999771118164
1762250923854,813.1999816894531,280.39999771118164
1762250923871,813.1999816894531,282.39999771118164
1762250923888,813.1999816894531,284.39999771118164
1762250923904,813.1999816894531,284.39999771118164
1762250923921,813.1999816894531,285.39999771118164
1762250923937,813.1999816894531,287.39999771118164
1762250923954,813.1999816894531,288.39999771118164
1762250923970,813.1999816894531,288.39999771118164
1762250924012,812.1999816894531,288.39999771118164
1762250924061,811.1999816894531,285.39999771118164
1762250924071,811.1999816894531,283.39999771118164
1762250924090,811.1999816894531,279.39999771118164
1762250924104,810.1999816894531,274.39999771118164
1762250924120,810.1999816894531,270.39999771118164
1762250924137,809.1999816894531,265.39999771118164
1762250924156,809.1999816894531,262.39999771118164
1762250924172,808.1999816894531,259.39999771118164
1762250924187,808.1999816894531,256.39999771118164
1762250924204,807.1999816894531,253.39999771118164
1762250924220,807.1999816894531,252.39999771118164
1762250924237,807.1999816894531,250.39999771118164
1762250924254,807.1999816894531,249.39999771118164
1762250924290,807.1999816894531,247.39999771118164
1762250924320,806.1999816894531,245.39999771118164
1762250924337,806.1999816894531,241.39999771118164
1762250924353,804.1999816894531,236.39999771118164
1762250924371,802.1999816894531,228.39999771118164
1762250924387,801.1999816894531,224.39999771118164
1762250924404,800.1999816894531,220.39999771118164
1762250924420,799.1999816894531,219.39999771118164
1762250924437,799.1999816894531,218.39999771118164
1762250924454,799.1999816894531,216.39999771118164
1762250924470,798.1999816894531,215.39999771118164
1762250924487,798.1999816894531,215.39999771118164
1762250924503,798.1999816894531,214.39999771118164
1762250924520,798.1999816894531,213.39999771118164
1762250924537,798.1999816894531,210.39999771118164
1762250924554,798.1999816894531,205.39999771118164
1762250924570,796.1999816894531,195.39999771118164
1762250924587,796.1999816894531,192.39999771118164
1762250924604,795.1999816894531,189.39999771118164
1762250924620,794.1999816894531,188.39999771118164
1762250924637,794.1999816894531,187.39999771118164
1762250924653,794.1999816894531,186.39999771118164
1762250924670,794.1999816894531,185.39999771118164
1762250924704,794.1999816894531,184.39999771118164
1762250924737,794.1999816894531,184.39999771118164
1762250924795,794.1999816894531,184.39999771118164
1762250924821,796.1999816894531,186.39999771118164
1762250924837,798.1999816894531,189.39999771118164
1762250924854,800.1999816894531,192.39999771118164
1762250924870,802.1999816894531,196.39999771118164
1762250924887,803.1999816894531,199.39999771118164
1762250924903,804.1999816894531,200.39999771118164
1762250924920,806.1999816894531,200.39999771118164
1762250924937,806.1999816894531,202.39999771118164
1762250924954,806.1999816894531,203.39999771118164
1762250924970,807.1999816894531,205.39999771118164
1762250924987,808.1999816894531,207.39999771118164
1762250925003,809.1999816894531,208.39999771118164
1762250925020,810.1999816894531,210.39999771118164
1762250925037,810.1999816894531,211.39999771118164
1762250925053,811.1999816894531,212.39999771118164
1762250925070,811.1999816894531,213.39999771118164
1762250925087,812.1999816894531,215.39999771118164
1762250925103,813.1999816894531,218.39999771118164
1762250925120,814.1999816894531,220.39999771118164
1762250925137,815.1999816894531,222.39999771118164
1762250925154,815.1999816894531,224.39999771118164
1762250925170,816.1999816894531,225.39999771118164
1762250925187,817.1999816894531,227.39999771118164
1762250925204,818.1999816894531,228.39999771118164
1762250925221,819.1999816894531,232.39999771118164
1762250925237,821.1999816894531,236.39999771118164
1762250925254,822.1999816894531,238.39999771118164
1762250925270,822.1999816894531,239.39999771118164
1762250925287,823.1999816894531,241.39999771118164
1762250925304,823.1999816894531,243.39999771118164
1762250925320,825.1999816894531,244.39999771118164
1762250925337,827.1999816894531,247.39999771118164
1762250925354,829.1999816894531,249.39999771118164
1762250925370,830.1999816894531,252.39999771118164
1762250925387,832.1999816894531,253.39999771118164
1762250925403,832.1999816894531,254.39999771118164
1762250925420,834.1999816894531,256.39999771118164
1762250925437,834.1999816894531,256.39999771118164
1762250925454,836.1999816894531,260.39999771118164
1762250925471,837.1999816894531,262.39999771118164
1762250925487,838.1999816894531,266.39999771118164
1762250925504,838.1999816894531,268.39999771118164
1762250925520,838.1999816894531,272.39999771118164
1762250925537,838.1999816894531,276.39999771118164
1762250925554,836.1999816894531,284.39999771118164
1762250925570,835.1999816894531,289.39999771118164
1762250925587,834.1999816894531,294.39999771118164
1762250925603,832.1999816894531,296.39999771118164
1762250925620,831.1999816894531,299.39999771118164
1762250925637,830.1999816894531,301.39999771118164
1762250925654,830.1999816894531,303.39999771118164
1762250925670,828.1999816894531,305.39999771118164
1762250925687,826.1999816894531,307.39999771118164
1762250925704,826.1999816894531,310.39999771118164
1762250925720,825.1999816894531,312.39999771118164
1762250925737,823.1999816894531,313.39999771118164
1762250925753,823.1999816894531,315.39999771118164
1762250925770,822.1999816894531,317.39999771118164
1762250925787,820.1999816894531,319.39999771118164
1762250925803,818.1999816894531,321.39999771118164
1762250925821,818.1999816894531,322.39999771118164
1762250925837,818.1999816894531,323.39999771118164
1762250925854,817.1999816894531,324.39999771118164
1762250925871,816.1999816894531,324.39999771118164
1762250925904,815.1999816894531,326.39999771118164
1762250925938,814.1999816894531,326.39999771118164
1762250925954,814.1999816894531,327.39999771118164
1762250925971,814.1999816894531,328.39999771118164
1762250925987,814.1999816894531,328.39999771118164
1762250926021,813.1999816894531,328.39999771118164
1762250926037,812.1999816894531,328.39999771118164
1762250926053,812.1999816894531,327.39999771118164
1762250926070,811.1999816894531,324.39999771118164
1762250926087,810.1999816894531,321.39999771118164
1762250926104,808.1999816894531,315.39999771118164
1762250926120,806.1999816894531,310.39999771118164
1762250926137,806.1999816894531,307.39999771118164
1762250926153,804.1999816894531,302.39999771118164
1762250926170,803.1999816894531,300.39999771118164
1762250926189,802.1999816894531,299.39999771118164
1762250926205,802.1999816894531,296.39999771118164
1762250926226,802.1999816894531,292.39999771118164
1762250926239,802.1999816894531,291.39999771118164
1762250926257,802.1999816894531,290.39999771118164
1762250926283,802.1999816894531,288.39999771118164
1762250926294,802.1999816894531,286.39999771118164
1762250926305,802.1999816894531,284.39999771118164
1762250926320,802.1999816894531,284.39999771118164
1762250926337,802.1999816894531,282.39999771118164
1762250926354,803.1999816894531,281.39999771118164
1762250926370,803.1999816894531,279.39999771118164
1762250926387,803.1999816894531,278.39999771118164
1762250926404,803.1999816894531,277.39999771118164
1762250926420,804.1999816894531,276.39999771118164
1762250926437,804.1999816894531,274.39999771118164
1762250926453,805.1999816894531,268.39999771118164
1762250926470,805.1999816894531,268.39999771118164
1762250926487,805.1999816894531,264.39999771118164
1762250926504,805.1999816894531,264.39999771118164
1762250926521,805.1999816894531,262.39999771118164
1762250926537,805.1999816894531,260.39999771118164
1762250926554,805.1999816894531,260.39999771118164
1762250926587,805.1999816894531,259.39999771118164
1762250926621,805.1999816894531,258.39999771118164
1762250926704,805.1999816894531,259.39999771118164
1762250926720,805.1999816894531,260.39999771118164
1762250926737,805.1999816894531,260.39999771118164
1762250926754,805.1999816894531,261.39999771118164
1762250926770,805.1999816894531,264.39999771118164
1762250926787,805.1999816894531,266.39999771118164
1762250926804,805.1999816894531,271.39999771118164
1762250926820,804.1999816894531,273.39999771118164
1762250926837,804.1999816894531,275.39999771118164
1762250926853,803.1999816894531,276.39999771118164
1762250926870,803.1999816894531,278.39999771118164
1762250926887,803.1999816894531,280.39999771118164
1762250926903,802.1999816894531,283.39999771118164
1762250926920,801.1999816894531,284.39999771118164
1762250926937,800.1999816894531,286.39999771118164
1762250926953,800.1999816894531,288.39999771118164
1762250926970,798.1999816894531,291.39999771118164
1762250926987,798.1999816894531,292.39999771118164
1762250927004,795.1999816894531,298.39999771118164
1762250927020,794.1999816894531,305.39999771118164
1762250927037,794.1999816894531,309.39999771118164
1762250927054,792.1999816894531,312.39999771118164
1762250927070,791.1999816894531,316.39999771118164
1762250927087,791.1999816894531,316.39999771118164
1762250927103,791.1999816894531,318.39999771118164
1762250927120,791.1999816894531,319.39999771118164
1762250927137,790.1999816894531,320.39999771118164
1762250927153,790.1999816894531,321.39999771118164
1762250927187,790.1999816894531,322.39999771118164
1762250927204,789.1999816894531,323.39999771118164
1762250927220,789.1999816894531,324.39999771118164
1762250927254,789.1999816894531,324.39999771118164
1762250927287,789.1999816894531,325.39999771118164
1762250927370,789.1999816894531,324.39999771118164
1762250927404,788.1999816894531,322.39999771118164
1762250927421,786.1999816894531,314.39999771118164
1762250927438,782.1999816894531,301.39999771118164
1762250927455,780.1999816894531,295.39999771118164
1762250927471,778.1999816894531,290.39999771118164
1762250927487,778.1999816894531,288.39999771118164
1762250927503,777.1999816894531,287.39999771118164
1762250927520,777.1999816894531,285.39999771118164
1762250927538,774.1999816894531,279.39999771118164
1762250927554,764.1999816894531,244.39999771118164
1762250927571,762.1999816894531,233.39999771118164
1762250927587,760.1999816894531,231.39999771118164
1762250927603,759.1999816894531,230.39999771118164
1762250927620,759.1999816894531,229.39999771118164
1762250927637,759.1999816894531,228.39999771118164
1762250927670,759.1999816894531,228.39999771118164
1762250928014,759.1999816894531,229.39999771118164
1762250928028,759.1999816894531,231.39999771118164
1762250928043,759.1999816894531,237.39999771118164
1762250928056,759.1999816894531,240.39999771118164
1762250928072,759.1999816894531,244.39999771118164
1762250928088,758.1999816894531,249.39999771118164
1762250928106,758.1999816894531,256.39999771118164
1762250928121,756.1999816894531,265.39999771118164
1762250928137,755.1999816894531,273.39999771118164
1762250928156,754.1999816894531,279.39999771118164
1762250928171,753.1999816894531,285.39999771118164
1762250928187,752.1999816894531,288.39999771118164
1762250928203,751.1999816894531,291.39999771118164
1762250928220,751.1999816894531,292.39999771118164
1762250928237,750.1999816894531,297.39999771118164
1762250928253,750.1999816894531,304.39999771118164
1762250928270,750.1999816894531,308.39999771118164
1762250928287,750.1999816894531,310.39999771118164
1762250928303,750.1999816894531,312.39999771118164
1762250928320,750.1999816894531,314.39999771118164
1762250928338,750.1999816894531,315.39999771118164
1762250928389,750.1999816894531,316.39999771118164
1762250928403,750.1999816894531,317.39999771118164
1762250928506,750.1999816894531,316.39999771118164
1762250928522,750.1999816894531,315.39999771118164
1762250928537,750.1999816894531,312.39999771118164
1762250928553,750.1999816894531,310.39999771118164
1762250928570,750.1999816894531,308.39999771118164
1762250928587,750.1999816894531,306.39999771118164
1762250928604,750.1999816894531,304.39999771118164
1762250928620,750.1999816894531,303.39999771118164
1762250928637,750.1999816894531,296.39999771118164
1762250928653,749.1999816894531,290.39999771118164
1762250928670,749.1999816894531,285.39999771118164
1762250928686,747.1999816894531,281.39999771118164
1762250928703,747.1999816894531,279.39999771118164
1762250928737,746.1999816894531,277.39999771118164
1762250928753,746.1999816894531,276.39999771118164
1762250928770,746.1999816894531,275.39999771118164
1762250928803,746.1999816894531,273.39999771118164
1762250928837,746.1999816894531,271.39999771118164
1762250928854,746.1999816894531,268.39999771118164
1762250928870,746.1999816894531,260.39999771118164
1762250928887,746.1999816894531,256.39999771118164
1762250928903,745.1999816894531,253.39999771118164
1762250928920,745.1999816894531,252.39999771118164
1762250928937,744.1999816894531,250.39999771118164
1762250928953,744.1999816894531,249.39999771118164
1762250928970,744.1999816894531,248.39999771118164
1762250928986,744.1999816894531,247.39999771118164
1762250929021,744.1999816894531,246.39999771118164
1762250929036,744.1999816894531,245.39999771118164
1762250929080,744.1999816894531,244.39999771118164
1762250929121,744.1999816894531,244.39999771118164
1762250929138,743.1999816894531,242.39999771118164
1762250929155,742.1999816894531,236.39999771118164
1762250929171,741.1999816894531,223.39999771118164
1762250929187,740.1999816894531,219.39999771118164
1762250929203,739.1999816894531,217.39999771118164
1762250929220,738.1999816894531,216.39999771118164
1762250929237,738.1999816894531,215.39999771118164
1762250929253,738.1999816894531,214.39999771118164
1762250929270,738.1999816894531,213.39999771118164
1762250929287,738.1999816894531,212.39999771118164
1762250929303,738.1999816894531,212.39999771118164
1762250929339,738.1999816894531,211.39999771118164
1762250929353,738.1999816894531,209.39999771118164
1762250929387,738.1999816894531,208.39999771118164
1762250929404,738.1999816894531,208.39999771118164
1762250929438,738.1999816894531,206.39999771118164
1762250929453,738.1999816894531,205.39999771118164
1762250929493,738.1999816894531,204.39999771118164
1762250929504,738.1999816894531,204.39999771118164
1762250929635,738.1999816894531,204.39999771118164
1762250929646,739.1999816894531,204.39999771118164
1762250929660,742.1999816894531,204.39999771118164
1762250929687,744.1999816894531,204.39999771118164
1762250929703,746.1999816894531,204.39999771118164
1762250929720,746.1999816894531,204.39999771118164
1762250929736,749.1999816894531,204.39999771118164
1762250929753,750.1999816894531,204.39999771118164
1762250929770,751.1999816894531,204.39999771118164
1762250929787,756.1999816894531,204.39999771118164
1762250929803,758.1999816894531,205.39999771118164
1762250929820,759.1999816894531,205.39999771118164
1762250929836,761.1999816894531,206.39999771118164
1762250929853,762.1999816894531,206.39999771118164
1762250929870,763.1999816894531,206.39999771118164
1762250929886,764.1999816894531,206.39999771118164
1762250929904,765.1999816894531,206.39999771118164
1762250929920,766.1999816894531,206.39999771118164
1762250929936,766.1999816894531,206.39999771118164
1762250929953,767.1999816894531,206.39999771118164
1762250930053,766.1999816894531,207.39999771118164
1762250930109,766.1999816894531,208.39999771118164
1762250930121,765.1999816894531,208.39999771118164
1762250930137,764.1999816894531,209.39999771118164
1762250930153,762.1999816894531,212.39999771118164
1762250930170,759.1999816894531,216.39999771118164
1762250930186,757.1999816894531,219.39999771118164
1762250930203,755.1999816894531,223.39999771118164
1762250930220,752.1999816894531,227.39999771118164
1762250930236,750.1999816894531,229.39999771118164
1762250930253,749.1999816894531,232.39999771118164
1762250930270,748.1999816894531,234.39999771118164
1762250930286,747.1999816894531,235.39999771118164
1762250930303,746.1999816894531,236.39999771118164
1762250930320,746.1999816894531,237.39999771118164
1762250930337,746.1999816894531,240.39999771118164
1762250930353,746.1999816894531,244.39999771118164
1762250930370,746.1999816894531,248.39999771118164
1762250930387,748.1999816894531,256.39999771118164
1762250930403,750.1999816894531,260.39999771118164
1762250930428,750.1999816894531,267.39999771118164
1762250930440,752.1999816894531,271.39999771118164
1762250930453,753.1999816894531,273.39999771118164
1762250930470,754.1999816894531,278.39999771118164
1762250930486,756.1999816894531,284.39999771118164
1762250930503,758.1999816894531,286.39999771118164
1762250930520,759.1999816894531,291.39999771118164
1762250930536,761.1999816894531,296.39999771118164
1762250930553,761.1999816894531,300.39999771118164
1762250930570,762.1999816894531,304.39999771118164
1762250930586,762.1999816894531,309.39999771118164
1762250930604,761.1999816894531,313.39999771118164
1762250930620,760.1999816894531,317.39999771118164
1762250930636,760.1999816894531,319.39999771118164
1762250930653,760.1999816894531,320.39999771118164
1762250930670,759.1999816894531,321.39999771118164
1762250930703,759.1999816894531,322.39999771118164
1762250930796,759.1999816894531,321.39999771118164
1762250930809,760.1999816894531,320.39999771118164
1762250930825,762.1999816894531,317.39999771118164
1762250930840,762.1999816894531,312.39999771118164
1762250930853,763.1999816894531,308.39999771118164
1762250930870,763.1999816894531,305.39999771118164
1762250930886,763.1999816894531,303.39999771118164
1762250930903,764.1999816894531,300.39999771118164
1762250930920,764.1999816894531,297.39999771118164
1762250930936,764.1999816894531,294.39999771118164
1762250930953,764.1999816894531,291.39999771118164
1762250930970,764.1999816894531,285.39999771118164
1762250930986,763.1999816894531,282.39999771118164
1762250931003,762.1999816894531,280.39999771118164
1762250931020,762.1999816894531,278.39999771118164
1762250931036,762.1999816894531,277.39999771118164
1762250931053,761.1999816894531,275.39999771118164
1762250931074,759.1999816894531,267.39999771118164
1762250931090,758.1999816894531,264.39999771118164
1762250931103,756.1999816894531,256.39999771118164
1762250931120,754.1999816894531,254.39999771118164
1762250931146,754.1999816894531,251.39999771118164
1762250931161,754.1999816894531,249.39999771118164
1762250931186,753.1999816894531,248.39999771118164
1762250931220,753.1999816894531,247.39999771118164
1762250931237,753.1999816894531,245.39999771118164
1762250931280,753.1999816894531,244.39999771118164
1762250931390,753.1999816894531,245.39999771118164
1762250931406,753.1999816894531,247.39999771118164
1762250931422,753.1999816894531,248.39999771118164
1762250931436,753.1999816894531,249.39999771118164
1762250931453,754.1999816894531,252.39999771118164
1762250931470,754.1999816894531,254.39999771118164
1762250931487,754.1999816894531,255.39999771118164
1762250931503,754.1999816894531,256.39999771118164
1762250931520,755.1999816894531,257.39999771118164
1762250931536,756.1999816894531,260.39999771118164
1762250931553,757.1999816894531,261.39999771118164
1762250931570,758.1999816894531,262.39999771118164
1762250931587,758.1999816894531,264.39999771118164
1762250931603,758.1999816894531,265.39999771118164
1762250931620,759.1999816894531,266.39999771118164
1762250931636,760.1999816894531,268.39999771118164
1762250931653,760.1999816894531,268.39999771118164
1762250931670,762.1999816894531,269.39999771118164
1762250931686,762.1999816894531,270.39999771118164
1762250931703,762.1999816894531,272.39999771118164
1762250931720,763.1999816894531,272.39999771118164
1762250931736,764.1999816894531,272.39999771118164
1762250931753,764.1999816894531,273.39999771118164
1762250931770,765.1999816894531,274.39999771118164
1762250931803,766.1999816894531,274.39999771118164
1762250931854,766.1999816894531,273.39999771118164
1762250931872,766.1999816894531,272.39999771118164
1762250931904,767.1999816894531,271.39999771118164
1762250931922,768.1999816894531,271.39999771118164
1762250931936,768.1999816894531,267.39999771118164
1762250931954,768.1999816894531,260.39999771118164
1762250931970,769.1999816894531,253.39999771118164
1762250931987,769.1999816894531,247.39999771118164
1762250932003,769.1999816894531,245.39999771118164
1762250932020,769.1999816894531,244.39999771118164
1762250932037,769.1999816894531,243.39999771118164
1762250932053,769.1999816894531,242.39999771118164
1762250932070,768.1999816894531,241.39999771118164
1762250932086,768.1999816894531,240.39999771118164
1762250932103,767.1999816894531,240.39999771118164
1762250932137,767.1999816894531,239.39999771118164
1762250932153,766.1999816894531,239.39999771118164
1762250932170,766.1999816894531,238.39999771118164
1762250932186,766.1999816894531,237.39999771118164
1762250932203,765.1999816894531,236.39999771118164
1762250932220,764.1999816894531,235.39999771118164
1762250932236,763.1999816894531,232.39999771118164
1762250932253,762.1999816894531,232.39999771118164
1762250932270,762.1999816894531,231.39999771118164
1762250932286,761.1999816894531,229.39999771118164
1762250932303,760.1999816894531,229.39999771118164
1762250932320,759.1999816894531,228.39999771118164
1762250932336,758.1999816894531,228.39999771118164
1762250932353,758.1999816894531,225.39999771118164
1762250932370,757.1999816894531,223.39999771118164
1762250932386,755.1999816894531,221.39999771118164
1762250932403,755.1999816894531,220.39999771118164
1762250932420,754.1999816894531,219.39999771118164
1762250932436,753.1999816894531,219.39999771118164
1762250932453,753.1999816894531,218.39999771118164
1762250932470,752.1999816894531,217.39999771118164
1762250932486,751.1999816894531,216.39999771118164
1762250932553,750.1999816894531,216.39999771118164
1762250932573,750.1999816894531,217.39999771118164
1762250932603,750.1999816894531,218.39999771118164
1762250932620,749.1999816894531,218.39999771118164
1762250932636,747.1999816894531,221.39999771118164
1762250932653,746.1999816894531,224.39999771118164
1762250932670,745.1999816894531,228.39999771118164
1762250932686,743.1999816894531,233.39999771118164
1762250932703,742.1999816894531,236.39999771118164
1762250932720,742.1999816894531,238.39999771118164
1762250932736,742.1999816894531,239.39999771118164
1762250932753,741.1999816894531,240.39999771118164
1762250932770,741.1999816894531,246.39999771118164
1762250932787,742.1999816894531,257.39999771118164
1762250932810,746.1999816894531,288.39999771118164
1762250932821,746.1999816894531,290.39999771118164
1762250932840,746.1999816894531,294.39999771118164
1762250932859,746.1999816894531,295.39999771118164
1762250932873,746.1999816894531,296.39999771118164
1762250932913,747.1999816894531,299.39999771118164
1762250932928,748.1999816894531,301.39999771118164
1762250932940,749.1999816894531,303.39999771118164
1762250932953,749.1999816894531,304.39999771118164
1762250932970,749.1999816894531,306.39999771118164
1762250932987,750.1999816894531,307.39999771118164
1762250933003,750.1999816894531,308.39999771118164
1762250933020,750.1999816894531,309.39999771118164
1762250933054,750.1999816894531,310.39999771118164
1762250933070,750.1999816894531,311.39999771118164
1762250933086,750.1999816894531,312.39999771118164
1762250934995,766.1999816894531,16.39999771118164
1762250935214,767.1999816894531,16.39999771118164
1762250935226,770.1999816894531,16.39999771118164
1762250935241,771.1999816894531,16.39999771118164
1762250935254,772.1999816894531,16.39999771118164
1762250935270,774.1999816894531,16.39999771118164
1762250935286,775.1999816894531,16.39999771118164
1762250935304,776.1999816894531,16.39999771118164
1762250935320,778.1999816894531,16.39999771118164
1762250935336,779.1999816894531,16.39999771118164
1762250935353,782.1999816894531,16.39999771118164
1762250935370,782.1999816894531,16.39999771118164
1762250935386,783.1999816894531,16.39999771118164
1762250935403,785.1999816894531,16.39999771118164
1762250935419,786.1999816894531,16.39999771118164
1762250935436,786.1999816894531,16.39999771118164
1762250935453,788.1999816894531,16.39999771118164
1762250935470,789.1999816894531,16.39999771118164
1762250935486,790.1999816894531,15.39999771118164
1762250935503,791.1999816894531,15.39999771118164
1762250935520,792.1999816894531,15.39999771118164
1762250935536,794.1999816894531,15.39999771118164
1762250935553,794.1999816894531,14.39999771118164
1762250935586,796.1999816894531,14.39999771118164
1762250935620,798.1999816894531,14.39999771118164
1762250935636,798.1999816894531,14.39999771118164
1762250935671,799.1999816894531,14.39999771118164
1762250935687,800.1999816894531,14.39999771118164
1762250935720,801.1999816894531,14.39999771118164
1762250935754,802.1999816894531,14.39999771118164
1762250935770,802.1999816894531,14.39999771118164
1762250935818,802.1999816894531,15.39999771118164
1762250935887,802.1999816894531,16.39999771118164
1762250935944,802.1999816894531,16.39999771118164
1762250935970,801.1999816894531,17.39999771118164
1762250936020,801.1999816894531,18.39999771118164
1762250936053,799.1999816894531,20.39999771118164
1762250936087,799.1999816894531,20.39999771118164
1762250936103,798.1999816894531,21.39999771118164
1762250936137,798.1999816894531,21.39999771118164
1762250936170,797.1999816894531,22.39999771118164
1762250936186,797.1999816894531,23.39999771118164
1762250936219,796.1999816894531,24.39999771118164
1762250936253,795.1999816894531,24.39999771118164
1762250936288,794.1999816894531,24.39999771118164
1762250936303,794.1999816894531,25.39999771118164
1762250936321,794.1999816894531,25.39999771118164
1762250936353,793.1999816894531,25.39999771118164
1762250936369,793.1999816894531,26.39999771118164
1762250936386,793.1999816894531,27.39999771118164
1762250936403,792.1999816894531,27.39999771118164
1762250936436,791.1999816894531,27.39999771118164
1762250936491,790.1999816894531,27.39999771118164
1762250936506,790.1999816894531,27.39999771118164
1762250936536,789.1999816894531,27.39999771118164
1762250936593,787.1999816894531,27.39999771118164
1762250936620,786.1999816894531,26.39999771118164
1762250936636,785.1999816894531,26.39999771118164
1762250936670,784.1999816894531,25.39999771118164
1762250936687,783.1999816894531,24.39999771118164
1762250936735,782.1999816894531,24.39999771118164
1762250936770,782.1999816894531,24.39999771118164
1762250936820,782.1999816894531,24.39999771118164
1762250936836,781.1999816894531,24.39999771118164
1762250936853,780.1999816894531,23.39999771118164
1762250936886,779.1999816894531,22.39999771118164
1762250936903,778.1999816894531,22.39999771118164
1762250936919,778.1999816894531,21.39999771118164
1762250936936,778.1999816894531,20.39999771118164
1762250936970,777.1999816894531,20.39999771118164
1762250936988,776.1999816894531,20.39999771118164
1762250937003,775.1999816894531,20.39999771118164
1762250937036,774.1999816894531,20.39999771118164
1762250937070,774.1999816894531,20.39999771118164
1762250937121,773.1999816894531,20.39999771118164
1762250937140,772.1999816894531,20.39999771118164
1762250937154,771.1999816894531,20.39999771118164
1762250937187,770.1999816894531,20.39999771118164
1762250937203,770.1999816894531,20.39999771118164
1762250937239,770.1999816894531,21.39999771118164
1762250937253,769.1999816894531,21.39999771118164
1762250937269,768.1999816894531,21.39999771118164
1762250937304,767.1999816894531,21.39999771118164
1762250937366,767.1999816894531,22.39999771118164
1762250937404,767.1999816894531,23.39999771118164
1762250937437,767.1999816894531,24.39999771118164
1762250937488,767.1999816894531,24.39999771118164
1762250937506,767.1999816894531,25.39999771118164
1762250937570,767.1999816894531,26.39999771118164
1762250937587,767.1999816894531,27.39999771118164
1762250937653,767.1999816894531,28.39999771118164
1762250937777,768.1999816894531,28.39999771118164
1762250937820,769.1999816894531,28.39999771118164
1762250937853,770.1999816894531,28.39999771118164
1762250937870,770.1999816894531,28.39999771118164
1762250937886,770.1999816894531,27.39999771118164
1762250937903,772.1999816894531,26.39999771118164
1762250937919,773.1999816894531,26.39999771118164
1762250937936,774.1999816894531,26.39999771118164
1762250937953,776.1999816894531,26.39999771118164
1762250937986,778.1999816894531,24.39999771118164
1762250938003,779.1999816894531,24.39999771118164
1762250938019,781.1999816894531,24.39999771118164
1762250938036,782.1999816894531,24.39999771118164
1762250938053,785.1999816894531,23.39999771118164
1762250938072,786.1999816894531,22.39999771118164
1762250938089,787.1999816894531,22.39999771118164
1762250938106,790.1999816894531,21.39999771118164
1762250938122,790.1999816894531,21.39999771118164
1762250938136,792.1999816894531,21.39999771118164
1762250938153,794.1999816894531,20.39999771118164
1762250938169,794.1999816894531,20.39999771118164
1762250938186,796.1999816894531,20.39999771118164
1762250938203,797.1999816894531,20.39999771118164
1762250938219,798.1999816894531,20.39999771118164
1762250938253,800.1999816894531,20.39999771118164
1762250938303,801.1999816894531,20.39999771118164
1762250940621,90.19998168945312,33.39999771118164
1762250940873,91.19998168945312,33.39999771118164
1762250940887,94.19998168945312,33.39999771118164
1762250940903,97.19998168945312,33.39999771118164
1762250940921,102.19998168945312,33.39999771118164
1762250940936,104.19998168945312,33.39999771118164
1762250940952,106.19998168945312,33.39999771118164
1762250940969,109.19998168945312,33.39999771118164
1762250940992,110.19998168945312,33.39999771118164
1762250941006,111.19998168945312,33.39999771118164
1762250941020,112.19998168945312,33.39999771118164
1762250941037,113.19998168945312,33.39999771118164
1762250941053,114.19998168945312,33.39999771118164
1762250941069,115.19998168945312,33.39999771118164
1762250941086,118.19998168945312,33.39999771118164
1762250941102,119.19998168945312,33.39999771118164
1762250941119,120.19998168945312,33.39999771118164
1762250941136,121.19998168945312,33.39999771118164
1762250941152,122.19998168945312,33.39999771118164
1762250941169,124.19998168945312,33.39999771118164
1762250941186,126.19998168945312,33.39999771118164
1762250941202,126.19998168945312,33.39999771118164
1762250941219,128.19998168945312,33.39999771118164
1762250941236,130.19998168945312,33.39999771118164
1762250941253,130.19998168945312,33.39999771118164
1762250941269,133.19998168945312,33.39999771118164
1762250941286,135.19998168945312,34.39999771118164
1762250941303,137.19998168945312,34.39999771118164
1762250941319,138.19998168945312,34.39999771118164
1762250941337,140.19998168945312,34.39999771118164
1762250941353,141.19998168945312,34.39999771118164
1762250941370,142.19998168945312,34.39999771118164
1762250941386,143.19998168945312,34.39999771118164
1762250941403,144.19998168945312,35.39999771118164
1762250941420,145.19998168945312,35.39999771118164
1762250941454,146.19998168945312,35.39999771118164
1762250941486,146.19998168945312,35.39999771118164
1762250941503,146.19998168945312,36.39999771118164
1762250941570,146.19998168945312,36.39999771118164
1762250941621,146.19998168945312,37.39999771118164
1762250941636,146.19998168945312,39.39999771118164
1762250941670,146.19998168945312,40.39999771118164
1762250941687,146.19998168945312,40.39999771118164
1762250941703,146.19998168945312,41.39999771118164
1762250941719,146.19998168945312,43.39999771118164
1762250941736,145.19998168945312,44.39999771118164
1762250941754,145.19998168945312,45.39999771118164
1762250941769,145.19998168945312,46.39999771118164
1762250941786,144.19998168945312,47.39999771118164
1762250941803,144.19998168945312,48.39999771118164
1762250941819,144.19998168945312,48.39999771118164
1762250941836,144.19998168945312,49.39999771118164
1762250941869,144.19998168945312,50.39999771118164
1762250941886,144.19998168945312,51.39999771118164
1762250941902,143.19998168945312,51.39999771118164
1762250941919,143.19998168945312,52.39999771118164
1762250941936,142.19998168945312,53.39999771118164
1762250941952,142.19998168945312,54.39999771118164
1762250941969,142.19998168945312,55.39999771118164
1762250941986,142.19998168945312,56.39999771118164
1762250942002,142.19998168945312,57.39999771118164
1762250942019,142.19998168945312,58.39999771118164
1762250942036,142.19998168945312,59.39999771118164
1762250942054,142.19998168945312,59.39999771118164
1762250942069,142.19998168945312,61.39999771118164
1762250942103,141.19998168945312,63.39999771118164
1762250942119,141.19998168945312,64.39999771118164
1762250942136,141.19998168945312,64.39999771118164
1762250942152,141.19998168945312,65.39999771118164
1762250942186,141.19998168945312,67.39999771118164
1762250942202,140.19998168945312,68.39999771118164
1762250942219,140.19998168945312,68.39999771118164
1762250942236,140.19998168945312,69.39999771118164
1762250942269,140.19998168945312,70.39999771118164
1762250942286,139.19998168945312,71.39999771118164
1762250942320,138.19998168945312,73.39999771118164
1762250942354,138.19998168945312,74.39999771118164
1762250942370,138.19998168945312,75.39999771118164
1762250942386,137.19998168945312,76.39999771118164
1762250942419,136.19998168945312,76.39999771118164
1762250942453,134.19998168945312,77.39999771118164
1762250942471,134.19998168945312,78.39999771118164
1762250942487,134.19998168945312,78.39999771118164
1762250942503,133.19998168945312,78.39999771118164
1762250942519,132.19998168945312,79.39999771118164
1762250942553,130.19998168945312,80.39999771118164
1762250942587,129.19998168945312,80.39999771118164
1762250942604,128.19998168945312,80.39999771118164
1762250942619,127.19998168945312,80.39999771118164
1762250942636,126.19998168945312,80.39999771118164
1762250942653,125.19998168945312,80.39999771118164
1762250942669,124.19998168945312,80.39999771118164
1762250942686,122.19998168945312,80.39999771118164
1762250942719,120.19998168945312,80.39999771118164
1762250942753,119.19998168945312,80.39999771118164
1762250942769,118.19998168945312,80.39999771118164
1762250942803,117.19998168945312,80.39999771118164
1762250942820,114.19998168945312,80.39999771118164
1762250942836,114.19998168945312,80.39999771118164
1762250942853,112.19998168945312,79.39999771118164
1762250942869,111.19998168945312,79.39999771118164
1762250942886,110.19998168945312,79.39999771118164
1762250942903,110.19998168945312,79.39999771118164
1762250942919,109.19998168945312,78.39999771118164
1762250942936,108.19998168945312,78.39999771118164
1762250942952,107.19998168945312,78.39999771118164
1762250942969,107.19998168945312,77.39999771118164
1762250942986,106.19998168945312,77.39999771118164
1762250943002,106.19998168945312,76.39999771118164
1762250943021,105.19998168945312,76.39999771118164
1762250943036,104.19998168945312,76.39999771118164
1762250943052,103.19998168945312,75.39999771118164
1762250943069,102.19998168945312,74.39999771118164
1762250943103,102.19998168945312,74.39999771118164
1762250943119,102.19998168945312,73.39999771118164
1762250943152,101.19998168945312,72.39999771118164
1762250943169,100.19998168945312,72.39999771118164
1762250943186,100.19998168945312,71.39999771118164
1762250943202,99.19998168945312,70.39999771118164
1762250943219,99.19998168945312,69.39999771118164
1762250943236,99.19998168945312,68.39999771118164
1762250943252,98.19998168945312,68.39999771118164
1762250943286,98.19998168945312,66.39999771118164
1762250943320,98.19998168945312,65.39999771118164
1762250943336,98.19998168945312,64.39999771118164
1762250943370,98.19998168945312,64.39999771118164
1762250943387,97.19998168945312,63.39999771118164
1762250943402,97.19998168945312,62.39999771118164
1762250943419,96.19998168945312,62.39999771118164
1762250943436,95.19998168945312,60.39999771118164
1762250943469,95.19998168945312,58.39999771118164
1762250943503,95.19998168945312,57.39999771118164
1762250943519,95.19998168945312,56.39999771118164
1762250943552,95.19998168945312,56.39999771118164
1762250943587,94.19998168945312,55.39999771118164
1762250943603,94.19998168945312,54.39999771118164
1762250943619,94.19998168945312,52.39999771118164
1762250943637,93.19998168945312,48.39999771118164
1762250943654,93.19998168945312,48.39999771118164
1762250943669,93.19998168945312,47.39999771118164
1762250943686,92.19998168945312,45.39999771118164
1762250943702,91.19998168945312,44.39999771118164
1762250943719,91.19998168945312,44.39999771118164
1762250943736,90.19998168945312,43.39999771118164
1762250943769,90.19998168945312,41.39999771118164
1762250943786,90.19998168945312,40.39999771118164
1762250943853,90.19998168945312,40.39999771118164
1762250943869,90.19998168945312,39.39999771118164
1762250943936,90.19998168945312,38.39999771118164
1762250943952,90.19998168945312,37.39999771118164
1762250943987,90.19998168945312,36.39999771118164
1762250944129,90.19998168945312,37.39999771118164
1762250944153,90.19998168945312,38.39999771118164
1762250944170,92.19998168945312,40.39999771118164
1762250944186,93.19998168945312,41.39999771118164
1762250944203,94.19998168945312,43.39999771118164
1762250944219,96.19998168945312,46.39999771118164
1762250944236,98.19998168945312,48.39999771118164
1762250944253,99.19998168945312,51.39999771118164
1762250944269,100.19998168945312,52.39999771118164
1762250944286,102.19998168945312,55.39999771118164
1762250944303,104.19998168945312,59.39999771118164
1762250944319,105.19998168945312,60.39999771118164
1762250944336,106.19998168945312,62.39999771118164
1762250944352,106.19998168945312,64.39999771118164
1762250944369,106.19998168945312,66.39999771118164
1762250944386,108.19998168945312,68.39999771118164
1762250944402,110.19998168945312,72.39999771118164
1762250944419,110.19998168945312,74.39999771118164
1762250944436,112.19998168945312,77.39999771118164
1762250944452,112.19998168945312,80.39999771118164
1762250944469,113.19998168945312,80.39999771118164
1762250944486,113.19998168945312,81.39999771118164
1762250944502,113.19998168945312,82.39999771118164
1762250944519,114.19998168945312,83.39999771118164
1762250944536,114.19998168945312,84.39999771118164
1762250944552,114.19998168945312,84.39999771118164
1762250944569,114.19998168945312,84.39999771118164
1762250944602,115.19998168945312,84.39999771118164
1762250944653,115.19998168945312,84.39999771118164
1762250944687,115.19998168945312,83.39999771118164
1762250944703,115.19998168945312,82.39999771118164
1762250944736,115.19998168945312,80.39999771118164
1762250944752,115.19998168945312,79.39999771118164
1762250944769,115.19998168945312,78.39999771118164
1762250944787,115.19998168945312,76.39999771118164
1762250944803,115.19998168945312,76.39999771118164
1762250944836,115.19998168945312,75.39999771118164
1762250944852,115.19998168945312,74.39999771118164
1762250944869,115.19998168945312,72.39999771118164
1762250944886,115.19998168945312,70.39999771118164
1762250944904,115.19998168945312,68.39999771118164
1762250944920,114.19998168945312,67.39999771118164
1762250944937,114.19998168945312,66.39999771118164
1762250944952,114.19998168945312,64.39999771118164
1762250944969,114.19998168945312,64.39999771118164
1762250944986,114.19998168945312,62.39999771118164
1762250945003,113.19998168945312,60.39999771118164
1762250945019,112.19998168945312,56.39999771118164
1762250945037,110.19998168945312,53.39999771118164
1762250945052,110.19998168945312,52.39999771118164
1762250945069,110.19998168945312,50.39999771118164
1762250945086,110.19998168945312,48.39999771118164
1762250945119,109.19998168945312,48.39999771118164
1762250945135,109.19998168945312,46.39999771118164
1762250945152,108.19998168945312,46.39999771118164
1762250945169,108.19998168945312,44.39999771118164
1762250945187,106.19998168945312,43.39999771118164
1762250945205,105.19998168945312,41.39999771118164
1762250945223,104.19998168945312,40.39999771118164
1762250945236,103.19998168945312,40.39999771118164
1762250945252,102.19998168945312,40.39999771118164
1762250945269,101.19998168945312,38.39999771118164
1762250945286,100.19998168945312,38.39999771118164
1762250945319,98.19998168945312,38.39999771118164
1762250945338,98.19998168945312,37.39999771118164
1762250945358,98.19998168945312,36.39999771118164
1762250945370,97.19998168945312,36.39999771118164
1762250945402,96.19998168945312,36.39999771118164
1762250945436,96.19998168945312,35.39999771118164
1762250945535,97.19998168945312,35.39999771118164
1762250945561,98.19998168945312,35.39999771118164
1762250945580,101.19998168945312,36.39999771118164
1762250945595,102.19998168945312,36.39999771118164
1762250945612,108.19998168945312,37.39999771118164
1762250945630,110.19998168945312,38.39999771118164
1762250945647,113.19998168945312,39.39999771118164
1762250945662,114.19998168945312,39.39999771118164
1762250945677,115.19998168945312,39.39999771118164
1762250945693,117.19998168945312,39.39999771118164
1762250945709,118.19998168945312,39.39999771118164
1762250945726,119.19998168945312,40.39999771118164
1762250945741,121.19998168945312,40.39999771118164
1762250945757,122.19998168945312,40.39999771118164
1762250945773,123.19998168945312,40.39999771118164
1762250945788,124.19998168945312,40.39999771118164
1762250945803,125.19998168945312,40.39999771118164
1762250945819,126.19998168945312,40.39999771118164
1762250945839,127.19998168945312,40.39999771118164
1762250945856,128.19998168945312,40.39999771118164
1762250945872,130.19998168945312,40.39999771118164
1762250945887,131.19998168945312,40.39999771118164
1762250945903,132.19998168945312,40.39999771118164
1762250945921,134.19998168945312,40.39999771118164
1762250945950,135.19998168945312,40.39999771118164
1762250945965,136.19998168945312,40.39999771118164
1762250945985,137.19998168945312,40.39999771118164
1762250946002,137.19998168945312,39.39999771118164
1762250946019,138.19998168945312,39.39999771118164
1762250946052,138.19998168945312,39.39999771118164
1762250946069,138.19998168945312,38.39999771118164
1762250946086,139.19998168945312,38.39999771118164
1762250946102,140.19998168945312,37.39999771118164
1762250946119,141.19998168945312,37.39999771118164
1762250946136,142.19998168945312,37.39999771118164
1762250946152,142.19998168945312,37.39999771118164
1762250946169,143.19998168945312,37.39999771118164
1762250946185,144.19998168945312,37.39999771118164
1762250946203,145.19998168945312,37.39999771118164
1762250946236,146.19998168945312,37.39999771118164
1762250946253,146.19998168945312,37.39999771118164
1762250946271,147.19998168945312,37.39999771118164
1762250946289,147.19998168945312,38.39999771118164
1762250946305,148.19998168945312,38.39999771118164
1762250946320,148.19998168945312,39.39999771118164
1762250946353,148.19998168945312,40.39999771118164
1762250946370,148.19998168945312,40.39999771118164
1762250946389,147.19998168945312,41.39999771118164
1762250946419,146.19998168945312,42.39999771118164
1762250946437,146.19998168945312,43.39999771118164
1762250946452,146.19998168945312,43.39999771118164
1762250946469,145.19998168945312,43.39999771118164
1762250946486,144.19998168945312,43.39999771118164
1762250946502,143.19998168945312,44.39999771118164
1762250946519,142.19998168945312,44.39999771118164
1762250946535,142.19998168945312,44.39999771118164
1762250946552,141.19998168945312,44.39999771118164
1762250946569,139.19998168945312,44.39999771118164
1762250946585,138.19998168945312,44.39999771118164
1762250946602,136.19998168945312,44.39999771118164
1762250946636,134.19998168945312,44.39999771118164
1762250946669,132.19998168945312,44.39999771118164
1762250946687,131.19998168945312,44.39999771118164
1762250946703,130.19998168945312,44.39999771118164
1762250946719,129.19998168945312,44.39999771118164
1762250946735,128.19998168945312,44.39999771118164
1762250946769,127.19998168945312,45.39999771118164
1762250946785,126.19998168945312,45.39999771118164
1762250946802,126.19998168945312,46.39999771118164
1762250946819,126.19998168945312,47.39999771118164
1762250946836,125.19998168945312,47.39999771118164
1762250946869,124.19998168945312,48.39999771118164
1762250946887,124.19998168945312,48.39999771118164
1762250946903,123.19998168945312,48.39999771118164
1762250946936,122.19998168945312,49.39999771118164
1762250946969,122.19998168945312,50.39999771118164
1762250946986,122.19998168945312,51.39999771118164
1762250947002,122.19998168945312,51.39999771118164
1762250947036,121.19998168945312,52.39999771118164
1762250947053,120.19998168945312,52.39999771118164
1762250947069,120.19998168945312,52.39999771118164
1762250947120,120.19998168945312,53.39999771118164
1762250947136,118.19998168945312,55.39999771118164
1762250947169,118.19998168945312,56.39999771118164
1762250947186,118.19998168945312,57.39999771118164
1762250947203,118.19998168945312,59.39999771118164
1762250947236,118.19998168945312,60.39999771118164
1762250947253,118.19998168945312,60.39999771118164
1762250947286,118.19998168945312,61.39999771118164
1762250947302,118.19998168945312,62.39999771118164
1762250947319,118.19998168945312,63.39999771118164
1762250947336,118.19998168945312,64.39999771118164
1762250947369,118.19998168945312,65.39999771118164
1762250947385,118.19998168945312,66.39999771118164
1762250947402,119.19998168945312,66.39999771118164
1762250947419,119.19998168945312,68.39999771118164
1762250947435,119.19998168945312,68.39999771118164
1762250947452,121.19998168945312,68.39999771118164
1762250947469,122.19998168945312,70.39999771118164
1762250947486,122.19998168945312,71.39999771118164
1762250947503,123.19998168945312,72.39999771118164
1762250947519,125.19998168945312,73.39999771118164
1762250947538,126.19998168945312,74.39999771118164
1762250947553,127.19998168945312,75.39999771118164
1762250947571,128.19998168945312,75.39999771118164
1762250947587,129.19998168945312,76.39999771118164
1762250947604,130.19998168945312,77.39999771118164
1762250947636,130.19998168945312,77.39999771118164
1762250947652,132.19998168945312,77.39999771118164
1762250947686,133.19998168945312,77.39999771118164
1762250947702,134.19998168945312,77.39999771118164
1762250947720,134.19998168945312,76.39999771118164
1762250947769,134.19998168945312,76.39999771118164
1762250947787,134.19998168945312,75.39999771118164
1762250947806,135.19998168945312,73.39999771118164
1762250947824,135.19998168945312,71.39999771118164
1762250947843,135.19998168945312,68.39999771118164
1762250947860,135.19998168945312,66.39999771118164
1762250947876,135.19998168945312,64.39999771118164
1762250947893,135.19998168945312,64.39999771118164
1762250947909,135.19998168945312,62.39999771118164
1762250947926,135.19998168945312,61.39999771118164
1762250947943,135.19998168945312,60.39999771118164
1762250947959,135.19998168945312,60.39999771118164
1762250947985,135.19998168945312,59.39999771118164
1762250948002,135.19998168945312,58.39999771118164
1762250948049,135.19998168945312,57.39999771118164
1762250948066,135.19998168945312,56.39999771118164
1762250948119,135.19998168945312,56.39999771118164
1762250948169,134.19998168945312,55.39999771118164
1762250948186,134.19998168945312,54.39999771118164
1762250948206,134.19998168945312,52.39999771118164
1762250948228,133.19998168945312,49.39999771118164
1762250948249,132.19998168945312,48.39999771118164
1762250948269,131.19998168945312,47.39999771118164
1762250948289,130.19998168945312,45.39999771118164
1762250948306,130.19998168945312,44.39999771118164
1762250948324,128.19998168945312,44.39999771118164
1762250948369,127.19998168945312,44.39999771118164
1762250948387,126.19998168945312,44.39999771118164
1762250948427,126.19998168945312,44.39999771118164
1762250948446,125.19998168945312,44.39999771118164
1762250948478,124.19998168945312,46.39999771118164
1762250948500,124.19998168945312,48.39999771118164
1762250948517,123.19998168945312,48.39999771118164
1762250948535,123.19998168945312,50.39999771118164
1762250948551,123.19998168945312,51.39999771118164
1762250948568,123.19998168945312,52.39999771118164
1762250948585,123.19998168945312,53.39999771118164
1762250948601,123.19998168945312,54.39999771118164
1762250948617,123.19998168945312,56.39999771118164
1762250948634,123.19998168945312,58.39999771118164
1762250948649,123.19998168945312,59.39999771118164
1762250948666,123.19998168945312,60.39999771118164
1762250948681,123.19998168945312,61.39999771118164
1762250948696,123.19998168945312,62.39999771118164
1762250948719,123.19998168945312,63.39999771118164
1762250948737,123.19998168945312,64.39999771118164
1762250948769,123.19998168945312,65.39999771118164
1762250948788,123.19998168945312,66.39999771118164
1762250948809,122.19998168945312,68.39999771118164
1762250948831,122.19998168945312,71.39999771118164
1762250948848,122.19998168945312,72.39999771118164
1762250948864,122.19998168945312,73.39999771118164
1762250948881,122.19998168945312,74.39999771118164
1762250948899,121.19998168945312,76.39999771118164
1762250948916,120.19998168945312,78.39999771118164
1762250948933,120.19998168945312,79.39999771118164
1762250948950,120.19998168945312,80.39999771118164
1762250948967,120.19998168945312,81.39999771118164
1762250948984,120.19998168945312,82.39999771118164
1762250949000,120.19998168945312,83.39999771118164
1762250949015,120.19998168945312,84.39999771118164
1762250949032,120.19998168945312,84.39999771118164
1762250949086,119.19998168945312,85.39999771118164
1762250949122,118.19998168945312,85.39999771118164
1762250949152,118.19998168945312,85.39999771118164
1762250949203,117.19998168945312,85.39999771118164
1762250949236,116.19998168945312,85.39999771118164
1762250949286,115.19998168945312,85.39999771118164
1762250949306,114.19998168945312,85.39999771118164
1762250949346,114.19998168945312,85.39999771118164
1762250949468,113.19998168945312,85.39999771118164
1762250949485,111.19998168945312,85.39999771118164
1762250949509,110.19998168945312,85.39999771118164
1762250949529,109.19998168945312,86.39999771118164
1762250949546,108.19998168945312,86.39999771118164
1762250949569,107.19998168945312,86.39999771118164
1762250949586,106.19998168945312,86.39999771118164
1762250949605,106.19998168945312,86.39999771118164
1762250949652,105.19998168945312,86.39999771118164
1762250949673,104.19998168945312,88.39999771118164
1762250949691,102.19998168945312,88.39999771118164
1762250949710,100.19998168945312,89.39999771118164
1762250949727,100.19998168945312,90.39999771118164
1762250949745,98.19998168945312,90.39999771118164
1762250949762,98.19998168945312,91.39999771118164
1762250949785,97.19998168945312,92.39999771118164
1762250949803,96.19998168945312,92.39999771118164
1762250949820,96.19998168945312,92.39999771118164
1762250949852,95.19998168945312,92.39999771118164
1762250949869,94.19998168945312,93.39999771118164
1762250949885,94.19998168945312,94.39999771118164
1762250949902,92.19998168945312,96.39999771118164
1762250949919,90.19998168945312,98.39999771118164
1762250949936,89.19998168945312,99.39999771118164
1762250949953,87.19998168945312,100.39999771118164
1762250949970,86.19998168945312,101.39999771118164
1762250949988,86.19998168945312,102.39999771118164
1762250950005,85.19998168945312,103.39999771118164
1762250950021,84.19998168945312,104.39999771118164
1762250950039,82.19998168945312,108.39999771118164
1762250950056,80.19998168945312,109.39999771118164
1762250950075,78.19998168945312,111.39999771118164
1762250950090,77.19998168945312,112.39999771118164
1762250950107,76.19998168945312,113.39999771118164
1762250950125,74.19998168945312,116.39999771118164
1762250950141,74.19998168945312,118.39999771118164
1762250950158,71.19998168945312,120.39999771118164
1762250950185,68.19998168945312,124.39999771118164
1762250950202,67.19998168945312,125.39999771118164
1762250950219,66.19998168945312,128.39999771118164
1762250950236,66.19998168945312,128.39999771118164
1762250950253,64.19998168945312,129.39999771118164
1762250950270,63.199981689453125,132.39999771118164
1762250950287,62.199981689453125,136.39999771118164
1762250950303,60.199981689453125,138.39999771118164
1762250950319,58.199981689453125,141.39999771118164
1762250950335,58.199981689453125,144.39999771118164
1762250950352,58.199981689453125,144.39999771118164
1762250950369,57.199981689453125,145.39999771118164
1762250950386,55.199981689453125,147.39999771118164
1762250950404,55.199981689453125,149.39999771118164
1762250950421,54.199981689453125,152.39999771118164
1762250950437,53.199981689453125,155.39999771118164
1762250950469,53.199981689453125,156.39999771118164
1762250950485,53.199981689453125,157.39999771118164
1762250950502,51.199981689453125,161.39999771118164
1762250950519,50.199981689453125,164.39999771118164
1762250950536,50.199981689453125,168.39999771118164
1762250950553,50.199981689453125,169.39999771118164
1762250950571,50.199981689453125,171.39999771118164
1762250950586,49.199981689453125,172.39999771118164
1762250950608,48.199981689453125,174.39999771118164
1762250950659,46.199981689453125,181.39999771118164
1762250950770,46.199981689453125,192.39999771118164
1762250950786,46.199981689453125,193.39999771118164
1762250950802,45.199981689453125,196.39999771118164
1762250950820,45.199981689453125,196.39999771118164
1762250950835,45.199981689453125,198.39999771118164
1762250950852,45.199981689453125,203.39999771118164
1762250950869,44.199981689453125,205.39999771118164
1762250950885,44.199981689453125,208.39999771118164
1762250950902,43.199981689453125,213.39999771118164
1762250950922,42.199981689453125,216.39999771118164
1762250950944,42.199981689453125,219.39999771118164
1762250950962,42.199981689453125,223.39999771118164
1762250950981,42.199981689453125,228.39999771118164
1762250950996,42.199981689453125,230.39999771118164
1762250951010,42.199981689453125,232.39999771118164
1762250951024,42.199981689453125,235.39999771118164
1762250951039,42.199981689453125,236.39999771118164
1762250951055,42.199981689453125,240.39999771118164
1762250951070,42.199981689453125,242.39999771118164
1762250951085,42.199981689453125,244.39999771118164
1762250951103,42.199981689453125,245.39999771118164
1762250951119,42.199981689453125,248.39999771118164
1762250951136,42.199981689453125,250.39999771118164
1762250951153,42.199981689453125,252.39999771118164
1762250951169,42.199981689453125,256.39999771118164
1762250951185,42.199981689453125,259.39999771118164
1762250951202,42.199981689453125,260.39999771118164
1762250951219,42.199981689453125,263.39999771118164
1762250951235,42.199981689453125,266.39999771118164
1762250951252,42.199981689453125,271.39999771118164
1762250951269,42.199981689453125,273.39999771118164
1762250951285,42.199981689453125,275.39999771118164
1762250951302,42.199981689453125,276.39999771118164
1762250951319,42.199981689453125,278.39999771118164
1762250951335,42.199981689453125,279.39999771118164
1762250951353,42.199981689453125,280.39999771118164
1762250951370,42.199981689453125,281.39999771118164
1762250951385,42.199981689453125,283.39999771118164
1762250951402,42.199981689453125,284.39999771118164
1762250951419,42.199981689453125,284.39999771118164
1762250951435,42.199981689453125,286.39999771118164
1762250951452,42.199981689453125,287.39999771118164
1762250951470,42.199981689453125,288.39999771118164
1762250951486,43.199981689453125,291.39999771118164
1762250951502,43.199981689453125,292.39999771118164
1762250951519,43.199981689453125,293.39999771118164
1762250951535,44.199981689453125,294.39999771118164
1762250951552,44.199981689453125,295.39999771118164
1762250951569,45.199981689453125,296.39999771118164
1762250951602,45.199981689453125,298.39999771118164
1762250951636,45.199981689453125,299.39999771118164
1762250951656,45.199981689453125,300.39999771118164
1762250951688,45.199981689453125,301.39999771118164
1762250951719,45.199981689453125,302.39999771118164
1762250951769,45.199981689453125,303.39999771118164
1762250951803,45.199981689453125,304.39999771118164
1762250951820,45.199981689453125,304.39999771118164
1762250951842,45.199981689453125,305.39999771118164
1762250951861,45.199981689453125,306.39999771118164
1762250951890,45.199981689453125,307.39999771118164
1762250951919,45.199981689453125,308.39999771118164
1762250952345,46.199981689453125,308.39999771118164
1762250952369,46.199981689453125,307.39999771118164
1762250952387,47.199981689453125,305.39999771118164
1762250952403,48.199981689453125,304.39999771118164
1762250952422,48.199981689453125,303.39999771118164
1762250952438,49.199981689453125,303.39999771118164
1762250952457,49.199981689453125,301.39999771118164
1762250952473,50.199981689453125,301.39999771118164
1762250952492,50.199981689453125,300.39999771118164
1762250952518,50.199981689453125,299.39999771118164
1762250952536,50.199981689453125,298.39999771118164
1762250952554,50.199981689453125,297.39999771118164
1762250952571,50.199981689453125,295.39999771118164
1762250952588,50.199981689453125,293.39999771118164
1762250952606,50.199981689453125,292.39999771118164
1762250952623,50.199981689453125,292.39999771118164
1762250952641,50.199981689453125,291.39999771118164
1762250952663,50.199981689453125,290.39999771118164
1762250952684,50.199981689453125,288.39999771118164
1762250952701,50.199981689453125,288.39999771118164
1762250952720,50.199981689453125,287.39999771118164
1762250952736,50.199981689453125,286.39999771118164
1762250952752,50.199981689453125,285.39999771118164
1762250952768,51.199981689453125,284.39999771118164
1762250952785,51.199981689453125,284.39999771118164
1762250952802,52.199981689453125,283.39999771118164
1762250952819,52.199981689453125,282.39999771118164
1762250952835,52.199981689453125,280.39999771118164
1762250952869,52.199981689453125,280.39999771118164
1762250952888,52.199981689453125,279.39999771118164
1762250952908,52.199981689453125,278.39999771118164
1762250952928,52.199981689453125,276.39999771118164
1762250952947,52.199981689453125,275.39999771118164
1762250952964,52.199981689453125,274.39999771118164
1762250952981,52.199981689453125,272.39999771118164
1762250952996,52.199981689453125,272.39999771118164
1762250953012,52.199981689453125,270.39999771118164
1762250953052,52.199981689453125,267.39999771118164
1762250953072,52.199981689453125,265.39999771118164
1762250953093,52.199981689453125,260.39999771118164
1762250953115,52.199981689453125,256.39999771118164
1762250953133,51.199981689453125,255.39999771118164
1762250953152,51.199981689453125,252.39999771118164
1762250953170,51.199981689453125,248.39999771118164
1762250953187,50.199981689453125,247.39999771118164
1762250953205,50.199981689453125,244.39999771118164
1762250953222,50.199981689453125,244.39999771118164
1762250953239,50.199981689453125,242.39999771118164
1762250953256,50.199981689453125,241.39999771118164
1762250953274,50.199981689453125,240.39999771118164
1762250953291,50.199981689453125,239.39999771118164
1762250953308,50.199981689453125,237.39999771118164
1762250953326,50.199981689453125,236.39999771118164
1762250953345,50.199981689453125,232.39999771118164
1762250953368,50.199981689453125,229.39999771118164
1762250953398,50.199981689453125,226.39999771118164
1762250953416,50.199981689453125,224.39999771118164
1762250953432,50.199981689453125,223.39999771118164
1762250953449,50.199981689453125,221.39999771118164
1762250953465,50.199981689453125,220.39999771118164
1762250953482,50.199981689453125,217.39999771118164
1762250953499,50.199981689453125,214.39999771118164
1762250953516,50.199981689453125,210.39999771118164
1762250953533,50.199981689453125,208.39999771118164
1762250953550,50.199981689453125,205.39999771118164
1762250953566,50.199981689453125,204.39999771118164
1762250953583,50.199981689453125,203.39999771118164
1762250953600,50.199981689453125,201.39999771118164
1762250953617,50.199981689453125,200.39999771118164
1762250953633,50.199981689453125,199.39999771118164
1762250953669,50.199981689453125,197.39999771118164
1762250953691,50.199981689453125,194.39999771118164
1762250953710,51.199981689453125,189.39999771118164
1762250953731,52.199981689453125,186.39999771118164
1762250953749,53.199981689453125,184.39999771118164
1762250953766,53.199981689453125,183.39999771118164
1762250953782,53.199981689453125,182.39999771118164
1762250953799,54.199981689453125,180.39999771118164
1762250953815,54.199981689453125,179.39999771118164
1762250953836,55.199981689453125,177.39999771118164
1762250953852,55.199981689453125,176.39999771118164
1762250953868,55.199981689453125,175.39999771118164
1762250953886,55.199981689453125,173.39999771118164
1762250953903,55.199981689453125,172.39999771118164
1762250953920,55.199981689453125,171.39999771118164
1762250953936,55.199981689453125,170.39999771118164
1762250953953,56.199981689453125,168.39999771118164
1762250953969,57.199981689453125,166.39999771118164
1762250953986,57.199981689453125,164.39999771118164
1762250954002,57.199981689453125,163.39999771118164
1762250954019,58.199981689453125,160.39999771118164
1762250954052,58.199981689453125,159.39999771118164
1762250954073,58.199981689453125,158.39999771118164
1762250954092,58.199981689453125,157.39999771118164
1762250954112,58.199981689453125,156.39999771118164
1762250954133,58.199981689453125,154.39999771118164
1762250954153,58.199981689453125,152.39999771118164
1762250954172,58.199981689453125,150.39999771118164
1762250954190,58.199981689453125,148.39999771118164
1762250954208,58.199981689453125,147.39999771118164
1762250954235,58.199981689453125,145.39999771118164
1762250954253,58.199981689453125,144.39999771118164
1762250954275,59.199981689453125,137.39999771118164
1762250954294,59.199981689453125,132.39999771118164
1762250954313,59.199981689453125,131.39999771118164
1762250954333,59.199981689453125,129.39999771118164
1762250954349,59.199981689453125,128.39999771118164
1762250954371,59.199981689453125,126.39999771118164
1762250954402,59.199981689453125,125.39999771118164
1762250954421,59.199981689453125,124.39999771118164
1762250954452,59.199981689453125,124.39999771118164
1762250954472,59.199981689453125,123.39999771118164
1762250954490,59.199981689453125,122.39999771118164
1762250954510,58.199981689453125,122.39999771118164
1762250954569,58.199981689453125,121.39999771118164
1762250954621,58.199981689453125,121.39999771118164
1762250954670,57.199981689453125,121.39999771118164
1762250954718,56.199981689453125,122.39999771118164
1762250954742,56.199981689453125,124.39999771118164
1762250954762,55.199981689453125,124.39999771118164
1762250954779,54.199981689453125,125.39999771118164
1762250954799,54.199981689453125,128.39999771118164
1762250954822,53.199981689453125,134.39999771118164
1762250954841,50.199981689453125,142.39999771118164
1762250954856,48.199981689453125,151.39999771118164
1762250954874,46.199981689453125,158.39999771118164
1762250954893,46.199981689453125,162.39999771118164
1762250954910,45.199981689453125,164.39999771118164
1762250954928,45.199981689453125,165.39999771118164
1762250954945,45.199981689453125,166.39999771118164
1762250954963,45.199981689453125,168.39999771118164
1762250954980,45.199981689453125,170.39999771118164
1762250954997,46.199981689453125,172.39999771118164
1762250955014,46.199981689453125,175.39999771118164
1762250955033,46.199981689453125,176.39999771118164
1762250955051,47.199981689453125,178.39999771118164
1762250955070,47.199981689453125,179.39999771118164
1762250955088,47.199981689453125,180.39999771118164
1762250955105,48.199981689453125,183.39999771118164
1762250955124,48.199981689453125,185.39999771118164
1762250955142,48.199981689453125,187.39999771118164
1762250955159,48.199981689453125,188.39999771118164
1762250955176,48.199981689453125,189.39999771118164
1762250955193,48.199981689453125,190.39999771118164
1762250955209,48.199981689453125,192.39999771118164
1762250955225,48.199981689453125,194.39999771118164
1762250955243,49.199981689453125,197.39999771118164
1762250955259,49.199981689453125,199.39999771118164
1762250955276,49.199981689453125,200.39999771118164
1762250955293,49.199981689453125,201.39999771118164
1762250955309,49.199981689453125,202.39999771118164
1762250955325,49.199981689453125,203.39999771118164
1762250955345,49.199981689453125,204.39999771118164
1762250955363,49.199981689453125,205.39999771118164
1762250955385,49.199981689453125,206.39999771118164
1762250955403,49.199981689453125,207.39999771118164
1762250955419,49.199981689453125,208.39999771118164
1762250955436,49.199981689453125,208.39999771118164
1762250955453,49.199981689453125,209.39999771118164
1762250955535,49.199981689453125,208.39999771118164
1762250955556,49.199981689453125,207.39999771118164
1762250955577,50.199981689453125,204.39999771118164
1762250955597,51.199981689453125,198.39999771118164
1762250955616,53.199981689453125,193.39999771118164
1762250955635,54.199981689453125,188.39999771118164
1762250955654,55.199981689453125,188.39999771118164
1762250955673,56.199981689453125,185.39999771118164
1762250955693,56.199981689453125,184.39999771118164
1762250955711,57.199981689453125,184.39999771118164
1762250955730,57.199981689453125,181.39999771118164
1762250955747,57.199981689453125,180.39999771118164
1762250955769,58.199981689453125,176.39999771118164
1762250955788,59.199981689453125,175.39999771118164
1762250955807,59.199981689453125,173.39999771118164
1762250955826,59.199981689453125,172.39999771118164
1762250955844,60.199981689453125,169.39999771118164
1762250955863,61.199981689453125,168.39999771118164
1762250955883,61.199981689453125,165.39999771118164
1762250955901,61.199981689453125,164.39999771118164
1762250955919,61.199981689453125,162.39999771118164
1762250955952,61.199981689453125,160.39999771118164
1762250955969,61.199981689453125,159.39999771118164
1762250955987,61.199981689453125,158.39999771118164
1762250956005,61.199981689453125,157.39999771118164
1762250956022,62.199981689453125,156.39999771118164
1762250956040,62.199981689453125,156.39999771118164
1762250956058,62.199981689453125,153.39999771118164
1762250956076,62.199981689453125,151.39999771118164
1762250956094,63.199981689453125,147.39999771118164
1762250956113,64.19998168945312,144.39999771118164
1762250956131,64.19998168945312,143.39999771118164
1762250956148,65.19998168945312,142.39999771118164
1762250956165,65.19998168945312,141.39999771118164
1762250956182,65.19998168945312,139.39999771118164
1762250956199,66.19998168945312,138.39999771118164
1762250956216,66.19998168945312,137.39999771118164
1762250956235,66.19998168945312,136.39999771118164
1762250956253,66.19998168945312,133.39999771118164
1762250956285,66.19998168945312,132.39999771118164
1762250956304,66.19998168945312,132.39999771118164
1762250956325,66.19998168945312,131.39999771118164
1762250956343,66.19998168945312,130.39999771118164
1762250956360,66.19998168945312,129.39999771118164
1762250956378,66.19998168945312,128.39999771118164
1762250956402,65.19998168945312,124.39999771118164
1762250956419,63.199981689453125,123.39999771118164
1762250956435,63.199981689453125,122.39999771118164
1762250956453,62.199981689453125,121.39999771118164
1762250956470,62.199981689453125,120.39999771118164
1762250956487,61.199981689453125,120.39999771118164
1762250956505,60.199981689453125,119.39999771118164
1762250956523,59.199981689453125,118.39999771118164
1762250956541,59.199981689453125,117.39999771118164
1762250956559,59.199981689453125,116.39999771118164
1762250956577,58.199981689453125,116.39999771118164
1762250956619,58.199981689453125,116.39999771118164
1762250956639,57.199981689453125,115.39999771118164
1762250956702,56.199981689453125,114.39999771118164
1762250956722,55.199981689453125,114.39999771118164
1762250956742,55.199981689453125,113.39999771118164
1762250956764,55.199981689453125,112.39999771118164
1762250956849,56.199981689453125,112.39999771118164
1762250956869,57.199981689453125,111.39999771118164
1762250956889,58.199981689453125,110.39999771118164
1762250956908,61.199981689453125,108.39999771118164
1762250956927,62.199981689453125,108.39999771118164
1762250956946,62.199981689453125,107.39999771118164
1762250956965,63.199981689453125,107.39999771118164
1762250956984,65.19998168945312,106.39999771118164
1762250957003,66.19998168945312,106.39999771118164
1762250957022,66.19998168945312,105.39999771118164
1762250957041,66.19998168945312,104.39999771118164
1762250957063,68.19998168945312,104.39999771118164
1762250957082,69.19998168945312,104.39999771118164
1762250957102,70.19998168945312,104.39999771118164
1762250957123,72.19998168945312,103.39999771118164
1762250957142,74.19998168945312,102.39999771118164
1762250957162,76.19998168945312,100.39999771118164
1762250957182,77.19998168945312,100.39999771118164
1762250957202,78.19998168945312,100.39999771118164
1762250957222,80.19998168945312,100.39999771118164
1762250957241,84.19998168945312,98.39999771118164
1762250957260,86.19998168945312,96.39999771118164
1762250957281,88.19998168945312,96.39999771118164
1762250957300,90.19998168945312,95.39999771118164
1762250957320,92.19998168945312,94.39999771118164
1762250957342,96.19998168945312,92.39999771118164
1762250957362,100.19998168945312,91.39999771118164
1762250957382,102.19998168945312,90.39999771118164
1762250957418,105.19998168945312,89.39999771118164
1762250957438,107.19998168945312,88.39999771118164
1762250957456,110.19998168945312,88.39999771118164
1762250957478,111.19998168945312,87.39999771118164
1762250957501,114.19998168945312,86.39999771118164
1762250957524,115.19998168945312,86.39999771118164
1762250957547,117.19998168945312,85.39999771118164
1762250957568,120.19998168945312,85.39999771118164
1762250957590,122.19998168945312,85.39999771118164
1762250957613,123.19998168945312,85.39999771118164
1762250957637,125.19998168945312,85.39999771118164
1762250957670,127.19998168945312,85.39999771118164
1762250957696,129.19998168945312,85.39999771118164
1762250957719,130.19998168945312,85.39999771118164
1762250957739,132.19998168945312,85.39999771118164
1762250957758,132.19998168945312,86.39999771118164
1762250957779,134.19998168945312,86.39999771118164
1762250957797,134.19998168945312,86.39999771118164
1762250957816,134.19998168945312,87.39999771118164
1762250957834,135.19998168945312,87.39999771118164
1762250957853,136.19998168945312,87.39999771118164
1762250957872,137.19998168945312,88.39999771118164
1762250957891,138.19998168945312,88.39999771118164
1762250957909,138.19998168945312,88.39999771118164
1762250957935,138.19998168945312,89.39999771118164
1762250957954,140.19998168945312,90.39999771118164
1762250957971,140.19998168945312,91.39999771118164
1762250957991,140.19998168945312,92.39999771118164
1762250958010,141.19998168945312,92.39999771118164
1762250958028,142.19998168945312,92.39999771118164
1762250958045,142.19998168945312,94.39999771118164
1762250958062,142.19998168945312,95.39999771118164
1762250958080,142.19998168945312,95.39999771118164
1762250958098,142.19998168945312,96.39999771118164
1762250958115,143.19998168945312,96.39999771118164
1762250958132,143.19998168945312,97.39999771118164
1762250958153,144.19998168945312,99.39999771118164
1762250958235,145.19998168945312,100.39999771118164
1762250958256,146.19998168945312,100.39999771118164
1762250958276,146.19998168945312,102.39999771118164
1762250958296,148.19998168945312,103.39999771118164
1762250958318,149.19998168945312,104.39999771118164
1762250958335,150.19998168945312,104.39999771118164
1762250958354,150.19998168945312,104.39999771118164
1762250958374,152.19998168945312,105.39999771118164
1762250958393,153.19998168945312,106.39999771118164
1762250958419,154.19998168945312,106.39999771118164
1762250958437,156.19998168945312,107.39999771118164
1762250958468,157.19998168945312,108.39999771118164
1762250958486,158.19998168945312,108.39999771118164
1762250958518,159.19998168945312,108.39999771118164
1762250958535,160.19998168945312,109.39999771118164
1762250958553,160.19998168945312,110.39999771118164
1762250958572,162.19998168945312,110.39999771118164
1762250958592,163.19998168945312,111.39999771118164
1762250958610,164.19998168945312,112.39999771118164
1762250958631,166.19998168945312,112.39999771118164
1762250958650,166.19998168945312,114.39999771118164
1762250958671,169.19998168945312,116.39999771118164
1762250958698,173.19998168945312,120.39999771118164
1762250958718,176.19998168945312,122.39999771118164
1762250958737,178.19998168945312,124.39999771118164
1762250958755,179.19998168945312,126.39999771118164
1762250958776,181.19998168945312,127.39999771118164
1762250958795,182.19998168945312,128.39999771118164
1762250958816,184.19998168945312,129.39999771118164
1762250958835,184.19998168945312,132.39999771118164
1762250958853,187.19998168945312,134.39999771118164
1762250958871,187.19998168945312,135.39999771118164
1762250958888,189.19998168945312,137.39999771118164
1762250958906,190.19998168945312,140.39999771118164
1762250958925,191.19998168945312,142.39999771118164
1762250958944,194.19998168945312,145.39999771118164
1762250958964,196.19998168945312,148.39999771118164
1762250958983,198.19998168945312,152.39999771118164
1762250959003,200.19998168945312,154.39999771118164
1762250959023,203.19998168945312,159.39999771118164
1762250959044,205.19998168945312,163.39999771118164
1762250959075,208.19998168945312,170.39999771118164
1762250959104,210.19998168945312,180.39999771118164
1762250959120,210.19998168945312,184.39999771118164
1762250959139,210.19998168945312,189.39999771118164
1762250959160,210.19998168945312,192.39999771118164
1762250959178,210.19998168945312,196.39999771118164
1762250959200,208.19998168945312,202.39999771118164
1762250959215,207.19998168945312,207.39999771118164
1762250959233,207.19998168945312,208.39999771118164
1762250959251,206.19998168945312,210.39999771118164
1762250959269,206.19998168945312,211.39999771118164
1762250959287,206.19998168945312,212.39999771118164
1762250959305,206.19998168945312,213.39999771118164
1762250959324,205.19998168945312,216.39999771118164
1762250959343,204.19998168945312,221.39999771118164
1762250959361,202.19998168945312,226.39999771118164
1762250959380,202.19998168945312,228.39999771118164
1762250959399,202.19998168945312,231.39999771118164
1762250959437,201.19998168945312,237.39999771118164
1762250959458,199.19998168945312,241.39999771118164
1762250959481,198.19998168945312,244.39999771118164
1762250959501,198.19998168945312,246.39999771118164
1762250959535,198.19998168945312,248.39999771118164
1762250959559,197.19998168945312,250.39999771118164
1762250959580,197.19998168945312,253.39999771118164
1762250959601,196.19998168945312,255.39999771118164
1762250959622,196.19998168945312,260.39999771118164
1762250959641,195.19998168945312,263.39999771118164
1762250959659,194.19998168945312,267.39999771118164
1762250959677,194.19998168945312,270.39999771118164
1762250959695,194.19998168945312,271.39999771118164
1762250959713,193.19998168945312,272.39999771118164
1762250959731,193.19998168945312,274.39999771118164
1762250959749,193.19998168945312,278.39999771118164
1762250959767,192.19998168945312,282.39999771118164
1762250959787,191.19998168945312,284.39999771118164
1762250959804,190.19998168945312,288.39999771118164
1762250959822,190.19998168945312,289.39999771118164
1762250959843,190.19998168945312,291.39999771118164
1762250959861,190.19998168945312,292.39999771118164
1762250959881,189.19998168945312,293.39999771118164
1762250959899,189.19998168945312,294.39999771118164
1762250959930,189.19998168945312,295.39999771118164
1762250959948,189.19998168945312,296.39999771118164
1762250959967,189.19998168945312,298.39999771118164
1762250959986,189.19998168945312,300.39999771118164
1762250960006,189.19998168945312,301.39999771118164
1762250960024,189.19998168945312,302.39999771118164
1762250960044,189.19998168945312,303.39999771118164
1762250960064,189.19998168945312,304.39999771118164
1762250960084,189.19998168945312,304.39999771118164
1762250960118,189.19998168945312,305.39999771118164
1762250960141,189.19998168945312,306.39999771118164
1762250960253,189.19998168945312,305.39999771118164
1762250960285,189.19998168945312,304.39999771118164
1762250960305,189.19998168945312,304.39999771118164
1762250960324,189.19998168945312,303.39999771118164
1762250960378,189.19998168945312,302.39999771118164
1762250960419,188.19998168945312,301.39999771118164
1762250960469,186.19998168945312,299.39999771118164
1762250960495,182.19998168945312,294.39999771118164
1762250960513,180.19998168945312,290.39999771118164
1762250960533,178.19998168945312,288.39999771118164
1762250960554,177.19998168945312,288.39999771118164
1762250960574,176.19998168945312,286.39999771118164
1762250960593,174.19998168945312,285.39999771118164
1762250960618,174.19998168945312,284.39999771118164
1762250960636,174.19998168945312,284.39999771118164
1762250960677,173.19998168945312,284.39999771118164
1762250960694,173.19998168945312,283.39999771118164
1762250960778,174.19998168945312,283.39999771118164
1762250960799,177.19998168945312,286.39999771118164
1762250960820,181.19998168945312,292.39999771118164
1762250960841,182.19998168945312,295.39999771118164
1762250960863,183.19998168945312,296.39999771118164
1762250960884,183.19998168945312,298.39999771118164
1762250960905,184.19998168945312,299.39999771118164
1762250960928,185.19998168945312,300.39999771118164
1762250960948,185.19998168945312,300.39999771118164
1762250960970,185.19998168945312,301.39999771118164
1762250960991,185.19998168945312,302.39999771118164
1762250961018,185.19998168945312,303.39999771118164
1762250961051,185.19998168945312,304.39999771118164
1762250961184,185.19998168945312,303.39999771118164
1762250961206,186.19998168945312,300.39999771118164
1762250961228,186.19998168945312,294.39999771118164
1762250961254,186.19998168945312,285.39999771118164
1762250961277,186.19998168945312,284.39999771118164
1762250961299,186.19998168945312,282.39999771118164
1762250961321,186.19998168945312,280.39999771118164
1762250961343,186.19998168945312,278.39999771118164
1762250961365,186.19998168945312,276.39999771118164
1762250961385,186.19998168945312,275.39999771118164
1762250961406,186.19998168945312,274.39999771118164
1762250961427,186.19998168945312,272.39999771118164
1762250961454,186.19998168945312,269.39999771118164
1762250961470,186.19998168945312,268.39999771118164
1762250961490,186.19998168945312,267.39999771118164
1762250961510,186.19998168945312,265.39999771118164
1762250961532,186.19998168945312,264.39999771118164
1762250961556,186.19998168945312,256.39999771118164
1762250961578,186.19998168945312,249.39999771118164
1762250961597,186.19998168945312,245.39999771118164
1762250961617,186.19998168945312,244.39999771118164
1762250961637,186.19998168945312,243.39999771118164
1762250961659,186.19998168945312,237.39999771118164
1762250961683,185.19998168945312,230.39999771118164
1762250961708,185.19998168945312,224.39999771118164
1762250961727,185.19998168945312,224.39999771118164
1762250961746,185.19998168945312,221.39999771118164
1762250961765,185.19998168945312,220.39999771118164
1762250961786,185.19998168945312,219.39999771118164
1762250961818,185.19998168945312,218.39999771118164
1762250961836,185.19998168945312,217.39999771118164
1762250961868,185.19998168945312,216.39999771118164
1762250961887,185.19998168945312,216.39999771118164
1762250961906,185.19998168945312,215.39999771118164
1762250961935,185.19998168945312,214.39999771118164
1762250961957,184.19998168945312,212.39999771118164
1762250961978,182.19998168945312,207.39999771118164
1762250961999,180.19998168945312,203.39999771118164
1762250962019,178.19998168945312,201.39999771118164
1762250962039,178.19998168945312,200.39999771118164
1762250962059,178.19998168945312,198.39999771118164
1762250962078,177.19998168945312,197.39999771118164
1762250962101,177.19998168945312,196.39999771118164
1762250962118,176.19998168945312,196.39999771118164
1762250962138,175.19998168945312,196.39999771118164
1762250962157,175.19998168945312,194.39999771118164
1762250962178,174.19998168945312,193.39999771118164
1762250962197,174.19998168945312,191.39999771118164
1762250962217,174.19998168945312,187.39999771118164
1762250962239,170.19998168945312,175.39999771118164
1762250962257,169.19998168945312,171.39999771118164
1762250962277,169.19998168945312,170.39999771118164
1762250962298,168.19998168945312,168.39999771118164
1762250962317,167.19998168945312,168.39999771118164
1762250962336,167.19998168945312,167.39999771118164
1762250962418,168.19998168945312,167.39999771118164
1762250962441,169.19998168945312,167.39999771118164
1762250962469,171.19998168945312,168.39999771118164
1762250962487,174.19998168945312,171.39999771118164
1762250962508,175.19998168945312,174.39999771118164
1762250962530,178.19998168945312,178.39999771118164
1762250962551,180.19998168945312,184.39999771118164
1762250962576,182.19998168945312,188.39999771118164
1762250962598,182.19998168945312,192.39999771118164
1762250962619,182.19998168945312,196.39999771118164
1762250962641,184.19998168945312,204.39999771118164
1762250962669,186.19998168945312,209.39999771118164
1762250962698,186.19998168945312,215.39999771118164
1762250962721,186.19998168945312,220.39999771118164
1762250962741,186.19998168945312,227.39999771118164
1762250962762,186.19998168945312,230.39999771118164
1762250962781,186.19998168945312,232.39999771118164
1762250962800,186.19998168945312,234.39999771118164
1762250962820,186.19998168945312,235.39999771118164
1762250962841,186.19998168945312,236.39999771118164
1762250962868,186.19998168945312,237.39999771118164
1762250962889,187.19998168945312,239.39999771118164
1762250962912,188.19998168945312,241.39999771118164
1762250962932,188.19998168945312,242.39999771118164
1762250962953,189.19998168945312,243.39999771118164
1762250962973,190.19998168945312,244.39999771118164
1762250962995,190.19998168945312,245.39999771118164
1762250963015,190.19998168945312,246.39999771118164
1762250963035,191.19998168945312,247.39999771118164
1762250963118,192.19998168945312,247.39999771118164
1762250963141,193.19998168945312,247.39999771118164
1762250963167,194.19998168945312,245.39999771118164
1762250963193,194.19998168945312,244.39999771118164
1762250963214,194.19998168945312,243.39999771118164
1762250963236,194.19998168945312,242.39999771118164
1762250963258,194.19998168945312,240.39999771118164
1762250963280,194.19998168945312,234.39999771118164
1762250963303,194.19998168945312,229.39999771118164
1762250963326,194.19998168945312,228.39999771118164
1762250963348,193.19998168945312,225.39999771118164
1762250963369,193.19998168945312,224.39999771118164
1762250963390,193.19998168945312,224.39999771118164
1762250963413,193.19998168945312,223.39999771118164
1762250963444,193.19998168945312,221.39999771118164
1762250963485,192.19998168945312,216.39999771118164
1762250963510,191.19998168945312,212.39999771118164
1762250963538,190.19998168945312,210.39999771118164
1762250963559,190.19998168945312,208.39999771118164
1762250963583,190.19998168945312,207.39999771118164
1762250963605,190.19998168945312,206.39999771118164
1762250963624,190.19998168945312,205.39999771118164
1762250963642,190.19998168945312,204.39999771118164
1762250963668,190.19998168945312,204.39999771118164
1762250963687,189.19998168945312,202.39999771118164
1762250963707,187.19998168945312,195.39999771118164
1762250963727,184.19998168945312,189.39999771118164
1762250963746,183.19998168945312,186.39999771118164
1762250963766,182.19998168945312,185.39999771118164
1762250963786,182.19998168945312,184.39999771118164
1762250963805,182.19998168945312,184.39999771118164
1762250963825,181.19998168945312,183.39999771118164
1762250963846,181.19998168945312,181.39999771118164
1762250963866,180.19998168945312,181.39999771118164
1762250963886,180.19998168945312,180.39999771118164
1762250963906,178.19998168945312,176.39999771118164
1762250963926,176.19998168945312,166.39999771118164
1762250963948,174.19998168945312,158.39999771118164
1762250963966,174.19998168945312,155.39999771118164
1762250963986,173.19998168945312,154.39999771118164
1762250964005,172.19998168945312,152.39999771118164
1762250964024,172.19998168945312,152.39999771118164
1762250964043,171.19998168945312,151.39999771118164
1762250964063,171.19998168945312,150.39999771118164
1762250964101,170.19998168945312,149.39999771118164
1762250964123,169.19998168945312,146.39999771118164
1762250964145,167.19998168945312,141.39999771118164
1762250964166,165.19998168945312,137.39999771118164
1762250964187,165.19998168945312,136.39999771118164
1762250964207,163.19998168945312,135.39999771118164
1762250964228,163.19998168945312,133.39999771118164
1762250964248,162.19998168945312,133.39999771118164
1762250964269,162.19998168945312,132.39999771118164
1762250964287,161.19998168945312,132.39999771118164
1762250964306,161.19998168945312,131.39999771118164
1762250964334,160.19998168945312,130.39999771118164
1762250964385,159.19998168945312,130.39999771118164
1762250964418,158.19998168945312,130.39999771118164
1762250964438,157.19998168945312,131.39999771118164
1762250964460,156.19998168945312,131.39999771118164
1762250964488,155.19998168945312,132.39999771118164
1762250964505,155.19998168945312,133.39999771118164
1762250964527,154.19998168945312,135.39999771118164
1762250964550,152.19998168945312,139.39999771118164
1762250964573,150.19998168945312,141.39999771118164
1762250964594,150.19998168945312,146.39999771118164
1762250964616,150.19998168945312,150.39999771118164
1762250964637,149.19998168945312,155.39999771118164
1762250964661,149.19998168945312,158.39999771118164
1762250964697,149.19998168945312,161.39999771118164
1762250964725,149.19998168945312,166.39999771118164
1762250964750,149.19998168945312,172.39999771118164
1762250964771,149.19998168945312,176.39999771118164
1762250964792,149.19998168945312,178.39999771118164
1762250964813,149.19998168945312,180.39999771118164
1762250964835,149.19998168945312,182.39999771118164
1762250964855,149.19998168945312,187.39999771118164
1762250964876,149.19998168945312,192.39999771118164
1762250964897,149.19998168945312,196.39999771118164
1762250964917,149.19998168945312,200.39999771118164
1762250964937,149.19998168945312,204.39999771118164
1762250964960,149.19998168945312,208.39999771118164
1762250964980,149.19998168945312,212.39999771118164
1762250965002,149.19998168945312,215.39999771118164
1762250965021,149.19998168945312,217.39999771118164
1762250965041,149.19998168945312,220.39999771118164
1762250965062,149.19998168945312,221.39999771118164
1762250965082,149.19998168945312,224.39999771118164
1762250965104,149.19998168945312,230.39999771118164
1762250965124,149.19998168945312,232.39999771118164
1762250965144,149.19998168945312,233.39999771118164
1762250965164,149.19998168945312,235.39999771118164
1762250965183,149.19998168945312,236.39999771118164
1762250965202,149.19998168945312,238.39999771118164
1762250965221,150.19998168945312,238.39999771118164
1762250965251,150.19998168945312,239.39999771118164
1762250965272,151.19998168945312,239.39999771118164
1762250965339,152.19998168945312,238.39999771118164
1762250965363,153.19998168945312,235.39999771118164
1762250965385,154.19998168945312,232.39999771118164
1762250965408,154.19998168945312,230.39999771118164
1762250965433,154.19998168945312,227.39999771118164
1762250965453,155.19998168945312,224.39999771118164
1762250965474,156.19998168945312,220.39999771118164
1762250965501,157.19998168945312,216.39999771118164
1762250965520,157.19998168945312,213.39999771118164
1762250965541,157.19998168945312,212.39999771118164
1762250965561,158.19998168945312,210.39999771118164
1762250965582,158.19998168945312,204.39999771118164
1762250965604,158.19998168945312,201.39999771118164
1762250965625,158.19998168945312,199.39999771118164
1762250965646,158.19998168945312,197.39999771118164
1762250965667,158.19998168945312,196.39999771118164
1762250965692,158.19998168945312,190.39999771118164
1762250965721,157.19998168945312,184.39999771118164
1762250965749,155.19998168945312,179.39999771118164
1762250965769,155.19998168945312,177.39999771118164
1762250965789,155.19998168945312,176.39999771118164
1762250965809,154.19998168945312,172.39999771118164
1762250965828,154.19998168945312,168.39999771118164
1762250965849,152.19998168945312,164.39999771118164
1762250965869,151.19998168945312,160.39999771118164
1762250965889,151.19998168945312,160.39999771118164
1762250965909,150.19998168945312,157.39999771118164
1762250965930,150.19998168945312,152.39999771118164
1762250965951,150.19998168945312,147.39999771118164
1762250965973,149.19998168945312,144.39999771118164
1762250965995,148.19998168945312,142.39999771118164
1762250966017,148.19998168945312,140.39999771118164
1762250966041,148.19998168945312,139.39999771118164
1762250966062,146.19998168945312,138.39999771118164
1762250966082,146.19998168945312,137.39999771118164
1762250966101,146.19998168945312,136.39999771118164
1762250966122,146.19998168945312,136.39999771118164
1762250966151,144.19998168945312,134.39999771118164
1762250966175,143.19998168945312,133.39999771118164
1762250966197,142.19998168945312,132.39999771118164
1762250966218,140.19998168945312,131.39999771118164
1762250966239,138.19998168945312,129.39999771118164
1762250966260,134.19998168945312,127.39999771118164
1762250966280,129.19998168945312,124.39999771118164
1762250966300,126.19998168945312,124.39999771118164
1762250966320,124.19998168945312,123.39999771118164
1762250966340,122.19998168945312,123.39999771118164
1762250966361,119.19998168945312,123.39999771118164
1762250966382,116.19998168945312,124.39999771118164
1762250966402,112.19998168945312,126.39999771118164
1762250966421,110.19998168945312,127.39999771118164
1762250966441,108.19998168945312,128.39999771118164
1762250966462,107.19998168945312,128.39999771118164
1762250966482,106.19998168945312,128.39999771118164
1762250966518,104.19998168945312,130.39999771118164
1762250966540,102.19998168945312,131.39999771118164
1762250966564,100.19998168945312,132.39999771118164
1762250966588,97.19998168945312,133.39999771118164
1762250966610,94.19998168945312,133.39999771118164
1762250966630,94.19998168945312,134.39999771118164
1762250966651,92.19998168945312,134.39999771118164
1762250966671,91.19998168945312,135.39999771118164
1762250966701,90.19998168945312,135.39999771118164
1762250966720,90.19998168945312,136.39999771118164
1762250966751,90.19998168945312,136.39999771118164
1762250966775,88.19998168945312,137.39999771118164
1762250966798,87.19998168945312,137.39999771118164
1762250966819,86.19998168945312,137.39999771118164
1762250966840,86.19998168945312,137.39999771118164
1762250966862,83.19998168945312,136.39999771118164
1762250966882,80.19998168945312,134.39999771118164
1762250966905,73.19998168945312,128.39999771118164
1762250966925,70.19998168945312,125.39999771118164
1762250966948,68.19998168945312,124.39999771118164
1762250966969,67.19998168945312,123.39999771118164
1762250966992,66.19998168945312,121.39999771118164
1762250967014,66.19998168945312,120.39999771118164
1762250967036,66.19998168945312,120.39999771118164
1762250967059,66.19998168945312,119.39999771118164
1762250967081,66.19998168945312,118.39999771118164
1762250967104,66.19998168945312,117.39999771118164
1762250967128,71.19998168945312,115.39999771118164
1762250967150,81.19998168945312,111.39999771118164
1762250967178,95.19998168945312,106.39999771118164
1762250967200,106.19998168945312,102.39999771118164
1762250967220,109.19998168945312,100.39999771118164
1762250967242,110.19998168945312,100.39999771118164
1762250967265,112.19998168945312,100.39999771118164
1762250967287,114.19998168945312,98.39999771118164
1762250967307,116.19998168945312,98.39999771118164
1762250967328,118.19998168945312,98.39999771118164
1762250967351,122.19998168945312,98.39999771118164
1762250967372,124.19998168945312,98.39999771118164
1762250967394,130.19998168945312,98.39999771118164
1762250967416,135.19998168945312,99.39999771118164
1762250967439,141.19998168945312,100.39999771118164
1762250967459,144.19998168945312,103.39999771118164
1762250967480,146.19998168945312,104.39999771118164
1762250967502,150.19998168945312,104.39999771118164
1762250967534,152.19998168945312,105.39999771118164
1762250967555,155.19998168945312,107.39999771118164
1762250967577,157.19998168945312,107.39999771118164
1762250967599,158.19998168945312,108.39999771118164
1762250967621,160.19998168945312,109.39999771118164
1762250967642,161.19998168945312,109.39999771118164
1762250967664,163.19998168945312,111.39999771118164
1762250967685,164.19998168945312,112.39999771118164
1762250967708,167.19998168945312,114.39999771118164
1762250967732,167.19998168945312,115.39999771118164
1762250967752,170.19998168945312,116.39999771118164
1762250967773,170.19998168945312,117.39999771118164
1762250967794,171.19998168945312,119.39999771118164
1762250967815,172.19998168945312,120.39999771118164
1762250967837,174.19998168945312,121.39999771118164
1762250967860,174.19998168945312,122.39999771118164
1762250967881,174.19998168945312,123.39999771118164
1762250967904,175.19998168945312,124.39999771118164
1762250967925,176.19998168945312,125.39999771118164
1762250967953,177.19998168945312,126.39999771118164
1762250968012,177.19998168945312,127.39999771118164
1762250968037,176.19998168945312,128.39999771118164
1762250968060,163.19998168945312,129.39999771118164
1762250968083,152.19998168945312,131.39999771118164
1762250968146,143.19998168945312,130.39999771118164
1762250968180,136.19998168945312,127.39999771118164
1762250968204,133.19998168945312,124.39999771118164
1762250968224,130.19998168945312,124.39999771118164
1762250968244,129.19998168945312,124.39999771118164
1762250968266,126.19998168945312,123.39999771118164
1762250968288,123.19998168945312,122.39999771118164
1762250968309,121.19998168945312,121.39999771118164
1762250968330,117.19998168945312,120.39999771118164
1762250968354,109.19998168945312,120.39999771118164
1762250968374,104.19998168945312,119.39999771118164
1762250968395,102.19998168945312,119.39999771118164
1762250968416,99.19998168945312,119.39999771118164
1762250968437,98.19998168945312,119.39999771118164
1762250968457,98.19998168945312,119.39999771118164
1762250968481,96.19998168945312,119.39999771118164
1762250968518,94.19998168945312,119.39999771118164
1762250968552,94.19998168945312,119.39999771118164
1762250968577,93.19998168945312,119.39999771118164
1762250968600,92.19998168945312,119.39999771118164
1762250968624,88.19998168945312,120.39999771118164
1762250968646,82.19998168945312,120.39999771118164
1762250968670,79.19998168945312,121.39999771118164
1762250968696,77.19998168945312,122.39999771118164
1762250968720,75.19998168945312,122.39999771118164
1762250968742,74.19998168945312,122.39999771118164
1762250968766,72.19998168945312,123.39999771118164
1762250968789,70.19998168945312,124.39999771118164
1762250968853,72.19998168945312,124.39999771118164
1762250968877,79.19998168945312,128.39999771118164
1762250968909,86.19998168945312,130.39999771118164
1762250968930,94.19998168945312,132.39999771118164
1762250968955,104.19998168945312,132.39999771118164
1762250968984,115.19998168945312,132.39999771118164
1762250969007,130.19998168945312,129.39999771118164
1762250969032,135.19998168945312,128.39999771118164
1762250969056,138.19998168945312,127.39999771118164
1762250969081,142.19998168945312,126.39999771118164
1762250969119,147.19998168945312,124.39999771118164
1762250969148,150.19998168945312,124.39999771118164
1762250969173,154.19998168945312,124.39999771118164
1762250969195,157.19998168945312,124.39999771118164
1762250969223,160.19998168945312,124.39999771118164
1762250969244,162.19998168945312,124.39999771118164
1762250969272,166.19998168945312,124.39999771118164
1762250969295,169.19998168945312,124.39999771118164
1762250969321,173.19998168945312,126.39999771118164
1762250969344,175.19998168945312,128.39999771118164
1762250969366,176.19998168945312,128.39999771118164
1762250969390,179.19998168945312,129.39999771118164
1762250969411,179.19998168945312,130.39999771118164
1762250969434,182.19998168945312,132.39999771118164
1762250969456,182.19998168945312,133.39999771118164
1762250969479,183.19998168945312,134.39999771118164
1762250969502,185.19998168945312,136.39999771118164
1762250969525,185.19998168945312,137.39999771118164
1762250969553,186.19998168945312,140.39999771118164
1762250969572,186.19998168945312,140.39999771118164
1762250969594,184.19998168945312,142.39999771118164
1762250969616,182.19998168945312,144.39999771118164
1762250969639,180.19998168945312,146.39999771118164
1762250969662,178.19998168945312,147.39999771118164
1762250969685,175.19998168945312,148.39999771118164
1762250969707,172.19998168945312,149.39999771118164
1762250969729,168.19998168945312,150.39999771118164
1762250969753,163.19998168945312,152.39999771118164
1762250969775,162.19998168945312,152.39999771118164
1762250969798,161.19998168945312,153.39999771118164
1762250969820,159.19998168945312,154.39999771118164
1762250969843,158.19998168945312,154.39999771118164
1762250969865,158.19998168945312,154.39999771118164
1762250969887,158.19998168945312,156.39999771118164
1762250969909,158.19998168945312,156.39999771118164
1762250969933,158.19998168945312,160.39999771118164
1762250969958,159.19998168945312,165.39999771118164
1762250969983,159.19998168945312,168.39999771118164
1762250970006,160.19998168945312,169.39999771118164
1762250970028,161.19998168945312,170.39999771118164
1762250970050,162.19998168945312,172.39999771118164
1762250970073,162.19998168945312,172.39999771118164
1762250970096,162.19998168945312,173.39999771118164
1762250970119,162.19998168945312,174.39999771118164
1762250970152,162.19998168945312,175.39999771118164
1762250970178,162.19998168945312,176.39999771118164
1762250970218,160.19998168945312,176.39999771118164
1762250970242,160.19998168945312,177.39999771118164
1762250970266,158.19998168945312,178.39999771118164
1762250970301,157.19998168945312,179.39999771118164
1762250970321,154.19998168945312,180.39999771118164
1762250970344,150.19998168945312,180.39999771118164
1762250970368,146.19998168945312,180.39999771118164
1762250970396,133.19998168945312,180.39999771118164
1762250970420,126.19998168945312,180.39999771118164
1762250970445,114.19998168945312,181.39999771118164
1762250970465,110.19998168945312,182.39999771118164
1762250970487,108.19998168945312,182.39999771118164
1762250970508,106.19998168945312,182.39999771118164
1762250970530,102.19998168945312,183.39999771118164
1762250970567,100.19998168945312,184.39999771118164
1762250970598,94.19998168945312,184.39999771118164
1762250970624,86.19998168945312,185.39999771118164
1762250970650,80.19998168945312,185.39999771118164
1762250970673,78.19998168945312,185.39999771118164
1762250970696,76.19998168945312,185.39999771118164
1762250970724,74.19998168945312,185.39999771118164
1762250970751,73.19998168945312,185.39999771118164
1762250970777,72.19998168945312,184.39999771118164
1762250970798,72.19998168945312,184.39999771118164
1762250970818,71.19998168945312,184.39999771118164
1762250970839,71.19998168945312,183.39999771118164
1762250970860,71.19998168945312,182.39999771118164
1762250970881,71.19998168945312,181.39999771118164
1762250970902,71.19998168945312,179.39999771118164
1762250970923,74.19998168945312,174.39999771118164
1762250970945,75.19998168945312,170.39999771118164
1762250970968,77.19998168945312,168.39999771118164
1762250970992,78.19998168945312,166.39999771118164
1762250971014,78.19998168945312,165.39999771118164
1762250971037,79.19998168945312,164.39999771118164
1762250971058,80.19998168945312,162.39999771118164
1762250971081,80.19998168945312,161.39999771118164
1762250971105,81.19998168945312,160.39999771118164
1762250971129,81.19998168945312,157.39999771118164
1762250971150,82.19998168945312,154.39999771118164
1762250971174,83.19998168945312,150.39999771118164
1762250971197,83.19998168945312,148.39999771118164
1762250971219,83.19998168945312,147.39999771118164
1762250971243,83.19998168945312,145.39999771118164
1762250971268,84.19998168945312,144.39999771118164
1762250971291,85.19998168945312,144.39999771118164
1762250971314,85.19998168945312,143.39999771118164
1762250971387,86.19998168945312,144.39999771118164
1762250971413,86.19998168945312,146.39999771118164
1762250971444,88.19998168945312,160.39999771118164
1762250971473,90.19998168945312,166.39999771118164
1762250971495,90.19998168945312,170.39999771118164
1762250971521,90.19998168945312,174.39999771118164
1762250971546,90.19998168945312,177.39999771118164
1762250971584,89.19998168945312,179.39999771118164
1762250971605,89.19998168945312,180.39999771118164
1762250971630,89.19998168945312,181.39999771118164
1762250971678,88.19998168945312,181.39999771118164
1762250971700,87.19998168945312,181.39999771118164
1762250971724,86.19998168945312,172.39999771118164
1762250971749,82.19998168945312,140.39999771118164
1762250971778,80.19998168945312,132.39999771118164
1762250971811,79.19998168945312,131.39999771118164
1762250971841,79.19998168945312,128.39999771118164
1762250971866,78.19998168945312,126.39999771118164
1762250971890,77.19998168945312,124.39999771118164
1762250971914,77.19998168945312,122.39999771118164
1762250971937,77.19998168945312,120.39999771118164
1762250971960,76.19998168945312,120.39999771118164
1762250971984,75.19998168945312,119.39999771118164
1762250972034,74.19998168945312,119.39999771118164
1762250972085,73.19998168945312,121.39999771118164
1762250972113,73.19998168945312,130.39999771118164
1762250972150,72.19998168945312,138.39999771118164
1762250972173,72.19998168945312,141.39999771118164
1762250972198,73.19998168945312,145.39999771118164
1762250972222,74.19998168945312,150.39999771118164
1762250972246,81.19998168945312,157.39999771118164
1762250972270,84.19998168945312,164.39999771118164
1762250972294,86.19998168945312,167.39999771118164
1762250972317,86.19998168945312,168.39999771118164
1762250972340,88.19998168945312,171.39999771118164
1762250972367,88.19998168945312,172.39999771118164
1762250972388,89.19998168945312,172.39999771118164
1762250972412,90.19998168945312,173.39999771118164
1762250972435,90.19998168945312,174.39999771118164
1762250972460,90.19998168945312,175.39999771118164
1762250972501,91.19998168945312,175.39999771118164
1762250972528,92.19998168945312,175.39999771118164
1762250972557,92.19998168945312,174.39999771118164
1762250972589,94.19998168945312,172.39999771118164
1762250972611,95.19998168945312,169.39999771118164
1762250972635,97.19998168945312,166.39999771118164
1762250972658,98.19998168945312,164.39999771118164
1762250972682,98.19998168945312,163.39999771118164
1762250972706,98.19998168945312,161.39999771118164
1762250972729,98.19998168945312,160.39999771118164
1762250972753,99.19998168945312,156.39999771118164
1762250972776,99.19998168945312,152.39999771118164
1762250972799,98.19998168945312,147.39999771118164
1762250972822,98.19998168945312,144.39999771118164
1762250972845,98.19998168945312,143.39999771118164
1762250972869,98.19998168945312,141.39999771118164
1762250972891,98.19998168945312,140.39999771118164
1762250972914,98.19998168945312,140.39999771118164
1762250972937,97.19998168945312,139.39999771118164
1762250972961,96.19998168945312,137.39999771118164
1762250972984,96.19998168945312,136.39999771118164
1762250973008,94.19998168945312,132.39999771118164
1762250973032,93.19998168945312,128.39999771118164
1762250973054,92.19998168945312,127.39999771118164
1762250973078,91.19998168945312,125.39999771118164
1762250973101,91.19998168945312,124.39999771118164
1762250973124,90.19998168945312,124.39999771118164
1762250973149,90.19998168945312,122.39999771118164
1762250973184,90.19998168945312,122.39999771118164
1762250973243,90.19998168945312,123.39999771118164
1762250973270,90.19998168945312,124.39999771118164
1762250973296,90.19998168945312,128.39999771118164
1762250973321,90.19998168945312,129.39999771118164
1762250973349,90.19998168945312,132.39999771118164
1762250973376,90.19998168945312,138.39999771118164
1762250973404,94.19998168945312,146.39999771118164
1762250973433,95.19998168945312,149.39999771118164
1762250973460,96.19998168945312,151.39999771118164
1762250973488,98.19998168945312,153.39999771118164
1762250973515,98.19998168945312,154.39999771118164
1762250973541,100.19998168945312,155.39999771118164
1762250973567,101.19998168945312,155.39999771118164
1762250973601,106.19998168945312,152.39999771118164
1762250973626,109.19998168945312,145.39999771118164
1762250973650,115.19998168945312,136.39999771118164
1762250973677,119.19998168945312,128.39999771118164
1762250973702,120.19998168945312,123.39999771118164
1762250973732,121.19998168945312,120.39999771118164
1762250973760,121.19998168945312,119.39999771118164
1762250973788,121.19998168945312,117.39999771118164
1762250973813,120.19998168945312,114.39999771118164
1762250973841,118.19998168945312,110.39999771118164
1762250973867,117.19998168945312,108.39999771118164
1762250973893,115.19998168945312,107.39999771118164
1762250973919,114.19998168945312,106.39999771118164
1762250973943,113.19998168945312,106.39999771118164
1762250973968,110.19998168945312,105.39999771118164
1762250973992,109.19998168945312,104.39999771118164
1762250974020,106.19998168945312,104.39999771118164
1762250974048,99.19998168945312,102.39999771118164
1762250974072,95.19998168945312,100.39999771118164
1762250974099,94.19998168945312,100.39999771118164
1762250974125,91.19998168945312,100.39999771118164
1762250974152,90.19998168945312,99.39999771118164
1762250974178,89.19998168945312,98.39999771118164
1762250974227,89.19998168945312,97.39999771118164
1762250974249,89.19998168945312,96.39999771118164
1762250974275,94.19998168945312,96.39999771118164
1762250974301,118.19998168945312,96.39999771118164
1762250974328,127.19998168945312,96.39999771118164
1762250974361,131.19998168945312,96.39999771118164
1762250974388,134.19998168945312,96.39999771118164
1762250974413,137.19998168945312,96.39999771118164
1762250974441,139.19998168945312,98.39999771118164
1762250974467,142.19998168945312,99.39999771118164
1762250974495,143.19998168945312,100.39999771118164
1762250974522,144.19998168945312,101.39999771118164
1762250974547,145.19998168945312,102.39999771118164
1762250974573,146.19998168945312,103.39999771118164
1762250974607,147.19998168945312,104.39999771118164
1762250974628,148.19998168945312,105.39999771118164
1762250974655,150.19998168945312,107.39999771118164
1762250974685,153.19998168945312,110.39999771118164
1762250974713,157.19998168945312,112.39999771118164
1762250974740,162.19998168945312,117.39999771118164
1762250974767,166.19998168945312,122.39999771118164
1762250974795,170.19998168945312,126.39999771118164
1762250974822,175.19998168945312,133.39999771118164
1762250974854,180.19998168945312,143.39999771118164
1762250974883,183.19998168945312,148.39999771118164
1762250974915,185.19998168945312,154.39999771118164
1762250974943,188.19998168945312,161.39999771118164
1762250974966,189.19998168945312,164.39999771118164
1762250974991,190.19998168945312,168.39999771118164
1762250975016,191.19998168945312,172.39999771118164
1762250975047,194.19998168945312,179.39999771118164
1762250975072,194.19998168945312,184.39999771118164
1762250975102,195.19998168945312,190.39999771118164
1762250975126,196.19998168945312,192.39999771118164
1762250975152,196.19998168945312,196.39999771118164
1762250975196,196.19998168945312,198.39999771118164
1762250975223,196.19998168945312,200.39999771118164
1762250975248,196.19998168945312,200.39999771118164
1762250975289,196.19998168945312,201.39999771118164
1762250975314,196.19998168945312,202.39999771118164
1762250975351,196.19998168945312,201.39999771118164
1762250975376,194.19998168945312,199.39999771118164
1762250975425,178.19998168945312,164.39999771118164
1762250975459,176.19998168945312,160.39999771118164
1762250975493,174.19998168945312,157.39999771118164
1762250975523,172.19998168945312,154.39999771118164
1762250975545,167.19998168945312,147.39999771118164
1762250975567,165.19998168945312,144.39999771118164
1762250975590,163.19998168945312,142.39999771118164
1762250975619,159.19998168945312,137.39999771118164
1762250975639,153.19998168945312,129.39999771118164
1762250975663,143.19998168945312,120.39999771118164
1762250975691,138.19998168945312,116.39999771118164
1762250975713,134.19998168945312,113.39999771118164
1762250975737,134.19998168945312,112.39999771118164
1762250975759,131.19998168945312,111.39999771118164
1762250975783,122.19998168945312,105.39999771118164
1762250975807,114.19998168945312,102.39999771118164
1762250975831,111.19998168945312,100.39999771118164
1762250975855,109.19998168945312,100.39999771118164
1762250975880,106.19998168945312,100.39999771118164
1762250975904,105.19998168945312,100.39999771118164
1762250975928,104.19998168945312,100.39999771118164
1762250975952,103.19998168945312,100.39999771118164
1762250976018,106.19998168945312,100.39999771118164
1762250976047,125.19998168945312,105.39999771118164
1762250976073,136.19998168945312,107.39999771118164
1762250976100,138.19998168945312,108.39999771118164
1762250976127,140.19998168945312,108.39999771118164
1762250976153,141.19998168945312,108.39999771118164
1762250976224,140.19998168945312,108.39999771118164
1762250976251,138.19998168945312,109.39999771118164
1762250976278,135.19998168945312,109.39999771118164
1762250976309,129.19998168945312,111.39999771118164
1762250976337,120.19998168945312,112.39999771118164
1762250976375,115.19998168945312,114.39999771118164
1762250976411,113.19998168945312,116.39999771118164
1762250976437,112.19998168945312,118.39999771118164
1762250976463,112.19998168945312,123.39999771118164
1762250976491,114.19998168945312,138.39999771118164
1762250976519,117.19998168945312,144.39999771118164
1762250976541,119.19998168945312,149.39999771118164
1762250976565,122.19998168945312,152.39999771118164
1762250976590,122.19998168945312,153.39999771118164
1762250976613,123.19998168945312,154.39999771118164
1762250976651,124.19998168945312,156.39999771118164
1762250976675,124.19998168945312,157.39999771118164
1762250976699,124.19998168945312,158.39999771118164
1762250976727,124.19998168945312,160.39999771118164
1762250976753,121.19998168945312,162.39999771118164
1762250976779,110.19998168945312,164.39999771118164
1762250976803,106.19998168945312,165.39999771118164
1762250976828,103.19998168945312,165.39999771118164
1762250976852,102.19998168945312,165.39999771118164
1762250976878,102.19998168945312,165.39999771118164
1762250976901,101.19998168945312,165.39999771118164
1762250976934,102.19998168945312,166.39999771118164
1762250976961,113.19998168945312,168.39999771118164
1762250976990,129.19998168945312,169.39999771118164
1762250977012,134.19998168945312,170.39999771118164
1762250977037,138.19998168945312,170.39999771118164
1762250977063,142.19998168945312,169.39999771118164
1762250977088,145.19998168945312,168.39999771118164
1762250977111,147.19998168945312,168.39999771118164
1762250977136,149.19998168945312,168.39999771118164
1762250977161,150.19998168945312,168.39999771118164
1762250977185,151.19998168945312,168.39999771118164
1762250977211,152.19998168945312,169.39999771118164
1762250977235,152.19998168945312,171.39999771118164
1762250977260,152.19998168945312,173.39999771118164
1762250977293,138.19998168945312,185.39999771118164
1762250977320,110.19998168945312,196.39999771118164
1762250977346,102.19998168945312,199.39999771118164
1762250977370,100.19998168945312,200.39999771118164
1762250977434,99.19998168945312,200.39999771118164
1762250977469,99.19998168945312,199.39999771118164
1762250977503,99.19998168945312,198.39999771118164
1762250977530,99.19998168945312,197.39999771118164
1762250977559,103.19998168945312,196.39999771118164
1762250977588,120.19998168945312,188.39999771118164
1762250977612,135.19998168945312,184.39999771118164
1762250977651,144.19998168945312,183.39999771118164
1762250977674,150.19998168945312,181.39999771118164
1762250977701,154.19998168945312,181.39999771118164
1762250977726,154.19998168945312,181.39999771118164
1762250977755,156.19998168945312,181.39999771118164
1762250977783,158.19998168945312,181.39999771118164
1762250977806,158.19998168945312,181.39999771118164
1762250977830,158.19998168945312,180.39999771118164
1762250977890,151.19998168945312,179.39999771118164
1762250977920,127.19998168945312,175.39999771118164
1762250977949,123.19998168945312,174.39999771118164
1762250977976,122.19998168945312,174.39999771118164
1762250978001,121.19998168945312,174.39999771118164
1762250978025,120.19998168945312,174.39999771118164
1762250978050,119.19998168945312,174.39999771118164
1762250978135,121.19998168945312,174.39999771118164
1762250978170,129.19998168945312,175.39999771118164
1762250978198,151.19998168945312,181.39999771118164
1762250978231,160.19998168945312,183.39999771118164
1762250978266,162.19998168945312,184.39999771118164
1762250978297,164.19998168945312,184.39999771118164
1762250978325,165.19998168945312,184.39999771118164
1762250978352,165.19998168945312,186.39999771118164
1762250978380,164.19998168945312,187.39999771118164
1762250978409,156.19998168945312,187.39999771118164
1762250978437,120.19998168945312,188.39999771118164
1762250978468,98.19998168945312,189.39999771118164
1762250978497,92.19998168945312,189.39999771118164
1762250978526,86.19998168945312,188.39999771118164
1762250978554,84.19998168945312,187.39999771118164
1762250978584,83.19998168945312,187.39999771118164
1762250978607,82.19998168945312,186.39999771118164
1762250978634,82.19998168945312,185.39999771118164
1762250978668,90.19998168945312,183.39999771118164
1762250978692,115.19998168945312,178.39999771118164
1762250978723,138.19998168945312,177.39999771118164
1762250978753,146.19998168945312,177.39999771118164
1762250978782,148.19998168945312,177.39999771118164
1762250978810,150.19998168945312,177.39999771118164
1762250978847,150.19998168945312,177.39999771118164
1762250978873,150.19998168945312,178.39999771118164
1762250978905,142.19998168945312,180.39999771118164
1762250978934,118.19998168945312,176.39999771118164
1762250978972,106.19998168945312,174.39999771118164
1762250978997,102.19998168945312,173.39999771118164
1762250979024,102.19998168945312,173.39999771118164
1762250979052,101.19998168945312,173.39999771118164
1762250979080,99.19998168945312,173.39999771118164
1762250979108,98.19998168945312,173.39999771118164
1762250979138,95.19998168945312,172.39999771118164
1762250979168,94.19998168945312,172.39999771118164
1762250979203,89.19998168945312,171.39999771118164
1762250979975,132.19998168945312,163.39999771118164
1762250980018,130.19998168945312,162.39999771118164
1762250980152,131.19998168945312,162.39999771118164
1762250980180,132.19998168945312,162.39999771118164
1762250980206,133.19998168945312,164.39999771118164
1762250980250,134.19998168945312,164.39999771118164
1762250980334,134.19998168945312,163.39999771118164
1762250980363,134.19998168945312,162.39999771118164
1762250980392,133.19998168945312,160.39999771118164
1762250980418,133.19998168945312,159.39999771118164
1762250980444,133.19998168945312,157.39999771118164
1762250980473,133.19998168945312,156.39999771118164
1762250980501,133.19998168945312,154.39999771118164
1762250980533,133.19998168945312,153.39999771118164
1762250980584,134.19998168945312,153.39999771118164
1762250980609,134.19998168945312,154.39999771118164
1762250980637,134.19998168945312,157.39999771118164
1762250980667,134.19998168945312,160.39999771118164
1762250980695,134.19998168945312,162.39999771118164
1762250980722,134.19998168945312,164.39999771118164
1762250980750,134.19998168945312,167.39999771118164
1762250980786,134.19998168945312,169.39999771118164
1762250980867,135.19998168945312,167.39999771118164
1762250980897,137.19998168945312,163.39999771118164
1762250980930,139.19998168945312,158.39999771118164
1762250980957,140.19998168945312,156.39999771118164
1762250980982,141.19998168945312,154.39999771118164
1762250981008,141.19998168945312,152.39999771118164
1762250981050,142.19998168945312,152.39999771118164
1762250981084,142.19998168945312,153.39999771118164
1762250981108,142.19998168945312,155.39999771118164
1762250981138,142.19998168945312,160.39999771118164
1762250981166,143.19998168945312,164.39999771118164
1762250981195,143.19998168945312,168.39999771118164
1762250981224,143.19998168945312,169.39999771118164
1762250981253,143.19998168945312,171.39999771118164
1762250981282,143.19998168945312,172.39999771118164
1762250981318,142.19998168945312,172.39999771118164
1762250981352,141.19998168945312,168.39999771118164
1762250981383,139.19998168945312,163.39999771118164
1762250981412,138.19998168945312,159.39999771118164
1762250981440,137.19998168945312,156.39999771118164
1762250981467,137.19998168945312,154.39999771118164
1762250981493,137.19998168945312,152.39999771118164
1762250981520,134.19998168945312,150.39999771118164
1762250981546,134.19998168945312,148.39999771118164
1762250981572,134.19998168945312,145.39999771118164
1762250981598,133.19998168945312,144.39999771118164
1762250981623,133.19998168945312,142.39999771118164
1762250981650,132.19998168945312,140.39999771118164
1762250981675,131.19998168945312,140.39999771118164
1762250981701,131.19998168945312,139.39999771118164
1762250981812,131.19998168945312,140.39999771118164
1762250981842,131.19998168945312,141.39999771118164
1762250981870,131.19998168945312,144.39999771118164
1762250981904,131.19998168945312,147.39999771118164
1762250981932,131.19998168945312,151.39999771118164
1762250981960,131.19998168945312,153.39999771118164
1762250981989,131.19998168945312,156.39999771118164
1762250982018,130.19998168945312,157.39999771118164
1762250982056,130.19998168945312,159.39999771118164
1762250982080,130.19998168945312,160.39999771118164
1762250982132,130.19998168945312,159.39999771118164
1762250982157,132.19998168945312,156.39999771118164
1762250982187,134.19998168945312,153.39999771118164
1762250982217,135.19998168945312,152.39999771118164
1762250982247,136.19998168945312,149.39999771118164
1762250982276,138.19998168945312,148.39999771118164
1762250982305,138.19998168945312,147.39999771118164
1762250982336,139.19998168945312,144.39999771118164
1762250982364,140.19998168945312,144.39999771118164
1762250982393,140.19998168945312,142.39999771118164
1762250982428,140.19998168945312,140.39999771118164
1762250982463,140.19998168945312,139.39999771118164
1762250982534,140.19998168945312,138.39999771118164
1762250982564,140.19998168945312,137.39999771118164
1762250982634,140.19998168945312,136.39999771118164
1762250982662,139.19998168945312,136.39999771118164
1762250982692,139.19998168945312,136.39999771118164
1762250982719,139.19998168945312,135.39999771118164
1762250982750,138.19998168945312,135.39999771118164
1762250982782,138.19998168945312,133.39999771118164
1762250982811,136.19998168945312,133.39999771118164
1762250982839,135.19998168945312,133.39999771118164
1762250982869,134.19998168945312,134.39999771118164
1762250982898,132.19998168945312,135.39999771118164
1762250982927,131.19998168945312,136.39999771118164
1762250982959,130.19998168945312,137.39999771118164
1762250982987,130.19998168945312,140.39999771118164
1762250983016,130.19998168945312,142.39999771118164
1762250983067,129.19998168945312,148.39999771118164
1762250983092,129.19998168945312,150.39999771118164
1762250983123,129.19998168945312,153.39999771118164
1762250983155,129.19998168945312,158.39999771118164
1762250983185,130.19998168945312,162.39999771118164
1762250983215,130.19998168945312,167.39999771118164
1762250983249,130.19998168945312,172.39999771118164
1762250983281,130.19998168945312,178.39999771118164
1762250983317,130.19998168945312,181.39999771118164
1762250983357,130.19998168945312,184.39999771118164
1762250983386,129.19998168945312,184.39999771118164
1762250983413,127.19998168945312,185.39999771118164
1762250983441,125.19998168945312,185.39999771118164
1762250983469,124.19998168945312,184.39999771118164
1762250983498,122.19998168945312,182.39999771118164
1762250983527,119.19998168945312,177.39999771118164
1762250983561,116.19998168945312,169.39999771118164
1762250983594,114.19998168945312,161.39999771118164
1762250983623,114.19998168945312,152.39999771118164
1762250983652,114.19998168945312,145.39999771118164
1762250983682,114.19998168945312,141.39999771118164
1762250983711,115.19998168945312,139.39999771118164
1762250983740,117.19998168945312,136.39999771118164
1762250983770,118.19998168945312,134.39999771118164
1762250983797,119.19998168945312,132.39999771118164
1762250983825,119.19998168945312,132.39999771118164
1762250983855,121.19998168945312,130.39999771118164
1762250983882,121.19998168945312,129.39999771118164
1762250984032,121.19998168945312,130.39999771118164
1762250984068,121.19998168945312,133.39999771118164
1762250984093,121.19998168945312,136.39999771118164
1762250984122,121.19998168945312,140.39999771118164
1762250984151,121.19998168945312,144.39999771118164
1762250984179,121.19998168945312,147.39999771118164
1762250984209,122.19998168945312,150.39999771118164
1762250984238,122.19998168945312,152.39999771118164
1762250984269,124.19998168945312,154.39999771118164
1762250984298,125.19998168945312,156.39999771118164
1762250984330,126.19998168945312,156.39999771118164
1762250984359,127.19998168945312,157.39999771118164
1762250984390,128.19998168945312,158.39999771118164
1762250984420,129.19998168945312,158.39999771118164
1762250984450,129.19998168945312,157.39999771118164
1762250984482,130.19998168945312,156.39999771118164
1762250984513,129.19998168945312,150.39999771118164
1762250984544,128.19998168945312,146.39999771118164
1762250984576,125.19998168945312,141.39999771118164
1762250984607,122.19998168945312,140.39999771118164
1762250984638,120.19998168945312,138.39999771118164
1762250984667,120.19998168945312,137.39999771118164
1762250984696,118.19998168945312,137.39999771118164
1762250984726,116.19998168945312,137.39999771118164
1762250984760,114.19998168945312,140.39999771118164
1762250984786,111.19998168945312,147.39999771118164
1762250984814,110.19998168945312,152.39999771118164
1762250984844,110.19998168945312,157.39999771118164
1762250984875,110.19998168945312,160.39999771118164
1762250984906,110.19998168945312,164.39999771118164
1762250984934,110.19998168945312,165.39999771118164
1762250984962,110.19998168945312,167.39999771118164
1762250984990,110.19998168945312,168.39999771118164
1762250985018,110.19998168945312,168.39999771118164
1762250985046,112.19998168945312,169.39999771118164
1762250985100,113.19998168945312,169.39999771118164
1762250985150,114.19998168945312,168.39999771118164
1762250985179,114.19998168945312,166.39999771118164
1762250985208,114.19998168945312,160.39999771118164
1762250985238,114.19998168945312,151.39999771118164
1762250985268,113.19998168945312,144.39999771118164
1762250985297,110.19998168945312,136.39999771118164
1762250985327,110.19998168945312,132.39999771118164
1762250985357,109.19998168945312,128.39999771118164
1762250985387,109.19998168945312,127.39999771118164
1762250985417,108.19998168945312,124.39999771118164
1762250985446,107.19998168945312,123.39999771118164
1762250985475,107.19998168945312,122.39999771118164
1762250985504,107.19998168945312,121.39999771118164
1762250985533,106.19998168945312,121.39999771118164
1762250985576,106.19998168945312,121.39999771118164
1762250985602,104.19998168945312,121.39999771118164
1762250985630,103.19998168945312,122.39999771118164
1762250985659,102.19998168945312,122.39999771118164
1762250985689,100.19998168945312,124.39999771118164
1762250985719,98.19998168945312,124.39999771118164
1762250985747,98.19998168945312,124.39999771118164
1762250985785,96.19998168945312,126.39999771118164
1762250985813,95.19998168945312,126.39999771118164
1762250985842,94.19998168945312,128.39999771118164
1762250985869,94.19998168945312,128.39999771118164
1762250985898,94.19998168945312,129.39999771118164
1762250985926,94.19998168945312,130.39999771118164
1762250985955,94.19998168945312,132.39999771118164
1762250985984,96.19998168945312,135.39999771118164
1762250986013,96.19998168945312,138.39999771118164
1762250986042,98.19998168945312,142.39999771118164
1762250986070,98.19998168945312,144.39999771118164
1762250986105,101.19998168945312,148.39999771118164
1762250986130,102.19998168945312,151.39999771118164
1762250986157,102.19998168945312,152.39999771118164
1762250986185,102.19998168945312,152.39999771118164
1762250986212,103.19998168945312,153.39999771118164
1762250986240,103.19998168945312,154.39999771118164
1762250987909,94.19998168945312,521.3999977111816
1762250988116,95.19998168945312,521.3999977111816
1762250988151,97.19998168945312,521.3999977111816
1762250988178,98.19998168945312,521.3999977111816
1762250988206,100.19998168945312,521.3999977111816
1762250988232,101.19998168945312,521.3999977111816
1762250988263,102.19998168945312,520.3999977111816
1762250988292,102.19998168945312,517.3999977111816
1762250988323,104.19998168945312,514.3999977111816
1762250988351,105.19998168945312,512.3999977111816
1762250988379,105.19998168945312,510.39999771118164
1762250988407,105.19998168945312,508.39999771118164
1762250988436,106.19998168945312,504.39999771118164
1762250988465,106.19998168945312,498.39999771118164
1762250988493,106.19998168945312,493.39999771118164
1762250988523,106.19998168945312,490.39999771118164
1762250988552,106.19998168945312,487.39999771118164
1762250988585,102.19998168945312,477.39999771118164
1762250988616,98.19998168945312,466.39999771118164
1762250988643,96.19998168945312,464.39999771118164
1762250988673,94.19998168945312,461.39999771118164
1762250988703,93.19998168945312,456.39999771118164
1762250988736,90.19998168945312,448.39999771118164
1762250988762,88.19998168945312,444.39999771118164
1762250988799,86.19998168945312,440.39999771118164
1762250988828,86.19998168945312,439.39999771118164
1762250988857,85.19998168945312,437.39999771118164
1762250988884,85.19998168945312,436.39999771118164
1762250988916,85.19998168945312,434.39999771118164
1762250988945,84.19998168945312,430.39999771118164
1762250988974,84.19998168945312,428.39999771118164
1762250989003,84.19998168945312,426.39999771118164
1762250989032,83.19998168945312,425.39999771118164
1762250989060,83.19998168945312,423.39999771118164
1762250989091,82.19998168945312,422.39999771118164
1762250989121,81.19998168945312,419.39999771118164
1762250989166,79.19998168945312,414.39999771118164
1762250989192,79.19998168945312,412.39999771118164
1762250989221,78.19998168945312,411.39999771118164
1762250989322,78.19998168945312,407.39999771118164
1762250989349,78.19998168945312,404.39999771118164
1762250989377,80.19998168945312,399.39999771118164
1762250989405,82.19998168945312,396.39999771118164
1762250989432,82.19998168945312,394.39999771118164
1762250989459,83.19998168945312,394.39999771118164
1762250989486,84.19998168945312,392.39999771118164
1762250989513,84.19998168945312,392.39999771118164
1762250989567,85.19998168945312,391.39999771118164
1762250989618,86.19998168945312,391.39999771118164
1762250989711,86.19998168945312,392.39999771118164
1762250989740,89.19998168945312,395.39999771118164
1762250989775,92.19998168945312,404.39999771118164
1762250989807,101.19998168945312,424.39999771118164
1762250989833,102.19998168945312,429.39999771118164
1762250989863,102.19998168945312,432.39999771118164
1762250989897,104.19998168945312,439.39999771118164
1762250989930,106.19998168945312,464.39999771118164
1762250989958,106.19998168945312,482.39999771118164
1762250989988,104.19998168945312,500.39999771118164
1762250990021,102.19998168945312,520.3999977111816
1762250990057,100.19998168945312,535.3999977111816
1762250990084,99.19998168945312,540.3999977111816
1762250990115,98.19998168945312,541.3999977111816
1762250990145,98.19998168945312,544.3999977111816
1762250990185,95.19998168945312,554.3999977111816
1762250990215,94.19998168945312,560.3999977111816
1762250990242,94.19998168945312,563.3999977111816
1762250990271,94.19998168945312,564.3999977111816
1762250990350,94.19998168945312,563.3999977111816
1762250990382,98.19998168945312,552.3999977111816
1762250990411,100.19998168945312,544.3999977111816
1762250990439,100.19998168945312,541.3999977111816
1762250990468,101.19998168945312,532.3999977111816
1762250990496,101.19998168945312,507.39999771118164
1762250990527,100.19998168945312,500.39999771118164
1762250990558,99.19998168945312,496.39999771118164
1762250990587,99.19998168945312,491.39999771118164
1762250990616,99.19998168945312,482.39999771118164
1762250990646,99.19998168945312,480.39999771118164
1762250990676,99.19998168945312,477.39999771118164
1762250990706,100.19998168945312,472.39999771118164
1762250990740,102.19998168945312,459.39999771118164
1762250990772,103.19998168945312,452.39999771118164
1762250990798,103.19998168945312,450.39999771118164
1762250990828,105.19998168945312,444.39999771118164
1762250990861,106.19998168945312,439.39999771118164
1762250990890,106.19998168945312,437.39999771118164
1762250990921,107.19998168945312,435.39999771118164
1762250990951,107.19998168945312,433.39999771118164
1762250990980,108.19998168945312,433.39999771118164
1762250991008,109.19998168945312,432.39999771118164
1762250991154,109.19998168945312,432.39999771118164
1762250991203,110.19998168945312,423.39999771118164
1762250991233,111.19998168945312,406.39999771118164
1762250991262,111.19998168945312,401.39999771118164
1762250991292,111.19998168945312,399.39999771118164
1762250991320,111.19998168945312,397.39999771118164
1762250991353,110.19998168945312,394.39999771118164
1762250991383,110.19998168945312,390.39999771118164
1762250991413,109.19998168945312,388.39999771118164
1762250991442,109.19998168945312,387.39999771118164
1762250991471,108.19998168945312,386.39999771118164
1762250991502,107.19998168945312,386.39999771118164
1762250991530,106.19998168945312,386.39999771118164
1762250991562,106.19998168945312,389.39999771118164
1762250991593,105.19998168945312,392.39999771118164
1762250991628,102.19998168945312,398.39999771118164
1762250991655,102.19998168945312,403.39999771118164
1762250991684,102.19998168945312,405.39999771118164
1762250991714,101.19998168945312,408.39999771118164
1762250991749,100.19998168945312,408.39999771118164
1762250991780,100.19998168945312,409.39999771118164
1762250991814,98.19998168945312,411.39999771118164
1762250991850,98.19998168945312,410.39999771118164
1762250991878,96.19998168945312,408.39999771118164
1762250991911,94.19998168945312,404.39999771118164
1762250991946,94.19998168945312,403.39999771118164
1762250991975,94.19998168945312,404.39999771118164
1762250992013,93.19998168945312,421.39999771118164
1762250992042,93.19998168945312,451.39999771118164
1762250992072,93.19998168945312,456.39999771118164
1762250992102,93.19998168945312,457.39999771118164
1762250992131,93.19998168945312,458.39999771118164
1762250992174,93.19998168945312,457.39999771118164
1762250992216,93.19998168945312,452.39999771118164
1762250992243,93.19998168945312,447.39999771118164
1762250992273,94.19998168945312,422.39999771118164
1762250992303,94.19998168945312,413.39999771118164
1762250992335,94.19998168945312,411.39999771118164
1762250992363,94.19998168945312,410.39999771118164
1762250992393,94.19998168945312,409.39999771118164
1762250992425,94.19998168945312,408.39999771118164
1762250992455,94.19998168945312,408.39999771118164
1762250993685,140.19998168945312,528.3999977111816
1762250993914,138.19998168945312,528.3999977111816
1762250993947,134.19998168945312,527.3999977111816
1762250993975,131.19998168945312,527.3999977111816
1762250994005,130.19998168945312,527.3999977111816
1762250994033,128.19998168945312,527.3999977111816
1762250994062,127.19998168945312,527.3999977111816
1762250994091,126.19998168945312,527.3999977111816
1762250994120,126.19998168945312,527.3999977111816
1762250994235,126.19998168945312,527.3999977111816
1762250994284,131.19998168945312,527.3999977111816
1762250994312,138.19998168945312,528.3999977111816
1762250994342,141.19998168945312,528.3999977111816
1762250994371,142.19998168945312,529.3999977111816
1762250994400,142.19998168945312,529.3999977111816
1762250994509,142.19998168945312,529.3999977111816
1762250994550,140.19998168945312,529.3999977111816
1762250994583,139.19998168945312,529.3999977111816
1762250994611,137.19998168945312,528.3999977111816
1762250994640,135.19998168945312,527.3999977111816
1762250994669,134.19998168945312,526.3999977111816
1762250994699,133.19998168945312,524.3999977111816
1762250994731,131.19998168945312,520.3999977111816
1762250994770,130.19998168945312,515.3999977111816
1762250994806,130.19998168945312,513.3999977111816
1762250994839,130.19998168945312,510.39999771118164
1762250994869,130.19998168945312,508.39999771118164
1762250994899,130.19998168945312,506.39999771118164
1762250994929,130.19998168945312,504.39999771118164
1762250994959,129.19998168945312,503.39999771118164
1762250994993,129.19998168945312,496.39999771118164
1762250995022,127.19998168945312,491.39999771118164
1762250995053,126.19998168945312,488.39999771118164
1762250995086,126.19998168945312,486.39999771118164
1762250995113,126.19998168945312,484.39999771118164
1762250995143,126.19998168945312,483.39999771118164
1762250995172,126.19998168945312,482.39999771118164
1762250995201,127.19998168945312,482.39999771118164
1762250995284,128.19998168945312,482.39999771118164
1762250995322,128.19998168945312,484.39999771118164
1762250995359,129.19998168945312,488.39999771118164
1762250995391,129.19998168945312,492.39999771118164
1762250995424,129.19998168945312,494.39999771118164
1762250995455,129.19998168945312,496.39999771118164
1762250995484,129.19998168945312,498.39999771118164
1762250995515,129.19998168945312,500.39999771118164
1762250995544,129.19998168945312,502.39999771118164
1762250995574,129.19998168945312,504.39999771118164
1762250995602,129.19998168945312,507.39999771118164
1762250995630,129.19998168945312,510.39999771118164
1762250995657,129.19998168945312,512.3999977111816
1762250995686,129.19998168945312,513.3999977111816
1762250995714,129.19998168945312,514.3999977111816
1762250995742,130.19998168945312,515.3999977111816
1762250995774,131.19998168945312,516.3999977111816
1762250995812,133.19998168945312,518.3999977111816
1762250995854,135.19998168945312,520.3999977111816
1762250995895,139.19998168945312,522.3999977111816
1762250995925,140.19998168945312,523.3999977111816
1762250995953,142.19998168945312,524.3999977111816
1762250995982,143.19998168945312,524.3999977111816
1762250996008,145.19998168945312,524.3999977111816
1762250996048,146.19998168945312,524.3999977111816
1762250996100,146.19998168945312,524.3999977111816
1762250996219,146.19998168945312,524.3999977111816
1762250996250,143.19998168945312,520.3999977111816
1762250996280,142.19998168945312,518.3999977111816
1762250996310,141.19998168945312,516.3999977111816
1762250996353,138.19998168945312,510.39999771118164
1762250996384,136.19998168945312,508.39999771118164
1762250996415,134.19998168945312,504.39999771118164
1762250996445,134.19998168945312,499.39999771118164
1762250996476,133.19998168945312,496.39999771118164
1762250996507,132.19998168945312,494.39999771118164
1762250996538,132.19998168945312,488.39999771118164
1762250996568,132.19998168945312,484.39999771118164
1762250996601,132.19998168945312,481.39999771118164
1762250996633,133.19998168945312,479.39999771118164
1762250996671,135.19998168945312,472.39999771118164
1762250996700,135.19998168945312,470.39999771118164
1762250996731,136.19998168945312,468.39999771118164
1762250996761,137.19998168945312,467.39999771118164
1762250996791,137.19998168945312,464.39999771118164
1762250996825,138.19998168945312,462.39999771118164
1762250996855,138.19998168945312,460.39999771118164
1762250996885,138.19998168945312,459.39999771118164
1762250996913,138.19998168945312,458.39999771118164
1762250996948,138.19998168945312,456.39999771118164
1762250996981,139.19998168945312,453.39999771118164
1762250997011,140.19998168945312,450.39999771118164
1762250997046,142.19998168945312,442.39999771118164
1762250997075,142.19998168945312,440.39999771118164
1762250997121,142.19998168945312,436.39999771118164
1762250997155,142.19998168945312,434.39999771118164
1762250997184,142.19998168945312,433.39999771118164
1762250997213,142.19998168945312,432.39999771118164
1762250997243,142.19998168945312,430.39999771118164
1762250997274,142.19998168945312,428.39999771118164
1762250997304,142.19998168945312,425.39999771118164
1762250997333,142.19998168945312,424.39999771118164
1762250997372,142.19998168945312,422.39999771118164
1762250997399,142.19998168945312,420.39999771118164
1762250997428,142.19998168945312,419.39999771118164
1762250997459,142.19998168945312,414.39999771118164
1762250997495,142.19998168945312,405.39999771118164
1762250997523,142.19998168945312,401.39999771118164
1762250997628,141.19998168945312,395.39999771118164
1762250997700,141.19998168945312,394.39999771118164
1762250997734,139.19998168945312,394.39999771118164
1762250997763,138.19998168945312,394.39999771118164
1762250997793,137.19998168945312,395.39999771118164
1762250997829,135.19998168945312,396.39999771118164
1762250997859,134.19998168945312,398.39999771118164
1762250997889,134.19998168945312,399.39999771118164
1762250997918,134.19998168945312,401.39999771118164
1762250997951,133.19998168945312,404.39999771118164
1762250997982,133.19998168945312,406.39999771118164
1762250998012,133.19998168945312,408.39999771118164
1762250998044,133.19998168945312,414.39999771118164
1762250998075,133.19998168945312,417.39999771118164
1762250998108,133.19998168945312,423.39999771118164
1762250998143,133.19998168945312,428.39999771118164
1762250998176,133.19998168945312,433.39999771118164
1762250998212,133.19998168945312,440.39999771118164
1762250998241,133.19998168945312,444.39999771118164
1762250998271,133.19998168945312,448.39999771118164
1762250998306,133.19998168945312,452.39999771118164
1762250998345,133.19998168945312,462.39999771118164
1762250998384,133.19998168945312,467.39999771118164
1762250998410,133.19998168945312,470.39999771118164
1762250998440,133.19998168945312,472.39999771118164
1762250998471,133.19998168945312,480.39999771118164
1762250998501,133.19998168945312,483.39999771118164
1762250998532,133.19998168945312,486.39999771118164
1762250998562,133.19998168945312,491.39999771118164
1762250998589,133.19998168945312,493.39999771118164
1762250998616,133.19998168945312,496.39999771118164
1762250998643,133.19998168945312,499.39999771118164
1762250998674,132.19998168945312,504.39999771118164
1762250998703,132.19998168945312,507.39999771118164
1762250998730,131.19998168945312,509.39999771118164
1762250998756,130.19998168945312,512.3999977111816
1762250998785,129.19998168945312,515.3999977111816
1762250998816,128.19998168945312,517.3999977111816
1762250998843,128.19998168945312,519.3999977111816
1762250998871,128.19998168945312,520.3999977111816
1762250998916,128.19998168945312,518.3999977111816
1762250998949,127.19998168945312,511.39999771118164
1762250998980,127.19998168945312,500.39999771118164
1762250999011,128.19998168945312,488.39999771118164
1762250999042,129.19998168945312,482.39999771118164
1762250999073,130.19998168945312,474.39999771118164
1762250999103,130.19998168945312,471.39999771118164
1762250999132,131.19998168945312,468.39999771118164
1762250999162,132.19998168945312,467.39999771118164
1762250999194,132.19998168945312,462.39999771118164
1762250999224,133.19998168945312,460.39999771118164
1762250999253,134.19998168945312,458.39999771118164
1762250999282,134.19998168945312,456.39999771118164
1762250999309,134.19998168945312,453.39999771118164
1762250999339,134.19998168945312,452.39999771118164
1762250999369,135.19998168945312,450.39999771118164
1762250999416,137.19998168945312,444.39999771118164
1762250999445,138.19998168945312,437.39999771118164
1762250999477,141.19998168945312,433.39999771118164
1762250999504,141.19998168945312,431.39999771118164
1762250999533,141.19998168945312,429.39999771118164
1762250999561,142.19998168945312,428.39999771118164
1762250999590,142.19998168945312,426.39999771118164
1762250999618,142.19998168945312,424.39999771118164
1762250999646,144.19998168945312,422.39999771118164
1762250999674,145.19998168945312,420.39999771118164
1762250999703,145.19998168945312,418.39999771118164
1762250999732,145.19998168945312,417.39999771118164
1762250999760,144.19998168945312,416.39999771118164
1762250999788,143.19998168945312,416.39999771118164
1762250999816,142.19998168945312,415.39999771118164
1762250999843,142.19998168945312,414.39999771118164
1762250999870,141.19998168945312,412.39999771118164
1762250999899,140.19998168945312,412.39999771118164
1762250999928,139.19998168945312,412.39999771118164
1762250999960,138.19998168945312,411.39999771118164
1762250999990,138.19998168945312,411.39999771118164
1762251000019,136.19998168945312,411.39999771118164
1762251000052,134.19998168945312,411.39999771118164
1762251000089,134.19998168945312,410.39999771118164
1762251000119,132.19998168945312,410.39999771118164
1762251000148,130.19998168945312,409.39999771118164
1762251000177,130.19998168945312,408.39999771118164
1762251000204,128.19998168945312,408.39999771118164
1762251000232,127.19998168945312,408.39999771118164
1762251000260,127.19998168945312,407.39999771118164
1762251000289,126.19998168945312,406.39999771118164
1762251000384,126.19998168945312,407.39999771118164
1762251000437,126.19998168945312,415.39999771118164
1762251000470,126.19998168945312,419.39999771118164
1762251000506,126.19998168945312,421.39999771118164
1762251000538,126.19998168945312,424.39999771118164
1762251000569,126.19998168945312,428.39999771118164
1762251000599,126.19998168945312,433.39999771118164
1762251000629,127.19998168945312,437.39999771118164
1762251000658,128.19998168945312,440.39999771118164
1762251000685,128.19998168945312,444.39999771118164
1762251000712,128.19998168945312,446.39999771118164
1762251000742,130.19998168945312,448.39999771118164
1762251000771,130.19998168945312,449.39999771118164
1762251000800,130.19998168945312,449.39999771118164
1762251000832,133.19998168945312,448.39999771118164
1762251000863,138.19998168945312,442.39999771118164
1762251000893,143.19998168945312,432.39999771118164
1762251000923,146.19998168945312,424.39999771118164
1762251000953,149.19998168945312,421.39999771118164
1762251000985,150.19998168945312,419.39999771118164
1762251001017,150.19998168945312,416.39999771118164
1762251001047,151.19998168945312,414.39999771118164
1762251001077,152.19998168945312,412.39999771118164
1762251001109,152.19998168945312,411.39999771118164
1762251001139,152.19998168945312,409.39999771118164
1762251001172,152.19998168945312,408.39999771118164
1762251001205,152.19998168945312,408.39999771118164
-1,-1,-1
1762250906715,,
1762250934995,,
1762250940621,,
1762250987909,,
1762250993685,,
-1,-1,-1
1762250933232,,
1762250938322,,
1762250986269,,
1762250992575,,
1762251001222,,
